job_id,assigned_cluster,start_hour,end_hour,start_slot,end_slot,duration,duration_h,power,gpus,gpu_count_required,gpu_type_required,cpu_required,memory_required_gb,slot_minutes
synthetic_00001,cluster_a10,76,77,76,77,1,0.25,0.00015,1,1,,3.152,5.46875,15
synthetic_00002,cluster_p100,13,20,13,20,7,1.75,0.00025,1,1,,11.908,46.0,15
synthetic_00003,cluster_a10,67,74,67,74,7,1.75,0.00015,1,1,,4.0,29.8017578125,15
synthetic_00004,cluster_g2,49,50,49,50,1,0.25,0.00035,1,1,,18.708,63.0,15
synthetic_00005,cluster_t4,13,14,13,14,1,0.25,7e-05,1,1,T4,3.152,5.46875,15
synthetic_00006,cluster_g2,48,50,48,50,2,0.5,0.00035,1,1,G2,18.708,63.0,15
synthetic_00007,cluster_v100m32,12,16,12,16,4,1.0,0.00025,1,1,,8.0,29.8017578125,15
synthetic_00008,cluster_v100m32,32,38,32,38,6,1.5,0.00025,1,1,,4.0,14.900390625,15
synthetic_00009,cluster_v100m16,85,86,85,86,1,0.25,0.00025,1,1,,18.708,63.0,15
synthetic_00010,cluster_t4,25,29,25,29,4,1.0,7e-05,1,1,,18.708,63.0,15
synthetic_00011,cluster_t4,41,42,41,42,1,0.25,7e-05,1,1,T4,1.0,2.0,15
synthetic_00012,cluster_t4,19,21,19,21,2,0.5,7e-05,1,1,T4,9.81,40.5859375,15
synthetic_00013,cluster_a10,16,17,16,17,1,0.25,0.00015,1,1,,3.152,5.46875,15
synthetic_00014,cluster_g3,84,88,84,88,4,1.0,0.00035,1,1,,11.908,46.0,15
synthetic_00015,cluster_a10,29,30,29,30,1,0.25,0.00015,1,1,,9.81,40.5859375,15
synthetic_00016,cluster_v100m16,66,67,66,67,1,0.25,0.00025,1,1,,3.152,5.46875,15
synthetic_00017,cluster_v100m16,7,8,7,8,1,0.25,0.00025,1,1,,4.0,29.8017578125,15
synthetic_00018,cluster_g3,8,9,8,9,1,0.25,0.00035,1,1,,11.4,47.0,15
synthetic_00019,cluster_t4,80,81,80,81,1,0.25,7e-05,1,1,T4,3.152,5.46875,15
synthetic_00020,cluster_v100m16,94,95,94,95,1,0.25,0.00025,1,1,,14.2,57.0,15
synthetic_00021,cluster_t4,82,84,82,84,2,0.5,7e-05,1,1,T4,14.2,57.0,15
synthetic_00022,cluster_g2,50,51,50,51,1,0.25,0.00035,1,1,G2,11.3,48.0,15
synthetic_00023,cluster_g3,28,29,28,29,1,0.25,0.00035,1,1,,18.708,63.0,15
synthetic_00024,cluster_t4,81,82,81,82,1,0.25,7e-05,1,1,T4,11.4,47.0,15
synthetic_00025,cluster_t4,24,26,24,26,2,0.5,7e-05,1,1,T4,3.152,5.46875,15
synthetic_00026,cluster_p100,88,90,88,90,2,0.5,0.00025,1,1,G2|P100|T4|V100M16|V100M32,4.0,14.900390625,15
synthetic_00027,cluster_v100m32,3,6,3,6,3,0.75,0.00025,1,1,,24.2,91.0,15
synthetic_00028,cluster_g3,23,24,23,24,1,0.25,0.00035,1,1,G3,11.908,46.0,15
synthetic_00029,cluster_t4,52,53,52,53,1,0.25,7e-05,1,1,T4,11.908,46.0,15
synthetic_00030,cluster_v100m16,54,55,54,55,1,0.25,0.00025,1,1,,11.908,46.0,15
synthetic_00031,cluster_t4,14,28,14,28,14,3.5,7e-05,1,1,T4,16.0,64.0,15
synthetic_00032,cluster_t4,84,86,84,86,2,0.5,7e-05,1,1,,11.908,46.0,15
synthetic_00033,cluster_g3,61,62,61,62,1,0.25,0.00035,1,1,,12.0,15.0,15
synthetic_00034,cluster_t4,92,93,92,93,1,0.25,7e-05,1,1,T4,11.908,46.0,15
synthetic_00035,cluster_t4,78,85,78,85,7,1.75,7e-05,1,1,,11.908,46.0,15
synthetic_00036,cluster_p100,49,51,49,51,2,0.5,0.00025,1,1,,16.0,32.0,15
synthetic_00037,cluster_a10,3,4,3,4,1,0.25,0.00015,1,1,,3.152,5.46875,15
synthetic_00038,cluster_t4,15,17,15,17,2,0.5,7e-05,1,1,,4.0,29.8017578125,15
synthetic_00039,cluster_g2,8,9,8,9,1,0.25,0.00035,1,1,G2,11.4,47.0,15
synthetic_00040,cluster_a10,87,88,87,88,1,0.25,0.00015,1,1,,3.152,5.46875,15
synthetic_00041,cluster_p100,65,66,65,66,1,0.25,0.00025,1,1,,3.152,5.46875,15
synthetic_00042,cluster_v100m16,5,21,5,21,16,4.0,0.00025,1,1,,12.0,15.0,15
synthetic_00043,cluster_g2,73,74,73,74,1,0.25,0.00035,1,1,,11.4,47.0,15
synthetic_00044,cluster_t4,66,71,66,71,5,1.25,7e-05,1,1,,4.0,29.8017578125,15
synthetic_00045,cluster_g2,6,21,6,21,15,3.75,0.00035,1,1,,11.908,46.0,15
synthetic_00046,cluster_a10,37,38,37,38,1,0.25,0.00015,1,1,,3.152,5.46875,15
synthetic_00047,cluster_t4,62,66,62,66,4,1.0,7e-05,1,1,,11.4,47.0,15
synthetic_00048,cluster_t4,28,30,28,30,2,0.5,7e-05,1,1,T4,11.908,46.0,15
synthetic_00049,cluster_t4,12,13,12,13,1,0.25,7e-05,1,1,T4,11.4,47.0,15
synthetic_00050,cluster_p100,61,66,61,66,5,1.25,0.00025,1,1,,15.2,79.0,15
synthetic_00051,cluster_v100m32,17,19,17,19,2,0.5,0.00025,1,1,,11.4,47.0,15
synthetic_00052,cluster_v100m32,2,4,2,4,2,0.5,0.00025,1,1,V100M16|V100M32,11.4,47.0,15
synthetic_00053,cluster_t4,73,76,73,76,3,0.75,7e-05,1,1,T4,11.3,48.0,15
synthetic_00054,cluster_v100m16,9,10,9,10,1,0.25,0.00025,1,1,,3.152,5.46875,15
synthetic_00055,cluster_p100,71,72,71,72,1,0.25,0.00025,1,1,,11.4,47.0,15
synthetic_00056,cluster_v100m32,14,15,14,15,1,0.25,0.00025,1,1,,11.3,48.0,15
synthetic_00057,cluster_a10,75,76,75,76,1,0.25,0.00015,1,1,,11.4,47.0,15
synthetic_00058,cluster_t4,5,7,5,7,2,0.5,7e-05,1,1,T4,11.908,46.0,15
synthetic_00059,cluster_t4,62,63,62,63,1,0.25,7e-05,1,1,,3.152,5.46875,15
synthetic_00060,cluster_t4,50,51,50,51,1,0.25,7e-05,1,1,T4,3.152,5.46875,15
synthetic_00061,cluster_t4,83,85,83,85,2,0.5,7e-05,1,1,T4,11.4,47.0,15
synthetic_00062,cluster_v100m16,40,43,40,43,3,0.75,0.00025,1,1,P100|V100M16|V100M32,11.4,47.0,15
synthetic_00063,cluster_t4,17,19,17,19,2,0.5,7e-05,1,1,,11.908,46.0,15
synthetic_00064,cluster_p100,11,12,11,12,1,0.25,0.00025,1,1,P100,3.152,5.46875,15
synthetic_00065,cluster_g3,16,17,16,17,1,0.25,0.00035,1,1,,3.152,5.46875,15
synthetic_00066,cluster_p100,12,13,12,13,1,0.25,0.00025,1,1,,11.3,48.0,15
synthetic_00067,cluster_g2,51,52,51,52,1,0.25,0.00035,1,1,,3.152,5.46875,15
synthetic_00068,cluster_g2,17,29,17,29,12,3.0,0.00035,1,1,G2,11.3,37.0,15
synthetic_00069,cluster_g3,28,29,28,29,1,0.25,0.00035,1,1,,3.152,5.46875,15
synthetic_00070,cluster_v100m16,41,43,41,43,2,0.5,0.00025,1,1,P100|T4|V100M16|V100M32,11.3,48.0,15
synthetic_00071,cluster_v100m32,80,81,80,81,1,0.25,0.00025,1,1,,11.908,46.0,15
synthetic_00072,cluster_v100m16,48,49,48,49,1,0.25,0.00025,1,1,,8.0,29.8017578125,15
synthetic_00073,cluster_g3,20,22,20,22,2,0.5,0.00035,1,1,G3,16.0,32.0,15
synthetic_00074,cluster_t4,83,84,83,84,1,0.25,7e-05,1,1,,11.3,48.0,15
synthetic_00075,cluster_v100m32,74,86,74,86,12,3.0,0.00025,1,1,P100|T4|V100M16|V100M32,18.708,63.0,15
synthetic_00076,cluster_v100m32,32,34,32,34,2,0.5,0.00025,1,1,,11.908,46.0,15
synthetic_00077,cluster_v100m32,35,36,35,36,1,0.25,0.00025,1,1,P100|V100M16|V100M32,24.2,91.0,15
synthetic_00078,cluster_a10,5,6,5,6,1,0.25,0.00015,1,1,,11.908,46.0,15
synthetic_00079,cluster_t4,43,44,43,44,1,0.25,7e-05,1,1,T4,11.3,48.0,15
synthetic_00080,cluster_a10,83,84,83,84,1,0.25,0.00015,1,1,,3.152,5.46875,15
synthetic_00081,cluster_t4,5,6,5,6,1,0.25,7e-05,1,1,,3.152,5.46875,15
synthetic_00082,cluster_a10,69,70,69,70,1,0.25,0.00015,1,1,,3.152,5.46875,15
synthetic_00083,cluster_p100,7,8,7,8,1,0.25,0.00025,1,1,,24.2,91.0,15
synthetic_00084,cluster_t4,23,24,23,24,1,0.25,7e-05,1,1,T4,3.152,5.46875,15
synthetic_00085,cluster_t4,46,47,46,47,1,0.25,7e-05,1,1,,11.3,48.0,15
synthetic_00086,cluster_t4,50,57,50,57,7,1.75,7e-05,1,1,,11.908,46.0,15
synthetic_00087,cluster_p100,37,38,37,38,1,0.25,0.00025,1,1,,3.152,5.46875,15
synthetic_00088,cluster_v100m32,49,50,49,50,1,0.25,0.00025,1,1,,3.152,5.46875,15
synthetic_00089,cluster_v100m16,45,47,45,47,2,0.5,0.00025,1,1,,24.2,91.0,15
synthetic_00090,cluster_g2,38,39,38,39,1,0.25,0.00035,1,1,G2,11.3,48.0,15
synthetic_00091,cluster_g2,1,2,1,2,1,0.25,0.00035,1,1,,8.0,29.8017578125,15
synthetic_00092,cluster_g2,49,50,49,50,1,0.25,0.00035,1,1,G2,11.3,48.0,15
synthetic_00093,cluster_p100,15,16,15,16,1,0.25,0.00025,1,1,,14.2,57.0,15
synthetic_00094,cluster_t4,49,52,49,52,3,0.75,7e-05,1,1,T4,9.81,40.5859375,15
synthetic_00095,cluster_v100m16,23,24,23,24,1,0.25,0.00025,1,1,,8.0,29.8017578125,15
synthetic_00096,cluster_a10,21,22,21,22,1,0.25,0.00015,1,1,,8.0,29.8017578125,15
synthetic_00097,cluster_t4,35,36,35,36,1,0.25,7e-05,1,1,T4,8.0,29.8017578125,15
synthetic_00098,cluster_v100m32,17,28,17,28,11,2.75,0.00025,1,1,,4.0,22.3515625,15
synthetic_00099,cluster_t4,68,69,68,69,1,0.25,7e-05,1,1,T4,11.3,48.0,15
synthetic_00100,cluster_t4,79,81,79,81,2,0.5,7e-05,1,1,T4,11.4,47.0,15
synthetic_00101,cluster_t4,33,40,33,40,7,1.75,7e-05,1,1,T4,4.0,22.3515625,15
synthetic_00102,cluster_v100m16,34,35,34,35,1,0.25,0.00025,1,1,,3.152,5.46875,15
synthetic_00103,cluster_g2,12,13,12,13,1,0.25,0.00035,1,1,,3.152,5.46875,15
synthetic_00104,cluster_g2,78,79,78,79,1,0.25,0.00035,1,1,,11.3,48.0,15
synthetic_00105,cluster_a10,93,94,93,94,1,0.25,0.00015,1,1,,9.81,40.5859375,15
synthetic_00106,cluster_a10,42,43,42,43,1,0.25,0.00015,1,1,,12.0,16.0,15
synthetic_00107,cluster_a10,18,21,18,21,3,0.75,0.00015,1,1,,11.908,46.0,15
synthetic_00108,cluster_g3,34,35,34,35,1,0.25,0.00035,1,1,G3,12.0,24.0,15
synthetic_00109,cluster_a10,28,29,28,29,1,0.25,0.00015,1,1,,3.152,5.46875,15
synthetic_00110,cluster_a10,55,56,55,56,1,0.25,0.00015,1,1,,4.0,22.3515625,15
synthetic_00111,cluster_v100m32,11,12,11,12,1,0.25,0.00025,1,1,,3.152,5.46875,15
synthetic_00112,cluster_g2,28,33,28,33,5,1.25,0.00035,1,1,G2,8.2,33.0,15
synthetic_00113,cluster_g3,60,61,60,61,1,0.25,0.00035,1,1,,11.3,48.0,15
synthetic_00114,cluster_t4,17,18,17,18,1,0.25,7e-05,1,1,T4,4.0,29.8017578125,15
synthetic_00115,cluster_t4,23,24,23,24,1,0.25,7e-05,1,1,T4,18.708,63.0,15
synthetic_00116,cluster_v100m16,28,29,28,29,1,0.25,0.00025,1,1,,11.908,46.0,15
synthetic_00117,cluster_v100m16,54,64,54,64,10,2.5,0.00025,1,1,,4.0,14.900390625,15
synthetic_00118,cluster_g2,9,10,9,10,1,0.25,0.00035,1,1,G2,3.152,5.46875,15
synthetic_00119,cluster_t4,3,4,3,4,1,0.25,7e-05,1,1,T4,3.152,5.46875,15
synthetic_00120,cluster_g2,80,84,80,84,4,1.0,0.00035,1,1,G2,16.0,32.0,15
synthetic_00121,cluster_a10,64,66,64,66,2,0.5,0.00015,1,1,,4.0,14.900390625,15
synthetic_00122,cluster_t4,32,33,32,33,1,0.25,7e-05,1,1,,3.152,5.46875,15
synthetic_00123,cluster_v100m32,81,82,81,82,1,0.25,0.00025,1,1,,11.3,48.0,15
synthetic_00124,cluster_v100m32,63,64,63,64,1,0.25,0.00025,1,1,,15.2,79.0,15
synthetic_00125,cluster_p100,40,48,40,48,8,2.0,0.00025,1,1,,11.4,47.0,15
synthetic_00126,cluster_t4,83,85,83,85,2,0.5,7e-05,1,1,T4,3.152,5.46875,15
synthetic_00127,cluster_t4,21,22,21,22,1,0.25,7e-05,1,1,,1.0,2.0,15
synthetic_00128,cluster_t4,25,26,25,26,1,0.25,7e-05,1,1,T4,4.0,14.900390625,15
synthetic_00129,cluster_v100m32,30,32,30,32,2,0.5,0.00025,1,1,,3.152,5.46875,15
synthetic_00130,cluster_p100,86,88,86,88,2,0.5,0.00025,1,1,,12.0,32.0,15
synthetic_00131,cluster_t4,81,96,81,96,15,3.75,7e-05,1,1,T4,11.4,47.0,15
synthetic_00132,cluster_v100m32,24,25,24,25,1,0.25,0.00025,1,1,,11.4,47.0,15
synthetic_00133,cluster_t4,29,31,29,31,2,0.5,7e-05,1,1,T4,11.4,47.0,15
synthetic_00134,cluster_v100m32,61,62,61,62,1,0.25,0.00025,1,1,,15.7,57.0,15
synthetic_00135,cluster_t4,68,70,68,70,2,0.5,7e-05,1,1,T4,8.2,33.0,15
synthetic_00136,cluster_p100,43,44,43,44,1,0.25,0.00025,1,1,,11.3,48.0,15
synthetic_00137,cluster_a10,10,12,10,12,2,0.5,0.00015,1,1,,6.0,6.0,15
synthetic_00138,cluster_p100,79,80,79,80,1,0.25,0.00025,1,1,P100,11.908,46.0,15
synthetic_00139,cluster_v100m16,86,87,86,87,1,0.25,0.00025,1,1,,11.4,76.0,15
synthetic_00140,cluster_g2,4,5,4,5,1,0.25,0.00035,1,1,,11.4,47.0,15
synthetic_00141,cluster_a10,14,17,14,17,3,0.75,0.00015,1,1,,11.4,47.0,15
synthetic_00142,cluster_g3,68,72,68,72,4,1.0,0.00035,1,1,,16.0,32.0,15
synthetic_00143,cluster_t4,36,46,36,46,10,2.5,7e-05,1,1,T4,14.2,57.0,15
synthetic_00144,cluster_p100,9,12,9,12,3,0.75,0.00025,1,1,,9.81,40.5859375,15
synthetic_00145,cluster_g3,49,50,49,50,1,0.25,0.00035,1,1,,11.908,46.0,15
synthetic_00146,cluster_t4,31,32,31,32,1,0.25,7e-05,1,1,,12.0,16.0,15
synthetic_00147,cluster_a10,46,60,46,60,14,3.5,0.00015,1,1,,9.81,40.5859375,15
synthetic_00148,cluster_t4,19,20,19,20,1,0.25,7e-05,1,1,T4,3.152,5.46875,15
synthetic_00149,cluster_v100m32,88,89,88,89,1,0.25,0.00025,1,1,,3.152,5.46875,15
synthetic_00150,cluster_t4,54,59,54,59,5,1.25,7e-05,1,1,,4.0,24.0,15
synthetic_00151,cluster_t4,2,4,2,4,2,0.5,7e-05,1,1,T4,3.152,5.46875,15
synthetic_00152,cluster_g3,84,88,84,88,4,1.0,0.00035,1,1,,11.908,46.0,15
synthetic_00153,cluster_t4,86,87,86,87,1,0.25,7e-05,1,1,T4,3.152,5.46875,15
synthetic_00154,cluster_p100,87,88,87,88,1,0.25,0.00025,1,1,,4.152,10.3515625,15
synthetic_00155,cluster_p100,66,67,66,67,1,0.25,0.00025,1,1,,18.708,63.0,15
synthetic_00156,cluster_t4,90,92,90,92,2,0.5,7e-05,1,1,,11.3,48.0,15
synthetic_00157,cluster_g2,49,50,49,50,1,0.25,0.00035,1,1,,11.3,48.0,15
synthetic_00158,cluster_v100m32,25,36,25,36,11,2.75,0.00025,1,1,,4.0,22.3515625,15
synthetic_00159,cluster_a10,59,60,59,60,1,0.25,0.00015,1,1,,11.4,47.0,15
synthetic_00160,cluster_t4,83,84,83,84,1,0.25,7e-05,1,1,,3.152,5.46875,15
synthetic_00161,cluster_t4,52,53,52,53,1,0.25,7e-05,1,1,,3.152,5.46875,15
synthetic_00162,cluster_g3,50,54,50,54,4,1.0,0.00035,1,1,,12.0,24.0,15
synthetic_00163,cluster_t4,75,77,75,77,2,0.5,7e-05,1,1,T4,9.81,40.5859375,15
synthetic_00164,cluster_v100m32,84,85,84,85,1,0.25,0.00025,1,1,,3.152,5.46875,15
synthetic_00165,cluster_t4,33,34,33,34,1,0.25,7e-05,1,1,T4,11.3,48.0,15
synthetic_00166,cluster_g2,64,66,64,66,2,0.5,0.00035,1,1,,3.152,5.46875,15
synthetic_00167,cluster_t4,34,36,34,36,2,0.5,7e-05,1,1,T4,11.3,48.0,15
synthetic_00168,cluster_v100m32,17,18,17,18,1,0.25,0.00025,1,1,,8.0,29.8017578125,15
synthetic_00169,cluster_v100m32,64,69,64,69,5,1.25,0.00025,1,1,V100M16|V100M32,4.0,24.0,15
synthetic_00170,cluster_t4,59,60,59,60,1,0.25,7e-05,1,1,T4,11.908,46.0,15
synthetic_00171,cluster_g2,68,69,68,69,1,0.25,0.00035,1,1,G2,4.0,24.0,15
synthetic_00172,cluster_v100m32,3,4,3,4,1,0.25,0.00025,1,1,,12.0,16.0,15
synthetic_00173,cluster_v100m32,81,82,81,82,1,0.25,0.00025,1,1,V100M16|V100M32,18.708,63.0,15
synthetic_00174,cluster_a10,86,91,86,91,5,1.25,0.00015,1,1,,12.0,24.0,15
synthetic_00175,cluster_t4,27,28,27,28,1,0.25,7e-05,1,1,,8.0,29.8017578125,15
synthetic_00176,cluster_g2,19,20,19,20,1,0.25,0.00035,1,1,,8.0,29.8017578125,15
synthetic_00177,cluster_g2,0,1,0,1,1,0.25,0.00035,1,1,G2,11.3,48.0,15
synthetic_00178,cluster_v100m16,16,18,16,18,2,0.5,0.00025,1,1,V100M16|V100M32,11.4,47.0,15
synthetic_00179,cluster_p100,28,29,28,29,1,0.25,0.00025,1,1,P100,11.908,46.0,15
synthetic_00180,cluster_p100,58,59,58,59,1,0.25,0.00025,1,1,,12.0,24.0,15
synthetic_00181,cluster_a10,90,91,90,91,1,0.25,0.00015,1,1,,8.0,29.8017578125,15
synthetic_00182,cluster_v100m32,7,10,7,10,3,0.75,0.00025,1,1,V100M16|V100M32,15.7,57.0,15
synthetic_00183,cluster_p100,56,57,56,57,1,0.25,0.00025,1,1,,15.7,57.0,15
synthetic_00184,cluster_g3,9,10,9,10,1,0.25,0.00035,1,1,,3.152,5.46875,15
synthetic_00185,cluster_g3,45,47,45,47,2,0.5,0.00035,1,1,G3,11.3,48.0,15
synthetic_00186,cluster_g2,57,58,57,58,1,0.25,0.00035,1,1,,4.0,14.900390625,15
synthetic_00187,cluster_v100m16,34,35,34,35,1,0.25,0.00025,1,1,,11.4,47.0,15
synthetic_00188,cluster_g2,83,84,83,84,1,0.25,0.00035,1,1,,4.152,10.3515625,15
synthetic_00189,cluster_t4,83,87,83,87,4,1.0,7e-05,1,1,,11.4,47.0,15
synthetic_00190,cluster_p100,58,63,58,63,5,1.25,0.00025,1,1,,4.0,29.8017578125,15
synthetic_00191,cluster_t4,2,5,2,5,3,0.75,7e-05,1,1,T4,11.4,76.0,15
synthetic_00192,cluster_g2,12,13,12,13,1,0.25,0.00035,1,1,,15.2,79.0,15
synthetic_00193,cluster_g3,32,33,32,33,1,0.25,0.00035,1,1,,18.708,63.0,15
synthetic_00194,cluster_t4,68,69,68,69,1,0.25,7e-05,1,1,,3.152,5.46875,15
synthetic_00195,cluster_g3,85,86,85,86,1,0.25,0.00035,1,1,,3.152,5.46875,15
synthetic_00196,cluster_g2,40,42,40,42,2,0.5,0.00035,1,1,G2,4.0,30.517578125,15
synthetic_00197,cluster_p100,36,47,36,47,11,2.75,0.00025,1,1,P100,4.0,22.3515625,15
synthetic_00198,cluster_v100m32,10,11,10,11,1,0.25,0.00025,1,1,,18.708,63.0,15
synthetic_00199,cluster_t4,33,34,33,34,1,0.25,7e-05,1,1,T4,3.152,5.46875,15
synthetic_00200,cluster_p100,88,93,88,93,5,1.25,0.00025,1,1,,16.0,32.0,15
synthetic_00201,cluster_g2,77,83,77,83,6,1.5,0.00035,1,1,,12.0,24.0,15
synthetic_00202,cluster_t4,78,85,78,85,7,1.75,7e-05,1,1,T4,4.0,14.900390625,15
synthetic_00203,cluster_g2,90,91,90,91,1,0.25,0.00035,1,1,,3.152,5.46875,15
synthetic_00204,cluster_a10,35,36,35,36,1,0.25,0.00015,1,1,,3.152,5.46875,15
synthetic_00205,cluster_g2,32,33,32,33,1,0.25,0.00035,1,1,,3.152,5.46875,15
synthetic_00206,cluster_t4,55,57,55,57,2,0.5,7e-05,1,1,T4,16.0,32.0,15
synthetic_00207,cluster_v100m32,26,27,26,27,1,0.25,0.00025,1,1,,3.152,5.46875,15
synthetic_00208,cluster_v100m16,18,19,18,19,1,0.25,0.00025,1,1,,3.152,5.46875,15
synthetic_00209,cluster_g3,42,43,42,43,1,0.25,0.00035,1,1,,3.152,5.46875,15
synthetic_00210,cluster_v100m16,48,49,48,49,1,0.25,0.00025,1,1,,11.4,47.0,15
synthetic_00211,cluster_p100,76,78,76,78,2,0.5,0.00025,1,1,,11.908,46.0,15
synthetic_00212,cluster_g2,85,88,85,88,3,0.75,0.00035,1,1,G2,15.7,57.0,15
synthetic_00213,cluster_t4,25,26,25,26,1,0.25,7e-05,1,1,T4,3.152,5.46875,15
synthetic_00214,cluster_v100m16,33,35,33,35,2,0.5,0.00025,1,1,,3.152,5.46875,15
synthetic_00215,cluster_v100m16,23,24,23,24,1,0.25,0.00025,1,1,,11.908,46.0,15
synthetic_00216,cluster_g2,61,62,61,62,1,0.25,0.00035,1,1,,3.152,5.46875,15
synthetic_00217,cluster_g2,69,70,69,70,1,0.25,0.00035,1,1,,11.3,48.0,15
synthetic_00218,cluster_v100m16,6,7,6,7,1,0.25,0.00025,1,1,,3.152,5.46875,15
synthetic_00219,cluster_t4,54,55,54,55,1,0.25,7e-05,1,1,,3.152,5.46875,15
synthetic_00220,cluster_t4,71,72,71,72,1,0.25,7e-05,1,1,T4,11.3,48.0,15
synthetic_00221,cluster_t4,79,82,79,82,3,0.75,7e-05,1,1,,11.4,47.0,15
synthetic_00222,cluster_p100,78,80,78,80,2,0.5,0.00025,1,1,P100,3.152,5.46875,15
synthetic_00223,cluster_p100,60,61,60,61,1,0.25,0.00025,1,1,,3.152,5.46875,15
synthetic_00224,cluster_v100m16,6,7,6,7,1,0.25,0.00025,1,1,,3.152,5.46875,15
synthetic_00225,cluster_g2,40,41,40,41,1,0.25,0.00035,1,1,,3.152,5.46875,15
synthetic_00226,cluster_v100m16,41,44,41,44,3,0.75,0.00025,1,1,V100M16|V100M32,9.81,40.5859375,15
synthetic_00227,cluster_v100m32,71,72,71,72,1,0.25,0.00025,1,1,,3.152,5.46875,15
synthetic_00228,cluster_p100,45,46,45,46,1,0.25,0.00025,1,1,P100,3.152,5.46875,15
synthetic_00229,cluster_t4,88,89,88,89,1,0.25,7e-05,1,1,,3.152,5.46875,15
synthetic_00230,cluster_t4,80,82,80,82,2,0.5,7e-05,1,1,T4,8.0,16.0,15
synthetic_00231,cluster_p100,84,85,84,85,1,0.25,0.00025,1,1,,8.0,29.8017578125,15
synthetic_00232,cluster_p100,3,4,3,4,1,0.25,0.00025,1,1,,18.708,63.0,15
synthetic_00233,cluster_g3,22,23,22,23,1,0.25,0.00035,1,1,,3.152,5.46875,15
synthetic_00234,cluster_p100,74,76,74,76,2,0.5,0.00025,1,1,,4.0,14.900390625,15
synthetic_00235,cluster_v100m32,60,62,60,62,2,0.5,0.00025,1,1,P100|T4|V100M16|V100M32,11.4,47.0,15
synthetic_00236,cluster_p100,62,64,62,64,2,0.5,0.00025,1,1,,16.0,32.0,15
synthetic_00237,cluster_t4,11,16,11,16,5,1.25,7e-05,1,1,,11.3,48.0,15
synthetic_00238,cluster_t4,91,93,91,93,2,0.5,7e-05,1,1,,6.0,12.0,15
synthetic_00239,cluster_g3,74,77,74,77,3,0.75,0.00035,1,1,G3,11.4,47.0,15
synthetic_00240,cluster_v100m32,22,23,22,23,1,0.25,0.00025,1,1,P100|V100M16|V100M32,4.0,24.0,15
synthetic_00241,cluster_t4,84,86,84,86,2,0.5,7e-05,1,1,,11.908,46.0,15
synthetic_00242,cluster_a10,56,57,56,57,1,0.25,0.00015,1,1,,9.81,40.5859375,15
synthetic_00243,cluster_g2,14,15,14,15,1,0.25,0.00035,1,1,,8.0,29.8017578125,15
synthetic_00244,cluster_v100m32,57,59,57,59,2,0.5,0.00025,1,1,V100M16|V100M32,15.7,57.0,15
synthetic_00245,cluster_a10,61,62,61,62,1,0.25,0.00015,1,1,,1.0,2.0,15
synthetic_00246,cluster_g3,24,25,24,25,1,0.25,0.00035,1,1,G3,9.81,40.5859375,15
synthetic_00247,cluster_g3,47,48,47,48,1,0.25,0.00035,1,1,G3,3.152,5.46875,15
synthetic_00248,cluster_p100,61,67,61,67,6,1.5,0.00025,1,1,,15.7,57.0,15
synthetic_00249,cluster_t4,37,38,37,38,1,0.25,7e-05,1,1,T4,9.81,40.5859375,15
synthetic_00250,cluster_v100m16,90,91,90,91,1,0.25,0.00025,1,1,V100M16|V100M32,11.3,48.0,15
synthetic_00251,cluster_a10,51,52,51,52,1,0.25,0.00015,1,1,,11.4,47.0,15
synthetic_00252,cluster_a10,44,45,44,45,1,0.25,0.00015,1,1,,3.152,5.46875,15
synthetic_00253,cluster_t4,75,76,75,76,1,0.25,7e-05,1,1,T4,9.81,40.5859375,15
synthetic_00254,cluster_p100,62,63,62,63,1,0.25,0.00025,1,1,,9.81,40.5859375,15
synthetic_00255,cluster_t4,91,92,91,92,1,0.25,7e-05,1,1,,11.3,48.0,15
synthetic_00256,cluster_t4,49,50,49,50,1,0.25,7e-05,1,1,,4.152,10.3515625,15
synthetic_00257,cluster_v100m32,73,74,73,74,1,0.25,0.00025,1,1,,3.152,5.46875,15
synthetic_00258,cluster_a10,88,89,88,89,1,0.25,0.00015,1,1,,3.152,5.46875,15
synthetic_00259,cluster_v100m32,29,30,29,30,1,0.25,0.00025,1,1,,3.152,5.46875,15
synthetic_00260,cluster_v100m32,14,15,14,15,1,0.25,0.00025,1,1,,11.908,46.0,15
synthetic_00261,cluster_t4,88,94,88,94,6,1.5,7e-05,1,1,T4,4.0,22.3515625,15
synthetic_00262,cluster_g2,75,79,75,79,4,1.0,0.00035,1,1,,11.4,47.0,15
synthetic_00263,cluster_p100,28,36,28,36,8,2.0,0.00025,1,1,,16.0,32.0,15
synthetic_00264,cluster_t4,69,71,69,71,2,0.5,7e-05,1,1,,8.0,29.8017578125,15
synthetic_00265,cluster_t4,41,42,41,42,1,0.25,7e-05,1,1,T4,4.152,10.3515625,15
synthetic_00266,cluster_v100m32,72,74,72,74,2,0.5,0.00025,1,1,,3.152,5.46875,15
synthetic_00267,cluster_v100m32,47,53,47,53,6,1.5,0.00025,1,1,,8.0,16.0,15
synthetic_00268,cluster_t4,50,55,50,55,5,1.25,7e-05,1,1,,4.0,14.900390625,15
synthetic_00269,cluster_g2,88,89,88,89,1,0.25,0.00035,1,1,,3.152,5.46875,15
synthetic_00270,cluster_v100m32,22,34,22,34,12,3.0,0.00025,1,1,,4.0,22.3515625,15
synthetic_00271,cluster_v100m16,67,68,67,68,1,0.25,0.00025,1,1,,3.152,5.46875,15
synthetic_00272,cluster_t4,29,40,29,40,11,2.75,7e-05,1,1,,4.0,22.3515625,15
synthetic_00273,cluster_g3,47,60,47,60,13,3.25,0.00035,1,1,,4.0,22.3515625,15
synthetic_00274,cluster_g2,38,40,38,40,2,0.5,0.00035,1,1,G2,11.4,47.0,15
synthetic_00275,cluster_v100m32,32,33,32,33,1,0.25,0.00025,1,1,,8.0,29.8017578125,15
synthetic_00276,cluster_t4,31,47,31,47,16,4.0,7e-05,1,1,T4,3.152,5.46875,15
synthetic_00277,cluster_g2,48,49,48,49,1,0.25,0.00035,1,1,,3.152,5.46875,15
synthetic_00278,cluster_v100m32,2,3,2,3,1,0.25,0.00025,1,1,,3.152,5.46875,15
synthetic_00279,cluster_t4,54,56,54,56,2,0.5,7e-05,1,1,T4,11.4,76.0,15
synthetic_00280,cluster_g3,35,38,35,38,3,0.75,0.00035,1,1,,11.908,46.0,15
synthetic_00281,cluster_t4,1,2,1,2,1,0.25,7e-05,1,1,T4,11.908,46.0,15
synthetic_00282,cluster_a10,17,19,17,19,2,0.5,0.00015,1,1,,11.3,48.0,15
synthetic_00283,cluster_p100,39,41,39,41,2,0.5,0.00025,1,1,P100,3.152,5.46875,15
synthetic_00284,cluster_v100m16,41,42,41,42,1,0.25,0.00025,1,1,,3.152,5.46875,15
synthetic_00285,cluster_t4,95,96,95,96,1,0.25,7e-05,1,1,T4,11.3,48.0,15
synthetic_00286,cluster_g2,69,70,69,70,1,0.25,0.00035,1,1,,3.152,5.46875,15
synthetic_00287,cluster_p100,29,30,29,30,1,0.25,0.00025,1,1,,3.152,5.46875,15
synthetic_00288,cluster_g2,63,65,63,65,2,0.5,0.00035,1,1,,8.0,16.0,15
synthetic_00289,cluster_t4,43,44,43,44,1,0.25,7e-05,1,1,T4,3.152,5.46875,15
synthetic_00290,cluster_a10,12,14,12,14,2,0.5,0.00015,1,1,,3.152,5.46875,15
synthetic_00291,cluster_t4,33,40,33,40,7,1.75,7e-05,1,1,T4,11.4,47.0,15
synthetic_00292,cluster_v100m32,30,35,30,35,5,1.25,0.00025,1,1,,11.4,47.0,15
synthetic_00293,cluster_g3,72,73,72,73,1,0.25,0.00035,1,1,,11.3,48.0,15
synthetic_00294,cluster_t4,12,13,12,13,1,0.25,7e-05,1,1,T4,11.3,48.0,15
synthetic_00295,cluster_v100m16,65,66,65,66,1,0.25,0.00025,1,1,,14.2,57.0,15
synthetic_00296,cluster_g3,2,3,2,3,1,0.25,0.00035,1,1,,8.0,29.8017578125,15
synthetic_00297,cluster_v100m16,1,2,1,2,1,0.25,0.00025,1,1,,3.152,5.46875,15
synthetic_00298,cluster_t4,86,87,86,87,1,0.25,7e-05,1,1,T4,11.3,48.0,15
synthetic_00299,cluster_a10,74,75,74,75,1,0.25,0.00015,1,1,,3.152,5.46875,15
synthetic_00300,cluster_v100m32,78,80,78,80,2,0.5,0.00025,1,1,,3.152,5.46875,15
synthetic_00301,cluster_t4,92,96,92,96,4,1.0,7e-05,1,1,T4,8.0,16.0,15
synthetic_00302,cluster_t4,23,24,23,24,1,0.25,7e-05,1,1,,16.4,123.0,15
synthetic_00303,cluster_t4,56,57,56,57,1,0.25,7e-05,1,1,T4,11.3,48.0,15
synthetic_00304,cluster_t4,81,83,81,83,2,0.5,7e-05,1,1,T4,11.4,47.0,15
synthetic_00305,cluster_a10,48,49,48,49,1,0.25,0.00015,1,1,,11.4,47.0,15
synthetic_00306,cluster_p100,41,42,41,42,1,0.25,0.00025,1,1,,11.908,46.0,15
synthetic_00307,cluster_v100m16,4,5,4,5,1,0.25,0.00025,1,1,,11.4,47.0,15
synthetic_00308,cluster_t4,14,15,14,15,1,0.25,7e-05,1,1,T4,1.0,2.0,15
synthetic_00309,cluster_p100,34,35,34,35,1,0.25,0.00025,1,1,P100,6.0,12.0,15
synthetic_00310,cluster_a10,26,27,26,27,1,0.25,0.00015,1,1,,8.0,29.8017578125,15
synthetic_00311,cluster_t4,23,25,23,25,2,0.5,7e-05,1,1,T4,11.4,47.0,15
synthetic_00312,cluster_g3,48,49,48,49,1,0.25,0.00035,1,1,,11.3,48.0,15
synthetic_00313,cluster_g3,12,16,12,16,4,1.0,0.00035,1,1,,11.908,46.0,15
synthetic_00314,cluster_g3,18,19,18,19,1,0.25,0.00035,1,1,,4.152,10.3515625,15
synthetic_00315,cluster_v100m16,93,95,93,95,2,0.5,0.00025,1,1,,11.4,76.0,15
synthetic_00316,cluster_a10,81,83,81,83,2,0.5,0.00015,1,1,,11.3,48.0,15
synthetic_00317,cluster_g2,33,35,33,35,2,0.5,0.00035,1,1,,4.0,22.3515625,15
synthetic_00318,cluster_v100m16,22,23,22,23,1,0.25,0.00025,1,1,,3.152,5.46875,15
synthetic_00319,cluster_t4,58,60,58,60,2,0.5,7e-05,1,1,,3.152,5.46875,15
synthetic_00320,cluster_a10,2,3,2,3,1,0.25,0.00015,1,1,,11.3,48.0,15
synthetic_00321,cluster_p100,67,68,67,68,1,0.25,0.00025,1,1,,11.3,48.0,15
synthetic_00322,cluster_v100m16,19,21,19,21,2,0.5,0.00025,1,1,,9.81,40.5859375,15
synthetic_00323,cluster_g2,80,81,80,81,1,0.25,0.00035,1,1,,4.0,22.3515625,15
synthetic_00324,cluster_v100m32,56,59,56,59,3,0.75,0.00025,1,1,,8.0,29.8017578125,15
synthetic_00325,cluster_t4,16,17,16,17,1,0.25,7e-05,1,1,,11.4,47.0,15
synthetic_00326,cluster_g2,56,57,56,57,1,0.25,0.00035,1,1,,14.2,57.0,15
synthetic_00327,cluster_g2,85,86,85,86,1,0.25,0.00035,1,1,,3.152,5.46875,15
synthetic_00328,cluster_g3,15,16,15,16,1,0.25,0.00035,1,1,G3,3.152,5.46875,15
synthetic_00329,cluster_g3,65,66,65,66,1,0.25,0.00035,1,1,,11.908,46.0,15
synthetic_00330,cluster_g2,52,55,52,55,3,0.75,0.00035,1,1,G2,11.3,48.0,15
synthetic_00331,cluster_t4,25,26,25,26,1,0.25,7e-05,1,1,T4,11.3,48.0,15
synthetic_00332,cluster_g2,19,21,19,21,2,0.5,0.00035,1,1,,8.2,33.0,15
synthetic_00333,cluster_t4,25,32,25,32,7,1.75,7e-05,1,1,T4,11.4,47.0,15
synthetic_00334,cluster_v100m32,67,68,67,68,1,0.25,0.00025,1,1,,3.152,5.46875,15
synthetic_00335,cluster_g2,7,8,7,8,1,0.25,0.00035,1,1,,3.152,5.46875,15
synthetic_00336,cluster_g2,73,74,73,74,1,0.25,0.00035,1,1,,3.152,5.46875,15
synthetic_00337,cluster_a10,52,54,52,54,2,0.5,0.00015,1,1,,4.0,22.3515625,15
synthetic_00338,cluster_g2,38,51,38,51,13,3.25,0.00035,1,1,,11.3,48.0,15
synthetic_00339,cluster_v100m32,56,57,56,57,1,0.25,0.00025,1,1,,11.908,46.0,15
synthetic_00340,cluster_p100,84,88,84,88,4,1.0,0.00025,1,1,,1.0,6.0,15
synthetic_00341,cluster_t4,45,46,45,46,1,0.25,7e-05,1,1,T4,11.4,47.0,15
synthetic_00342,cluster_p100,77,78,77,78,1,0.25,0.00025,1,1,P100,11.908,46.0,15
synthetic_00343,cluster_t4,8,11,8,11,3,0.75,7e-05,1,1,,11.3,48.0,15
synthetic_00344,cluster_v100m16,80,82,80,82,2,0.5,0.00025,1,1,,3.152,5.46875,15
synthetic_00345,cluster_t4,15,16,15,16,1,0.25,7e-05,1,1,,11.908,46.0,15
synthetic_00346,cluster_t4,3,7,3,7,4,1.0,7e-05,1,1,T4,11.4,47.0,15
synthetic_00347,cluster_p100,6,17,6,17,11,2.75,0.00025,1,1,,14.2,57.0,15
synthetic_00348,cluster_g2,57,59,57,59,2,0.5,0.00035,1,1,,6.0,6.0,15
synthetic_00349,cluster_t4,26,27,26,27,1,0.25,7e-05,1,1,T4,3.152,5.46875,15
synthetic_00350,cluster_t4,9,11,9,11,2,0.5,7e-05,1,1,T4,11.4,47.0,15
synthetic_00351,cluster_g2,40,41,40,41,1,0.25,0.00035,1,1,,8.2,33.0,15
synthetic_00352,cluster_t4,68,69,68,69,1,0.25,7e-05,1,1,T4,8.0,29.8017578125,15
synthetic_00353,cluster_p100,83,85,83,85,2,0.5,0.00025,1,1,P100,3.152,5.46875,15
synthetic_00354,cluster_t4,52,53,52,53,1,0.25,7e-05,1,1,T4,3.152,5.46875,15
synthetic_00355,cluster_t4,85,86,85,86,1,0.25,7e-05,1,1,T4,3.152,5.46875,15
synthetic_00356,cluster_g3,95,96,95,96,1,0.25,0.00035,1,1,,11.3,48.0,15
synthetic_00357,cluster_g3,10,21,10,21,11,2.75,0.00035,1,1,,3.152,5.46875,15
synthetic_00358,cluster_t4,30,31,30,31,1,0.25,7e-05,1,1,,12.0,16.0,15
synthetic_00359,cluster_g2,23,24,23,24,1,0.25,0.00035,1,1,,3.152,5.46875,15
synthetic_00360,cluster_v100m32,78,80,78,80,2,0.5,0.00025,1,1,,3.152,5.46875,15
synthetic_00361,cluster_t4,5,10,5,10,5,1.25,7e-05,1,1,P100|T4|V100M16|V100M32,11.9,76.0,15
synthetic_00362,cluster_t4,65,66,65,66,1,0.25,7e-05,1,1,,3.152,5.46875,15
synthetic_00363,cluster_p100,19,22,19,22,3,0.75,0.00025,1,1,,11.3,48.0,15
synthetic_00364,cluster_g2,66,67,66,67,1,0.25,0.00035,1,1,G2,4.0,24.0,15
synthetic_00365,cluster_t4,20,21,20,21,1,0.25,7e-05,1,1,T4,3.152,5.46875,15
synthetic_00366,cluster_v100m16,3,11,3,11,8,2.0,0.00025,1,1,,16.0,64.0,15
synthetic_00367,cluster_g2,73,74,73,74,1,0.25,0.00035,1,1,G2,11.3,48.0,15
synthetic_00368,cluster_a10,71,72,71,72,1,0.25,0.00015,1,1,,11.908,46.0,15
synthetic_00369,cluster_t4,39,40,39,40,1,0.25,7e-05,1,1,T4,11.3,48.0,15
synthetic_00370,cluster_p100,66,68,66,68,2,0.5,0.00025,1,1,,4.0,29.8017578125,15
synthetic_00371,cluster_t4,11,16,11,16,5,1.25,7e-05,1,1,T4,4.0,24.0,15
synthetic_00372,cluster_g3,58,63,58,63,5,1.25,0.00035,1,1,G3,4.0,24.0,15
synthetic_00373,cluster_t4,46,47,46,47,1,0.25,7e-05,1,1,T4,11.3,48.0,15
synthetic_00374,cluster_v100m32,71,72,71,72,1,0.25,0.00025,1,1,,11.4,47.0,15
synthetic_00375,cluster_a10,25,26,25,26,1,0.25,0.00015,1,1,,11.908,46.0,15
synthetic_00376,cluster_a10,89,90,89,90,1,0.25,0.00015,1,1,,8.0,29.8017578125,15
synthetic_00377,cluster_v100m16,81,82,81,82,1,0.25,0.00025,1,1,,11.3,48.0,15
synthetic_00378,cluster_v100m32,27,28,27,28,1,0.25,0.00025,1,1,,24.2,91.0,15
synthetic_00379,cluster_g3,55,56,55,56,1,0.25,0.00035,1,1,,3.152,5.46875,15
synthetic_00380,cluster_v100m32,89,90,89,90,1,0.25,0.00025,1,1,,11.908,46.0,15
synthetic_00381,cluster_p100,57,61,57,61,4,1.0,0.00025,1,1,,11.4,47.0,15
synthetic_00382,cluster_t4,4,11,4,11,7,1.75,7e-05,1,1,,8.0,29.8017578125,15
synthetic_00383,cluster_g2,37,39,37,39,2,0.5,0.00035,1,1,,4.0,24.0,15
synthetic_00384,cluster_t4,54,56,54,56,2,0.5,7e-05,1,1,T4,12.0,16.0,15
synthetic_00385,cluster_v100m16,46,47,46,47,1,0.25,0.00025,1,1,,3.152,5.46875,15
synthetic_00386,cluster_g3,72,73,72,73,1,0.25,0.00035,1,1,,3.152,5.46875,15
synthetic_00387,cluster_t4,4,5,4,5,1,0.25,7e-05,1,1,,3.152,5.46875,15
synthetic_00388,cluster_t4,60,61,60,61,1,0.25,7e-05,1,1,T4,3.152,5.46875,15
synthetic_00389,cluster_g2,91,92,91,92,1,0.25,0.00035,1,1,,11.908,46.0,15
synthetic_00390,cluster_v100m32,62,63,62,63,1,0.25,0.00025,1,1,,3.152,5.46875,15
synthetic_00391,cluster_t4,51,52,51,52,1,0.25,7e-05,1,1,,3.152,5.46875,15
synthetic_00392,cluster_a10,92,93,92,93,1,0.25,0.00015,1,1,,11.4,47.0,15
synthetic_00393,cluster_t4,72,73,72,73,1,0.25,7e-05,1,1,,8.0,29.8017578125,15
synthetic_00394,cluster_t4,64,65,64,65,1,0.25,7e-05,1,1,T4,11.4,76.0,15
synthetic_00395,cluster_g3,53,54,53,54,1,0.25,0.00035,1,1,,3.152,5.46875,15
synthetic_00396,cluster_g2,44,46,44,46,2,0.5,0.00035,1,1,G2,11.4,47.0,15
synthetic_00397,cluster_g2,81,83,81,83,2,0.5,0.00035,1,1,,4.0,30.517578125,15
synthetic_00398,cluster_v100m32,11,12,11,12,1,0.25,0.00025,1,1,,3.152,5.46875,15
synthetic_00399,cluster_t4,2,3,2,3,1,0.25,7e-05,1,1,T4,8.0,29.8017578125,15
synthetic_00400,cluster_p100,25,26,25,26,1,0.25,0.00025,1,1,P100,11.908,46.0,15
synthetic_00401,cluster_t4,90,91,90,91,1,0.25,7e-05,1,1,,8.0,29.8017578125,15
synthetic_00402,cluster_g2,13,15,13,15,2,0.5,0.00035,1,1,,11.4,47.0,15
synthetic_00403,cluster_p100,31,32,31,32,1,0.25,0.00025,1,1,,11.3,48.0,15
synthetic_00404,cluster_p100,37,38,37,38,1,0.25,0.00025,1,1,P100,3.152,5.46875,15
synthetic_00405,cluster_v100m16,10,11,10,11,1,0.25,0.00025,1,1,P100|V100M16|V100M32,11.4,47.0,15
synthetic_00406,cluster_p100,42,43,42,43,1,0.25,0.00025,1,1,P100,3.152,5.46875,15
synthetic_00407,cluster_g3,44,46,44,46,2,0.5,0.00035,1,1,,4.152,10.3515625,15
synthetic_00408,cluster_v100m16,70,76,70,76,6,1.5,0.00025,1,1,,9.81,40.5859375,15
synthetic_00409,cluster_g3,87,88,87,88,1,0.25,0.00035,1,1,,18.708,63.0,15
synthetic_00410,cluster_p100,40,41,40,41,1,0.25,0.00025,1,1,,11.908,46.0,15
synthetic_00411,cluster_g3,5,6,5,6,1,0.25,0.00035,1,1,,3.152,5.46875,15
synthetic_00412,cluster_p100,2,3,2,3,1,0.25,0.00025,1,1,P100,4.0,22.3515625,15
synthetic_00413,cluster_g2,71,72,71,72,1,0.25,0.00035,1,1,,3.152,5.46875,15
synthetic_00414,cluster_g2,94,96,94,96,2,0.5,0.00035,1,1,,11.3,48.0,15
synthetic_00415,cluster_p100,83,84,83,84,1,0.25,0.00025,1,1,,3.152,5.46875,15
synthetic_00416,cluster_g2,19,20,19,20,1,0.25,0.00035,1,1,,3.152,5.46875,15
synthetic_00417,cluster_g2,44,49,44,49,5,1.25,0.00035,1,1,G2,4.0,24.0,15
synthetic_00418,cluster_p100,83,96,83,96,13,3.25,0.00025,1,1,,9.81,40.5859375,15
synthetic_00419,cluster_g2,42,56,42,56,14,3.5,0.00035,1,1,,3.152,5.46875,15
synthetic_00420,cluster_t4,39,53,39,53,14,3.5,7e-05,1,1,T4,4.0,22.3515625,15
synthetic_00421,cluster_g3,21,22,21,22,1,0.25,0.00035,1,1,,3.152,5.46875,15
synthetic_00422,cluster_t4,42,43,42,43,1,0.25,7e-05,1,1,T4,11.3,48.0,15
synthetic_00423,cluster_v100m32,77,78,77,78,1,0.25,0.00025,1,1,,3.152,5.46875,15
synthetic_00424,cluster_g3,19,24,19,24,5,1.25,0.00035,1,1,G3,4.0,24.0,15
synthetic_00425,cluster_g2,29,31,29,31,2,0.5,0.00035,1,1,,11.908,46.0,15
synthetic_00426,cluster_a10,8,9,8,9,1,0.25,0.00015,1,1,,12.0,16.0,15
synthetic_00427,cluster_v100m16,87,88,87,88,1,0.25,0.00025,1,1,,18.708,63.0,15
synthetic_00428,cluster_g2,62,65,62,65,3,0.75,0.00035,1,1,,9.81,40.5859375,15
synthetic_00429,cluster_t4,87,91,87,91,4,1.0,7e-05,1,1,,16.4,123.0,15
synthetic_00430,cluster_t4,4,5,4,5,1,0.25,7e-05,1,1,,3.152,5.46875,15
synthetic_00431,cluster_g2,46,49,46,49,3,0.75,0.00035,1,1,G2,11.4,47.0,15
synthetic_00432,cluster_t4,23,24,23,24,1,0.25,7e-05,1,1,T4,3.152,5.46875,15
synthetic_00433,cluster_p100,16,19,16,19,3,0.75,0.00025,1,1,,11.4,47.0,15
synthetic_00434,cluster_v100m32,16,25,16,25,9,2.25,0.00025,1,1,,14.2,57.0,15
synthetic_00435,cluster_g3,90,91,90,91,1,0.25,0.00035,1,1,,8.0,29.8017578125,15
synthetic_00436,cluster_v100m16,18,23,18,23,5,1.25,0.00025,1,1,,11.4,47.0,15
synthetic_00437,cluster_t4,5,6,5,6,1,0.25,7e-05,1,1,,11.3,48.0,15
synthetic_00438,cluster_v100m16,92,93,92,93,1,0.25,0.00025,1,1,,16.4,83.0,15
synthetic_00439,cluster_g3,47,48,47,48,1,0.25,0.00035,1,1,,11.908,46.0,15
synthetic_00440,cluster_v100m16,51,53,51,53,2,0.5,0.00025,1,1,,24.2,91.0,15
synthetic_00441,cluster_g2,57,67,57,67,10,2.5,0.00035,1,1,,8.2,33.0,15
synthetic_00442,cluster_g2,50,53,50,53,3,0.75,0.00035,1,1,,3.152,5.46875,15
synthetic_00443,cluster_t4,62,63,62,63,1,0.25,7e-05,1,1,T4,11.3,48.0,15
synthetic_00444,cluster_a10,43,44,43,44,1,0.25,0.00015,1,1,,8.0,29.8017578125,15
synthetic_00445,cluster_g2,49,50,49,50,1,0.25,0.00035,1,1,G2,9.81,40.5859375,15
synthetic_00446,cluster_v100m32,56,65,56,65,9,2.25,0.00025,1,1,,12.0,15.0,15
synthetic_00447,cluster_t4,35,36,35,36,1,0.25,7e-05,1,1,,3.152,5.46875,15
synthetic_00448,cluster_v100m16,4,9,4,9,5,1.25,0.00025,1,1,,9.81,40.5859375,15
synthetic_00449,cluster_v100m16,66,67,66,67,1,0.25,0.00025,1,1,,3.152,5.46875,15
synthetic_00450,cluster_g2,8,9,8,9,1,0.25,0.00035,1,1,G2,11.4,47.0,15
synthetic_00451,cluster_v100m32,48,49,48,49,1,0.25,0.00025,1,1,P100|V100M16|V100M32,3.152,5.46875,15
synthetic_00452,cluster_t4,35,40,35,40,5,1.25,7e-05,1,1,,11.4,76.0,15
synthetic_00453,cluster_v100m16,52,53,52,53,1,0.25,0.00025,1,1,,11.4,47.0,15
synthetic_00454,cluster_g2,88,93,88,93,5,1.25,0.00035,1,1,G2,8.2,33.0,15
synthetic_00455,cluster_g2,58,59,58,59,1,0.25,0.00035,1,1,,15.7,57.0,15
synthetic_00456,cluster_v100m16,76,77,76,77,1,0.25,0.00025,1,1,,8.0,29.8017578125,15
synthetic_00457,cluster_g3,53,56,53,56,3,0.75,0.00035,1,1,,15.2,79.0,15
synthetic_00458,cluster_g3,74,77,74,77,3,0.75,0.00035,1,1,,11.908,46.0,15
synthetic_00459,cluster_p100,59,60,59,60,1,0.25,0.00025,1,1,,3.152,5.46875,15
synthetic_00460,cluster_g2,51,54,51,54,3,0.75,0.00035,1,1,,14.2,57.0,15
synthetic_00461,cluster_v100m16,36,37,36,37,1,0.25,0.00025,1,1,,4.0,14.900390625,15
synthetic_00462,cluster_v100m32,4,7,4,7,3,0.75,0.00025,1,1,,12.0,32.0,15
synthetic_00463,cluster_v100m32,9,10,9,10,1,0.25,0.00025,1,1,,11.908,46.0,15
synthetic_00464,cluster_v100m16,59,60,59,60,1,0.25,0.00025,1,1,,3.152,5.46875,15
synthetic_00465,cluster_t4,62,63,62,63,1,0.25,7e-05,1,1,T4,15.7,57.0,15
synthetic_00466,cluster_p100,62,65,62,65,3,0.75,0.00025,1,1,,11.908,46.0,15
synthetic_00467,cluster_t4,52,67,52,67,15,3.75,7e-05,1,1,T4,8.0,29.8017578125,15
synthetic_00468,cluster_p100,67,69,67,69,2,0.5,0.00025,1,1,,11.908,46.0,15
synthetic_00469,cluster_t4,47,48,47,48,1,0.25,7e-05,1,1,T4,11.908,46.0,15
synthetic_00470,cluster_p100,13,14,13,14,1,0.25,0.00025,1,1,,11.3,48.0,15
synthetic_00471,cluster_a10,70,71,70,71,1,0.25,0.00015,1,1,,12.0,24.0,15
synthetic_00472,cluster_t4,95,96,95,96,1,0.25,7e-05,1,1,T4,3.152,5.46875,15
synthetic_00473,cluster_t4,20,23,20,23,3,0.75,7e-05,1,1,,4.0,14.900390625,15
synthetic_00474,cluster_g3,50,55,50,55,5,1.25,0.00035,1,1,,12.0,24.0,15
synthetic_00475,cluster_t4,25,27,25,27,2,0.5,7e-05,1,1,T4,4.0,22.3515625,15
synthetic_00476,cluster_v100m32,60,61,60,61,1,0.25,0.00025,1,1,,3.152,5.46875,15
synthetic_00477,cluster_a10,40,41,40,41,1,0.25,0.00015,1,1,,18.708,63.0,15
synthetic_00478,cluster_v100m32,78,79,78,79,1,0.25,0.00025,1,1,,3.152,5.46875,15
synthetic_00479,cluster_g3,82,83,82,83,1,0.25,0.00035,1,1,,9.81,40.5859375,15
synthetic_00480,cluster_t4,53,56,53,56,3,0.75,7e-05,1,1,T4,9.81,40.5859375,15
synthetic_00481,cluster_a10,31,39,31,39,8,2.0,0.00015,1,1,,11.4,47.0,15
synthetic_00482,cluster_t4,15,16,15,16,1,0.25,7e-05,1,1,T4,11.3,48.0,15
synthetic_00483,cluster_t4,32,33,32,33,1,0.25,7e-05,1,1,T4,4.152,10.3515625,15
synthetic_00484,cluster_g2,60,61,60,61,1,0.25,0.00035,1,1,,3.152,5.46875,15
synthetic_00485,cluster_t4,56,58,56,58,2,0.5,7e-05,1,1,,11.908,46.0,15
synthetic_00486,cluster_p100,8,9,8,9,1,0.25,0.00025,1,1,,9.81,40.5859375,15
synthetic_00487,cluster_g3,41,43,41,43,2,0.5,0.00035,1,1,,11.4,47.0,15
synthetic_00488,cluster_p100,70,72,70,72,2,0.5,0.00025,1,1,P100|T4|V100M16|V100M32,11.4,47.0,15
synthetic_00489,cluster_v100m32,2,5,2,5,3,0.75,0.00025,1,1,V100M16|V100M32,15.7,57.0,15
synthetic_00490,cluster_v100m32,59,60,59,60,1,0.25,0.00025,1,1,,11.4,47.0,15
synthetic_00491,cluster_a10,63,64,63,64,1,0.25,0.00015,1,1,,11.3,48.0,15
synthetic_00492,cluster_t4,11,12,11,12,1,0.25,7e-05,1,1,,14.2,57.0,15
synthetic_00493,cluster_g2,77,79,77,79,2,0.5,0.00035,1,1,G2,11.908,46.0,15
synthetic_00494,cluster_g2,66,67,66,67,1,0.25,0.00035,1,1,,3.152,5.46875,15
synthetic_00495,cluster_v100m16,40,41,40,41,1,0.25,0.00025,1,1,,8.0,29.8017578125,15
synthetic_00496,cluster_p100,59,62,59,62,3,0.75,0.00025,1,1,,11.3,48.0,15
synthetic_00497,cluster_g2,62,63,62,63,1,0.25,0.00035,1,1,,3.152,5.46875,15
synthetic_00498,cluster_a10,79,80,79,80,1,0.25,0.00015,1,1,,8.0,29.8017578125,15
synthetic_00499,cluster_g2,4,5,4,5,1,0.25,0.00035,1,1,,3.152,5.46875,15
synthetic_00500,cluster_t4,5,17,5,17,12,3.0,7e-05,1,1,T4,4.152,10.3515625,15
synthetic_00501,cluster_t4,21,22,21,22,1,0.25,7e-05,1,1,T4,3.152,5.46875,15
synthetic_00502,cluster_g2,32,35,32,35,3,0.75,0.00035,1,1,,11.4,47.0,15
synthetic_00503,cluster_p100,32,41,32,41,9,2.25,0.00025,1,1,,14.2,57.0,15
synthetic_00504,cluster_g3,1,2,1,2,1,0.25,0.00035,1,1,,3.152,5.46875,15
synthetic_00505,cluster_v100m32,41,42,41,42,1,0.25,0.00025,1,1,,3.152,5.46875,15
synthetic_00506,cluster_g3,64,65,64,65,1,0.25,0.00035,1,1,,18.708,63.0,15
synthetic_00507,cluster_g3,46,48,46,48,2,0.5,0.00035,1,1,,11.908,46.0,15
synthetic_00508,cluster_t4,65,66,65,66,1,0.25,7e-05,1,1,T4,4.0,29.8017578125,15
synthetic_00509,cluster_t4,84,86,84,86,2,0.5,7e-05,1,1,,18.708,63.0,15
synthetic_00510,cluster_v100m16,53,56,53,56,3,0.75,0.00025,1,1,,11.3,48.0,15
synthetic_00511,cluster_v100m32,83,86,83,86,3,0.75,0.00025,1,1,G2|P100|T4|V100M16|V100M32,3.152,5.46875,15
synthetic_00512,cluster_v100m32,1,2,1,2,1,0.25,0.00025,1,1,,11.3,48.0,15
synthetic_00513,cluster_v100m32,4,8,4,8,4,1.0,0.00025,1,1,,11.908,46.0,15
synthetic_00514,cluster_v100m32,47,48,47,48,1,0.25,0.00025,1,1,,3.152,5.46875,15
synthetic_00515,cluster_v100m32,40,42,40,42,2,0.5,0.00025,1,1,,3.152,5.46875,15
synthetic_00516,cluster_t4,19,21,19,21,2,0.5,7e-05,1,1,T4,16.0,32.0,15
synthetic_00517,cluster_t4,88,89,88,89,1,0.25,7e-05,1,1,T4,3.152,5.46875,15
synthetic_00518,cluster_g2,16,24,16,24,8,2.0,0.00035,1,1,,8.0,29.8017578125,15
synthetic_00519,cluster_v100m32,14,16,14,16,2,0.5,0.00025,1,1,,3.152,5.46875,15
synthetic_00520,cluster_p100,32,33,32,33,1,0.25,0.00025,1,1,,8.0,16.0,15
synthetic_00521,cluster_v100m16,12,13,12,13,1,0.25,0.00025,1,1,,11.3,48.0,15
synthetic_00522,cluster_v100m32,54,56,54,56,2,0.5,0.00025,1,1,,8.0,29.8017578125,15
synthetic_00523,cluster_v100m16,39,40,39,40,1,0.25,0.00025,1,1,,11.3,48.0,15
synthetic_00524,cluster_p100,78,79,78,79,1,0.25,0.00025,1,1,,3.152,5.46875,15
synthetic_00525,cluster_t4,64,65,64,65,1,0.25,7e-05,1,1,T4,4.152,10.3515625,15
synthetic_00526,cluster_g2,12,13,12,13,1,0.25,0.00035,1,1,G2,11.3,48.0,15
synthetic_00527,cluster_g2,25,30,25,30,5,1.25,0.00035,1,1,,11.4,47.0,15
synthetic_00528,cluster_t4,79,80,79,80,1,0.25,7e-05,1,1,T4,11.908,46.0,15
synthetic_00529,cluster_p100,73,74,73,74,1,0.25,0.00025,1,1,,24.2,91.0,15
synthetic_00530,cluster_p100,64,65,64,65,1,0.25,0.00025,1,1,,11.908,46.0,15
synthetic_00531,cluster_v100m16,68,70,68,70,2,0.5,0.00025,1,1,,3.152,5.46875,15
synthetic_00532,cluster_a10,25,26,25,26,1,0.25,0.00015,1,1,,3.152,5.46875,15
synthetic_00533,cluster_t4,76,80,76,80,4,1.0,7e-05,1,1,T4,1.0,6.0,15
synthetic_00534,cluster_p100,31,47,31,47,16,4.0,0.00025,1,1,P100,8.0,29.8017578125,15
synthetic_00535,cluster_t4,36,45,36,45,9,2.25,7e-05,1,1,T4,6.0,12.0,15
synthetic_00536,cluster_v100m32,9,10,9,10,1,0.25,0.00025,1,1,,3.152,5.46875,15
synthetic_00537,cluster_t4,63,72,63,72,9,2.25,7e-05,1,1,T4,6.0,12.0,15
synthetic_00538,cluster_g3,42,43,42,43,1,0.25,0.00035,1,1,G3,24.2,91.0,15
synthetic_00539,cluster_p100,43,49,43,49,6,1.5,0.00025,1,1,,4.0,29.8017578125,15
synthetic_00540,cluster_g2,70,71,70,71,1,0.25,0.00035,1,1,,3.152,5.46875,15
synthetic_00541,cluster_t4,27,29,27,29,2,0.5,7e-05,1,1,G2|P100|T4|V100M16|V100M32,12.0,16.0,15
synthetic_00542,cluster_t4,32,33,32,33,1,0.25,7e-05,1,1,T4,11.4,47.0,15
synthetic_00543,cluster_v100m16,87,94,87,94,7,1.75,0.00025,1,1,,11.4,47.0,15
synthetic_00544,cluster_a10,72,78,72,78,6,1.5,0.00015,1,1,,11.4,47.0,15
synthetic_00545,cluster_v100m32,45,50,45,50,5,1.25,0.00025,1,1,,11.908,46.0,15
synthetic_00546,cluster_t4,31,32,31,32,1,0.25,7e-05,1,1,T4,11.9,76.0,15
synthetic_00547,cluster_v100m32,15,16,15,16,1,0.25,0.00025,1,1,P100|T4|V100M16|V100M32,18.708,63.0,15
synthetic_00548,cluster_v100m16,11,13,11,13,2,0.5,0.00025,1,1,,16.0,32.0,15
synthetic_00549,cluster_g2,13,15,13,15,2,0.5,0.00035,1,1,G2,11.3,48.0,15
synthetic_00550,cluster_g3,74,76,74,76,2,0.5,0.00035,1,1,,11.908,46.0,15
synthetic_00551,cluster_t4,64,66,64,66,2,0.5,7e-05,1,1,T4,11.3,48.0,15
synthetic_00552,cluster_v100m16,23,28,23,28,5,1.25,0.00025,1,1,V100M16|V100M32,4.0,24.0,15
synthetic_00553,cluster_p100,22,28,22,28,6,1.5,0.00025,1,1,,4.0,22.3515625,15
synthetic_00554,cluster_t4,19,20,19,20,1,0.25,7e-05,1,1,T4,11.3,48.0,15
synthetic_00555,cluster_t4,6,8,6,8,2,0.5,7e-05,1,1,T4,11.3,48.0,15
synthetic_00556,cluster_v100m16,38,43,38,43,5,1.25,0.00025,1,1,V100M16|V100M32,12.0,24.0,15
synthetic_00557,cluster_t4,40,44,40,44,4,1.0,7e-05,1,1,T4,12.0,16.0,15
synthetic_00558,cluster_t4,28,42,28,42,14,3.5,7e-05,1,1,,11.908,46.0,15
synthetic_00559,cluster_t4,33,34,33,34,1,0.25,7e-05,1,1,,11.908,46.0,15
synthetic_00560,cluster_v100m32,62,66,62,66,4,1.0,0.00025,1,1,V100M16|V100M32,15.7,57.0,15
synthetic_00561,cluster_g3,87,89,87,89,2,0.5,0.00035,1,1,,18.708,63.0,15
synthetic_00562,cluster_v100m16,43,44,43,44,1,0.25,0.00025,1,1,,11.3,48.0,15
synthetic_00563,cluster_g2,56,59,56,59,3,0.75,0.00035,1,1,G2,11.4,76.0,15
synthetic_00564,cluster_g2,61,62,61,62,1,0.25,0.00035,1,1,,3.152,5.46875,15
synthetic_00565,cluster_g3,4,6,4,6,2,0.5,0.00035,1,1,,11.4,47.0,15
synthetic_00566,cluster_t4,6,7,6,7,1,0.25,7e-05,1,1,,3.152,5.46875,15
synthetic_00567,cluster_g3,34,36,34,36,2,0.5,0.00035,1,1,G3,11.4,47.0,15
synthetic_00568,cluster_t4,24,29,24,29,5,1.25,7e-05,1,1,T4,4.0,24.0,15
synthetic_00569,cluster_v100m32,12,15,12,15,3,0.75,0.00025,1,1,,16.0,64.0,15
synthetic_00570,cluster_g2,75,76,75,76,1,0.25,0.00035,1,1,,8.0,29.8017578125,15
synthetic_00571,cluster_t4,59,69,59,69,10,2.5,7e-05,1,1,,12.0,24.0,15
synthetic_00572,cluster_t4,5,6,5,6,1,0.25,7e-05,1,1,,3.152,5.46875,15
synthetic_00573,cluster_p100,93,94,93,94,1,0.25,0.00025,1,1,,3.152,5.46875,15
synthetic_00574,cluster_g2,39,42,39,42,3,0.75,0.00035,1,1,,15.7,57.0,15
synthetic_00575,cluster_p100,1,2,1,2,1,0.25,0.00025,1,1,P100,11.908,46.0,15
synthetic_00576,cluster_g3,1,2,1,2,1,0.25,0.00035,1,1,,4.0,14.900390625,15
synthetic_00577,cluster_t4,71,79,71,79,8,2.0,7e-05,1,1,T4,11.908,46.0,15
synthetic_00578,cluster_a10,58,59,58,59,1,0.25,0.00015,1,1,,11.3,48.0,15
synthetic_00579,cluster_a10,92,95,92,95,3,0.75,0.00015,1,1,,4.0,14.900390625,15
synthetic_00580,cluster_t4,23,24,23,24,1,0.25,7e-05,1,1,T4,4.0,14.900390625,15
synthetic_00581,cluster_g3,76,79,76,79,3,0.75,0.00035,1,1,,15.7,57.0,15
synthetic_00582,cluster_t4,7,18,7,18,11,2.75,7e-05,1,1,,12.0,24.0,15
synthetic_00583,cluster_g3,9,13,9,13,4,1.0,0.00035,1,1,,12.0,24.0,15
synthetic_00584,cluster_t4,37,38,37,38,1,0.25,7e-05,1,1,T4,3.152,5.46875,15
synthetic_00585,cluster_p100,60,62,60,62,2,0.5,0.00025,1,1,,11.4,47.0,15
synthetic_00586,cluster_t4,51,52,51,52,1,0.25,7e-05,1,1,T4,11.3,48.0,15
synthetic_00587,cluster_t4,75,76,75,76,1,0.25,7e-05,1,1,T4,3.152,5.46875,15
synthetic_00588,cluster_v100m32,59,61,59,61,2,0.5,0.00025,1,1,V100M16|V100M32,15.7,57.0,15
synthetic_00589,cluster_v100m16,65,68,65,68,3,0.75,0.00025,1,1,,11.3,48.0,15
synthetic_00590,cluster_a10,81,82,81,82,1,0.25,0.00015,1,1,,3.152,5.46875,15
synthetic_00591,cluster_g3,16,18,16,18,2,0.5,0.00035,1,1,,11.3,48.0,15
synthetic_00592,cluster_p100,1,3,1,3,2,0.5,0.00025,1,1,P100|V100M16|V100M32,11.4,47.0,15
synthetic_00593,cluster_t4,21,22,21,22,1,0.25,7e-05,1,1,T4,11.3,48.0,15
synthetic_00594,cluster_g3,35,36,35,36,1,0.25,0.00035,1,1,,3.152,5.46875,15
synthetic_00595,cluster_v100m32,14,16,14,16,2,0.5,0.00025,1,1,P100|V100M16|V100M32,11.4,47.0,15
synthetic_00596,cluster_t4,64,65,64,65,1,0.25,7e-05,1,1,T4,6.0,12.0,15
synthetic_00597,cluster_g2,34,36,34,36,2,0.5,0.00035,1,1,G2,15.4,88.0,15
synthetic_00598,cluster_p100,69,74,69,74,5,1.25,0.00025,1,1,,11.3,48.0,15
synthetic_00599,cluster_g2,24,25,24,25,1,0.25,0.00035,1,1,G2,11.9,76.0,15
synthetic_00600,cluster_a10,33,34,33,34,1,0.25,0.00015,1,1,,11.3,48.0,15
synthetic_00601,cluster_v100m16,4,6,4,6,2,0.5,0.00025,1,1,,11.908,46.0,15
synthetic_00602,cluster_t4,46,48,46,48,2,0.5,7e-05,1,1,T4,3.152,5.46875,15
synthetic_00603,cluster_v100m16,59,60,59,60,1,0.25,0.00025,1,1,,11.908,46.0,15
synthetic_00604,cluster_v100m16,86,87,86,87,1,0.25,0.00025,1,1,,3.152,5.46875,15
synthetic_00605,cluster_g2,46,49,46,49,3,0.75,0.00035,1,1,G2,24.2,91.0,15
synthetic_00606,cluster_t4,61,63,61,63,2,0.5,7e-05,1,1,T4,11.908,46.0,15
synthetic_00607,cluster_a10,8,9,8,9,1,0.25,0.00015,1,1,,4.0,29.8017578125,15
synthetic_00608,cluster_t4,71,72,71,72,1,0.25,7e-05,1,1,,3.152,5.46875,15
synthetic_00609,cluster_v100m32,29,30,29,30,1,0.25,0.00025,1,1,,8.0,16.0,15
synthetic_00610,cluster_t4,10,11,10,11,1,0.25,7e-05,1,1,T4,11.3,48.0,15
synthetic_00611,cluster_p100,62,63,62,63,1,0.25,0.00025,1,1,P100,3.152,5.46875,15
synthetic_00612,cluster_v100m16,26,35,26,35,9,2.25,0.00025,1,1,,4.0,14.900390625,15
synthetic_00613,cluster_t4,44,46,44,46,2,0.5,7e-05,1,1,T4,12.0,16.0,15
synthetic_00614,cluster_t4,84,85,84,85,1,0.25,7e-05,1,1,T4,3.152,5.46875,15
synthetic_00615,cluster_p100,63,65,63,65,2,0.5,0.00025,1,1,P100,4.0,14.900390625,15
synthetic_00616,cluster_g3,84,85,84,85,1,0.25,0.00035,1,1,,8.0,29.8017578125,15
synthetic_00617,cluster_g3,9,10,9,10,1,0.25,0.00035,1,1,G3,11.3,48.0,15
synthetic_00618,cluster_t4,50,51,50,51,1,0.25,7e-05,1,1,T4,3.152,5.46875,15
synthetic_00619,cluster_g3,23,24,23,24,1,0.25,0.00035,1,1,,11.3,48.0,15
synthetic_00620,cluster_p100,74,75,74,75,1,0.25,0.00025,1,1,,11.908,46.0,15
synthetic_00621,cluster_g3,37,38,37,38,1,0.25,0.00035,1,1,,3.152,5.46875,15
synthetic_00622,cluster_t4,46,57,46,57,11,2.75,7e-05,1,1,,4.0,29.8017578125,15
synthetic_00623,cluster_t4,13,15,13,15,2,0.5,7e-05,1,1,,9.81,40.5859375,15
synthetic_00624,cluster_t4,13,14,13,14,1,0.25,7e-05,1,1,T4,11.4,47.0,15
synthetic_00625,cluster_t4,50,51,50,51,1,0.25,7e-05,1,1,,4.152,10.3515625,15
synthetic_00626,cluster_a10,24,25,24,25,1,0.25,0.00015,1,1,,8.0,29.8017578125,15
synthetic_00627,cluster_g3,90,91,90,91,1,0.25,0.00035,1,1,G3,11.3,48.0,15
synthetic_00628,cluster_g3,7,8,7,8,1,0.25,0.00035,1,1,,4.0,24.0,15
synthetic_00629,cluster_p100,89,90,89,90,1,0.25,0.00025,1,1,P100,3.152,5.46875,15
synthetic_00630,cluster_v100m32,87,88,87,88,1,0.25,0.00025,1,1,,3.152,5.46875,15
synthetic_00631,cluster_g2,10,11,10,11,1,0.25,0.00035,1,1,,11.3,48.0,15
synthetic_00632,cluster_g3,33,37,33,37,4,1.0,0.00035,1,1,,9.81,40.5859375,15
synthetic_00633,cluster_g3,77,79,77,79,2,0.5,0.00035,1,1,,8.0,29.8017578125,15
synthetic_00634,cluster_t4,11,16,11,16,5,1.25,7e-05,1,1,,15.2,79.0,15
synthetic_00635,cluster_v100m16,26,29,26,29,3,0.75,0.00025,1,1,,11.908,46.0,15
synthetic_00636,cluster_g2,64,65,64,65,1,0.25,0.00035,1,1,,11.3,48.0,15
synthetic_00637,cluster_t4,19,20,19,20,1,0.25,7e-05,1,1,T4,3.152,5.46875,15
synthetic_00638,cluster_g3,53,54,53,54,1,0.25,0.00035,1,1,,11.3,48.0,15
synthetic_00639,cluster_p100,83,86,83,86,3,0.75,0.00025,1,1,,4.0,22.3515625,15
synthetic_00640,cluster_g3,78,88,78,88,10,2.5,0.00035,1,1,G3,1.0,6.0,15
synthetic_00641,cluster_g3,85,87,85,87,2,0.5,0.00035,1,1,,4.0,24.0,15
synthetic_00642,cluster_g2,83,84,83,84,1,0.25,0.0028,8,8,,64.2,257.0,15
synthetic_00643,cluster_g2,41,43,41,43,2,0.5,0.00035,1,1,G2,11.3,48.0,15
synthetic_00644,cluster_t4,27,29,27,29,2,0.5,7e-05,1,1,T4,11.908,46.0,15
synthetic_00645,cluster_t4,90,91,90,91,1,0.25,7e-05,1,1,T4,3.152,5.46875,15
synthetic_00646,cluster_t4,50,51,50,51,1,0.25,7e-05,1,1,,3.152,5.46875,15
synthetic_00647,cluster_v100m32,93,94,93,94,1,0.25,0.00025,1,1,,11.3,48.0,15
synthetic_00648,cluster_t4,63,65,63,65,2,0.5,7e-05,1,1,T4,8.0,32.0,15
synthetic_00649,cluster_g3,75,76,75,76,1,0.25,0.00035,1,1,,3.152,5.46875,15
synthetic_00650,cluster_v100m16,43,44,43,44,1,0.25,0.00025,1,1,,11.908,46.0,15
synthetic_00651,cluster_v100m16,16,17,16,17,1,0.25,0.00025,1,1,,3.152,5.46875,15
synthetic_00652,cluster_t4,30,34,30,34,4,1.0,7e-05,1,1,,11.4,47.0,15
synthetic_00653,cluster_t4,1,3,1,3,2,0.5,7e-05,1,1,,11.908,46.0,15
synthetic_00654,cluster_v100m32,26,28,26,28,2,0.5,0.00025,1,1,V100M32,12.0,16.0,15
synthetic_00655,cluster_g3,7,8,7,8,1,0.25,0.00035,1,1,,11.3,48.0,15
synthetic_00656,cluster_p100,26,27,26,27,1,0.25,0.00025,1,1,P100,4.152,10.3515625,15
synthetic_00657,cluster_v100m32,21,22,21,22,1,0.25,0.00025,1,1,P100|V100M16|V100M32,11.3,48.0,15
synthetic_00658,cluster_v100m32,13,18,13,18,5,1.25,0.00025,1,1,,15.7,57.0,15
synthetic_00659,cluster_g3,10,11,10,11,1,0.25,0.00035,1,1,,16.0,32.0,15
synthetic_00660,cluster_p100,54,55,54,55,1,0.25,0.00025,1,1,,18.708,63.0,15
synthetic_00661,cluster_v100m16,48,52,48,52,4,1.0,0.00025,1,1,,4.0,22.3515625,15
synthetic_00662,cluster_t4,5,13,5,13,8,2.0,7e-05,1,1,T4,11.908,46.0,15
synthetic_00663,cluster_v100m16,12,13,12,13,1,0.25,0.00025,1,1,,3.152,5.46875,15
synthetic_00664,cluster_p100,67,68,67,68,1,0.25,0.00025,1,1,P100,3.152,5.46875,15
synthetic_00665,cluster_g3,52,53,52,53,1,0.25,0.00035,1,1,,11.3,48.0,15
synthetic_00666,cluster_t4,74,79,74,79,5,1.25,7e-05,1,1,T4,12.0,24.0,15
synthetic_00667,cluster_a10,63,64,63,64,1,0.25,0.00015,1,1,,3.152,5.46875,15
synthetic_00668,cluster_p100,44,45,44,45,1,0.25,0.00025,1,1,,2.0,16.0,15
synthetic_00669,cluster_p100,72,73,72,73,1,0.25,0.00025,1,1,,18.708,63.0,15
synthetic_00670,cluster_v100m16,41,45,41,45,4,1.0,0.00025,1,1,,4.0,29.8017578125,15
synthetic_00671,cluster_p100,66,67,66,67,1,0.25,0.00025,1,1,P100,11.908,46.0,15
synthetic_00672,cluster_t4,44,46,44,46,2,0.5,7e-05,1,1,T4,3.152,5.46875,15
synthetic_00673,cluster_p100,74,75,74,75,1,0.25,0.00025,1,1,,18.708,63.0,15
synthetic_00674,cluster_a10,20,23,20,23,3,0.75,0.00015,1,1,,15.7,57.0,15
synthetic_00675,cluster_t4,1,2,1,2,1,0.25,7e-05,1,1,T4,3.152,5.46875,15
synthetic_00676,cluster_g3,13,15,13,15,2,0.5,0.00035,1,1,,16.0,64.0,15
synthetic_00677,cluster_t4,92,93,92,93,1,0.25,7e-05,1,1,T4,11.3,48.0,15
synthetic_00678,cluster_v100m16,43,44,43,44,1,0.25,0.00025,1,1,,11.3,48.0,15
synthetic_00679,cluster_g3,7,9,7,9,2,0.5,0.00035,1,1,,11.3,48.0,15
synthetic_00680,cluster_a10,85,87,85,87,2,0.5,0.00015,1,1,,11.3,48.0,15
synthetic_00681,cluster_g2,10,24,10,24,14,3.5,0.00035,1,1,G2,11.4,47.0,15
synthetic_00682,cluster_t4,40,49,40,49,9,2.25,7e-05,1,1,,12.0,16.0,15
synthetic_00683,cluster_v100m32,67,68,67,68,1,0.25,0.00025,1,1,,3.152,5.46875,15
synthetic_00684,cluster_t4,59,61,59,61,2,0.5,7e-05,1,1,T4,3.152,5.46875,15
synthetic_00685,cluster_t4,31,32,31,32,1,0.25,7e-05,1,1,T4,11.3,48.0,15
synthetic_00686,cluster_p100,8,10,8,10,2,0.5,0.00025,1,1,,3.152,5.46875,15
synthetic_00687,cluster_g2,56,57,56,57,1,0.25,0.00035,1,1,G2,12.0,16.0,15
synthetic_00688,cluster_g2,14,19,14,19,5,1.25,0.00035,1,1,,15.2,79.0,15
synthetic_00689,cluster_p100,24,29,24,29,5,1.25,0.00025,1,1,P100,4.0,14.900390625,15
synthetic_00690,cluster_p100,83,85,83,85,2,0.5,0.00025,1,1,,3.152,5.46875,15
synthetic_00691,cluster_p100,86,87,86,87,1,0.25,0.00025,1,1,,3.152,5.46875,15
synthetic_00692,cluster_g2,55,56,55,56,1,0.25,0.00035,1,1,,11.4,47.0,15
synthetic_00693,cluster_t4,37,38,37,38,1,0.25,7e-05,1,1,T4,3.152,5.46875,15
synthetic_00694,cluster_t4,63,64,63,64,1,0.25,7e-05,1,1,T4,11.3,48.0,15
synthetic_00695,cluster_t4,47,48,47,48,1,0.25,7e-05,1,1,T4,11.4,47.0,15
synthetic_00696,cluster_t4,54,55,54,55,1,0.25,7e-05,1,1,P100|T4|V100M16|V100M32,11.3,48.0,15
synthetic_00697,cluster_a10,15,16,15,16,1,0.25,0.00015,1,1,,16.0,32.0,15
synthetic_00698,cluster_g2,38,39,38,39,1,0.25,0.00035,1,1,G2,3.152,5.46875,15
synthetic_00699,cluster_v100m32,17,18,17,18,1,0.25,0.00025,1,1,,3.152,5.46875,15
synthetic_00700,cluster_p100,69,70,69,70,1,0.25,0.00025,1,1,,4.0,29.8017578125,15
synthetic_00701,cluster_g3,8,10,8,10,2,0.5,0.00035,1,1,,11.4,47.0,15
synthetic_00702,cluster_v100m16,35,36,35,36,1,0.25,0.00025,1,1,,11.3,48.0,15
synthetic_00703,cluster_g2,70,71,70,71,1,0.25,0.00035,1,1,,9.81,40.5859375,15
synthetic_00704,cluster_g3,83,87,83,87,4,1.0,0.00035,1,1,,11.908,46.0,15
synthetic_00705,cluster_g2,75,80,75,80,5,1.25,0.00035,1,1,G2,12.0,15.0,15
synthetic_00706,cluster_v100m32,24,25,24,25,1,0.25,0.00025,1,1,,3.152,5.46875,15
synthetic_00707,cluster_g3,40,45,40,45,5,1.25,0.00035,1,1,G3,4.0,24.0,15
synthetic_00708,cluster_a10,9,10,9,10,1,0.25,0.00015,1,1,,8.2,33.0,15
synthetic_00709,cluster_v100m32,7,9,7,9,2,0.5,0.00025,1,1,,11.3,37.0,15
synthetic_00710,cluster_t4,22,23,22,23,1,0.25,7e-05,1,1,,11.3,48.0,15
synthetic_00711,cluster_t4,57,58,57,58,1,0.25,7e-05,1,1,T4,4.0,22.3515625,15
synthetic_00712,cluster_v100m16,80,85,80,85,5,1.25,0.00025,1,1,V100M16|V100M32,11.3,48.0,15
synthetic_00713,cluster_v100m16,80,81,80,81,1,0.25,0.00025,1,1,,11.3,48.0,15
synthetic_00714,cluster_a10,82,84,82,84,2,0.5,0.00015,1,1,,8.0,29.8017578125,15
synthetic_00715,cluster_v100m16,61,62,61,62,1,0.25,0.00025,1,1,,3.152,5.46875,15
synthetic_00716,cluster_v100m16,74,80,74,80,6,1.5,0.00025,1,1,,4.0,24.0,15
synthetic_00717,cluster_t4,78,79,78,79,1,0.25,7e-05,1,1,T4,3.152,5.46875,15
synthetic_00718,cluster_v100m32,19,22,19,22,3,0.75,0.00025,1,1,,1.0,6.0,15
synthetic_00719,cluster_t4,67,68,67,68,1,0.25,7e-05,1,1,T4,3.152,5.46875,15
synthetic_00720,cluster_g2,45,46,45,46,1,0.25,0.00035,1,1,,3.152,5.46875,15
synthetic_00721,cluster_g2,10,12,10,12,2,0.5,0.00035,1,1,G2,16.0,32.0,15
synthetic_00722,cluster_t4,60,61,60,61,1,0.25,7e-05,1,1,T4,8.0,29.8017578125,15
synthetic_00723,cluster_v100m32,68,72,68,72,4,1.0,0.00025,1,1,,8.0,16.0,15
synthetic_00724,cluster_p100,29,31,29,31,2,0.5,0.00025,1,1,,16.4,123.0,15
synthetic_00725,cluster_g2,26,27,26,27,1,0.25,0.00035,1,1,,4.0,14.900390625,15
synthetic_00726,cluster_t4,12,18,12,18,6,1.5,7e-05,1,1,,8.0,32.0,15
synthetic_00727,cluster_g3,80,82,80,82,2,0.5,0.00035,1,1,,11.3,48.0,15
synthetic_00728,cluster_v100m16,89,90,89,90,1,0.25,0.00025,1,1,,11.3,48.0,15
synthetic_00729,cluster_t4,45,46,45,46,1,0.25,7e-05,1,1,T4,3.152,5.46875,15
synthetic_00730,cluster_g2,23,24,23,24,1,0.25,0.00035,1,1,,3.152,5.46875,15
synthetic_00731,cluster_v100m16,80,81,80,81,1,0.25,0.00025,1,1,,11.3,48.0,15
synthetic_00732,cluster_v100m32,57,58,57,58,1,0.25,0.00025,1,1,,3.152,5.46875,15
synthetic_00733,cluster_a10,11,13,11,13,2,0.5,0.00015,1,1,,11.3,48.0,15
synthetic_00734,cluster_a10,57,58,57,58,1,0.25,0.00015,1,1,,11.3,48.0,15
synthetic_00735,cluster_p100,72,74,72,74,2,0.5,0.00025,1,1,,8.2,33.0,15
synthetic_00736,cluster_t4,7,10,7,10,3,0.75,7e-05,1,1,,24.2,91.0,15
synthetic_00737,cluster_p100,30,31,30,31,1,0.25,0.00025,1,1,,11.4,47.0,15
synthetic_00738,cluster_t4,10,13,10,13,3,0.75,7e-05,1,1,T4,16.0,32.0,15
synthetic_00739,cluster_t4,61,62,61,62,1,0.25,7e-05,1,1,,4.0,14.900390625,15
synthetic_00740,cluster_a10,43,44,43,44,1,0.25,0.00015,1,1,,3.152,5.46875,15
synthetic_00741,cluster_g2,44,45,44,45,1,0.25,0.00035,1,1,G2,8.2,33.0,15
synthetic_00742,cluster_v100m16,45,46,45,46,1,0.25,0.00025,1,1,,4.0,29.8017578125,15
synthetic_00743,cluster_g3,7,9,7,9,2,0.5,0.00035,1,1,,11.908,46.0,15
synthetic_00744,cluster_v100m32,3,7,3,7,4,1.0,0.00025,1,1,V100M16|V100M32,11.4,47.0,15
synthetic_00745,cluster_t4,48,53,48,53,5,1.25,7e-05,1,1,,16.0,32.0,15
synthetic_00746,cluster_v100m32,71,75,71,75,4,1.0,0.00025,1,1,,4.0,22.3515625,15
synthetic_00747,cluster_g3,90,91,90,91,1,0.25,0.00035,1,1,,9.81,40.5859375,15
synthetic_00748,cluster_v100m32,70,72,70,72,2,0.5,0.00025,1,1,V100M16|V100M32,9.81,40.5859375,15
synthetic_00749,cluster_v100m16,65,66,65,66,1,0.25,0.00025,1,1,,11.4,47.0,15
synthetic_00750,cluster_p100,48,49,48,49,1,0.25,0.00025,1,1,,11.3,48.0,15
synthetic_00751,cluster_g3,40,41,40,41,1,0.25,0.00035,1,1,,15.7,57.0,15
synthetic_00752,cluster_t4,24,26,24,26,2,0.5,7e-05,1,1,,3.152,5.46875,15
synthetic_00753,cluster_v100m16,89,90,89,90,1,0.25,0.00025,1,1,,24.2,91.0,15
synthetic_00754,cluster_g3,25,27,25,27,2,0.5,0.00035,1,1,,12.0,24.0,15
synthetic_00755,cluster_g3,51,52,51,52,1,0.25,0.00035,1,1,,9.81,40.5859375,15
synthetic_00756,cluster_g2,6,9,6,9,3,0.75,0.00035,1,1,G2,8.0,16.0,15
synthetic_00757,cluster_v100m32,47,48,47,48,1,0.25,0.00025,1,1,A10|G2|T4|V100M16|V100M32,11.3,48.0,15
synthetic_00758,cluster_p100,90,95,90,95,5,1.25,0.00025,1,1,,4.0,24.0,15
synthetic_00759,cluster_t4,87,88,87,88,1,0.25,7e-05,1,1,T4,18.708,63.0,15
synthetic_00760,cluster_v100m16,92,94,92,94,2,0.5,0.00025,1,1,,11.4,47.0,15
synthetic_00761,cluster_t4,74,75,74,75,1,0.25,7e-05,1,1,,11.908,46.0,15
synthetic_00762,cluster_t4,43,44,43,44,1,0.25,7e-05,1,1,,3.152,5.46875,15
synthetic_00763,cluster_p100,55,56,55,56,1,0.25,0.00025,1,1,P100|V100M16|V100M32,14.2,57.0,15
synthetic_00764,cluster_t4,23,26,23,26,3,0.75,7e-05,1,1,T4,9.81,40.5859375,15
synthetic_00765,cluster_v100m32,46,51,46,51,5,1.25,0.00025,1,1,,15.2,79.0,15
synthetic_00766,cluster_g3,7,13,7,13,6,1.5,0.00035,1,1,,11.3,48.0,15
synthetic_00767,cluster_v100m16,10,12,10,12,2,0.5,0.00025,1,1,,3.152,5.46875,15
synthetic_00768,cluster_g2,35,36,35,36,1,0.25,0.00035,1,1,,3.152,5.46875,15
synthetic_00769,cluster_t4,78,92,78,92,14,3.5,7e-05,1,1,T4,8.0,16.0,15
synthetic_00770,cluster_v100m32,25,27,25,27,2,0.5,0.00025,1,1,P100|V100M16|V100M32,11.3,48.0,15
synthetic_00771,cluster_g3,87,91,87,91,4,1.0,0.00035,1,1,,11.3,48.0,15
synthetic_00772,cluster_v100m16,22,23,22,23,1,0.25,0.00025,1,1,P100|V100M16|V100M32,11.4,47.0,15
synthetic_00773,cluster_t4,76,77,76,77,1,0.25,7e-05,1,1,T4,11.3,48.0,15
synthetic_00774,cluster_t4,23,24,23,24,1,0.25,7e-05,1,1,T4,11.908,46.0,15
synthetic_00775,cluster_t4,1,2,1,2,1,0.25,7e-05,1,1,T4,8.0,29.8017578125,15
synthetic_00776,cluster_t4,58,59,58,59,1,0.25,7e-05,1,1,,3.152,5.46875,15
synthetic_00777,cluster_p100,85,91,85,91,6,1.5,0.00025,1,1,P100,4.0,22.3515625,15
synthetic_00778,cluster_g3,89,90,89,90,1,0.25,0.00035,1,1,,3.152,5.46875,15
synthetic_00779,cluster_v100m16,46,47,46,47,1,0.25,0.00025,1,1,,4.0,29.8017578125,15
synthetic_00780,cluster_t4,88,89,88,89,1,0.25,7e-05,1,1,T4,11.3,48.0,15
synthetic_00781,cluster_v100m32,12,14,12,14,2,0.5,0.00025,1,1,V100M16|V100M32,9.81,40.5859375,15
synthetic_00782,cluster_t4,78,81,78,81,3,0.75,7e-05,1,1,T4,11.908,46.0,15
synthetic_00783,cluster_v100m32,31,32,31,32,1,0.25,0.00025,1,1,,8.0,29.8017578125,15
synthetic_00784,cluster_t4,36,37,36,37,1,0.25,7e-05,1,1,T4,11.3,48.0,15
synthetic_00785,cluster_v100m16,36,37,36,37,1,0.25,0.00025,1,1,,4.152,10.3515625,15
synthetic_00786,cluster_g2,34,35,34,35,1,0.25,0.00035,1,1,,3.152,5.46875,15
synthetic_00787,cluster_g3,47,53,47,53,6,1.5,0.00035,1,1,,14.9,72.0,15
synthetic_00788,cluster_p100,10,11,10,11,1,0.25,0.00025,1,1,P100,11.908,46.0,15
synthetic_00789,cluster_g2,86,88,86,88,2,0.5,0.00035,1,1,G2,16.0,32.0,15
synthetic_00790,cluster_p100,19,24,19,24,5,1.25,0.00025,1,1,,4.0,29.8017578125,15
synthetic_00791,cluster_a10,65,67,65,67,2,0.5,0.00015,1,1,,3.152,5.46875,15
synthetic_00792,cluster_p100,41,47,41,47,6,1.5,0.00025,1,1,,4.0,22.3515625,15
synthetic_00793,cluster_t4,45,46,45,46,1,0.25,7e-05,1,1,,3.152,5.46875,15
synthetic_00794,cluster_g2,55,63,55,63,8,2.0,0.00035,1,1,,8.0,29.8017578125,15
synthetic_00795,cluster_p100,68,69,68,69,1,0.25,0.00025,1,1,,18.708,63.0,15
synthetic_00796,cluster_p100,81,82,81,82,1,0.25,0.00025,1,1,,3.152,5.46875,15
synthetic_00797,cluster_v100m16,61,64,61,64,3,0.75,0.00025,1,1,,11.908,46.0,15
synthetic_00798,cluster_g2,81,82,81,82,1,0.25,0.00035,1,1,,3.152,5.46875,15
synthetic_00799,cluster_v100m32,49,50,49,50,1,0.25,0.00025,1,1,V100M16|V100M32,11.4,47.0,15
synthetic_00800,cluster_g3,34,35,34,35,1,0.25,0.00035,1,1,,3.152,5.46875,15
synthetic_00801,cluster_p100,22,24,22,24,2,0.5,0.00025,1,1,,12.0,24.0,15
synthetic_00802,cluster_p100,10,11,10,11,1,0.25,0.00025,1,1,,11.3,48.0,15
synthetic_00803,cluster_t4,28,29,28,29,1,0.25,7e-05,1,1,,3.152,5.46875,15
synthetic_00804,cluster_t4,16,17,16,17,1,0.25,7e-05,1,1,T4,3.152,5.46875,15
synthetic_00805,cluster_g3,28,29,28,29,1,0.25,0.00035,1,1,,11.3,48.0,15
synthetic_00806,cluster_p100,53,57,53,57,4,1.0,0.00025,1,1,,8.0,29.8017578125,15
synthetic_00807,cluster_p100,24,25,24,25,1,0.25,0.00025,1,1,,3.152,5.46875,15
synthetic_00808,cluster_p100,24,26,24,26,2,0.5,0.00025,1,1,,8.0,29.8017578125,15
synthetic_00809,cluster_t4,11,12,11,12,1,0.25,7e-05,1,1,,11.3,48.0,15
synthetic_00810,cluster_v100m32,42,43,42,43,1,0.25,0.00025,1,1,,8.0,29.8017578125,15
synthetic_00811,cluster_v100m32,51,54,51,54,3,0.75,0.00025,1,1,,16.0,32.0,15
synthetic_00812,cluster_g2,55,56,55,56,1,0.25,0.00035,1,1,,11.3,48.0,15
synthetic_00813,cluster_v100m32,24,26,24,26,2,0.5,0.00025,1,1,V100M16|V100M32,11.4,47.0,15
synthetic_00814,cluster_t4,45,46,45,46,1,0.25,7e-05,1,1,,6.0,6.0,15
synthetic_00815,cluster_v100m32,3,5,3,5,2,0.5,0.00025,1,1,,11.4,76.0,15
synthetic_00816,cluster_g3,20,21,20,21,1,0.25,0.00035,1,1,,4.152,10.3515625,15
synthetic_00817,cluster_t4,61,62,61,62,1,0.25,7e-05,1,1,,3.152,5.46875,15
synthetic_00818,cluster_g2,88,89,88,89,1,0.25,0.00035,1,1,,11.908,46.0,15
synthetic_00819,cluster_t4,15,18,15,18,3,0.75,7e-05,1,1,P100|T4|V100M16|V100M32,11.908,46.0,15
synthetic_00820,cluster_v100m16,40,42,40,42,2,0.5,0.00025,1,1,G2|P100|T4|V100M16|V100M32,11.4,47.0,15
synthetic_00821,cluster_v100m32,66,67,66,67,1,0.25,0.00025,1,1,V100M16|V100M32,11.3,48.0,15
synthetic_00822,cluster_p100,17,18,17,18,1,0.25,0.00025,1,1,P100,3.152,5.46875,15
synthetic_00823,cluster_g3,76,77,76,77,1,0.25,0.00035,1,1,,3.152,5.46875,15
synthetic_00824,cluster_v100m16,70,72,70,72,2,0.5,0.00025,1,1,,8.0,32.0,15
synthetic_00825,cluster_t4,92,93,92,93,1,0.25,7e-05,1,1,T4,3.152,5.46875,15
synthetic_00826,cluster_g3,57,59,57,59,2,0.5,0.00035,1,1,,11.908,46.0,15
synthetic_00827,cluster_p100,42,44,42,44,2,0.5,0.00025,1,1,,11.4,47.0,15
synthetic_00828,cluster_g3,76,77,76,77,1,0.25,0.00035,1,1,,3.152,5.46875,15
synthetic_00829,cluster_t4,10,11,10,11,1,0.25,7e-05,1,1,T4,3.152,5.46875,15
synthetic_00830,cluster_v100m32,66,68,66,68,2,0.5,0.00025,1,1,,8.0,32.0,15
synthetic_00831,cluster_g3,80,81,80,81,1,0.25,0.00035,1,1,,3.152,5.46875,15
synthetic_00832,cluster_t4,74,75,74,75,1,0.25,7e-05,1,1,T4,3.152,5.46875,15
synthetic_00833,cluster_p100,84,85,84,85,1,0.25,0.00025,1,1,,3.152,5.46875,15
synthetic_00834,cluster_g2,75,76,75,76,1,0.25,0.00035,1,1,,11.908,46.0,15
synthetic_00835,cluster_g2,80,81,80,81,1,0.25,0.00035,1,1,,4.152,10.3515625,15
synthetic_00836,cluster_t4,58,59,58,59,1,0.25,7e-05,1,1,,14.2,57.0,15
synthetic_00837,cluster_v100m32,69,74,69,74,5,1.25,0.00025,1,1,V100M16|V100M32,12.0,24.0,15
synthetic_00838,cluster_t4,55,61,55,61,6,1.5,7e-05,1,1,T4,4.0,30.517578125,15
synthetic_00839,cluster_v100m32,62,63,62,63,1,0.25,0.00025,1,1,V100M16|V100M32,18.708,63.0,15
synthetic_00840,cluster_a10,40,41,40,41,1,0.25,0.00015,1,1,,3.152,5.46875,15
synthetic_00841,cluster_p100,39,40,39,40,1,0.25,0.00025,1,1,,3.152,5.46875,15
synthetic_00842,cluster_v100m32,82,83,82,83,1,0.25,0.00025,1,1,,3.152,5.46875,15
synthetic_00843,cluster_v100m16,4,5,4,5,1,0.25,0.00025,1,1,,3.152,5.46875,15
synthetic_00844,cluster_g2,77,78,77,78,1,0.25,0.00035,1,1,,3.152,5.46875,15
synthetic_00845,cluster_t4,22,25,22,25,3,0.75,7e-05,1,1,T4,24.2,91.0,15
synthetic_00846,cluster_g3,57,58,57,58,1,0.25,0.00035,1,1,,11.3,48.0,15
synthetic_00847,cluster_g2,69,73,69,73,4,1.0,0.00035,1,1,G2,11.3,48.0,15
synthetic_00848,cluster_g2,1,2,1,2,1,0.25,0.00035,1,1,G2,3.152,5.46875,15
synthetic_00849,cluster_t4,55,58,55,58,3,0.75,7e-05,1,1,T4,3.152,5.46875,15
synthetic_00850,cluster_v100m32,74,75,74,75,1,0.25,0.00025,1,1,,11.3,48.0,15
synthetic_00851,cluster_t4,84,85,84,85,1,0.25,7e-05,1,1,,4.0,14.900390625,15
synthetic_00852,cluster_g2,24,26,24,26,2,0.5,0.00035,1,1,,3.152,5.46875,15
synthetic_00853,cluster_v100m32,59,66,59,66,7,1.75,0.00025,1,1,G2|P100|T4|V100M16|V100M32,8.0,16.0,15
synthetic_00854,cluster_g3,49,50,49,50,1,0.25,0.00035,1,1,,11.3,48.0,15
synthetic_00855,cluster_v100m16,51,54,51,54,3,0.75,0.00025,1,1,,18.708,63.0,15
synthetic_00856,cluster_v100m32,89,90,89,90,1,0.25,0.00025,1,1,,9.81,40.5859375,15
synthetic_00857,cluster_t4,39,40,39,40,1,0.25,7e-05,1,1,T4,11.3,48.0,15
synthetic_00858,cluster_a10,24,25,24,25,1,0.25,0.00015,1,1,,3.152,5.46875,15
synthetic_00859,cluster_p100,78,79,78,79,1,0.25,0.00025,1,1,P100,11.908,46.0,15
synthetic_00860,cluster_p100,36,37,36,37,1,0.25,0.00025,1,1,,9.81,40.5859375,15
synthetic_00861,cluster_a10,1,6,1,6,5,1.25,0.00015,1,1,,4.0,24.0,15
synthetic_00862,cluster_t4,92,93,92,93,1,0.25,7e-05,1,1,T4,3.152,5.46875,15
synthetic_00863,cluster_g2,60,64,60,64,4,1.0,0.00035,1,1,G2,15.7,57.0,15
synthetic_00864,cluster_v100m32,67,75,67,75,8,2.0,0.00025,1,1,,16.0,64.0,15
synthetic_00865,cluster_g2,36,38,36,38,2,0.5,0.00035,1,1,,8.0,16.0,15
synthetic_00866,cluster_g2,4,5,4,5,1,0.25,0.00035,1,1,,3.152,5.46875,15
synthetic_00867,cluster_g3,29,30,29,30,1,0.25,0.00035,1,1,,3.152,5.46875,15
synthetic_00868,cluster_g3,90,91,90,91,1,0.25,0.00035,1,1,,11.3,48.0,15
synthetic_00869,cluster_v100m32,88,90,88,90,2,0.5,0.00025,1,1,V100M16|V100M32,8.0,32.0,15
synthetic_00870,cluster_v100m16,93,94,93,94,1,0.25,0.00025,1,1,,11.3,48.0,15
synthetic_00871,cluster_p100,70,75,70,75,5,1.25,0.00025,1,1,,8.0,29.8017578125,15
synthetic_00872,cluster_v100m32,90,91,90,91,1,0.25,0.00025,1,1,,11.3,48.0,15
synthetic_00873,cluster_p100,7,8,7,8,1,0.25,0.00025,1,1,,4.0,14.900390625,15
synthetic_00874,cluster_g2,64,67,64,67,3,0.75,0.00035,1,1,,24.2,91.0,15
synthetic_00875,cluster_t4,56,57,56,57,1,0.25,7e-05,1,1,,11.908,46.0,15
synthetic_00876,cluster_t4,32,33,32,33,1,0.25,7e-05,1,1,T4,3.152,5.46875,15
synthetic_00877,cluster_v100m16,30,31,30,31,1,0.25,0.00025,1,1,V100M16|V100M32,11.4,47.0,15
synthetic_00878,cluster_g2,73,77,73,77,4,1.0,0.00035,1,1,,16.0,32.0,15
synthetic_00879,cluster_v100m32,4,5,4,5,1,0.25,0.00025,1,1,,3.152,5.46875,15
synthetic_00880,cluster_v100m32,3,4,3,4,1,0.25,0.00025,1,1,V100M32,11.3,48.0,15
synthetic_00881,cluster_p100,76,77,76,77,1,0.25,0.00025,1,1,,4.0,22.3515625,15
synthetic_00882,cluster_g2,41,46,41,46,5,1.25,0.00035,1,1,,11.3,48.0,15
synthetic_00883,cluster_g3,58,66,58,66,8,2.0,0.00035,1,1,,11.3,37.0,15
synthetic_00884,cluster_t4,42,43,42,43,1,0.25,7e-05,1,1,T4,12.0,16.0,15
synthetic_00885,cluster_p100,95,96,95,96,1,0.25,0.00025,1,1,,4.0,14.900390625,15
synthetic_00886,cluster_t4,10,26,10,26,16,4.0,7e-05,1,1,,8.0,29.8017578125,15
synthetic_00887,cluster_v100m32,76,77,76,77,1,0.25,0.00025,1,1,,11.3,48.0,15
synthetic_00888,cluster_v100m32,15,16,15,16,1,0.25,0.00025,1,1,,3.152,5.46875,15
synthetic_00889,cluster_p100,7,9,7,9,2,0.5,0.00025,1,1,,3.152,5.46875,15
synthetic_00890,cluster_p100,79,80,79,80,1,0.25,0.00025,1,1,P100,8.0,29.8017578125,15
synthetic_00891,cluster_t4,40,41,40,41,1,0.25,7e-05,1,1,T4,4.0,14.900390625,15
synthetic_00892,cluster_g2,78,80,78,80,2,0.5,0.00035,1,1,,16.0,32.0,15
synthetic_00893,cluster_g2,82,83,82,83,1,0.25,0.00035,1,1,,11.3,48.0,15
synthetic_00894,cluster_t4,60,61,60,61,1,0.25,7e-05,1,1,,18.708,63.0,15
synthetic_00895,cluster_p100,79,80,79,80,1,0.25,0.00025,1,1,,11.4,76.0,15
synthetic_00896,cluster_v100m32,73,75,73,75,2,0.5,0.00025,1,1,,3.152,5.46875,15
synthetic_00897,cluster_t4,26,30,26,30,4,1.0,7e-05,1,1,T4,18.708,63.0,15
synthetic_00898,cluster_g3,21,27,21,27,6,1.5,0.00035,1,1,,24.2,91.0,15
synthetic_00899,cluster_v100m16,27,28,27,28,1,0.25,0.00025,1,1,,3.152,5.46875,15
synthetic_00900,cluster_v100m32,70,71,70,71,1,0.25,0.00025,1,1,,3.152,5.46875,15
synthetic_00901,cluster_t4,23,24,23,24,1,0.25,7e-05,1,1,T4,3.152,5.46875,15
synthetic_00902,cluster_t4,33,34,33,34,1,0.25,7e-05,1,1,T4,3.152,5.46875,15
synthetic_00903,cluster_g2,79,84,79,84,5,1.25,0.00035,1,1,,3.152,5.46875,15
synthetic_00904,cluster_t4,3,4,3,4,1,0.25,7e-05,1,1,T4,16.0,64.0,15
synthetic_00905,cluster_g2,2,4,2,4,2,0.5,0.00035,1,1,,11.3,48.0,15
synthetic_00906,cluster_v100m32,90,91,90,91,1,0.25,0.00025,1,1,,3.152,5.46875,15
synthetic_00907,cluster_t4,62,63,62,63,1,0.25,7e-05,1,1,T4,12.0,24.0,15
synthetic_00908,cluster_g3,50,51,50,51,1,0.25,0.00035,1,1,,3.152,5.46875,15
synthetic_00909,cluster_t4,24,25,24,25,1,0.25,7e-05,1,1,T4,3.152,5.46875,15
synthetic_00910,cluster_v100m32,35,41,35,41,6,1.5,0.00025,1,1,,4.0,14.900390625,15
synthetic_00911,cluster_g2,15,16,15,16,1,0.25,0.00035,1,1,,3.152,5.46875,15
synthetic_00912,cluster_t4,41,52,41,52,11,2.75,7e-05,1,1,,3.152,5.46875,15
synthetic_00913,cluster_t4,79,80,79,80,1,0.25,7e-05,1,1,T4,3.152,5.46875,15
synthetic_00914,cluster_v100m16,65,72,65,72,7,1.75,0.00025,1,1,,12.0,24.0,15
synthetic_00915,cluster_v100m32,86,87,86,87,1,0.25,0.00025,1,1,,15.2,79.0,15
synthetic_00916,cluster_t4,55,60,55,60,5,1.25,7e-05,1,1,T4,12.0,16.0,15
synthetic_00917,cluster_g3,42,45,42,45,3,0.75,0.00035,1,1,,15.7,57.0,15
synthetic_00918,cluster_p100,43,44,43,44,1,0.25,0.00025,1,1,,3.152,5.46875,15
synthetic_00919,cluster_v100m32,10,11,10,11,1,0.25,0.00025,1,1,,11.908,46.0,15
synthetic_00920,cluster_v100m32,64,65,64,65,1,0.25,0.00025,1,1,,12.0,24.0,15
synthetic_00921,cluster_p100,86,87,86,87,1,0.25,0.00025,1,1,P100,4.152,10.3515625,15
synthetic_00922,cluster_t4,84,85,84,85,1,0.25,0.00056,8,8,,64.2,257.0,15
synthetic_00923,cluster_t4,67,72,67,72,5,1.25,7e-05,1,1,T4,12.0,24.0,15
synthetic_00924,cluster_g2,7,9,7,9,2,0.5,0.00035,1,1,G2,11.4,47.0,15
synthetic_00925,cluster_g3,81,83,81,83,2,0.5,0.00035,1,1,,11.908,46.0,15
synthetic_00926,cluster_v100m16,0,1,0,1,1,0.25,0.00025,1,1,,3.152,5.46875,15
synthetic_00927,cluster_t4,55,56,55,56,1,0.25,7e-05,1,1,T4,3.152,5.46875,15
synthetic_00928,cluster_t4,89,90,89,90,1,0.25,7e-05,1,1,T4,3.152,5.46875,15
synthetic_00929,cluster_v100m16,36,37,36,37,1,0.25,0.002,8,8,,64.2,257.0,15
synthetic_00930,cluster_t4,15,18,15,18,3,0.75,7e-05,1,1,T4,11.3,48.0,15
synthetic_00931,cluster_t4,68,73,68,73,5,1.25,7e-05,1,1,T4,4.0,24.0,15
synthetic_00932,cluster_p100,21,22,21,22,1,0.25,0.00025,1,1,,3.152,5.46875,15
synthetic_00933,cluster_p100,71,72,71,72,1,0.25,0.00025,1,1,,11.908,46.0,15
synthetic_00934,cluster_t4,14,15,14,15,1,0.25,7e-05,1,1,T4,3.152,5.46875,15
synthetic_00935,cluster_g2,74,76,74,76,2,0.5,0.00035,1,1,,8.0,29.8017578125,15
synthetic_00936,cluster_g2,65,69,65,69,4,1.0,0.00035,1,1,G2,12.0,24.0,15
synthetic_00937,cluster_a10,26,31,26,31,5,1.25,0.00015,1,1,,4.0,24.0,15
synthetic_00938,cluster_g3,74,75,74,75,1,0.25,0.00035,1,1,,11.3,48.0,15
synthetic_00939,cluster_t4,29,30,29,30,1,0.25,7e-05,1,1,,11.908,46.0,15
synthetic_00940,cluster_a10,13,15,13,15,2,0.5,0.00015,1,1,,11.908,46.0,15
synthetic_00941,cluster_g3,39,43,39,43,4,1.0,0.00035,1,1,,9.81,40.5859375,15
synthetic_00942,cluster_v100m16,24,25,24,25,1,0.25,0.00025,1,1,,11.908,46.0,15
synthetic_00943,cluster_t4,23,24,23,24,1,0.25,7e-05,1,1,,11.3,48.0,15
synthetic_00944,cluster_t4,2,3,2,3,1,0.25,7e-05,1,1,T4,4.0,14.900390625,15
synthetic_00945,cluster_v100m32,52,57,52,57,5,1.25,0.00025,1,1,V100M32,4.0,24.0,15
synthetic_00946,cluster_v100m16,87,93,87,93,6,1.5,0.00025,1,1,,11.4,47.0,15
synthetic_00947,cluster_v100m32,16,19,16,19,3,0.75,0.00025,1,1,,11.3,48.0,15
synthetic_00948,cluster_v100m16,4,5,4,5,1,0.25,0.00025,1,1,,3.152,5.46875,15
synthetic_00949,cluster_v100m16,28,30,28,30,2,0.5,0.00025,1,1,V100M16|V100M32,11.4,47.0,15
synthetic_00950,cluster_v100m16,78,82,78,82,4,1.0,0.00025,1,1,,11.9,76.0,15
synthetic_00951,cluster_t4,92,93,92,93,1,0.25,7e-05,1,1,,9.81,40.5859375,15
synthetic_00952,cluster_v100m16,40,42,40,42,2,0.5,0.00025,1,1,,11.4,47.0,15
synthetic_00953,cluster_g3,87,88,87,88,1,0.25,0.00035,1,1,,3.152,5.46875,15
synthetic_00954,cluster_g3,80,91,80,91,11,2.75,0.00035,1,1,,11.908,46.0,15
synthetic_00955,cluster_g3,86,87,86,87,1,0.25,0.00035,1,1,,3.152,5.46875,15
synthetic_00956,cluster_v100m32,31,35,31,35,4,1.0,0.00025,1,1,A10|G2|P100|T4|V100M16|V100M32,9.81,40.5859375,15
synthetic_00957,cluster_v100m32,56,57,56,57,1,0.25,0.00025,1,1,P100|V100M16|V100M32,14.2,57.0,15
synthetic_00958,cluster_g3,52,56,52,56,4,1.0,0.00035,1,1,,12.0,15.0,15
synthetic_00959,cluster_t4,79,80,79,80,1,0.25,7e-05,1,1,T4,3.152,5.46875,15
synthetic_00960,cluster_v100m16,12,15,12,15,3,0.75,0.00025,1,1,V100M16|V100M32,11.3,48.0,15
synthetic_00961,cluster_g2,1,2,1,2,1,0.25,0.00035,1,1,,3.152,5.46875,15
synthetic_00962,cluster_t4,87,88,87,88,1,0.25,7e-05,1,1,T4,3.152,5.46875,15
synthetic_00963,cluster_g2,77,78,77,78,1,0.25,0.00035,1,1,G2,3.152,5.46875,15
synthetic_00964,cluster_t4,4,5,4,5,1,0.25,7e-05,1,1,,3.152,5.46875,15
synthetic_00965,cluster_v100m16,60,61,60,61,1,0.25,0.00025,1,1,,11.4,47.0,15
synthetic_00966,cluster_t4,4,7,4,7,3,0.75,7e-05,1,1,,15.7,57.0,15
synthetic_00967,cluster_v100m16,35,37,35,37,2,0.5,0.00025,1,1,,11.908,46.0,15
synthetic_00968,cluster_a10,7,8,7,8,1,0.25,0.00015,1,1,,3.152,5.46875,15
synthetic_00969,cluster_g2,42,45,42,45,3,0.75,0.00035,1,1,G2,15.7,57.0,15
synthetic_00970,cluster_p100,46,47,46,47,1,0.25,0.00025,1,1,P100,3.152,5.46875,15
synthetic_00971,cluster_g3,68,69,68,69,1,0.25,0.00035,1,1,,3.152,5.46875,15
synthetic_00972,cluster_t4,38,39,38,39,1,0.25,7e-05,1,1,,3.152,5.46875,15
synthetic_00973,cluster_v100m16,25,40,25,40,15,3.75,0.00025,1,1,,12.0,15.0,15
synthetic_00974,cluster_t4,16,17,16,17,1,0.25,7e-05,1,1,T4,11.4,47.0,15
synthetic_00975,cluster_g2,8,13,8,13,5,1.25,0.00035,1,1,,4.0,24.0,15
synthetic_00976,cluster_p100,27,32,27,32,5,1.25,0.00025,1,1,,3.152,5.46875,15
synthetic_00977,cluster_p100,80,89,80,89,9,2.25,0.00025,1,1,,11.908,46.0,15
synthetic_00978,cluster_t4,50,52,50,52,2,0.5,7e-05,1,1,T4,11.908,46.0,15
synthetic_00979,cluster_g2,78,80,78,80,2,0.5,0.00035,1,1,,11.3,37.0,15
synthetic_00980,cluster_t4,76,77,76,77,1,0.25,7e-05,1,1,T4,11.3,48.0,15
synthetic_00981,cluster_v100m32,91,93,91,93,2,0.5,0.00025,1,1,,11.9,76.0,15
synthetic_00982,cluster_p100,82,86,82,86,4,1.0,0.00025,1,1,,11.4,47.0,15
synthetic_00983,cluster_p100,53,54,53,54,1,0.25,0.00025,1,1,,3.152,5.46875,15
synthetic_00984,cluster_g3,68,69,68,69,1,0.25,0.00035,1,1,,3.152,5.46875,15
synthetic_00985,cluster_v100m32,20,21,20,21,1,0.25,0.00025,1,1,,3.152,5.46875,15
synthetic_00986,cluster_t4,34,35,34,35,1,0.25,7e-05,1,1,T4,11.3,48.0,15
synthetic_00987,cluster_v100m32,35,36,35,36,1,0.25,0.00025,1,1,,18.708,63.0,15
synthetic_00988,cluster_p100,93,94,93,94,1,0.25,0.00025,1,1,,11.908,46.0,15
synthetic_00989,cluster_t4,83,88,83,88,5,1.25,7e-05,1,1,,8.0,29.8017578125,15
synthetic_00990,cluster_t4,36,37,36,37,1,0.25,7e-05,1,1,T4,11.4,47.0,15
synthetic_00991,cluster_t4,27,28,27,28,1,0.25,7e-05,1,1,T4,11.908,46.0,15
synthetic_00992,cluster_g2,32,33,32,33,1,0.25,0.00035,1,1,,11.908,46.0,15
synthetic_00993,cluster_t4,62,63,62,63,1,0.25,7e-05,1,1,T4,11.3,48.0,15
synthetic_00994,cluster_v100m16,81,85,81,85,4,1.0,0.00025,1,1,,3.152,5.46875,15
synthetic_00995,cluster_t4,48,49,48,49,1,0.25,7e-05,1,1,,3.152,5.46875,15
synthetic_00996,cluster_t4,42,47,42,47,5,1.25,7e-05,1,1,,4.0,22.3515625,15
synthetic_00997,cluster_g3,50,51,50,51,1,0.25,0.00035,1,1,,3.152,5.46875,15
synthetic_00998,cluster_g3,42,47,42,47,5,1.25,0.00035,1,1,G3,4.0,24.0,15
synthetic_00999,cluster_v100m16,94,95,94,95,1,0.25,0.00025,1,1,,8.0,29.8017578125,15
synthetic_01000,cluster_v100m32,68,70,68,70,2,0.5,0.00025,1,1,,15.4,88.0,15
synthetic_01001,cluster_g3,23,24,23,24,1,0.25,0.00035,1,1,,6.0,6.0,15
synthetic_01002,cluster_g2,65,67,65,67,2,0.5,0.00035,1,1,,4.0,22.3515625,15
synthetic_01003,cluster_p100,40,41,40,41,1,0.25,0.00025,1,1,P100,8.0,29.8017578125,15
synthetic_01004,cluster_v100m32,43,44,43,44,1,0.25,0.00025,1,1,,11.9,76.0,15
synthetic_01005,cluster_g2,41,42,41,42,1,0.25,0.00035,1,1,,11.3,48.0,15
synthetic_01006,cluster_t4,46,51,46,51,5,1.25,7e-05,1,1,T4,11.4,47.0,15
synthetic_01007,cluster_t4,63,64,63,64,1,0.25,7e-05,1,1,T4,3.152,5.46875,15
synthetic_01008,cluster_a10,94,95,94,95,1,0.25,0.00015,1,1,,3.152,5.46875,15
synthetic_01009,cluster_v100m16,55,56,55,56,1,0.25,0.00025,1,1,,12.0,16.0,15
synthetic_01010,cluster_g2,17,19,17,19,2,0.5,0.00035,1,1,,4.0,29.8017578125,15
synthetic_01011,cluster_g2,16,17,16,17,1,0.25,0.00035,1,1,,4.0,29.8017578125,15
synthetic_01012,cluster_v100m32,46,47,46,47,1,0.25,0.00025,1,1,,8.0,29.8017578125,15
synthetic_01013,cluster_v100m16,83,88,83,88,5,1.25,0.00025,1,1,,12.0,16.0,15
synthetic_01014,cluster_t4,16,17,16,17,1,0.25,7e-05,1,1,,11.4,47.0,15
synthetic_01015,cluster_g2,84,86,84,86,2,0.5,0.00035,1,1,,8.0,29.8017578125,15
synthetic_01016,cluster_v100m32,64,65,64,65,1,0.25,0.00025,1,1,,4.0,24.0,15
synthetic_01017,cluster_g2,19,26,19,26,7,1.75,0.00035,1,1,,11.3,48.0,15
synthetic_01018,cluster_a10,4,5,4,5,1,0.25,0.00015,1,1,,4.0,29.8017578125,15
synthetic_01019,cluster_v100m16,8,9,8,9,1,0.25,0.00025,1,1,,11.4,47.0,15
synthetic_01020,cluster_t4,65,66,65,66,1,0.25,7e-05,1,1,T4,4.0,22.3515625,15
synthetic_01021,cluster_g2,48,61,48,61,13,3.25,0.00035,1,1,,11.908,46.0,15
synthetic_01022,cluster_v100m16,28,29,28,29,1,0.25,0.00025,1,1,,4.0,14.900390625,15
synthetic_01023,cluster_v100m32,62,68,62,68,6,1.5,0.00025,1,1,,8.0,16.0,15
synthetic_01024,cluster_v100m32,63,65,63,65,2,0.5,0.00025,1,1,,8.2,33.0,15
synthetic_01025,cluster_g2,30,31,30,31,1,0.25,0.00035,1,1,,3.152,5.46875,15
synthetic_01026,cluster_t4,35,41,35,41,6,1.5,7e-05,1,1,,11.908,46.0,15
synthetic_01027,cluster_t4,9,10,9,10,1,0.25,7e-05,1,1,T4,3.152,5.46875,15
synthetic_01028,cluster_g2,67,68,67,68,1,0.25,0.00035,1,1,,3.152,5.46875,15
synthetic_01029,cluster_t4,60,67,60,67,7,1.75,7e-05,1,1,T4,1.0,6.0,15
synthetic_01030,cluster_g3,82,83,82,83,1,0.25,0.00035,1,1,,8.0,29.8017578125,15
synthetic_01031,cluster_p100,41,42,41,42,1,0.25,0.00025,1,1,,3.152,5.46875,15
synthetic_01032,cluster_a10,47,48,47,48,1,0.25,0.00015,1,1,,11.4,76.0,15
synthetic_01033,cluster_v100m32,53,54,53,54,1,0.25,0.00025,1,1,V100M16|V100M32,11.3,48.0,15
synthetic_01034,cluster_t4,72,73,72,73,1,0.25,7e-05,1,1,T4,11.3,48.0,15
synthetic_01035,cluster_g3,84,88,84,88,4,1.0,0.00035,1,1,,4.0,29.8017578125,15
synthetic_01036,cluster_p100,0,5,0,5,5,1.25,0.00025,1,1,,4.0,14.900390625,15
synthetic_01037,cluster_v100m32,61,62,61,62,1,0.25,0.00025,1,1,,8.0,29.8017578125,15
synthetic_01038,cluster_t4,52,53,52,53,1,0.25,7e-05,1,1,,11.908,46.0,15
synthetic_01039,cluster_p100,65,66,65,66,1,0.25,0.00025,1,1,,11.908,46.0,15
synthetic_01040,cluster_t4,63,64,63,64,1,0.25,7e-05,1,1,T4,3.152,5.46875,15
synthetic_01041,cluster_v100m16,49,50,49,50,1,0.25,0.00025,1,1,,11.3,48.0,15
synthetic_01042,cluster_t4,52,54,52,54,2,0.5,7e-05,1,1,T4,11.3,48.0,15
synthetic_01043,cluster_t4,38,39,38,39,1,0.25,7e-05,1,1,T4,14.2,57.0,15
synthetic_01044,cluster_v100m32,58,62,58,62,4,1.0,0.00025,1,1,,11.908,46.0,15
synthetic_01045,cluster_v100m32,85,86,85,86,1,0.25,0.00025,1,1,G2|P100|T4|V100M16|V100M32,3.152,5.46875,15
synthetic_01046,cluster_t4,8,12,8,12,4,1.0,7e-05,1,1,T4,11.4,47.0,15
synthetic_01047,cluster_g2,56,61,56,61,5,1.25,0.00035,1,1,,11.4,47.0,15
synthetic_01048,cluster_v100m16,5,7,5,7,2,0.5,0.00025,1,1,,4.152,10.3515625,15
synthetic_01049,cluster_p100,71,72,71,72,1,0.25,0.00025,1,1,,4.0,22.3515625,15
synthetic_01050,cluster_p100,51,52,51,52,1,0.25,0.00025,1,1,,8.0,32.0,15
synthetic_01051,cluster_v100m32,59,60,59,60,1,0.25,0.00025,1,1,,11.908,46.0,15
synthetic_01052,cluster_t4,46,47,46,47,1,0.25,7e-05,1,1,T4,12.0,24.0,15
synthetic_01053,cluster_p100,5,8,5,8,3,0.75,0.00025,1,1,,15.7,57.0,15
synthetic_01054,cluster_t4,16,17,16,17,1,0.25,7e-05,1,1,,3.152,5.46875,15
synthetic_01055,cluster_g2,1,2,1,2,1,0.25,0.00035,1,1,G2,11.3,48.0,15
synthetic_01056,cluster_t4,37,43,37,43,6,1.5,7e-05,1,1,T4,16.0,32.0,15
synthetic_01057,cluster_g2,29,36,29,36,7,1.75,0.00035,1,1,,12.0,15.0,15
synthetic_01058,cluster_v100m16,8,11,8,11,3,0.75,0.00025,1,1,,11.3,48.0,15
synthetic_01059,cluster_p100,32,33,32,33,1,0.25,0.00025,1,1,P100,3.152,5.46875,15
synthetic_01060,cluster_t4,3,5,3,5,2,0.5,7e-05,1,1,,3.152,5.46875,15
synthetic_01061,cluster_v100m16,8,9,8,9,1,0.25,0.00025,1,1,V100M16|V100M32,11.3,48.0,15
synthetic_01062,cluster_g2,50,61,50,61,11,2.75,0.00035,1,1,G2,12.0,24.0,15
synthetic_01063,cluster_p100,57,58,57,58,1,0.25,0.00025,1,1,,11.908,46.0,15
synthetic_01064,cluster_t4,18,20,18,20,2,0.5,7e-05,1,1,,3.152,5.46875,15
synthetic_01065,cluster_p100,43,45,43,45,2,0.5,0.00025,1,1,,11.908,46.0,15
synthetic_01066,cluster_p100,25,27,25,27,2,0.5,0.00025,1,1,P100,4.152,10.3515625,15
synthetic_01067,cluster_v100m32,64,66,64,66,2,0.5,0.00025,1,1,,11.3,48.0,15
synthetic_01068,cluster_t4,1,8,1,8,7,1.75,7e-05,1,1,,6.0,8.0,15
synthetic_01069,cluster_g3,23,24,23,24,1,0.25,0.00035,1,1,,11.908,46.0,15
synthetic_01070,cluster_t4,66,74,66,74,8,2.0,7e-05,1,1,T4,8.0,16.0,15
synthetic_01071,cluster_t4,16,19,16,19,3,0.75,7e-05,1,1,T4,12.0,15.0,15
synthetic_01072,cluster_t4,62,63,62,63,1,0.25,7e-05,1,1,T4,11.3,48.0,15
synthetic_01073,cluster_t4,47,48,47,48,1,0.25,7e-05,1,1,T4,4.0,14.900390625,15
synthetic_01074,cluster_g3,58,70,58,70,12,3.0,0.00035,1,1,,2.0,16.0,15
synthetic_01075,cluster_g3,9,10,9,10,1,0.25,0.00035,1,1,,6.0,12.0,15
synthetic_01076,cluster_v100m16,68,69,68,69,1,0.25,0.00025,1,1,,3.152,5.46875,15
synthetic_01077,cluster_v100m16,49,50,49,50,1,0.25,0.00025,1,1,,11.4,47.0,15
synthetic_01078,cluster_g2,25,26,25,26,1,0.25,0.00035,1,1,,3.152,5.46875,15
synthetic_01079,cluster_g2,32,33,32,33,1,0.25,0.00035,1,1,,11.4,47.0,15
synthetic_01080,cluster_v100m32,73,81,73,81,8,2.0,0.00025,1,1,V100M16|V100M32,4.0,30.517578125,15
synthetic_01081,cluster_t4,39,42,39,42,3,0.75,7e-05,1,1,,18.708,63.0,15
synthetic_01082,cluster_v100m32,2,3,2,3,1,0.25,0.00025,1,1,,3.152,5.46875,15
synthetic_01083,cluster_v100m32,50,51,50,51,1,0.25,0.00025,1,1,P100|V100M16|V100M32,14.2,57.0,15
synthetic_01084,cluster_v100m32,67,73,67,73,6,1.5,0.00025,1,1,,8.0,32.0,15
synthetic_01085,cluster_v100m32,36,37,36,37,1,0.25,0.00025,1,1,,6.0,6.0,15
synthetic_01086,cluster_v100m32,70,71,70,71,1,0.25,0.00025,1,1,,6.0,6.0,15
synthetic_01087,cluster_p100,40,41,40,41,1,0.25,0.00025,1,1,P100,11.908,46.0,15
synthetic_01088,cluster_a10,31,32,31,32,1,0.25,0.00015,1,1,,16.4,123.0,15
synthetic_01089,cluster_t4,8,9,8,9,1,0.25,7e-05,1,1,T4,11.4,47.0,15
synthetic_01090,cluster_p100,77,78,77,78,1,0.25,0.00025,1,1,P100|V100M16|V100M32,11.4,47.0,15
synthetic_01091,cluster_g2,82,90,82,90,8,2.0,0.00035,1,1,,11.4,47.0,15
synthetic_01092,cluster_t4,45,48,45,48,3,0.75,7e-05,1,1,,11.4,47.0,15
synthetic_01093,cluster_t4,79,93,79,93,14,3.5,7e-05,1,1,T4,16.0,64.0,15
synthetic_01094,cluster_t4,11,12,11,12,1,0.25,7e-05,1,1,T4,3.152,5.46875,15
synthetic_01095,cluster_v100m32,9,10,9,10,1,0.25,0.00025,1,1,V100M32,11.3,48.0,15
synthetic_01096,cluster_v100m16,93,94,93,94,1,0.25,0.00025,1,1,,3.152,5.46875,15
synthetic_01097,cluster_p100,75,80,75,80,5,1.25,0.00025,1,1,,4.0,24.0,15
synthetic_01098,cluster_g2,14,17,14,17,3,0.75,0.00035,1,1,,15.7,57.0,15
synthetic_01099,cluster_v100m32,83,84,83,84,1,0.25,0.00025,1,1,V100M16|V100M32,18.708,63.0,15
synthetic_01100,cluster_t4,71,83,71,83,12,3.0,7e-05,1,1,,12.0,24.0,15
synthetic_01101,cluster_t4,90,91,90,91,1,0.25,7e-05,1,1,T4,3.152,5.46875,15
synthetic_01102,cluster_a10,61,63,61,63,2,0.5,0.00015,1,1,,6.0,6.0,15
synthetic_01103,cluster_v100m32,69,70,69,70,1,0.25,0.00025,1,1,V100M16|V100M32,3.152,5.46875,15
synthetic_01104,cluster_p100,69,70,69,70,1,0.25,0.00025,1,1,,3.152,5.46875,15
synthetic_01105,cluster_g3,72,73,72,73,1,0.25,0.00035,1,1,G3,12.0,16.0,15
synthetic_01106,cluster_t4,36,39,36,39,3,0.75,7e-05,1,1,,24.2,91.0,15
synthetic_01107,cluster_p100,21,23,21,23,2,0.5,0.00025,1,1,,9.81,40.5859375,15
synthetic_01108,cluster_g3,52,55,52,55,3,0.75,0.00035,1,1,,11.4,47.0,15
synthetic_01109,cluster_g2,67,68,67,68,1,0.25,0.00035,1,1,,3.152,5.46875,15
synthetic_01110,cluster_p100,93,94,93,94,1,0.25,0.00025,1,1,P100,3.152,5.46875,15
synthetic_01111,cluster_v100m16,77,78,77,78,1,0.25,0.00025,1,1,A10|G2|T4|V100M16|V100M32,11.3,48.0,15
synthetic_01112,cluster_v100m32,33,34,33,34,1,0.25,0.00025,1,1,V100M16|V100M32,11.4,47.0,15
synthetic_01113,cluster_g2,11,13,11,13,2,0.5,0.00035,1,1,,3.152,5.46875,15
synthetic_01114,cluster_g3,51,52,51,52,1,0.25,0.00035,1,1,,3.152,5.46875,15
synthetic_01115,cluster_a10,62,63,62,63,1,0.25,0.00015,1,1,,11.3,48.0,15
synthetic_01116,cluster_g2,9,11,9,11,2,0.5,0.00035,1,1,G2,11.4,47.0,15
synthetic_01117,cluster_v100m32,21,22,21,22,1,0.25,0.00025,1,1,,4.152,10.3515625,15
synthetic_01118,cluster_p100,30,31,30,31,1,0.25,0.00025,1,1,P100,4.152,10.3515625,15
synthetic_01119,cluster_p100,8,9,8,9,1,0.25,0.00025,1,1,,3.152,5.46875,15
synthetic_01120,cluster_p100,63,65,63,65,2,0.5,0.00025,1,1,,24.2,91.0,15
synthetic_01121,cluster_v100m32,40,41,40,41,1,0.25,0.00025,1,1,,11.908,46.0,15
synthetic_01122,cluster_g2,21,36,21,36,15,3.75,0.00035,1,1,G2,11.4,47.0,15
synthetic_01123,cluster_v100m32,2,3,2,3,1,0.25,0.00025,1,1,V100M16|V100M32,11.3,48.0,15
synthetic_01124,cluster_p100,61,62,61,62,1,0.25,0.00025,1,1,,11.908,46.0,15
synthetic_01125,cluster_t4,0,3,0,3,3,0.75,7e-05,1,1,T4,4.0,14.900390625,15
synthetic_01126,cluster_t4,66,68,66,68,2,0.5,7e-05,1,1,T4,3.152,5.46875,15
synthetic_01127,cluster_v100m32,15,27,15,27,12,3.0,0.00025,1,1,,12.0,15.0,15
synthetic_01128,cluster_v100m16,64,65,64,65,1,0.25,0.00025,1,1,V100M16|V100M32,11.3,48.0,15
synthetic_01129,cluster_a10,80,81,80,81,1,0.25,0.00015,1,1,,3.152,5.46875,15
synthetic_01130,cluster_t4,33,35,33,35,2,0.5,7e-05,1,1,T4,11.908,46.0,15
synthetic_01131,cluster_t4,33,34,33,34,1,0.25,7e-05,1,1,T4,24.2,91.0,15
synthetic_01132,cluster_t4,6,8,6,8,2,0.5,7e-05,1,1,,11.3,48.0,15
synthetic_01133,cluster_g3,21,22,21,22,1,0.25,0.00035,1,1,,11.3,48.0,15
synthetic_01134,cluster_g2,9,14,9,14,5,1.25,0.00035,1,1,,4.0,30.517578125,15
synthetic_01135,cluster_t4,64,65,64,65,1,0.25,7e-05,1,1,,8.0,29.8017578125,15
synthetic_01136,cluster_t4,27,28,27,28,1,0.25,7e-05,1,1,,3.152,5.46875,15
synthetic_01137,cluster_v100m16,43,44,43,44,1,0.25,0.00025,1,1,,8.0,29.8017578125,15
synthetic_01138,cluster_t4,26,27,26,27,1,0.25,7e-05,1,1,T4,12.0,24.0,15
synthetic_01139,cluster_v100m32,36,37,36,37,1,0.25,0.00025,1,1,V100M16|V100M32,3.152,5.46875,15
synthetic_01140,cluster_v100m32,9,11,9,11,2,0.5,0.00025,1,1,,11.908,46.0,15
synthetic_01141,cluster_t4,62,67,62,67,5,1.25,7e-05,1,1,,11.908,46.0,15
synthetic_01142,cluster_t4,88,89,88,89,1,0.25,7e-05,1,1,T4,3.152,5.46875,15
synthetic_01143,cluster_t4,71,72,71,72,1,0.25,7e-05,1,1,T4,11.3,48.0,15
synthetic_01144,cluster_v100m32,61,64,61,64,3,0.75,0.00025,1,1,,15.7,57.0,15
synthetic_01145,cluster_p100,51,52,51,52,1,0.25,0.00025,1,1,,3.152,5.46875,15
synthetic_01146,cluster_v100m16,33,34,33,34,1,0.25,0.00025,1,1,V100M16|V100M32,11.3,48.0,15
synthetic_01147,cluster_t4,65,67,65,67,2,0.5,7e-05,1,1,T4,11.4,47.0,15
synthetic_01148,cluster_t4,5,6,5,6,1,0.25,7e-05,1,1,T4,12.0,24.0,15
synthetic_01149,cluster_a10,50,51,50,51,1,0.25,0.00015,1,1,,11.908,46.0,15
synthetic_01150,cluster_g3,60,65,60,65,5,1.25,0.00035,1,1,G3,11.9,76.0,15
synthetic_01151,cluster_g2,71,72,71,72,1,0.25,0.00035,1,1,G2,11.3,48.0,15
synthetic_01152,cluster_p100,1,2,1,2,1,0.25,0.00025,1,1,,11.908,46.0,15
synthetic_01153,cluster_v100m16,0,5,0,5,5,1.25,0.00025,1,1,,8.0,64.0,15
synthetic_01154,cluster_t4,17,18,17,18,1,0.25,7e-05,1,1,T4,3.152,5.46875,15
synthetic_01155,cluster_p100,80,81,80,81,1,0.25,0.00025,1,1,P100,3.152,5.46875,15
synthetic_01156,cluster_t4,23,29,23,29,6,1.5,7e-05,1,1,,11.908,46.0,15
synthetic_01157,cluster_g2,25,27,25,27,2,0.5,0.00035,1,1,,11.908,46.0,15
synthetic_01158,cluster_t4,84,85,84,85,1,0.25,7e-05,1,1,T4,11.3,48.0,15
synthetic_01159,cluster_g2,85,87,85,87,2,0.5,0.00035,1,1,G2|P100|T4|V100M16|V100M32,12.0,16.0,15
synthetic_01160,cluster_p100,10,11,10,11,1,0.25,0.00025,1,1,,24.2,91.0,15
synthetic_01161,cluster_t4,57,59,57,59,2,0.5,7e-05,1,1,T4,4.0,14.900390625,15
synthetic_01162,cluster_p100,17,18,17,18,1,0.25,0.00025,1,1,P100,3.152,5.46875,15
synthetic_01163,cluster_g2,18,23,18,23,5,1.25,0.00035,1,1,G2,11.4,47.0,15
synthetic_01164,cluster_g3,54,55,54,55,1,0.25,0.00035,1,1,,3.152,5.46875,15
synthetic_01165,cluster_t4,56,57,56,57,1,0.25,7e-05,1,1,,11.4,47.0,15
synthetic_01166,cluster_a10,77,78,77,78,1,0.25,0.00015,1,1,,3.152,5.46875,15
synthetic_01167,cluster_v100m16,40,41,40,41,1,0.25,0.00025,1,1,,11.3,48.0,15
synthetic_01168,cluster_g2,57,58,57,58,1,0.25,0.00035,1,1,G2,11.9,76.0,15
synthetic_01169,cluster_v100m16,42,43,42,43,1,0.25,0.00025,1,1,V100M16|V100M32,11.3,48.0,15
synthetic_01170,cluster_t4,92,93,92,93,1,0.25,7e-05,1,1,T4,11.908,46.0,15
synthetic_01171,cluster_t4,31,32,31,32,1,0.25,7e-05,1,1,T4,3.152,5.46875,15
synthetic_01172,cluster_v100m32,48,49,48,49,1,0.25,0.00025,1,1,,3.152,5.46875,15
synthetic_01173,cluster_g2,25,26,25,26,1,0.25,0.00035,1,1,G2,11.3,48.0,15
synthetic_01174,cluster_v100m16,62,63,62,63,1,0.25,0.00025,1,1,,3.152,5.46875,15
synthetic_01175,cluster_p100,42,43,42,43,1,0.25,0.00025,1,1,,4.0,22.3515625,15
synthetic_01176,cluster_t4,43,45,43,45,2,0.5,7e-05,1,1,T4,11.3,48.0,15
synthetic_01177,cluster_v100m32,13,27,13,27,14,3.5,0.00025,1,1,V100M16|V100M32,11.4,47.0,15
synthetic_01178,cluster_t4,3,4,3,4,1,0.25,7e-05,1,1,,3.152,5.46875,15
synthetic_01179,cluster_g3,66,67,66,67,1,0.25,0.00035,1,1,,8.0,29.8017578125,15
synthetic_01180,cluster_v100m16,0,1,0,1,1,0.25,0.00025,1,1,,3.152,5.46875,15
synthetic_01181,cluster_a10,9,10,9,10,1,0.25,0.00015,1,1,,3.152,5.46875,15
synthetic_01182,cluster_g2,83,88,83,88,5,1.25,0.00035,1,1,,4.0,24.0,15
synthetic_01183,cluster_t4,42,43,42,43,1,0.25,7e-05,1,1,,11.3,48.0,15
synthetic_01184,cluster_p100,55,60,55,60,5,1.25,0.00025,1,1,P100,6.0,8.0,15
synthetic_01185,cluster_t4,72,74,72,74,2,0.5,7e-05,1,1,T4,16.0,32.0,15
synthetic_01186,cluster_p100,5,6,5,6,1,0.25,0.00025,1,1,,3.152,5.46875,15
synthetic_01187,cluster_g2,35,36,35,36,1,0.25,0.00035,1,1,G2,11.3,48.0,15
synthetic_01188,cluster_g2,25,26,25,26,1,0.25,0.00035,1,1,,8.0,29.8017578125,15
synthetic_01189,cluster_g2,26,27,26,27,1,0.25,0.00035,1,1,G2,12.0,16.0,15
synthetic_01190,cluster_g3,26,28,26,28,2,0.5,0.00035,1,1,,4.0,32.0,15
synthetic_01191,cluster_g3,34,35,34,35,1,0.25,0.00035,1,1,,8.2,33.0,15
synthetic_01192,cluster_t4,80,86,80,86,6,1.5,7e-05,1,1,T4,12.0,24.0,15
synthetic_01193,cluster_p100,7,8,7,8,1,0.25,0.00025,1,1,P100,3.152,5.46875,15
synthetic_01194,cluster_p100,1,2,1,2,1,0.25,0.00025,1,1,P100,4.0,14.900390625,15
synthetic_01195,cluster_g3,25,27,25,27,2,0.5,0.00035,1,1,,11.3,48.0,15
synthetic_01196,cluster_g3,34,44,34,44,10,2.5,0.00035,1,1,,4.0,22.3515625,15
synthetic_01197,cluster_t4,31,32,31,32,1,0.25,7e-05,1,1,T4,11.3,48.0,15
synthetic_01198,cluster_g2,32,33,32,33,1,0.25,0.00035,1,1,,3.152,5.46875,15
synthetic_01199,cluster_v100m16,77,78,77,78,1,0.25,0.00025,1,1,,11.3,48.0,15
synthetic_01200,cluster_g2,56,57,56,57,1,0.25,0.00035,1,1,,3.152,5.46875,15
synthetic_01201,cluster_g2,91,92,91,92,1,0.25,0.00035,1,1,,3.152,5.46875,15
synthetic_01202,cluster_p100,43,59,43,59,16,4.0,0.00025,1,1,,8.0,29.8017578125,15
synthetic_01203,cluster_g2,66,67,66,67,1,0.25,0.00035,1,1,,11.4,76.0,15
synthetic_01204,cluster_t4,90,91,90,91,1,0.25,7e-05,1,1,T4,11.3,48.0,15
synthetic_01205,cluster_g2,33,35,33,35,2,0.5,0.00035,1,1,,11.908,46.0,15
synthetic_01206,cluster_v100m32,60,62,60,62,2,0.5,0.00025,1,1,,6.0,6.0,15
synthetic_01207,cluster_v100m32,12,14,12,14,2,0.5,0.00025,1,1,,24.2,91.0,15
synthetic_01208,cluster_p100,65,66,65,66,1,0.25,0.00025,1,1,,11.908,46.0,15
synthetic_01209,cluster_t4,10,11,10,11,1,0.25,7e-05,1,1,T4,4.0,29.8017578125,15
synthetic_01210,cluster_v100m16,9,11,9,11,2,0.5,0.00025,1,1,,8.0,16.0,15
synthetic_01211,cluster_t4,17,20,17,20,3,0.75,7e-05,1,1,,4.0,14.900390625,15
synthetic_01212,cluster_g3,46,56,46,56,10,2.5,0.00035,1,1,G3,1.0,6.0,15
synthetic_01213,cluster_g2,19,22,19,22,3,0.75,0.0007,2,2,,30.2,157.0,15
synthetic_01214,cluster_v100m32,87,90,87,90,3,0.75,0.00025,1,1,,6.0,23.0,15
synthetic_01215,cluster_g3,42,44,42,44,2,0.5,0.00035,1,1,,3.152,5.46875,15
synthetic_01216,cluster_t4,92,93,92,93,1,0.25,7e-05,1,1,T4,11.4,47.0,15
synthetic_01217,cluster_g2,14,16,14,16,2,0.5,0.00035,1,1,,4.0,29.8017578125,15
synthetic_01218,cluster_v100m32,60,61,60,61,1,0.25,0.00025,1,1,,3.152,5.46875,15
synthetic_01219,cluster_v100m32,36,37,36,37,1,0.25,0.00025,1,1,,3.152,5.46875,15
synthetic_01220,cluster_t4,10,15,10,15,5,1.25,7e-05,1,1,T4,4.0,24.0,15
synthetic_01221,cluster_g3,57,62,57,62,5,1.25,0.00035,1,1,,9.81,40.5859375,15
synthetic_01222,cluster_g2,29,30,29,30,1,0.25,0.00035,1,1,,4.0,22.3515625,15
synthetic_01223,cluster_t4,53,55,53,55,2,0.5,7e-05,1,1,,9.81,40.5859375,15
synthetic_01224,cluster_g3,83,84,83,84,1,0.25,0.00035,1,1,,4.152,10.3515625,15
synthetic_01225,cluster_g3,52,53,52,53,1,0.25,0.00035,1,1,,11.3,48.0,15
synthetic_01226,cluster_t4,14,15,14,15,1,0.25,7e-05,1,1,,3.152,5.46875,15
synthetic_01227,cluster_g2,95,96,95,96,1,0.25,0.00035,1,1,G2,12.0,16.0,15
synthetic_01228,cluster_g2,46,47,46,47,1,0.25,0.00035,1,1,,6.0,6.0,15
synthetic_01229,cluster_t4,1,4,1,4,3,0.75,7e-05,1,1,,11.3,48.0,15
synthetic_01230,cluster_t4,9,10,9,10,1,0.25,7e-05,1,1,T4,12.0,15.0,15
synthetic_01231,cluster_g3,15,16,15,16,1,0.25,0.00035,1,1,,11.908,46.0,15
synthetic_01232,cluster_t4,68,69,68,69,1,0.25,7e-05,1,1,,11.3,48.0,15
synthetic_01233,cluster_p100,91,95,91,95,4,1.0,0.00025,1,1,,11.908,46.0,15
synthetic_01234,cluster_g2,38,39,38,39,1,0.25,0.00035,1,1,,3.152,5.46875,15
synthetic_01235,cluster_v100m32,48,49,48,49,1,0.25,0.00025,1,1,,4.0,22.3515625,15
synthetic_01236,cluster_v100m32,85,86,85,86,1,0.25,0.00025,1,1,,4.152,10.3515625,15
synthetic_01237,cluster_t4,76,77,76,77,1,0.25,7e-05,1,1,T4,8.0,29.8017578125,15
synthetic_01238,cluster_p100,95,96,95,96,1,0.25,0.00025,1,1,P100,3.152,5.46875,15
synthetic_01239,cluster_v100m16,67,72,67,72,5,1.25,0.00025,1,1,,11.908,46.0,15
synthetic_01240,cluster_g2,71,72,71,72,1,0.25,0.00035,1,1,,3.152,5.46875,15
synthetic_01241,cluster_v100m16,9,15,9,15,6,1.5,0.00025,1,1,,11.908,46.0,15
synthetic_01242,cluster_t4,85,88,85,88,3,0.75,7e-05,1,1,,24.2,91.0,15
synthetic_01243,cluster_p100,62,63,62,63,1,0.25,0.00025,1,1,,11.3,48.0,15
synthetic_01244,cluster_p100,37,38,37,38,1,0.25,0.00025,1,1,,11.3,48.0,15
synthetic_01245,cluster_g2,62,63,62,63,1,0.25,0.00035,1,1,,18.708,63.0,15
synthetic_01246,cluster_v100m32,3,7,3,7,4,1.0,0.00025,1,1,,4.0,22.3515625,15
synthetic_01247,cluster_g3,32,38,32,38,6,1.5,0.00035,1,1,G3,11.4,47.0,15
synthetic_01248,cluster_g3,95,96,95,96,1,0.25,0.00035,1,1,,11.4,47.0,15
synthetic_01249,cluster_g2,14,15,14,15,1,0.25,0.00035,1,1,,3.152,5.46875,15
synthetic_01250,cluster_t4,1,2,1,2,1,0.25,7e-05,1,1,T4,24.2,91.0,15
synthetic_01251,cluster_v100m32,31,33,31,33,2,0.5,0.00025,1,1,,16.0,32.0,15
synthetic_01252,cluster_v100m16,74,78,74,78,4,1.0,0.00025,1,1,V100M16,11.3,48.0,15
synthetic_01253,cluster_p100,14,15,14,15,1,0.25,0.00025,1,1,P100,8.0,29.8017578125,15
synthetic_01254,cluster_t4,24,25,24,25,1,0.25,7e-05,1,1,T4,11.9,76.0,15
synthetic_01255,cluster_p100,27,28,27,28,1,0.25,0.00025,1,1,P100,3.152,5.46875,15
synthetic_01256,cluster_v100m16,4,5,4,5,1,0.25,0.00025,1,1,,11.3,48.0,15
synthetic_01257,cluster_v100m16,58,62,58,62,4,1.0,0.00025,1,1,,8.0,29.8017578125,15
synthetic_01258,cluster_g3,41,45,41,45,4,1.0,0.00035,1,1,,8.0,29.8017578125,15
synthetic_01259,cluster_p100,39,40,39,40,1,0.25,0.00025,1,1,,3.152,5.46875,15
synthetic_01260,cluster_p100,81,82,81,82,1,0.25,0.00025,1,1,,11.4,47.0,15
synthetic_01261,cluster_v100m16,1,2,1,2,1,0.25,0.00025,1,1,,8.2,33.0,15
synthetic_01262,cluster_t4,11,12,11,12,1,0.25,7e-05,1,1,T4,3.152,5.46875,15
synthetic_01263,cluster_v100m16,46,47,46,47,1,0.25,0.00025,1,1,,3.152,5.46875,15
synthetic_01264,cluster_p100,44,46,44,46,2,0.5,0.00025,1,1,,11.908,46.0,15
synthetic_01265,cluster_g2,23,24,23,24,1,0.25,0.00035,1,1,,3.152,5.46875,15
synthetic_01266,cluster_v100m32,92,93,92,93,1,0.25,0.00025,1,1,,11.908,46.0,15
synthetic_01267,cluster_p100,93,95,93,95,2,0.5,0.00025,1,1,,11.908,46.0,15
synthetic_01268,cluster_t4,64,65,64,65,1,0.25,7e-05,1,1,T4,6.0,12.0,15
synthetic_01269,cluster_a10,41,43,41,43,2,0.5,0.00015,1,1,,16.0,64.0,15
synthetic_01270,cluster_p100,83,92,83,92,9,2.25,0.00025,1,1,P100|V100M16|V100M32,16.0,64.0,15
synthetic_01271,cluster_p100,41,42,41,42,1,0.25,0.00025,1,1,,3.152,5.46875,15
synthetic_01272,cluster_t4,33,42,33,42,9,2.25,7e-05,1,1,T4,11.4,47.0,15
synthetic_01273,cluster_v100m32,92,93,92,93,1,0.25,0.00025,1,1,,11.3,48.0,15
synthetic_01274,cluster_p100,68,70,68,70,2,0.5,0.00025,1,1,,11.4,47.0,15
synthetic_01275,cluster_t4,38,39,38,39,1,0.25,7e-05,1,1,T4,3.152,5.46875,15
synthetic_01276,cluster_v100m32,13,14,13,14,1,0.25,0.00025,1,1,V100M32,11.3,48.0,15
synthetic_01277,cluster_g3,78,79,78,79,1,0.25,0.00035,1,1,,3.152,5.46875,15
synthetic_01278,cluster_g2,49,53,49,53,4,1.0,0.00035,1,1,,4.0,14.900390625,15
synthetic_01279,cluster_t4,44,45,44,45,1,0.25,7e-05,1,1,T4,11.3,48.0,15
synthetic_01280,cluster_t4,24,28,24,28,4,1.0,7e-05,1,1,,4.0,14.900390625,15
synthetic_01281,cluster_p100,29,31,29,31,2,0.5,0.00025,1,1,P100|V100M16|V100M32,18.708,63.0,15
synthetic_01282,cluster_g2,69,70,69,70,1,0.25,0.00035,1,1,,11.3,48.0,15
synthetic_01283,cluster_p100,35,37,35,37,2,0.5,0.00025,1,1,,8.0,29.8017578125,15
synthetic_01284,cluster_t4,69,70,69,70,1,0.25,7e-05,1,1,T4,3.152,5.46875,15
synthetic_01285,cluster_t4,36,37,36,37,1,0.25,7e-05,1,1,T4,12.0,16.0,15
synthetic_01286,cluster_t4,59,60,59,60,1,0.25,7e-05,1,1,T4,3.152,5.46875,15
synthetic_01287,cluster_p100,67,71,67,71,4,1.0,0.00025,1,1,,6.0,18.0,15
synthetic_01288,cluster_v100m32,50,51,50,51,1,0.25,0.00025,1,1,G2|P100|T4|V100M16|V100M32,3.152,5.46875,15
synthetic_01289,cluster_p100,84,91,84,91,7,1.75,0.00025,1,1,,24.2,91.0,15
synthetic_01290,cluster_t4,23,36,23,36,13,3.25,7e-05,1,1,,11.3,48.0,15
synthetic_01291,cluster_p100,29,30,29,30,1,0.25,0.00025,1,1,P100,11.908,46.0,15
synthetic_01292,cluster_t4,48,49,48,49,1,0.25,7e-05,1,1,T4,11.4,47.0,15
synthetic_01293,cluster_t4,8,9,8,9,1,0.25,7e-05,1,1,,11.4,47.0,15
synthetic_01294,cluster_g3,67,68,67,68,1,0.25,0.00035,1,1,,11.4,47.0,15
synthetic_01295,cluster_v100m16,91,92,91,92,1,0.25,0.00025,1,1,,3.152,5.46875,15
synthetic_01296,cluster_p100,63,64,63,64,1,0.25,0.00025,1,1,,11.4,76.0,15
synthetic_01297,cluster_t4,58,59,58,59,1,0.25,7e-05,1,1,T4,11.3,48.0,15
synthetic_01298,cluster_v100m16,6,7,6,7,1,0.25,0.00025,1,1,,11.3,48.0,15
synthetic_01299,cluster_g2,77,78,77,78,1,0.25,0.00035,1,1,,12.0,24.0,15
synthetic_01300,cluster_g2,76,77,76,77,1,0.25,0.00035,1,1,,3.152,5.46875,15
synthetic_01301,cluster_v100m16,5,7,5,7,2,0.5,0.00025,1,1,,18.708,63.0,15
synthetic_01302,cluster_t4,38,39,38,39,1,0.25,7e-05,1,1,,11.908,46.0,15
synthetic_01303,cluster_t4,22,24,22,24,2,0.5,7e-05,1,1,,3.152,5.46875,15
synthetic_01304,cluster_t4,8,9,8,9,1,0.25,7e-05,1,1,,8.0,29.8017578125,15
synthetic_01305,cluster_t4,46,47,46,47,1,0.25,7e-05,1,1,T4,4.152,10.3515625,15
synthetic_01306,cluster_t4,41,43,41,43,2,0.5,7e-05,1,1,T4,11.4,47.0,15
synthetic_01307,cluster_t4,31,36,31,36,5,1.25,7e-05,1,1,T4,11.3,48.0,15
synthetic_01308,cluster_a10,22,23,22,23,1,0.25,0.00015,1,1,,3.152,5.46875,15
synthetic_01309,cluster_p100,84,86,84,86,2,0.5,0.00025,1,1,,3.152,5.46875,15
synthetic_01310,cluster_g3,6,7,6,7,1,0.25,0.00035,1,1,,3.152,5.46875,15
synthetic_01311,cluster_v100m16,65,68,65,68,3,0.75,0.00025,1,1,P100|V100M16|V100M32,18.708,63.0,15
synthetic_01312,cluster_t4,51,53,51,53,2,0.5,7e-05,1,1,T4,11.4,47.0,15
synthetic_01313,cluster_t4,23,24,23,24,1,0.25,7e-05,1,1,T4,4.152,10.3515625,15
synthetic_01314,cluster_t4,7,8,7,8,1,0.25,7e-05,1,1,,8.0,29.8017578125,15
synthetic_01315,cluster_g2,89,90,89,90,1,0.25,0.00035,1,1,,11.4,47.0,15
synthetic_01316,cluster_v100m16,38,39,38,39,1,0.25,0.00025,1,1,,11.908,46.0,15
synthetic_01317,cluster_v100m16,3,4,3,4,1,0.25,0.00025,1,1,,3.152,5.46875,15
synthetic_01318,cluster_g3,48,50,48,50,2,0.5,0.00035,1,1,,11.908,46.0,15
synthetic_01319,cluster_v100m16,57,63,57,63,6,1.5,0.00025,1,1,P100|V100M16|V100M32,8.0,16.0,15
synthetic_01320,cluster_t4,72,74,72,74,2,0.5,7e-05,1,1,T4,9.81,40.5859375,15
synthetic_01321,cluster_g2,24,25,24,25,1,0.25,0.00035,1,1,,4.0,29.8017578125,15
synthetic_01322,cluster_g2,64,67,64,67,3,0.75,0.00035,1,1,G2,11.4,76.0,15
synthetic_01323,cluster_v100m16,21,26,21,26,5,1.25,0.00025,1,1,,16.0,32.0,15
synthetic_01324,cluster_t4,43,44,43,44,1,0.25,7e-05,1,1,T4,3.152,5.46875,15
synthetic_01325,cluster_v100m16,11,12,11,12,1,0.25,0.00025,1,1,P100|V100M16|V100M32,3.152,5.46875,15
synthetic_01326,cluster_v100m16,85,86,85,86,1,0.25,0.00025,1,1,,9.81,40.5859375,15
synthetic_01327,cluster_t4,32,34,32,34,2,0.5,7e-05,1,1,,8.0,16.0,15
synthetic_01328,cluster_g2,3,4,3,4,1,0.25,0.00035,1,1,G2,8.2,33.0,15
synthetic_01329,cluster_p100,45,46,45,46,1,0.25,0.00025,1,1,,3.152,5.46875,15
synthetic_01330,cluster_g3,92,93,92,93,1,0.25,0.00035,1,1,,11.908,46.0,15
synthetic_01331,cluster_v100m32,77,78,77,78,1,0.25,0.00025,1,1,P100|V100M16|V100M32,3.152,5.46875,15
synthetic_01332,cluster_v100m32,38,47,38,47,9,2.25,0.00025,1,1,,11.4,47.0,15
synthetic_01333,cluster_p100,13,14,13,14,1,0.25,0.00025,1,1,,4.0,22.3515625,15
synthetic_01334,cluster_t4,85,90,85,90,5,1.25,7e-05,1,1,T4,4.0,24.0,15
synthetic_01335,cluster_g2,9,15,9,15,6,1.5,0.00035,1,1,G2,15.2,79.0,15
synthetic_01336,cluster_t4,20,21,20,21,1,0.25,7e-05,1,1,T4,8.0,29.8017578125,15
synthetic_01337,cluster_t4,77,81,77,81,4,1.0,7e-05,1,1,,3.152,5.46875,15
synthetic_01338,cluster_p100,45,46,45,46,1,0.25,0.00025,1,1,,6.0,6.0,15
synthetic_01339,cluster_g3,78,79,78,79,1,0.25,0.00035,1,1,,11.3,48.0,15
synthetic_01340,cluster_t4,49,50,49,50,1,0.25,7e-05,1,1,T4,3.152,5.46875,15
synthetic_01341,cluster_p100,41,42,41,42,1,0.25,0.00025,1,1,P100,3.152,5.46875,15
synthetic_01342,cluster_p100,90,91,90,91,1,0.25,0.00025,1,1,,3.152,5.46875,15
synthetic_01343,cluster_g2,90,94,90,94,4,1.0,0.00035,1,1,,4.0,14.900390625,15
synthetic_01344,cluster_t4,68,70,68,70,2,0.5,7e-05,1,1,T4,11.908,46.0,15
synthetic_01345,cluster_g2,21,22,21,22,1,0.25,0.00035,1,1,G2,11.3,48.0,15
synthetic_01346,cluster_t4,41,42,41,42,1,0.25,7e-05,1,1,,3.152,5.46875,15
synthetic_01347,cluster_v100m16,47,48,47,48,1,0.25,0.00025,1,1,,8.0,29.8017578125,15
synthetic_01348,cluster_v100m32,24,33,24,33,9,2.25,0.00025,1,1,P100|V100M16|V100M32,16.0,64.0,15
synthetic_01349,cluster_v100m32,59,62,59,62,3,0.75,0.00025,1,1,,11.4,47.0,15
synthetic_01350,cluster_t4,53,54,53,54,1,0.25,7e-05,1,1,,11.3,48.0,15
synthetic_01351,cluster_p100,21,22,21,22,1,0.25,0.00025,1,1,,3.152,5.46875,15
synthetic_01352,cluster_p100,25,38,25,38,13,3.25,0.00025,1,1,P100|V100M16|V100M32,18.708,63.0,15
synthetic_01353,cluster_g3,74,75,74,75,1,0.25,0.00035,1,1,,12.0,16.0,15
synthetic_01354,cluster_t4,6,7,6,7,1,0.25,7e-05,1,1,T4,4.0,29.8017578125,15
synthetic_01355,cluster_v100m32,49,50,49,50,1,0.25,0.00025,1,1,,11.3,48.0,15
synthetic_01356,cluster_t4,91,92,91,92,1,0.25,7e-05,1,1,,16.4,123.0,15
synthetic_01357,cluster_g3,13,14,13,14,1,0.25,0.00035,1,1,,3.152,5.46875,15
synthetic_01358,cluster_v100m32,33,34,33,34,1,0.25,0.00025,1,1,,3.152,5.46875,15
synthetic_01359,cluster_t4,81,82,81,82,1,0.25,7e-05,1,1,,3.152,5.46875,15
synthetic_01360,cluster_t4,7,8,7,8,1,0.25,7e-05,1,1,,3.152,5.46875,15
synthetic_01361,cluster_g2,19,21,19,21,2,0.5,0.00035,1,1,,11.908,46.0,15
synthetic_01362,cluster_t4,93,94,93,94,1,0.25,0.00028,4,4,,32.2,129.0,15
synthetic_01363,cluster_t4,52,63,52,63,11,2.75,7e-05,1,1,T4,11.908,46.0,15
synthetic_01364,cluster_t4,59,62,59,62,3,0.75,7e-05,1,1,,1.0,2.0,15
synthetic_01365,cluster_g2,9,10,9,10,1,0.25,0.00035,1,1,G2,11.4,47.0,15
synthetic_01366,cluster_t4,70,71,70,71,1,0.25,7e-05,1,1,T4,11.3,48.0,15
synthetic_01367,cluster_p100,47,48,47,48,1,0.25,0.00025,1,1,,3.152,5.46875,15
synthetic_01368,cluster_g2,46,48,46,48,2,0.5,0.00035,1,1,,15.7,57.0,15
synthetic_01369,cluster_t4,33,34,33,34,1,0.25,7e-05,1,1,,3.152,5.46875,15
synthetic_01370,cluster_g2,73,74,73,74,1,0.25,0.00035,1,1,,8.0,29.8017578125,15
synthetic_01371,cluster_t4,28,29,28,29,1,0.25,7e-05,1,1,T4,11.3,48.0,15
synthetic_01372,cluster_v100m16,69,71,69,71,2,0.5,0.00025,1,1,,4.0,29.8017578125,15
synthetic_01373,cluster_p100,59,64,59,64,5,1.25,0.00025,1,1,,9.81,40.5859375,15
synthetic_01374,cluster_v100m16,61,62,61,62,1,0.25,0.00025,1,1,,3.152,5.46875,15
synthetic_01375,cluster_a10,1,2,1,2,1,0.25,0.00015,1,1,,3.152,5.46875,15
synthetic_01376,cluster_v100m16,74,75,74,75,1,0.25,0.00025,1,1,,3.152,5.46875,15
synthetic_01377,cluster_v100m32,1,2,1,2,1,0.25,0.00025,1,1,,3.152,5.46875,15
synthetic_01378,cluster_t4,90,93,90,93,3,0.75,7e-05,1,1,,18.708,63.0,15
synthetic_01379,cluster_t4,66,67,66,67,1,0.25,7e-05,1,1,T4,11.3,48.0,15
synthetic_01380,cluster_t4,84,85,84,85,1,0.25,7e-05,1,1,T4,3.152,5.46875,15
synthetic_01381,cluster_v100m16,77,79,77,79,2,0.5,0.00025,1,1,P100|T4|V100M16|V100M32,9.81,40.5859375,15
synthetic_01382,cluster_t4,56,57,56,57,1,0.25,7e-05,1,1,T4,11.3,48.0,15
synthetic_01383,cluster_g3,15,16,15,16,1,0.25,0.00035,1,1,,3.152,5.46875,15
synthetic_01384,cluster_t4,39,40,39,40,1,0.25,7e-05,1,1,T4,3.152,5.46875,15
synthetic_01385,cluster_t4,11,16,11,16,5,1.25,7e-05,1,1,,16.0,32.0,15
synthetic_01386,cluster_p100,35,38,35,38,3,0.75,0.00025,1,1,,18.708,63.0,15
synthetic_01387,cluster_v100m32,42,43,42,43,1,0.25,0.00025,1,1,,8.0,29.8017578125,15
synthetic_01388,cluster_t4,67,68,67,68,1,0.25,7e-05,1,1,T4,11.9,76.0,15
synthetic_01389,cluster_g3,26,27,26,27,1,0.25,0.00035,1,1,,6.0,22.3515625,15
synthetic_01390,cluster_p100,33,36,33,36,3,0.75,0.00025,1,1,,9.81,40.5859375,15
synthetic_01391,cluster_t4,66,67,66,67,1,0.25,7e-05,1,1,,11.3,48.0,15
synthetic_01392,cluster_p100,41,42,41,42,1,0.25,0.00025,1,1,,3.152,5.46875,15
synthetic_01393,cluster_v100m16,38,39,38,39,1,0.25,0.002,8,8,,64.2,257.0,15
synthetic_01394,cluster_v100m16,5,7,5,7,2,0.5,0.00025,1,1,G2|P100|T4|V100M16|V100M32,8.2,33.0,15
synthetic_01395,cluster_v100m32,74,75,74,75,1,0.25,0.00025,1,1,P100|V100M16|V100M32,18.708,63.0,15
synthetic_01396,cluster_v100m32,42,45,42,45,3,0.75,0.00025,1,1,,15.7,57.0,15
synthetic_01397,cluster_g2,58,62,58,62,4,1.0,0.00035,1,1,,4.0,14.900390625,15
synthetic_01398,cluster_g3,83,84,83,84,1,0.25,0.00035,1,1,,3.152,5.46875,15
synthetic_01399,cluster_g3,66,74,66,74,8,2.0,0.00035,1,1,,11.4,47.0,15
synthetic_01400,cluster_v100m32,67,72,67,72,5,1.25,0.00025,1,1,,11.908,46.0,15
synthetic_01401,cluster_t4,57,58,57,58,1,0.25,7e-05,1,1,T4,11.3,48.0,15
synthetic_01402,cluster_g2,62,65,62,65,3,0.75,0.00035,1,1,,15.7,57.0,15
synthetic_01403,cluster_t4,21,22,21,22,1,0.25,7e-05,1,1,,18.708,63.0,15
synthetic_01404,cluster_g3,23,32,23,32,9,2.25,0.00035,1,1,,14.2,57.0,15
synthetic_01405,cluster_t4,19,20,19,20,1,0.25,7e-05,1,1,T4,11.3,48.0,15
synthetic_01406,cluster_v100m32,47,48,47,48,1,0.25,0.00025,1,1,,11.3,48.0,15
synthetic_01407,cluster_v100m32,80,81,80,81,1,0.25,0.00025,1,1,,4.152,10.3515625,15
synthetic_01408,cluster_t4,2,3,2,3,1,0.25,7e-05,1,1,,3.152,5.46875,15
synthetic_01409,cluster_p100,80,87,80,87,7,1.75,0.00025,1,1,P100,8.0,29.8017578125,15
synthetic_01410,cluster_v100m16,42,43,42,43,1,0.25,0.00025,1,1,,18.708,63.0,15
synthetic_01411,cluster_g2,3,11,3,11,8,2.0,0.00035,1,1,G2,2.0,16.0,15
synthetic_01412,cluster_g2,20,21,20,21,1,0.25,0.00035,1,1,,11.908,46.0,15
synthetic_01413,cluster_g2,45,46,45,46,1,0.25,0.00035,1,1,G2,3.152,5.46875,15
synthetic_01414,cluster_v100m32,63,64,63,64,1,0.25,0.00025,1,1,,3.152,5.46875,15
synthetic_01415,cluster_g2,59,60,59,60,1,0.25,0.0028,8,8,G2,64.2,257.0,15
synthetic_01416,cluster_p100,95,96,95,96,1,0.25,0.00025,1,1,,14.2,57.0,15
synthetic_01417,cluster_t4,40,47,40,47,7,1.75,7e-05,1,1,T4,12.0,16.0,15
synthetic_01418,cluster_t4,69,70,69,70,1,0.25,7e-05,1,1,,4.152,10.3515625,15
synthetic_01419,cluster_v100m32,20,21,20,21,1,0.25,0.00025,1,1,,3.152,5.46875,15
synthetic_01420,cluster_p100,68,69,68,69,1,0.25,0.00025,1,1,P100|V100M16|V100M32,8.0,32.0,15
synthetic_01421,cluster_p100,93,94,93,94,1,0.25,0.00025,1,1,,4.152,10.3515625,15
synthetic_01422,cluster_g2,46,49,46,49,3,0.75,0.00035,1,1,,11.4,47.0,15
synthetic_01423,cluster_v100m32,32,35,32,35,3,0.75,0.00025,1,1,,9.81,40.5859375,15
synthetic_01424,cluster_t4,35,38,35,38,3,0.75,7e-05,1,1,,4.152,10.3515625,15
synthetic_01425,cluster_p100,23,35,23,35,12,3.0,0.00025,1,1,,12.0,24.0,15
synthetic_01426,cluster_t4,42,50,42,50,8,2.0,7e-05,1,1,T4,1.0,2.0,15
synthetic_01427,cluster_g2,49,52,49,52,3,0.75,0.00035,1,1,,11.3,48.0,15
synthetic_01428,cluster_v100m32,61,62,61,62,1,0.25,0.00025,1,1,,11.4,76.0,15
synthetic_01429,cluster_p100,32,34,32,34,2,0.5,0.00025,1,1,,8.0,29.8017578125,15
synthetic_01430,cluster_g3,68,69,68,69,1,0.25,0.00035,1,1,,11.4,47.0,15
synthetic_01431,cluster_v100m32,71,72,71,72,1,0.25,0.00025,1,1,G2|P100|T4|V100M16|V100M32,3.152,5.46875,15
synthetic_01432,cluster_p100,59,62,59,62,3,0.75,0.00025,1,1,,11.908,46.0,15
synthetic_01433,cluster_v100m32,27,32,27,32,5,1.25,0.00025,1,1,,11.3,48.0,15
synthetic_01434,cluster_p100,1,2,1,2,1,0.25,0.00025,1,1,,3.152,5.46875,15
synthetic_01435,cluster_t4,72,73,72,73,1,0.25,7e-05,1,1,,11.3,48.0,15
synthetic_01436,cluster_t4,61,65,61,65,4,1.0,7e-05,1,1,T4,4.0,22.3515625,15
synthetic_01437,cluster_t4,30,31,30,31,1,0.25,7e-05,1,1,T4,3.152,5.46875,15
synthetic_01438,cluster_g3,87,88,87,88,1,0.25,0.00035,1,1,,3.152,5.46875,15
synthetic_01439,cluster_t4,36,37,36,37,1,0.25,7e-05,1,1,,11.4,47.0,15
synthetic_01440,cluster_v100m16,38,40,38,40,2,0.5,0.00025,1,1,,3.152,5.46875,15
synthetic_01441,cluster_v100m32,7,9,7,9,2,0.5,0.00025,1,1,,4.0,24.0,15
synthetic_01442,cluster_p100,49,50,49,50,1,0.25,0.00025,1,1,,3.152,5.46875,15
synthetic_01443,cluster_t4,3,4,3,4,1,0.25,7e-05,1,1,,11.908,46.0,15
synthetic_01444,cluster_g2,75,76,75,76,1,0.25,0.00035,1,1,,4.0,14.900390625,15
synthetic_01445,cluster_t4,54,61,54,61,7,1.75,7e-05,1,1,,8.0,29.8017578125,15
synthetic_01446,cluster_t4,27,28,27,28,1,0.25,7e-05,1,1,T4,3.152,5.46875,15
synthetic_01447,cluster_t4,75,77,75,77,2,0.5,7e-05,1,1,T4,11.3,48.0,15
synthetic_01448,cluster_p100,54,55,54,55,1,0.25,0.00025,1,1,,4.0,14.900390625,15
synthetic_01449,cluster_t4,52,53,52,53,1,0.25,7e-05,1,1,T4,3.152,5.46875,15
synthetic_01450,cluster_v100m32,50,53,50,53,3,0.75,0.00025,1,1,,24.2,91.0,15
synthetic_01451,cluster_t4,64,65,64,65,1,0.25,7e-05,1,1,,3.152,5.46875,15
synthetic_01452,cluster_g2,21,23,21,23,2,0.5,0.00035,1,1,G2,11.3,48.0,15
synthetic_01453,cluster_t4,0,1,0,1,1,0.25,7e-05,1,1,T4,4.0,14.900390625,15
synthetic_01454,cluster_g2,50,52,50,52,2,0.5,0.00035,1,1,,4.152,10.3515625,15
synthetic_01455,cluster_v100m16,78,81,78,81,3,0.75,0.00025,1,1,,11.4,47.0,15
synthetic_01456,cluster_g2,83,86,83,86,3,0.75,0.00035,1,1,,11.908,46.0,15
synthetic_01457,cluster_p100,42,43,42,43,1,0.25,0.00025,1,1,P100|V100M16|V100M32,11.3,48.0,15
synthetic_01458,cluster_t4,33,36,33,36,3,0.75,7e-05,1,1,,15.7,57.0,15
synthetic_01459,cluster_g3,68,69,68,69,1,0.25,0.00035,1,1,,3.152,5.46875,15
synthetic_01460,cluster_v100m32,73,75,73,75,2,0.5,0.00025,1,1,,3.152,5.46875,15
synthetic_01461,cluster_p100,7,8,7,8,1,0.25,0.00025,1,1,P100,3.152,5.46875,15
synthetic_01462,cluster_g2,75,76,75,76,1,0.25,0.0014,4,4,G2,32.2,129.0,15
synthetic_01463,cluster_v100m32,37,41,37,41,4,1.0,0.00025,1,1,,4.0,30.517578125,15
synthetic_01464,cluster_g2,11,13,11,13,2,0.5,0.00035,1,1,G2,8.0,16.0,15
synthetic_01465,cluster_t4,79,80,79,80,1,0.25,7e-05,1,1,T4,9.81,40.5859375,15
synthetic_01466,cluster_t4,18,20,18,20,2,0.5,7e-05,1,1,T4,3.152,5.46875,15
synthetic_01467,cluster_p100,91,92,91,92,1,0.25,0.00025,1,1,,11.3,48.0,15
synthetic_01468,cluster_g2,11,14,11,14,3,0.75,0.00035,1,1,,24.2,91.0,15
synthetic_01469,cluster_g2,82,88,82,88,6,1.5,0.00035,1,1,,12.0,24.0,15
synthetic_01470,cluster_g3,76,78,76,78,2,0.5,0.00035,1,1,,8.0,29.8017578125,15
synthetic_01471,cluster_v100m32,51,58,51,58,7,1.75,0.00025,1,1,,16.0,64.0,15
synthetic_01472,cluster_t4,84,85,84,85,1,0.25,7e-05,1,1,,11.3,48.0,15
synthetic_01473,cluster_v100m16,16,18,16,18,2,0.5,0.00025,1,1,G2|P100|T4|V100M16|V100M32,8.0,16.0,15
synthetic_01474,cluster_p100,57,58,57,58,1,0.25,0.00025,1,1,,3.152,5.46875,15
synthetic_01475,cluster_p100,66,67,66,67,1,0.25,0.00025,1,1,,11.908,46.0,15
synthetic_01476,cluster_g2,2,4,2,4,2,0.5,0.00035,1,1,,11.3,48.0,15
synthetic_01477,cluster_g3,24,25,24,25,1,0.25,0.00035,1,1,,11.908,46.0,15
synthetic_01478,cluster_t4,42,48,42,48,6,1.5,7e-05,1,1,T4,3.152,5.46875,15
synthetic_01479,cluster_t4,14,15,14,15,1,0.25,7e-05,1,1,,11.908,46.0,15
synthetic_01480,cluster_g2,1,2,1,2,1,0.25,0.00035,1,1,,11.3,37.0,15
synthetic_01481,cluster_g2,8,9,8,9,1,0.25,0.00035,1,1,,3.152,5.46875,15
synthetic_01482,cluster_p100,18,27,18,27,9,2.25,0.00025,1,1,,11.4,47.0,15
synthetic_01483,cluster_g3,14,15,14,15,1,0.25,0.00035,1,1,,12.0,16.0,15
synthetic_01484,cluster_p100,87,88,87,88,1,0.25,0.00025,1,1,P100,11.908,46.0,15
synthetic_01485,cluster_g3,84,85,84,85,1,0.25,0.00035,1,1,,11.3,48.0,15
synthetic_01486,cluster_p100,27,28,27,28,1,0.25,0.00025,1,1,,3.152,5.46875,15
synthetic_01487,cluster_p100,8,9,8,9,1,0.25,0.00025,1,1,P100,4.0,29.8017578125,15
synthetic_01488,cluster_t4,42,43,42,43,1,0.25,7e-05,1,1,T4,11.908,46.0,15
synthetic_01489,cluster_t4,41,42,41,42,1,0.25,7e-05,1,1,,11.908,46.0,15
synthetic_01490,cluster_v100m32,38,39,38,39,1,0.25,0.00025,1,1,,11.908,46.0,15
synthetic_01491,cluster_g2,93,94,93,94,1,0.25,0.00035,1,1,G2,11.3,48.0,15
synthetic_01492,cluster_v100m16,58,59,58,59,1,0.25,0.00025,1,1,,4.0,29.8017578125,15
synthetic_01493,cluster_t4,78,79,78,79,1,0.25,7e-05,1,1,,12.0,15.0,15
synthetic_01494,cluster_v100m32,20,22,20,22,2,0.5,0.00025,1,1,,11.3,48.0,15
synthetic_01495,cluster_v100m32,53,60,53,60,7,1.75,0.00025,1,1,,11.3,48.0,15
synthetic_01496,cluster_p100,18,29,18,29,11,2.75,0.00025,1,1,,4.0,22.3515625,15
synthetic_01497,cluster_t4,76,78,76,78,2,0.5,7e-05,1,1,T4,3.152,5.46875,15
synthetic_01498,cluster_p100,2,3,2,3,1,0.25,0.00025,1,1,,8.0,29.8017578125,15
synthetic_01499,cluster_a10,7,8,7,8,1,0.25,0.00015,1,1,,11.3,48.0,15
synthetic_01500,cluster_g2,8,9,8,9,1,0.25,0.00035,1,1,,3.152,5.46875,15
synthetic_01501,cluster_v100m32,81,82,81,82,1,0.25,0.00025,1,1,,3.152,5.46875,15
synthetic_01502,cluster_g2,22,26,22,26,4,1.0,0.00035,1,1,G2,16.0,32.0,15
synthetic_01503,cluster_t4,36,41,36,41,5,1.25,7e-05,1,1,,16.0,32.0,15
synthetic_01504,cluster_v100m16,87,89,87,89,2,0.5,0.00025,1,1,,11.908,46.0,15
synthetic_01505,cluster_v100m16,12,13,12,13,1,0.25,0.00025,1,1,,3.152,5.46875,15
synthetic_01506,cluster_g2,42,43,42,43,1,0.25,0.00035,1,1,,3.152,5.46875,15
synthetic_01507,cluster_v100m16,67,68,67,68,1,0.25,0.00025,1,1,,11.3,48.0,15
synthetic_01508,cluster_g3,40,41,40,41,1,0.25,0.00035,1,1,,11.4,47.0,15
synthetic_01509,cluster_t4,67,68,67,68,1,0.25,7e-05,1,1,T4,12.0,16.0,15
synthetic_01510,cluster_g2,1,2,1,2,1,0.25,0.00035,1,1,,11.4,47.0,15
synthetic_01511,cluster_t4,69,70,69,70,1,0.25,7e-05,1,1,,4.0,22.3515625,15
synthetic_01512,cluster_t4,46,47,46,47,1,0.25,7e-05,1,1,,11.9,76.0,15
synthetic_01513,cluster_t4,79,81,79,81,2,0.5,7e-05,1,1,T4,11.4,47.0,15
synthetic_01514,cluster_t4,49,57,49,57,8,2.0,7e-05,1,1,T4,4.0,14.900390625,15
synthetic_01515,cluster_g2,47,48,47,48,1,0.25,0.00035,1,1,,8.0,32.0,15
synthetic_01516,cluster_t4,9,10,9,10,1,0.25,7e-05,1,1,,11.3,48.0,15
synthetic_01517,cluster_t4,69,70,69,70,1,0.25,7e-05,1,1,T4,11.3,48.0,15
synthetic_01518,cluster_t4,46,47,46,47,1,0.25,7e-05,1,1,T4,12.0,24.0,15
synthetic_01519,cluster_t4,44,45,44,45,1,0.25,7e-05,1,1,,3.152,5.46875,15
synthetic_01520,cluster_a10,19,20,19,20,1,0.25,0.00015,1,1,,11.3,48.0,15
synthetic_01521,cluster_g2,71,72,71,72,1,0.25,0.00035,1,1,,4.152,10.3515625,15
synthetic_01522,cluster_t4,11,12,11,12,1,0.25,7e-05,1,1,,11.3,48.0,15
synthetic_01523,cluster_t4,42,43,42,43,1,0.25,7e-05,1,1,T4,3.152,5.46875,15
synthetic_01524,cluster_v100m32,88,89,88,89,1,0.25,0.00025,1,1,,3.152,5.46875,15
synthetic_01525,cluster_v100m32,36,37,36,37,1,0.25,0.00025,1,1,,4.0,24.0,15
synthetic_01526,cluster_v100m16,0,3,0,3,3,0.75,0.00025,1,1,,18.708,63.0,15
synthetic_01527,cluster_v100m32,71,73,71,73,2,0.5,0.00025,1,1,V100M32,12.0,16.0,15
synthetic_01528,cluster_a10,30,31,30,31,1,0.25,0.00015,1,1,A10|T4,11.908,46.0,15
synthetic_01529,cluster_t4,84,87,84,87,3,0.75,7e-05,1,1,,4.0,14.900390625,15
synthetic_01530,cluster_g3,33,34,33,34,1,0.25,0.00035,1,1,,4.152,10.3515625,15
synthetic_01531,cluster_v100m32,56,58,56,58,2,0.5,0.00025,1,1,,4.0,30.517578125,15
synthetic_01532,cluster_v100m16,70,71,70,71,1,0.25,0.00025,1,1,P100|V100M16|V100M32,11.3,48.0,15
synthetic_01533,cluster_p100,33,34,33,34,1,0.25,0.00025,1,1,P100,11.908,46.0,15
synthetic_01534,cluster_v100m16,65,66,65,66,1,0.25,0.00025,1,1,,1.0,2.0,15
synthetic_01535,cluster_v100m32,82,83,82,83,1,0.25,0.00025,1,1,,11.3,48.0,15
synthetic_01536,cluster_g3,28,29,28,29,1,0.25,0.00035,1,1,,3.152,5.46875,15
synthetic_01537,cluster_g2,64,66,64,66,2,0.5,0.00035,1,1,,11.3,48.0,15
synthetic_01538,cluster_g3,83,84,83,84,1,0.25,0.00035,1,1,,11.3,48.0,15
synthetic_01539,cluster_g2,70,71,70,71,1,0.25,0.00035,1,1,,3.152,5.46875,15
synthetic_01540,cluster_v100m16,61,65,61,65,4,1.0,0.00025,1,1,P100|V100M16|V100M32,11.4,47.0,15
synthetic_01541,cluster_g2,52,53,52,53,1,0.25,0.0028,8,8,,64.2,257.0,15
synthetic_01542,cluster_p100,78,79,78,79,1,0.25,0.00025,1,1,,3.152,5.46875,15
synthetic_01543,cluster_v100m32,92,93,92,93,1,0.25,0.00025,1,1,,18.708,63.0,15
synthetic_01544,cluster_g3,14,21,14,21,7,1.75,0.00035,1,1,,11.4,47.0,15
synthetic_01545,cluster_v100m16,19,20,19,20,1,0.25,0.00025,1,1,,4.0,14.900390625,15
synthetic_01546,cluster_g3,14,15,14,15,1,0.25,0.00035,1,1,,8.0,29.8017578125,15
synthetic_01547,cluster_t4,38,39,38,39,1,0.25,7e-05,1,1,,3.152,5.46875,15
synthetic_01548,cluster_p100,79,80,79,80,1,0.25,0.00025,1,1,,8.0,29.8017578125,15
synthetic_01549,cluster_v100m16,8,9,8,9,1,0.25,0.00025,1,1,,3.152,5.46875,15
synthetic_01550,cluster_t4,8,11,8,11,3,0.75,7e-05,1,1,T4,11.4,47.0,15
synthetic_01551,cluster_t4,61,62,61,62,1,0.25,7e-05,1,1,,8.0,16.0,15
synthetic_01552,cluster_v100m32,8,9,8,9,1,0.25,0.00025,1,1,,11.3,48.0,15
synthetic_01553,cluster_g3,14,15,14,15,1,0.25,0.00035,1,1,,11.3,48.0,15
synthetic_01554,cluster_v100m16,2,3,2,3,1,0.25,0.00025,1,1,,11.4,47.0,15
synthetic_01555,cluster_g2,45,60,45,60,15,3.75,0.00035,1,1,G2,11.4,47.0,15
synthetic_01556,cluster_g2,64,65,64,65,1,0.25,0.00035,1,1,G2,11.3,48.0,15
synthetic_01557,cluster_t4,6,7,6,7,1,0.25,7e-05,1,1,,3.152,5.46875,15
synthetic_01558,cluster_p100,46,47,46,47,1,0.25,0.00025,1,1,P100,3.152,5.46875,15
synthetic_01559,cluster_t4,33,39,33,39,6,1.5,7e-05,1,1,G2|P100|T4|V100M16|V100M32,6.0,32.0,15
synthetic_01560,cluster_t4,36,37,36,37,1,0.25,7e-05,1,1,,3.152,5.46875,15
synthetic_01561,cluster_g2,77,84,77,84,7,1.75,0.00035,1,1,,4.0,30.517578125,15
synthetic_01562,cluster_t4,84,86,84,86,2,0.5,7e-05,1,1,T4,24.2,91.0,15
synthetic_01563,cluster_g3,87,90,87,90,3,0.75,0.00035,1,1,,9.81,40.5859375,15
synthetic_01564,cluster_g3,62,64,62,64,2,0.5,0.00035,1,1,,4.0,30.517578125,15
synthetic_01565,cluster_v100m32,89,91,89,91,2,0.5,0.00025,1,1,,3.152,5.46875,15
synthetic_01566,cluster_g2,44,47,44,47,3,0.75,0.00035,1,1,,11.3,48.0,15
synthetic_01567,cluster_v100m32,4,5,4,5,1,0.25,0.00025,1,1,,18.708,63.0,15
synthetic_01568,cluster_g2,87,88,87,88,1,0.25,0.0028,8,8,,88.0,320.0,15
synthetic_01569,cluster_t4,12,13,12,13,1,0.25,7e-05,1,1,,11.3,48.0,15
synthetic_01570,cluster_g2,17,20,17,20,3,0.75,0.00035,1,1,,3.152,5.46875,15
synthetic_01571,cluster_t4,16,17,16,17,1,0.25,7e-05,1,1,,9.81,40.5859375,15
synthetic_01572,cluster_v100m16,68,69,68,69,1,0.25,0.00025,1,1,,3.152,5.46875,15
synthetic_01573,cluster_g3,51,56,51,56,5,1.25,0.00035,1,1,,12.0,16.0,15
synthetic_01574,cluster_p100,35,36,35,36,1,0.25,0.00025,1,1,,3.152,5.46875,15
synthetic_01575,cluster_v100m16,81,84,81,84,3,0.75,0.00025,1,1,,11.4,47.0,15
synthetic_01576,cluster_t4,73,74,73,74,1,0.25,7e-05,1,1,T4,11.3,48.0,15
synthetic_01577,cluster_t4,14,15,14,15,1,0.25,7e-05,1,1,T4,4.152,10.3515625,15
synthetic_01578,cluster_g2,77,79,77,79,2,0.5,0.00035,1,1,,11.3,48.0,15
synthetic_01579,cluster_a10,34,35,34,35,1,0.25,0.00015,1,1,,3.152,5.46875,15
synthetic_01580,cluster_p100,74,75,74,75,1,0.25,0.00025,1,1,P100,4.0,14.900390625,15
synthetic_01581,cluster_g3,1,6,1,6,5,1.25,0.00035,1,1,G3,4.0,24.0,15
synthetic_01582,cluster_t4,4,5,4,5,1,0.25,7e-05,1,1,,8.0,29.8017578125,15
synthetic_01583,cluster_t4,83,84,83,84,1,0.25,7e-05,1,1,,11.4,47.0,15
synthetic_01584,cluster_g3,30,32,30,32,2,0.5,0.00035,1,1,,11.4,47.0,15
synthetic_01585,cluster_p100,86,87,86,87,1,0.25,0.00025,1,1,,11.3,48.0,15
synthetic_01586,cluster_p100,77,78,77,78,1,0.25,0.00025,1,1,,11.3,48.0,15
synthetic_01587,cluster_t4,53,58,53,58,5,1.25,7e-05,1,1,T4,4.0,24.0,15
synthetic_01588,cluster_t4,50,53,50,53,3,0.75,7e-05,1,1,T4,6.0,32.0,15
synthetic_01589,cluster_g2,40,43,40,43,3,0.75,0.00035,1,1,,15.7,57.0,15
synthetic_01590,cluster_g3,52,53,52,53,1,0.25,0.00035,1,1,,3.152,5.46875,15
synthetic_01591,cluster_t4,16,17,16,17,1,0.25,7e-05,1,1,,11.3,48.0,15
synthetic_01592,cluster_t4,76,81,76,81,5,1.25,7e-05,1,1,T4,4.0,24.0,15
synthetic_01593,cluster_t4,95,96,95,96,1,0.25,7e-05,1,1,,12.0,24.0,15
synthetic_01594,cluster_t4,3,10,3,10,7,1.75,7e-05,1,1,T4,4.0,29.8017578125,15
synthetic_01595,cluster_g3,91,96,91,96,5,1.25,0.00035,1,1,,15.2,79.0,15
synthetic_01596,cluster_g2,75,76,75,76,1,0.25,0.00035,1,1,,18.708,63.0,15
synthetic_01597,cluster_g3,69,70,69,70,1,0.25,0.00035,1,1,,3.152,5.46875,15
synthetic_01598,cluster_v100m32,11,12,11,12,1,0.25,0.00025,1,1,,12.0,16.0,15
synthetic_01599,cluster_v100m32,84,85,84,85,1,0.25,0.00025,1,1,,11.4,47.0,15
synthetic_01600,cluster_p100,71,72,71,72,1,0.25,0.00025,1,1,,4.0,22.3515625,15
synthetic_01601,cluster_g3,0,2,0,2,2,0.5,0.00035,1,1,,11.4,47.0,15
synthetic_01602,cluster_g3,81,86,81,86,5,1.25,0.00035,1,1,,4.0,14.900390625,15
synthetic_01603,cluster_t4,43,45,43,45,2,0.5,7e-05,1,1,,11.908,46.0,15
synthetic_01604,cluster_v100m16,15,17,15,17,2,0.5,0.00025,1,1,,6.0,18.0,15
synthetic_01605,cluster_t4,49,50,49,50,1,0.25,7e-05,1,1,,3.152,5.46875,15
synthetic_01606,cluster_a10,41,42,41,42,1,0.25,0.00015,1,1,,3.152,5.46875,15
synthetic_01607,cluster_t4,78,82,78,82,4,1.0,7e-05,1,1,,11.4,47.0,15
synthetic_01608,cluster_p100,68,69,68,69,1,0.25,0.00025,1,1,,8.0,29.8017578125,15
synthetic_01609,cluster_t4,47,57,47,57,10,2.5,7e-05,1,1,T4,14.2,57.0,15
synthetic_01610,cluster_t4,43,46,43,46,3,0.75,7e-05,1,1,T4,11.908,46.0,15
synthetic_01611,cluster_g2,14,15,14,15,1,0.25,0.00035,1,1,,11.908,46.0,15
synthetic_01612,cluster_t4,79,93,79,93,14,3.5,7e-05,1,1,T4,8.0,16.0,15
synthetic_01613,cluster_g3,77,79,77,79,2,0.5,0.00035,1,1,,8.0,29.8017578125,15
synthetic_01614,cluster_v100m32,36,37,36,37,1,0.25,0.00025,1,1,,3.152,5.46875,15
synthetic_01615,cluster_a10,84,85,84,85,1,0.25,0.00015,1,1,,3.152,5.46875,15
synthetic_01616,cluster_v100m32,74,76,74,76,2,0.5,0.00025,1,1,,24.2,91.0,15
synthetic_01617,cluster_t4,18,19,18,19,1,0.25,7e-05,1,1,,11.4,47.0,15
synthetic_01618,cluster_p100,24,25,24,25,1,0.25,0.00025,1,1,P100,3.152,5.46875,15
synthetic_01619,cluster_g3,92,93,92,93,1,0.25,0.00035,1,1,,18.708,63.0,15
synthetic_01620,cluster_g3,8,9,8,9,1,0.25,0.00035,1,1,G3,12.0,24.0,15
synthetic_01621,cluster_g3,13,14,13,14,1,0.25,0.00035,1,1,,6.0,12.0,15
synthetic_01622,cluster_v100m32,17,19,17,19,2,0.5,0.00025,1,1,,24.2,91.0,15
synthetic_01623,cluster_t4,88,96,88,96,8,2.0,7e-05,1,1,,11.908,46.0,15
synthetic_01624,cluster_g2,27,34,27,34,7,1.75,0.00035,1,1,,12.0,16.0,15
synthetic_01625,cluster_t4,62,64,62,64,2,0.5,7e-05,1,1,,3.152,5.46875,15
synthetic_01626,cluster_g2,53,54,53,54,1,0.25,0.00035,1,1,,11.908,46.0,15
synthetic_01627,cluster_v100m16,23,24,23,24,1,0.25,0.00025,1,1,,11.3,48.0,15
synthetic_01628,cluster_t4,70,76,70,76,6,1.5,7e-05,1,1,T4,3.152,5.46875,15
synthetic_01629,cluster_g3,70,73,70,73,3,0.75,0.00035,1,1,,15.7,57.0,15
synthetic_01630,cluster_t4,10,11,10,11,1,0.25,7e-05,1,1,,11.3,48.0,15
synthetic_01631,cluster_t4,84,86,84,86,2,0.5,7e-05,1,1,T4,11.908,46.0,15
synthetic_01632,cluster_g2,6,8,6,8,2,0.5,0.00035,1,1,G2,11.4,47.0,15
synthetic_01633,cluster_g2,3,4,3,4,1,0.25,0.00035,1,1,G2,12.0,16.0,15
synthetic_01634,cluster_g3,49,50,49,50,1,0.25,0.00035,1,1,,8.0,29.8017578125,15
synthetic_01635,cluster_v100m16,91,92,91,92,1,0.25,0.00025,1,1,,3.152,5.46875,15
synthetic_01636,cluster_g3,46,48,46,48,2,0.5,0.00035,1,1,,8.0,16.0,15
synthetic_01637,cluster_p100,45,50,45,50,5,1.25,0.00025,1,1,,15.7,57.0,15
synthetic_01638,cluster_t4,57,64,57,64,7,1.75,7e-05,1,1,,16.0,64.0,15
synthetic_01639,cluster_v100m32,68,73,68,73,5,1.25,0.00025,1,1,,4.0,24.0,15
synthetic_01640,cluster_a10,23,24,23,24,1,0.25,0.00015,1,1,,6.0,6.0,15
synthetic_01641,cluster_v100m16,60,61,60,61,1,0.25,0.00025,1,1,,3.152,5.46875,15
synthetic_01642,cluster_g2,47,48,47,48,1,0.25,0.00035,1,1,,3.152,5.46875,15
synthetic_01643,cluster_t4,33,34,33,34,1,0.25,7e-05,1,1,T4,11.3,48.0,15
synthetic_01644,cluster_t4,23,24,23,24,1,0.25,7e-05,1,1,T4,4.152,10.3515625,15
synthetic_01645,cluster_g2,4,6,4,6,2,0.5,0.00035,1,1,,4.0,14.900390625,15
synthetic_01646,cluster_v100m32,54,56,54,56,2,0.5,0.00025,1,1,,9.81,40.5859375,15
synthetic_01647,cluster_v100m32,76,77,76,77,1,0.25,0.00025,1,1,,6.0,6.0,15
synthetic_01648,cluster_v100m16,59,60,59,60,1,0.25,0.00025,1,1,,4.0,29.8017578125,15
synthetic_01649,cluster_a10,46,47,46,47,1,0.25,0.00015,1,1,,3.152,5.46875,15
synthetic_01650,cluster_v100m16,28,30,28,30,2,0.5,0.00025,1,1,,6.0,18.0,15
synthetic_01651,cluster_v100m32,31,32,31,32,1,0.25,0.00025,1,1,,3.152,5.46875,15
synthetic_01652,cluster_g3,7,11,7,11,4,1.0,0.00035,1,1,,16.0,32.0,15
synthetic_01653,cluster_v100m32,68,73,68,73,5,1.25,0.00025,1,1,V100M16|V100M32,4.0,24.0,15
synthetic_01654,cluster_t4,40,45,40,45,5,1.25,7e-05,1,1,T4,4.0,22.3515625,15
synthetic_01655,cluster_a10,66,69,66,69,3,0.75,0.00015,1,1,,15.7,57.0,15
synthetic_01656,cluster_t4,55,57,55,57,2,0.5,7e-05,1,1,T4,8.0,29.8017578125,15
synthetic_01657,cluster_g2,52,55,52,55,3,0.75,0.00035,1,1,,15.7,57.0,15
synthetic_01658,cluster_v100m32,3,5,3,5,2,0.5,0.00025,1,1,,3.152,5.46875,15
synthetic_01659,cluster_g3,76,81,76,81,5,1.25,0.00035,1,1,,11.4,47.0,15
synthetic_01660,cluster_v100m32,17,18,17,18,1,0.25,0.00025,1,1,,11.3,48.0,15
synthetic_01661,cluster_p100,56,57,56,57,1,0.25,0.00025,1,1,P100,3.152,5.46875,15
synthetic_01662,cluster_t4,3,5,3,5,2,0.5,7e-05,1,1,T4,12.0,16.0,15
synthetic_01663,cluster_g3,22,23,22,23,1,0.25,0.00035,1,1,,3.152,5.46875,15
synthetic_01664,cluster_p100,56,57,56,57,1,0.25,0.00025,1,1,,1.0,2.0,15
synthetic_01665,cluster_g2,16,21,16,21,5,1.25,0.00035,1,1,,16.0,32.0,15
synthetic_01666,cluster_g3,7,9,7,9,2,0.5,0.00035,1,1,,24.2,91.0,15
synthetic_01667,cluster_t4,34,38,34,38,4,1.0,7e-05,1,1,T4,11.908,46.0,15
synthetic_01668,cluster_t4,87,88,87,88,1,0.25,7e-05,1,1,T4,4.0,29.8017578125,15
synthetic_01669,cluster_t4,26,35,26,35,9,2.25,7e-05,1,1,,24.2,91.0,15
synthetic_01670,cluster_g2,32,33,32,33,1,0.25,0.00035,1,1,,3.152,5.46875,15
synthetic_01671,cluster_p100,9,11,9,11,2,0.5,0.00025,1,1,,11.908,46.0,15
synthetic_01672,cluster_g2,36,41,36,41,5,1.25,0.00035,1,1,,4.0,22.3515625,15
synthetic_01673,cluster_g2,38,48,38,48,10,2.5,0.00035,1,1,G2|P100|T4|V100M16|V100M32,11.4,47.0,15
synthetic_01674,cluster_t4,57,58,57,58,1,0.25,7e-05,1,1,T4,11.3,48.0,15
synthetic_01675,cluster_g3,65,74,65,74,9,2.25,0.00035,1,1,,12.0,15.0,15
synthetic_01676,cluster_g3,75,76,75,76,1,0.25,0.00035,1,1,,8.0,29.8017578125,15
synthetic_01677,cluster_g2,28,32,28,32,4,1.0,0.00035,1,1,,4.0,14.900390625,15
synthetic_01678,cluster_g2,3,4,3,4,1,0.25,0.00035,1,1,G2,11.3,48.0,15
synthetic_01679,cluster_v100m32,82,83,82,83,1,0.25,0.00025,1,1,,3.152,5.46875,15
synthetic_01680,cluster_v100m16,37,38,37,38,1,0.25,0.00025,1,1,P100|V100M16|V100M32,18.708,63.0,15
synthetic_01681,cluster_g3,43,44,43,44,1,0.25,0.00035,1,1,,3.152,5.46875,15
synthetic_01682,cluster_t4,1,2,1,2,1,0.25,7e-05,1,1,,4.0,14.900390625,15
synthetic_01683,cluster_g2,79,80,79,80,1,0.25,0.00035,1,1,,18.708,63.0,15
synthetic_01684,cluster_g2,5,6,5,6,1,0.25,0.00035,1,1,,3.152,5.46875,15
synthetic_01685,cluster_v100m32,66,67,66,67,1,0.25,0.00025,1,1,,3.152,5.46875,15
synthetic_01686,cluster_p100,74,75,74,75,1,0.25,0.00025,1,1,P100,11.908,46.0,15
synthetic_01687,cluster_t4,45,46,45,46,1,0.25,7e-05,1,1,T4,4.0,14.900390625,15
synthetic_01688,cluster_g3,33,34,33,34,1,0.25,0.00035,1,1,,11.3,48.0,15
synthetic_01689,cluster_p100,61,62,61,62,1,0.25,0.00025,1,1,P100,8.0,29.8017578125,15
synthetic_01690,cluster_t4,93,94,93,94,1,0.25,7e-05,1,1,,4.0,22.3515625,15
synthetic_01691,cluster_g2,64,65,64,65,1,0.25,0.00035,1,1,,3.152,5.46875,15
synthetic_01692,cluster_g2,74,75,74,75,1,0.25,0.00035,1,1,,11.908,46.0,15
synthetic_01693,cluster_t4,52,64,52,64,12,3.0,7e-05,1,1,T4,4.0,29.8017578125,15
synthetic_01694,cluster_t4,38,46,38,46,8,2.0,7e-05,1,1,,11.4,47.0,15
synthetic_01695,cluster_g3,45,47,45,47,2,0.5,0.00035,1,1,,11.908,46.0,15
synthetic_01696,cluster_t4,82,83,82,83,1,0.25,7e-05,1,1,T4,3.152,5.46875,15
synthetic_01697,cluster_g2,71,72,71,72,1,0.25,0.00035,1,1,G2,9.81,40.5859375,15
synthetic_01698,cluster_t4,86,87,86,87,1,0.25,7e-05,1,1,T4,4.152,10.3515625,15
synthetic_01699,cluster_t4,36,37,36,37,1,0.25,7e-05,1,1,,3.152,5.46875,15
synthetic_01700,cluster_v100m32,68,69,68,69,1,0.25,0.00025,1,1,,9.81,40.5859375,15
synthetic_01701,cluster_v100m32,80,82,80,82,2,0.5,0.00025,1,1,,11.908,46.0,15
synthetic_01702,cluster_g2,16,17,16,17,1,0.25,0.00035,1,1,,15.7,57.0,15
synthetic_01703,cluster_g3,8,9,8,9,1,0.25,0.00035,1,1,,11.908,46.0,15
synthetic_01704,cluster_g3,69,70,69,70,1,0.25,0.00035,1,1,,3.152,5.46875,15
synthetic_01705,cluster_t4,3,4,3,4,1,0.25,7e-05,1,1,T4,3.152,5.46875,15
synthetic_01706,cluster_p100,62,67,62,67,5,1.25,0.00025,1,1,P100,4.0,22.3515625,15
synthetic_01707,cluster_t4,81,82,81,82,1,0.25,7e-05,1,1,T4,3.152,5.46875,15
synthetic_01708,cluster_v100m32,18,20,18,20,2,0.5,0.00025,1,1,,16.0,32.0,15
synthetic_01709,cluster_v100m16,3,4,3,4,1,0.25,0.00025,1,1,,3.152,5.46875,15
synthetic_01710,cluster_v100m16,73,76,73,76,3,0.75,0.00025,1,1,,4.0,14.900390625,15
synthetic_01711,cluster_t4,26,27,26,27,1,0.25,7e-05,1,1,,11.908,46.0,15
synthetic_01712,cluster_v100m32,59,60,59,60,1,0.25,0.00025,1,1,,16.4,123.0,15
synthetic_01713,cluster_g2,78,79,78,79,1,0.25,0.00035,1,1,,3.152,5.46875,15
synthetic_01714,cluster_v100m16,45,46,45,46,1,0.25,0.00025,1,1,,8.0,29.8017578125,15
synthetic_01715,cluster_v100m32,14,15,14,15,1,0.25,0.00025,1,1,,18.708,63.0,15
synthetic_01716,cluster_p100,44,49,44,49,5,1.25,0.00025,1,1,,8.0,32.0,15
synthetic_01717,cluster_g3,80,81,80,81,1,0.25,0.00035,1,1,,4.0,22.3515625,15
synthetic_01718,cluster_v100m32,93,95,93,95,2,0.5,0.00025,1,1,,12.0,24.0,15
synthetic_01719,cluster_t4,8,9,8,9,1,0.25,7e-05,1,1,T4,3.152,5.46875,15
synthetic_01720,cluster_g2,25,29,25,29,4,1.0,0.00035,1,1,G2,24.2,91.0,15
synthetic_01721,cluster_t4,79,80,79,80,1,0.25,7e-05,1,1,T4,3.152,5.46875,15
synthetic_01722,cluster_v100m16,95,96,95,96,1,0.25,0.00025,1,1,P100|V100M16|V100M32,3.152,5.46875,15
synthetic_01723,cluster_p100,74,75,74,75,1,0.25,0.00025,1,1,P100,3.152,5.46875,15
synthetic_01724,cluster_g2,27,28,27,28,1,0.25,0.00035,1,1,,3.152,5.46875,15
synthetic_01725,cluster_g3,12,13,12,13,1,0.25,0.00035,1,1,,9.81,40.5859375,15
synthetic_01726,cluster_g2,18,19,18,19,1,0.25,0.00035,1,1,,11.3,48.0,15
synthetic_01727,cluster_g2,74,75,74,75,1,0.25,0.00035,1,1,,3.152,5.46875,15
synthetic_01728,cluster_t4,22,23,22,23,1,0.25,7e-05,1,1,T4,11.3,48.0,15
synthetic_01729,cluster_v100m16,80,81,80,81,1,0.25,0.00025,1,1,V100M16|V100M32,11.3,48.0,15
synthetic_01730,cluster_t4,68,69,68,69,1,0.25,7e-05,1,1,T4,18.708,63.0,15
synthetic_01731,cluster_p100,48,49,48,49,1,0.25,0.00025,1,1,P100|V100M16|V100M32,24.2,91.0,15
synthetic_01732,cluster_v100m32,39,40,39,40,1,0.25,0.00025,1,1,,3.152,5.46875,15
synthetic_01733,cluster_t4,3,8,3,8,5,1.25,7e-05,1,1,T4,4.0,24.0,15
synthetic_01734,cluster_v100m32,56,57,56,57,1,0.25,0.00025,1,1,,15.7,57.0,15
synthetic_01735,cluster_v100m32,76,77,76,77,1,0.25,0.00025,1,1,V100M16|V100M32,11.3,48.0,15
synthetic_01736,cluster_t4,48,49,48,49,1,0.25,7e-05,1,1,T4,6.0,12.0,15
synthetic_01737,cluster_g3,90,91,90,91,1,0.25,0.00035,1,1,,11.3,48.0,15
synthetic_01738,cluster_t4,45,46,45,46,1,0.25,7e-05,1,1,,3.152,5.46875,15
synthetic_01739,cluster_t4,15,16,15,16,1,0.25,7e-05,1,1,,11.3,48.0,15
synthetic_01740,cluster_p100,18,19,18,19,1,0.25,0.00025,1,1,P100,3.152,5.46875,15
synthetic_01741,cluster_t4,43,44,43,44,1,0.25,7e-05,1,1,T4,11.3,48.0,15
synthetic_01742,cluster_v100m16,19,25,19,25,6,1.5,0.00025,1,1,,4.0,24.0,15
synthetic_01743,cluster_g3,67,68,67,68,1,0.25,0.00035,1,1,,11.3,48.0,15
synthetic_01744,cluster_g2,79,82,79,82,3,0.75,0.00035,1,1,,11.908,46.0,15
synthetic_01745,cluster_t4,24,25,24,25,1,0.25,7e-05,1,1,T4,11.9,76.0,15
synthetic_01746,cluster_p100,64,70,64,70,6,1.5,0.00025,1,1,,11.3,48.0,15
synthetic_01747,cluster_p100,93,94,93,94,1,0.25,0.00025,1,1,,8.0,29.8017578125,15
synthetic_01748,cluster_g2,15,16,15,16,1,0.25,0.00035,1,1,,3.152,5.46875,15
synthetic_01749,cluster_p100,80,81,80,81,1,0.25,0.00025,1,1,,11.3,48.0,15
synthetic_01750,cluster_g2,0,2,0,2,2,0.5,0.00035,1,1,,11.3,48.0,15
synthetic_01751,cluster_t4,7,10,7,10,3,0.75,7e-05,1,1,T4,4.0,14.900390625,15
synthetic_01752,cluster_v100m16,88,91,88,91,3,0.75,0.00025,1,1,,1.0,2.0,15
synthetic_01753,cluster_v100m32,11,12,11,12,1,0.25,0.00025,1,1,V100M16|V100M32,12.0,24.0,15
synthetic_01754,cluster_v100m16,83,88,83,88,5,1.25,0.00025,1,1,A10|G2|T4|V100M16|V100M32,4.0,24.0,15
synthetic_01755,cluster_v100m32,79,84,79,84,5,1.25,0.00025,1,1,,3.152,5.46875,15
synthetic_01756,cluster_t4,88,91,88,91,3,0.75,7e-05,1,1,T4,11.908,46.0,15
synthetic_01757,cluster_t4,82,88,82,88,6,1.5,7e-05,1,1,T4,11.4,47.0,15
synthetic_01758,cluster_g2,71,72,71,72,1,0.25,0.00035,1,1,,11.3,48.0,15
synthetic_01759,cluster_v100m16,30,32,30,32,2,0.5,0.00025,1,1,,11.3,48.0,15
synthetic_01760,cluster_p100,90,91,90,91,1,0.25,0.00025,1,1,,3.152,5.46875,15
synthetic_01761,cluster_p100,74,75,74,75,1,0.25,0.00025,1,1,,3.152,5.46875,15
synthetic_01762,cluster_g3,56,57,56,57,1,0.25,0.00035,1,1,,11.4,76.0,15
synthetic_01763,cluster_p100,12,13,12,13,1,0.25,0.00025,1,1,,3.152,5.46875,15
synthetic_01764,cluster_g2,27,29,27,29,2,0.5,0.00035,1,1,G2,11.4,47.0,15
synthetic_01765,cluster_t4,86,87,86,87,1,0.25,7e-05,1,1,T4,3.152,5.46875,15
synthetic_01766,cluster_g2,75,77,75,77,2,0.5,0.00035,1,1,,11.3,48.0,15
synthetic_01767,cluster_p100,10,11,10,11,1,0.25,0.00025,1,1,P100|V100M16|V100M32,18.708,63.0,15
synthetic_01768,cluster_v100m32,40,41,40,41,1,0.25,0.00025,1,1,,3.152,5.46875,15
synthetic_01769,cluster_t4,61,62,61,62,1,0.25,7e-05,1,1,T4,4.0,22.3515625,15
synthetic_01770,cluster_v100m32,65,74,65,74,9,2.25,0.00025,1,1,,14.2,57.0,15
synthetic_01771,cluster_t4,0,1,0,1,1,0.25,7e-05,1,1,T4,3.152,5.46875,15
synthetic_01772,cluster_p100,20,25,20,25,5,1.25,0.00025,1,1,,16.0,32.0,15
synthetic_01773,cluster_t4,19,21,19,21,2,0.5,7e-05,1,1,,3.152,5.46875,15
synthetic_01774,cluster_p100,11,14,11,14,3,0.75,0.00025,1,1,,4.0,29.8017578125,15
synthetic_01775,cluster_v100m16,52,54,52,54,2,0.5,0.00025,1,1,,3.152,5.46875,15
synthetic_01776,cluster_g2,29,34,29,34,5,1.25,0.00035,1,1,,4.0,14.900390625,15
synthetic_01777,cluster_t4,19,20,19,20,1,0.25,7e-05,1,1,,11.3,48.0,15
synthetic_01778,cluster_v100m16,68,69,68,69,1,0.25,0.00025,1,1,V100M16|V100M32,11.4,47.0,15
synthetic_01779,cluster_p100,6,7,6,7,1,0.25,0.00025,1,1,,3.152,5.46875,15
synthetic_01780,cluster_t4,72,73,72,73,1,0.25,7e-05,1,1,T4,3.152,5.46875,15
synthetic_01781,cluster_a10,49,50,49,50,1,0.25,0.00015,1,1,,11.4,47.0,15
synthetic_01782,cluster_p100,12,14,12,14,2,0.5,0.00025,1,1,P100,11.908,46.0,15
synthetic_01783,cluster_t4,30,31,30,31,1,0.25,7e-05,1,1,,8.0,29.8017578125,15
synthetic_01784,cluster_g2,60,63,60,63,3,0.75,0.00035,1,1,G2,11.4,47.0,15
synthetic_01785,cluster_p100,45,47,45,47,2,0.5,0.00025,1,1,P100,3.152,5.46875,15
synthetic_01786,cluster_v100m32,34,35,34,35,1,0.25,0.00025,1,1,,3.152,5.46875,15
synthetic_01787,cluster_p100,22,23,22,23,1,0.25,0.00025,1,1,P100,8.0,29.8017578125,15
synthetic_01788,cluster_v100m32,88,89,88,89,1,0.25,0.00025,1,1,V100M16|V100M32,18.708,63.0,15
synthetic_01789,cluster_p100,69,70,69,70,1,0.25,0.00025,1,1,,11.3,48.0,15
synthetic_01790,cluster_p100,30,31,30,31,1,0.25,0.00025,1,1,,16.4,123.0,15
synthetic_01791,cluster_t4,41,42,41,42,1,0.25,7e-05,1,1,T4,11.4,47.0,15
synthetic_01792,cluster_v100m32,14,15,14,15,1,0.25,0.00025,1,1,,3.152,5.46875,15
synthetic_01793,cluster_t4,62,78,62,78,16,4.0,7e-05,1,1,T4,11.908,46.0,15
synthetic_01794,cluster_g3,92,93,92,93,1,0.25,0.00035,1,1,G3,8.0,16.0,15
synthetic_01795,cluster_p100,47,48,47,48,1,0.25,0.00025,1,1,,4.0,29.8017578125,15
synthetic_01796,cluster_v100m16,66,71,66,71,5,1.25,0.00025,1,1,V100M16|V100M32,11.3,48.0,15
synthetic_01797,cluster_v100m32,93,95,93,95,2,0.5,0.00025,1,1,,2.0,8.0,15
synthetic_01798,cluster_g3,18,20,18,20,2,0.5,0.00035,1,1,,11.4,76.0,15
synthetic_01799,cluster_v100m16,2,4,2,4,2,0.5,0.00025,1,1,,3.152,5.46875,15
synthetic_01800,cluster_v100m32,40,42,40,42,2,0.5,0.00025,1,1,,16.0,32.0,15
synthetic_01801,cluster_g2,25,27,25,27,2,0.5,0.00035,1,1,G2,18.708,63.0,15
synthetic_01802,cluster_p100,88,89,88,89,1,0.25,0.00025,1,1,,18.708,63.0,15
synthetic_01803,cluster_g2,55,56,55,56,1,0.25,0.00035,1,1,G2,11.3,48.0,15
synthetic_01804,cluster_g3,32,42,32,42,10,2.5,0.00035,1,1,G3,1.0,6.0,15
synthetic_01805,cluster_v100m16,80,81,80,81,1,0.25,0.00025,1,1,V100M16|V100M32,18.708,63.0,15
synthetic_01806,cluster_t4,60,66,60,66,6,1.5,7e-05,1,1,,11.4,47.0,15
synthetic_01807,cluster_v100m32,72,73,72,73,1,0.25,0.00025,1,1,,4.0,22.3515625,15
synthetic_01808,cluster_p100,20,21,20,21,1,0.25,0.00025,1,1,,3.152,5.46875,15
synthetic_01809,cluster_p100,15,16,15,16,1,0.25,0.00025,1,1,,3.152,5.46875,15
synthetic_01810,cluster_p100,14,18,14,18,4,1.0,0.00025,1,1,,11.908,46.0,15
synthetic_01811,cluster_v100m16,44,46,44,46,2,0.5,0.00025,1,1,,11.908,46.0,15
synthetic_01812,cluster_p100,56,61,56,61,5,1.25,0.00025,1,1,,4.0,24.0,15
synthetic_01813,cluster_v100m16,56,60,56,60,4,1.0,0.00025,1,1,,8.0,16.0,15
synthetic_01814,cluster_p100,49,50,49,50,1,0.25,0.00025,1,1,,3.152,5.46875,15
synthetic_01815,cluster_v100m16,48,49,48,49,1,0.25,0.00025,1,1,,12.0,24.0,15
synthetic_01816,cluster_v100m32,71,72,71,72,1,0.25,0.00025,1,1,,3.152,5.46875,15
synthetic_01817,cluster_t4,28,29,28,29,1,0.25,7e-05,1,1,T4,8.0,29.8017578125,15
synthetic_01818,cluster_g3,63,64,63,64,1,0.25,0.00035,1,1,,3.152,5.46875,15
synthetic_01819,cluster_g2,46,49,46,49,3,0.75,0.00035,1,1,,8.0,29.8017578125,15
synthetic_01820,cluster_g3,88,89,88,89,1,0.25,0.00035,1,1,,3.152,5.46875,15
synthetic_01821,cluster_t4,44,46,44,46,2,0.5,7e-05,1,1,,3.152,5.46875,15
synthetic_01822,cluster_p100,12,13,12,13,1,0.25,0.00025,1,1,,12.0,16.0,15
synthetic_01823,cluster_p100,75,83,75,83,8,2.0,0.00025,1,1,,18.708,63.0,15
synthetic_01824,cluster_g2,88,90,88,90,2,0.5,0.00035,1,1,,3.152,5.46875,15
synthetic_01825,cluster_p100,56,57,56,57,1,0.25,0.00025,1,1,,3.152,5.46875,15
synthetic_01826,cluster_g2,60,68,60,68,8,2.0,0.00035,1,1,,8.0,29.8017578125,15
synthetic_01827,cluster_v100m32,87,88,87,88,1,0.25,0.00025,1,1,,3.152,5.46875,15
synthetic_01828,cluster_t4,11,24,11,24,13,3.25,7e-05,1,1,T4,12.0,15.0,15
synthetic_01829,cluster_g2,61,62,61,62,1,0.25,0.00035,1,1,,3.152,5.46875,15
synthetic_01830,cluster_g3,67,68,67,68,1,0.25,0.00035,1,1,,8.0,29.8017578125,15
synthetic_01831,cluster_t4,57,59,57,59,2,0.5,7e-05,1,1,,4.152,10.3515625,15
synthetic_01832,cluster_t4,4,5,4,5,1,0.25,7e-05,1,1,T4,18.708,63.0,15
synthetic_01833,cluster_t4,80,81,80,81,1,0.25,7e-05,1,1,T4,11.3,48.0,15
synthetic_01834,cluster_t4,2,5,2,5,3,0.75,7e-05,1,1,T4,11.3,48.0,15
synthetic_01835,cluster_g2,68,70,68,70,2,0.5,0.00035,1,1,,4.152,10.3515625,15
synthetic_01836,cluster_g3,23,24,23,24,1,0.25,0.00035,1,1,,11.3,48.0,15
synthetic_01837,cluster_g3,15,20,15,20,5,1.25,0.00035,1,1,,9.81,40.5859375,15
synthetic_01838,cluster_t4,91,92,91,92,1,0.25,7e-05,1,1,,11.3,48.0,15
synthetic_01839,cluster_g3,43,44,43,44,1,0.25,0.00035,1,1,,3.152,5.46875,15
synthetic_01840,cluster_p100,5,6,5,6,1,0.25,0.00025,1,1,,3.152,5.46875,15
synthetic_01841,cluster_g3,12,23,12,23,11,2.75,0.0028,8,8,G3,88.0,320.0,15
synthetic_01842,cluster_g3,8,13,8,13,5,1.25,0.00035,1,1,G3,4.0,24.0,15
synthetic_01843,cluster_v100m16,72,74,72,74,2,0.5,0.00025,1,1,,11.908,46.0,15
synthetic_01844,cluster_v100m16,2,5,2,5,3,0.75,0.00025,1,1,,9.81,40.5859375,15
synthetic_01845,cluster_t4,85,91,85,91,6,1.5,7e-05,1,1,T4,11.4,47.0,15
synthetic_01846,cluster_v100m16,87,88,87,88,1,0.25,0.00025,1,1,,3.152,5.46875,15
synthetic_01847,cluster_g2,45,46,45,46,1,0.25,0.00035,1,1,,11.908,46.0,15
synthetic_01848,cluster_p100,6,13,6,13,7,1.75,0.00025,1,1,,8.0,16.0,15
synthetic_01849,cluster_g2,38,39,38,39,1,0.25,0.00035,1,1,G2,11.4,47.0,15
synthetic_01850,cluster_t4,89,96,89,96,7,1.75,7e-05,1,1,,9.81,40.5859375,15
synthetic_01851,cluster_v100m16,67,71,67,71,4,1.0,0.00025,1,1,,8.0,29.8017578125,15
synthetic_01852,cluster_t4,67,70,67,70,3,0.75,7e-05,1,1,,15.7,57.0,15
synthetic_01853,cluster_t4,22,23,22,23,1,0.25,7e-05,1,1,T4,11.908,46.0,15
synthetic_01854,cluster_g2,39,40,39,40,1,0.25,0.00035,1,1,,3.152,5.46875,15
synthetic_01855,cluster_p100,46,47,46,47,1,0.25,0.00025,1,1,,11.4,47.0,15
synthetic_01856,cluster_t4,5,6,5,6,1,0.25,7e-05,1,1,,6.0,12.0,15
synthetic_01857,cluster_v100m16,42,53,42,53,11,2.75,0.00025,1,1,,14.2,57.0,15
synthetic_01858,cluster_g2,57,61,57,61,4,1.0,0.00035,1,1,G2,8.0,16.0,15
synthetic_01859,cluster_v100m16,38,39,38,39,1,0.25,0.00025,1,1,,4.0,14.900390625,15
synthetic_01860,cluster_t4,3,8,3,8,5,1.25,7e-05,1,1,T4,4.0,24.0,15
synthetic_01861,cluster_g2,86,87,86,87,1,0.25,0.00035,1,1,,4.152,10.3515625,15
synthetic_01862,cluster_g2,46,47,46,47,1,0.25,0.00035,1,1,,11.3,48.0,15
synthetic_01863,cluster_t4,0,1,0,1,1,0.25,7e-05,1,1,,8.0,29.8017578125,15
synthetic_01864,cluster_g2,63,65,63,65,2,0.5,0.00035,1,1,,4.0,14.900390625,15
synthetic_01865,cluster_t4,55,70,55,70,15,3.75,7e-05,1,1,T4,3.152,5.46875,15
synthetic_01866,cluster_v100m32,28,30,28,30,2,0.5,0.00025,1,1,,9.81,40.5859375,15
synthetic_01867,cluster_v100m32,71,73,71,73,2,0.5,0.00025,1,1,V100M16|V100M32,11.4,47.0,15
synthetic_01868,cluster_p100,18,19,18,19,1,0.25,0.00025,1,1,,3.152,5.46875,15
synthetic_01869,cluster_v100m16,15,16,15,16,1,0.25,0.00025,1,1,,11.4,47.0,15
synthetic_01870,cluster_t4,59,60,59,60,1,0.25,7e-05,1,1,T4,4.152,10.3515625,15
synthetic_01871,cluster_v100m32,95,96,95,96,1,0.25,0.00025,1,1,,8.0,29.8017578125,15
synthetic_01872,cluster_t4,42,43,42,43,1,0.25,7e-05,1,1,T4,11.4,47.0,15
synthetic_01873,cluster_v100m32,1,8,1,8,7,1.75,0.00025,1,1,,3.152,5.46875,15
synthetic_01874,cluster_g3,63,64,63,64,1,0.25,0.00035,1,1,,11.3,48.0,15
synthetic_01875,cluster_t4,44,45,44,45,1,0.25,7e-05,1,1,T4,11.3,48.0,15
synthetic_01876,cluster_v100m16,81,85,81,85,4,1.0,0.00025,1,1,,11.3,48.0,15
synthetic_01877,cluster_t4,20,21,20,21,1,0.25,7e-05,1,1,T4,11.3,48.0,15
synthetic_01878,cluster_v100m32,42,44,42,44,2,0.5,0.00025,1,1,,9.81,40.5859375,15
synthetic_01879,cluster_v100m32,79,88,79,88,9,2.25,0.00025,1,1,,11.4,47.0,15
synthetic_01880,cluster_g3,39,51,39,51,12,3.0,0.00035,1,1,,11.908,46.0,15
synthetic_01881,cluster_t4,94,95,94,95,1,0.25,7e-05,1,1,T4,11.3,48.0,15
synthetic_01882,cluster_t4,16,17,16,17,1,0.25,7e-05,1,1,T4,11.3,48.0,15
synthetic_01883,cluster_t4,83,84,83,84,1,0.25,7e-05,1,1,T4,9.81,40.5859375,15
synthetic_01884,cluster_t4,82,83,82,83,1,0.25,7e-05,1,1,,4.152,10.3515625,15
synthetic_01885,cluster_t4,64,65,64,65,1,0.25,7e-05,1,1,T4,3.152,5.46875,15
synthetic_01886,cluster_v100m16,42,47,42,47,5,1.25,0.00025,1,1,,11.3,48.0,15
synthetic_01887,cluster_t4,54,55,54,55,1,0.25,7e-05,1,1,T4,4.152,10.3515625,15
synthetic_01888,cluster_v100m32,3,4,3,4,1,0.25,0.00025,1,1,,12.0,32.0,15
synthetic_01889,cluster_g2,61,64,61,64,3,0.75,0.00035,1,1,G2,15.7,57.0,15
synthetic_01890,cluster_g2,56,57,56,57,1,0.25,0.00035,1,1,G2,11.4,47.0,15
synthetic_01891,cluster_v100m32,13,14,13,14,1,0.25,0.00025,1,1,,4.0,22.3515625,15
synthetic_01892,cluster_t4,58,61,58,61,3,0.75,7e-05,1,1,,4.0,14.900390625,15
synthetic_01893,cluster_v100m16,73,74,73,74,1,0.25,0.00025,1,1,,3.152,5.46875,15
synthetic_01894,cluster_g2,25,28,25,28,3,0.75,0.00035,1,1,,11.908,46.0,15
synthetic_01895,cluster_t4,69,70,69,70,1,0.25,7e-05,1,1,T4,11.908,46.0,15
synthetic_01896,cluster_t4,56,65,56,65,9,2.25,7e-05,1,1,,11.908,46.0,15
synthetic_01897,cluster_v100m16,12,16,12,16,4,1.0,0.00025,1,1,,12.0,24.0,15
synthetic_01898,cluster_t4,16,17,16,17,1,0.25,7e-05,1,1,T4,3.152,5.46875,15
synthetic_01899,cluster_g3,78,79,78,79,1,0.25,0.00035,1,1,,11.3,48.0,15
synthetic_01900,cluster_a10,32,33,32,33,1,0.25,0.00015,1,1,,3.152,5.46875,15
synthetic_01901,cluster_p100,67,68,67,68,1,0.25,0.00025,1,1,,3.152,5.46875,15
synthetic_01902,cluster_v100m32,88,89,88,89,1,0.25,0.00025,1,1,,11.4,47.0,15
synthetic_01903,cluster_v100m16,25,27,25,27,2,0.5,0.00025,1,1,,12.0,24.0,15
synthetic_01904,cluster_g2,75,77,75,77,2,0.5,0.00035,1,1,,3.152,5.46875,15
synthetic_01905,cluster_v100m32,25,27,25,27,2,0.5,0.00025,1,1,,18.708,63.0,15
synthetic_01906,cluster_t4,71,72,71,72,1,0.25,7e-05,1,1,T4,8.0,29.8017578125,15
synthetic_01907,cluster_v100m32,11,12,11,12,1,0.25,0.00025,1,1,,15.7,57.0,15
synthetic_01908,cluster_t4,5,10,5,10,5,1.25,7e-05,1,1,,4.0,14.900390625,15
synthetic_01909,cluster_p100,4,5,4,5,1,0.25,0.00025,1,1,,15.7,57.0,15
synthetic_01910,cluster_g2,30,35,30,35,5,1.25,0.00035,1,1,,4.0,24.0,15
synthetic_01911,cluster_t4,22,24,22,24,2,0.5,7e-05,1,1,T4,12.0,16.0,15
synthetic_01912,cluster_v100m32,59,60,59,60,1,0.25,0.00025,1,1,,3.152,5.46875,15
synthetic_01913,cluster_t4,73,74,73,74,1,0.25,7e-05,1,1,,4.152,10.3515625,15
synthetic_01914,cluster_g2,80,81,80,81,1,0.25,0.00035,1,1,,3.152,5.46875,15
synthetic_01915,cluster_g3,82,83,82,83,1,0.25,0.00035,1,1,,1.0,2.0,15
synthetic_01916,cluster_t4,47,52,47,52,5,1.25,7e-05,1,1,T4,4.0,14.900390625,15
synthetic_01917,cluster_t4,39,40,39,40,1,0.25,7e-05,1,1,P100|T4|V100M16|V100M32,14.2,57.0,15
synthetic_01918,cluster_g2,61,62,61,62,1,0.25,0.00035,1,1,,9.81,40.5859375,15
synthetic_01919,cluster_t4,68,72,68,72,4,1.0,7e-05,1,1,,8.0,32.0,15
synthetic_01920,cluster_g3,26,27,26,27,1,0.25,0.0028,8,8,,64.2,257.0,15
synthetic_01921,cluster_t4,80,87,80,87,7,1.75,7e-05,1,1,,11.3,48.0,15
synthetic_01922,cluster_g3,50,58,50,58,8,2.0,0.00035,1,1,,8.0,16.0,15
synthetic_01923,cluster_t4,77,78,77,78,1,0.25,7e-05,1,1,T4,4.0,22.3515625,15
synthetic_01924,cluster_g2,92,94,92,94,2,0.5,0.00035,1,1,,11.4,47.0,15
synthetic_01925,cluster_v100m16,23,33,23,33,10,2.5,0.00025,1,1,V100M16|V100M32,14.2,57.0,15
synthetic_01926,cluster_v100m32,80,81,80,81,1,0.25,0.00025,1,1,,3.152,5.46875,15
synthetic_01927,cluster_v100m16,71,72,71,72,1,0.25,0.00025,1,1,,3.152,5.46875,15
synthetic_01928,cluster_g3,44,45,44,45,1,0.25,0.00035,1,1,,4.0,22.3515625,15
synthetic_01929,cluster_g3,83,84,83,84,1,0.25,0.00035,1,1,,3.152,5.46875,15
synthetic_01930,cluster_g2,39,40,39,40,1,0.25,0.00035,1,1,,18.708,63.0,15
synthetic_01931,cluster_g2,56,57,56,57,1,0.25,0.00035,1,1,,11.4,47.0,15
synthetic_01932,cluster_v100m16,46,47,46,47,1,0.25,0.00025,1,1,G2|P100|T4|V100M16|V100M32,11.3,48.0,15
synthetic_01933,cluster_t4,3,5,3,5,2,0.5,7e-05,1,1,,11.4,47.0,15
synthetic_01934,cluster_g2,26,27,26,27,1,0.25,0.00035,1,1,,11.908,46.0,15
synthetic_01935,cluster_v100m32,70,71,70,71,1,0.25,0.00025,1,1,,3.152,5.46875,15
synthetic_01936,cluster_g3,62,66,62,66,4,1.0,0.00035,1,1,,12.0,15.0,15
synthetic_01937,cluster_g3,75,76,75,76,1,0.25,0.00035,1,1,,11.3,48.0,15
synthetic_01938,cluster_t4,7,8,7,8,1,0.25,7e-05,1,1,T4,9.81,40.5859375,15
synthetic_01939,cluster_v100m32,61,62,61,62,1,0.25,0.00025,1,1,,3.152,5.46875,15
synthetic_01940,cluster_p100,22,23,22,23,1,0.25,0.00025,1,1,,3.152,5.46875,15
synthetic_01941,cluster_p100,70,71,70,71,1,0.25,0.00025,1,1,,11.3,48.0,15
synthetic_01942,cluster_t4,89,92,89,92,3,0.75,7e-05,1,1,T4,8.2,33.0,15
synthetic_01943,cluster_p100,32,33,32,33,1,0.25,0.00025,1,1,,8.0,29.8017578125,15
synthetic_01944,cluster_g3,7,13,7,13,6,1.5,0.00035,1,1,,14.2,57.0,15
synthetic_01945,cluster_t4,67,68,67,68,1,0.25,7e-05,1,1,,18.708,63.0,15
synthetic_01946,cluster_v100m32,82,86,82,86,4,1.0,0.00025,1,1,,11.3,48.0,15
synthetic_01947,cluster_v100m16,36,39,36,39,3,0.75,0.00025,1,1,,11.4,47.0,15
synthetic_01948,cluster_v100m32,3,4,3,4,1,0.25,0.00025,1,1,,11.3,48.0,15
synthetic_01949,cluster_v100m16,45,46,45,46,1,0.25,0.00025,1,1,V100M16|V100M32,18.708,63.0,15
synthetic_01950,cluster_p100,64,66,64,66,2,0.5,0.00025,1,1,,3.152,5.46875,15
synthetic_01951,cluster_t4,95,96,95,96,1,0.25,7e-05,1,1,,3.152,5.46875,15
synthetic_01952,cluster_p100,29,30,29,30,1,0.25,0.00025,1,1,,11.908,46.0,15
synthetic_01953,cluster_t4,21,23,21,23,2,0.5,7e-05,1,1,T4,3.152,5.46875,15
synthetic_01954,cluster_v100m32,59,64,59,64,5,1.25,0.00025,1,1,V100M16|V100M32,12.0,24.0,15
synthetic_01955,cluster_v100m32,6,7,6,7,1,0.25,0.00025,1,1,,18.708,63.0,15
synthetic_01956,cluster_g3,18,19,18,19,1,0.25,0.00035,1,1,,3.152,5.46875,15
synthetic_01957,cluster_t4,41,47,41,47,6,1.5,7e-05,1,1,T4,11.4,47.0,15
synthetic_01958,cluster_v100m16,48,49,48,49,1,0.25,0.00025,1,1,,3.152,5.46875,15
synthetic_01959,cluster_v100m32,73,77,73,77,4,1.0,0.00025,1,1,,11.4,47.0,15
synthetic_01960,cluster_p100,90,91,90,91,1,0.25,0.00025,1,1,,18.708,63.0,15
synthetic_01961,cluster_g2,17,22,17,22,5,1.25,0.00035,1,1,G2,12.0,15.0,15
synthetic_01962,cluster_v100m32,31,32,31,32,1,0.25,0.00025,1,1,P100|V100M16|V100M32,3.152,5.46875,15
synthetic_01963,cluster_t4,32,34,32,34,2,0.5,7e-05,1,1,T4,4.0,29.8017578125,15
synthetic_01964,cluster_v100m16,47,48,47,48,1,0.25,0.00025,1,1,,11.908,46.0,15
synthetic_01965,cluster_t4,87,91,87,91,4,1.0,7e-05,1,1,T4,15.7,57.0,15
synthetic_01966,cluster_v100m16,12,13,12,13,1,0.25,0.00025,1,1,V100M16|V100M32,3.152,5.46875,15
synthetic_01967,cluster_t4,76,77,76,77,1,0.25,7e-05,1,1,T4,12.0,24.0,15
synthetic_01968,cluster_g3,47,48,47,48,1,0.25,0.00035,1,1,,4.152,10.3515625,15
synthetic_01969,cluster_g2,67,78,67,78,11,2.75,0.00035,1,1,G2,11.4,47.0,15
synthetic_01970,cluster_t4,15,18,15,18,3,0.75,7e-05,1,1,T4,11.4,47.0,15
synthetic_01971,cluster_v100m16,74,75,74,75,1,0.25,0.00025,1,1,,6.0,6.0,15
synthetic_01972,cluster_t4,69,70,69,70,1,0.25,7e-05,1,1,,3.152,5.46875,15
synthetic_01973,cluster_g2,27,28,27,28,1,0.25,0.00035,1,1,,3.152,5.46875,15
synthetic_01974,cluster_g3,15,16,15,16,1,0.25,0.00035,1,1,,3.152,5.46875,15
synthetic_01975,cluster_g3,67,68,67,68,1,0.25,0.00035,1,1,,11.3,48.0,15
synthetic_01976,cluster_t4,38,39,38,39,1,0.25,7e-05,1,1,T4,11.3,48.0,15
synthetic_01977,cluster_t4,53,54,53,54,1,0.25,7e-05,1,1,,3.152,5.46875,15
synthetic_01978,cluster_t4,3,5,3,5,2,0.5,7e-05,1,1,T4,8.0,29.8017578125,15
synthetic_01979,cluster_g2,87,88,87,88,1,0.25,0.00035,1,1,G2,8.2,33.0,15
synthetic_01980,cluster_v100m32,57,58,57,58,1,0.25,0.00025,1,1,,11.3,48.0,15
synthetic_01981,cluster_g3,1,3,1,3,2,0.5,0.00035,1,1,G3,11.3,48.0,15
synthetic_01982,cluster_t4,12,14,12,14,2,0.5,7e-05,1,1,T4,4.152,10.3515625,15
synthetic_01983,cluster_g3,61,63,61,63,2,0.5,0.00035,1,1,,4.0,14.900390625,15
synthetic_01984,cluster_g2,85,86,85,86,1,0.25,0.00035,1,1,G2,11.4,47.0,15
synthetic_01985,cluster_p100,16,21,16,21,5,1.25,0.00025,1,1,,15.2,79.0,15
synthetic_01986,cluster_v100m16,86,88,86,88,2,0.5,0.00025,1,1,,8.0,16.0,15
synthetic_01987,cluster_v100m16,66,69,66,69,3,0.75,0.00025,1,1,,11.4,76.0,15
synthetic_01988,cluster_t4,4,9,4,9,5,1.25,7e-05,1,1,T4,15.2,79.0,15
synthetic_01989,cluster_g2,56,58,56,58,2,0.5,0.00035,1,1,,11.4,76.0,15
synthetic_01990,cluster_g2,69,71,69,71,2,0.5,0.00035,1,1,,3.152,5.46875,15
synthetic_01991,cluster_v100m16,62,66,62,66,4,1.0,0.00025,1,1,,11.4,47.0,15
synthetic_01992,cluster_p100,72,76,72,76,4,1.0,0.00025,1,1,,6.0,16.0,15
synthetic_01993,cluster_t4,92,93,92,93,1,0.25,7e-05,1,1,,3.152,5.46875,15
synthetic_01994,cluster_t4,83,84,83,84,1,0.25,7e-05,1,1,T4,11.3,48.0,15
synthetic_01995,cluster_g3,86,87,86,87,1,0.25,0.00035,1,1,,8.0,29.8017578125,15
synthetic_01996,cluster_g3,43,45,43,45,2,0.5,0.00035,1,1,,11.3,48.0,15
synthetic_01997,cluster_v100m32,76,90,76,90,14,3.5,0.00025,1,1,,11.4,47.0,15
synthetic_01998,cluster_v100m16,14,16,14,16,2,0.5,0.00025,1,1,,18.708,63.0,15
synthetic_01999,cluster_p100,84,85,84,85,1,0.25,0.00025,1,1,,11.3,48.0,15
synthetic_02000,cluster_t4,70,76,70,76,6,1.5,7e-05,1,1,T4,16.0,32.0,15
synthetic_02001,cluster_g3,0,1,0,1,1,0.25,0.00035,1,1,,11.4,47.0,15
synthetic_02002,cluster_t4,65,68,65,68,3,0.75,7e-05,1,1,T4,15.7,57.0,15
synthetic_02003,cluster_p100,21,22,21,22,1,0.25,0.00025,1,1,,6.0,12.0,15
synthetic_02004,cluster_g2,21,22,21,22,1,0.25,0.00035,1,1,G2,11.3,48.0,15
synthetic_02005,cluster_t4,28,30,28,30,2,0.5,7e-05,1,1,T4,11.3,48.0,15
synthetic_02006,cluster_p100,79,80,79,80,1,0.25,0.00025,1,1,,11.3,48.0,15
synthetic_02007,cluster_v100m16,64,66,64,66,2,0.5,0.00025,1,1,,12.0,16.0,15
synthetic_02008,cluster_g2,4,5,4,5,1,0.25,0.00035,1,1,G2,11.3,48.0,15
synthetic_02009,cluster_t4,77,80,77,80,3,0.75,7e-05,1,1,T4,9.81,40.5859375,15
synthetic_02010,cluster_v100m16,67,68,67,68,1,0.25,0.00025,1,1,,11.908,46.0,15
synthetic_02011,cluster_g3,50,51,50,51,1,0.25,0.00035,1,1,,11.908,46.0,15
synthetic_02012,cluster_t4,2,3,2,3,1,0.25,7e-05,1,1,T4,3.152,5.46875,15
synthetic_02013,cluster_t4,35,36,35,36,1,0.25,7e-05,1,1,,3.152,5.46875,15
synthetic_02014,cluster_g3,12,13,12,13,1,0.25,0.00035,1,1,,4.0,22.3515625,15
synthetic_02015,cluster_a10,23,24,23,24,1,0.25,0.00015,1,1,,3.152,5.46875,15
synthetic_02016,cluster_v100m16,62,69,62,69,7,1.75,0.00025,1,1,,4.0,29.8017578125,15
synthetic_02017,cluster_g2,69,74,69,74,5,1.25,0.00035,1,1,,9.81,40.5859375,15
synthetic_02018,cluster_p100,81,82,81,82,1,0.25,0.00025,1,1,,9.81,40.5859375,15
synthetic_02019,cluster_p100,65,67,65,67,2,0.5,0.00025,1,1,P100,4.0,14.900390625,15
synthetic_02020,cluster_t4,5,6,5,6,1,0.25,7e-05,1,1,,3.152,5.46875,15
synthetic_02021,cluster_g2,38,41,38,41,3,0.75,0.00035,1,1,G2,15.7,57.0,15
synthetic_02022,cluster_g3,13,15,13,15,2,0.5,0.00035,1,1,,8.0,15.625,15
synthetic_02023,cluster_t4,74,75,74,75,1,0.25,7e-05,1,1,T4,3.152,5.46875,15
synthetic_02024,cluster_t4,95,96,95,96,1,0.25,7e-05,1,1,,3.152,5.46875,15
synthetic_02025,cluster_p100,29,30,29,30,1,0.25,0.00025,1,1,P100|V100M16|V100M32,11.4,47.0,15
synthetic_02026,cluster_g2,23,24,23,24,1,0.25,0.00035,1,1,,18.708,63.0,15
synthetic_02027,cluster_v100m32,85,86,85,86,1,0.25,0.00025,1,1,,3.152,5.46875,15
synthetic_02028,cluster_t4,60,65,60,65,5,1.25,7e-05,1,1,T4,4.0,24.0,15
synthetic_02029,cluster_v100m16,88,93,88,93,5,1.25,0.00025,1,1,,11.4,47.0,15
synthetic_02030,cluster_g2,43,44,43,44,1,0.25,0.00035,1,1,,3.152,5.46875,15
synthetic_02031,cluster_g2,18,19,18,19,1,0.25,0.00035,1,1,,4.0,22.3515625,15
synthetic_02032,cluster_p100,78,79,78,79,1,0.25,0.00025,1,1,,3.152,5.46875,15
synthetic_02033,cluster_g3,69,78,69,78,9,2.25,0.00035,1,1,,4.152,10.3515625,15
synthetic_02034,cluster_p100,1,2,1,2,1,0.25,0.00025,1,1,,3.152,5.46875,15
synthetic_02035,cluster_p100,30,31,30,31,1,0.25,0.00025,1,1,,3.152,5.46875,15
synthetic_02036,cluster_t4,62,63,62,63,1,0.25,7e-05,1,1,T4,8.0,29.8017578125,15
synthetic_02037,cluster_v100m32,52,55,52,55,3,0.75,0.00025,1,1,,11.9,76.0,15
synthetic_02038,cluster_v100m16,27,28,27,28,1,0.25,0.00025,1,1,V100M16|V100M32,11.3,48.0,15
synthetic_02039,cluster_g2,66,70,66,70,4,1.0,0.00035,1,1,,11.908,46.0,15
synthetic_02040,cluster_p100,92,94,92,94,2,0.5,0.00025,1,1,P100,3.152,5.46875,15
synthetic_02041,cluster_t4,45,46,45,46,1,0.25,7e-05,1,1,T4,3.152,5.46875,15
synthetic_02042,cluster_v100m16,94,96,94,96,2,0.5,0.00025,1,1,,3.152,5.46875,15
synthetic_02043,cluster_t4,88,93,88,93,5,1.25,7e-05,1,1,T4,15.2,79.0,15
synthetic_02044,cluster_t4,87,88,87,88,1,0.25,7e-05,1,1,T4,11.4,47.0,15
synthetic_02045,cluster_p100,6,11,6,11,5,1.25,0.00025,1,1,,8.0,16.0,15
synthetic_02046,cluster_a10,91,92,91,92,1,0.25,0.00015,1,1,,11.4,47.0,15
synthetic_02047,cluster_g3,93,95,93,95,2,0.5,0.00035,1,1,G3,8.0,16.0,15
synthetic_02048,cluster_v100m16,31,32,31,32,1,0.25,0.00025,1,1,V100M16|V100M32,11.3,48.0,15
synthetic_02049,cluster_g2,32,33,32,33,1,0.25,0.00035,1,1,,11.908,46.0,15
synthetic_02050,cluster_v100m32,82,83,82,83,1,0.25,0.00025,1,1,,4.0,14.900390625,15
synthetic_02051,cluster_g2,24,25,24,25,1,0.25,0.00035,1,1,G2,11.908,46.0,15
synthetic_02052,cluster_v100m32,62,63,62,63,1,0.25,0.00025,1,1,,3.152,5.46875,15
synthetic_02053,cluster_t4,52,54,52,54,2,0.5,7e-05,1,1,,11.4,47.0,15
synthetic_02054,cluster_g3,94,95,94,95,1,0.25,0.00035,1,1,,18.708,63.0,15
synthetic_02055,cluster_t4,43,56,43,56,13,3.25,7e-05,1,1,,12.0,24.0,15
synthetic_02056,cluster_t4,38,50,38,50,12,3.0,7e-05,1,1,T4,4.0,22.3515625,15
synthetic_02057,cluster_g2,85,87,85,87,2,0.5,0.00035,1,1,,3.152,5.46875,15
synthetic_02058,cluster_t4,34,35,34,35,1,0.25,7e-05,1,1,T4,3.152,5.46875,15
synthetic_02059,cluster_p100,5,6,5,6,1,0.25,0.00025,1,1,P100,11.908,46.0,15
synthetic_02060,cluster_g2,17,18,17,18,1,0.25,0.00035,1,1,,6.0,6.0,15
synthetic_02061,cluster_g3,23,24,23,24,1,0.25,0.00035,1,1,,3.152,5.46875,15
synthetic_02062,cluster_t4,73,75,73,75,2,0.5,7e-05,1,1,T4,11.908,46.0,15
synthetic_02063,cluster_v100m32,76,77,76,77,1,0.25,0.00025,1,1,,3.152,5.46875,15
synthetic_02064,cluster_t4,30,31,30,31,1,0.25,7e-05,1,1,,3.152,5.46875,15
synthetic_02065,cluster_g3,6,12,6,12,6,1.5,0.00035,1,1,,14.2,57.0,15
synthetic_02066,cluster_t4,51,52,51,52,1,0.25,7e-05,1,1,,3.152,5.46875,15
synthetic_02067,cluster_v100m32,74,75,74,75,1,0.25,0.00025,1,1,,1.0,2.0,15
synthetic_02068,cluster_v100m16,84,85,84,85,1,0.25,0.00025,1,1,V100M16|V100M32,11.3,48.0,15
synthetic_02069,cluster_g3,95,96,95,96,1,0.25,0.00035,1,1,,3.152,5.46875,15
synthetic_02070,cluster_t4,79,81,79,81,2,0.5,7e-05,1,1,T4,18.708,63.0,15
synthetic_02071,cluster_g2,20,22,20,22,2,0.5,0.00035,1,1,,3.152,5.46875,15
synthetic_02072,cluster_g2,2,3,2,3,1,0.25,0.00035,1,1,,3.152,5.46875,15
synthetic_02073,cluster_t4,13,14,13,14,1,0.25,7e-05,1,1,T4,11.908,46.0,15
synthetic_02074,cluster_p100,34,35,34,35,1,0.25,0.00025,1,1,P100|V100M16|V100M32,11.3,48.0,15
synthetic_02075,cluster_t4,10,11,10,11,1,0.25,7e-05,1,1,,3.152,5.46875,15
synthetic_02076,cluster_p100,74,75,74,75,1,0.25,0.00025,1,1,,3.152,5.46875,15
synthetic_02077,cluster_g2,22,23,22,23,1,0.25,0.00035,1,1,G2,11.3,48.0,15
synthetic_02078,cluster_t4,51,59,51,59,8,2.0,7e-05,1,1,T4,14.2,57.0,15
synthetic_02079,cluster_t4,3,4,3,4,1,0.25,7e-05,1,1,,11.3,48.0,15
synthetic_02080,cluster_v100m16,77,78,77,78,1,0.25,0.00025,1,1,,3.152,5.46875,15
synthetic_02081,cluster_g3,37,43,37,43,6,1.5,0.00035,1,1,,11.908,46.0,15
synthetic_02082,cluster_g2,84,85,84,85,1,0.25,0.00035,1,1,,6.0,22.3515625,15
synthetic_02083,cluster_a10,54,55,54,55,1,0.25,0.00015,1,1,,3.152,5.46875,15
synthetic_02084,cluster_v100m16,51,52,51,52,1,0.25,0.00025,1,1,P100|V100M16|V100M32,18.708,63.0,15
synthetic_02085,cluster_t4,25,26,25,26,1,0.25,7e-05,1,1,,4.0,14.900390625,15
synthetic_02086,cluster_v100m32,74,75,74,75,1,0.25,0.00025,1,1,,3.152,5.46875,15
synthetic_02087,cluster_p100,77,81,77,81,4,1.0,0.00025,1,1,,11.4,47.0,15
synthetic_02088,cluster_p100,45,46,45,46,1,0.25,0.00025,1,1,,15.7,57.0,15
synthetic_02089,cluster_g3,52,56,52,56,4,1.0,0.00035,1,1,,4.0,29.8017578125,15
synthetic_02090,cluster_g2,52,53,52,53,1,0.25,0.00035,1,1,,3.152,5.46875,15
synthetic_02091,cluster_g3,68,70,68,70,2,0.5,0.00035,1,1,,11.3,48.0,15
synthetic_02092,cluster_p100,91,96,91,96,5,1.25,0.00025,1,1,P100|T4|V100M16|V100M32,15.2,79.0,15
synthetic_02093,cluster_v100m32,7,17,7,17,10,2.5,0.00025,1,1,,12.0,24.0,15
synthetic_02094,cluster_g2,50,55,50,55,5,1.25,0.00035,1,1,,8.0,16.0,15
synthetic_02095,cluster_g2,4,5,4,5,1,0.25,0.0014,4,4,G2,32.2,129.0,15
synthetic_02096,cluster_v100m16,24,27,24,27,3,0.75,0.00025,1,1,,12.0,16.0,15
synthetic_02097,cluster_v100m16,78,79,78,79,1,0.25,0.00025,1,1,,3.152,5.46875,15
synthetic_02098,cluster_g3,94,95,94,95,1,0.25,0.00035,1,1,,3.152,5.46875,15
synthetic_02099,cluster_g3,26,30,26,30,4,1.0,0.00035,1,1,,8.0,29.8017578125,15
synthetic_02100,cluster_v100m16,67,72,67,72,5,1.25,0.00025,1,1,,4.0,24.0,15
synthetic_02101,cluster_t4,47,50,47,50,3,0.75,7e-05,1,1,,11.908,46.0,15
synthetic_02102,cluster_v100m16,51,53,51,53,2,0.5,0.00025,1,1,,9.81,40.5859375,15
synthetic_02103,cluster_t4,91,93,91,93,2,0.5,7e-05,1,1,T4,11.3,48.0,15
synthetic_02104,cluster_t4,90,91,90,91,1,0.25,7e-05,1,1,T4,11.4,47.0,15
synthetic_02105,cluster_v100m16,74,75,74,75,1,0.25,0.00025,1,1,,6.0,6.0,15
synthetic_02106,cluster_t4,91,92,91,92,1,0.25,7e-05,1,1,,8.0,29.8017578125,15
synthetic_02107,cluster_t4,60,61,60,61,1,0.25,7e-05,1,1,,3.152,5.46875,15
synthetic_02108,cluster_v100m16,78,79,78,79,1,0.25,0.00025,1,1,,3.152,5.46875,15
synthetic_02109,cluster_t4,74,75,74,75,1,0.25,7e-05,1,1,T4,3.152,5.46875,15
synthetic_02110,cluster_g2,38,40,38,40,2,0.5,0.00035,1,1,,6.0,23.0,15
synthetic_02111,cluster_t4,83,84,83,84,1,0.25,7e-05,1,1,,3.152,5.46875,15
synthetic_02112,cluster_v100m32,12,15,12,15,3,0.75,0.00025,1,1,V100M16|V100M32,11.3,48.0,15
synthetic_02113,cluster_g2,66,68,66,68,2,0.5,0.00035,1,1,G2,14.2,57.0,15
synthetic_02114,cluster_v100m32,87,90,87,90,3,0.75,0.00025,1,1,,11.4,76.0,15
synthetic_02115,cluster_p100,60,61,60,61,1,0.25,0.00025,1,1,,4.0,22.3515625,15
synthetic_02116,cluster_v100m32,29,30,29,30,1,0.25,0.00025,1,1,V100M16|V100M32,11.3,48.0,15
synthetic_02117,cluster_v100m16,77,92,77,92,15,3.75,0.00025,1,1,,4.0,14.900390625,15
synthetic_02118,cluster_v100m32,8,24,8,24,16,4.0,0.00025,1,1,,16.0,64.0,15
synthetic_02119,cluster_t4,30,31,30,31,1,0.25,7e-05,1,1,T4,3.152,5.46875,15
synthetic_02120,cluster_t4,74,76,74,76,2,0.5,7e-05,1,1,T4,4.0,14.900390625,15
synthetic_02121,cluster_v100m16,34,35,34,35,1,0.25,0.00025,1,1,,3.152,5.46875,15
synthetic_02122,cluster_g2,7,8,7,8,1,0.25,0.00035,1,1,,3.152,5.46875,15
synthetic_02123,cluster_t4,5,6,5,6,1,0.25,7e-05,1,1,T4,3.152,5.46875,15
synthetic_02124,cluster_g2,18,19,18,19,1,0.25,0.00035,1,1,G2,11.3,48.0,15
synthetic_02125,cluster_t4,48,52,48,52,4,1.0,7e-05,1,1,,11.908,46.0,15
synthetic_02126,cluster_a10,60,61,60,61,1,0.25,0.00015,1,1,,11.3,48.0,15
synthetic_02127,cluster_g2,37,38,37,38,1,0.25,0.00035,1,1,G2,11.3,48.0,15
synthetic_02128,cluster_v100m16,45,47,45,47,2,0.5,0.00025,1,1,,11.3,48.0,15
synthetic_02129,cluster_v100m16,79,82,79,82,3,0.75,0.00025,1,1,,11.908,46.0,15
synthetic_02130,cluster_v100m16,13,17,13,17,4,1.0,0.00025,1,1,,6.0,12.0,15
synthetic_02131,cluster_v100m32,45,46,45,46,1,0.25,0.00025,1,1,,11.3,48.0,15
synthetic_02132,cluster_t4,56,63,56,63,7,1.75,7e-05,1,1,T4,1.0,6.0,15
synthetic_02133,cluster_p100,80,85,80,85,5,1.25,0.00025,1,1,,4.0,24.0,15
synthetic_02134,cluster_v100m32,61,76,61,76,15,3.75,0.00025,1,1,,8.0,29.8017578125,15
synthetic_02135,cluster_v100m32,65,66,65,66,1,0.25,0.00025,1,1,,3.152,5.46875,15
synthetic_02136,cluster_p100,53,61,53,61,8,2.0,0.00025,1,1,P100,8.0,29.8017578125,15
synthetic_02137,cluster_g3,95,96,95,96,1,0.25,0.00035,1,1,,4.152,10.3515625,15
synthetic_02138,cluster_t4,27,28,27,28,1,0.25,7e-05,1,1,T4,4.152,10.3515625,15
synthetic_02139,cluster_t4,32,33,32,33,1,0.25,7e-05,1,1,,12.0,15.0,15
synthetic_02140,cluster_a10,0,1,0,1,1,0.25,0.00015,1,1,,3.152,5.46875,15
synthetic_02141,cluster_v100m32,63,64,63,64,1,0.25,0.00025,1,1,,12.0,24.0,15
synthetic_02142,cluster_g2,43,44,43,44,1,0.25,0.00035,1,1,G2,11.3,48.0,15
synthetic_02143,cluster_p100,15,25,15,25,10,2.5,0.00025,1,1,,8.0,29.8017578125,15
synthetic_02144,cluster_t4,85,86,85,86,1,0.25,7e-05,1,1,,3.152,5.46875,15
synthetic_02145,cluster_t4,22,24,22,24,2,0.5,7e-05,1,1,T4,3.152,5.46875,15
synthetic_02146,cluster_t4,77,80,77,80,3,0.75,7e-05,1,1,,14.2,57.0,15
synthetic_02147,cluster_v100m16,6,19,6,19,13,3.25,0.00025,1,1,,18.708,63.0,15
synthetic_02148,cluster_g2,9,10,9,10,1,0.25,0.00035,1,1,G2,9.81,40.5859375,15
synthetic_02149,cluster_g3,48,54,48,54,6,1.5,0.00035,1,1,,15.7,57.0,15
synthetic_02150,cluster_g2,1,6,1,6,5,1.25,0.00035,1,1,,11.908,46.0,15
synthetic_02151,cluster_g2,12,14,12,14,2,0.5,0.00035,1,1,G2,1.0,6.0,15
synthetic_02152,cluster_g2,6,14,6,14,8,2.0,0.00035,1,1,,11.3,37.0,15
synthetic_02153,cluster_p100,21,22,21,22,1,0.25,0.00025,1,1,,3.152,5.46875,15
synthetic_02154,cluster_t4,70,71,70,71,1,0.25,7e-05,1,1,T4,18.708,63.0,15
synthetic_02155,cluster_t4,91,92,91,92,1,0.25,7e-05,1,1,T4,18.708,63.0,15
synthetic_02156,cluster_v100m32,18,22,18,22,4,1.0,0.00025,1,1,,16.0,32.0,15
synthetic_02157,cluster_t4,93,94,93,94,1,0.25,7e-05,1,1,,11.3,48.0,15
synthetic_02158,cluster_a10,0,1,0,1,1,0.25,0.00015,1,1,,3.152,5.46875,15
synthetic_02159,cluster_g2,52,53,52,53,1,0.25,0.00035,1,1,,8.0,29.8017578125,15
synthetic_02160,cluster_v100m16,58,59,58,59,1,0.25,0.00025,1,1,V100M16|V100M32,9.81,40.5859375,15
synthetic_02161,cluster_p100,36,52,36,52,16,4.0,0.00025,1,1,P100,3.152,5.46875,15
synthetic_02162,cluster_t4,62,63,62,63,1,0.25,7e-05,1,1,T4,14.2,57.0,15
synthetic_02163,cluster_p100,14,15,14,15,1,0.25,0.00025,1,1,P100,3.152,5.46875,15
synthetic_02164,cluster_v100m16,32,34,32,34,2,0.5,0.00025,1,1,V100M16|V100M32,6.0,32.0,15
synthetic_02165,cluster_g3,27,28,27,28,1,0.25,0.00035,1,1,,3.152,5.46875,15
synthetic_02166,cluster_t4,23,24,23,24,1,0.25,7e-05,1,1,T4,3.152,5.46875,15
synthetic_02167,cluster_v100m32,74,75,74,75,1,0.25,0.00025,1,1,,16.0,32.0,15
synthetic_02168,cluster_g2,14,15,14,15,1,0.25,0.00035,1,1,,3.152,5.46875,15
synthetic_02169,cluster_g2,11,12,11,12,1,0.25,0.00035,1,1,,3.152,5.46875,15
synthetic_02170,cluster_p100,65,66,65,66,1,0.25,0.00025,1,1,,11.3,48.0,15
synthetic_02171,cluster_p100,81,82,81,82,1,0.25,0.00025,1,1,P100,3.152,5.46875,15
synthetic_02172,cluster_g3,44,45,44,45,1,0.25,0.00035,1,1,,12.0,16.0,15
synthetic_02173,cluster_p100,35,36,35,36,1,0.25,0.00025,1,1,,3.152,5.46875,15
synthetic_02174,cluster_t4,68,72,68,72,4,1.0,7e-05,1,1,T4,4.0,22.3515625,15
synthetic_02175,cluster_t4,55,56,55,56,1,0.25,7e-05,1,1,T4,11.3,48.0,15
synthetic_02176,cluster_g2,52,53,52,53,1,0.25,0.00035,1,1,,3.152,5.46875,15
synthetic_02177,cluster_t4,14,15,14,15,1,0.25,7e-05,1,1,T4,11.4,47.0,15
synthetic_02178,cluster_t4,88,89,88,89,1,0.25,7e-05,1,1,,18.708,63.0,15
synthetic_02179,cluster_t4,93,94,93,94,1,0.25,7e-05,1,1,T4,4.0,29.8017578125,15
synthetic_02180,cluster_p100,15,17,15,17,2,0.5,0.00025,1,1,,4.0,30.517578125,15
synthetic_02181,cluster_v100m16,44,46,44,46,2,0.5,0.00025,1,1,,3.152,5.46875,15
synthetic_02182,cluster_g3,77,78,77,78,1,0.25,0.00035,1,1,,24.2,91.0,15
synthetic_02183,cluster_g3,3,6,3,6,3,0.75,0.00035,1,1,G3,11.4,47.0,15
synthetic_02184,cluster_t4,7,8,7,8,1,0.25,7e-05,1,1,T4,3.152,5.46875,15
synthetic_02185,cluster_a10,78,81,78,81,3,0.75,0.00015,1,1,,15.7,57.0,15
synthetic_02186,cluster_t4,34,39,34,39,5,1.25,7e-05,1,1,,15.9,88.0,15
synthetic_02187,cluster_t4,1,3,1,3,2,0.5,7e-05,1,1,,11.3,48.0,15
synthetic_02188,cluster_t4,92,94,92,94,2,0.5,7e-05,1,1,T4,18.708,63.0,15
synthetic_02189,cluster_g2,19,20,19,20,1,0.25,0.0014,4,4,G2,32.2,129.0,15
synthetic_02190,cluster_g2,54,60,54,60,6,1.5,0.00035,1,1,G2,9.81,40.5859375,15
synthetic_02191,cluster_p100,5,9,5,9,4,1.0,0.00025,1,1,,12.0,24.0,15
synthetic_02192,cluster_v100m32,61,63,61,63,2,0.5,0.00025,1,1,,11.908,46.0,15
synthetic_02193,cluster_t4,0,1,0,1,1,0.25,7e-05,1,1,,11.3,48.0,15
synthetic_02194,cluster_p100,25,38,25,38,13,3.25,0.00025,1,1,,8.0,29.8017578125,15
synthetic_02195,cluster_g2,8,9,8,9,1,0.25,0.00035,1,1,,8.0,29.8017578125,15
synthetic_02196,cluster_p100,23,24,23,24,1,0.25,0.00025,1,1,,11.3,48.0,15
synthetic_02197,cluster_g2,49,50,49,50,1,0.25,0.00035,1,1,,16.4,123.0,15
synthetic_02198,cluster_g3,44,45,44,45,1,0.25,0.00035,1,1,,11.3,48.0,15
synthetic_02199,cluster_t4,2,3,2,3,1,0.25,7e-05,1,1,T4,3.152,5.46875,15
synthetic_02200,cluster_p100,89,90,89,90,1,0.25,0.00025,1,1,,3.152,5.46875,15
synthetic_02201,cluster_t4,30,39,30,39,9,2.25,7e-05,1,1,,4.0,22.3515625,15
synthetic_02202,cluster_p100,91,96,91,96,5,1.25,0.00025,1,1,P100,11.908,46.0,15
synthetic_02203,cluster_g2,43,44,43,44,1,0.25,0.00035,1,1,,11.4,47.0,15
synthetic_02204,cluster_p100,39,40,39,40,1,0.25,0.00025,1,1,P100,8.0,29.8017578125,15
synthetic_02205,cluster_t4,28,32,28,32,4,1.0,7e-05,1,1,,11.4,47.0,15
synthetic_02206,cluster_v100m16,69,70,69,70,1,0.25,0.00025,1,1,V100M16|V100M32,18.708,63.0,15
synthetic_02207,cluster_p100,36,43,36,43,7,1.75,0.00025,1,1,,3.152,5.46875,15
synthetic_02208,cluster_t4,50,53,50,53,3,0.75,7e-05,1,1,,6.0,23.0,15
synthetic_02209,cluster_v100m32,53,54,53,54,1,0.25,0.00025,1,1,V100M16|V100M32,11.3,48.0,15
synthetic_02210,cluster_p100,91,94,91,94,3,0.75,0.00025,1,1,,8.2,33.0,15
synthetic_02211,cluster_t4,17,19,17,19,2,0.5,7e-05,1,1,,3.152,5.46875,15
synthetic_02212,cluster_p100,71,72,71,72,1,0.25,0.00025,1,1,,16.0,32.0,15
synthetic_02213,cluster_g2,93,94,93,94,1,0.25,0.00035,1,1,,11.908,46.0,15
synthetic_02214,cluster_g2,44,45,44,45,1,0.25,0.00035,1,1,G2,11.3,48.0,15
synthetic_02215,cluster_t4,23,24,23,24,1,0.25,7e-05,1,1,T4,11.4,47.0,15
synthetic_02216,cluster_v100m16,28,35,28,35,7,1.75,0.00025,1,1,,4.0,14.900390625,15
synthetic_02217,cluster_v100m16,83,84,83,84,1,0.25,0.00025,1,1,,11.3,48.0,15
synthetic_02218,cluster_v100m16,83,87,83,87,4,1.0,0.00025,1,1,,8.0,32.0,15
synthetic_02219,cluster_g3,64,66,64,66,2,0.5,0.00035,1,1,,16.4,123.0,15
synthetic_02220,cluster_g2,22,27,22,27,5,1.25,0.00035,1,1,,16.0,32.0,15
synthetic_02221,cluster_g2,88,93,88,93,5,1.25,0.00035,1,1,G2,4.0,24.0,15
synthetic_02222,cluster_g2,74,75,74,75,1,0.25,0.00035,1,1,G2|P100|T4|V100M16|V100M32,8.0,29.8017578125,15
synthetic_02223,cluster_g2,46,47,46,47,1,0.25,0.00035,1,1,G2,12.0,16.0,15
synthetic_02224,cluster_t4,41,43,41,43,2,0.5,7e-05,1,1,,16.0,32.0,15
synthetic_02225,cluster_g2,95,96,95,96,1,0.25,0.00035,1,1,,3.152,5.46875,15
synthetic_02226,cluster_t4,45,47,45,47,2,0.5,7e-05,1,1,T4,1.0,6.0,15
synthetic_02227,cluster_p100,29,30,29,30,1,0.25,0.00025,1,1,P100,3.152,5.46875,15
synthetic_02228,cluster_t4,10,11,10,11,1,0.25,7e-05,1,1,T4,3.152,5.46875,15
synthetic_02229,cluster_t4,27,32,27,32,5,1.25,7e-05,1,1,,4.0,24.0,15
synthetic_02230,cluster_v100m32,84,85,84,85,1,0.25,0.00025,1,1,V100M32,11.3,48.0,15
synthetic_02231,cluster_p100,89,90,89,90,1,0.25,0.00025,1,1,,11.908,46.0,15
synthetic_02232,cluster_p100,2,3,2,3,1,0.25,0.00025,1,1,,11.3,48.0,15
synthetic_02233,cluster_g3,19,20,19,20,1,0.25,0.00035,1,1,,3.152,5.46875,15
synthetic_02234,cluster_v100m16,4,6,4,6,2,0.5,0.00025,1,1,,3.152,5.46875,15
synthetic_02235,cluster_v100m16,35,36,35,36,1,0.25,0.00025,1,1,,11.908,46.0,15
synthetic_02236,cluster_v100m32,46,48,46,48,2,0.5,0.00025,1,1,,16.0,32.0,15
synthetic_02237,cluster_v100m16,30,32,30,32,2,0.5,0.00025,1,1,G2|P100|T4|V100M16|V100M32,11.4,47.0,15
synthetic_02238,cluster_g3,34,36,34,36,2,0.5,0.00035,1,1,,11.908,46.0,15
synthetic_02239,cluster_v100m32,28,29,28,29,1,0.25,0.00025,1,1,,11.908,46.0,15
synthetic_02240,cluster_g2,36,37,36,37,1,0.25,0.00035,1,1,,4.0,14.900390625,15
synthetic_02241,cluster_t4,56,57,56,57,1,0.25,7e-05,1,1,T4,3.152,5.46875,15
synthetic_02242,cluster_v100m16,87,88,87,88,1,0.25,0.00025,1,1,,11.908,46.0,15
synthetic_02243,cluster_t4,65,66,65,66,1,0.25,7e-05,1,1,T4,11.3,48.0,15
synthetic_02244,cluster_t4,11,16,11,16,5,1.25,7e-05,1,1,,12.0,24.0,15
synthetic_02245,cluster_v100m16,55,56,55,56,1,0.25,0.00025,1,1,,11.4,47.0,15
synthetic_02246,cluster_p100,64,67,64,67,3,0.75,0.00025,1,1,,11.3,48.0,15
synthetic_02247,cluster_g3,23,25,23,25,2,0.5,0.00035,1,1,,4.152,10.3515625,15
synthetic_02248,cluster_t4,64,65,64,65,1,0.25,7e-05,1,1,T4,11.3,48.0,15
synthetic_02249,cluster_t4,59,60,59,60,1,0.25,7e-05,1,1,T4,11.3,48.0,15
synthetic_02250,cluster_g2,3,4,3,4,1,0.25,0.0014,4,4,G2,32.2,129.0,15
synthetic_02251,cluster_v100m32,74,75,74,75,1,0.25,0.00025,1,1,,11.3,48.0,15
synthetic_02252,cluster_v100m32,4,5,4,5,1,0.25,0.00025,1,1,,11.3,48.0,15
synthetic_02253,cluster_t4,26,30,26,30,4,1.0,7e-05,1,1,T4,11.4,47.0,15
synthetic_02254,cluster_g2,9,10,9,10,1,0.25,0.00035,1,1,,3.152,5.46875,15
synthetic_02255,cluster_v100m16,80,81,80,81,1,0.25,0.001,4,4,V100M16|V100M32,32.0,128.0,15
synthetic_02256,cluster_t4,29,30,29,30,1,0.25,7e-05,1,1,T4,3.152,5.46875,15
synthetic_02257,cluster_t4,13,14,13,14,1,0.25,7e-05,1,1,T4,3.152,5.46875,15
synthetic_02258,cluster_g2,70,71,70,71,1,0.25,0.00035,1,1,G2,11.3,48.0,15
synthetic_02259,cluster_v100m16,36,37,36,37,1,0.25,0.00025,1,1,,3.152,5.46875,15
synthetic_02260,cluster_t4,22,24,22,24,2,0.5,7e-05,1,1,,11.908,46.0,15
synthetic_02261,cluster_t4,15,24,15,24,9,2.25,7e-05,1,1,,12.0,24.0,15
synthetic_02262,cluster_t4,82,84,82,84,2,0.5,7e-05,1,1,,3.152,5.46875,15
synthetic_02263,cluster_g2,12,13,12,13,1,0.25,0.00035,1,1,,11.4,47.0,15
synthetic_02264,cluster_a10,95,96,95,96,1,0.25,0.00015,1,1,,11.3,48.0,15
synthetic_02265,cluster_p100,19,22,19,22,3,0.75,0.00025,1,1,,9.81,40.5859375,15
synthetic_02266,cluster_g2,74,75,74,75,1,0.25,0.00035,1,1,,3.152,5.46875,15
synthetic_02267,cluster_g2,39,41,39,41,2,0.5,0.00035,1,1,,3.152,5.46875,15
synthetic_02268,cluster_v100m32,63,64,63,64,1,0.25,0.00025,1,1,,11.3,48.0,15
synthetic_02269,cluster_p100,39,40,39,40,1,0.25,0.00025,1,1,,12.0,16.0,15
synthetic_02270,cluster_g2,72,73,72,73,1,0.25,0.00035,1,1,,1.0,2.0,15
synthetic_02271,cluster_p100,23,24,23,24,1,0.25,0.00025,1,1,P100|V100M16|V100M32,11.3,48.0,15
synthetic_02272,cluster_g3,53,54,53,54,1,0.25,0.00035,1,1,,9.81,40.5859375,15
synthetic_02273,cluster_v100m16,21,22,21,22,1,0.25,0.00025,1,1,,3.152,5.46875,15
synthetic_02274,cluster_t4,82,83,82,83,1,0.25,7e-05,1,1,T4,4.152,10.3515625,15
synthetic_02275,cluster_v100m16,45,46,45,46,1,0.25,0.00025,1,1,,11.3,48.0,15
synthetic_02276,cluster_g3,37,38,37,38,1,0.25,0.00035,1,1,,11.908,46.0,15
synthetic_02277,cluster_t4,64,65,64,65,1,0.25,7e-05,1,1,T4,11.3,48.0,15
synthetic_02278,cluster_v100m32,55,56,55,56,1,0.25,0.00025,1,1,V100M16|V100M32,3.152,5.46875,15
synthetic_02279,cluster_p100,89,90,89,90,1,0.25,0.00025,1,1,,8.0,32.0,15
synthetic_02280,cluster_g2,49,50,49,50,1,0.25,0.00035,1,1,G2,3.152,5.46875,15
synthetic_02281,cluster_v100m32,84,85,84,85,1,0.25,0.00025,1,1,,3.152,5.46875,15
synthetic_02282,cluster_v100m16,85,86,85,86,1,0.25,0.00025,1,1,,3.152,5.46875,15
synthetic_02283,cluster_g3,53,54,53,54,1,0.25,0.00035,1,1,,3.152,5.46875,15
synthetic_02284,cluster_g2,45,46,45,46,1,0.25,0.00035,1,1,G2,3.152,5.46875,15
synthetic_02285,cluster_g3,82,83,82,83,1,0.25,0.00035,1,1,,11.3,48.0,15
synthetic_02286,cluster_g2,24,25,24,25,1,0.25,0.00035,1,1,,3.152,5.46875,15
synthetic_02287,cluster_t4,31,32,31,32,1,0.25,7e-05,1,1,,4.152,10.3515625,15
synthetic_02288,cluster_v100m16,48,62,48,62,14,3.5,0.00025,1,1,V100M16|V100M32,11.4,47.0,15
synthetic_02289,cluster_v100m32,34,35,34,35,1,0.25,0.00025,1,1,,4.0,22.3515625,15
synthetic_02290,cluster_t4,1,4,1,4,3,0.75,7e-05,1,1,,15.7,57.0,15
synthetic_02291,cluster_g3,1,2,1,2,1,0.25,0.00035,1,1,,3.152,5.46875,15
synthetic_02292,cluster_t4,86,87,86,87,1,0.25,7e-05,1,1,T4,12.0,24.0,15
synthetic_02293,cluster_v100m32,45,48,45,48,3,0.75,0.00025,1,1,P100|T4|V100M16|V100M32,11.908,46.0,15
synthetic_02294,cluster_t4,89,93,89,93,4,1.0,7e-05,1,1,T4,8.0,29.8017578125,15
synthetic_02295,cluster_v100m32,27,38,27,38,11,2.75,0.00025,1,1,,12.0,24.0,15
synthetic_02296,cluster_p100,50,54,50,54,4,1.0,0.00025,1,1,P100,3.152,5.46875,15
synthetic_02297,cluster_g2,93,96,93,96,3,0.75,0.00035,1,1,G2,11.4,76.0,15
synthetic_02298,cluster_v100m16,87,91,87,91,4,1.0,0.00025,1,1,,6.0,18.0,15
synthetic_02299,cluster_p100,15,18,15,18,3,0.75,0.00025,1,1,,8.0,29.8017578125,15
synthetic_02300,cluster_t4,29,43,29,43,14,3.5,7e-05,1,1,T4,4.0,22.3515625,15
synthetic_02301,cluster_p100,13,14,13,14,1,0.25,0.00025,1,1,,8.0,32.0,15
synthetic_02302,cluster_v100m32,84,85,84,85,1,0.25,0.00025,1,1,P100|T4|V100M16|V100M32,11.3,48.0,15
synthetic_02303,cluster_v100m16,79,80,79,80,1,0.25,0.00025,1,1,,11.4,47.0,15
synthetic_02304,cluster_g2,5,6,5,6,1,0.25,0.00035,1,1,G2,11.3,48.0,15
synthetic_02305,cluster_v100m16,0,1,0,1,1,0.25,0.00025,1,1,,3.152,5.46875,15
synthetic_02306,cluster_p100,16,24,16,24,8,2.0,0.00025,1,1,,11.908,46.0,15
synthetic_02307,cluster_g2,25,26,25,26,1,0.25,0.00035,1,1,,11.3,48.0,15
synthetic_02308,cluster_t4,40,41,40,41,1,0.25,7e-05,1,1,T4,3.152,5.46875,15
synthetic_02309,cluster_p100,17,19,17,19,2,0.5,0.00025,1,1,,11.4,47.0,15
synthetic_02310,cluster_g2,26,27,26,27,1,0.25,0.00035,1,1,,11.3,48.0,15
synthetic_02311,cluster_v100m32,42,43,42,43,1,0.25,0.00025,1,1,,3.152,5.46875,15
synthetic_02312,cluster_v100m32,50,53,50,53,3,0.75,0.00025,1,1,P100|T4|V100M16|V100M32,11.3,37.0,15
synthetic_02313,cluster_v100m16,38,39,38,39,1,0.25,0.00025,1,1,,11.908,46.0,15
synthetic_02314,cluster_v100m32,82,87,82,87,5,1.25,0.00025,1,1,,15.7,57.0,15
synthetic_02315,cluster_g3,76,77,76,77,1,0.25,0.00035,1,1,,11.3,48.0,15
synthetic_02316,cluster_g3,35,36,35,36,1,0.25,0.00035,1,1,,3.152,5.46875,15
synthetic_02317,cluster_v100m16,6,19,6,19,13,3.25,0.00025,1,1,,11.4,76.0,15
synthetic_02318,cluster_p100,55,57,55,57,2,0.5,0.00025,1,1,P100|V100M16|V100M32,16.0,32.0,15
synthetic_02319,cluster_t4,7,12,7,12,5,1.25,7e-05,1,1,T4,15.2,79.0,15
synthetic_02320,cluster_g3,78,79,78,79,1,0.25,0.0014,4,4,,32.2,129.0,15
synthetic_02321,cluster_v100m32,58,64,58,64,6,1.5,0.00025,1,1,,11.4,47.0,15
synthetic_02322,cluster_t4,45,49,45,49,4,1.0,7e-05,1,1,T4,3.152,5.46875,15
synthetic_02323,cluster_p100,47,48,47,48,1,0.25,0.00025,1,1,,4.0,14.900390625,15
synthetic_02324,cluster_g2,22,23,22,23,1,0.25,0.00035,1,1,G2,3.152,5.46875,15
synthetic_02325,cluster_g2,5,13,5,13,8,2.0,0.00035,1,1,G2,6.0,32.0,15
synthetic_02326,cluster_p100,11,12,11,12,1,0.25,0.00025,1,1,,4.0,14.900390625,15
synthetic_02327,cluster_t4,57,58,57,58,1,0.25,7e-05,1,1,T4,11.3,48.0,15
synthetic_02328,cluster_v100m32,39,41,39,41,2,0.5,0.00025,1,1,,3.152,5.46875,15
synthetic_02329,cluster_v100m16,92,93,92,93,1,0.25,0.00025,1,1,,8.0,29.8017578125,15
synthetic_02330,cluster_t4,7,12,7,12,5,1.25,7e-05,1,1,T4,8.0,16.0,15
synthetic_02331,cluster_v100m16,40,42,40,42,2,0.5,0.00025,1,1,V100M16|V100M32,8.0,32.0,15
synthetic_02332,cluster_g3,73,74,73,74,1,0.25,0.00035,1,1,G3,11.3,48.0,15
synthetic_02333,cluster_t4,66,67,66,67,1,0.25,7e-05,1,1,T4,11.3,48.0,15
synthetic_02334,cluster_v100m32,55,58,55,58,3,0.75,0.00025,1,1,,11.4,47.0,15
synthetic_02335,cluster_t4,73,74,73,74,1,0.25,7e-05,1,1,T4,11.9,76.0,15
synthetic_02336,cluster_g3,74,75,74,75,1,0.25,0.00035,1,1,,3.152,5.46875,15
synthetic_02337,cluster_t4,17,20,17,20,3,0.75,7e-05,1,1,,15.7,57.0,15
synthetic_02338,cluster_g3,14,15,14,15,1,0.25,0.00035,1,1,,11.908,46.0,15
synthetic_02339,cluster_v100m16,76,79,76,79,3,0.75,0.00025,1,1,,9.81,40.5859375,15
synthetic_02340,cluster_t4,49,50,49,50,1,0.25,7e-05,1,1,T4,11.908,46.0,15
synthetic_02341,cluster_v100m16,70,75,70,75,5,1.25,0.00025,1,1,,12.0,24.0,15
synthetic_02342,cluster_v100m16,22,27,22,27,5,1.25,0.00025,1,1,,4.0,22.3515625,15
synthetic_02343,cluster_g2,32,33,32,33,1,0.25,0.00035,1,1,G2,18.708,63.0,15
synthetic_02344,cluster_g2,73,87,73,87,14,3.5,0.00035,1,1,,11.908,46.0,15
synthetic_02345,cluster_v100m32,32,33,32,33,1,0.25,0.00025,1,1,,12.0,16.0,15
synthetic_02346,cluster_g2,87,90,87,90,3,0.75,0.00035,1,1,G2,15.7,57.0,15
synthetic_02347,cluster_g2,28,30,28,30,2,0.5,0.00035,1,1,G2,11.3,48.0,15
synthetic_02348,cluster_t4,46,47,46,47,1,0.25,7e-05,1,1,T4,3.152,5.46875,15
synthetic_02349,cluster_t4,78,79,78,79,1,0.25,7e-05,1,1,,1.0,2.0,15
synthetic_02350,cluster_t4,30,31,30,31,1,0.25,7e-05,1,1,T4,9.81,40.5859375,15
synthetic_02351,cluster_g2,31,32,31,32,1,0.25,0.00035,1,1,,3.152,5.46875,15
synthetic_02352,cluster_t4,62,63,62,63,1,0.25,7e-05,1,1,,3.152,5.46875,15
synthetic_02353,cluster_g2,14,19,14,19,5,1.25,0.00035,1,1,G2,11.4,47.0,15
synthetic_02354,cluster_g2,23,24,23,24,1,0.25,0.00035,1,1,G2,11.4,47.0,15
synthetic_02355,cluster_t4,18,19,18,19,1,0.25,7e-05,1,1,T4,3.152,5.46875,15
synthetic_02356,cluster_p100,64,68,64,68,4,1.0,0.00025,1,1,,9.81,40.5859375,15
synthetic_02357,cluster_t4,45,46,45,46,1,0.25,7e-05,1,1,,3.152,5.46875,15
synthetic_02358,cluster_v100m32,5,6,5,6,1,0.25,0.00025,1,1,V100M16|V100M32,11.3,48.0,15
synthetic_02359,cluster_v100m16,58,59,58,59,1,0.25,0.00025,1,1,,11.908,46.0,15
synthetic_02360,cluster_g3,25,26,25,26,1,0.25,0.00035,1,1,,16.4,123.0,15
synthetic_02361,cluster_t4,79,80,79,80,1,0.25,7e-05,1,1,T4,11.3,48.0,15
synthetic_02362,cluster_g3,39,40,39,40,1,0.25,0.00035,1,1,,3.152,5.46875,15
synthetic_02363,cluster_g2,92,94,92,94,2,0.5,0.00035,1,1,,8.0,16.0,15
synthetic_02364,cluster_t4,78,83,78,83,5,1.25,7e-05,1,1,T4,4.0,24.0,15
synthetic_02365,cluster_t4,1,2,1,2,1,0.25,7e-05,1,1,A10|G2|P100|T4|V100M16|V100M32,3.152,5.46875,15
synthetic_02366,cluster_g2,73,74,73,74,1,0.25,0.00035,1,1,,15.7,57.0,15
synthetic_02367,cluster_g2,86,87,86,87,1,0.25,0.00035,1,1,G2,18.708,63.0,15
synthetic_02368,cluster_g2,68,69,68,69,1,0.25,0.00035,1,1,G2|P100|T4|V100M16|V100M32,3.152,5.46875,15
synthetic_02369,cluster_t4,6,9,6,9,3,0.75,7e-05,1,1,T4,24.2,91.0,15
synthetic_02370,cluster_v100m32,68,69,68,69,1,0.25,0.00025,1,1,,3.152,5.46875,15
synthetic_02371,cluster_g2,67,69,67,69,2,0.5,0.00035,1,1,,9.81,40.5859375,15
synthetic_02372,cluster_v100m16,31,32,31,32,1,0.25,0.00025,1,1,,18.708,63.0,15
synthetic_02373,cluster_g2,87,88,87,88,1,0.25,0.00035,1,1,,3.152,5.46875,15
synthetic_02374,cluster_v100m16,60,64,60,64,4,1.0,0.00025,1,1,,16.0,32.0,15
synthetic_02375,cluster_t4,25,26,25,26,1,0.25,7e-05,1,1,,12.0,24.0,15
synthetic_02376,cluster_p100,84,85,84,85,1,0.25,0.00025,1,1,P100,3.152,5.46875,15
synthetic_02377,cluster_g2,19,20,19,20,1,0.25,0.00035,1,1,,11.3,48.0,15
synthetic_02378,cluster_p100,28,29,28,29,1,0.25,0.00025,1,1,P100,11.908,46.0,15
synthetic_02379,cluster_t4,26,27,26,27,1,0.25,7e-05,1,1,T4,4.0,22.3515625,15
synthetic_02380,cluster_g3,1,2,1,2,1,0.25,0.00035,1,1,,3.152,5.46875,15
synthetic_02381,cluster_t4,84,85,84,85,1,0.25,7e-05,1,1,,11.3,48.0,15
synthetic_02382,cluster_t4,15,17,15,17,2,0.5,7e-05,1,1,T4,16.0,32.0,15
synthetic_02383,cluster_v100m16,57,59,57,59,2,0.5,0.00025,1,1,,3.152,5.46875,15
synthetic_02384,cluster_g2,86,88,86,88,2,0.5,0.00035,1,1,,11.908,46.0,15
synthetic_02385,cluster_t4,81,84,81,84,3,0.75,7e-05,1,1,T4,16.0,32.0,15
synthetic_02386,cluster_v100m32,33,41,33,41,8,2.0,0.001,4,4,V100M16|V100M32,32.2,129.0,15
synthetic_02387,cluster_p100,79,80,79,80,1,0.25,0.00025,1,1,P100,4.0,22.3515625,15
synthetic_02388,cluster_p100,14,16,14,16,2,0.5,0.00025,1,1,,8.2,33.0,15
synthetic_02389,cluster_g2,34,35,34,35,1,0.25,0.00035,1,1,G2,24.2,91.0,15
synthetic_02390,cluster_t4,75,76,75,76,1,0.25,7e-05,1,1,T4,3.152,5.46875,15
synthetic_02391,cluster_t4,57,58,57,58,1,0.25,7e-05,1,1,T4,8.0,16.0,15
synthetic_02392,cluster_v100m16,76,77,76,77,1,0.25,0.00025,1,1,,3.152,5.46875,15
synthetic_02393,cluster_g3,34,35,34,35,1,0.25,0.00035,1,1,,11.3,48.0,15
synthetic_02394,cluster_v100m32,41,42,41,42,1,0.25,0.00025,1,1,,11.3,48.0,15
synthetic_02395,cluster_v100m32,10,12,10,12,2,0.5,0.00025,1,1,,3.152,5.46875,15
synthetic_02396,cluster_g2,62,63,62,63,1,0.25,0.00035,1,1,,11.908,46.0,15
synthetic_02397,cluster_t4,0,1,0,1,1,0.25,7e-05,1,1,T4,11.3,48.0,15
synthetic_02398,cluster_v100m16,59,60,59,60,1,0.25,0.00025,1,1,,3.152,5.46875,15
synthetic_02399,cluster_g3,54,55,54,55,1,0.25,0.00035,1,1,G3,11.3,48.0,15
synthetic_02400,cluster_t4,94,95,94,95,1,0.25,7e-05,1,1,T4,4.0,29.8017578125,15
synthetic_02401,cluster_g2,0,1,0,1,1,0.25,0.00035,1,1,,11.3,48.0,15
synthetic_02402,cluster_p100,41,43,41,43,2,0.5,0.00025,1,1,,8.2,33.0,15
synthetic_02403,cluster_p100,22,23,22,23,1,0.25,0.00025,1,1,,8.0,29.8017578125,15
synthetic_02404,cluster_v100m32,13,15,13,15,2,0.5,0.00025,1,1,,12.0,15.0,15
synthetic_02405,cluster_p100,20,21,20,21,1,0.25,0.00025,1,1,P100,11.908,46.0,15
synthetic_02406,cluster_p100,89,90,89,90,1,0.25,0.00025,1,1,P100,3.152,5.46875,15
synthetic_02407,cluster_g3,70,72,70,72,2,0.5,0.00035,1,1,,8.2,33.0,15
synthetic_02408,cluster_a10,36,37,36,37,1,0.25,0.00015,1,1,,3.152,5.46875,15
synthetic_02409,cluster_v100m16,43,44,43,44,1,0.25,0.00025,1,1,,11.3,48.0,15
synthetic_02410,cluster_v100m32,38,39,38,39,1,0.25,0.00025,1,1,,3.152,5.46875,15
synthetic_02411,cluster_p100,57,60,57,60,3,0.75,0.00025,1,1,,8.0,29.8017578125,15
synthetic_02412,cluster_g3,60,71,60,71,11,2.75,0.00035,1,1,,3.152,5.46875,15
synthetic_02413,cluster_a10,78,79,78,79,1,0.25,0.00015,1,1,,11.3,48.0,15
synthetic_02414,cluster_a10,85,86,85,86,1,0.25,0.00015,1,1,,11.3,48.0,15
synthetic_02415,cluster_t4,83,84,83,84,1,0.25,7e-05,1,1,T4,11.3,48.0,15
synthetic_02416,cluster_p100,38,39,38,39,1,0.25,0.00025,1,1,,11.3,48.0,15
synthetic_02417,cluster_v100m32,7,8,7,8,1,0.25,0.00025,1,1,,18.708,63.0,15
synthetic_02418,cluster_g3,10,11,10,11,1,0.25,0.00035,1,1,,11.3,48.0,15
synthetic_02419,cluster_v100m32,43,44,43,44,1,0.25,0.00025,1,1,,3.152,5.46875,15
synthetic_02420,cluster_g2,45,46,45,46,1,0.25,0.00035,1,1,,11.4,47.0,15
synthetic_02421,cluster_g2,30,31,30,31,1,0.25,0.00035,1,1,,3.152,5.46875,15
synthetic_02422,cluster_v100m16,7,8,7,8,1,0.25,0.00025,1,1,,3.152,5.46875,15
synthetic_02423,cluster_v100m32,59,60,59,60,1,0.25,0.0005,2,2,V100M32,16.2,65.0,15
synthetic_02424,cluster_g3,37,38,37,38,1,0.25,0.00035,1,1,G3,11.3,48.0,15
synthetic_02425,cluster_g2,85,87,85,87,2,0.5,0.00035,1,1,G2,18.708,63.0,15
synthetic_02426,cluster_g3,56,57,56,57,1,0.25,0.00035,1,1,G3,11.3,48.0,15
synthetic_02427,cluster_t4,9,12,9,12,3,0.75,7e-05,1,1,,15.7,57.0,15
synthetic_02428,cluster_t4,7,8,7,8,1,0.25,7e-05,1,1,,3.152,5.46875,15
synthetic_02429,cluster_g3,83,84,83,84,1,0.25,0.00035,1,1,,11.908,46.0,15
synthetic_02430,cluster_g2,64,65,64,65,1,0.25,0.00035,1,1,G2,11.3,48.0,15
synthetic_02431,cluster_p100,73,74,73,74,1,0.25,0.00025,1,1,P100,11.908,46.0,15
synthetic_02432,cluster_g3,78,79,78,79,1,0.25,0.00035,1,1,,8.0,29.8017578125,15
synthetic_02433,cluster_g2,52,53,52,53,1,0.25,0.00035,1,1,G2,11.3,48.0,15
synthetic_02434,cluster_g2,22,23,22,23,1,0.25,0.0014,4,4,,32.2,129.0,15
synthetic_02435,cluster_t4,60,62,60,62,2,0.5,7e-05,1,1,,8.0,29.8017578125,15
synthetic_02436,cluster_g2,42,43,42,43,1,0.25,0.00035,1,1,,3.152,5.46875,15
synthetic_02437,cluster_g2,35,37,35,37,2,0.5,0.00035,1,1,G2,18.708,63.0,15
synthetic_02438,cluster_g3,13,15,13,15,2,0.5,0.00035,1,1,,16.4,123.0,15
synthetic_02439,cluster_v100m32,13,14,13,14,1,0.25,0.00025,1,1,,11.908,46.0,15
synthetic_02440,cluster_t4,83,85,83,85,2,0.5,7e-05,1,1,T4,11.908,46.0,15
synthetic_02441,cluster_v100m16,84,85,84,85,1,0.25,0.00025,1,1,,11.908,46.0,15
synthetic_02442,cluster_p100,60,61,60,61,1,0.25,0.00025,1,1,P100,6.0,29.8017578125,15
synthetic_02443,cluster_g2,86,92,86,92,6,1.5,0.00035,1,1,,8.0,16.0,15
synthetic_02444,cluster_g2,50,52,50,52,2,0.5,0.00035,1,1,,8.0,29.8017578125,15
synthetic_02445,cluster_t4,65,76,65,76,11,2.75,7e-05,1,1,T4,11.908,46.0,15
synthetic_02446,cluster_g3,84,85,84,85,1,0.25,0.00035,1,1,,3.152,5.46875,15
synthetic_02447,cluster_t4,67,69,67,69,2,0.5,7e-05,1,1,T4,4.0,22.3515625,15
synthetic_02448,cluster_t4,77,78,77,78,1,0.25,7e-05,1,1,T4,11.3,48.0,15
synthetic_02449,cluster_g2,88,89,88,89,1,0.25,0.00035,1,1,G2,11.4,47.0,15
synthetic_02450,cluster_v100m16,49,54,49,54,5,1.25,0.00025,1,1,,11.3,48.0,15
synthetic_02451,cluster_g2,66,68,66,68,2,0.5,0.00035,1,1,,18.708,63.0,15
synthetic_02452,cluster_t4,87,88,87,88,1,0.25,7e-05,1,1,T4,9.81,40.5859375,15
synthetic_02453,cluster_v100m32,18,19,18,19,1,0.25,0.00025,1,1,,9.81,40.5859375,15
synthetic_02454,cluster_p100,6,22,6,22,16,4.0,0.00025,1,1,P100,8.0,29.8017578125,15
synthetic_02455,cluster_t4,69,71,69,71,2,0.5,7e-05,1,1,,3.152,5.46875,15
synthetic_02456,cluster_p100,73,76,73,76,3,0.75,0.00025,1,1,P100,4.0,14.900390625,15
synthetic_02457,cluster_v100m16,44,45,44,45,1,0.25,0.00025,1,1,,11.3,48.0,15
synthetic_02458,cluster_t4,63,64,63,64,1,0.25,7e-05,1,1,T4,11.3,48.0,15
synthetic_02459,cluster_v100m16,60,62,60,62,2,0.5,0.00025,1,1,,3.152,5.46875,15
synthetic_02460,cluster_p100,64,65,64,65,1,0.25,0.00025,1,1,,3.152,5.46875,15
synthetic_02461,cluster_v100m32,88,89,88,89,1,0.25,0.00025,1,1,,11.908,46.0,15
synthetic_02462,cluster_g2,58,60,58,60,2,0.5,0.00035,1,1,,8.0,29.8017578125,15
synthetic_02463,cluster_v100m16,13,15,13,15,2,0.5,0.00025,1,1,,3.152,5.46875,15
synthetic_02464,cluster_v100m32,36,37,36,37,1,0.25,0.00025,1,1,,18.708,63.0,15
synthetic_02465,cluster_t4,33,34,33,34,1,0.25,7e-05,1,1,,3.152,5.46875,15
synthetic_02466,cluster_p100,91,92,91,92,1,0.25,0.00025,1,1,,11.3,48.0,15
synthetic_02467,cluster_v100m32,78,80,78,80,2,0.5,0.00025,1,1,,6.0,6.0,15
synthetic_02468,cluster_v100m16,2,3,2,3,1,0.25,0.00025,1,1,,3.152,5.46875,15
synthetic_02469,cluster_v100m32,36,39,36,39,3,0.75,0.00025,1,1,,15.7,57.0,15
synthetic_02470,cluster_t4,91,92,91,92,1,0.25,7e-05,1,1,,3.152,5.46875,15
synthetic_02471,cluster_v100m16,61,65,61,65,4,1.0,0.00025,1,1,,8.0,16.0,15
synthetic_02472,cluster_g3,84,85,84,85,1,0.25,0.00035,1,1,,12.0,15.0,15
synthetic_02473,cluster_v100m16,66,68,66,68,2,0.5,0.00025,1,1,V100M16|V100M32,11.3,48.0,15
synthetic_02474,cluster_g3,46,47,46,47,1,0.25,0.00035,1,1,G3,3.152,5.46875,15
synthetic_02475,cluster_p100,21,23,21,23,2,0.5,0.00025,1,1,,3.152,5.46875,15
synthetic_02476,cluster_g3,38,44,38,44,6,1.5,0.00035,1,1,,3.152,5.46875,15
synthetic_02477,cluster_t4,10,11,10,11,1,0.25,7e-05,1,1,T4,3.152,5.46875,15
synthetic_02478,cluster_v100m16,86,87,86,87,1,0.25,0.00025,1,1,,3.152,5.46875,15
synthetic_02479,cluster_t4,36,37,36,37,1,0.25,7e-05,1,1,,12.0,24.0,15
synthetic_02480,cluster_p100,20,21,20,21,1,0.25,0.00025,1,1,P100,3.152,5.46875,15
synthetic_02481,cluster_g2,7,8,7,8,1,0.25,0.00035,1,1,,3.152,5.46875,15
synthetic_02482,cluster_v100m16,46,47,46,47,1,0.25,0.00025,1,1,V100M16|V100M32,11.3,48.0,15
synthetic_02483,cluster_t4,0,1,0,1,1,0.25,7e-05,1,1,T4,4.0,22.3515625,15
synthetic_02484,cluster_g2,92,93,92,93,1,0.25,0.00035,1,1,,3.152,5.46875,15
synthetic_02485,cluster_t4,58,59,58,59,1,0.25,7e-05,1,1,T4,9.81,40.5859375,15
synthetic_02486,cluster_v100m32,36,37,36,37,1,0.25,0.00025,1,1,P100|V100M16|V100M32,3.152,5.46875,15
synthetic_02487,cluster_g2,30,35,30,35,5,1.25,0.00035,1,1,,4.0,22.3515625,15
synthetic_02488,cluster_p100,16,17,16,17,1,0.25,0.00025,1,1,P100,4.0,22.3515625,15
synthetic_02489,cluster_t4,18,29,18,29,11,2.75,7e-05,1,1,,12.0,15.0,15
synthetic_02490,cluster_v100m32,68,69,68,69,1,0.25,0.00025,1,1,,3.152,5.46875,15
synthetic_02491,cluster_v100m32,33,34,33,34,1,0.25,0.00025,1,1,,4.152,10.3515625,15
synthetic_02492,cluster_v100m32,74,79,74,79,5,1.25,0.00025,1,1,,11.4,47.0,15
synthetic_02493,cluster_p100,77,78,77,78,1,0.25,0.00025,1,1,P100,4.152,10.3515625,15
synthetic_02494,cluster_t4,78,79,78,79,1,0.25,7e-05,1,1,T4,4.0,22.3515625,15
synthetic_02495,cluster_v100m16,81,82,81,82,1,0.25,0.00025,1,1,,16.4,123.0,15
synthetic_02496,cluster_v100m16,78,86,78,86,8,2.0,0.00025,1,1,V100M16|V100M32,16.0,64.0,15
synthetic_02497,cluster_v100m32,63,64,63,64,1,0.25,0.00025,1,1,,15.2,79.0,15
synthetic_02498,cluster_v100m16,52,53,52,53,1,0.25,0.00025,1,1,,24.2,91.0,15
synthetic_02499,cluster_p100,29,30,29,30,1,0.25,0.00025,1,1,P100,3.152,5.46875,15
synthetic_02500,cluster_g3,5,6,5,6,1,0.25,0.00035,1,1,,11.3,48.0,15
synthetic_02501,cluster_g3,20,21,20,21,1,0.25,0.00035,1,1,G3,9.81,40.5859375,15
synthetic_02502,cluster_v100m32,11,12,11,12,1,0.25,0.00025,1,1,,3.152,5.46875,15
synthetic_02503,cluster_g3,5,10,5,10,5,1.25,0.00035,1,1,,15.7,57.0,15
synthetic_02504,cluster_t4,52,53,52,53,1,0.25,7e-05,1,1,T4,3.152,5.46875,15
synthetic_02505,cluster_t4,84,85,84,85,1,0.25,7e-05,1,1,,6.0,6.0,15
synthetic_02506,cluster_v100m16,60,62,60,62,2,0.5,0.00025,1,1,,3.152,5.46875,15
synthetic_02507,cluster_g3,67,68,67,68,1,0.25,0.00035,1,1,,3.152,5.46875,15
synthetic_02508,cluster_v100m32,83,86,83,86,3,0.75,0.00025,1,1,A10|G2|T4|V100M16|V100M32,8.2,33.0,15
synthetic_02509,cluster_g3,79,82,79,82,3,0.75,0.00035,1,1,,9.81,40.5859375,15
synthetic_02510,cluster_g2,13,23,13,23,10,2.5,0.00035,1,1,,3.152,5.46875,15
synthetic_02511,cluster_t4,95,96,95,96,1,0.25,7e-05,1,1,T4,8.0,16.0,15
synthetic_02512,cluster_p100,67,68,67,68,1,0.25,0.00025,1,1,P100,4.0,22.3515625,15
synthetic_02513,cluster_t4,60,62,60,62,2,0.5,7e-05,1,1,A10|G2|T4|V100M16|V100M32,11.3,48.0,15
synthetic_02514,cluster_g3,40,41,40,41,1,0.25,0.00035,1,1,,11.3,48.0,15
synthetic_02515,cluster_g2,62,74,62,74,12,3.0,0.00035,1,1,,8.0,29.8017578125,15
synthetic_02516,cluster_v100m32,71,76,71,76,5,1.25,0.00025,1,1,,18.708,63.0,15
synthetic_02517,cluster_g3,57,58,57,58,1,0.25,0.00035,1,1,,4.152,10.3515625,15
synthetic_02518,cluster_v100m16,57,59,57,59,2,0.5,0.00025,1,1,,3.152,5.46875,15
synthetic_02519,cluster_g2,53,55,53,55,2,0.5,0.00035,1,1,,16.0,32.0,15
synthetic_02520,cluster_t4,66,67,66,67,1,0.25,7e-05,1,1,A10|T4,3.152,5.46875,15
synthetic_02521,cluster_p100,4,5,4,5,1,0.25,0.00025,1,1,,11.908,46.0,15
synthetic_02522,cluster_v100m16,43,44,43,44,1,0.25,0.00025,1,1,,3.152,5.46875,15
synthetic_02523,cluster_g2,7,13,7,13,6,1.5,0.00035,1,1,G2,15.2,79.0,15
synthetic_02524,cluster_t4,35,38,35,38,3,0.75,7e-05,1,1,T4,15.7,57.0,15
synthetic_02525,cluster_v100m32,15,18,15,18,3,0.75,0.00025,1,1,P100|V100M16|V100M32,11.4,47.0,15
synthetic_02526,cluster_g2,69,70,69,70,1,0.25,0.00035,1,1,G2,11.4,47.0,15
synthetic_02527,cluster_t4,32,34,32,34,2,0.5,0.00014,2,2,T4|V100M16|V100M32,16.2,65.0,15
synthetic_02528,cluster_g3,7,9,7,9,2,0.5,0.00035,1,1,,4.152,10.3515625,15
synthetic_02529,cluster_v100m16,30,33,30,33,3,0.75,0.00025,1,1,,11.908,46.0,15
synthetic_02530,cluster_g2,71,72,71,72,1,0.25,0.00035,1,1,G2,11.4,76.0,15
synthetic_02531,cluster_v100m32,3,6,3,6,3,0.75,0.00025,1,1,,18.708,63.0,15
synthetic_02532,cluster_p100,65,73,65,73,8,2.0,0.00025,1,1,,3.152,5.46875,15
synthetic_02533,cluster_p100,89,90,89,90,1,0.25,0.00025,1,1,,3.152,5.46875,15
synthetic_02534,cluster_v100m16,22,26,22,26,4,1.0,0.00025,1,1,,11.9,76.0,15
synthetic_02535,cluster_g3,41,43,41,43,2,0.5,0.00035,1,1,,11.3,48.0,15
synthetic_02536,cluster_g2,41,42,41,42,1,0.25,0.00035,1,1,,12.0,24.0,15
synthetic_02537,cluster_t4,1,3,1,3,2,0.5,7e-05,1,1,T4,11.908,46.0,15
synthetic_02538,cluster_v100m32,35,36,35,36,1,0.25,0.00025,1,1,,11.3,48.0,15
synthetic_02539,cluster_v100m16,42,43,42,43,1,0.25,0.00025,1,1,,8.0,29.8017578125,15
synthetic_02540,cluster_v100m16,37,38,37,38,1,0.25,0.00025,1,1,,18.708,63.0,15
synthetic_02541,cluster_t4,73,74,73,74,1,0.25,7e-05,1,1,T4,8.0,29.8017578125,15
synthetic_02542,cluster_t4,28,29,28,29,1,0.25,7e-05,1,1,T4,3.152,5.46875,15
synthetic_02543,cluster_p100,83,89,83,89,6,1.5,0.00025,1,1,,12.0,16.0,15
synthetic_02544,cluster_t4,33,34,33,34,1,0.25,7e-05,1,1,,11.908,46.0,15
synthetic_02545,cluster_v100m32,16,17,16,17,1,0.25,0.00025,1,1,,11.908,46.0,15
synthetic_02546,cluster_t4,51,52,51,52,1,0.25,7e-05,1,1,T4,11.3,48.0,15
synthetic_02547,cluster_v100m32,63,64,63,64,1,0.25,0.00025,1,1,,3.152,5.46875,15
synthetic_02548,cluster_p100,3,4,3,4,1,0.25,0.00025,1,1,,12.0,16.0,15
synthetic_02549,cluster_g3,18,19,18,19,1,0.25,0.00035,1,1,,12.0,24.0,15
synthetic_02550,cluster_g2,33,41,33,41,8,2.0,0.00035,1,1,G2,2.0,16.0,15
synthetic_02551,cluster_p100,3,9,3,9,6,1.5,0.00025,1,1,P100,4.0,22.3515625,15
synthetic_02552,cluster_v100m32,38,45,38,45,7,1.75,0.00025,1,1,,24.2,91.0,15
synthetic_02553,cluster_g3,6,7,6,7,1,0.25,0.00035,1,1,,24.2,91.0,15
synthetic_02554,cluster_t4,27,28,27,28,1,0.25,7e-05,1,1,,11.4,47.0,15
synthetic_02555,cluster_p100,92,93,92,93,1,0.25,0.00025,1,1,P100,8.0,29.8017578125,15
synthetic_02556,cluster_v100m16,20,21,20,21,1,0.25,0.00025,1,1,,3.152,5.46875,15
synthetic_02557,cluster_p100,75,76,75,76,1,0.25,0.00025,1,1,,3.152,5.46875,15
synthetic_02558,cluster_v100m32,14,15,14,15,1,0.25,0.00025,1,1,,3.152,5.46875,15
synthetic_02559,cluster_t4,22,23,22,23,1,0.25,7e-05,1,1,T4,11.4,47.0,15
synthetic_02560,cluster_t4,80,83,80,83,3,0.75,7e-05,1,1,A10|G2|T4|V100M16|V100M32,11.4,76.0,15
synthetic_02561,cluster_t4,72,73,72,73,1,0.25,7e-05,1,1,T4,3.152,5.46875,15
synthetic_02562,cluster_v100m32,29,30,29,30,1,0.25,0.00025,1,1,,4.152,10.3515625,15
synthetic_02563,cluster_g2,69,70,69,70,1,0.25,0.00035,1,1,,9.81,40.5859375,15
synthetic_02564,cluster_p100,81,82,81,82,1,0.25,0.00025,1,1,P100,11.908,46.0,15
synthetic_02565,cluster_t4,85,87,85,87,2,0.5,0.00014,2,2,T4|V100M16|V100M32,16.2,65.0,15
synthetic_02566,cluster_v100m32,32,33,32,33,1,0.25,0.00025,1,1,,3.152,5.46875,15
synthetic_02567,cluster_p100,70,71,70,71,1,0.25,0.00025,1,1,,3.152,5.46875,15
synthetic_02568,cluster_g2,56,57,56,57,1,0.25,0.00035,1,1,,3.152,5.46875,15
synthetic_02569,cluster_v100m32,77,78,77,78,1,0.25,0.00025,1,1,P100|V100M16|V100M32,11.3,48.0,15
synthetic_02570,cluster_g2,22,33,22,33,11,2.75,0.00035,1,1,G2,11.4,47.0,15
synthetic_02571,cluster_t4,71,72,71,72,1,0.25,7e-05,1,1,T4,11.3,48.0,15
synthetic_02572,cluster_g3,5,6,5,6,1,0.25,0.00035,1,1,,11.3,48.0,15
synthetic_02573,cluster_g2,54,57,54,57,3,0.75,0.00035,1,1,,3.152,5.46875,15
synthetic_02574,cluster_g3,8,9,8,9,1,0.25,0.00035,1,1,,3.152,5.46875,15
synthetic_02575,cluster_p100,80,81,80,81,1,0.25,0.00025,1,1,,11.3,48.0,15
synthetic_02576,cluster_v100m16,51,53,51,53,2,0.5,0.00025,1,1,,14.2,57.0,15
synthetic_02577,cluster_p100,10,16,10,16,6,1.5,0.00025,1,1,G2|P100|T4|V100M16|V100M32,16.4,123.0,15
synthetic_02578,cluster_g3,90,93,90,93,3,0.75,0.00035,1,1,,11.908,46.0,15
synthetic_02579,cluster_g3,5,7,5,7,2,0.5,0.00035,1,1,,11.908,46.0,15
synthetic_02580,cluster_v100m16,24,25,24,25,1,0.25,0.00025,1,1,,3.152,5.46875,15
synthetic_02581,cluster_p100,34,35,34,35,1,0.25,0.00025,1,1,P100,8.0,29.8017578125,15
synthetic_02582,cluster_p100,48,49,48,49,1,0.25,0.00025,1,1,P100,3.152,5.46875,15
synthetic_02583,cluster_p100,74,88,74,88,14,3.5,0.00025,1,1,,4.0,29.8017578125,15
synthetic_02584,cluster_t4,39,41,39,41,2,0.5,7e-05,1,1,T4,8.0,32.0,15
synthetic_02585,cluster_g3,72,73,72,73,1,0.25,0.00035,1,1,,11.4,47.0,15
synthetic_02586,cluster_g3,27,28,27,28,1,0.25,0.00035,1,1,,11.908,46.0,15
synthetic_02587,cluster_p100,28,33,28,33,5,1.25,0.00025,1,1,P100,11.908,46.0,15
synthetic_02588,cluster_a10,38,39,38,39,1,0.25,0.00015,1,1,,3.152,5.46875,15
synthetic_02589,cluster_g2,57,58,57,58,1,0.25,0.00035,1,1,G2,11.3,48.0,15
synthetic_02590,cluster_v100m16,0,3,0,3,3,0.75,0.00025,1,1,,16.0,64.0,15
synthetic_02591,cluster_t4,17,20,17,20,3,0.75,7e-05,1,1,,8.0,29.8017578125,15
synthetic_02592,cluster_v100m16,27,28,27,28,1,0.25,0.00025,1,1,,4.152,10.3515625,15
synthetic_02593,cluster_v100m32,83,86,83,86,3,0.75,0.00025,1,1,V100M16|V100M32,12.0,15.0,15
synthetic_02594,cluster_p100,64,69,64,69,5,1.25,0.00025,1,1,,4.0,14.900390625,15
synthetic_02595,cluster_t4,45,47,45,47,2,0.5,7e-05,1,1,T4,3.152,5.46875,15
synthetic_02596,cluster_g3,66,67,66,67,1,0.25,0.00035,1,1,,11.908,46.0,15
synthetic_02597,cluster_p100,41,42,41,42,1,0.25,0.00025,1,1,,3.152,5.46875,15
synthetic_02598,cluster_t4,46,47,46,47,1,0.25,7e-05,1,1,T4,12.0,16.0,15
synthetic_02599,cluster_p100,68,69,68,69,1,0.25,0.00025,1,1,,3.152,5.46875,15
synthetic_02600,cluster_g2,40,42,40,42,2,0.5,0.00035,1,1,G2,11.4,47.0,15
synthetic_02601,cluster_v100m16,88,89,88,89,1,0.25,0.00025,1,1,V100M16|V100M32,18.708,63.0,15
synthetic_02602,cluster_p100,76,78,76,78,2,0.5,0.00025,1,1,,4.0,24.0,15
synthetic_02603,cluster_g2,74,85,74,85,11,2.75,0.00035,1,1,G2,14.9,72.0,15
synthetic_02604,cluster_v100m16,89,94,89,94,5,1.25,0.00025,1,1,,4.0,29.8017578125,15
synthetic_02605,cluster_p100,84,89,84,89,5,1.25,0.00025,1,1,,12.0,24.0,15
synthetic_02606,cluster_t4,77,80,77,80,3,0.75,7e-05,1,1,,9.81,40.5859375,15
synthetic_02607,cluster_t4,89,90,89,90,1,0.25,7e-05,1,1,T4,11.3,48.0,15
synthetic_02608,cluster_v100m32,32,33,32,33,1,0.25,0.00025,1,1,,11.4,47.0,15
synthetic_02609,cluster_v100m32,9,13,9,13,4,1.0,0.00025,1,1,,11.4,47.0,15
synthetic_02610,cluster_g2,18,21,18,21,3,0.75,0.00035,1,1,,15.7,57.0,15
synthetic_02611,cluster_t4,84,85,84,85,1,0.25,7e-05,1,1,T4,3.152,5.46875,15
synthetic_02612,cluster_g2,20,21,20,21,1,0.25,0.00035,1,1,G2,11.3,48.0,15
synthetic_02613,cluster_t4,1,9,1,9,8,2.0,7e-05,1,1,T4,8.0,16.0,15
synthetic_02614,cluster_v100m32,92,93,92,93,1,0.25,0.00025,1,1,,3.152,5.46875,15
synthetic_02615,cluster_v100m32,65,66,65,66,1,0.25,0.00025,1,1,,3.152,5.46875,15
synthetic_02616,cluster_p100,46,47,46,47,1,0.25,0.00025,1,1,,3.152,5.46875,15
synthetic_02617,cluster_t4,56,57,56,57,1,0.25,7e-05,1,1,,3.152,5.46875,15
synthetic_02618,cluster_g2,49,50,49,50,1,0.25,0.00035,1,1,,11.3,48.0,15
synthetic_02619,cluster_p100,57,58,57,58,1,0.25,0.00025,1,1,,3.152,5.46875,15
synthetic_02620,cluster_g2,6,7,6,7,1,0.25,0.00035,1,1,,3.152,5.46875,15
synthetic_02621,cluster_t4,89,90,89,90,1,0.25,7e-05,1,1,T4,11.908,46.0,15
synthetic_02622,cluster_g2,53,55,53,55,2,0.5,0.00035,1,1,,3.152,5.46875,15
synthetic_02623,cluster_v100m16,24,25,24,25,1,0.25,0.00025,1,1,,4.0,24.0,15
synthetic_02624,cluster_p100,28,32,28,32,4,1.0,0.00025,1,1,,4.0,29.8017578125,15
synthetic_02625,cluster_t4,21,22,21,22,1,0.25,7e-05,1,1,T4,11.908,46.0,15
synthetic_02626,cluster_v100m32,31,32,31,32,1,0.25,0.00025,1,1,,9.81,40.5859375,15
synthetic_02627,cluster_v100m32,51,52,51,52,1,0.25,0.00025,1,1,,3.152,5.46875,15
synthetic_02628,cluster_v100m32,41,42,41,42,1,0.25,0.00025,1,1,,4.0,22.3515625,15
synthetic_02629,cluster_t4,2,3,2,3,1,0.25,7e-05,1,1,T4,11.4,47.0,15
synthetic_02630,cluster_v100m16,16,18,16,18,2,0.5,0.00025,1,1,G2|P100|T4|V100M16|V100M32,11.4,47.0,15
synthetic_02631,cluster_v100m32,76,77,76,77,1,0.25,0.00025,1,1,,3.152,5.46875,15
synthetic_02632,cluster_v100m32,4,7,4,7,3,0.75,0.00025,1,1,,8.2,33.0,15
synthetic_02633,cluster_t4,46,49,46,49,3,0.75,7e-05,1,1,T4,6.0,18.0,15
synthetic_02634,cluster_g2,51,52,51,52,1,0.25,0.00035,1,1,,3.152,5.46875,15
synthetic_02635,cluster_v100m32,43,46,43,46,3,0.75,0.00025,1,1,,9.81,40.5859375,15
synthetic_02636,cluster_t4,75,86,75,86,11,2.75,7e-05,1,1,,4.0,14.900390625,15
synthetic_02637,cluster_g2,18,19,18,19,1,0.25,0.00035,1,1,,11.3,48.0,15
synthetic_02638,cluster_v100m16,33,37,33,37,4,1.0,0.00025,1,1,,8.0,16.0,15
synthetic_02639,cluster_g2,36,37,36,37,1,0.25,0.00035,1,1,G2,3.152,5.46875,15
synthetic_02640,cluster_t4,76,77,76,77,1,0.25,7e-05,1,1,T4,9.81,40.5859375,15
synthetic_02641,cluster_g2,17,18,17,18,1,0.25,0.00035,1,1,,3.152,5.46875,15
synthetic_02642,cluster_p100,59,66,59,66,7,1.75,0.00025,1,1,,11.908,46.0,15
synthetic_02643,cluster_p100,86,87,86,87,1,0.25,0.00025,1,1,,24.2,91.0,15
synthetic_02644,cluster_t4,20,21,20,21,1,0.25,7e-05,1,1,T4,18.708,63.0,15
synthetic_02645,cluster_g2,46,54,46,54,8,2.0,0.00035,1,1,,11.4,47.0,15
synthetic_02646,cluster_p100,27,28,27,28,1,0.25,0.00025,1,1,,3.152,5.46875,15
synthetic_02647,cluster_t4,46,50,46,50,4,1.0,7e-05,1,1,T4,4.0,22.3515625,15
synthetic_02648,cluster_t4,74,75,74,75,1,0.25,7e-05,1,1,,11.3,48.0,15
synthetic_02649,cluster_v100m32,72,80,72,80,8,2.0,0.00025,1,1,,4.152,10.3515625,15
synthetic_02650,cluster_t4,30,31,30,31,1,0.25,7e-05,1,1,,3.152,5.46875,15
synthetic_02651,cluster_t4,24,25,24,25,1,0.25,7e-05,1,1,T4,3.152,5.46875,15
synthetic_02652,cluster_v100m16,54,62,54,62,8,2.0,0.00025,1,1,,11.4,47.0,15
synthetic_02653,cluster_g3,81,84,81,84,3,0.75,0.00035,1,1,,11.9,76.0,15
synthetic_02654,cluster_g3,61,62,61,62,1,0.25,0.00035,1,1,,11.3,48.0,15
synthetic_02655,cluster_p100,67,68,67,68,1,0.25,0.00025,1,1,,3.152,5.46875,15
synthetic_02656,cluster_t4,27,28,27,28,1,0.25,7e-05,1,1,T4,9.81,40.5859375,15
synthetic_02657,cluster_g2,27,28,27,28,1,0.25,0.00035,1,1,,11.3,48.0,15
synthetic_02658,cluster_g3,69,70,69,70,1,0.25,0.00035,1,1,,18.708,63.0,15
synthetic_02659,cluster_t4,76,88,76,88,12,3.0,7e-05,1,1,,2.0,16.0,15
synthetic_02660,cluster_a10,10,11,10,11,1,0.25,0.00015,1,1,,3.152,5.46875,15
synthetic_02661,cluster_t4,32,33,32,33,1,0.25,7e-05,1,1,T4,24.2,91.0,15
synthetic_02662,cluster_t4,9,14,9,14,5,1.25,7e-05,1,1,,11.908,46.0,15
synthetic_02663,cluster_t4,66,67,66,67,1,0.25,7e-05,1,1,,3.152,5.46875,15
synthetic_02664,cluster_v100m16,2,3,2,3,1,0.25,0.00025,1,1,,3.152,5.46875,15
synthetic_02665,cluster_p100,15,26,15,26,11,2.75,0.00025,1,1,,4.0,22.3515625,15
synthetic_02666,cluster_p100,45,46,45,46,1,0.25,0.00025,1,1,P100,8.0,29.8017578125,15
synthetic_02667,cluster_t4,45,46,45,46,1,0.25,7e-05,1,1,,11.3,48.0,15
synthetic_02668,cluster_v100m32,51,52,51,52,1,0.25,0.00025,1,1,,3.152,5.46875,15
synthetic_02669,cluster_p100,93,94,93,94,1,0.25,0.00025,1,1,,11.3,48.0,15
synthetic_02670,cluster_g2,56,57,56,57,1,0.25,0.00035,1,1,,3.152,5.46875,15
synthetic_02671,cluster_t4,85,86,85,86,1,0.25,7e-05,1,1,,3.152,5.46875,15
synthetic_02672,cluster_v100m16,42,43,42,43,1,0.25,0.00025,1,1,,11.4,47.0,15
synthetic_02673,cluster_v100m32,22,23,22,23,1,0.25,0.00025,1,1,,11.3,48.0,15
synthetic_02674,cluster_t4,3,4,3,4,1,0.25,7e-05,1,1,,3.152,5.46875,15
synthetic_02675,cluster_p100,79,80,79,80,1,0.25,0.00025,1,1,P100|V100M16|V100M32,3.152,5.46875,15
synthetic_02676,cluster_v100m32,57,62,57,62,5,1.25,0.00025,1,1,,11.4,47.0,15
synthetic_02677,cluster_v100m16,42,44,42,44,2,0.5,0.00025,1,1,,11.3,48.0,15
synthetic_02678,cluster_v100m16,11,12,11,12,1,0.25,0.00025,1,1,,3.152,5.46875,15
synthetic_02679,cluster_v100m32,3,4,3,4,1,0.25,0.00025,1,1,,4.152,10.3515625,15
synthetic_02680,cluster_t4,58,59,58,59,1,0.25,7e-05,1,1,T4,11.3,48.0,15
synthetic_02681,cluster_p100,51,52,51,52,1,0.25,0.00025,1,1,,9.81,40.5859375,15
synthetic_02682,cluster_v100m32,75,76,75,76,1,0.25,0.00025,1,1,,4.0,22.3515625,15
synthetic_02683,cluster_g2,32,34,32,34,2,0.5,0.00035,1,1,,11.4,47.0,15
synthetic_02684,cluster_v100m16,92,93,92,93,1,0.25,0.00025,1,1,,16.4,123.0,15
synthetic_02685,cluster_t4,4,5,4,5,1,0.25,7e-05,1,1,T4,11.4,47.0,15
synthetic_02686,cluster_g2,71,72,71,72,1,0.25,0.00035,1,1,,3.152,5.46875,15
synthetic_02687,cluster_v100m32,86,88,86,88,2,0.5,0.00025,1,1,,11.4,47.0,15
synthetic_02688,cluster_v100m32,77,78,77,78,1,0.25,0.00025,1,1,,9.81,40.5859375,15
synthetic_02689,cluster_g3,44,45,44,45,1,0.25,0.00035,1,1,,3.152,5.46875,15
synthetic_02690,cluster_g2,30,31,30,31,1,0.25,0.00035,1,1,G2,4.0,24.0,15
synthetic_02691,cluster_v100m32,52,54,52,54,2,0.5,0.00025,1,1,,11.4,47.0,15
synthetic_02692,cluster_v100m32,21,24,21,24,3,0.75,0.00025,1,1,,11.9,76.0,15
synthetic_02693,cluster_v100m32,70,71,70,71,1,0.25,0.00025,1,1,,11.3,48.0,15
synthetic_02694,cluster_v100m16,34,36,34,36,2,0.5,0.00025,1,1,,11.4,47.0,15
synthetic_02695,cluster_t4,87,88,87,88,1,0.25,7e-05,1,1,,11.4,47.0,15
synthetic_02696,cluster_p100,6,9,6,9,3,0.75,0.00025,1,1,,15.7,57.0,15
synthetic_02697,cluster_v100m32,16,18,16,18,2,0.5,0.00025,1,1,,11.4,47.0,15
synthetic_02698,cluster_t4,8,10,8,10,2,0.5,7e-05,1,1,,8.0,16.0,15
synthetic_02699,cluster_g2,85,88,85,88,3,0.75,0.00035,1,1,G2,18.708,63.0,15
synthetic_02700,cluster_g2,33,35,33,35,2,0.5,0.00035,1,1,G2,11.4,47.0,15
synthetic_02701,cluster_t4,34,35,34,35,1,0.25,7e-05,1,1,T4,4.0,22.3515625,15
synthetic_02702,cluster_g2,38,39,38,39,1,0.25,0.00035,1,1,G2,11.3,48.0,15
synthetic_02703,cluster_g3,63,64,63,64,1,0.25,0.00035,1,1,,18.708,63.0,15
synthetic_02704,cluster_g3,92,93,92,93,1,0.25,0.00035,1,1,,11.908,46.0,15
synthetic_02705,cluster_g2,60,61,60,61,1,0.25,0.00035,1,1,,8.0,29.8017578125,15
synthetic_02706,cluster_a10,64,65,64,65,1,0.25,0.00015,1,1,,4.0,22.3515625,15
synthetic_02707,cluster_v100m16,46,49,46,49,3,0.75,0.00025,1,1,,8.0,15.625,15
synthetic_02708,cluster_t4,21,35,21,35,14,3.5,7e-05,1,1,T4,16.0,32.0,15
synthetic_02709,cluster_g2,14,15,14,15,1,0.25,0.0014,4,4,,32.2,129.0,15
synthetic_02710,cluster_p100,44,45,44,45,1,0.25,0.00025,1,1,,3.152,5.46875,15
synthetic_02711,cluster_g3,35,36,35,36,1,0.25,0.00035,1,1,,11.3,48.0,15
synthetic_02712,cluster_v100m16,8,10,8,10,2,0.5,0.00025,1,1,P100|V100M16,11.3,48.0,15
synthetic_02713,cluster_t4,64,65,64,65,1,0.25,7e-05,1,1,T4,3.152,5.46875,15
synthetic_02714,cluster_g2,57,58,57,58,1,0.25,0.00035,1,1,,3.152,5.46875,15
synthetic_02715,cluster_t4,52,53,52,53,1,0.25,7e-05,1,1,T4,9.81,40.5859375,15
synthetic_02716,cluster_v100m16,81,89,81,89,8,2.0,0.00025,1,1,,16.0,64.0,15
synthetic_02717,cluster_g3,19,20,19,20,1,0.25,0.00035,1,1,G3,11.3,48.0,15
synthetic_02718,cluster_v100m32,14,25,14,25,11,2.75,0.00025,1,1,,14.2,57.0,15
synthetic_02719,cluster_v100m16,25,26,25,26,1,0.25,0.00025,1,1,,3.152,5.46875,15
synthetic_02720,cluster_v100m16,2,4,2,4,2,0.5,0.00025,1,1,,11.3,48.0,15
synthetic_02721,cluster_v100m32,83,84,83,84,1,0.25,0.00025,1,1,,11.4,47.0,15
synthetic_02722,cluster_t4,49,53,49,53,4,1.0,7e-05,1,1,,3.152,5.46875,15
synthetic_02723,cluster_v100m16,78,80,78,80,2,0.5,0.00025,1,1,,11.908,46.0,15
synthetic_02724,cluster_v100m32,23,28,23,28,5,1.25,0.00025,1,1,,4.0,24.0,15
synthetic_02725,cluster_g3,52,53,52,53,1,0.25,0.00035,1,1,,3.152,5.46875,15
synthetic_02726,cluster_t4,41,46,41,46,5,1.25,7e-05,1,1,,16.0,32.0,15
synthetic_02727,cluster_v100m16,79,80,79,80,1,0.25,0.00025,1,1,,11.3,48.0,15
synthetic_02728,cluster_t4,8,9,8,9,1,0.25,7e-05,1,1,T4,8.0,29.8017578125,15
synthetic_02729,cluster_v100m16,51,52,51,52,1,0.25,0.00025,1,1,,3.152,5.46875,15
synthetic_02730,cluster_g2,45,46,45,46,1,0.25,0.00035,1,1,,3.152,5.46875,15
synthetic_02731,cluster_t4,29,30,29,30,1,0.25,7e-05,1,1,,11.4,47.0,15
synthetic_02732,cluster_t4,62,63,62,63,1,0.25,7e-05,1,1,T4,3.152,5.46875,15
synthetic_02733,cluster_g3,69,72,69,72,3,0.75,0.00035,1,1,,14.2,57.0,15
synthetic_02734,cluster_v100m32,70,71,70,71,1,0.25,0.00025,1,1,,11.4,47.0,15
synthetic_02735,cluster_v100m16,24,25,24,25,1,0.25,0.00025,1,1,,3.152,5.46875,15
synthetic_02736,cluster_g3,76,78,76,78,2,0.5,0.00035,1,1,,11.3,48.0,15
synthetic_02737,cluster_v100m16,18,19,18,19,1,0.25,0.00025,1,1,,3.152,5.46875,15
synthetic_02738,cluster_p100,84,86,84,86,2,0.5,0.00025,1,1,,16.0,32.0,15
synthetic_02739,cluster_p100,71,73,71,73,2,0.5,0.00025,1,1,,12.0,16.0,15
synthetic_02740,cluster_v100m16,12,13,12,13,1,0.25,0.00025,1,1,,9.81,40.5859375,15
synthetic_02741,cluster_p100,40,44,40,44,4,1.0,0.00025,1,1,,11.9,76.0,15
synthetic_02742,cluster_v100m32,18,19,18,19,1,0.25,0.00025,1,1,A10|G2|P100|T4|V100M16|V100M32,3.152,5.46875,15
synthetic_02743,cluster_v100m16,88,92,88,92,4,1.0,0.00025,1,1,,11.4,47.0,15
synthetic_02744,cluster_v100m16,92,93,92,93,1,0.25,0.00025,1,1,,3.152,5.46875,15
synthetic_02745,cluster_p100,19,20,19,20,1,0.25,0.00025,1,1,,11.4,47.0,15
synthetic_02746,cluster_g2,26,27,26,27,1,0.25,0.00035,1,1,,11.3,48.0,15
synthetic_02747,cluster_p100,59,60,59,60,1,0.25,0.00025,1,1,,3.152,5.46875,15
synthetic_02748,cluster_g3,62,64,62,64,2,0.5,0.00035,1,1,,11.4,47.0,15
synthetic_02749,cluster_g3,29,30,29,30,1,0.25,0.00035,1,1,,8.0,29.8017578125,15
synthetic_02750,cluster_g2,78,80,78,80,2,0.5,0.00035,1,1,,4.152,10.3515625,15
synthetic_02751,cluster_g3,35,36,35,36,1,0.25,0.00035,1,1,,11.3,48.0,15
synthetic_02752,cluster_p100,43,44,43,44,1,0.25,0.00025,1,1,P100,3.152,5.46875,15
synthetic_02753,cluster_g3,43,47,43,47,4,1.0,0.00035,1,1,,3.152,5.46875,15
synthetic_02754,cluster_t4,22,23,22,23,1,0.25,7e-05,1,1,T4,3.152,5.46875,15
synthetic_02755,cluster_v100m16,19,20,19,20,1,0.25,0.00025,1,1,,11.3,48.0,15
synthetic_02756,cluster_t4,1,5,1,5,4,1.0,7e-05,1,1,T4,4.0,22.3515625,15
synthetic_02757,cluster_t4,81,82,81,82,1,0.25,7e-05,1,1,T4,11.4,47.0,15
synthetic_02758,cluster_g2,46,62,46,62,16,4.0,0.00035,1,1,,12.0,15.0,15
synthetic_02759,cluster_g2,60,61,60,61,1,0.25,0.00035,1,1,,8.0,29.8017578125,15
synthetic_02760,cluster_t4,12,13,12,13,1,0.25,7e-05,1,1,T4,11.3,48.0,15
synthetic_02761,cluster_p100,6,7,6,7,1,0.25,0.00025,1,1,,18.708,63.0,15
synthetic_02762,cluster_g2,91,93,91,93,2,0.5,0.00035,1,1,,18.708,63.0,15
synthetic_02763,cluster_t4,73,74,73,74,1,0.25,7e-05,1,1,T4,3.152,5.46875,15
synthetic_02764,cluster_g3,22,23,22,23,1,0.25,0.00035,1,1,,3.152,5.46875,15
synthetic_02765,cluster_g2,25,36,25,36,11,2.75,0.00035,1,1,,14.2,57.0,15
synthetic_02766,cluster_v100m16,59,60,59,60,1,0.25,0.00025,1,1,,11.3,48.0,15
synthetic_02767,cluster_t4,69,70,69,70,1,0.25,7e-05,1,1,T4,12.0,16.0,15
synthetic_02768,cluster_t4,71,72,71,72,1,0.25,7e-05,1,1,,3.152,5.46875,15
synthetic_02769,cluster_t4,73,79,73,79,6,1.5,7e-05,1,1,,4.0,22.3515625,15
synthetic_02770,cluster_v100m16,85,87,85,87,2,0.5,0.00025,1,1,,3.152,5.46875,15
synthetic_02771,cluster_g2,80,81,80,81,1,0.25,0.0028,8,8,G2,120.0,720.0,15
synthetic_02772,cluster_t4,35,36,35,36,1,0.25,7e-05,1,1,T4,3.152,5.46875,15
synthetic_02773,cluster_v100m16,71,72,71,72,1,0.25,0.00025,1,1,P100|V100M16|V100M32,3.152,5.46875,15
synthetic_02774,cluster_v100m16,1,2,1,2,1,0.25,0.00025,1,1,,11.908,46.0,15
synthetic_02775,cluster_t4,76,77,76,77,1,0.25,7e-05,1,1,T4,8.0,29.8017578125,15
synthetic_02776,cluster_g2,10,11,10,11,1,0.25,0.00035,1,1,,11.908,46.0,15
synthetic_02777,cluster_p100,42,43,42,43,1,0.25,0.00025,1,1,,4.0,29.8017578125,15
synthetic_02778,cluster_g2,33,36,33,36,3,0.75,0.00035,1,1,G2,11.3,48.0,15
synthetic_02779,cluster_t4,78,79,78,79,1,0.25,7e-05,1,1,T4,24.2,91.0,15
synthetic_02780,cluster_t4,53,56,53,56,3,0.75,7e-05,1,1,,11.4,47.0,15
synthetic_02781,cluster_p100,3,5,3,5,2,0.5,0.00025,1,1,P100|V100M16|V100M32,9.81,40.5859375,15
synthetic_02782,cluster_v100m32,78,79,78,79,1,0.25,0.00025,1,1,,14.2,57.0,15
synthetic_02783,cluster_t4,53,54,53,54,1,0.25,7e-05,1,1,T4,11.3,48.0,15
synthetic_02784,cluster_g2,26,28,26,28,2,0.5,0.00035,1,1,,11.4,47.0,15
synthetic_02785,cluster_p100,94,96,94,96,2,0.5,0.00025,1,1,,9.81,40.5859375,15
synthetic_02786,cluster_v100m16,83,84,83,84,1,0.25,0.00025,1,1,,3.152,5.46875,15
synthetic_02787,cluster_v100m32,52,54,52,54,2,0.5,0.00025,1,1,V100M16|V100M32,11.4,47.0,15
synthetic_02788,cluster_v100m16,21,22,21,22,1,0.25,0.00025,1,1,,3.152,5.46875,15
synthetic_02789,cluster_v100m32,4,5,4,5,1,0.25,0.00025,1,1,,3.152,5.46875,15
synthetic_02790,cluster_p100,60,61,60,61,1,0.25,0.00025,1,1,,18.708,63.0,15
synthetic_02791,cluster_g3,54,55,54,55,1,0.25,0.00035,1,1,,11.4,47.0,15
synthetic_02792,cluster_g2,91,92,91,92,1,0.25,0.00035,1,1,,16.0,32.0,15
synthetic_02793,cluster_p100,86,87,86,87,1,0.25,0.00025,1,1,P100,11.908,46.0,15
synthetic_02794,cluster_t4,43,44,43,44,1,0.25,7e-05,1,1,T4,4.0,14.900390625,15
synthetic_02795,cluster_t4,38,39,38,39,1,0.25,7e-05,1,1,,4.152,10.3515625,15
synthetic_02796,cluster_t4,17,18,17,18,1,0.25,7e-05,1,1,,3.152,5.46875,15
synthetic_02797,cluster_t4,42,43,42,43,1,0.25,7e-05,1,1,T4,11.908,46.0,15
synthetic_02798,cluster_g2,25,26,25,26,1,0.25,0.00035,1,1,,11.3,48.0,15
synthetic_02799,cluster_g2,91,92,91,92,1,0.25,0.00035,1,1,G2,11.3,48.0,15
synthetic_02800,cluster_g2,84,85,84,85,1,0.25,0.00035,1,1,G2,8.0,16.0,15
synthetic_02801,cluster_g3,21,22,21,22,1,0.25,0.00035,1,1,,3.152,5.46875,15
synthetic_02802,cluster_g2,52,53,52,53,1,0.25,0.00035,1,1,,8.0,29.8017578125,15
synthetic_02803,cluster_g2,63,64,63,64,1,0.25,0.00035,1,1,,4.152,10.3515625,15
synthetic_02804,cluster_g3,92,93,92,93,1,0.25,0.00035,1,1,,11.3,48.0,15
synthetic_02805,cluster_t4,85,87,85,87,2,0.5,7e-05,1,1,T4,1.0,6.0,15
synthetic_02806,cluster_g3,40,43,40,43,3,0.75,0.00035,1,1,,11.908,46.0,15
synthetic_02807,cluster_g3,26,27,26,27,1,0.25,0.00035,1,1,,3.152,5.46875,15
synthetic_02808,cluster_g3,44,45,44,45,1,0.25,0.00035,1,1,,9.81,40.5859375,15
synthetic_02809,cluster_g3,10,11,10,11,1,0.25,0.00035,1,1,,11.908,46.0,15
synthetic_02810,cluster_g2,82,83,82,83,1,0.25,0.00035,1,1,,11.3,48.0,15
synthetic_02811,cluster_t4,5,6,5,6,1,0.25,7e-05,1,1,,8.2,33.0,15
synthetic_02812,cluster_v100m16,48,49,48,49,1,0.25,0.00025,1,1,,11.3,48.0,15
synthetic_02813,cluster_v100m16,67,75,67,75,8,2.0,0.00025,1,1,,11.3,48.0,15
synthetic_02814,cluster_t4,20,21,20,21,1,0.25,7e-05,1,1,,3.152,5.46875,15
synthetic_02815,cluster_v100m16,16,17,16,17,1,0.25,0.00025,1,1,,9.81,40.5859375,15
synthetic_02816,cluster_v100m16,12,23,12,23,11,2.75,0.00025,1,1,,11.4,47.0,15
synthetic_02817,cluster_t4,39,40,39,40,1,0.25,7e-05,1,1,T4,11.4,47.0,15
synthetic_02818,cluster_p100,13,14,13,14,1,0.25,0.00025,1,1,,16.0,32.0,15
synthetic_02819,cluster_p100,24,26,24,26,2,0.5,0.00025,1,1,,16.0,32.0,15
synthetic_02820,cluster_t4,71,72,71,72,1,0.25,7e-05,1,1,,11.908,46.0,15
synthetic_02821,cluster_p100,22,26,22,26,4,1.0,0.00025,1,1,,12.0,24.0,15
synthetic_02822,cluster_g2,63,67,63,67,4,1.0,0.00035,1,1,,15.7,57.0,15
synthetic_02823,cluster_t4,20,24,20,24,4,1.0,7e-05,1,1,T4,3.152,5.46875,15
synthetic_02824,cluster_t4,54,55,54,55,1,0.25,7e-05,1,1,T4,4.0,22.3515625,15
synthetic_02825,cluster_v100m16,20,21,20,21,1,0.25,0.00025,1,1,,18.708,63.0,15
synthetic_02826,cluster_p100,43,44,43,44,1,0.25,0.00025,1,1,,3.152,5.46875,15
synthetic_02827,cluster_t4,92,93,92,93,1,0.25,7e-05,1,1,T4,9.81,40.5859375,15
synthetic_02828,cluster_g3,82,83,82,83,1,0.25,0.00035,1,1,,3.152,5.46875,15
synthetic_02829,cluster_t4,38,39,38,39,1,0.25,7e-05,1,1,T4,11.908,46.0,15
synthetic_02830,cluster_g2,21,22,21,22,1,0.25,0.00035,1,1,G2,11.3,48.0,15
synthetic_02831,cluster_v100m32,94,96,94,96,2,0.5,0.00025,1,1,P100|T4|V100M16|V100M32,11.4,47.0,15
synthetic_02832,cluster_v100m16,95,96,95,96,1,0.25,0.00025,1,1,,3.152,5.46875,15
synthetic_02833,cluster_p100,64,65,64,65,1,0.25,0.00025,1,1,,8.2,33.0,15
synthetic_02834,cluster_p100,47,52,47,52,5,1.25,0.00025,1,1,P100,4.0,14.900390625,15
synthetic_02835,cluster_g3,48,50,48,50,2,0.5,0.00035,1,1,,6.0,18.0,15
synthetic_02836,cluster_v100m16,36,37,36,37,1,0.25,0.00025,1,1,,11.3,48.0,15
synthetic_02837,cluster_g2,40,41,40,41,1,0.25,0.00035,1,1,G2,11.4,47.0,15
synthetic_02838,cluster_g3,95,96,95,96,1,0.25,0.00035,1,1,,11.3,48.0,15
synthetic_02839,cluster_p100,12,13,12,13,1,0.25,0.00025,1,1,P100,11.908,46.0,15
synthetic_02840,cluster_p100,55,56,55,56,1,0.25,0.00025,1,1,,3.152,5.46875,15
synthetic_02841,cluster_p100,27,28,27,28,1,0.25,0.00025,1,1,,14.2,57.0,15
synthetic_02842,cluster_t4,83,85,83,85,2,0.5,7e-05,1,1,T4,11.3,48.0,15
synthetic_02843,cluster_g2,39,40,39,40,1,0.25,0.00035,1,1,,11.4,47.0,15
synthetic_02844,cluster_t4,94,95,94,95,1,0.25,7e-05,1,1,,11.908,46.0,15
synthetic_02845,cluster_v100m32,44,45,44,45,1,0.25,0.00025,1,1,,16.4,123.0,15
synthetic_02846,cluster_g2,70,75,70,75,5,1.25,0.00035,1,1,G2,11.3,48.0,15
synthetic_02847,cluster_t4,51,52,51,52,1,0.25,7e-05,1,1,T4,3.152,5.46875,15
synthetic_02848,cluster_g2,80,81,80,81,1,0.25,0.00035,1,1,G2,12.0,24.0,15
synthetic_02849,cluster_p100,60,63,60,63,3,0.75,0.00025,1,1,,9.81,40.5859375,15
synthetic_02850,cluster_p100,68,69,68,69,1,0.25,0.00025,1,1,P100,11.908,46.0,15
synthetic_02851,cluster_v100m32,42,43,42,43,1,0.25,0.00025,1,1,,11.3,48.0,15
synthetic_02852,cluster_v100m32,42,47,42,47,5,1.25,0.00025,1,1,,15.7,57.0,15
synthetic_02853,cluster_t4,80,84,80,84,4,1.0,7e-05,1,1,,4.0,29.8017578125,15
synthetic_02854,cluster_v100m32,92,93,92,93,1,0.25,0.00025,1,1,,4.0,22.3515625,15
synthetic_02855,cluster_v100m32,72,77,72,77,5,1.25,0.00025,1,1,A10|G2|T4|V100M16|V100M32,4.0,24.0,15
synthetic_02856,cluster_t4,66,67,66,67,1,0.25,7e-05,1,1,T4,8.0,29.8017578125,15
synthetic_02857,cluster_p100,67,68,67,68,1,0.25,0.00025,1,1,,8.0,29.8017578125,15
synthetic_02858,cluster_g3,78,90,78,90,12,3.0,0.00035,1,1,,11.908,46.0,15
synthetic_02859,cluster_g2,86,87,86,87,1,0.25,0.00035,1,1,,11.4,47.0,15
synthetic_02860,cluster_g2,37,39,37,39,2,0.5,0.00035,1,1,G2,11.4,47.0,15
synthetic_02861,cluster_t4,82,83,82,83,1,0.25,7e-05,1,1,T4,3.152,5.46875,15
synthetic_02862,cluster_v100m16,54,56,54,56,2,0.5,0.00025,1,1,V100M16|V100M32,11.3,48.0,15
synthetic_02863,cluster_t4,38,41,38,41,3,0.75,7e-05,1,1,T4,11.4,47.0,15
synthetic_02864,cluster_t4,85,87,85,87,2,0.5,7e-05,1,1,T4,3.152,5.46875,15
synthetic_02865,cluster_v100m16,77,79,77,79,2,0.5,0.00025,1,1,,3.152,5.46875,15
synthetic_02866,cluster_g2,21,22,21,22,1,0.25,0.00035,1,1,,11.3,48.0,15
synthetic_02867,cluster_t4,86,93,86,93,7,1.75,7e-05,1,1,T4,8.0,32.0,15
synthetic_02868,cluster_v100m32,9,11,9,11,2,0.5,0.00025,1,1,V100M16|V100M32,11.3,48.0,15
synthetic_02869,cluster_g3,72,73,72,73,1,0.25,0.00035,1,1,,6.0,6.0,15
synthetic_02870,cluster_v100m16,89,90,89,90,1,0.25,0.00025,1,1,,3.152,5.46875,15
synthetic_02871,cluster_t4,45,46,45,46,1,0.25,7e-05,1,1,T4,3.152,5.46875,15
synthetic_02872,cluster_v100m16,22,23,22,23,1,0.25,0.00025,1,1,,3.152,5.46875,15
synthetic_02873,cluster_v100m16,15,24,15,24,9,2.25,0.00025,1,1,,14.2,57.0,15
synthetic_02874,cluster_t4,23,25,23,25,2,0.5,7e-05,1,1,,4.152,10.3515625,15
synthetic_02875,cluster_t4,37,39,37,39,2,0.5,7e-05,1,1,,8.0,16.0,15
synthetic_02876,cluster_v100m32,7,8,7,8,1,0.25,0.00025,1,1,,3.152,5.46875,15
synthetic_02877,cluster_v100m32,62,71,62,71,9,2.25,0.00025,1,1,,1.0,2.0,15
synthetic_02878,cluster_t4,66,67,66,67,1,0.25,7e-05,1,1,T4,3.152,5.46875,15
synthetic_02879,cluster_t4,71,72,71,72,1,0.25,7e-05,1,1,T4,3.152,5.46875,15
synthetic_02880,cluster_v100m16,70,71,70,71,1,0.25,0.00025,1,1,,3.152,5.46875,15
synthetic_02881,cluster_t4,9,10,9,10,1,0.25,7e-05,1,1,T4,3.152,5.46875,15
synthetic_02882,cluster_v100m32,17,18,17,18,1,0.25,0.00025,1,1,,18.708,63.0,15
synthetic_02883,cluster_t4,24,25,24,25,1,0.25,7e-05,1,1,,11.908,46.0,15
synthetic_02884,cluster_g2,86,87,86,87,1,0.25,0.00035,1,1,G2,3.152,5.46875,15
synthetic_02885,cluster_p100,22,25,22,25,3,0.75,0.00025,1,1,,11.9,76.0,15
synthetic_02886,cluster_t4,63,64,63,64,1,0.25,7e-05,1,1,T4,3.152,5.46875,15
synthetic_02887,cluster_g3,49,50,49,50,1,0.25,0.00035,1,1,G3,3.152,5.46875,15
synthetic_02888,cluster_v100m32,49,50,49,50,1,0.25,0.00025,1,1,,11.4,47.0,15
synthetic_02889,cluster_g3,77,78,77,78,1,0.25,0.00035,1,1,G3,9.81,40.5859375,15
synthetic_02890,cluster_t4,86,87,86,87,1,0.25,7e-05,1,1,T4,3.152,5.46875,15
synthetic_02891,cluster_v100m16,20,22,20,22,2,0.5,0.00025,1,1,,11.4,47.0,15
synthetic_02892,cluster_p100,54,55,54,55,1,0.25,0.00025,1,1,,8.0,29.8017578125,15
synthetic_02893,cluster_v100m32,52,53,52,53,1,0.25,0.00025,1,1,,3.152,5.46875,15
synthetic_02894,cluster_v100m32,32,33,32,33,1,0.25,0.00025,1,1,V100M16|V100M32,11.9,76.0,15
synthetic_02895,cluster_v100m16,19,22,19,22,3,0.75,0.00025,1,1,A10|G2|T4|V100M16|V100M32,11.4,76.0,15
synthetic_02896,cluster_t4,48,49,48,49,1,0.25,7e-05,1,1,T4,3.152,5.46875,15
synthetic_02897,cluster_p100,68,69,68,69,1,0.25,0.00025,1,1,,3.152,5.46875,15
synthetic_02898,cluster_t4,85,86,85,86,1,0.25,7e-05,1,1,,4.152,10.3515625,15
synthetic_02899,cluster_g3,30,43,30,43,13,3.25,0.00035,1,1,,4.0,22.3515625,15
synthetic_02900,cluster_v100m32,40,41,40,41,1,0.25,0.00025,1,1,V100M16|V100M32,18.708,63.0,15
synthetic_02901,cluster_v100m16,29,40,29,40,11,2.75,0.00025,1,1,,4.0,22.3515625,15
synthetic_02902,cluster_t4,9,11,9,11,2,0.5,7e-05,1,1,,18.708,63.0,15
synthetic_02903,cluster_t4,56,57,56,57,1,0.25,7e-05,1,1,T4,18.708,63.0,15
synthetic_02904,cluster_t4,93,94,93,94,1,0.25,7e-05,1,1,T4,3.152,5.46875,15
synthetic_02905,cluster_v100m32,65,68,65,68,3,0.75,0.00025,1,1,,16.0,64.0,15
synthetic_02906,cluster_t4,86,87,86,87,1,0.25,7e-05,1,1,T4,11.3,48.0,15
synthetic_02907,cluster_g2,77,79,77,79,2,0.5,0.00035,1,1,,11.3,48.0,15
synthetic_02908,cluster_g2,12,15,12,15,3,0.75,0.00035,1,1,,11.9,76.0,15
synthetic_02909,cluster_a10,45,46,45,46,1,0.25,0.00015,1,1,,11.3,48.0,15
synthetic_02910,cluster_g3,68,76,68,76,8,2.0,0.00035,1,1,,4.0,29.8017578125,15
synthetic_02911,cluster_t4,5,6,5,6,1,0.25,7e-05,1,1,T4,3.152,5.46875,15
synthetic_02912,cluster_p100,73,74,73,74,1,0.25,0.00025,1,1,P100,3.152,5.46875,15
synthetic_02913,cluster_t4,33,35,33,35,2,0.5,7e-05,1,1,T4,6.0,16.0,15
synthetic_02914,cluster_v100m16,25,27,25,27,2,0.5,0.00025,1,1,,8.2,33.0,15
synthetic_02915,cluster_p100,29,34,29,34,5,1.25,0.00025,1,1,,11.908,46.0,15
synthetic_02916,cluster_g2,37,38,37,38,1,0.25,0.00035,1,1,G2,12.0,16.0,15
synthetic_02917,cluster_t4,17,18,17,18,1,0.25,7e-05,1,1,,3.152,5.46875,15
synthetic_02918,cluster_g2,46,52,46,52,6,1.5,0.00035,1,1,,4.0,24.0,15
synthetic_02919,cluster_t4,83,84,83,84,1,0.25,7e-05,1,1,,8.0,29.8017578125,15
synthetic_02920,cluster_v100m16,67,70,67,70,3,0.75,0.00025,1,1,,3.152,5.46875,15
synthetic_02921,cluster_v100m16,9,10,9,10,1,0.25,0.00025,1,1,,3.152,5.46875,15
synthetic_02922,cluster_t4,87,88,87,88,1,0.25,7e-05,1,1,,11.908,46.0,15
synthetic_02923,cluster_v100m32,44,45,44,45,1,0.25,0.00025,1,1,,4.0,22.3515625,15
synthetic_02924,cluster_t4,9,10,9,10,1,0.25,7e-05,1,1,T4,3.152,5.46875,15
synthetic_02925,cluster_p100,34,35,34,35,1,0.25,0.00025,1,1,,11.4,76.0,15
synthetic_02926,cluster_v100m32,69,72,69,72,3,0.75,0.00025,1,1,,8.2,33.0,15
synthetic_02927,cluster_g2,29,32,29,32,3,0.75,0.00035,1,1,,15.7,57.0,15
synthetic_02928,cluster_g3,48,49,48,49,1,0.25,0.00035,1,1,G3,11.3,48.0,15
synthetic_02929,cluster_p100,24,25,24,25,1,0.25,0.00025,1,1,P100,4.0,29.8017578125,15
synthetic_02930,cluster_a10,6,7,6,7,1,0.25,0.00015,1,1,,3.152,5.46875,15
synthetic_02931,cluster_g2,49,51,49,51,2,0.5,0.00035,1,1,,11.908,46.0,15
synthetic_02932,cluster_v100m16,84,89,84,89,5,1.25,0.00025,1,1,,9.81,40.5859375,15
synthetic_02933,cluster_g3,66,67,66,67,1,0.25,0.00035,1,1,,3.152,5.46875,15
synthetic_02934,cluster_t4,82,83,82,83,1,0.25,7e-05,1,1,,11.4,76.0,15
synthetic_02935,cluster_g2,10,11,10,11,1,0.25,0.00035,1,1,G2|P100|T4|V100M16|V100M32,8.0,29.8017578125,15
synthetic_02936,cluster_t4,4,7,4,7,3,0.75,7e-05,1,1,T4,11.3,48.0,15
synthetic_02937,cluster_p100,65,66,65,66,1,0.25,0.00025,1,1,,18.708,63.0,15
synthetic_02938,cluster_p100,76,77,76,77,1,0.25,0.00025,1,1,P100,3.152,5.46875,15
synthetic_02939,cluster_t4,16,17,16,17,1,0.25,7e-05,1,1,,11.3,48.0,15
synthetic_02940,cluster_v100m16,75,76,75,76,1,0.25,0.00025,1,1,,11.4,47.0,15
synthetic_02941,cluster_t4,80,81,80,81,1,0.25,7e-05,1,1,T4,8.0,29.8017578125,15
synthetic_02942,cluster_t4,33,35,33,35,2,0.5,7e-05,1,1,T4,24.2,91.0,15
synthetic_02943,cluster_v100m32,81,83,81,83,2,0.5,0.00025,1,1,,8.2,33.0,15
synthetic_02944,cluster_p100,15,16,15,16,1,0.25,0.00025,1,1,P100,3.152,5.46875,15
synthetic_02945,cluster_v100m32,4,6,4,6,2,0.5,0.00025,1,1,,8.0,16.0,15
synthetic_02946,cluster_g2,47,63,47,63,16,4.0,0.00035,1,1,,12.0,15.0,15
synthetic_02947,cluster_t4,29,30,29,30,1,0.25,7e-05,1,1,T4,4.0,29.8017578125,15
synthetic_02948,cluster_v100m16,77,80,77,80,3,0.75,0.00025,1,1,,11.908,46.0,15
synthetic_02949,cluster_g2,18,20,18,20,2,0.5,0.00035,1,1,,3.152,5.46875,15
synthetic_02950,cluster_p100,87,88,87,88,1,0.25,0.00025,1,1,P100,3.152,5.46875,15
synthetic_02951,cluster_v100m16,63,64,63,64,1,0.25,0.00025,1,1,,3.152,5.46875,15
synthetic_02952,cluster_g2,0,2,0,2,2,0.5,0.00035,1,1,G2,11.3,48.0,15
synthetic_02953,cluster_g3,83,84,83,84,1,0.25,0.00035,1,1,,3.152,5.46875,15
synthetic_02954,cluster_t4,8,11,8,11,3,0.75,7e-05,1,1,,12.0,24.0,15
synthetic_02955,cluster_t4,45,48,45,48,3,0.75,7e-05,1,1,T4,15.7,57.0,15
synthetic_02956,cluster_p100,48,49,48,49,1,0.25,0.00025,1,1,P100,3.152,5.46875,15
synthetic_02957,cluster_g3,13,14,13,14,1,0.25,0.00035,1,1,,15.7,57.0,15
synthetic_02958,cluster_v100m32,45,48,45,48,3,0.75,0.00025,1,1,,11.4,47.0,15
synthetic_02959,cluster_v100m16,63,70,63,70,7,1.75,0.00025,1,1,,4.0,14.900390625,15
synthetic_02960,cluster_g3,27,32,27,32,5,1.25,0.00035,1,1,G3,4.0,24.0,15
synthetic_02961,cluster_g2,44,47,44,47,3,0.75,0.00035,1,1,,11.908,46.0,15
synthetic_02962,cluster_t4,74,75,74,75,1,0.25,7e-05,1,1,T4,4.152,10.3515625,15
synthetic_02963,cluster_p100,42,44,42,44,2,0.5,0.00025,1,1,,4.0,14.900390625,15
synthetic_02964,cluster_v100m16,17,22,17,22,5,1.25,0.00025,1,1,,4.0,24.0,15
synthetic_02965,cluster_t4,24,25,24,25,1,0.25,7e-05,1,1,T4,11.3,48.0,15
synthetic_02966,cluster_p100,14,15,14,15,1,0.25,0.00025,1,1,P100|V100M16|V100M32,11.4,47.0,15
synthetic_02967,cluster_t4,10,12,10,12,2,0.5,7e-05,1,1,T4,4.0,14.900390625,15
synthetic_02968,cluster_g2,15,24,15,24,9,2.25,0.00035,1,1,G2,12.0,24.0,15
synthetic_02969,cluster_p100,85,86,85,86,1,0.25,0.00025,1,1,P100,3.152,5.46875,15
synthetic_02970,cluster_g3,28,29,28,29,1,0.25,0.00035,1,1,,8.2,33.0,15
synthetic_02971,cluster_v100m32,69,70,69,70,1,0.25,0.00025,1,1,P100|V100M16|V100M32,11.3,48.0,15
synthetic_02972,cluster_t4,34,35,34,35,1,0.25,7e-05,1,1,,4.152,10.3515625,15
synthetic_02973,cluster_v100m32,48,50,48,50,2,0.5,0.00025,1,1,,16.0,32.0,15
synthetic_02974,cluster_t4,73,74,73,74,1,0.25,7e-05,1,1,,3.152,5.46875,15
synthetic_02975,cluster_t4,95,96,95,96,1,0.25,7e-05,1,1,T4,3.152,5.46875,15
synthetic_02976,cluster_v100m16,34,35,34,35,1,0.25,0.00025,1,1,,3.152,5.46875,15
synthetic_02977,cluster_t4,30,31,30,31,1,0.25,7e-05,1,1,T4,3.152,5.46875,15
synthetic_02978,cluster_g2,87,89,87,89,2,0.5,0.00035,1,1,,6.0,12.0,15
synthetic_02979,cluster_g3,40,41,40,41,1,0.25,0.00035,1,1,G3,11.3,48.0,15
synthetic_02980,cluster_g2,42,43,42,43,1,0.25,0.00035,1,1,,16.4,123.0,15
synthetic_02981,cluster_g3,91,92,91,92,1,0.25,0.00035,1,1,,11.3,48.0,15
synthetic_02982,cluster_v100m16,59,61,59,61,2,0.5,0.00025,1,1,,8.0,16.0,15
synthetic_02983,cluster_t4,92,93,92,93,1,0.25,7e-05,1,1,,3.152,5.46875,15
synthetic_02984,cluster_g2,21,22,21,22,1,0.25,0.00035,1,1,,3.152,5.46875,15
synthetic_02985,cluster_g2,36,38,36,38,2,0.5,0.00035,1,1,,3.152,5.46875,15
synthetic_02986,cluster_g2,48,49,48,49,1,0.25,0.00035,1,1,,8.0,29.8017578125,15
synthetic_02987,cluster_g3,24,25,24,25,1,0.25,0.00035,1,1,,18.708,63.0,15
synthetic_02988,cluster_v100m32,7,8,7,8,1,0.25,0.00025,1,1,,3.152,5.46875,15
synthetic_02989,cluster_t4,57,70,57,70,13,3.25,7e-05,1,1,T4,12.0,15.0,15
synthetic_02990,cluster_v100m32,30,31,30,31,1,0.25,0.00025,1,1,,3.152,5.46875,15
synthetic_02991,cluster_v100m16,37,38,37,38,1,0.25,0.00025,1,1,,18.708,63.0,15
synthetic_02992,cluster_g2,75,76,75,76,1,0.25,0.00035,1,1,,11.3,48.0,15
synthetic_02993,cluster_g3,65,66,65,66,1,0.25,0.00035,1,1,,11.3,48.0,15
synthetic_02994,cluster_v100m32,26,27,26,27,1,0.25,0.002,8,8,,88.0,320.0,15
synthetic_02995,cluster_t4,28,29,28,29,1,0.25,7e-05,1,1,T4,11.3,48.0,15
synthetic_02996,cluster_v100m32,55,56,55,56,1,0.25,0.00025,1,1,P100|V100M16|V100M32,11.3,48.0,15
synthetic_02997,cluster_v100m16,45,47,45,47,2,0.5,0.00025,1,1,,24.2,91.0,15
synthetic_02998,cluster_g2,27,28,27,28,1,0.25,0.00035,1,1,,12.0,32.0,15
synthetic_02999,cluster_v100m32,13,14,13,14,1,0.25,0.00025,1,1,,11.4,47.0,15
synthetic_03000,cluster_p100,67,72,67,72,5,1.25,0.00025,1,1,,4.0,22.3515625,15
synthetic_03001,cluster_v100m16,41,42,41,42,1,0.25,0.00025,1,1,,3.152,5.46875,15
synthetic_03002,cluster_t4,91,95,91,95,4,1.0,7e-05,1,1,,8.0,29.8017578125,15
synthetic_03003,cluster_g2,25,30,25,30,5,1.25,0.00035,1,1,,16.0,32.0,15
synthetic_03004,cluster_t4,3,4,3,4,1,0.25,7e-05,1,1,T4,12.0,15.625,15
synthetic_03005,cluster_v100m32,22,23,22,23,1,0.25,0.00025,1,1,,4.152,10.3515625,15
synthetic_03006,cluster_p100,20,31,20,31,11,2.75,0.00025,1,1,,14.2,57.0,15
synthetic_03007,cluster_g2,89,91,89,91,2,0.5,0.00035,1,1,G2,11.908,46.0,15
synthetic_03008,cluster_t4,94,96,94,96,2,0.5,7e-05,1,1,T4,4.0,29.8017578125,15
synthetic_03009,cluster_p100,81,82,81,82,1,0.25,0.00025,1,1,,3.152,5.46875,15
synthetic_03010,cluster_t4,70,75,70,75,5,1.25,7e-05,1,1,,4.0,24.0,15
synthetic_03011,cluster_t4,63,64,63,64,1,0.25,7e-05,1,1,,3.152,5.46875,15
synthetic_03012,cluster_t4,28,29,28,29,1,0.25,7e-05,1,1,,11.4,47.0,15
synthetic_03013,cluster_p100,76,77,76,77,1,0.25,0.00025,1,1,P100,4.152,10.3515625,15
synthetic_03014,cluster_g3,51,53,51,53,2,0.5,0.00035,1,1,,14.2,57.0,15
synthetic_03015,cluster_v100m32,33,35,33,35,2,0.5,0.00025,1,1,,12.0,16.0,15
synthetic_03016,cluster_t4,42,43,42,43,1,0.25,7e-05,1,1,,11.908,46.0,15
synthetic_03017,cluster_t4,85,87,85,87,2,0.5,7e-05,1,1,T4,11.4,47.0,15
synthetic_03018,cluster_t4,53,54,53,54,1,0.25,7e-05,1,1,T4,11.3,48.0,15
synthetic_03019,cluster_g3,77,78,77,78,1,0.25,0.00035,1,1,G3,11.4,47.0,15
synthetic_03020,cluster_p100,60,61,60,61,1,0.25,0.00025,1,1,,6.0,6.0,15
synthetic_03021,cluster_t4,56,60,56,60,4,1.0,7e-05,1,1,T4,11.9,76.0,15
synthetic_03022,cluster_t4,67,68,67,68,1,0.25,7e-05,1,1,T4,11.908,46.0,15
synthetic_03023,cluster_g2,57,58,57,58,1,0.25,0.00035,1,1,G2,11.3,48.0,15
synthetic_03024,cluster_p100,29,31,29,31,2,0.5,0.00025,1,1,P100,4.0,14.900390625,15
synthetic_03025,cluster_v100m32,27,28,27,28,1,0.25,0.00025,1,1,V100M16|V100M32,3.152,5.46875,15
synthetic_03026,cluster_v100m32,19,20,19,20,1,0.25,0.00025,1,1,,11.4,47.0,15
synthetic_03027,cluster_v100m32,53,54,53,54,1,0.25,0.00025,1,1,,3.152,5.46875,15
synthetic_03028,cluster_a10,45,46,45,46,1,0.25,0.00015,1,1,,4.152,10.3515625,15
synthetic_03029,cluster_p100,68,70,68,70,2,0.5,0.00025,1,1,,3.152,5.46875,15
synthetic_03030,cluster_g2,72,73,72,73,1,0.25,0.00035,1,1,G2,3.152,5.46875,15
synthetic_03031,cluster_t4,53,55,53,55,2,0.5,7e-05,1,1,,3.152,5.46875,15
synthetic_03032,cluster_p100,38,39,38,39,1,0.25,0.00025,1,1,,11.908,46.0,15
synthetic_03033,cluster_t4,78,79,78,79,1,0.25,7e-05,1,1,,11.3,48.0,15
synthetic_03034,cluster_g3,48,49,48,49,1,0.25,0.00035,1,1,,3.152,5.46875,15
synthetic_03035,cluster_g3,5,7,5,7,2,0.5,0.00035,1,1,G3,16.0,32.0,15
synthetic_03036,cluster_t4,62,63,62,63,1,0.25,7e-05,1,1,,12.0,24.0,15
synthetic_03037,cluster_t4,60,65,60,65,5,1.25,7e-05,1,1,,4.0,24.0,15
synthetic_03038,cluster_t4,13,18,13,18,5,1.25,7e-05,1,1,T4,2.0,8.0,15
synthetic_03039,cluster_g2,81,82,81,82,1,0.25,0.00035,1,1,G2,3.152,5.46875,15
synthetic_03040,cluster_g3,25,26,25,26,1,0.25,0.00035,1,1,,3.152,5.46875,15
synthetic_03041,cluster_v100m32,12,16,12,16,4,1.0,0.00025,1,1,,11.3,48.0,15
synthetic_03042,cluster_p100,52,53,52,53,1,0.25,0.00025,1,1,,18.708,63.0,15
synthetic_03043,cluster_v100m16,0,1,0,1,1,0.25,0.00025,1,1,,11.4,76.0,15
synthetic_03044,cluster_p100,23,24,23,24,1,0.25,0.00025,1,1,P100|V100M16|V100M32,3.152,5.46875,15
synthetic_03045,cluster_v100m32,81,84,81,84,3,0.75,0.00025,1,1,,24.2,91.0,15
synthetic_03046,cluster_g3,85,87,85,87,2,0.5,0.00035,1,1,,11.4,47.0,15
synthetic_03047,cluster_t4,35,38,35,38,3,0.75,7e-05,1,1,,8.0,16.0,15
synthetic_03048,cluster_p100,78,79,78,79,1,0.25,0.00025,1,1,,8.0,29.8017578125,15
synthetic_03049,cluster_t4,73,74,73,74,1,0.25,7e-05,1,1,T4,4.0,22.3515625,15
synthetic_03050,cluster_t4,71,73,71,73,2,0.5,7e-05,1,1,T4,4.0,14.900390625,15
synthetic_03051,cluster_v100m32,27,30,27,30,3,0.75,0.00025,1,1,P100|V100M16|V100M32,12.0,24.0,15
synthetic_03052,cluster_g3,16,17,16,17,1,0.25,0.00035,1,1,,11.3,48.0,15
synthetic_03053,cluster_t4,20,28,20,28,8,2.0,7e-05,1,1,T4,12.0,15.0,15
synthetic_03054,cluster_v100m32,78,80,78,80,2,0.5,0.00025,1,1,,8.2,33.0,15
synthetic_03055,cluster_t4,25,26,25,26,1,0.25,7e-05,1,1,,8.0,29.8017578125,15
synthetic_03056,cluster_t4,69,71,69,71,2,0.5,7e-05,1,1,,3.152,5.46875,15
synthetic_03057,cluster_g2,34,35,34,35,1,0.25,0.00035,1,1,G2,11.4,47.0,15
synthetic_03058,cluster_v100m16,43,44,43,44,1,0.25,0.00025,1,1,,24.2,91.0,15
synthetic_03059,cluster_t4,75,77,75,77,2,0.5,7e-05,1,1,T4,11.908,46.0,15
synthetic_03060,cluster_t4,8,10,8,10,2,0.5,7e-05,1,1,T4,11.3,48.0,15
synthetic_03061,cluster_t4,93,94,93,94,1,0.25,7e-05,1,1,,11.4,47.0,15
synthetic_03062,cluster_v100m32,85,88,85,88,3,0.75,0.00025,1,1,,15.7,57.0,15
synthetic_03063,cluster_v100m32,16,17,16,17,1,0.25,0.00025,1,1,,11.908,46.0,15
synthetic_03064,cluster_t4,27,28,27,28,1,0.25,7e-05,1,1,,11.4,47.0,15
synthetic_03065,cluster_g3,21,22,21,22,1,0.25,0.00035,1,1,,8.0,29.8017578125,15
synthetic_03066,cluster_t4,29,30,29,30,1,0.25,7e-05,1,1,T4,11.4,76.0,15
synthetic_03067,cluster_g3,51,52,51,52,1,0.25,0.00035,1,1,,3.152,5.46875,15
synthetic_03068,cluster_t4,49,50,49,50,1,0.25,7e-05,1,1,T4,11.3,48.0,15
synthetic_03069,cluster_t4,17,19,17,19,2,0.5,7e-05,1,1,T4,11.908,46.0,15
synthetic_03070,cluster_g2,6,9,6,9,3,0.75,0.00035,1,1,,11.908,46.0,15
synthetic_03071,cluster_v100m32,43,46,43,46,3,0.75,0.00025,1,1,,3.152,5.46875,15
synthetic_03072,cluster_t4,11,12,11,12,1,0.25,7e-05,1,1,T4,3.152,5.46875,15
synthetic_03073,cluster_v100m16,77,78,77,78,1,0.25,0.00025,1,1,,3.152,5.46875,15
synthetic_03074,cluster_g2,48,49,48,49,1,0.25,0.00035,1,1,,4.152,10.3515625,15
synthetic_03075,cluster_t4,83,86,83,86,3,0.75,7e-05,1,1,,3.152,5.46875,15
synthetic_03076,cluster_g3,35,36,35,36,1,0.25,0.00035,1,1,,8.0,29.8017578125,15
synthetic_03077,cluster_g3,78,79,78,79,1,0.25,0.00035,1,1,,11.4,47.0,15
synthetic_03078,cluster_v100m32,8,10,8,10,2,0.5,0.00025,1,1,,16.0,32.0,15
synthetic_03079,cluster_t4,78,79,78,79,1,0.25,7e-05,1,1,T4,11.3,48.0,15
synthetic_03080,cluster_g2,63,64,63,64,1,0.25,0.00035,1,1,,3.152,5.46875,15
synthetic_03081,cluster_t4,79,80,79,80,1,0.25,7e-05,1,1,T4,8.0,29.8017578125,15
synthetic_03082,cluster_p100,32,33,32,33,1,0.25,0.00025,1,1,,4.152,10.3515625,15
synthetic_03083,cluster_v100m32,11,12,11,12,1,0.25,0.00025,1,1,,3.152,5.46875,15
synthetic_03084,cluster_v100m16,59,60,59,60,1,0.25,0.00025,1,1,,3.152,5.46875,15
synthetic_03085,cluster_t4,81,82,81,82,1,0.25,7e-05,1,1,T4,3.152,5.46875,15
synthetic_03086,cluster_t4,19,21,19,21,2,0.5,7e-05,1,1,,4.0,22.3515625,15
synthetic_03087,cluster_p100,43,44,43,44,1,0.25,0.00025,1,1,,3.152,5.46875,15
synthetic_03088,cluster_t4,69,77,69,77,8,2.0,7e-05,1,1,T4,4.0,14.900390625,15
synthetic_03089,cluster_p100,74,75,74,75,1,0.25,0.00025,1,1,,8.0,29.8017578125,15
synthetic_03090,cluster_t4,85,87,85,87,2,0.5,7e-05,1,1,,4.152,10.3515625,15
synthetic_03091,cluster_g2,48,49,48,49,1,0.25,0.00035,1,1,,3.152,5.46875,15
synthetic_03092,cluster_p100,10,11,10,11,1,0.25,0.00025,1,1,P100,8.0,29.8017578125,15
synthetic_03093,cluster_v100m32,15,16,15,16,1,0.25,0.00025,1,1,,3.152,5.46875,15
synthetic_03094,cluster_p100,26,27,26,27,1,0.25,0.00025,1,1,,12.0,16.0,15
synthetic_03095,cluster_t4,50,57,50,57,7,1.75,7e-05,1,1,,3.152,5.46875,15
synthetic_03096,cluster_g3,29,34,29,34,5,1.25,0.00035,1,1,,11.908,46.0,15
synthetic_03097,cluster_t4,74,82,74,82,8,2.0,7e-05,1,1,T4,1.0,2.0,15
synthetic_03098,cluster_g3,24,33,24,33,9,2.25,0.00035,1,1,,1.0,2.0,15
synthetic_03099,cluster_t4,28,37,28,37,9,2.25,7e-05,1,1,T4,11.4,47.0,15
synthetic_03100,cluster_v100m32,34,35,34,35,1,0.25,0.00025,1,1,,3.152,5.46875,15
synthetic_03101,cluster_p100,16,22,16,22,6,1.5,0.00025,1,1,,4.0,29.8017578125,15
synthetic_03102,cluster_t4,66,67,66,67,1,0.25,7e-05,1,1,,11.3,48.0,15
synthetic_03103,cluster_t4,70,71,70,71,1,0.25,7e-05,1,1,,3.152,5.46875,15
synthetic_03104,cluster_t4,53,54,53,54,1,0.25,7e-05,1,1,T4,3.152,5.46875,15
synthetic_03105,cluster_t4,64,65,64,65,1,0.25,7e-05,1,1,T4,11.4,47.0,15
synthetic_03106,cluster_g2,1,6,1,6,5,1.25,0.00035,1,1,,15.2,79.0,15
synthetic_03107,cluster_g2,31,32,31,32,1,0.25,0.00035,1,1,,3.152,5.46875,15
synthetic_03108,cluster_g2,64,65,64,65,1,0.25,0.00035,1,1,,11.908,46.0,15
synthetic_03109,cluster_t4,63,67,63,67,4,1.0,7e-05,1,1,,11.4,47.0,15
synthetic_03110,cluster_g3,2,3,2,3,1,0.25,0.00035,1,1,,11.4,47.0,15
synthetic_03111,cluster_v100m32,94,95,94,95,1,0.25,0.00025,1,1,,4.152,10.3515625,15
synthetic_03112,cluster_g3,30,31,30,31,1,0.25,0.00035,1,1,,3.152,5.46875,15
synthetic_03113,cluster_t4,57,59,57,59,2,0.5,7e-05,1,1,T4,11.908,46.0,15
synthetic_03114,cluster_t4,43,44,43,44,1,0.25,7e-05,1,1,T4,11.908,46.0,15
synthetic_03115,cluster_t4,60,63,60,63,3,0.75,7e-05,1,1,T4,11.908,46.0,15
synthetic_03116,cluster_v100m16,26,29,26,29,3,0.75,0.00025,1,1,,6.0,23.0,15
synthetic_03117,cluster_t4,64,65,64,65,1,0.25,7e-05,1,1,,4.0,14.900390625,15
synthetic_03118,cluster_v100m16,33,42,33,42,9,2.25,0.00025,1,1,,4.0,22.3515625,15
synthetic_03119,cluster_t4,45,47,45,47,2,0.5,7e-05,1,1,T4,11.3,48.0,15
synthetic_03120,cluster_t4,25,27,25,27,2,0.5,7e-05,1,1,,3.152,5.46875,15
synthetic_03121,cluster_p100,54,55,54,55,1,0.25,0.00025,1,1,P100,8.0,29.8017578125,15
synthetic_03122,cluster_v100m32,88,89,88,89,1,0.25,0.00025,1,1,,12.0,48.0,15
synthetic_03123,cluster_g2,13,14,13,14,1,0.25,0.0014,4,4,,32.2,129.0,15
synthetic_03124,cluster_p100,46,47,46,47,1,0.25,0.00025,1,1,,3.152,5.46875,15
synthetic_03125,cluster_v100m16,90,93,90,93,3,0.75,0.00025,1,1,,16.0,32.0,15
synthetic_03126,cluster_t4,74,75,74,75,1,0.25,7e-05,1,1,T4,11.908,46.0,15
synthetic_03127,cluster_v100m16,36,37,36,37,1,0.25,0.00025,1,1,,3.152,5.46875,15
synthetic_03128,cluster_g2,86,93,86,93,7,1.75,0.00035,1,1,,8.0,16.0,15
synthetic_03129,cluster_t4,21,22,21,22,1,0.25,7e-05,1,1,,11.3,48.0,15
synthetic_03130,cluster_g2,18,19,18,19,1,0.25,0.00035,1,1,,4.0,29.8017578125,15
synthetic_03131,cluster_g2,55,56,55,56,1,0.25,0.00035,1,1,,3.152,5.46875,15
synthetic_03132,cluster_p100,20,21,20,21,1,0.25,0.00025,1,1,,3.152,5.46875,15
synthetic_03133,cluster_p100,62,63,62,63,1,0.25,0.00025,1,1,,11.908,46.0,15
synthetic_03134,cluster_p100,19,23,19,23,4,1.0,0.00025,1,1,,11.3,48.0,15
synthetic_03135,cluster_t4,78,90,78,90,12,3.0,7e-05,1,1,T4,9.81,40.5859375,15
synthetic_03136,cluster_t4,42,43,42,43,1,0.25,7e-05,1,1,,4.0,14.900390625,15
synthetic_03137,cluster_v100m16,93,95,93,95,2,0.5,0.00025,1,1,,8.0,29.8017578125,15
synthetic_03138,cluster_t4,37,41,37,41,4,1.0,7e-05,1,1,,11.9,76.0,15
synthetic_03139,cluster_p100,66,70,66,70,4,1.0,0.00025,1,1,,6.0,16.0,15
synthetic_03140,cluster_g3,17,19,17,19,2,0.5,0.00035,1,1,,11.3,48.0,15
synthetic_03141,cluster_p100,12,14,12,14,2,0.5,0.00025,1,1,,16.4,123.0,15
synthetic_03142,cluster_p100,18,20,18,20,2,0.5,0.00025,1,1,,4.152,10.3515625,15
synthetic_03143,cluster_t4,29,31,29,31,2,0.5,7e-05,1,1,,11.3,48.0,15
synthetic_03144,cluster_v100m32,93,94,93,94,1,0.25,0.00025,1,1,,11.908,46.0,15
synthetic_03145,cluster_g2,40,43,40,43,3,0.75,0.0007,2,2,,30.2,157.0,15
synthetic_03146,cluster_t4,70,74,70,74,4,1.0,7e-05,1,1,,11.3,48.0,15
synthetic_03147,cluster_p100,19,20,19,20,1,0.25,0.00025,1,1,,11.3,48.0,15
synthetic_03148,cluster_g3,62,63,62,63,1,0.25,0.00035,1,1,,4.0,22.3515625,15
synthetic_03149,cluster_t4,16,17,16,17,1,0.25,7e-05,1,1,,3.152,5.46875,15
synthetic_03150,cluster_g2,13,19,13,19,6,1.5,0.00035,1,1,,11.4,47.0,15
synthetic_03151,cluster_g2,28,43,28,43,15,3.75,0.00035,1,1,,3.152,5.46875,15
synthetic_03152,cluster_t4,82,89,82,89,7,1.75,7e-05,1,1,T4,4.0,14.900390625,15
synthetic_03153,cluster_v100m16,27,28,27,28,1,0.25,0.00025,1,1,A10|G2|T4|V100M16|V100M32,14.2,57.0,15
synthetic_03154,cluster_v100m32,55,56,55,56,1,0.25,0.00025,1,1,,4.0,29.8017578125,15
synthetic_03155,cluster_v100m16,34,35,34,35,1,0.25,0.00025,1,1,,3.152,5.46875,15
synthetic_03156,cluster_v100m16,61,73,61,73,12,3.0,0.00025,1,1,,8.0,29.8017578125,15
synthetic_03157,cluster_v100m32,80,81,80,81,1,0.25,0.00025,1,1,,11.3,48.0,15
synthetic_03158,cluster_v100m32,43,44,43,44,1,0.25,0.00025,1,1,,15.7,57.0,15
synthetic_03159,cluster_p100,42,43,42,43,1,0.25,0.00025,1,1,,11.3,48.0,15
synthetic_03160,cluster_v100m16,80,86,80,86,6,1.5,0.00025,1,1,,3.152,5.46875,15
synthetic_03161,cluster_t4,5,6,5,6,1,0.25,7e-05,1,1,T4,3.152,5.46875,15
synthetic_03162,cluster_t4,21,23,21,23,2,0.5,7e-05,1,1,T4,11.3,48.0,15
synthetic_03163,cluster_g2,4,5,4,5,1,0.25,0.00035,1,1,,12.0,24.0,15
synthetic_03164,cluster_v100m32,26,27,26,27,1,0.25,0.00025,1,1,V100M16|V100M32,11.3,48.0,15
synthetic_03165,cluster_t4,51,52,51,52,1,0.25,7e-05,1,1,T4,18.708,63.0,15
synthetic_03166,cluster_v100m16,6,7,6,7,1,0.25,0.00025,1,1,P100|V100M16|V100M32,3.152,5.46875,15
synthetic_03167,cluster_p100,53,56,53,56,3,0.75,0.00025,1,1,,3.152,5.46875,15
synthetic_03168,cluster_g3,80,82,80,82,2,0.5,0.00035,1,1,,8.0,16.0,15
synthetic_03169,cluster_p100,10,11,10,11,1,0.25,0.00025,1,1,,3.152,5.46875,15
synthetic_03170,cluster_t4,18,19,18,19,1,0.25,7e-05,1,1,T4,3.152,5.46875,15
synthetic_03171,cluster_g3,5,8,5,8,3,0.75,0.00035,1,1,,11.9,76.0,15
synthetic_03172,cluster_v100m32,87,90,87,90,3,0.75,0.00025,1,1,,11.4,47.0,15
synthetic_03173,cluster_g2,76,83,76,83,7,1.75,0.00035,1,1,,12.0,15.0,15
synthetic_03174,cluster_v100m32,30,31,30,31,1,0.25,0.00025,1,1,,3.152,5.46875,15
synthetic_03175,cluster_p100,10,11,10,11,1,0.25,0.00025,1,1,,18.708,63.0,15
synthetic_03176,cluster_g3,73,74,73,74,1,0.25,0.00035,1,1,,3.152,5.46875,15
synthetic_03177,cluster_v100m32,19,20,19,20,1,0.25,0.00025,1,1,P100|V100M16|V100M32,11.3,48.0,15
synthetic_03178,cluster_t4,21,22,21,22,1,0.25,7e-05,1,1,,3.152,5.46875,15
synthetic_03179,cluster_v100m32,35,37,35,37,2,0.5,0.00025,1,1,V100M16|V100M32,11.3,48.0,15
synthetic_03180,cluster_g3,88,94,88,94,6,1.5,0.00035,1,1,,11.4,76.0,15
synthetic_03181,cluster_t4,35,36,35,36,1,0.25,7e-05,1,1,,18.708,63.0,15
synthetic_03182,cluster_g3,27,28,27,28,1,0.25,0.00035,1,1,,3.152,5.46875,15
synthetic_03183,cluster_t4,68,74,68,74,6,1.5,7e-05,1,1,T4,4.0,29.8017578125,15
synthetic_03184,cluster_v100m32,84,86,84,86,2,0.5,0.00025,1,1,,11.4,47.0,15
synthetic_03185,cluster_g2,63,66,63,66,3,0.75,0.00035,1,1,,4.0,30.517578125,15
synthetic_03186,cluster_p100,17,20,17,20,3,0.75,0.00025,1,1,P100,4.0,14.900390625,15
synthetic_03187,cluster_g2,29,31,29,31,2,0.5,0.00035,1,1,,11.4,47.0,15
synthetic_03188,cluster_g3,89,90,89,90,1,0.25,0.00035,1,1,,11.3,48.0,15
synthetic_03189,cluster_p100,10,11,10,11,1,0.25,0.00025,1,1,,3.152,5.46875,15
synthetic_03190,cluster_v100m16,21,29,21,29,8,2.0,0.00025,1,1,,11.3,48.0,15
synthetic_03191,cluster_p100,71,84,71,84,13,3.25,0.00025,1,1,,11.4,76.0,15
synthetic_03192,cluster_v100m32,5,6,5,6,1,0.25,0.00025,1,1,P100|V100M16|V100M32,3.152,5.46875,15
synthetic_03193,cluster_g3,70,71,70,71,1,0.25,0.00035,1,1,,11.3,48.0,15
synthetic_03194,cluster_v100m16,64,80,64,80,16,4.0,0.00025,1,1,V100M16|V100M32,12.0,24.0,15
synthetic_03195,cluster_v100m32,51,55,51,55,4,1.0,0.00025,1,1,,11.3,48.0,15
synthetic_03196,cluster_t4,92,94,92,94,2,0.5,7e-05,1,1,,11.908,46.0,15
synthetic_03197,cluster_v100m32,26,27,26,27,1,0.25,0.00025,1,1,,11.908,46.0,15
synthetic_03198,cluster_t4,30,31,30,31,1,0.25,7e-05,1,1,T4,3.152,5.46875,15
synthetic_03199,cluster_p100,21,22,21,22,1,0.25,0.00025,1,1,,3.152,5.46875,15
synthetic_03200,cluster_p100,11,14,11,14,3,0.75,0.00025,1,1,,8.0,29.8017578125,15
synthetic_03201,cluster_g3,26,27,26,27,1,0.25,0.00035,1,1,,11.4,47.0,15
synthetic_03202,cluster_g2,5,12,5,12,7,1.75,0.00035,1,1,G2,12.0,16.0,15
synthetic_03203,cluster_g3,59,60,59,60,1,0.25,0.00035,1,1,,18.708,63.0,15
synthetic_03204,cluster_v100m16,52,56,52,56,4,1.0,0.00025,1,1,,9.81,40.5859375,15
synthetic_03205,cluster_p100,14,15,14,15,1,0.25,0.00025,1,1,P100,3.152,5.46875,15
synthetic_03206,cluster_g2,60,61,60,61,1,0.25,0.00035,1,1,G2,11.4,47.0,15
synthetic_03207,cluster_g2,24,25,24,25,1,0.25,0.00035,1,1,,11.4,47.0,15
synthetic_03208,cluster_t4,59,67,59,67,8,2.0,7e-05,1,1,T4,1.0,2.0,15
synthetic_03209,cluster_g3,94,96,94,96,2,0.5,0.00035,1,1,,16.4,123.0,15
synthetic_03210,cluster_g3,71,73,71,73,2,0.5,0.00035,1,1,,16.0,64.0,15
synthetic_03211,cluster_v100m16,27,29,27,29,2,0.5,0.00025,1,1,,11.4,47.0,15
synthetic_03212,cluster_t4,82,83,82,83,1,0.25,7e-05,1,1,,11.908,46.0,15
synthetic_03213,cluster_p100,25,26,25,26,1,0.25,0.00025,1,1,,4.152,10.3515625,15
synthetic_03214,cluster_g2,0,2,0,2,2,0.5,0.00035,1,1,,11.908,46.0,15
synthetic_03215,cluster_p100,87,96,87,96,9,2.25,0.00025,1,1,,11.908,46.0,15
synthetic_03216,cluster_v100m32,3,6,3,6,3,0.75,0.00025,1,1,P100|V100M16|V100M32,14.2,57.0,15
synthetic_03217,cluster_t4,16,17,16,17,1,0.25,7e-05,1,1,,11.3,48.0,15
synthetic_03218,cluster_v100m32,46,47,46,47,1,0.25,0.00025,1,1,V100M16|V100M32,18.708,63.0,15
synthetic_03219,cluster_g2,29,30,29,30,1,0.25,0.00035,1,1,,1.0,2.0,15
synthetic_03220,cluster_p100,66,68,66,68,2,0.5,0.00025,1,1,,16.0,32.0,15
synthetic_03221,cluster_g3,19,21,19,21,2,0.5,0.00035,1,1,G3,11.3,48.0,15
synthetic_03222,cluster_g2,21,22,21,22,1,0.25,0.00035,1,1,,3.152,5.46875,15
synthetic_03223,cluster_g2,23,24,23,24,1,0.25,0.00035,1,1,,11.3,48.0,15
synthetic_03224,cluster_v100m32,66,67,66,67,1,0.25,0.00025,1,1,,11.3,48.0,15
synthetic_03225,cluster_v100m16,3,5,3,5,2,0.5,0.00025,1,1,,8.0,32.0,15
synthetic_03226,cluster_g2,16,18,16,18,2,0.5,0.00035,1,1,,3.152,5.46875,15
synthetic_03227,cluster_g3,60,62,60,62,2,0.5,0.00035,1,1,,11.3,48.0,15
synthetic_03228,cluster_p100,90,91,90,91,1,0.25,0.00025,1,1,,3.152,5.46875,15
synthetic_03229,cluster_v100m32,74,75,74,75,1,0.25,0.00025,1,1,,11.4,47.0,15
synthetic_03230,cluster_g2,1,2,1,2,1,0.25,0.00035,1,1,,8.0,29.8017578125,15
synthetic_03231,cluster_v100m16,46,47,46,47,1,0.25,0.00025,1,1,,16.0,32.0,15
synthetic_03232,cluster_g3,26,27,26,27,1,0.25,0.00035,1,1,,8.0,29.8017578125,15
synthetic_03233,cluster_p100,52,53,52,53,1,0.25,0.00025,1,1,,11.3,48.0,15
synthetic_03234,cluster_g3,16,17,16,17,1,0.25,0.00035,1,1,,8.0,29.8017578125,15
synthetic_03235,cluster_t4,31,32,31,32,1,0.25,7e-05,1,1,,3.152,5.46875,15
synthetic_03236,cluster_t4,49,53,49,53,4,1.0,7e-05,1,1,T4,8.0,32.0,15
synthetic_03237,cluster_v100m32,91,92,91,92,1,0.25,0.00025,1,1,,11.4,47.0,15
synthetic_03238,cluster_t4,15,16,15,16,1,0.25,7e-05,1,1,T4,4.152,10.3515625,15
synthetic_03239,cluster_t4,38,41,38,41,3,0.75,7e-05,1,1,T4,11.908,46.0,15
synthetic_03240,cluster_v100m32,63,64,63,64,1,0.25,0.00025,1,1,,11.3,48.0,15
synthetic_03241,cluster_t4,69,79,69,79,10,2.5,7e-05,1,1,,4.0,22.3515625,15
synthetic_03242,cluster_t4,67,68,67,68,1,0.25,7e-05,1,1,,3.152,5.46875,15
synthetic_03243,cluster_g3,33,34,33,34,1,0.25,0.00035,1,1,,18.708,63.0,15
synthetic_03244,cluster_v100m32,29,31,29,31,2,0.5,0.00025,1,1,,3.152,5.46875,15
synthetic_03245,cluster_p100,37,38,37,38,1,0.25,0.00025,1,1,,11.3,48.0,15
synthetic_03246,cluster_v100m32,71,72,71,72,1,0.25,0.00025,1,1,,8.0,29.8017578125,15
synthetic_03247,cluster_v100m16,1,2,1,2,1,0.25,0.00025,1,1,V100M16|V100M32,11.3,48.0,15
synthetic_03248,cluster_v100m32,21,22,21,22,1,0.25,0.00025,1,1,,3.152,5.46875,15
synthetic_03249,cluster_v100m16,22,24,22,24,2,0.5,0.00025,1,1,V100M16|V100M32,15.7,57.0,15
synthetic_03250,cluster_v100m16,9,15,9,15,6,1.5,0.00025,1,1,,11.908,46.0,15
synthetic_03251,cluster_t4,15,17,15,17,2,0.5,7e-05,1,1,,11.3,48.0,15
synthetic_03252,cluster_v100m32,49,51,49,51,2,0.5,0.00025,1,1,V100M16|V100M32,6.0,32.0,15
synthetic_03253,cluster_t4,45,47,45,47,2,0.5,7e-05,1,1,T4,8.0,16.0,15
synthetic_03254,cluster_g2,3,5,3,5,2,0.5,0.00035,1,1,,8.0,16.0,15
synthetic_03255,cluster_g3,92,96,92,96,4,1.0,0.00035,1,1,,3.152,5.46875,15
synthetic_03256,cluster_t4,21,22,21,22,1,0.25,7e-05,1,1,T4,11.4,47.0,15
synthetic_03257,cluster_p100,19,21,19,21,2,0.5,0.00025,1,1,P100,4.152,10.3515625,15
synthetic_03258,cluster_t4,5,6,5,6,1,0.25,7e-05,1,1,T4,11.3,48.0,15
synthetic_03259,cluster_v100m32,13,15,13,15,2,0.5,0.00025,1,1,,11.3,48.0,15
synthetic_03260,cluster_v100m32,72,73,72,73,1,0.25,0.00025,1,1,,11.3,48.0,15
synthetic_03261,cluster_t4,60,61,60,61,1,0.25,7e-05,1,1,T4,3.152,5.46875,15
synthetic_03262,cluster_t4,60,73,60,73,13,3.25,7e-05,1,1,T4,9.81,40.5859375,15
synthetic_03263,cluster_g3,34,36,34,36,2,0.5,0.00035,1,1,,6.0,6.0,15
synthetic_03264,cluster_g2,67,69,67,69,2,0.5,0.00035,1,1,,4.0,14.900390625,15
synthetic_03265,cluster_t4,45,52,45,52,7,1.75,7e-05,1,1,T4,9.81,40.5859375,15
synthetic_03266,cluster_p100,49,50,49,50,1,0.25,0.00025,1,1,P100,4.0,22.3515625,15
synthetic_03267,cluster_p100,1,2,1,2,1,0.25,0.00025,1,1,,3.152,5.46875,15
synthetic_03268,cluster_g2,68,69,68,69,1,0.25,0.00035,1,1,,11.3,48.0,15
synthetic_03269,cluster_v100m16,50,51,50,51,1,0.25,0.00025,1,1,,11.3,48.0,15
synthetic_03270,cluster_t4,77,78,77,78,1,0.25,7e-05,1,1,T4,4.0,14.900390625,15
synthetic_03271,cluster_g3,9,14,9,14,5,1.25,0.00035,1,1,,3.152,5.46875,15
synthetic_03272,cluster_v100m32,82,90,82,90,8,2.0,0.00025,1,1,,24.2,91.0,15
synthetic_03273,cluster_t4,2,5,2,5,3,0.75,7e-05,1,1,T4,11.9,76.0,15
synthetic_03274,cluster_g3,6,8,6,8,2,0.5,0.00035,1,1,,16.0,32.0,15
synthetic_03275,cluster_t4,26,27,26,27,1,0.25,7e-05,1,1,T4,8.0,29.8017578125,15
synthetic_03276,cluster_p100,77,82,77,82,5,1.25,0.00025,1,1,,11.908,46.0,15
synthetic_03277,cluster_p100,84,85,84,85,1,0.25,0.00025,1,1,,3.152,5.46875,15
synthetic_03278,cluster_g3,4,6,4,6,2,0.5,0.00035,1,1,,12.0,16.0,15
synthetic_03279,cluster_p100,8,9,8,9,1,0.25,0.00025,1,1,P100,11.908,46.0,15
synthetic_03280,cluster_t4,50,51,50,51,1,0.25,7e-05,1,1,T4,3.152,5.46875,15
synthetic_03281,cluster_t4,41,42,41,42,1,0.25,7e-05,1,1,T4,8.0,29.8017578125,15
synthetic_03282,cluster_g2,69,70,69,70,1,0.25,0.00035,1,1,G2,11.3,48.0,15
synthetic_03283,cluster_t4,78,79,78,79,1,0.25,7e-05,1,1,T4,11.908,46.0,15
synthetic_03284,cluster_t4,7,8,7,8,1,0.25,7e-05,1,1,,11.908,46.0,15
synthetic_03285,cluster_v100m16,56,57,56,57,1,0.25,0.00025,1,1,,6.0,6.0,15
synthetic_03286,cluster_v100m16,1,6,1,6,5,1.25,0.00025,1,1,,11.908,46.0,15
synthetic_03287,cluster_g3,64,65,64,65,1,0.25,0.00035,1,1,,3.152,5.46875,15
synthetic_03288,cluster_g2,81,83,81,83,2,0.5,0.00035,1,1,,11.908,46.0,15
synthetic_03289,cluster_t4,59,60,59,60,1,0.25,7e-05,1,1,T4,9.81,40.5859375,15
synthetic_03290,cluster_t4,2,3,2,3,1,0.25,7e-05,1,1,,11.908,46.0,15
synthetic_03291,cluster_p100,40,41,40,41,1,0.25,0.00025,1,1,,3.152,5.46875,15
synthetic_03292,cluster_v100m16,40,42,40,42,2,0.5,0.00025,1,1,,11.3,48.0,15
synthetic_03293,cluster_p100,79,80,79,80,1,0.25,0.00025,1,1,,3.152,5.46875,15
synthetic_03294,cluster_t4,11,12,11,12,1,0.25,7e-05,1,1,T4,11.3,48.0,15
synthetic_03295,cluster_v100m32,22,23,22,23,1,0.25,0.00025,1,1,,3.152,5.46875,15
synthetic_03296,cluster_t4,24,25,24,25,1,0.25,7e-05,1,1,T4,11.3,48.0,15
synthetic_03297,cluster_p100,0,1,0,1,1,0.25,0.00025,1,1,,18.708,63.0,15
synthetic_03298,cluster_p100,31,32,31,32,1,0.25,0.00025,1,1,,11.3,48.0,15
synthetic_03299,cluster_g2,22,24,22,24,2,0.5,0.00035,1,1,,11.3,48.0,15
synthetic_03300,cluster_g3,57,59,57,59,2,0.5,0.00035,1,1,,24.2,91.0,15
synthetic_03301,cluster_v100m32,17,18,17,18,1,0.25,0.00025,1,1,,3.152,5.46875,15
synthetic_03302,cluster_t4,82,84,82,84,2,0.5,7e-05,1,1,,12.0,16.0,15
synthetic_03303,cluster_g3,6,7,6,7,1,0.25,0.00035,1,1,,3.152,5.46875,15
synthetic_03304,cluster_t4,46,47,46,47,1,0.25,7e-05,1,1,,12.0,16.0,15
synthetic_03305,cluster_g2,89,95,89,95,6,1.5,0.00035,1,1,G2,12.0,24.0,15
synthetic_03306,cluster_p100,93,94,93,94,1,0.25,0.00025,1,1,,3.152,5.46875,15
synthetic_03307,cluster_p100,18,20,18,20,2,0.5,0.00025,1,1,,11.908,46.0,15
synthetic_03308,cluster_t4,42,44,42,44,2,0.5,7e-05,1,1,T4,18.708,63.0,15
synthetic_03309,cluster_g2,85,86,85,86,1,0.25,0.00035,1,1,,11.3,48.0,15
synthetic_03310,cluster_p100,9,10,9,10,1,0.25,0.00025,1,1,,11.3,48.0,15
synthetic_03311,cluster_p100,93,94,93,94,1,0.25,0.00025,1,1,,24.2,91.0,15
synthetic_03312,cluster_t4,78,79,78,79,1,0.25,7e-05,1,1,,11.908,46.0,15
synthetic_03313,cluster_p100,68,69,68,69,1,0.25,0.00025,1,1,,3.152,5.46875,15
synthetic_03314,cluster_g2,9,25,9,25,16,4.0,0.00035,1,1,,3.152,5.46875,15
synthetic_03315,cluster_p100,86,87,86,87,1,0.25,0.00025,1,1,,3.152,5.46875,15
synthetic_03316,cluster_v100m16,70,76,70,76,6,1.5,0.00025,1,1,,11.4,47.0,15
synthetic_03317,cluster_t4,64,67,64,67,3,0.75,7e-05,1,1,,15.7,57.0,15
synthetic_03318,cluster_g2,11,12,11,12,1,0.25,0.00035,1,1,,8.0,29.8017578125,15
synthetic_03319,cluster_g2,21,22,21,22,1,0.25,0.00035,1,1,,9.81,40.5859375,15
synthetic_03320,cluster_g2,87,89,87,89,2,0.5,0.00035,1,1,,11.4,47.0,15
synthetic_03321,cluster_t4,44,46,44,46,2,0.5,7e-05,1,1,T4,3.152,5.46875,15
synthetic_03322,cluster_t4,12,14,12,14,2,0.5,7e-05,1,1,,11.4,47.0,15
synthetic_03323,cluster_v100m16,6,8,6,8,2,0.5,0.00025,1,1,A10|G2|T4|V100M16|V100M32,8.0,32.0,15
synthetic_03324,cluster_t4,13,15,13,15,2,0.5,7e-05,1,1,T4,4.152,10.3515625,15
synthetic_03325,cluster_v100m16,82,83,82,83,1,0.25,0.00025,1,1,V100M16|V100M32,3.152,5.46875,15
synthetic_03326,cluster_p100,79,87,79,87,8,2.0,0.00025,1,1,,3.152,5.46875,15
synthetic_03327,cluster_p100,41,42,41,42,1,0.25,0.00025,1,1,,3.152,5.46875,15
synthetic_03328,cluster_g2,37,46,37,46,9,2.25,0.00035,1,1,,12.0,24.0,15
synthetic_03329,cluster_g3,92,94,92,94,2,0.5,0.00035,1,1,,9.81,40.5859375,15
synthetic_03330,cluster_g2,49,50,49,50,1,0.25,0.00035,1,1,,12.0,48.0,15
synthetic_03331,cluster_p100,50,51,50,51,1,0.25,0.00025,1,1,,11.3,48.0,15
synthetic_03332,cluster_t4,88,91,88,91,3,0.75,7e-05,1,1,,9.81,40.5859375,15
synthetic_03333,cluster_g2,72,74,72,74,2,0.5,0.00035,1,1,,11.908,46.0,15
synthetic_03334,cluster_g2,91,92,91,92,1,0.25,0.00035,1,1,,3.152,5.46875,15
synthetic_03335,cluster_v100m16,7,10,7,10,3,0.75,0.00025,1,1,,11.9,76.0,15
synthetic_03336,cluster_v100m32,90,91,90,91,1,0.25,0.00025,1,1,V100M16|V100M32,11.908,46.0,15
synthetic_03337,cluster_t4,20,21,20,21,1,0.25,7e-05,1,1,,11.908,46.0,15
synthetic_03338,cluster_v100m32,2,7,2,7,5,1.25,0.00025,1,1,,4.0,24.0,15
synthetic_03339,cluster_g2,82,83,82,83,1,0.25,0.00035,1,1,,16.0,64.0,15
synthetic_03340,cluster_v100m32,4,5,4,5,1,0.25,0.002,8,8,,64.2,257.0,15
synthetic_03341,cluster_t4,53,58,53,58,5,1.25,7e-05,1,1,T4,15.2,79.0,15
synthetic_03342,cluster_v100m16,48,51,48,51,3,0.75,0.00025,1,1,,11.908,46.0,15
synthetic_03343,cluster_t4,66,67,66,67,1,0.25,7e-05,1,1,T4,4.152,10.3515625,15
synthetic_03344,cluster_g2,61,68,61,68,7,1.75,0.00035,1,1,,11.908,46.0,15
synthetic_03345,cluster_g3,86,87,86,87,1,0.25,0.00035,1,1,G3,24.2,91.0,15
synthetic_03346,cluster_v100m32,62,67,62,67,5,1.25,0.00025,1,1,V100M16|V100M32,4.0,24.0,15
synthetic_03347,cluster_t4,91,92,91,92,1,0.25,7e-05,1,1,T4,11.4,47.0,15
synthetic_03348,cluster_p100,70,71,70,71,1,0.25,0.00025,1,1,,4.0,29.8017578125,15
synthetic_03349,cluster_t4,44,45,44,45,1,0.25,7e-05,1,1,,11.4,47.0,15
synthetic_03350,cluster_g2,23,24,23,24,1,0.25,0.00035,1,1,,11.4,47.0,15
synthetic_03351,cluster_v100m16,8,10,8,10,2,0.5,0.00025,1,1,,11.4,47.0,15
synthetic_03352,cluster_v100m32,34,35,34,35,1,0.25,0.00025,1,1,,3.152,5.46875,15
synthetic_03353,cluster_g2,95,96,95,96,1,0.25,0.0014,4,4,G2,32.2,129.0,15
synthetic_03354,cluster_v100m16,48,51,48,51,3,0.75,0.00025,1,1,,4.0,22.3515625,15
synthetic_03355,cluster_g3,47,51,47,51,4,1.0,0.00035,1,1,,11.3,37.0,15
synthetic_03356,cluster_v100m16,26,27,26,27,1,0.25,0.00025,1,1,,11.3,48.0,15
synthetic_03357,cluster_g3,35,36,35,36,1,0.25,0.00035,1,1,,15.7,57.0,15
synthetic_03358,cluster_p100,25,26,25,26,1,0.25,0.00025,1,1,,11.908,46.0,15
synthetic_03359,cluster_t4,32,35,32,35,3,0.75,7e-05,1,1,,11.3,48.0,15
synthetic_03360,cluster_t4,50,51,50,51,1,0.25,7e-05,1,1,,3.152,5.46875,15
synthetic_03361,cluster_v100m32,75,76,75,76,1,0.25,0.00025,1,1,P100|T4|V100M16|V100M32,18.708,63.0,15
synthetic_03362,cluster_t4,31,32,31,32,1,0.25,7e-05,1,1,T4,3.152,5.46875,15
synthetic_03363,cluster_g3,90,92,90,92,2,0.5,0.00035,1,1,,11.908,46.0,15
synthetic_03364,cluster_p100,15,17,15,17,2,0.5,0.00025,1,1,P100|V100M16|V100M32,12.0,32.0,15
synthetic_03365,cluster_g2,79,80,79,80,1,0.25,0.00035,1,1,A10|G2|T4|V100M16|V100M32,11.3,48.0,15
synthetic_03366,cluster_g3,16,20,16,20,4,1.0,0.00035,1,1,,3.152,5.46875,15
synthetic_03367,cluster_v100m16,49,53,49,53,4,1.0,0.00025,1,1,,8.0,29.8017578125,15
synthetic_03368,cluster_t4,77,78,77,78,1,0.25,7e-05,1,1,T4,11.908,46.0,15
synthetic_03369,cluster_v100m16,82,83,82,83,1,0.25,0.00025,1,1,,4.152,10.3515625,15
synthetic_03370,cluster_t4,59,61,59,61,2,0.5,7e-05,1,1,T4,16.0,32.0,15
synthetic_03371,cluster_v100m16,13,27,13,27,14,3.5,0.00025,1,1,,11.908,46.0,15
synthetic_03372,cluster_g2,81,88,81,88,7,1.75,0.00035,1,1,G2,12.0,16.0,15
synthetic_03373,cluster_v100m16,91,93,91,93,2,0.5,0.00025,1,1,,8.0,29.8017578125,15
synthetic_03374,cluster_t4,60,61,60,61,1,0.25,7e-05,1,1,T4,3.152,5.46875,15
synthetic_03375,cluster_g2,6,7,6,7,1,0.25,0.00035,1,1,,3.152,5.46875,15
synthetic_03376,cluster_g2,23,24,23,24,1,0.25,0.00035,1,1,G2,11.3,48.0,15
synthetic_03377,cluster_v100m16,44,45,44,45,1,0.25,0.00025,1,1,,3.152,5.46875,15
synthetic_03378,cluster_t4,6,7,6,7,1,0.25,7e-05,1,1,T4,3.152,5.46875,15
synthetic_03379,cluster_g2,79,84,79,84,5,1.25,0.00035,1,1,,11.4,47.0,15
synthetic_03380,cluster_p100,63,64,63,64,1,0.25,0.00025,1,1,,11.908,46.0,15
synthetic_03381,cluster_t4,40,41,40,41,1,0.25,7e-05,1,1,T4,6.0,12.0,15
synthetic_03382,cluster_g3,92,93,92,93,1,0.25,0.00035,1,1,,4.152,10.3515625,15
synthetic_03383,cluster_a10,17,18,17,18,1,0.25,0.00015,1,1,,11.3,48.0,15
synthetic_03384,cluster_t4,32,33,32,33,1,0.25,7e-05,1,1,T4,4.0,14.900390625,15
synthetic_03385,cluster_g2,64,65,64,65,1,0.25,0.00035,1,1,,3.152,5.46875,15
synthetic_03386,cluster_g2,45,46,45,46,1,0.25,0.00035,1,1,,3.152,5.46875,15
synthetic_03387,cluster_p100,8,9,8,9,1,0.25,0.00025,1,1,,11.4,47.0,15
synthetic_03388,cluster_v100m32,56,58,56,58,2,0.5,0.00025,1,1,,6.0,22.3515625,15
synthetic_03389,cluster_p100,64,65,64,65,1,0.25,0.00025,1,1,,3.152,5.46875,15
synthetic_03390,cluster_t4,16,18,16,18,2,0.5,7e-05,1,1,T4,3.152,5.46875,15
synthetic_03391,cluster_p100,88,93,88,93,5,1.25,0.00025,1,1,P100,4.0,29.8017578125,15
synthetic_03392,cluster_t4,21,22,21,22,1,0.25,7e-05,1,1,T4,3.152,5.46875,15
synthetic_03393,cluster_p100,51,53,51,53,2,0.5,0.00025,1,1,,11.3,48.0,15
synthetic_03394,cluster_t4,2,3,2,3,1,0.25,7e-05,1,1,,18.708,63.0,15
synthetic_03395,cluster_g2,78,81,78,81,3,0.75,0.00035,1,1,G2,24.2,91.0,15
synthetic_03396,cluster_p100,60,61,60,61,1,0.25,0.00025,1,1,,11.4,47.0,15
synthetic_03397,cluster_g2,36,37,36,37,1,0.25,0.00035,1,1,,9.81,40.5859375,15
synthetic_03398,cluster_t4,53,54,53,54,1,0.25,7e-05,1,1,T4,9.81,40.5859375,15
synthetic_03399,cluster_g2,59,64,59,64,5,1.25,0.00035,1,1,,4.0,24.0,15
synthetic_03400,cluster_p100,32,33,32,33,1,0.25,0.00025,1,1,,3.152,5.46875,15
synthetic_03401,cluster_t4,95,96,95,96,1,0.25,7e-05,1,1,,3.152,5.46875,15
synthetic_03402,cluster_p100,79,94,79,94,15,3.75,0.00025,1,1,,12.0,15.0,15
synthetic_03403,cluster_g2,39,40,39,40,1,0.25,0.00035,1,1,G2,11.3,48.0,15
synthetic_03404,cluster_p100,57,59,57,59,2,0.5,0.00025,1,1,P100|V100M16|V100M32,12.0,32.0,15
synthetic_03405,cluster_v100m16,11,12,11,12,1,0.25,0.00025,1,1,,3.152,5.46875,15
synthetic_03406,cluster_v100m32,95,96,95,96,1,0.25,0.00025,1,1,,11.3,48.0,15
synthetic_03407,cluster_v100m32,14,16,14,16,2,0.5,0.00025,1,1,P100|V100M16|V100M32,11.4,76.0,15
synthetic_03408,cluster_g2,36,37,36,37,1,0.25,0.00035,1,1,,3.152,5.46875,15
synthetic_03409,cluster_v100m16,90,93,90,93,3,0.75,0.00025,1,1,,12.0,24.0,15
synthetic_03410,cluster_g3,68,73,68,73,5,1.25,0.00035,1,1,,11.4,47.0,15
synthetic_03411,cluster_g2,38,39,38,39,1,0.25,0.00035,1,1,,18.708,63.0,15
synthetic_03412,cluster_p100,1,5,1,5,4,1.0,0.00025,1,1,,11.4,47.0,15
synthetic_03413,cluster_t4,56,60,56,60,4,1.0,7e-05,1,1,T4,14.2,57.0,15
synthetic_03414,cluster_v100m32,69,70,69,70,1,0.25,0.00025,1,1,,3.152,5.46875,15
synthetic_03415,cluster_g2,79,81,79,81,2,0.5,0.00035,1,1,G2,24.2,91.0,15
synthetic_03416,cluster_t4,75,76,75,76,1,0.25,7e-05,1,1,,4.0,24.0,15
synthetic_03417,cluster_t4,64,65,64,65,1,0.25,7e-05,1,1,,3.152,5.46875,15
synthetic_03418,cluster_t4,47,49,47,49,2,0.5,7e-05,1,1,T4,3.152,5.46875,15
synthetic_03419,cluster_g2,41,56,41,56,15,3.75,0.00035,1,1,,12.0,15.0,15
synthetic_03420,cluster_v100m16,35,36,35,36,1,0.25,0.00025,1,1,,3.152,5.46875,15
synthetic_03421,cluster_g2,46,47,46,47,1,0.25,0.00035,1,1,,3.152,5.46875,15
synthetic_03422,cluster_v100m16,73,75,73,75,2,0.5,0.00025,1,1,,16.0,32.0,15
synthetic_03423,cluster_t4,3,5,3,5,2,0.5,7e-05,1,1,T4,3.152,5.46875,15
synthetic_03424,cluster_t4,77,81,77,81,4,1.0,7e-05,1,1,T4,11.4,47.0,15
synthetic_03425,cluster_t4,61,62,61,62,1,0.25,7e-05,1,1,T4,3.152,5.46875,15
synthetic_03426,cluster_p100,62,65,62,65,3,0.75,0.00025,1,1,,16.0,32.0,15
synthetic_03427,cluster_p100,95,96,95,96,1,0.25,0.00025,1,1,,3.152,5.46875,15
synthetic_03428,cluster_g3,54,56,54,56,2,0.5,0.00035,1,1,,3.152,5.46875,15
synthetic_03429,cluster_g3,65,67,65,67,2,0.5,0.00035,1,1,,11.4,47.0,15
synthetic_03430,cluster_v100m16,80,81,80,81,1,0.25,0.00025,1,1,,4.152,10.3515625,15
synthetic_03431,cluster_t4,93,94,93,94,1,0.25,7e-05,1,1,T4,3.152,5.46875,15
synthetic_03432,cluster_g2,73,74,73,74,1,0.25,0.00035,1,1,,3.152,5.46875,15
synthetic_03433,cluster_v100m32,47,48,47,48,1,0.25,0.00025,1,1,,11.3,48.0,15
synthetic_03434,cluster_v100m32,76,77,76,77,1,0.25,0.00025,1,1,,18.708,63.0,15
synthetic_03435,cluster_t4,88,89,88,89,1,0.25,7e-05,1,1,T4,12.0,24.0,15
synthetic_03436,cluster_p100,55,57,55,57,2,0.5,0.00025,1,1,,11.4,47.0,15
synthetic_03437,cluster_g3,61,64,61,64,3,0.75,0.00035,1,1,,12.0,24.0,15
synthetic_03438,cluster_t4,1,6,1,6,5,1.25,7e-05,1,1,,4.0,14.900390625,15
synthetic_03439,cluster_t4,92,93,92,93,1,0.25,7e-05,1,1,,3.152,5.46875,15
synthetic_03440,cluster_p100,93,94,93,94,1,0.25,0.00025,1,1,,8.0,29.8017578125,15
synthetic_03441,cluster_g2,37,38,37,38,1,0.25,0.00035,1,1,,3.152,5.46875,15
synthetic_03442,cluster_p100,74,79,74,79,5,1.25,0.00025,1,1,P100,4.0,29.8017578125,15
synthetic_03443,cluster_v100m32,33,34,33,34,1,0.25,0.00025,1,1,,3.152,5.46875,15
synthetic_03444,cluster_t4,85,86,85,86,1,0.25,7e-05,1,1,T4,3.152,5.46875,15
synthetic_03445,cluster_g2,37,43,37,43,6,1.5,0.00035,1,1,,4.0,24.0,15
synthetic_03446,cluster_v100m16,79,80,79,80,1,0.25,0.00025,1,1,,11.908,46.0,15
synthetic_03447,cluster_p100,24,28,24,28,4,1.0,0.00025,1,1,,3.152,5.46875,15
synthetic_03448,cluster_t4,26,27,26,27,1,0.25,7e-05,1,1,T4,9.81,40.5859375,15
synthetic_03449,cluster_v100m32,30,31,30,31,1,0.25,0.00025,1,1,,11.4,47.0,15
synthetic_03450,cluster_g3,66,74,66,74,8,2.0,0.00035,1,1,,12.0,24.0,15
synthetic_03451,cluster_p100,9,10,9,10,1,0.25,0.00025,1,1,P100,8.0,29.8017578125,15
synthetic_03452,cluster_t4,46,49,46,49,3,0.75,7e-05,1,1,,11.4,47.0,15
synthetic_03453,cluster_p100,4,7,4,7,3,0.75,0.00025,1,1,P100|V100M16|V100M32,11.4,76.0,15
synthetic_03454,cluster_v100m32,71,72,71,72,1,0.25,0.00025,1,1,,11.908,46.0,15
synthetic_03455,cluster_p100,55,56,55,56,1,0.25,0.00025,1,1,,3.152,5.46875,15
synthetic_03456,cluster_v100m32,47,48,47,48,1,0.25,0.00025,1,1,,11.3,48.0,15
synthetic_03457,cluster_t4,85,87,85,87,2,0.5,7e-05,1,1,T4,11.4,47.0,15
synthetic_03458,cluster_t4,20,21,20,21,1,0.25,7e-05,1,1,,4.152,10.3515625,15
synthetic_03459,cluster_g2,63,66,63,66,3,0.75,0.00035,1,1,G2,15.7,57.0,15
synthetic_03460,cluster_v100m32,13,14,13,14,1,0.25,0.00025,1,1,,11.3,48.0,15
synthetic_03461,cluster_g2,51,65,51,65,14,3.5,0.00035,1,1,G2,9.81,40.5859375,15
synthetic_03462,cluster_p100,54,55,54,55,1,0.25,0.00025,1,1,,24.2,91.0,15
synthetic_03463,cluster_t4,14,15,14,15,1,0.25,7e-05,1,1,,3.152,5.46875,15
synthetic_03464,cluster_g3,59,63,59,63,4,1.0,0.00035,1,1,,11.4,47.0,15
synthetic_03465,cluster_t4,55,56,55,56,1,0.25,7e-05,1,1,T4,3.152,5.46875,15
synthetic_03466,cluster_g3,49,51,49,51,2,0.5,0.00035,1,1,,8.0,29.8017578125,15
synthetic_03467,cluster_g3,68,69,68,69,1,0.25,0.00035,1,1,,3.152,5.46875,15
synthetic_03468,cluster_g2,93,96,93,96,3,0.75,0.00035,1,1,,11.908,46.0,15
synthetic_03469,cluster_g3,44,45,44,45,1,0.25,0.00035,1,1,,11.3,48.0,15
synthetic_03470,cluster_g3,27,37,27,37,10,2.5,0.00035,1,1,,8.0,29.8017578125,15
synthetic_03471,cluster_t4,60,61,60,61,1,0.25,0.00028,4,4,,60.2,313.0,15
synthetic_03472,cluster_g2,17,18,17,18,1,0.25,0.00035,1,1,,11.3,48.0,15
synthetic_03473,cluster_g2,15,16,15,16,1,0.25,0.00035,1,1,,18.708,63.0,15
synthetic_03474,cluster_g2,62,67,62,67,5,1.25,0.00035,1,1,,11.4,47.0,15
synthetic_03475,cluster_t4,80,93,80,93,13,3.25,7e-05,1,1,T4,14.2,57.0,15
synthetic_03476,cluster_v100m32,9,10,9,10,1,0.25,0.00025,1,1,,11.3,48.0,15
synthetic_03477,cluster_g2,1,2,1,2,1,0.25,0.00035,1,1,,4.0,29.8017578125,15
synthetic_03478,cluster_t4,91,92,91,92,1,0.25,7e-05,1,1,T4,11.3,48.0,15
synthetic_03479,cluster_t4,81,85,81,85,4,1.0,7e-05,1,1,,11.4,47.0,15
synthetic_03480,cluster_t4,79,86,79,86,7,1.75,7e-05,1,1,,9.81,40.5859375,15
synthetic_03481,cluster_v100m32,59,60,59,60,1,0.25,0.00025,1,1,,3.152,5.46875,15
synthetic_03482,cluster_v100m32,12,17,12,17,5,1.25,0.00025,1,1,,9.81,40.5859375,15
synthetic_03483,cluster_g2,39,40,39,40,1,0.25,0.00035,1,1,,11.3,48.0,15
synthetic_03484,cluster_g2,60,62,60,62,2,0.5,0.00035,1,1,,8.0,16.0,15
synthetic_03485,cluster_t4,51,52,51,52,1,0.25,7e-05,1,1,T4,3.152,5.46875,15
synthetic_03486,cluster_g2,6,7,6,7,1,0.25,0.00035,1,1,,3.152,5.46875,15
synthetic_03487,cluster_g2,46,47,46,47,1,0.25,0.00035,1,1,G2,11.9,76.0,15
synthetic_03488,cluster_p100,8,10,8,10,2,0.5,0.00025,1,1,,11.908,46.0,15
synthetic_03489,cluster_v100m16,0,2,0,2,2,0.5,0.00025,1,1,,11.908,46.0,15
synthetic_03490,cluster_g2,55,57,55,57,2,0.5,0.00035,1,1,,3.152,5.46875,15
synthetic_03491,cluster_g2,49,51,49,51,2,0.5,0.00035,1,1,,4.0,22.3515625,15
synthetic_03492,cluster_a10,60,61,60,61,1,0.25,0.00015,1,1,,15.7,57.0,15
synthetic_03493,cluster_v100m16,45,50,45,50,5,1.25,0.00025,1,1,,15.2,79.0,15
synthetic_03494,cluster_g2,39,40,39,40,1,0.25,0.00035,1,1,,3.152,5.46875,15
synthetic_03495,cluster_p100,25,26,25,26,1,0.25,0.00025,1,1,P100,3.152,5.46875,15
synthetic_03496,cluster_g2,64,68,64,68,4,1.0,0.00035,1,1,,9.81,40.5859375,15
synthetic_03497,cluster_v100m16,57,58,57,58,1,0.25,0.00025,1,1,,3.152,5.46875,15
synthetic_03498,cluster_v100m16,15,26,15,26,11,2.75,0.00025,1,1,,4.0,22.3515625,15
synthetic_03499,cluster_t4,35,36,35,36,1,0.25,7e-05,1,1,,11.3,48.0,15
synthetic_03500,cluster_g3,26,27,26,27,1,0.25,0.00035,1,1,,9.81,40.5859375,15
synthetic_03501,cluster_p100,84,85,84,85,1,0.25,0.00025,1,1,,18.708,63.0,15
synthetic_03502,cluster_v100m32,47,50,47,50,3,0.75,0.00025,1,1,,15.7,57.0,15
synthetic_03503,cluster_t4,61,62,61,62,1,0.25,7e-05,1,1,T4,11.908,46.0,15
synthetic_03504,cluster_p100,72,74,72,74,2,0.5,0.00025,1,1,,6.0,18.0,15
synthetic_03505,cluster_t4,12,25,12,25,13,3.25,7e-05,1,1,T4,12.0,15.0,15
synthetic_03506,cluster_v100m16,36,37,36,37,1,0.25,0.00025,1,1,,8.0,16.0,15
synthetic_03507,cluster_t4,19,20,19,20,1,0.25,7e-05,1,1,T4,24.2,91.0,15
synthetic_03508,cluster_t4,62,64,62,64,2,0.5,7e-05,1,1,,3.152,5.46875,15
synthetic_03509,cluster_p100,58,65,58,65,7,1.75,0.00025,1,1,,3.152,5.46875,15
synthetic_03510,cluster_p100,86,87,86,87,1,0.25,0.00025,1,1,,11.4,47.0,15
synthetic_03511,cluster_t4,37,38,37,38,1,0.25,7e-05,1,1,,3.152,5.46875,15
synthetic_03512,cluster_t4,73,74,73,74,1,0.25,7e-05,1,1,,3.152,5.46875,15
synthetic_03513,cluster_v100m16,70,73,70,73,3,0.75,0.00025,1,1,,11.908,46.0,15
synthetic_03514,cluster_g2,78,79,78,79,1,0.25,0.00035,1,1,G2,11.4,47.0,15
synthetic_03515,cluster_v100m16,59,60,59,60,1,0.25,0.00025,1,1,,11.3,48.0,15
synthetic_03516,cluster_t4,30,31,30,31,1,0.25,7e-05,1,1,T4,3.152,5.46875,15
synthetic_03517,cluster_v100m16,62,78,62,78,16,4.0,0.00025,1,1,,4.0,14.900390625,15
synthetic_03518,cluster_v100m16,45,58,45,58,13,3.25,0.00025,1,1,P100|V100M16|V100M32,18.708,63.0,15
synthetic_03519,cluster_v100m16,30,31,30,31,1,0.25,0.00025,1,1,,9.81,40.5859375,15
synthetic_03520,cluster_g2,9,10,9,10,1,0.25,0.00035,1,1,G2,3.152,5.46875,15
synthetic_03521,cluster_g2,27,28,27,28,1,0.25,0.00035,1,1,,4.152,10.3515625,15
synthetic_03522,cluster_v100m16,81,85,81,85,4,1.0,0.00025,1,1,P100|V100M16|V100M32,11.9,76.0,15
synthetic_03523,cluster_t4,66,68,66,68,2,0.5,7e-05,1,1,,16.0,64.0,15
synthetic_03524,cluster_t4,48,50,48,50,2,0.5,7e-05,1,1,T4,4.0,29.8017578125,15
synthetic_03525,cluster_g3,16,17,16,17,1,0.25,0.00035,1,1,,11.4,47.0,15
synthetic_03526,cluster_g3,13,14,13,14,1,0.25,0.00035,1,1,,3.152,5.46875,15
synthetic_03527,cluster_v100m16,22,23,22,23,1,0.25,0.00025,1,1,,11.3,48.0,15
synthetic_03528,cluster_t4,67,68,67,68,1,0.25,7e-05,1,1,,11.3,48.0,15
synthetic_03529,cluster_g2,19,20,19,20,1,0.25,0.00035,1,1,,3.152,5.46875,15
synthetic_03530,cluster_p100,54,56,54,56,2,0.5,0.00025,1,1,,11.908,46.0,15
synthetic_03531,cluster_t4,72,87,72,87,15,3.75,7e-05,1,1,T4,3.152,5.46875,15
synthetic_03532,cluster_v100m32,78,83,78,83,5,1.25,0.00025,1,1,,4.0,24.0,15
synthetic_03533,cluster_t4,77,78,77,78,1,0.25,7e-05,1,1,,3.152,5.46875,15
synthetic_03534,cluster_g3,37,50,37,50,13,3.25,0.00035,1,1,,11.908,46.0,15
synthetic_03535,cluster_p100,67,68,67,68,1,0.25,0.00025,1,1,,18.708,63.0,15
synthetic_03536,cluster_v100m32,72,73,72,73,1,0.25,0.00025,1,1,,11.3,48.0,15
synthetic_03537,cluster_t4,81,83,81,83,2,0.5,7e-05,1,1,,4.0,32.0,15
synthetic_03538,cluster_g2,30,33,30,33,3,0.75,0.00035,1,1,,15.7,57.0,15
synthetic_03539,cluster_t4,82,83,82,83,1,0.25,7e-05,1,1,T4,3.152,5.46875,15
synthetic_03540,cluster_g2,69,70,69,70,1,0.25,0.00035,1,1,,3.152,5.46875,15
synthetic_03541,cluster_t4,65,66,65,66,1,0.25,7e-05,1,1,,3.152,5.46875,15
synthetic_03542,cluster_v100m32,76,77,76,77,1,0.25,0.00025,1,1,,4.152,10.3515625,15
synthetic_03543,cluster_g3,63,64,63,64,1,0.25,0.00035,1,1,,16.4,123.0,15
synthetic_03544,cluster_v100m16,75,76,75,76,1,0.25,0.00025,1,1,,11.908,46.0,15
synthetic_03545,cluster_g3,12,17,12,17,5,1.25,0.00035,1,1,,11.908,46.0,15
synthetic_03546,cluster_p100,80,81,80,81,1,0.25,0.00025,1,1,,8.0,29.8017578125,15
synthetic_03547,cluster_g2,11,13,11,13,2,0.5,0.00035,1,1,G2,8.2,33.0,15
synthetic_03548,cluster_v100m16,4,5,4,5,1,0.25,0.00025,1,1,,11.3,48.0,15
synthetic_03549,cluster_g2,80,85,80,85,5,1.25,0.00035,1,1,G2,8.0,16.0,15
synthetic_03550,cluster_v100m32,83,88,83,88,5,1.25,0.00025,1,1,V100M16|V100M32,4.0,24.0,15
synthetic_03551,cluster_v100m16,54,56,54,56,2,0.5,0.00025,1,1,P100|T4|V100M16|V100M32,11.3,48.0,15
synthetic_03552,cluster_t4,76,77,76,77,1,0.25,7e-05,1,1,T4,11.908,46.0,15
synthetic_03553,cluster_g2,31,32,31,32,1,0.25,0.00035,1,1,G2,3.152,5.46875,15
synthetic_03554,cluster_t4,27,32,27,32,5,1.25,7e-05,1,1,T4,4.0,24.0,15
synthetic_03555,cluster_g3,73,74,73,74,1,0.25,0.00035,1,1,,11.3,48.0,15
synthetic_03556,cluster_g2,12,15,12,15,3,0.75,0.00035,1,1,,6.0,23.0,15
synthetic_03557,cluster_t4,28,30,28,30,2,0.5,7e-05,1,1,,8.0,32.0,15
synthetic_03558,cluster_t4,34,36,34,36,2,0.5,7e-05,1,1,,11.3,48.0,15
synthetic_03559,cluster_t4,87,91,87,91,4,1.0,7e-05,1,1,T4,11.4,47.0,15
synthetic_03560,cluster_t4,58,59,58,59,1,0.25,7e-05,1,1,T4,12.0,16.0,15
synthetic_03561,cluster_p100,22,23,22,23,1,0.25,0.00025,1,1,,11.908,46.0,15
synthetic_03562,cluster_v100m32,47,50,47,50,3,0.75,0.00025,1,1,,15.7,57.0,15
synthetic_03563,cluster_g3,67,69,67,69,2,0.5,0.00035,1,1,,11.3,48.0,15
synthetic_03564,cluster_t4,65,66,65,66,1,0.25,7e-05,1,1,T4,4.152,10.3515625,15
synthetic_03565,cluster_g3,9,14,9,14,5,1.25,0.00035,1,1,,4.0,24.0,15
synthetic_03566,cluster_t4,24,30,24,30,6,1.5,7e-05,1,1,T4,4.0,30.517578125,15
synthetic_03567,cluster_t4,16,17,16,17,1,0.25,7e-05,1,1,T4,11.4,47.0,15
synthetic_03568,cluster_g3,72,73,72,73,1,0.25,0.00035,1,1,,3.152,5.46875,15
synthetic_03569,cluster_t4,56,57,56,57,1,0.25,7e-05,1,1,T4,3.152,5.46875,15
synthetic_03570,cluster_g2,58,59,58,59,1,0.25,0.00035,1,1,,11.4,47.0,15
synthetic_03571,cluster_p100,61,62,61,62,1,0.25,0.00025,1,1,,11.4,76.0,15
synthetic_03572,cluster_t4,71,72,71,72,1,0.25,7e-05,1,1,T4,11.3,48.0,15
synthetic_03573,cluster_t4,70,71,70,71,1,0.25,7e-05,1,1,T4,11.3,48.0,15
synthetic_03574,cluster_v100m32,74,76,74,76,2,0.5,0.00025,1,1,,3.152,5.46875,15
synthetic_03575,cluster_v100m16,93,94,93,94,1,0.25,0.00025,1,1,V100M16|V100M32,11.908,46.0,15
synthetic_03576,cluster_g2,50,51,50,51,1,0.25,0.00035,1,1,,11.3,48.0,15
synthetic_03577,cluster_v100m32,89,91,89,91,2,0.5,0.00025,1,1,,4.0,30.517578125,15
synthetic_03578,cluster_v100m32,67,68,67,68,1,0.25,0.00025,1,1,,11.908,46.0,15
synthetic_03579,cluster_t4,56,58,56,58,2,0.5,7e-05,1,1,T4,4.0,14.900390625,15
synthetic_03580,cluster_v100m16,9,12,9,12,3,0.75,0.00025,1,1,,11.908,46.0,15
synthetic_03581,cluster_v100m16,52,57,52,57,5,1.25,0.00025,1,1,,9.81,40.5859375,15
synthetic_03582,cluster_v100m16,57,59,57,59,2,0.5,0.00025,1,1,,9.81,40.5859375,15
synthetic_03583,cluster_v100m16,93,95,93,95,2,0.5,0.00025,1,1,,15.4,88.0,15
synthetic_03584,cluster_t4,78,82,78,82,4,1.0,7e-05,1,1,,3.152,5.46875,15
synthetic_03585,cluster_p100,27,28,27,28,1,0.25,0.00025,1,1,,11.908,46.0,15
synthetic_03586,cluster_t4,86,89,86,89,3,0.75,7e-05,1,1,,15.7,57.0,15
synthetic_03587,cluster_t4,34,43,34,43,9,2.25,7e-05,1,1,,1.0,2.0,15
synthetic_03588,cluster_v100m32,57,58,57,58,1,0.25,0.00025,1,1,,18.708,63.0,15
synthetic_03589,cluster_g3,42,43,42,43,1,0.25,0.00035,1,1,,11.3,48.0,15
synthetic_03590,cluster_t4,12,19,12,19,7,1.75,7e-05,1,1,T4,4.0,22.3515625,15
synthetic_03591,cluster_p100,3,11,3,11,8,2.0,0.00025,1,1,,11.908,46.0,15
synthetic_03592,cluster_v100m16,94,95,94,95,1,0.25,0.00025,1,1,,11.4,47.0,15
synthetic_03593,cluster_v100m32,79,80,79,80,1,0.25,0.00025,1,1,,9.81,40.5859375,15
synthetic_03594,cluster_t4,61,62,61,62,1,0.25,7e-05,1,1,,3.152,5.46875,15
synthetic_03595,cluster_g3,92,93,92,93,1,0.25,0.00035,1,1,,11.908,46.0,15
synthetic_03596,cluster_g2,8,9,8,9,1,0.25,0.0028,8,8,G2,88.0,320.0,15
synthetic_03597,cluster_v100m16,89,90,89,90,1,0.25,0.00025,1,1,,1.0,2.0,15
synthetic_03598,cluster_t4,33,35,33,35,2,0.5,7e-05,1,1,T4,11.908,46.0,15
synthetic_03599,cluster_v100m16,48,50,48,50,2,0.5,0.00025,1,1,,4.0,29.8017578125,15
synthetic_03600,cluster_g2,27,31,27,31,4,1.0,0.00035,1,1,G2,11.3,48.0,15
synthetic_03601,cluster_t4,19,20,19,20,1,0.25,7e-05,1,1,A10|T4,11.3,48.0,15
synthetic_03602,cluster_g2,58,62,58,62,4,1.0,0.00035,1,1,,4.0,22.3515625,15
synthetic_03603,cluster_g2,90,91,90,91,1,0.25,0.00035,1,1,,3.152,5.46875,15
synthetic_03604,cluster_p100,42,44,42,44,2,0.5,0.00025,1,1,,11.4,47.0,15
synthetic_03605,cluster_g2,76,77,76,77,1,0.25,0.00035,1,1,,3.152,5.46875,15
synthetic_03606,cluster_g3,11,12,11,12,1,0.25,0.00035,1,1,,3.152,5.46875,15
synthetic_03607,cluster_t4,41,42,41,42,1,0.25,7e-05,1,1,T4,3.152,5.46875,15
synthetic_03608,cluster_p100,10,12,10,12,2,0.5,0.00025,1,1,,11.4,47.0,15
synthetic_03609,cluster_t4,52,53,52,53,1,0.25,7e-05,1,1,,18.708,63.0,15
synthetic_03610,cluster_v100m32,74,75,74,75,1,0.25,0.00025,1,1,,11.4,47.0,15
synthetic_03611,cluster_v100m16,54,55,54,55,1,0.25,0.00025,1,1,,3.152,5.46875,15
synthetic_03612,cluster_t4,78,80,78,80,2,0.5,7e-05,1,1,,11.4,47.0,15
synthetic_03613,cluster_v100m16,54,55,54,55,1,0.25,0.00025,1,1,,3.152,5.46875,15
synthetic_03614,cluster_v100m16,30,31,30,31,1,0.25,0.00025,1,1,,11.3,48.0,15
synthetic_03615,cluster_v100m16,59,60,59,60,1,0.25,0.00025,1,1,V100M16|V100M32,11.4,47.0,15
synthetic_03616,cluster_p100,20,21,20,21,1,0.25,0.00025,1,1,,11.3,48.0,15
synthetic_03617,cluster_g3,90,91,90,91,1,0.25,0.00035,1,1,G3,15.2,79.0,15
synthetic_03618,cluster_t4,38,42,38,42,4,1.0,7e-05,1,1,T4,12.0,16.0,15
synthetic_03619,cluster_v100m32,1,2,1,2,1,0.25,0.00025,1,1,,3.152,5.46875,15
synthetic_03620,cluster_g2,24,29,24,29,5,1.25,0.00035,1,1,,4.0,14.900390625,15
synthetic_03621,cluster_v100m32,25,26,25,26,1,0.25,0.00025,1,1,,3.152,5.46875,15
synthetic_03622,cluster_t4,73,75,73,75,2,0.5,7e-05,1,1,T4,11.908,46.0,15
synthetic_03623,cluster_v100m32,80,82,80,82,2,0.5,0.00025,1,1,,11.4,47.0,15
synthetic_03624,cluster_p100,60,70,60,70,10,2.5,0.00025,1,1,,11.4,47.0,15
synthetic_03625,cluster_g2,84,92,84,92,8,2.0,0.00035,1,1,,11.4,47.0,15
synthetic_03626,cluster_v100m16,48,49,48,49,1,0.25,0.00025,1,1,V100M16|V100M32,3.152,5.46875,15
synthetic_03627,cluster_v100m16,39,40,39,40,1,0.25,0.00025,1,1,,3.152,5.46875,15
synthetic_03628,cluster_g2,46,47,46,47,1,0.25,0.00035,1,1,,3.152,5.46875,15
synthetic_03629,cluster_g2,0,1,0,1,1,0.25,0.00035,1,1,,3.152,5.46875,15
synthetic_03630,cluster_v100m16,51,66,51,66,15,3.75,0.00025,1,1,,3.152,5.46875,15
synthetic_03631,cluster_g3,19,22,19,22,3,0.75,0.00035,1,1,,12.0,24.0,15
synthetic_03632,cluster_t4,8,9,8,9,1,0.25,7e-05,1,1,T4,11.3,48.0,15
synthetic_03633,cluster_p100,8,9,8,9,1,0.25,0.00025,1,1,,8.0,29.8017578125,15
synthetic_03634,cluster_p100,82,84,82,84,2,0.5,0.00025,1,1,,11.3,48.0,15
synthetic_03635,cluster_p100,57,58,57,58,1,0.25,0.00025,1,1,,11.908,46.0,15
synthetic_03636,cluster_t4,20,23,20,23,3,0.75,7e-05,1,1,T4,11.3,48.0,15
synthetic_03637,cluster_v100m32,4,8,4,8,4,1.0,0.00025,1,1,P100|T4|V100M16|V100M32,8.2,33.0,15
synthetic_03638,cluster_t4,54,55,54,55,1,0.25,7e-05,1,1,T4,11.4,47.0,15
synthetic_03639,cluster_g3,39,40,39,40,1,0.25,0.00035,1,1,,11.3,48.0,15
synthetic_03640,cluster_g3,86,87,86,87,1,0.25,0.00035,1,1,,3.152,5.46875,15
synthetic_03641,cluster_t4,12,17,12,17,5,1.25,7e-05,1,1,T4,4.0,24.0,15
synthetic_03642,cluster_g2,26,28,26,28,2,0.5,0.00035,1,1,,2.0,8.0,15
synthetic_03643,cluster_p100,62,63,62,63,1,0.25,0.00025,1,1,P100,3.152,5.46875,15
synthetic_03644,cluster_t4,21,23,21,23,2,0.5,7e-05,1,1,,11.908,46.0,15
synthetic_03645,cluster_t4,27,28,27,28,1,0.25,7e-05,1,1,T4,14.2,57.0,15
synthetic_03646,cluster_v100m32,74,87,74,87,13,3.25,0.00025,1,1,,4.0,22.3515625,15
synthetic_03647,cluster_g3,61,63,61,63,2,0.5,0.00035,1,1,,4.0,30.517578125,15
synthetic_03648,cluster_v100m16,48,50,48,50,2,0.5,0.00025,1,1,,11.3,48.0,15
synthetic_03649,cluster_g3,21,22,21,22,1,0.25,0.00035,1,1,,3.152,5.46875,15
synthetic_03650,cluster_t4,32,33,32,33,1,0.25,7e-05,1,1,,3.152,5.46875,15
synthetic_03651,cluster_t4,65,68,65,68,3,0.75,7e-05,1,1,T4,3.152,5.46875,15
synthetic_03652,cluster_t4,24,26,24,26,2,0.5,7e-05,1,1,T4,11.908,46.0,15
synthetic_03653,cluster_v100m16,81,83,81,83,2,0.5,0.00025,1,1,,11.3,48.0,15
synthetic_03654,cluster_p100,11,19,11,19,8,2.0,0.00025,1,1,P100,4.0,14.900390625,15
synthetic_03655,cluster_g3,38,45,38,45,7,1.75,0.00035,1,1,,24.2,91.0,15
synthetic_03656,cluster_g2,76,77,76,77,1,0.25,0.00035,1,1,G2|P100|T4|V100M16|V100M32,3.152,5.46875,15
synthetic_03657,cluster_g2,2,3,2,3,1,0.25,0.00035,1,1,,3.152,5.46875,15
synthetic_03658,cluster_v100m32,50,52,50,52,2,0.5,0.00025,1,1,,4.0,14.900390625,15
synthetic_03659,cluster_v100m16,75,76,75,76,1,0.25,0.00025,1,1,,8.0,29.8017578125,15
synthetic_03660,cluster_v100m32,8,9,8,9,1,0.25,0.00025,1,1,,3.152,5.46875,15
synthetic_03661,cluster_g2,92,94,92,94,2,0.5,0.00035,1,1,G2,8.0,16.0,15
synthetic_03662,cluster_t4,66,68,66,68,2,0.5,7e-05,1,1,T4,11.4,47.0,15
synthetic_03663,cluster_g2,62,63,62,63,1,0.25,0.00035,1,1,G2,11.3,48.0,15
synthetic_03664,cluster_v100m16,82,84,82,84,2,0.5,0.00025,1,1,V100M16|V100M32,11.3,48.0,15
synthetic_03665,cluster_t4,86,88,86,88,2,0.5,7e-05,1,1,T4,11.3,48.0,15
synthetic_03666,cluster_g2,6,7,6,7,1,0.25,0.00035,1,1,,3.152,5.46875,15
synthetic_03667,cluster_g3,67,73,67,73,6,1.5,0.00035,1,1,,11.4,47.0,15
synthetic_03668,cluster_v100m32,24,26,24,26,2,0.5,0.00025,1,1,,11.3,48.0,15
synthetic_03669,cluster_v100m32,90,91,90,91,1,0.25,0.00025,1,1,,11.3,48.0,15
synthetic_03670,cluster_v100m16,95,96,95,96,1,0.25,0.00025,1,1,,3.152,5.46875,15
synthetic_03671,cluster_g2,20,22,20,22,2,0.5,0.00035,1,1,,8.0,29.8017578125,15
synthetic_03672,cluster_t4,83,84,83,84,1,0.25,7e-05,1,1,,11.908,46.0,15
synthetic_03673,cluster_g3,29,31,29,31,2,0.5,0.00035,1,1,,8.0,16.0,15
synthetic_03674,cluster_v100m32,12,23,12,23,11,2.75,0.00025,1,1,,4.0,22.3515625,15
synthetic_03675,cluster_p100,18,19,18,19,1,0.25,0.00025,1,1,,14.2,57.0,15
synthetic_03676,cluster_g3,39,40,39,40,1,0.25,0.00035,1,1,,3.152,5.46875,15
synthetic_03677,cluster_p100,43,46,43,46,3,0.75,0.00025,1,1,,9.81,40.5859375,15
synthetic_03678,cluster_v100m32,41,42,41,42,1,0.25,0.00025,1,1,,3.152,5.46875,15
synthetic_03679,cluster_t4,17,20,17,20,3,0.75,7e-05,1,1,T4,11.908,46.0,15
synthetic_03680,cluster_g2,82,83,82,83,1,0.25,0.00035,1,1,,11.908,46.0,15
synthetic_03681,cluster_t4,56,57,56,57,1,0.25,7e-05,1,1,,11.908,46.0,15
synthetic_03682,cluster_g2,90,91,90,91,1,0.25,0.00035,1,1,G2,3.152,5.46875,15
synthetic_03683,cluster_g2,60,61,60,61,1,0.25,0.00035,1,1,,11.4,47.0,15
synthetic_03684,cluster_p100,94,95,94,95,1,0.25,0.00025,1,1,,3.152,5.46875,15
synthetic_03685,cluster_g2,5,10,5,10,5,1.25,0.00035,1,1,,8.0,16.0,15
synthetic_03686,cluster_p100,47,50,47,50,3,0.75,0.00025,1,1,,16.0,32.0,15
synthetic_03687,cluster_t4,89,90,89,90,1,0.25,7e-05,1,1,T4,11.908,46.0,15
synthetic_03688,cluster_v100m32,24,26,24,26,2,0.5,0.00025,1,1,,4.152,10.3515625,15
synthetic_03689,cluster_t4,10,22,10,22,12,3.0,7e-05,1,1,P100|T4|V100M16|V100M32,18.708,63.0,15
synthetic_03690,cluster_a10,44,45,44,45,1,0.25,0.00015,1,1,,11.3,48.0,15
synthetic_03691,cluster_v100m32,59,60,59,60,1,0.25,0.00025,1,1,,3.152,5.46875,15
synthetic_03692,cluster_v100m32,63,74,63,74,11,2.75,0.00025,1,1,,14.2,57.0,15
synthetic_03693,cluster_t4,55,56,55,56,1,0.25,7e-05,1,1,T4,18.708,63.0,15
synthetic_03694,cluster_p100,50,51,50,51,1,0.25,0.00025,1,1,P100|V100M16|V100M32,11.3,48.0,15
synthetic_03695,cluster_p100,75,76,75,76,1,0.25,0.00025,1,1,,9.81,40.5859375,15
synthetic_03696,cluster_g3,41,43,41,43,2,0.5,0.00035,1,1,,15.2,79.0,15
synthetic_03697,cluster_t4,32,33,32,33,1,0.25,7e-05,1,1,T4,4.0,29.8017578125,15
synthetic_03698,cluster_p100,94,95,94,95,1,0.25,0.00025,1,1,,11.3,48.0,15
synthetic_03699,cluster_g2,67,77,67,77,10,2.5,0.00035,1,1,,8.0,29.8017578125,15
synthetic_03700,cluster_t4,85,86,85,86,1,0.25,7e-05,1,1,T4,11.908,46.0,15
synthetic_03701,cluster_t4,45,46,45,46,1,0.25,7e-05,1,1,,11.4,47.0,15
synthetic_03702,cluster_v100m32,27,28,27,28,1,0.25,0.00025,1,1,,11.3,48.0,15
synthetic_03703,cluster_v100m16,14,15,14,15,1,0.25,0.00025,1,1,,11.4,47.0,15
synthetic_03704,cluster_g2,75,76,75,76,1,0.25,0.00035,1,1,,11.3,48.0,15
synthetic_03705,cluster_v100m32,75,76,75,76,1,0.25,0.00025,1,1,,11.3,48.0,15
synthetic_03706,cluster_v100m32,90,92,90,92,2,0.5,0.00025,1,1,V100M16|V100M32,8.0,32.0,15
synthetic_03707,cluster_g2,73,75,73,75,2,0.5,0.00035,1,1,G2,9.81,40.5859375,15
synthetic_03708,cluster_t4,57,58,57,58,1,0.25,7e-05,1,1,T4,3.152,5.46875,15
synthetic_03709,cluster_t4,74,75,74,75,1,0.25,7e-05,1,1,T4,18.708,63.0,15
synthetic_03710,cluster_t4,59,60,59,60,1,0.25,7e-05,1,1,,11.3,48.0,15
synthetic_03711,cluster_g2,47,52,47,52,5,1.25,0.00035,1,1,,11.4,47.0,15
synthetic_03712,cluster_g3,3,5,3,5,2,0.5,0.00035,1,1,,3.152,5.46875,15
synthetic_03713,cluster_p100,3,4,3,4,1,0.25,0.00025,1,1,,11.4,47.0,15
synthetic_03714,cluster_t4,3,7,3,7,4,1.0,7e-05,1,1,T4,15.7,57.0,15
synthetic_03715,cluster_v100m32,66,67,66,67,1,0.25,0.00025,1,1,,8.0,29.8017578125,15
synthetic_03716,cluster_p100,15,18,15,18,3,0.75,0.00025,1,1,P100,3.152,5.46875,15
synthetic_03717,cluster_v100m32,53,54,53,54,1,0.25,0.00025,1,1,,11.3,48.0,15
synthetic_03718,cluster_g3,28,29,28,29,1,0.25,0.00035,1,1,G3,3.152,5.46875,15
synthetic_03719,cluster_t4,86,87,86,87,1,0.25,7e-05,1,1,T4,12.0,24.0,15
synthetic_03720,cluster_p100,53,54,53,54,1,0.25,0.00025,1,1,P100,4.152,10.3515625,15
synthetic_03721,cluster_g2,30,32,30,32,2,0.5,0.00035,1,1,,3.152,5.46875,15
synthetic_03722,cluster_t4,88,89,88,89,1,0.25,7e-05,1,1,T4,8.0,29.8017578125,15
synthetic_03723,cluster_v100m16,21,22,21,22,1,0.25,0.00025,1,1,,4.152,10.3515625,15
synthetic_03724,cluster_t4,21,22,21,22,1,0.25,7e-05,1,1,T4,11.4,47.0,15
synthetic_03725,cluster_t4,35,40,35,40,5,1.25,7e-05,1,1,,8.0,8.0,15
synthetic_03726,cluster_t4,36,37,36,37,1,0.25,7e-05,1,1,T4,3.152,5.46875,15
synthetic_03727,cluster_t4,45,46,45,46,1,0.25,7e-05,1,1,,9.81,40.5859375,15
synthetic_03728,cluster_v100m16,79,80,79,80,1,0.25,0.00025,1,1,,11.908,46.0,15
synthetic_03729,cluster_g2,48,54,48,54,6,1.5,0.00035,1,1,,12.0,16.0,15
synthetic_03730,cluster_v100m16,31,32,31,32,1,0.25,0.00025,1,1,V100M16|V100M32,15.2,79.0,15
synthetic_03731,cluster_v100m16,50,51,50,51,1,0.25,0.00025,1,1,,18.708,63.0,15
synthetic_03732,cluster_p100,67,68,67,68,1,0.25,0.00025,1,1,P100,3.152,5.46875,15
synthetic_03733,cluster_g3,87,92,87,92,5,1.25,0.00035,1,1,,4.0,24.0,15
synthetic_03734,cluster_v100m16,93,94,93,94,1,0.25,0.00025,1,1,,3.152,5.46875,15
synthetic_03735,cluster_p100,22,30,22,30,8,2.0,0.00025,1,1,,11.908,46.0,15
synthetic_03736,cluster_t4,30,31,30,31,1,0.25,7e-05,1,1,,11.3,48.0,15
synthetic_03737,cluster_g2,60,65,60,65,5,1.25,0.00035,1,1,G2|P100|T4|V100M16|V100M32,11.4,47.0,15
synthetic_03738,cluster_g2,93,94,93,94,1,0.25,0.00035,1,1,,3.152,5.46875,15
synthetic_03739,cluster_v100m32,76,77,76,77,1,0.25,0.00025,1,1,,3.152,5.46875,15
synthetic_03740,cluster_g3,61,62,61,62,1,0.25,0.00035,1,1,G3,12.0,16.0,15
synthetic_03741,cluster_t4,9,11,9,11,2,0.5,7e-05,1,1,T4,4.152,10.3515625,15
synthetic_03742,cluster_p100,42,43,42,43,1,0.25,0.00025,1,1,P100,3.152,5.46875,15
synthetic_03743,cluster_v100m16,58,60,58,60,2,0.5,0.00025,1,1,,24.2,91.0,15
synthetic_03744,cluster_g2,20,22,20,22,2,0.5,0.00035,1,1,,3.152,5.46875,15
synthetic_03745,cluster_v100m16,30,33,30,33,3,0.75,0.00025,1,1,,4.0,14.900390625,15
synthetic_03746,cluster_t4,68,70,68,70,2,0.5,7e-05,1,1,T4,3.152,5.46875,15
synthetic_03747,cluster_t4,41,42,41,42,1,0.25,7e-05,1,1,,11.3,48.0,15
synthetic_03748,cluster_v100m32,68,69,68,69,1,0.25,0.00025,1,1,,9.81,40.5859375,15
synthetic_03749,cluster_g3,34,36,34,36,2,0.5,0.00035,1,1,,18.708,63.0,15
synthetic_03750,cluster_v100m32,72,73,72,73,1,0.25,0.00025,1,1,,3.152,5.46875,15
synthetic_03751,cluster_p100,39,40,39,40,1,0.25,0.00025,1,1,,3.152,5.46875,15
synthetic_03752,cluster_p100,38,43,38,43,5,1.25,0.00025,1,1,P100,4.0,29.8017578125,15
synthetic_03753,cluster_v100m32,6,15,6,15,9,2.25,0.00025,1,1,,11.4,47.0,15
synthetic_03754,cluster_t4,46,47,46,47,1,0.25,7e-05,1,1,T4,11.3,48.0,15
synthetic_03755,cluster_v100m32,43,44,43,44,1,0.25,0.00025,1,1,P100|T4|V100M16|V100M32,11.3,48.0,15
synthetic_03756,cluster_t4,75,77,75,77,2,0.5,7e-05,1,1,T4,11.908,46.0,15
synthetic_03757,cluster_g2,76,82,76,82,6,1.5,0.00035,1,1,G2,12.0,24.0,15
synthetic_03758,cluster_p100,54,56,54,56,2,0.5,0.00025,1,1,,3.152,5.46875,15
synthetic_03759,cluster_g3,2,6,2,6,4,1.0,0.00035,1,1,,11.908,46.0,15
synthetic_03760,cluster_t4,75,76,75,76,1,0.25,7e-05,1,1,,11.4,47.0,15
synthetic_03761,cluster_p100,46,47,46,47,1,0.25,0.00025,1,1,,3.152,5.46875,15
synthetic_03762,cluster_g3,28,31,28,31,3,0.75,0.00035,1,1,,11.908,46.0,15
synthetic_03763,cluster_p100,69,70,69,70,1,0.25,0.00025,1,1,,3.152,5.46875,15
synthetic_03764,cluster_g3,16,18,16,18,2,0.5,0.00035,1,1,,11.908,46.0,15
synthetic_03765,cluster_v100m32,3,9,3,9,6,1.5,0.00025,1,1,,11.3,48.0,15
synthetic_03766,cluster_v100m32,23,28,23,28,5,1.25,0.00025,1,1,,4.0,24.0,15
synthetic_03767,cluster_v100m32,54,58,54,58,4,1.0,0.00025,1,1,,11.3,48.0,15
synthetic_03768,cluster_t4,68,69,68,69,1,0.25,7e-05,1,1,T4,8.0,29.8017578125,15
synthetic_03769,cluster_p100,3,8,3,8,5,1.25,0.00025,1,1,,16.0,32.0,15
synthetic_03770,cluster_t4,0,4,0,4,4,1.0,7e-05,1,1,,12.0,24.0,15
synthetic_03771,cluster_g2,62,63,62,63,1,0.25,0.00035,1,1,,18.708,63.0,15
synthetic_03772,cluster_v100m32,1,4,1,4,3,0.75,0.00025,1,1,,15.7,57.0,15
synthetic_03773,cluster_t4,38,39,38,39,1,0.25,7e-05,1,1,T4,11.4,47.0,15
synthetic_03774,cluster_t4,48,49,48,49,1,0.25,7e-05,1,1,,11.4,47.0,15
synthetic_03775,cluster_v100m16,32,33,32,33,1,0.25,0.00025,1,1,,8.0,29.8017578125,15
synthetic_03776,cluster_g2,48,49,48,49,1,0.25,0.00035,1,1,,12.0,48.0,15
synthetic_03777,cluster_t4,22,23,22,23,1,0.25,7e-05,1,1,,3.152,5.46875,15
synthetic_03778,cluster_g3,78,79,78,79,1,0.25,0.00035,1,1,,11.3,48.0,15
synthetic_03779,cluster_v100m16,29,30,29,30,1,0.25,0.00025,1,1,,3.152,5.46875,15
synthetic_03780,cluster_a10,6,7,6,7,1,0.25,0.00015,1,1,,18.708,63.0,15
synthetic_03781,cluster_v100m32,59,61,59,61,2,0.5,0.00025,1,1,V100M16|V100M32,11.4,47.0,15
synthetic_03782,cluster_v100m16,64,65,64,65,1,0.25,0.00025,1,1,,11.908,46.0,15
synthetic_03783,cluster_g2,45,46,45,46,1,0.25,0.00035,1,1,,3.152,5.46875,15
synthetic_03784,cluster_t4,65,66,65,66,1,0.25,7e-05,1,1,T4,3.152,5.46875,15
synthetic_03785,cluster_t4,0,1,0,1,1,0.25,7e-05,1,1,,11.3,48.0,15
synthetic_03786,cluster_v100m16,69,73,69,73,4,1.0,0.00025,1,1,,18.708,63.0,15
synthetic_03787,cluster_t4,47,48,47,48,1,0.25,7e-05,1,1,T4,8.0,29.8017578125,15
synthetic_03788,cluster_t4,74,75,74,75,1,0.25,7e-05,1,1,T4,3.152,5.46875,15
synthetic_03789,cluster_g3,48,54,48,54,6,1.5,0.00035,1,1,,11.4,47.0,15
synthetic_03790,cluster_g3,53,54,53,54,1,0.25,0.00035,1,1,G3,3.152,5.46875,15
synthetic_03791,cluster_v100m16,90,95,90,95,5,1.25,0.00025,1,1,P100|V100M16|V100M32,4.0,24.0,15
synthetic_03792,cluster_t4,13,15,13,15,2,0.5,7e-05,1,1,,4.152,10.3515625,15
synthetic_03793,cluster_g2,85,86,85,86,1,0.25,0.0014,4,4,G2,32.2,129.0,15
synthetic_03794,cluster_p100,42,48,42,48,6,1.5,0.00025,1,1,,16.0,64.0,15
synthetic_03795,cluster_p100,45,48,45,48,3,0.75,0.00025,1,1,,12.0,16.0,15
synthetic_03796,cluster_v100m32,61,70,61,70,9,2.25,0.00025,1,1,,11.908,46.0,15
synthetic_03797,cluster_v100m16,39,44,39,44,5,1.25,0.00025,1,1,V100M16|V100M32,4.0,24.0,15
synthetic_03798,cluster_v100m16,68,69,68,69,1,0.25,0.00025,1,1,,11.3,48.0,15
synthetic_03799,cluster_t4,75,77,75,77,2,0.5,7e-05,1,1,,3.152,5.46875,15
synthetic_03800,cluster_g3,0,5,0,5,5,1.25,0.00035,1,1,,4.0,14.900390625,15
synthetic_03801,cluster_t4,82,83,82,83,1,0.25,7e-05,1,1,,3.152,5.46875,15
synthetic_03802,cluster_t4,59,61,59,61,2,0.5,7e-05,1,1,T4,11.3,48.0,15
synthetic_03803,cluster_g3,90,93,90,93,3,0.75,0.00035,1,1,,18.708,63.0,15
synthetic_03804,cluster_t4,92,95,92,95,3,0.75,7e-05,1,1,,15.7,57.0,15
synthetic_03805,cluster_v100m16,90,91,90,91,1,0.25,0.00025,1,1,,3.152,5.46875,15
synthetic_03806,cluster_t4,92,93,92,93,1,0.25,7e-05,1,1,T4,8.0,29.8017578125,15
synthetic_03807,cluster_t4,31,32,31,32,1,0.25,7e-05,1,1,T4,3.152,5.46875,15
synthetic_03808,cluster_p100,52,67,52,67,15,3.75,0.00025,1,1,P100,3.152,5.46875,15
synthetic_03809,cluster_g3,85,89,85,89,4,1.0,0.00035,1,1,,11.3,48.0,15
synthetic_03810,cluster_v100m32,78,79,78,79,1,0.25,0.00025,1,1,,16.4,123.0,15
synthetic_03811,cluster_t4,15,16,15,16,1,0.25,7e-05,1,1,T4,3.152,5.46875,15
synthetic_03812,cluster_p100,38,39,38,39,1,0.25,0.00025,1,1,,11.3,48.0,15
synthetic_03813,cluster_g3,64,66,64,66,2,0.5,0.00035,1,1,,11.908,46.0,15
synthetic_03814,cluster_t4,64,66,64,66,2,0.5,7e-05,1,1,T4,11.3,48.0,15
synthetic_03815,cluster_p100,84,85,84,85,1,0.25,0.00025,1,1,,11.3,48.0,15
synthetic_03816,cluster_t4,43,45,43,45,2,0.5,7e-05,1,1,T4,8.0,32.0,15
synthetic_03817,cluster_v100m16,35,37,35,37,2,0.5,0.00025,1,1,,16.0,64.0,15
synthetic_03818,cluster_p100,79,81,79,81,2,0.5,0.00025,1,1,,8.0,16.0,15
synthetic_03819,cluster_g2,81,83,81,83,2,0.5,0.00035,1,1,,8.0,29.8017578125,15
synthetic_03820,cluster_t4,37,52,37,52,15,3.75,7e-05,1,1,T4,11.3,48.0,15
synthetic_03821,cluster_g3,75,76,75,76,1,0.25,0.00035,1,1,,3.152,5.46875,15
synthetic_03822,cluster_g2,74,80,74,80,6,1.5,0.00035,1,1,G2,15.2,79.0,15
synthetic_03823,cluster_g3,14,15,14,15,1,0.25,0.00035,1,1,,11.4,47.0,15
synthetic_03824,cluster_g2,55,64,55,64,9,2.25,0.00035,1,1,,4.0,22.3515625,15
synthetic_03825,cluster_p100,19,25,19,25,6,1.5,0.00025,1,1,,4.0,22.3515625,15
synthetic_03826,cluster_t4,88,89,88,89,1,0.25,7e-05,1,1,,11.908,46.0,15
synthetic_03827,cluster_g3,81,83,81,83,2,0.5,0.00035,1,1,,11.3,48.0,15
synthetic_03828,cluster_v100m32,7,20,7,20,13,3.25,0.00025,1,1,,12.0,24.0,15
synthetic_03829,cluster_t4,22,25,22,25,3,0.75,7e-05,1,1,,4.152,10.3515625,15
synthetic_03830,cluster_p100,84,85,84,85,1,0.25,0.00025,1,1,,11.4,47.0,15
synthetic_03831,cluster_p100,93,94,93,94,1,0.25,0.00025,1,1,,4.0,29.8017578125,15
synthetic_03832,cluster_g2,34,36,34,36,2,0.5,0.00035,1,1,G2,14.2,57.0,15
synthetic_03833,cluster_t4,76,77,76,77,1,0.25,7e-05,1,1,,11.3,48.0,15
synthetic_03834,cluster_t4,85,86,85,86,1,0.25,7e-05,1,1,T4,11.4,47.0,15
synthetic_03835,cluster_g2,4,10,4,10,6,1.5,0.00035,1,1,,4.0,29.8017578125,15
synthetic_03836,cluster_g2,87,88,87,88,1,0.25,0.00035,1,1,,11.3,48.0,15
synthetic_03837,cluster_v100m16,82,83,82,83,1,0.25,0.00025,1,1,,11.4,76.0,15
synthetic_03838,cluster_p100,51,52,51,52,1,0.25,0.00025,1,1,P100,3.152,5.46875,15
synthetic_03839,cluster_t4,1,2,1,2,1,0.25,7e-05,1,1,T4,11.3,48.0,15
synthetic_03840,cluster_g2,44,53,44,53,9,2.25,0.00035,1,1,,14.2,57.0,15
synthetic_03841,cluster_v100m32,43,45,43,45,2,0.5,0.00025,1,1,,16.0,32.0,15
synthetic_03842,cluster_t4,88,90,88,90,2,0.5,7e-05,1,1,T4,12.0,16.0,15
synthetic_03843,cluster_p100,30,31,30,31,1,0.25,0.00025,1,1,,8.0,29.8017578125,15
synthetic_03844,cluster_g2,10,11,10,11,1,0.25,0.00035,1,1,,11.908,46.0,15
synthetic_03845,cluster_v100m16,14,15,14,15,1,0.25,0.00025,1,1,,11.3,37.0,15
synthetic_03846,cluster_v100m32,45,46,45,46,1,0.25,0.00025,1,1,,3.152,5.46875,15
synthetic_03847,cluster_a10,39,40,39,40,1,0.25,0.00015,1,1,,18.708,63.0,15
synthetic_03848,cluster_t4,52,53,52,53,1,0.25,7e-05,1,1,,3.152,5.46875,15
synthetic_03849,cluster_g3,94,95,94,95,1,0.25,0.00035,1,1,,11.908,46.0,15
synthetic_03850,cluster_p100,60,61,60,61,1,0.25,0.00025,1,1,,3.152,5.46875,15
synthetic_03851,cluster_g3,13,17,13,17,4,1.0,0.00035,1,1,,4.0,22.3515625,15
synthetic_03852,cluster_g3,27,28,27,28,1,0.25,0.00035,1,1,,3.152,5.46875,15
synthetic_03853,cluster_g2,75,76,75,76,1,0.25,0.00035,1,1,G2,18.708,63.0,15
synthetic_03854,cluster_t4,58,59,58,59,1,0.25,7e-05,1,1,,3.152,5.46875,15
synthetic_03855,cluster_g3,42,43,42,43,1,0.25,0.00035,1,1,,11.3,48.0,15
synthetic_03856,cluster_g2,7,8,7,8,1,0.25,0.00035,1,1,,11.4,47.0,15
synthetic_03857,cluster_v100m32,43,44,43,44,1,0.25,0.00025,1,1,,11.908,46.0,15
synthetic_03858,cluster_g2,71,72,71,72,1,0.25,0.00035,1,1,,4.0,29.8017578125,15
synthetic_03859,cluster_t4,51,52,51,52,1,0.25,7e-05,1,1,,3.152,5.46875,15
synthetic_03860,cluster_v100m16,61,62,61,62,1,0.25,0.00025,1,1,,11.3,48.0,15
synthetic_03861,cluster_t4,73,88,73,88,15,3.75,7e-05,1,1,T4,3.152,5.46875,15
synthetic_03862,cluster_t4,61,62,61,62,1,0.25,7e-05,1,1,,8.0,29.8017578125,15
synthetic_03863,cluster_v100m32,8,9,8,9,1,0.25,0.002,8,8,,64.2,257.0,15
synthetic_03864,cluster_t4,78,79,78,79,1,0.25,7e-05,1,1,,11.908,46.0,15
synthetic_03865,cluster_t4,58,61,58,61,3,0.75,7e-05,1,1,T4,6.0,32.0,15
synthetic_03866,cluster_g3,39,44,39,44,5,1.25,0.00035,1,1,,11.3,48.0,15
synthetic_03867,cluster_t4,68,70,68,70,2,0.5,7e-05,1,1,T4,11.908,46.0,15
synthetic_03868,cluster_g3,69,71,69,71,2,0.5,0.00035,1,1,,11.3,48.0,15
synthetic_03869,cluster_g2,51,52,51,52,1,0.25,0.00035,1,1,G2,3.152,5.46875,15
synthetic_03870,cluster_v100m32,94,95,94,95,1,0.25,0.00025,1,1,,11.908,46.0,15
synthetic_03871,cluster_g2,79,80,79,80,1,0.25,0.00035,1,1,,12.0,16.0,15
synthetic_03872,cluster_t4,2,3,2,3,1,0.25,7e-05,1,1,T4,3.152,5.46875,15
synthetic_03873,cluster_v100m32,16,17,16,17,1,0.25,0.00025,1,1,,4.0,14.900390625,15
synthetic_03874,cluster_p100,86,87,86,87,1,0.25,0.00025,1,1,,11.908,46.0,15
synthetic_03875,cluster_v100m32,78,79,78,79,1,0.25,0.00025,1,1,,12.0,16.0,15
synthetic_03876,cluster_t4,66,67,66,67,1,0.25,7e-05,1,1,,11.908,46.0,15
synthetic_03877,cluster_t4,34,35,34,35,1,0.25,7e-05,1,1,T4,8.0,29.8017578125,15
synthetic_03878,cluster_g2,55,57,55,57,2,0.5,0.00035,1,1,G2,12.0,23.0,15
synthetic_03879,cluster_g2,73,75,73,75,2,0.5,0.00035,1,1,,3.152,5.46875,15
synthetic_03880,cluster_v100m32,77,78,77,78,1,0.25,0.00025,1,1,,3.152,5.46875,15
synthetic_03881,cluster_v100m16,37,41,37,41,4,1.0,0.00025,1,1,,16.0,32.0,15
synthetic_03882,cluster_g2,37,38,37,38,1,0.25,0.00035,1,1,G2,11.3,48.0,15
synthetic_03883,cluster_p100,45,46,45,46,1,0.25,0.00025,1,1,,3.152,5.46875,15
synthetic_03884,cluster_p100,51,57,51,57,6,1.5,0.00025,1,1,,11.908,46.0,15
synthetic_03885,cluster_p100,34,35,34,35,1,0.25,0.00025,1,1,,3.152,5.46875,15
synthetic_03886,cluster_v100m16,20,21,20,21,1,0.25,0.00025,1,1,,4.0,24.0,15
synthetic_03887,cluster_p100,16,17,16,17,1,0.25,0.00025,1,1,,8.2,33.0,15
synthetic_03888,cluster_g3,24,26,24,26,2,0.5,0.00035,1,1,,3.152,5.46875,15
synthetic_03889,cluster_v100m32,73,74,73,74,1,0.25,0.00025,1,1,,11.3,48.0,15
synthetic_03890,cluster_v100m16,95,96,95,96,1,0.25,0.00025,1,1,,11.908,46.0,15
synthetic_03891,cluster_g3,67,68,67,68,1,0.25,0.00035,1,1,G3,11.3,48.0,15
synthetic_03892,cluster_g3,4,5,4,5,1,0.25,0.00035,1,1,,3.152,5.46875,15
synthetic_03893,cluster_p100,84,85,84,85,1,0.25,0.00025,1,1,P100,3.152,5.46875,15
synthetic_03894,cluster_t4,13,15,13,15,2,0.5,7e-05,1,1,T4,11.4,47.0,15
synthetic_03895,cluster_g2,51,57,51,57,6,1.5,0.00035,1,1,,11.4,47.0,15
synthetic_03896,cluster_v100m16,95,96,95,96,1,0.25,0.00025,1,1,V100M16|V100M32,11.3,48.0,15
synthetic_03897,cluster_g2,5,10,5,10,5,1.25,0.00035,1,1,,4.0,24.0,15
synthetic_03898,cluster_g3,90,91,90,91,1,0.25,0.00035,1,1,,3.152,5.46875,15
synthetic_03899,cluster_p100,70,75,70,75,5,1.25,0.00025,1,1,,8.0,16.0,15
synthetic_03900,cluster_g2,58,59,58,59,1,0.25,0.00035,1,1,,15.7,57.0,15
synthetic_03901,cluster_v100m32,59,63,59,63,4,1.0,0.00025,1,1,,8.0,32.0,15
synthetic_03902,cluster_g2,4,5,4,5,1,0.25,0.00035,1,1,,11.908,46.0,15
synthetic_03903,cluster_t4,78,79,78,79,1,0.25,7e-05,1,1,,11.3,48.0,15
synthetic_03904,cluster_t4,57,58,57,58,1,0.25,7e-05,1,1,T4,11.3,48.0,15
synthetic_03905,cluster_p100,36,37,36,37,1,0.25,0.00025,1,1,,11.908,46.0,15
synthetic_03906,cluster_p100,13,14,13,14,1,0.25,0.00025,1,1,P100,8.0,29.8017578125,15
synthetic_03907,cluster_t4,13,17,13,17,4,1.0,7e-05,1,1,T4,11.4,47.0,15
synthetic_03908,cluster_g3,8,18,8,18,10,2.5,0.00035,1,1,,4.0,14.900390625,15
synthetic_03909,cluster_g2,52,53,52,53,1,0.25,0.00035,1,1,,11.3,48.0,15
synthetic_03910,cluster_v100m32,44,46,44,46,2,0.5,0.00025,1,1,,8.0,16.0,15
synthetic_03911,cluster_p100,61,62,61,62,1,0.25,0.00025,1,1,,11.3,48.0,15
synthetic_03912,cluster_g2,74,75,74,75,1,0.25,0.00035,1,1,,3.152,5.46875,15
synthetic_03913,cluster_g2,0,5,0,5,5,1.25,0.00035,1,1,G2,4.0,24.0,15
synthetic_03914,cluster_v100m16,82,87,82,87,5,1.25,0.00025,1,1,V100M16|V100M32,11.9,76.0,15
synthetic_03915,cluster_t4,44,46,44,46,2,0.5,7e-05,1,1,T4,11.4,47.0,15
synthetic_03916,cluster_v100m32,56,57,56,57,1,0.25,0.00025,1,1,,14.2,57.0,15
synthetic_03917,cluster_p100,0,1,0,1,1,0.25,0.00025,1,1,,18.708,63.0,15
synthetic_03918,cluster_g2,4,5,4,5,1,0.25,0.00035,1,1,,3.152,5.46875,15
synthetic_03919,cluster_t4,43,44,43,44,1,0.25,7e-05,1,1,T4,3.152,5.46875,15
synthetic_03920,cluster_t4,72,77,72,77,5,1.25,7e-05,1,1,,11.4,76.0,15
synthetic_03921,cluster_t4,41,46,41,46,5,1.25,7e-05,1,1,,3.152,5.46875,15
synthetic_03922,cluster_t4,61,66,61,66,5,1.25,7e-05,1,1,T4,15.2,79.0,15
synthetic_03923,cluster_v100m32,19,20,19,20,1,0.25,0.00025,1,1,,3.152,5.46875,15
synthetic_03924,cluster_p100,57,58,57,58,1,0.25,0.00025,1,1,P100,3.152,5.46875,15
synthetic_03925,cluster_t4,17,19,17,19,2,0.5,7e-05,1,1,T4,11.4,47.0,15
synthetic_03926,cluster_g3,19,20,19,20,1,0.25,0.00035,1,1,,2.0,16.0,15
synthetic_03927,cluster_v100m32,74,90,74,90,16,4.0,0.00025,1,1,,12.0,15.0,15
synthetic_03928,cluster_g3,64,65,64,65,1,0.25,0.00035,1,1,,11.4,76.0,15
synthetic_03929,cluster_t4,54,55,54,55,1,0.25,7e-05,1,1,,3.152,5.46875,15
synthetic_03930,cluster_t4,58,59,58,59,1,0.25,7e-05,1,1,T4,3.152,5.46875,15
synthetic_03931,cluster_v100m32,44,45,44,45,1,0.25,0.00025,1,1,,3.152,5.46875,15
synthetic_03932,cluster_g2,83,84,83,84,1,0.25,0.00035,1,1,,3.152,5.46875,15
synthetic_03933,cluster_t4,37,38,37,38,1,0.25,7e-05,1,1,T4,3.152,5.46875,15
synthetic_03934,cluster_p100,6,7,6,7,1,0.25,0.00025,1,1,,3.152,5.46875,15
synthetic_03935,cluster_t4,20,21,20,21,1,0.25,7e-05,1,1,T4,3.152,5.46875,15
synthetic_03936,cluster_t4,46,57,46,57,11,2.75,7e-05,1,1,,4.0,29.8017578125,15
synthetic_03937,cluster_t4,22,23,22,23,1,0.25,7e-05,1,1,T4,12.0,24.0,15
synthetic_03938,cluster_g2,68,69,68,69,1,0.25,0.00035,1,1,G2,11.3,48.0,15
synthetic_03939,cluster_p100,9,13,9,13,4,1.0,0.00025,1,1,,8.0,32.0,15
synthetic_03940,cluster_v100m16,44,45,44,45,1,0.25,0.00025,1,1,G2|P100|T4|V100M16|V100M32,3.152,5.46875,15
synthetic_03941,cluster_v100m32,0,1,0,1,1,0.25,0.00025,1,1,,3.152,5.46875,15
synthetic_03942,cluster_t4,2,3,2,3,1,0.25,7e-05,1,1,T4,8.0,29.8017578125,15
synthetic_03943,cluster_t4,81,82,81,82,1,0.25,7e-05,1,1,T4,24.2,91.0,15
synthetic_03944,cluster_p100,78,79,78,79,1,0.25,0.00025,1,1,P100,3.152,5.46875,15
synthetic_03945,cluster_t4,73,74,73,74,1,0.25,7e-05,1,1,T4,3.152,5.46875,15
synthetic_03946,cluster_t4,41,42,41,42,1,0.25,7e-05,1,1,T4,3.152,5.46875,15
synthetic_03947,cluster_g2,14,16,14,16,2,0.5,0.00035,1,1,,11.4,47.0,15
synthetic_03948,cluster_v100m16,67,68,67,68,1,0.25,0.00025,1,1,,9.81,40.5859375,15
synthetic_03949,cluster_g2,14,15,14,15,1,0.25,0.00035,1,1,,9.81,40.5859375,15
synthetic_03950,cluster_v100m16,10,11,10,11,1,0.25,0.00025,1,1,,4.0,22.3515625,15
synthetic_03951,cluster_t4,80,81,80,81,1,0.25,7e-05,1,1,,3.152,5.46875,15
synthetic_03952,cluster_t4,66,73,66,73,7,1.75,7e-05,1,1,T4,11.4,47.0,15
synthetic_03953,cluster_t4,71,72,71,72,1,0.25,7e-05,1,1,T4,3.152,5.46875,15
synthetic_03954,cluster_t4,57,58,57,58,1,0.25,7e-05,1,1,T4,3.152,5.46875,15
synthetic_03955,cluster_p100,71,72,71,72,1,0.25,0.00025,1,1,,11.3,48.0,15
synthetic_03956,cluster_g3,23,24,23,24,1,0.25,0.00035,1,1,,18.708,63.0,15
synthetic_03957,cluster_g2,12,15,12,15,3,0.75,0.00035,1,1,G2,8.0,16.0,15
synthetic_03958,cluster_g2,58,59,58,59,1,0.25,0.00035,1,1,,8.2,33.0,15
synthetic_03959,cluster_v100m16,2,3,2,3,1,0.25,0.00025,1,1,,3.152,5.46875,15
synthetic_03960,cluster_v100m16,55,56,55,56,1,0.25,0.00025,1,1,,3.152,5.46875,15
synthetic_03961,cluster_g2,68,69,68,69,1,0.25,0.00035,1,1,G2,3.152,5.46875,15
synthetic_03962,cluster_g2,81,82,81,82,1,0.25,0.00035,1,1,,8.0,29.8017578125,15
synthetic_03963,cluster_g3,70,71,70,71,1,0.25,0.00035,1,1,,11.3,48.0,15
synthetic_03964,cluster_p100,15,16,15,16,1,0.25,0.00025,1,1,,11.4,76.0,15
synthetic_03965,cluster_t4,27,28,27,28,1,0.25,7e-05,1,1,T4,3.152,5.46875,15
synthetic_03966,cluster_g3,90,94,90,94,4,1.0,0.00035,1,1,,3.152,5.46875,15
synthetic_03967,cluster_p100,30,31,30,31,1,0.25,0.00025,1,1,,8.0,29.8017578125,15
synthetic_03968,cluster_v100m16,64,65,64,65,1,0.25,0.00025,1,1,,15.7,57.0,15
synthetic_03969,cluster_g3,39,40,39,40,1,0.25,0.00035,1,1,,18.708,63.0,15
synthetic_03970,cluster_v100m16,16,17,16,17,1,0.25,0.00025,1,1,,3.152,5.46875,15
synthetic_03971,cluster_t4,73,75,73,75,2,0.5,7e-05,1,1,T4,4.0,29.8017578125,15
synthetic_03972,cluster_p100,64,67,64,67,3,0.75,0.00025,1,1,,11.4,47.0,15
synthetic_03973,cluster_t4,59,60,59,60,1,0.25,7e-05,1,1,T4,4.152,10.3515625,15
synthetic_03974,cluster_g2,84,87,84,87,3,0.75,0.00035,1,1,,9.81,40.5859375,15
synthetic_03975,cluster_t4,84,85,84,85,1,0.25,7e-05,1,1,T4,11.908,46.0,15
synthetic_03976,cluster_v100m16,2,3,2,3,1,0.25,0.00025,1,1,,3.152,5.46875,15
synthetic_03977,cluster_t4,6,7,6,7,1,0.25,7e-05,1,1,T4,11.908,46.0,15
synthetic_03978,cluster_g3,67,69,67,69,2,0.5,0.00035,1,1,G3,16.0,32.0,15
synthetic_03979,cluster_g3,67,68,67,68,1,0.25,0.00035,1,1,,11.3,48.0,15
synthetic_03980,cluster_p100,68,69,68,69,1,0.25,0.00025,1,1,P100,11.908,46.0,15
synthetic_03981,cluster_g3,62,63,62,63,1,0.25,0.00035,1,1,,3.152,5.46875,15
synthetic_03982,cluster_v100m16,29,30,29,30,1,0.25,0.00025,1,1,,4.0,29.8017578125,15
synthetic_03983,cluster_t4,84,85,84,85,1,0.25,7e-05,1,1,,11.3,48.0,15
synthetic_03984,cluster_v100m16,37,38,37,38,1,0.25,0.00025,1,1,P100|V100M16|V100M32,18.708,63.0,15
synthetic_03985,cluster_t4,77,78,77,78,1,0.25,7e-05,1,1,T4,11.4,47.0,15
synthetic_03986,cluster_t4,43,44,43,44,1,0.25,7e-05,1,1,T4,3.152,5.46875,15
synthetic_03987,cluster_v100m16,69,71,69,71,2,0.5,0.00025,1,1,V100M16|V100M32,11.3,48.0,15
synthetic_03988,cluster_v100m32,76,77,76,77,1,0.25,0.00025,1,1,,12.0,24.0,15
synthetic_03989,cluster_g2,24,25,24,25,1,0.25,0.00035,1,1,,11.3,48.0,15
synthetic_03990,cluster_t4,33,34,33,34,1,0.25,7e-05,1,1,,3.152,5.46875,15
synthetic_03991,cluster_t4,32,33,32,33,1,0.25,7e-05,1,1,T4,3.152,5.46875,15
synthetic_03992,cluster_p100,84,85,84,85,1,0.25,0.00025,1,1,P100,11.908,46.0,15
synthetic_03993,cluster_g2,83,84,83,84,1,0.25,0.00035,1,1,,8.0,29.8017578125,15
synthetic_03994,cluster_g3,83,85,83,85,2,0.5,0.00035,1,1,,11.3,48.0,15
synthetic_03995,cluster_v100m32,18,19,18,19,1,0.25,0.00025,1,1,,3.152,5.46875,15
synthetic_03996,cluster_t4,19,22,19,22,3,0.75,7e-05,1,1,,11.3,48.0,15
synthetic_03997,cluster_t4,45,46,45,46,1,0.25,7e-05,1,1,,3.152,5.46875,15
synthetic_03998,cluster_a10,91,92,91,92,1,0.25,0.00015,1,1,,3.152,5.46875,15
synthetic_03999,cluster_v100m32,73,74,73,74,1,0.25,0.00025,1,1,V100M16|V100M32,11.3,48.0,15
synthetic_04000,cluster_p100,1,2,1,2,1,0.25,0.00025,1,1,,3.152,5.46875,15
synthetic_04001,cluster_g2,12,13,12,13,1,0.25,0.00035,1,1,,3.152,5.46875,15
synthetic_04002,cluster_v100m16,62,63,62,63,1,0.25,0.00025,1,1,,14.2,57.0,15
synthetic_04003,cluster_g2,51,53,51,53,2,0.5,0.00035,1,1,G2,1.0,6.0,15
synthetic_04004,cluster_p100,3,17,3,17,14,3.5,0.00025,1,1,,4.0,29.8017578125,15
synthetic_04005,cluster_g2,27,28,27,28,1,0.25,0.00035,1,1,,3.152,5.46875,15
synthetic_04006,cluster_t4,11,14,11,14,3,0.75,7e-05,1,1,T4,11.908,46.0,15
synthetic_04007,cluster_p100,42,44,42,44,2,0.5,0.00025,1,1,,14.2,57.0,15
synthetic_04008,cluster_v100m32,67,75,67,75,8,2.0,0.00025,1,1,,3.152,5.46875,15
synthetic_04009,cluster_t4,53,54,53,54,1,0.25,7e-05,1,1,,3.152,5.46875,15
synthetic_04010,cluster_v100m16,81,82,81,82,1,0.25,0.00025,1,1,,3.152,5.46875,15
synthetic_04011,cluster_t4,1,2,1,2,1,0.25,7e-05,1,1,T4,11.3,48.0,15
synthetic_04012,cluster_g2,59,60,59,60,1,0.25,0.00035,1,1,,11.3,48.0,15
synthetic_04013,cluster_p100,95,96,95,96,1,0.25,0.00025,1,1,,9.4,51.0,15
synthetic_04014,cluster_t4,12,13,12,13,1,0.25,7e-05,1,1,,11.908,46.0,15
synthetic_04015,cluster_p100,77,78,77,78,1,0.25,0.00025,1,1,P100,3.152,5.46875,15
synthetic_04016,cluster_v100m16,31,32,31,32,1,0.25,0.00025,1,1,,4.152,10.3515625,15
synthetic_04017,cluster_g2,54,55,54,55,1,0.25,0.00035,1,1,G2,4.0,24.0,15
synthetic_04018,cluster_g3,64,65,64,65,1,0.25,0.00035,1,1,,11.908,46.0,15
synthetic_04019,cluster_g3,25,36,25,36,11,2.75,0.00035,1,1,,4.0,14.900390625,15
synthetic_04020,cluster_v100m32,74,76,74,76,2,0.5,0.00025,1,1,,8.0,29.8017578125,15
synthetic_04021,cluster_p100,42,44,42,44,2,0.5,0.00025,1,1,,3.152,5.46875,15
synthetic_04022,cluster_p100,20,22,20,22,2,0.5,0.00025,1,1,,16.4,123.0,15
synthetic_04023,cluster_v100m16,89,90,89,90,1,0.25,0.00025,1,1,P100|V100M16|V100M32,3.152,5.46875,15
synthetic_04024,cluster_t4,78,80,78,80,2,0.5,7e-05,1,1,,14.2,57.0,15
synthetic_04025,cluster_t4,28,29,28,29,1,0.25,7e-05,1,1,T4,8.0,32.0,15
synthetic_04026,cluster_t4,13,17,13,17,4,1.0,7e-05,1,1,T4,18.708,63.0,15
synthetic_04027,cluster_v100m32,72,73,72,73,1,0.25,0.00025,1,1,,18.708,63.0,15
synthetic_04028,cluster_p100,45,47,45,47,2,0.5,0.00025,1,1,,11.4,47.0,15
synthetic_04029,cluster_p100,84,88,84,88,4,1.0,0.00025,1,1,,11.9,76.0,15
synthetic_04030,cluster_t4,87,90,87,90,3,0.75,7e-05,1,1,T4,11.3,48.0,15
synthetic_04031,cluster_g2,52,53,52,53,1,0.25,0.00035,1,1,,14.2,57.0,15
synthetic_04032,cluster_t4,46,47,46,47,1,0.25,7e-05,1,1,T4,11.3,48.0,15
synthetic_04033,cluster_t4,2,3,2,3,1,0.25,7e-05,1,1,T4,11.3,48.0,15
synthetic_04034,cluster_v100m16,56,57,56,57,1,0.25,0.00025,1,1,,11.908,46.0,15
synthetic_04035,cluster_t4,37,38,37,38,1,0.25,7e-05,1,1,T4,12.0,16.0,15
synthetic_04036,cluster_t4,92,96,92,96,4,1.0,7e-05,1,1,T4,4.0,14.900390625,15
synthetic_04037,cluster_v100m32,34,35,34,35,1,0.25,0.00025,1,1,,3.152,5.46875,15
synthetic_04038,cluster_t4,9,12,9,12,3,0.75,7e-05,1,1,,15.7,57.0,15
synthetic_04039,cluster_t4,49,50,49,50,1,0.25,7e-05,1,1,T4,3.152,5.46875,15
synthetic_04040,cluster_t4,35,44,35,44,9,2.25,7e-05,1,1,T4,4.0,30.517578125,15
synthetic_04041,cluster_v100m32,20,22,20,22,2,0.5,0.00025,1,1,,8.0,32.0,15
synthetic_04042,cluster_p100,63,64,63,64,1,0.25,0.00025,1,1,,3.152,5.46875,15
synthetic_04043,cluster_p100,19,20,19,20,1,0.25,0.00025,1,1,P100,3.152,5.46875,15
synthetic_04044,cluster_t4,16,18,16,18,2,0.5,7e-05,1,1,T4,11.4,47.0,15
synthetic_04045,cluster_p100,69,71,69,71,2,0.5,0.00025,1,1,,2.0,8.0,15
synthetic_04046,cluster_g2,57,71,57,71,14,3.5,0.00035,1,1,G2,16.0,64.0,15
synthetic_04047,cluster_g3,19,20,19,20,1,0.25,0.00035,1,1,,3.152,5.46875,15
synthetic_04048,cluster_t4,45,46,45,46,1,0.25,7e-05,1,1,,12.0,24.0,15
synthetic_04049,cluster_p100,88,89,88,89,1,0.25,0.00025,1,1,,3.152,5.46875,15
synthetic_04050,cluster_v100m16,41,46,41,46,5,1.25,0.00025,1,1,,9.81,40.5859375,15
synthetic_04051,cluster_v100m16,40,46,40,46,6,1.5,0.00025,1,1,,14.2,57.0,15
synthetic_04052,cluster_t4,94,95,94,95,1,0.25,7e-05,1,1,,4.0,29.8017578125,15
synthetic_04053,cluster_p100,26,27,26,27,1,0.25,0.00025,1,1,P100,3.152,5.46875,15
synthetic_04054,cluster_t4,79,80,79,80,1,0.25,7e-05,1,1,T4,12.0,16.0,15
synthetic_04055,cluster_a10,39,40,39,40,1,0.25,0.00015,1,1,,11.908,46.0,15
synthetic_04056,cluster_v100m32,55,56,55,56,1,0.25,0.00025,1,1,,9.81,40.5859375,15
synthetic_04057,cluster_g3,51,54,51,54,3,0.75,0.00035,1,1,,12.0,18.0,15
synthetic_04058,cluster_t4,31,33,31,33,2,0.5,7e-05,1,1,,8.2,33.0,15
synthetic_04059,cluster_p100,76,79,76,79,3,0.75,0.00025,1,1,,1.0,2.0,15
synthetic_04060,cluster_g3,93,94,93,94,1,0.25,0.00035,1,1,,3.152,5.46875,15
synthetic_04061,cluster_v100m32,58,61,58,61,3,0.75,0.00025,1,1,,3.152,5.46875,15
synthetic_04062,cluster_t4,13,14,13,14,1,0.25,7e-05,1,1,T4,12.0,15.0,15
synthetic_04063,cluster_g3,18,19,18,19,1,0.25,0.00035,1,1,,6.0,12.0,15
synthetic_04064,cluster_g2,79,81,79,81,2,0.5,0.00035,1,1,,11.3,37.0,15
synthetic_04065,cluster_t4,11,12,11,12,1,0.25,7e-05,1,1,,12.0,16.0,15
synthetic_04066,cluster_p100,33,35,33,35,2,0.5,0.00025,1,1,,11.4,47.0,15
synthetic_04067,cluster_p100,81,87,81,87,6,1.5,0.00025,1,1,,3.152,5.46875,15
synthetic_04068,cluster_g3,40,41,40,41,1,0.25,0.00035,1,1,,3.152,5.46875,15
synthetic_04069,cluster_t4,23,24,23,24,1,0.25,7e-05,1,1,,3.152,5.46875,15
synthetic_04070,cluster_t4,47,48,47,48,1,0.25,7e-05,1,1,,15.7,57.0,15
synthetic_04071,cluster_t4,26,28,26,28,2,0.5,7e-05,1,1,,3.152,5.46875,15
synthetic_04072,cluster_t4,43,44,43,44,1,0.25,7e-05,1,1,,3.152,5.46875,15
synthetic_04073,cluster_t4,74,75,74,75,1,0.25,7e-05,1,1,,4.0,29.8017578125,15
synthetic_04074,cluster_g3,74,78,74,78,4,1.0,0.00035,1,1,,11.9,76.0,15
synthetic_04075,cluster_t4,24,25,24,25,1,0.25,7e-05,1,1,,4.152,10.3515625,15
synthetic_04076,cluster_p100,86,88,86,88,2,0.5,0.00025,1,1,P100,3.152,5.46875,15
synthetic_04077,cluster_v100m16,56,57,56,57,1,0.25,0.00025,1,1,,4.152,10.3515625,15
synthetic_04078,cluster_p100,67,68,67,68,1,0.25,0.00025,1,1,P100,3.152,5.46875,15
synthetic_04079,cluster_g3,75,76,75,76,1,0.25,0.00035,1,1,,8.0,29.8017578125,15
synthetic_04080,cluster_p100,93,94,93,94,1,0.25,0.00025,1,1,,4.152,10.3515625,15
synthetic_04081,cluster_p100,68,72,68,72,4,1.0,0.00025,1,1,,8.0,16.0,15
synthetic_04082,cluster_g3,16,17,16,17,1,0.25,0.00035,1,1,,11.3,48.0,15
synthetic_04083,cluster_t4,82,83,82,83,1,0.25,7e-05,1,1,,11.3,48.0,15
synthetic_04084,cluster_g2,3,4,3,4,1,0.25,0.00035,1,1,,3.152,5.46875,15
synthetic_04085,cluster_t4,51,53,51,53,2,0.5,7e-05,1,1,T4,11.4,47.0,15
synthetic_04086,cluster_t4,90,91,90,91,1,0.25,7e-05,1,1,,11.4,47.0,15
synthetic_04087,cluster_v100m32,43,44,43,44,1,0.25,0.00025,1,1,,11.3,48.0,15
synthetic_04088,cluster_v100m16,14,16,14,16,2,0.5,0.00025,1,1,A10|G2|T4|V100M16|V100M32,11.4,47.0,15
synthetic_04089,cluster_t4,75,76,75,76,1,0.25,7e-05,1,1,T4,11.908,46.0,15
synthetic_04090,cluster_g2,43,44,43,44,1,0.25,0.00035,1,1,,3.152,5.46875,15
synthetic_04091,cluster_g3,19,32,19,32,13,3.25,0.00035,1,1,,3.152,5.46875,15
synthetic_04092,cluster_v100m16,34,35,34,35,1,0.25,0.00025,1,1,,11.3,48.0,15
synthetic_04093,cluster_p100,46,57,46,57,11,2.75,0.00025,1,1,,4.0,22.3515625,15
synthetic_04094,cluster_v100m32,93,95,93,95,2,0.5,0.00025,1,1,,12.0,16.0,15
synthetic_04095,cluster_v100m32,72,74,72,74,2,0.5,0.00025,1,1,P100|V100M16|V100M32,8.0,16.0,15
synthetic_04096,cluster_v100m16,17,18,17,18,1,0.25,0.00025,1,1,,4.0,22.3515625,15
synthetic_04097,cluster_g2,32,37,32,37,5,1.25,0.00035,1,1,,11.4,47.0,15
synthetic_04098,cluster_t4,17,18,17,18,1,0.25,7e-05,1,1,,3.152,5.46875,15
synthetic_04099,cluster_t4,53,56,53,56,3,0.75,7e-05,1,1,,15.7,57.0,15
synthetic_04100,cluster_t4,12,13,12,13,1,0.25,7e-05,1,1,T4,3.152,5.46875,15
synthetic_04101,cluster_g2,64,66,64,66,2,0.5,0.00035,1,1,G2,8.2,33.0,15
synthetic_04102,cluster_v100m16,57,59,57,59,2,0.5,0.00025,1,1,,11.908,46.0,15
synthetic_04103,cluster_g2,55,57,55,57,2,0.5,0.00035,1,1,G2,11.4,47.0,15
synthetic_04104,cluster_v100m32,29,30,29,30,1,0.25,0.00025,1,1,,11.3,48.0,15
synthetic_04105,cluster_v100m32,83,85,83,85,2,0.5,0.00025,1,1,,11.3,48.0,15
synthetic_04106,cluster_t4,30,45,30,45,15,3.75,7e-05,1,1,,4.0,29.8017578125,15
synthetic_04107,cluster_p100,57,58,57,58,1,0.25,0.00025,1,1,,3.152,5.46875,15
synthetic_04108,cluster_t4,1,2,1,2,1,0.25,7e-05,1,1,T4,11.3,48.0,15
synthetic_04109,cluster_g2,11,12,11,12,1,0.25,0.00035,1,1,G2,3.152,5.46875,15
synthetic_04110,cluster_v100m16,64,65,64,65,1,0.25,0.00025,1,1,,11.3,48.0,15
synthetic_04111,cluster_p100,77,78,77,78,1,0.25,0.00025,1,1,,6.0,6.0,15
synthetic_04112,cluster_t4,38,39,38,39,1,0.25,7e-05,1,1,T4,4.0,22.3515625,15
synthetic_04113,cluster_g3,83,86,83,86,3,0.75,0.00035,1,1,,15.7,57.0,15
synthetic_04114,cluster_g2,95,96,95,96,1,0.25,0.00035,1,1,G2,3.152,5.46875,15
synthetic_04115,cluster_t4,37,38,37,38,1,0.25,7e-05,1,1,T4,11.908,46.0,15
synthetic_04116,cluster_t4,8,10,8,10,2,0.5,7e-05,1,1,T4,14.2,57.0,15
synthetic_04117,cluster_t4,66,68,66,68,2,0.5,7e-05,1,1,T4,16.0,32.0,15
synthetic_04118,cluster_g3,53,54,53,54,1,0.25,0.00035,1,1,,15.7,57.0,15
synthetic_04119,cluster_t4,1,2,1,2,1,0.25,7e-05,1,1,T4,12.0,15.0,15
synthetic_04120,cluster_t4,22,23,22,23,1,0.25,7e-05,1,1,T4,11.908,46.0,15
synthetic_04121,cluster_g3,32,35,32,35,3,0.75,0.00035,1,1,,15.7,57.0,15
synthetic_04122,cluster_p100,11,13,11,13,2,0.5,0.00025,1,1,P100,3.152,5.46875,15
synthetic_04123,cluster_v100m16,62,63,62,63,1,0.25,0.00025,1,1,,11.3,48.0,15
synthetic_04124,cluster_t4,43,44,43,44,1,0.25,7e-05,1,1,,11.3,48.0,15
synthetic_04125,cluster_p100,47,48,47,48,1,0.25,0.00025,1,1,P100,3.152,5.46875,15
synthetic_04126,cluster_v100m16,20,24,20,24,4,1.0,0.00025,1,1,,9.81,40.5859375,15
synthetic_04127,cluster_v100m32,74,89,74,89,15,3.75,0.00025,1,1,,11.908,46.0,15
synthetic_04128,cluster_t4,63,64,63,64,1,0.25,7e-05,1,1,,11.3,48.0,15
synthetic_04129,cluster_t4,53,54,53,54,1,0.25,7e-05,1,1,T4,11.908,46.0,15
synthetic_04130,cluster_v100m16,65,74,65,74,9,2.25,0.00025,1,1,,16.0,64.0,15
synthetic_04131,cluster_g2,44,45,44,45,1,0.25,0.00035,1,1,,3.152,5.46875,15
synthetic_04132,cluster_t4,34,38,34,38,4,1.0,7e-05,1,1,T4,11.3,48.0,15
synthetic_04133,cluster_v100m32,22,36,22,36,14,3.5,0.00025,1,1,,3.152,5.46875,15
synthetic_04134,cluster_g2,83,84,83,84,1,0.25,0.00035,1,1,G2,11.4,47.0,15
synthetic_04135,cluster_v100m32,18,19,18,19,1,0.25,0.00025,1,1,,11.3,48.0,15
synthetic_04136,cluster_v100m32,56,71,56,71,15,3.75,0.00025,1,1,,12.0,15.0,15
synthetic_04137,cluster_g2,68,69,68,69,1,0.25,0.00035,1,1,,3.152,5.46875,15
synthetic_04138,cluster_p100,29,31,29,31,2,0.5,0.00025,1,1,P100,3.152,5.46875,15
synthetic_04139,cluster_p100,85,87,85,87,2,0.5,0.00025,1,1,,15.4,88.0,15
synthetic_04140,cluster_g2,55,56,55,56,1,0.25,0.00035,1,1,,11.4,47.0,15
synthetic_04141,cluster_g3,19,20,19,20,1,0.25,0.00035,1,1,,3.152,5.46875,15
synthetic_04142,cluster_v100m16,78,79,78,79,1,0.25,0.00025,1,1,,8.0,29.8017578125,15
synthetic_04143,cluster_t4,59,60,59,60,1,0.25,7e-05,1,1,,3.152,5.46875,15
synthetic_04144,cluster_v100m32,60,62,60,62,2,0.5,0.00025,1,1,P100|V100M16|V100M32,16.0,32.0,15
synthetic_04145,cluster_g3,12,13,12,13,1,0.25,0.00035,1,1,,3.152,5.46875,15
synthetic_04146,cluster_v100m16,17,18,17,18,1,0.25,0.00025,1,1,,8.0,29.8017578125,15
synthetic_04147,cluster_t4,20,22,20,22,2,0.5,7e-05,1,1,T4,12.0,24.0,15
synthetic_04148,cluster_t4,95,96,95,96,1,0.25,7e-05,1,1,T4,11.4,47.0,15
synthetic_04149,cluster_t4,93,94,93,94,1,0.25,7e-05,1,1,T4,3.152,5.46875,15
synthetic_04150,cluster_t4,53,58,53,58,5,1.25,7e-05,1,1,,11.908,46.0,15
synthetic_04151,cluster_t4,2,3,2,3,1,0.25,7e-05,1,1,,8.0,29.8017578125,15
synthetic_04152,cluster_g2,0,2,0,2,2,0.5,0.00035,1,1,G2,18.708,63.0,15
synthetic_04153,cluster_p100,92,94,92,94,2,0.5,0.00025,1,1,,15.7,57.0,15
synthetic_04154,cluster_p100,44,46,44,46,2,0.5,0.00025,1,1,,8.0,29.8017578125,15
synthetic_04155,cluster_v100m16,28,30,28,30,2,0.5,0.00025,1,1,,4.0,24.0,15
synthetic_04156,cluster_p100,38,40,38,40,2,0.5,0.00025,1,1,,16.0,64.0,15
synthetic_04157,cluster_t4,8,9,8,9,1,0.25,7e-05,1,1,,3.152,5.46875,15
synthetic_04158,cluster_g2,58,60,58,60,2,0.5,0.00035,1,1,G2,8.0,16.0,15
synthetic_04159,cluster_v100m16,55,58,55,58,3,0.75,0.00025,1,1,,11.3,48.0,15
synthetic_04160,cluster_g2,48,49,48,49,1,0.25,0.00035,1,1,,3.152,5.46875,15
synthetic_04161,cluster_v100m32,12,20,12,20,8,2.0,0.00025,1,1,,8.0,29.8017578125,15
synthetic_04162,cluster_g2,29,35,29,35,6,1.5,0.00035,1,1,G2,12.0,24.0,15
synthetic_04163,cluster_v100m16,24,26,24,26,2,0.5,0.00025,1,1,,3.152,5.46875,15
synthetic_04164,cluster_t4,94,95,94,95,1,0.25,7e-05,1,1,,11.908,46.0,15
synthetic_04165,cluster_p100,24,25,24,25,1,0.25,0.00025,1,1,,3.152,5.46875,15
synthetic_04166,cluster_g3,25,27,25,27,2,0.5,0.00035,1,1,,4.0,30.517578125,15
synthetic_04167,cluster_v100m16,91,92,91,92,1,0.25,0.00025,1,1,,3.152,5.46875,15
synthetic_04168,cluster_g2,43,45,43,45,2,0.5,0.00035,1,1,,6.0,6.0,15
synthetic_04169,cluster_t4,56,57,56,57,1,0.25,7e-05,1,1,,11.4,47.0,15
synthetic_04170,cluster_g3,11,13,11,13,2,0.5,0.00035,1,1,,11.908,46.0,15
synthetic_04171,cluster_g3,10,11,10,11,1,0.25,0.00035,1,1,,2.0,16.0,15
synthetic_04172,cluster_g2,56,57,56,57,1,0.25,0.00035,1,1,,11.908,46.0,15
synthetic_04173,cluster_p100,42,46,42,46,4,1.0,0.00025,1,1,P100,11.908,46.0,15
synthetic_04174,cluster_g3,75,77,75,77,2,0.5,0.00035,1,1,,11.908,46.0,15
synthetic_04175,cluster_t4,0,2,0,2,2,0.5,7e-05,1,1,T4,24.2,91.0,15
synthetic_04176,cluster_t4,45,48,45,48,3,0.75,7e-05,1,1,,11.9,76.0,15
synthetic_04177,cluster_p100,39,40,39,40,1,0.25,0.00025,1,1,P100,3.152,5.46875,15
synthetic_04178,cluster_v100m32,27,28,27,28,1,0.25,0.00025,1,1,V100M16|V100M32,18.708,63.0,15
synthetic_04179,cluster_t4,73,74,73,74,1,0.25,7e-05,1,1,T4,18.708,63.0,15
synthetic_04180,cluster_t4,77,80,77,80,3,0.75,7e-05,1,1,,24.2,91.0,15
synthetic_04181,cluster_g2,1,2,1,2,1,0.25,0.00035,1,1,,3.152,5.46875,15
synthetic_04182,cluster_v100m32,7,8,7,8,1,0.25,0.00025,1,1,,3.152,5.46875,15
synthetic_04183,cluster_t4,31,35,31,35,4,1.0,7e-05,1,1,,8.0,29.8017578125,15
synthetic_04184,cluster_g2,17,18,17,18,1,0.25,0.00035,1,1,,11.3,48.0,15
synthetic_04185,cluster_p100,74,75,74,75,1,0.25,0.00025,1,1,,11.4,47.0,15
synthetic_04186,cluster_v100m32,91,92,91,92,1,0.25,0.00025,1,1,,3.152,5.46875,15
synthetic_04187,cluster_t4,27,28,27,28,1,0.25,7e-05,1,1,,3.152,5.46875,15
synthetic_04188,cluster_p100,53,58,53,58,5,1.25,0.00025,1,1,P100,4.0,22.3515625,15
synthetic_04189,cluster_p100,24,25,24,25,1,0.25,0.00025,1,1,,18.708,63.0,15
synthetic_04190,cluster_p100,15,21,15,21,6,1.5,0.00025,1,1,P100,4.0,29.8017578125,15
synthetic_04191,cluster_g2,58,59,58,59,1,0.25,0.00035,1,1,G2,18.708,63.0,15
synthetic_04192,cluster_p100,85,86,85,86,1,0.25,0.00025,1,1,,11.3,48.0,15
synthetic_04193,cluster_g2,21,22,21,22,1,0.25,0.00035,1,1,,11.3,48.0,15
synthetic_04194,cluster_t4,38,39,38,39,1,0.25,7e-05,1,1,T4,11.3,48.0,15
synthetic_04195,cluster_t4,74,75,74,75,1,0.25,7e-05,1,1,T4,11.4,47.0,15
synthetic_04196,cluster_g3,4,8,4,8,4,1.0,0.00035,1,1,,11.908,46.0,15
synthetic_04197,cluster_t4,36,38,36,38,2,0.5,7e-05,1,1,T4,11.4,76.0,15
synthetic_04198,cluster_p100,65,69,65,69,4,1.0,0.00025,1,1,,11.9,76.0,15
synthetic_04199,cluster_g2,80,81,80,81,1,0.25,0.00035,1,1,,11.3,48.0,15
synthetic_04200,cluster_g2,68,69,68,69,1,0.25,0.00035,1,1,,3.152,5.46875,15
synthetic_04201,cluster_t4,92,95,92,95,3,0.75,7e-05,1,1,T4,4.0,14.900390625,15
synthetic_04202,cluster_t4,85,86,85,86,1,0.25,7e-05,1,1,T4,3.152,5.46875,15
synthetic_04203,cluster_g2,85,87,85,87,2,0.5,0.00035,1,1,,24.2,91.0,15
synthetic_04204,cluster_t4,38,40,38,40,2,0.5,7e-05,1,1,T4,11.908,46.0,15
synthetic_04205,cluster_t4,18,19,18,19,1,0.25,7e-05,1,1,T4,11.9,76.0,15
synthetic_04206,cluster_v100m32,84,85,84,85,1,0.25,0.00025,1,1,,11.3,48.0,15
synthetic_04207,cluster_g2,41,42,41,42,1,0.25,0.00035,1,1,G2,11.9,76.0,15
synthetic_04208,cluster_g2,13,14,13,14,1,0.25,0.00035,1,1,,3.152,5.46875,15
synthetic_04209,cluster_p100,18,19,18,19,1,0.25,0.00025,1,1,,11.3,48.0,15
synthetic_04210,cluster_v100m16,46,47,46,47,1,0.25,0.00025,1,1,,3.152,5.46875,15
synthetic_04211,cluster_t4,94,95,94,95,1,0.25,7e-05,1,1,T4,4.152,10.3515625,15
synthetic_04212,cluster_g2,54,55,54,55,1,0.25,0.00035,1,1,,3.152,5.46875,15
synthetic_04213,cluster_v100m16,71,72,71,72,1,0.25,0.00025,1,1,,16.4,123.0,15
synthetic_04214,cluster_v100m32,90,91,90,91,1,0.25,0.00025,1,1,,8.0,29.8017578125,15
synthetic_04215,cluster_v100m16,88,89,88,89,1,0.25,0.00025,1,1,V100M16|V100M32,18.708,63.0,15
synthetic_04216,cluster_v100m16,28,31,28,31,3,0.75,0.00025,1,1,,6.0,23.0,15
synthetic_04217,cluster_g2,14,15,14,15,1,0.25,0.00035,1,1,,11.908,46.0,15
synthetic_04218,cluster_p100,81,83,81,83,2,0.5,0.00025,1,1,,11.9,76.0,15
synthetic_04219,cluster_p100,91,94,91,94,3,0.75,0.00025,1,1,,4.0,14.900390625,15
synthetic_04220,cluster_t4,90,95,90,95,5,1.25,7e-05,1,1,,15.2,79.0,15
synthetic_04221,cluster_p100,5,6,5,6,1,0.25,0.00025,1,1,,3.152,5.46875,15
synthetic_04222,cluster_v100m16,86,87,86,87,1,0.25,0.00025,1,1,,8.0,29.8017578125,15
synthetic_04223,cluster_p100,39,49,39,49,10,2.5,0.00025,1,1,P100|V100M16|V100M32,24.2,91.0,15
synthetic_04224,cluster_t4,32,35,32,35,3,0.75,7e-05,1,1,T4,6.0,18.0,15
synthetic_04225,cluster_g2,2,3,2,3,1,0.25,0.00035,1,1,G2,3.152,5.46875,15
synthetic_04226,cluster_v100m32,46,47,46,47,1,0.25,0.00025,1,1,,3.152,5.46875,15
synthetic_04227,cluster_t4,80,83,80,83,3,0.75,7e-05,1,1,T4,6.0,32.0,15
synthetic_04228,cluster_t4,2,3,2,3,1,0.25,7e-05,1,1,T4,9.81,40.5859375,15
synthetic_04229,cluster_g2,63,64,63,64,1,0.25,0.00035,1,1,G2,11.4,47.0,15
synthetic_04230,cluster_v100m16,72,74,72,74,2,0.5,0.00025,1,1,,4.0,29.8017578125,15
synthetic_04231,cluster_v100m32,91,93,91,93,2,0.5,0.00025,1,1,,11.908,46.0,15
synthetic_04232,cluster_t4,6,7,6,7,1,0.25,7e-05,1,1,,3.152,5.46875,15
synthetic_04233,cluster_t4,26,27,26,27,1,0.25,7e-05,1,1,,3.152,5.46875,15
synthetic_04234,cluster_p100,60,62,60,62,2,0.5,0.00025,1,1,P100,4.152,10.3515625,15
synthetic_04235,cluster_g2,50,55,50,55,5,1.25,0.00035,1,1,,16.0,32.0,15
synthetic_04236,cluster_p100,81,82,81,82,1,0.25,0.00025,1,1,,11.3,48.0,15
synthetic_04237,cluster_g2,19,20,19,20,1,0.25,0.00035,1,1,,4.152,10.3515625,15
synthetic_04238,cluster_v100m16,76,81,76,81,5,1.25,0.00025,1,1,,4.0,24.0,15
synthetic_04239,cluster_p100,81,82,81,82,1,0.25,0.00025,1,1,P100,11.908,46.0,15
synthetic_04240,cluster_t4,43,44,43,44,1,0.25,7e-05,1,1,T4,3.152,5.46875,15
synthetic_04241,cluster_v100m16,64,65,64,65,1,0.25,0.00025,1,1,,3.152,5.46875,15
synthetic_04242,cluster_g2,6,7,6,7,1,0.25,0.00035,1,1,,24.2,91.0,15
synthetic_04243,cluster_v100m32,59,60,59,60,1,0.25,0.00025,1,1,,11.3,48.0,15
synthetic_04244,cluster_t4,52,54,52,54,2,0.5,7e-05,1,1,T4,3.152,5.46875,15
synthetic_04245,cluster_t4,80,89,80,89,9,2.25,7e-05,1,1,T4,3.152,5.46875,15
synthetic_04246,cluster_v100m32,13,15,13,15,2,0.5,0.00025,1,1,,12.0,16.0,15
synthetic_04247,cluster_g2,66,67,66,67,1,0.25,0.00035,1,1,G2,12.0,24.0,15
synthetic_04248,cluster_t4,8,10,8,10,2,0.5,7e-05,1,1,T4,4.0,14.900390625,15
synthetic_04249,cluster_p100,61,63,61,63,2,0.5,0.00025,1,1,,3.152,5.46875,15
synthetic_04250,cluster_t4,1,2,1,2,1,0.25,7e-05,1,1,T4,9.81,40.5859375,15
synthetic_04251,cluster_t4,74,76,74,76,2,0.5,7e-05,1,1,,15.2,79.0,15
synthetic_04252,cluster_t4,61,62,61,62,1,0.25,7e-05,1,1,T4,11.4,47.0,15
synthetic_04253,cluster_v100m32,39,43,39,43,4,1.0,0.00025,1,1,,3.152,5.46875,15
synthetic_04254,cluster_v100m32,81,87,81,87,6,1.5,0.00025,1,1,,11.908,46.0,15
synthetic_04255,cluster_t4,94,95,94,95,1,0.25,7e-05,1,1,T4,3.152,5.46875,15
synthetic_04256,cluster_p100,25,32,25,32,7,1.75,0.00025,1,1,P100,8.0,29.8017578125,15
synthetic_04257,cluster_v100m16,58,63,58,63,5,1.25,0.00025,1,1,,4.0,24.0,15
synthetic_04258,cluster_t4,89,91,89,91,2,0.5,7e-05,1,1,T4,12.0,32.0,15
synthetic_04259,cluster_t4,36,37,36,37,1,0.25,7e-05,1,1,,3.152,5.46875,15
synthetic_04260,cluster_g2,34,35,34,35,1,0.25,0.00035,1,1,,3.152,5.46875,15
synthetic_04261,cluster_p100,81,88,81,88,7,1.75,0.00025,1,1,,9.81,40.5859375,15
synthetic_04262,cluster_g2,18,20,18,20,2,0.5,0.00035,1,1,,11.3,48.0,15
synthetic_04263,cluster_t4,0,1,0,1,1,0.25,7e-05,1,1,,4.152,10.3515625,15
synthetic_04264,cluster_t4,15,18,15,18,3,0.75,7e-05,1,1,T4,11.908,46.0,15
synthetic_04265,cluster_g2,20,22,20,22,2,0.5,0.00035,1,1,,3.152,5.46875,15
synthetic_04266,cluster_p100,42,50,42,50,8,2.0,0.00025,1,1,,11.4,47.0,15
synthetic_04267,cluster_g3,3,8,3,8,5,1.25,0.00035,1,1,,11.3,48.0,15
synthetic_04268,cluster_p100,37,38,37,38,1,0.25,0.00025,1,1,,3.152,5.46875,15
synthetic_04269,cluster_p100,31,34,31,34,3,0.75,0.00025,1,1,,15.7,57.0,15
synthetic_04270,cluster_t4,47,48,47,48,1,0.25,7e-05,1,1,T4,3.152,5.46875,15
synthetic_04271,cluster_v100m16,2,3,2,3,1,0.25,0.00025,1,1,,3.152,5.46875,15
synthetic_04272,cluster_t4,78,79,78,79,1,0.25,7e-05,1,1,,3.152,5.46875,15
synthetic_04273,cluster_g3,81,82,81,82,1,0.25,0.00035,1,1,,4.152,10.3515625,15
synthetic_04274,cluster_t4,6,8,6,8,2,0.5,7e-05,1,1,,11.908,46.0,15
synthetic_04275,cluster_t4,39,41,39,41,2,0.5,7e-05,1,1,,8.2,33.0,15
synthetic_04276,cluster_t4,15,16,15,16,1,0.25,7e-05,1,1,T4,11.9,76.0,15
synthetic_04277,cluster_t4,40,42,40,42,2,0.5,7e-05,1,1,T4,14.2,57.0,15
synthetic_04278,cluster_v100m16,11,16,11,16,5,1.25,0.00025,1,1,,16.0,32.0,15
synthetic_04279,cluster_g3,78,79,78,79,1,0.25,0.00035,1,1,,11.908,46.0,15
synthetic_04280,cluster_t4,55,61,55,61,6,1.5,7e-05,1,1,,16.0,64.0,15
synthetic_04281,cluster_p100,67,72,67,72,5,1.25,0.00025,1,1,,11.908,46.0,15
synthetic_04282,cluster_t4,63,64,63,64,1,0.25,7e-05,1,1,T4,11.4,47.0,15
synthetic_04283,cluster_v100m16,33,34,33,34,1,0.25,0.00025,1,1,,9.81,40.5859375,15
synthetic_04284,cluster_t4,85,86,85,86,1,0.25,7e-05,1,1,,4.0,22.3515625,15
synthetic_04285,cluster_t4,9,24,9,24,15,3.75,7e-05,1,1,,11.908,46.0,15
synthetic_04286,cluster_v100m16,53,54,53,54,1,0.25,0.00025,1,1,,3.152,5.46875,15
synthetic_04287,cluster_v100m32,54,56,54,56,2,0.5,0.00025,1,1,V100M32,12.0,16.0,15
synthetic_04288,cluster_v100m32,69,81,69,81,12,3.0,0.00025,1,1,,11.908,46.0,15
synthetic_04289,cluster_v100m16,62,63,62,63,1,0.25,0.00025,1,1,A10|G2|P100|T4|V100M16|V100M32,3.152,5.46875,15
synthetic_04290,cluster_t4,86,93,86,93,7,1.75,7e-05,1,1,T4,4.0,14.900390625,15
synthetic_04291,cluster_t4,78,80,78,80,2,0.5,7e-05,1,1,T4,8.0,16.0,15
synthetic_04292,cluster_t4,34,35,34,35,1,0.25,7e-05,1,1,T4,11.4,47.0,15
synthetic_04293,cluster_t4,43,48,43,48,5,1.25,7e-05,1,1,T4,16.0,32.0,15
synthetic_04294,cluster_g3,23,24,23,24,1,0.25,0.00035,1,1,,3.152,5.46875,15
synthetic_04295,cluster_g3,8,10,8,10,2,0.5,0.00035,1,1,,3.152,5.46875,15
synthetic_04296,cluster_g3,95,96,95,96,1,0.25,0.00035,1,1,,4.0,22.3515625,15
synthetic_04297,cluster_p100,92,94,92,94,2,0.5,0.00025,1,1,,11.908,46.0,15
synthetic_04298,cluster_p100,51,52,51,52,1,0.25,0.00025,1,1,,3.152,5.46875,15
synthetic_04299,cluster_g2,21,22,21,22,1,0.25,0.00035,1,1,,8.0,29.8017578125,15
synthetic_04300,cluster_g3,91,92,91,92,1,0.25,0.00035,1,1,,9.4,51.0,15
synthetic_04301,cluster_v100m16,43,44,43,44,1,0.25,0.00025,1,1,,11.3,48.0,15
synthetic_04302,cluster_v100m32,10,11,10,11,1,0.25,0.00025,1,1,,3.152,5.46875,15
synthetic_04303,cluster_t4,50,51,50,51,1,0.25,7e-05,1,1,,12.0,18.0,15
synthetic_04304,cluster_v100m16,44,45,44,45,1,0.25,0.00025,1,1,,4.152,10.3515625,15
synthetic_04305,cluster_p100,91,92,91,92,1,0.25,0.00025,1,1,P100,3.152,5.46875,15
synthetic_04306,cluster_t4,81,84,81,84,3,0.75,7e-05,1,1,,12.0,32.0,15
synthetic_04307,cluster_p100,50,51,50,51,1,0.25,0.00025,1,1,,3.152,5.46875,15
synthetic_04308,cluster_v100m32,2,3,2,3,1,0.25,0.00025,1,1,P100|V100M16|V100M32,15.7,57.0,15
synthetic_04309,cluster_v100m16,86,89,86,89,3,0.75,0.00025,1,1,,15.7,57.0,15
synthetic_04310,cluster_p100,20,22,20,22,2,0.5,0.00025,1,1,,11.4,47.0,15
synthetic_04311,cluster_v100m32,32,34,32,34,2,0.5,0.00025,1,1,,14.2,57.0,15
synthetic_04312,cluster_v100m32,25,27,25,27,2,0.5,0.00025,1,1,,11.908,46.0,15
synthetic_04313,cluster_v100m32,72,73,72,73,1,0.25,0.00025,1,1,,3.152,5.46875,15
synthetic_04314,cluster_t4,52,53,52,53,1,0.25,7e-05,1,1,T4,11.3,48.0,15
synthetic_04315,cluster_v100m32,33,34,33,34,1,0.25,0.00025,1,1,,8.0,16.0,15
synthetic_04316,cluster_t4,84,85,84,85,1,0.25,7e-05,1,1,T4,3.152,5.46875,15
synthetic_04317,cluster_t4,8,9,8,9,1,0.25,7e-05,1,1,,3.152,5.46875,15
synthetic_04318,cluster_v100m32,23,24,23,24,1,0.25,0.00025,1,1,,11.908,46.0,15
synthetic_04319,cluster_g2,45,46,45,46,1,0.25,0.00035,1,1,,9.81,40.5859375,15
synthetic_04320,cluster_t4,71,72,71,72,1,0.25,7e-05,1,1,T4,11.908,46.0,15
synthetic_04321,cluster_g3,26,35,26,35,9,2.25,0.00035,1,1,,4.0,22.3515625,15
synthetic_04322,cluster_g3,61,62,61,62,1,0.25,0.00035,1,1,,3.152,5.46875,15
synthetic_04323,cluster_t4,15,19,15,19,4,1.0,7e-05,1,1,T4,24.2,91.0,15
synthetic_04324,cluster_v100m16,29,30,29,30,1,0.25,0.00025,1,1,,3.152,5.46875,15
synthetic_04325,cluster_g2,31,32,31,32,1,0.25,0.00035,1,1,,11.4,47.0,15
synthetic_04326,cluster_p100,65,71,65,71,6,1.5,0.00025,1,1,,9.81,40.5859375,15
synthetic_04327,cluster_t4,84,85,84,85,1,0.25,7e-05,1,1,T4,12.0,24.0,15
synthetic_04328,cluster_t4,45,46,45,46,1,0.25,7e-05,1,1,T4,11.4,47.0,15
synthetic_04329,cluster_t4,21,22,21,22,1,0.25,7e-05,1,1,,3.152,5.46875,15
synthetic_04330,cluster_g2,18,19,18,19,1,0.25,0.00035,1,1,,11.908,46.0,15
synthetic_04331,cluster_t4,10,11,10,11,1,0.25,7e-05,1,1,T4,3.152,5.46875,15
synthetic_04332,cluster_g3,63,64,63,64,1,0.25,0.00035,1,1,,8.0,29.8017578125,15
synthetic_04333,cluster_v100m32,73,79,73,79,6,1.5,0.00025,1,1,,16.0,64.0,15
synthetic_04334,cluster_t4,90,92,90,92,2,0.5,7e-05,1,1,,3.152,5.46875,15
synthetic_04335,cluster_v100m32,25,26,25,26,1,0.25,0.00025,1,1,,3.152,5.46875,15
synthetic_04336,cluster_p100,24,25,24,25,1,0.25,0.00025,1,1,,3.152,5.46875,15
synthetic_04337,cluster_g2,52,56,52,56,4,1.0,0.00035,1,1,,12.0,24.0,15
synthetic_04338,cluster_v100m32,14,15,14,15,1,0.25,0.00025,1,1,,3.152,5.46875,15
synthetic_04339,cluster_v100m16,4,5,4,5,1,0.25,0.00025,1,1,A10|G2|P100|T4|V100M16|V100M32,3.152,5.46875,15
synthetic_04340,cluster_v100m16,80,81,80,81,1,0.25,0.00025,1,1,,4.0,29.8017578125,15
synthetic_04341,cluster_p100,74,76,74,76,2,0.5,0.00025,1,1,P100,4.0,14.900390625,15
synthetic_04342,cluster_g2,59,60,59,60,1,0.25,0.0014,4,4,G2,32.2,129.0,15
synthetic_04343,cluster_g2,55,56,55,56,1,0.25,0.0028,8,8,,64.2,257.0,15
synthetic_04344,cluster_g3,39,44,39,44,5,1.25,0.00035,1,1,G3,11.9,76.0,15
synthetic_04345,cluster_p100,90,95,90,95,5,1.25,0.00025,1,1,,11.908,46.0,15
synthetic_04346,cluster_g2,9,10,9,10,1,0.25,0.00035,1,1,,3.152,5.46875,15
synthetic_04347,cluster_t4,83,86,83,86,3,0.75,7e-05,1,1,T4,16.4,123.0,15
synthetic_04348,cluster_v100m32,29,30,29,30,1,0.25,0.00025,1,1,,3.152,5.46875,15
synthetic_04349,cluster_v100m16,69,72,69,72,3,0.75,0.00025,1,1,P100|V100M16|V100M32,15.7,57.0,15
synthetic_04350,cluster_v100m32,4,5,4,5,1,0.25,0.00025,1,1,,8.0,29.8017578125,15
synthetic_04351,cluster_p100,95,96,95,96,1,0.25,0.00025,1,1,P100,11.908,46.0,15
synthetic_04352,cluster_a10,84,85,84,85,1,0.25,0.00015,1,1,,11.3,48.0,15
synthetic_04353,cluster_v100m32,14,15,14,15,1,0.25,0.00025,1,1,,11.908,46.0,15
synthetic_04354,cluster_p100,72,73,72,73,1,0.25,0.00025,1,1,,11.4,47.0,15
synthetic_04355,cluster_g3,60,61,60,61,1,0.25,0.00035,1,1,,12.0,24.0,15
synthetic_04356,cluster_g2,90,91,90,91,1,0.25,0.00035,1,1,,4.0,16.0,15
synthetic_04357,cluster_g3,44,45,44,45,1,0.25,0.00035,1,1,,3.152,5.46875,15
synthetic_04358,cluster_g2,84,85,84,85,1,0.25,0.00035,1,1,G2,11.3,48.0,15
synthetic_04359,cluster_g2,11,25,11,25,14,3.5,0.00035,1,1,,16.0,64.0,15
synthetic_04360,cluster_v100m16,73,74,73,74,1,0.25,0.00025,1,1,,3.152,5.46875,15
synthetic_04361,cluster_v100m16,83,84,83,84,1,0.25,0.00025,1,1,,4.0,24.0,15
synthetic_04362,cluster_g3,51,52,51,52,1,0.25,0.00035,1,1,,2.0,16.0,15
synthetic_04363,cluster_g2,20,21,20,21,1,0.25,0.00035,1,1,,4.0,22.3515625,15
synthetic_04364,cluster_t4,80,83,80,83,3,0.75,7e-05,1,1,T4,3.152,5.46875,15
synthetic_04365,cluster_t4,10,17,10,17,7,1.75,7e-05,1,1,,12.0,15.0,15
synthetic_04366,cluster_v100m16,86,87,86,87,1,0.25,0.00025,1,1,V100M16|V100M32,3.152,5.46875,15
synthetic_04367,cluster_g3,49,50,49,50,1,0.25,0.00035,1,1,,11.3,48.0,15
synthetic_04368,cluster_g3,80,82,80,82,2,0.5,0.00035,1,1,,3.152,5.46875,15
synthetic_04369,cluster_v100m16,46,47,46,47,1,0.25,0.00025,1,1,V100M16|V100M32,3.152,5.46875,15
synthetic_04370,cluster_v100m32,82,88,82,88,6,1.5,0.00025,1,1,,4.0,24.0,15
synthetic_04371,cluster_g2,39,40,39,40,1,0.25,0.00035,1,1,G2,12.0,16.0,15
synthetic_04372,cluster_g2,51,54,51,54,3,0.75,0.00035,1,1,,15.7,57.0,15
synthetic_04373,cluster_t4,16,23,16,23,7,1.75,7e-05,1,1,T4,4.0,22.3515625,15
synthetic_04374,cluster_t4,62,63,62,63,1,0.25,0.00014,2,2,,16.2,65.0,15
synthetic_04375,cluster_t4,7,12,7,12,5,1.25,7e-05,1,1,,3.152,5.46875,15
synthetic_04376,cluster_p100,32,33,32,33,1,0.25,0.00025,1,1,,3.152,5.46875,15
synthetic_04377,cluster_p100,8,10,8,10,2,0.5,0.00025,1,1,,4.0,22.3515625,15
synthetic_04378,cluster_v100m32,62,63,62,63,1,0.25,0.00025,1,1,,3.152,5.46875,15
synthetic_04379,cluster_g3,84,86,84,86,2,0.5,0.00035,1,1,,8.0,32.0,15
synthetic_04380,cluster_g2,9,10,9,10,1,0.25,0.00035,1,1,G2,11.4,47.0,15
synthetic_04381,cluster_g2,49,50,49,50,1,0.25,0.00035,1,1,,18.708,63.0,15
synthetic_04382,cluster_v100m16,73,75,73,75,2,0.5,0.00025,1,1,A10|G2|T4|V100M16|V100M32,11.9,76.0,15
synthetic_04383,cluster_t4,16,17,16,17,1,0.25,7e-05,1,1,,3.152,5.46875,15
synthetic_04384,cluster_t4,86,87,86,87,1,0.25,7e-05,1,1,T4,12.0,24.0,15
synthetic_04385,cluster_v100m32,67,68,67,68,1,0.25,0.00025,1,1,,11.3,48.0,15
synthetic_04386,cluster_t4,92,94,92,94,2,0.5,7e-05,1,1,T4,11.3,48.0,15
synthetic_04387,cluster_v100m32,17,18,17,18,1,0.25,0.00025,1,1,,11.3,48.0,15
synthetic_04388,cluster_t4,32,33,32,33,1,0.25,7e-05,1,1,,11.4,47.0,15
synthetic_04389,cluster_t4,90,91,90,91,1,0.25,7e-05,1,1,,11.4,47.0,15
synthetic_04390,cluster_g2,80,83,80,83,3,0.75,0.00035,1,1,G2,11.4,76.0,15
synthetic_04391,cluster_g3,60,61,60,61,1,0.25,0.00035,1,1,,11.3,48.0,15
synthetic_04392,cluster_v100m32,58,59,58,59,1,0.25,0.00025,1,1,,11.3,37.0,15
synthetic_04393,cluster_p100,56,57,56,57,1,0.25,0.00025,1,1,P100|V100M16|V100M32,18.708,63.0,15
synthetic_04394,cluster_g3,22,23,22,23,1,0.25,0.00035,1,1,,12.0,48.0,15
synthetic_04395,cluster_v100m16,69,70,69,70,1,0.25,0.00025,1,1,,1.0,2.0,15
synthetic_04396,cluster_v100m16,46,47,46,47,1,0.25,0.00025,1,1,,6.0,6.0,15
synthetic_04397,cluster_t4,60,61,60,61,1,0.25,7e-05,1,1,T4,9.81,40.5859375,15
synthetic_04398,cluster_g3,15,16,15,16,1,0.25,0.00035,1,1,G3,15.7,57.0,15
synthetic_04399,cluster_g3,70,73,70,73,3,0.75,0.00035,1,1,,3.152,5.46875,15
synthetic_04400,cluster_v100m32,70,73,70,73,3,0.75,0.001,4,4,V100M16|V100M32,32.2,129.0,15
synthetic_04401,cluster_g3,55,63,55,63,8,2.0,0.00035,1,1,,12.0,15.0,15
synthetic_04402,cluster_g3,10,12,10,12,2,0.5,0.00035,1,1,,4.152,10.3515625,15
synthetic_04403,cluster_v100m16,18,19,18,19,1,0.25,0.00025,1,1,,24.2,91.0,15
synthetic_04404,cluster_t4,6,7,6,7,1,0.25,7e-05,1,1,,3.152,5.46875,15
synthetic_04405,cluster_p100,59,60,59,60,1,0.25,0.00025,1,1,,4.152,10.3515625,15
synthetic_04406,cluster_v100m32,91,92,91,92,1,0.25,0.00025,1,1,,3.152,5.46875,15
synthetic_04407,cluster_v100m16,36,37,36,37,1,0.25,0.00025,1,1,,4.0,29.8017578125,15
synthetic_04408,cluster_g2,29,32,29,32,3,0.75,0.00035,1,1,,18.708,63.0,15
synthetic_04409,cluster_t4,23,24,23,24,1,0.25,7e-05,1,1,,24.2,91.0,15
synthetic_04410,cluster_v100m32,15,17,15,17,2,0.5,0.00025,1,1,V100M16|V100M32,16.4,123.0,15
synthetic_04411,cluster_v100m32,46,47,46,47,1,0.25,0.00025,1,1,,11.3,48.0,15
synthetic_04412,cluster_v100m32,16,17,16,17,1,0.25,0.00025,1,1,P100|V100M16|V100M32,3.152,5.46875,15
synthetic_04413,cluster_p100,5,6,5,6,1,0.25,0.00025,1,1,G2|P100|T4|V100M16|V100M32,11.3,48.0,15
synthetic_04414,cluster_g2,32,33,32,33,1,0.25,0.00035,1,1,,11.908,46.0,15
synthetic_04415,cluster_t4,48,49,48,49,1,0.25,7e-05,1,1,T4,3.152,5.46875,15
synthetic_04416,cluster_t4,18,25,18,25,7,1.75,7e-05,1,1,T4,4.0,22.3515625,15
synthetic_04417,cluster_g2,15,20,15,20,5,1.25,0.00035,1,1,,4.0,14.900390625,15
synthetic_04418,cluster_p100,81,82,81,82,1,0.25,0.00025,1,1,,3.152,5.46875,15
synthetic_04419,cluster_t4,73,76,73,76,3,0.75,7e-05,1,1,T4,3.152,5.46875,15
synthetic_04420,cluster_v100m16,45,46,45,46,1,0.25,0.00025,1,1,,18.708,63.0,15
synthetic_04421,cluster_v100m32,55,56,55,56,1,0.25,0.0005,2,2,V100M32,17.4,42.0,15
synthetic_04422,cluster_v100m32,14,17,14,17,3,0.75,0.00025,1,1,A10|G2|T4|V100M16|V100M32,11.4,47.0,15
synthetic_04423,cluster_t4,22,23,22,23,1,0.25,7e-05,1,1,T4,4.152,10.3515625,15
synthetic_04424,cluster_g2,37,49,37,49,12,3.0,0.00035,1,1,,4.0,22.3515625,15
synthetic_04425,cluster_p100,18,23,18,23,5,1.25,0.00025,1,1,,11.908,46.0,15
synthetic_04426,cluster_v100m16,49,50,49,50,1,0.25,0.00025,1,1,,3.152,5.46875,15
synthetic_04427,cluster_t4,22,23,22,23,1,0.25,7e-05,1,1,T4,11.3,48.0,15
synthetic_04428,cluster_g2,37,38,37,38,1,0.25,0.00035,1,1,,3.152,5.46875,15
synthetic_04429,cluster_p100,19,20,19,20,1,0.25,0.00025,1,1,P100,3.152,5.46875,15
synthetic_04430,cluster_t4,6,8,6,8,2,0.5,7e-05,1,1,T4,16.0,64.0,15
synthetic_04431,cluster_p100,94,95,94,95,1,0.25,0.00025,1,1,,11.4,47.0,15
synthetic_04432,cluster_t4,29,32,29,32,3,0.75,7e-05,1,1,,11.9,76.0,15
synthetic_04433,cluster_g3,15,16,15,16,1,0.25,0.00035,1,1,,11.4,47.0,15
synthetic_04434,cluster_g2,58,59,58,59,1,0.25,0.00035,1,1,,11.4,76.0,15
synthetic_04435,cluster_t4,80,81,80,81,1,0.25,7e-05,1,1,,3.152,5.46875,15
synthetic_04436,cluster_g2,45,46,45,46,1,0.25,0.00035,1,1,,3.152,5.46875,15
synthetic_04437,cluster_t4,38,39,38,39,1,0.25,7e-05,1,1,T4,11.908,46.0,15
synthetic_04438,cluster_t4,11,12,11,12,1,0.25,7e-05,1,1,,3.152,5.46875,15
synthetic_04439,cluster_v100m32,27,28,27,28,1,0.25,0.00025,1,1,V100M16|V100M32,11.9,76.0,15
synthetic_04440,cluster_p100,86,88,86,88,2,0.5,0.00025,1,1,,11.4,47.0,15
synthetic_04441,cluster_t4,29,34,29,34,5,1.25,7e-05,1,1,T4,4.0,24.0,15
synthetic_04442,cluster_p100,42,43,42,43,1,0.25,0.00025,1,1,P100,3.152,5.46875,15
synthetic_04443,cluster_g2,56,58,56,58,2,0.5,0.00035,1,1,,8.0,32.0,15
synthetic_04444,cluster_v100m32,83,84,83,84,1,0.25,0.00025,1,1,V100M16|V100M32,12.0,24.0,15
synthetic_04445,cluster_t4,93,95,93,95,2,0.5,7e-05,1,1,,14.9,72.0,15
synthetic_04446,cluster_t4,53,57,53,57,4,1.0,7e-05,1,1,,11.4,47.0,15
synthetic_04447,cluster_t4,22,23,22,23,1,0.25,7e-05,1,1,T4,4.152,10.3515625,15
synthetic_04448,cluster_g3,83,86,83,86,3,0.75,0.00035,1,1,,15.7,57.0,15
synthetic_04449,cluster_v100m32,66,69,66,69,3,0.75,0.00025,1,1,,11.9,76.0,15
synthetic_04450,cluster_t4,35,36,35,36,1,0.25,7e-05,1,1,T4,11.3,48.0,15
synthetic_04451,cluster_p100,14,15,14,15,1,0.25,0.00025,1,1,,3.152,5.46875,15
synthetic_04452,cluster_t4,58,59,58,59,1,0.25,7e-05,1,1,T4,3.152,5.46875,15
synthetic_04453,cluster_g3,60,61,60,61,1,0.25,0.00035,1,1,,3.152,5.46875,15
synthetic_04454,cluster_v100m16,39,40,39,40,1,0.25,0.00025,1,1,,11.4,47.0,15
synthetic_04455,cluster_t4,71,72,71,72,1,0.25,7e-05,1,1,T4,11.908,46.0,15
synthetic_04456,cluster_p100,62,63,62,63,1,0.25,0.00025,1,1,,11.3,48.0,15
synthetic_04457,cluster_v100m16,45,46,45,46,1,0.25,0.00025,1,1,P100|V100M16|V100M32,18.708,63.0,15
synthetic_04458,cluster_g2,16,17,16,17,1,0.25,0.00035,1,1,,3.152,5.46875,15
synthetic_04459,cluster_t4,69,70,69,70,1,0.25,7e-05,1,1,T4,4.0,29.8017578125,15
synthetic_04460,cluster_t4,84,85,84,85,1,0.25,7e-05,1,1,,11.4,47.0,15
synthetic_04461,cluster_t4,44,45,44,45,1,0.25,7e-05,1,1,T4,8.0,29.8017578125,15
synthetic_04462,cluster_v100m32,56,58,56,58,2,0.5,0.00025,1,1,,11.3,48.0,15
synthetic_04463,cluster_p100,39,40,39,40,1,0.25,0.00025,1,1,,3.152,5.46875,15
synthetic_04464,cluster_t4,76,80,76,80,4,1.0,7e-05,1,1,T4,8.0,16.0,15
synthetic_04465,cluster_p100,12,13,12,13,1,0.25,0.00025,1,1,,3.152,5.46875,15
synthetic_04466,cluster_t4,13,14,13,14,1,0.25,7e-05,1,1,T4,4.0,22.3515625,15
synthetic_04467,cluster_p100,41,42,41,42,1,0.25,0.00025,1,1,,4.152,10.3515625,15
synthetic_04468,cluster_t4,37,48,37,48,11,2.75,7e-05,1,1,,12.0,24.0,15
synthetic_04469,cluster_v100m16,73,74,73,74,1,0.25,0.00025,1,1,,3.152,5.46875,15
synthetic_04470,cluster_t4,25,26,25,26,1,0.25,7e-05,1,1,T4,4.0,22.3515625,15
synthetic_04471,cluster_v100m16,33,37,33,37,4,1.0,0.00025,1,1,,4.0,22.3515625,15
synthetic_04472,cluster_v100m16,85,87,85,87,2,0.5,0.00025,1,1,V100M16|V100M32,18.708,63.0,15
synthetic_04473,cluster_p100,45,47,45,47,2,0.5,0.00025,1,1,,11.3,48.0,15
synthetic_04474,cluster_v100m32,2,3,2,3,1,0.25,0.00025,1,1,,3.152,5.46875,15
synthetic_04475,cluster_v100m16,69,79,69,79,10,2.5,0.00025,1,1,,4.0,22.3515625,15
synthetic_04476,cluster_t4,38,40,38,40,2,0.5,7e-05,1,1,T4,4.152,10.3515625,15
synthetic_04477,cluster_t4,69,70,69,70,1,0.25,7e-05,1,1,T4,8.0,29.8017578125,15
synthetic_04478,cluster_v100m16,90,92,90,92,2,0.5,0.00025,1,1,,11.3,48.0,15
synthetic_04479,cluster_p100,37,47,37,47,10,2.5,0.00025,1,1,,11.4,47.0,15
synthetic_04480,cluster_t4,37,38,37,38,1,0.25,7e-05,1,1,T4,11.4,47.0,15
synthetic_04481,cluster_g2,72,73,72,73,1,0.25,0.00035,1,1,G2,3.152,5.46875,15
synthetic_04482,cluster_t4,68,69,68,69,1,0.25,7e-05,1,1,T4,8.0,29.8017578125,15
synthetic_04483,cluster_p100,19,24,19,24,5,1.25,0.00025,1,1,,11.908,46.0,15
synthetic_04484,cluster_v100m16,45,54,45,54,9,2.25,0.00025,1,1,P100|V100M16|V100M32,16.0,64.0,15
synthetic_04485,cluster_g2,43,44,43,44,1,0.25,0.00035,1,1,,11.4,47.0,15
synthetic_04486,cluster_t4,76,78,76,78,2,0.5,7e-05,1,1,T4,3.152,5.46875,15
synthetic_04487,cluster_v100m16,32,33,32,33,1,0.25,0.00025,1,1,,4.0,22.3515625,15
synthetic_04488,cluster_v100m16,57,59,57,59,2,0.5,0.00025,1,1,,4.0,29.8017578125,15
synthetic_04489,cluster_g2,13,15,13,15,2,0.5,0.00035,1,1,,11.3,48.0,15
synthetic_04490,cluster_p100,85,96,85,96,11,2.75,0.00025,1,1,,12.0,15.0,15
synthetic_04491,cluster_v100m32,13,18,13,18,5,1.25,0.00025,1,1,P100|V100M16|V100M32,8.0,16.0,15
synthetic_04492,cluster_v100m16,65,66,65,66,1,0.25,0.00025,1,1,,12.0,32.0,15
synthetic_04493,cluster_v100m32,8,9,8,9,1,0.25,0.00025,1,1,,3.152,5.46875,15
synthetic_04494,cluster_v100m32,35,39,35,39,4,1.0,0.00025,1,1,V100M16|V100M32,11.4,47.0,15
synthetic_04495,cluster_t4,76,77,76,77,1,0.25,7e-05,1,1,T4,11.908,46.0,15
synthetic_04496,cluster_t4,73,74,73,74,1,0.25,7e-05,1,1,T4,11.908,46.0,15
synthetic_04497,cluster_t4,37,38,37,38,1,0.25,7e-05,1,1,,3.152,5.46875,15
synthetic_04498,cluster_v100m16,51,56,51,56,5,1.25,0.00025,1,1,,15.2,79.0,15
synthetic_04499,cluster_v100m32,27,30,27,30,3,0.75,0.00025,1,1,,11.908,46.0,15
synthetic_04500,cluster_p100,73,74,73,74,1,0.25,0.00025,1,1,,4.0,14.900390625,15
synthetic_04501,cluster_v100m32,2,4,2,4,2,0.5,0.00025,1,1,,16.0,32.0,15
synthetic_04502,cluster_t4,44,45,44,45,1,0.25,7e-05,1,1,T4,12.0,15.625,15
synthetic_04503,cluster_g3,18,22,18,22,4,1.0,0.00035,1,1,,4.0,14.900390625,15
synthetic_04504,cluster_v100m16,70,71,70,71,1,0.25,0.00025,1,1,,12.0,24.0,15
synthetic_04505,cluster_g2,54,55,54,55,1,0.25,0.00035,1,1,,3.152,5.46875,15
synthetic_04506,cluster_g2,86,87,86,87,1,0.25,0.00035,1,1,,3.152,5.46875,15
synthetic_04507,cluster_t4,39,40,39,40,1,0.25,7e-05,1,1,,11.3,48.0,15
synthetic_04508,cluster_g3,33,34,33,34,1,0.25,0.00035,1,1,,14.2,57.0,15
synthetic_04509,cluster_v100m32,64,65,64,65,1,0.25,0.00025,1,1,,3.152,5.46875,15
synthetic_04510,cluster_t4,12,13,12,13,1,0.25,7e-05,1,1,T4,3.152,5.46875,15
synthetic_04511,cluster_t4,89,91,89,91,2,0.5,7e-05,1,1,,15.2,79.0,15
synthetic_04512,cluster_g2,95,96,95,96,1,0.25,0.00035,1,1,G2,11.4,47.0,15
synthetic_04513,cluster_g2,36,41,36,41,5,1.25,0.00035,1,1,,4.0,24.0,15
synthetic_04514,cluster_g2,84,86,84,86,2,0.5,0.00035,1,1,,3.152,5.46875,15
synthetic_04515,cluster_p100,48,58,48,58,10,2.5,0.00025,1,1,,11.908,46.0,15
synthetic_04516,cluster_v100m32,28,31,28,31,3,0.75,0.00025,1,1,V100M16|V100M32,15.7,57.0,15
synthetic_04517,cluster_v100m32,21,24,21,24,3,0.75,0.00025,1,1,,11.9,76.0,15
synthetic_04518,cluster_t4,9,14,9,14,5,1.25,7e-05,1,1,T4,4.0,24.0,15
synthetic_04519,cluster_p100,65,67,65,67,2,0.5,0.00025,1,1,,18.708,63.0,15
synthetic_04520,cluster_t4,49,50,49,50,1,0.25,7e-05,1,1,T4,8.0,29.8017578125,15
synthetic_04521,cluster_p100,49,50,49,50,1,0.25,0.00025,1,1,,3.152,5.46875,15
synthetic_04522,cluster_g2,26,30,26,30,4,1.0,0.00035,1,1,G2,9.81,40.5859375,15
synthetic_04523,cluster_v100m16,43,44,43,44,1,0.25,0.00025,1,1,,11.908,46.0,15
synthetic_04524,cluster_g2,6,7,6,7,1,0.25,0.00035,1,1,,14.2,57.0,15
synthetic_04525,cluster_t4,28,30,28,30,2,0.5,7e-05,1,1,T4,3.152,5.46875,15
synthetic_04526,cluster_t4,36,37,36,37,1,0.25,7e-05,1,1,,11.4,47.0,15
synthetic_04527,cluster_v100m32,32,33,32,33,1,0.25,0.00025,1,1,,3.152,5.46875,15
synthetic_04528,cluster_g2,58,59,58,59,1,0.25,0.00035,1,1,G2,9.81,40.5859375,15
synthetic_04529,cluster_g3,32,33,32,33,1,0.25,0.00035,1,1,,11.3,48.0,15
synthetic_04530,cluster_g3,57,68,57,68,11,2.75,0.0028,8,8,G3,88.0,320.0,15
synthetic_04531,cluster_g2,24,25,24,25,1,0.25,0.00035,1,1,,3.152,5.46875,15
synthetic_04532,cluster_g3,48,50,48,50,2,0.5,0.00035,1,1,,11.3,48.0,15
synthetic_04533,cluster_t4,50,51,50,51,1,0.25,7e-05,1,1,,11.908,46.0,15
synthetic_04534,cluster_v100m16,47,48,47,48,1,0.25,0.00025,1,1,,3.152,5.46875,15
synthetic_04535,cluster_t4,38,39,38,39,1,0.25,7e-05,1,1,T4,11.908,46.0,15
synthetic_04536,cluster_t4,25,38,25,38,13,3.25,7e-05,1,1,T4,11.4,47.0,15
synthetic_04537,cluster_v100m32,9,10,9,10,1,0.25,0.00025,1,1,,11.3,48.0,15
synthetic_04538,cluster_p100,11,21,11,21,10,2.5,0.00025,1,1,P100|V100M16|V100M32,24.2,91.0,15
synthetic_04539,cluster_g3,58,59,58,59,1,0.25,0.00035,1,1,G3,12.0,24.0,15
synthetic_04540,cluster_p100,65,68,65,68,3,0.75,0.00025,1,1,P100|V100M16|V100M32,11.4,47.0,15
synthetic_04541,cluster_v100m16,74,76,74,76,2,0.5,0.00025,1,1,V100M16|V100M32,15.7,57.0,15
synthetic_04542,cluster_g3,7,8,7,8,1,0.25,0.00035,1,1,,11.4,47.0,15
synthetic_04543,cluster_g2,80,81,80,81,1,0.25,0.00035,1,1,,4.0,14.900390625,15
synthetic_04544,cluster_v100m32,16,18,16,18,2,0.5,0.00025,1,1,,3.152,5.46875,15
synthetic_04545,cluster_g2,32,33,32,33,1,0.25,0.00035,1,1,G2,11.3,48.0,15
synthetic_04546,cluster_p100,91,93,91,93,2,0.5,0.00025,1,1,,3.152,5.46875,15
synthetic_04547,cluster_t4,46,49,46,49,3,0.75,7e-05,1,1,,4.0,14.900390625,15
synthetic_04548,cluster_g3,44,45,44,45,1,0.25,0.00035,1,1,,11.3,48.0,15
synthetic_04549,cluster_p100,74,82,74,82,8,2.0,0.00025,1,1,,8.0,29.8017578125,15
synthetic_04550,cluster_g3,44,45,44,45,1,0.25,0.00035,1,1,G3,11.3,48.0,15
synthetic_04551,cluster_t4,84,85,84,85,1,0.25,7e-05,1,1,T4,8.0,29.8017578125,15
synthetic_04552,cluster_g3,91,92,91,92,1,0.25,0.00035,1,1,,11.908,46.0,15
synthetic_04553,cluster_g3,64,65,64,65,1,0.25,0.00035,1,1,,11.3,48.0,15
synthetic_04554,cluster_p100,95,96,95,96,1,0.25,0.00025,1,1,P100,4.152,10.3515625,15
synthetic_04555,cluster_t4,91,92,91,92,1,0.25,7e-05,1,1,T4,11.4,47.0,15
synthetic_04556,cluster_v100m32,13,14,13,14,1,0.25,0.00025,1,1,,11.3,48.0,15
synthetic_04557,cluster_t4,9,14,9,14,5,1.25,7e-05,1,1,T4,4.0,22.3515625,15
synthetic_04558,cluster_g2,36,39,36,39,3,0.75,0.00035,1,1,,18.708,63.0,15
synthetic_04559,cluster_t4,92,93,92,93,1,0.25,7e-05,1,1,,4.0,29.8017578125,15
synthetic_04560,cluster_p100,74,75,74,75,1,0.25,0.00025,1,1,,3.152,5.46875,15
synthetic_04561,cluster_g2,21,24,21,24,3,0.75,0.00035,1,1,,15.7,57.0,15
synthetic_04562,cluster_t4,81,82,81,82,1,0.25,7e-05,1,1,,18.708,63.0,15
synthetic_04563,cluster_t4,60,61,60,61,1,0.25,7e-05,1,1,T4,3.152,5.46875,15
synthetic_04564,cluster_v100m16,50,51,50,51,1,0.25,0.00025,1,1,V100M16|V100M32,3.152,5.46875,15
synthetic_04565,cluster_g2,49,51,49,51,2,0.5,0.00035,1,1,G2,12.0,16.0,15
synthetic_04566,cluster_v100m32,62,65,62,65,3,0.75,0.00025,1,1,,11.4,47.0,15
synthetic_04567,cluster_t4,94,96,94,96,2,0.5,7e-05,1,1,,6.0,18.0,15
synthetic_04568,cluster_p100,8,9,8,9,1,0.25,0.00025,1,1,,3.152,5.46875,15
synthetic_04569,cluster_p100,21,23,21,23,2,0.5,0.00025,1,1,,16.4,123.0,15
synthetic_04570,cluster_p100,61,62,61,62,1,0.25,0.00025,1,1,,12.0,24.0,15
synthetic_04571,cluster_t4,22,23,22,23,1,0.25,7e-05,1,1,T4,3.152,5.46875,15
synthetic_04572,cluster_g2,20,21,20,21,1,0.25,0.00035,1,1,,11.908,46.0,15
synthetic_04573,cluster_g2,42,43,42,43,1,0.25,0.00035,1,1,G2,8.0,32.0,15
synthetic_04574,cluster_p100,28,29,28,29,1,0.25,0.00025,1,1,,3.152,5.46875,15
synthetic_04575,cluster_g2,94,95,94,95,1,0.25,0.00035,1,1,,3.152,5.46875,15
synthetic_04576,cluster_t4,54,55,54,55,1,0.25,7e-05,1,1,T4,3.152,5.46875,15
synthetic_04577,cluster_p100,28,29,28,29,1,0.25,0.00025,1,1,,8.0,32.0,15
synthetic_04578,cluster_g3,50,62,50,62,12,3.0,0.00035,1,1,,4.0,22.3515625,15
synthetic_04579,cluster_v100m32,56,57,56,57,1,0.25,0.00025,1,1,,4.152,10.3515625,15
synthetic_04580,cluster_t4,1,2,1,2,1,0.25,7e-05,1,1,T4,11.3,48.0,15
synthetic_04581,cluster_v100m32,52,55,52,55,3,0.75,0.00025,1,1,,15.7,57.0,15
synthetic_04582,cluster_t4,93,96,93,96,3,0.75,7e-05,1,1,T4,15.7,57.0,15
synthetic_04583,cluster_v100m16,15,19,15,19,4,1.0,0.00025,1,1,V100M16,11.3,48.0,15
synthetic_04584,cluster_t4,16,22,16,22,6,1.5,7e-05,1,1,T4,11.4,47.0,15
synthetic_04585,cluster_p100,42,44,42,44,2,0.5,0.00025,1,1,P100,3.152,5.46875,15
synthetic_04586,cluster_t4,1,4,1,4,3,0.75,7e-05,1,1,,11.3,48.0,15
synthetic_04587,cluster_p100,83,84,83,84,1,0.25,0.00025,1,1,P100,8.0,29.8017578125,15
synthetic_04588,cluster_g2,52,54,52,54,2,0.5,0.00035,1,1,,11.3,48.0,15
synthetic_04589,cluster_g2,43,44,43,44,1,0.25,0.00035,1,1,,9.81,40.5859375,15
synthetic_04590,cluster_t4,0,4,0,4,4,1.0,7e-05,1,1,T4,4.0,22.3515625,15
synthetic_04591,cluster_p100,78,79,78,79,1,0.25,0.00025,1,1,,3.152,5.46875,15
synthetic_04592,cluster_t4,2,10,2,10,8,2.0,7e-05,1,1,T4,11.908,46.0,15
synthetic_04593,cluster_t4,21,22,21,22,1,0.25,7e-05,1,1,T4,3.152,5.46875,15
synthetic_04594,cluster_t4,77,79,77,79,2,0.5,7e-05,1,1,,24.2,91.0,15
synthetic_04595,cluster_v100m32,34,35,34,35,1,0.25,0.00025,1,1,V100M16|V100M32,11.908,46.0,15
synthetic_04596,cluster_t4,50,51,50,51,1,0.25,7e-05,1,1,T4,11.3,48.0,15
synthetic_04597,cluster_t4,9,10,9,10,1,0.25,7e-05,1,1,,11.3,48.0,15
synthetic_04598,cluster_g3,21,22,21,22,1,0.25,0.00035,1,1,,11.908,46.0,15
synthetic_04599,cluster_v100m16,10,11,10,11,1,0.25,0.00025,1,1,,9.81,40.5859375,15
synthetic_04600,cluster_v100m16,8,13,8,13,5,1.25,0.00025,1,1,,12.0,24.0,15
synthetic_04601,cluster_t4,64,65,64,65,1,0.25,7e-05,1,1,,4.0,22.3515625,15
synthetic_04602,cluster_g2,83,84,83,84,1,0.25,0.00035,1,1,G2,3.152,5.46875,15
synthetic_04603,cluster_g3,68,69,68,69,1,0.25,0.00035,1,1,G3,3.152,5.46875,15
synthetic_04604,cluster_v100m32,47,48,47,48,1,0.25,0.00025,1,1,,11.3,48.0,15
synthetic_04605,cluster_g2,24,26,24,26,2,0.5,0.00035,1,1,G2,14.2,57.0,15
synthetic_04606,cluster_v100m32,21,25,21,25,4,1.0,0.00025,1,1,,11.3,48.0,15
synthetic_04607,cluster_g3,93,94,93,94,1,0.25,0.00035,1,1,,18.708,63.0,15
synthetic_04608,cluster_p100,16,17,16,17,1,0.25,0.00025,1,1,,15.7,57.0,15
synthetic_04609,cluster_v100m16,64,65,64,65,1,0.25,0.00025,1,1,,11.908,46.0,15
synthetic_04610,cluster_g2,88,94,88,94,6,1.5,0.00035,1,1,,14.2,57.0,15
synthetic_04611,cluster_p100,28,29,28,29,1,0.25,0.00025,1,1,,11.3,48.0,15
synthetic_04612,cluster_v100m16,5,6,5,6,1,0.25,0.00025,1,1,,3.152,5.46875,15
synthetic_04613,cluster_p100,38,39,38,39,1,0.25,0.00025,1,1,P100,3.152,5.46875,15
synthetic_04614,cluster_v100m16,72,73,72,73,1,0.25,0.00025,1,1,V100M16|V100M32,11.3,48.0,15
synthetic_04615,cluster_t4,85,86,85,86,1,0.25,7e-05,1,1,,3.152,5.46875,15
synthetic_04616,cluster_p100,30,31,30,31,1,0.25,0.00025,1,1,,3.152,5.46875,15
synthetic_04617,cluster_g2,87,90,87,90,3,0.75,0.00035,1,1,G2,11.3,48.0,15
synthetic_04618,cluster_v100m16,43,47,43,47,4,1.0,0.00025,1,1,,14.2,57.0,15
synthetic_04619,cluster_v100m16,87,96,87,96,9,2.25,0.00025,1,1,,11.908,46.0,15
synthetic_04620,cluster_t4,41,42,41,42,1,0.25,7e-05,1,1,T4,3.152,5.46875,15
synthetic_04621,cluster_v100m32,28,29,28,29,1,0.25,0.00025,1,1,,11.3,48.0,15
synthetic_04622,cluster_v100m32,60,61,60,61,1,0.25,0.00025,1,1,,3.152,5.46875,15
synthetic_04623,cluster_t4,54,55,54,55,1,0.25,7e-05,1,1,T4,11.4,47.0,15
synthetic_04624,cluster_g2,46,47,46,47,1,0.25,0.0028,8,8,G2,120.0,720.0,15
synthetic_04625,cluster_g2,92,93,92,93,1,0.25,0.00035,1,1,G2,11.3,48.0,15
synthetic_04626,cluster_t4,93,94,93,94,1,0.25,7e-05,1,1,,3.152,5.46875,15
synthetic_04627,cluster_g2,4,5,4,5,1,0.25,0.00035,1,1,,3.152,5.46875,15
synthetic_04628,cluster_v100m16,58,60,58,60,2,0.5,0.00025,1,1,,6.0,6.0,15
synthetic_04629,cluster_t4,7,8,7,8,1,0.25,7e-05,1,1,,3.152,5.46875,15
synthetic_04630,cluster_t4,82,83,82,83,1,0.25,7e-05,1,1,T4,3.152,5.46875,15
synthetic_04631,cluster_t4,17,18,17,18,1,0.25,7e-05,1,1,T4,18.708,63.0,15
synthetic_04632,cluster_p100,71,72,71,72,1,0.25,0.00025,1,1,P100,11.908,46.0,15
synthetic_04633,cluster_t4,11,17,11,17,6,1.5,7e-05,1,1,T4,4.152,10.3515625,15
synthetic_04634,cluster_v100m16,31,32,31,32,1,0.25,0.00025,1,1,,15.7,57.0,15
synthetic_04635,cluster_g3,19,20,19,20,1,0.25,0.00035,1,1,G3,11.3,48.0,15
synthetic_04636,cluster_g2,28,29,28,29,1,0.25,0.00035,1,1,G2,11.3,48.0,15
synthetic_04637,cluster_p100,21,22,21,22,1,0.25,0.00025,1,1,,8.0,29.8017578125,15
synthetic_04638,cluster_g2,74,79,74,79,5,1.25,0.00035,1,1,G2,4.0,24.0,15
synthetic_04639,cluster_v100m16,17,20,17,20,3,0.75,0.00025,1,1,,4.0,14.900390625,15
synthetic_04640,cluster_g3,23,28,23,28,5,1.25,0.00035,1,1,,4.0,14.900390625,15
synthetic_04641,cluster_g3,1,2,1,2,1,0.25,0.0028,8,8,,64.2,257.0,15
synthetic_04642,cluster_t4,35,36,35,36,1,0.25,7e-05,1,1,,12.0,24.0,15
synthetic_04643,cluster_t4,30,31,30,31,1,0.25,7e-05,1,1,T4,14.2,57.0,15
synthetic_04644,cluster_g2,56,66,56,66,10,2.5,0.00035,1,1,,12.0,24.0,15
synthetic_04645,cluster_v100m32,36,37,36,37,1,0.25,0.00025,1,1,,4.152,10.3515625,15
synthetic_04646,cluster_p100,82,84,82,84,2,0.5,0.00025,1,1,,11.3,48.0,15
synthetic_04647,cluster_v100m16,77,78,77,78,1,0.25,0.00025,1,1,,11.4,47.0,15
synthetic_04648,cluster_v100m16,11,12,11,12,1,0.25,0.00025,1,1,,18.708,63.0,15
synthetic_04649,cluster_g2,13,15,13,15,2,0.5,0.00035,1,1,G2,16.0,32.0,15
synthetic_04650,cluster_v100m16,8,11,8,11,3,0.75,0.00025,1,1,V100M16|V100M32,15.7,57.0,15
synthetic_04651,cluster_v100m32,32,34,32,34,2,0.5,0.00025,1,1,,11.3,48.0,15
synthetic_04652,cluster_p100,70,71,70,71,1,0.25,0.00025,1,1,P100,8.0,29.8017578125,15
synthetic_04653,cluster_p100,4,5,4,5,1,0.25,0.00025,1,1,,11.3,48.0,15
synthetic_04654,cluster_t4,68,70,68,70,2,0.5,7e-05,1,1,,8.0,32.0,15
synthetic_04655,cluster_p100,34,35,34,35,1,0.25,0.00025,1,1,,11.3,48.0,15
synthetic_04656,cluster_v100m16,57,58,57,58,1,0.25,0.00025,1,1,,11.3,48.0,15
synthetic_04657,cluster_p100,75,76,75,76,1,0.25,0.00025,1,1,,3.152,5.46875,15
synthetic_04658,cluster_v100m32,69,77,69,77,8,2.0,0.00025,1,1,V100M16|V100M32,11.4,76.0,15
synthetic_04659,cluster_g3,59,60,59,60,1,0.25,0.00035,1,1,,3.152,5.46875,15
synthetic_04660,cluster_p100,63,64,63,64,1,0.25,0.00025,1,1,P100,3.152,5.46875,15
synthetic_04661,cluster_t4,53,54,53,54,1,0.25,7e-05,1,1,T4,3.152,5.46875,15
synthetic_04662,cluster_t4,86,88,86,88,2,0.5,7e-05,1,1,,11.3,48.0,15
synthetic_04663,cluster_v100m16,71,72,71,72,1,0.25,0.00025,1,1,V100M16|V100M32,11.3,48.0,15
synthetic_04664,cluster_t4,48,49,48,49,1,0.25,7e-05,1,1,T4,11.3,48.0,15
synthetic_04665,cluster_v100m32,85,86,85,86,1,0.25,0.00025,1,1,,4.152,10.3515625,15
synthetic_04666,cluster_p100,16,17,16,17,1,0.25,0.00025,1,1,,16.4,123.0,15
synthetic_04667,cluster_t4,73,74,73,74,1,0.25,7e-05,1,1,T4,4.0,29.8017578125,15
synthetic_04668,cluster_t4,33,34,33,34,1,0.25,7e-05,1,1,T4,4.152,10.3515625,15
synthetic_04669,cluster_v100m32,52,54,52,54,2,0.5,0.00025,1,1,V100M16|V100M32,11.4,47.0,15
synthetic_04670,cluster_p100,11,12,11,12,1,0.25,0.00025,1,1,P100,11.908,46.0,15
synthetic_04671,cluster_g3,21,22,21,22,1,0.25,0.00035,1,1,,18.708,63.0,15
synthetic_04672,cluster_t4,27,30,27,30,3,0.75,7e-05,1,1,,4.0,14.900390625,15
synthetic_04673,cluster_t4,57,58,57,58,1,0.25,7e-05,1,1,T4,4.0,29.8017578125,15
synthetic_04674,cluster_g2,58,59,58,59,1,0.25,0.00035,1,1,,11.908,46.0,15
synthetic_04675,cluster_g2,47,48,47,48,1,0.25,0.00035,1,1,,3.152,5.46875,15
synthetic_04676,cluster_t4,35,36,35,36,1,0.25,7e-05,1,1,T4,11.3,48.0,15
synthetic_04677,cluster_v100m32,42,43,42,43,1,0.25,0.00025,1,1,,3.152,5.46875,15
synthetic_04678,cluster_t4,59,62,59,62,3,0.75,7e-05,1,1,,18.708,63.0,15
synthetic_04679,cluster_g3,43,49,43,49,6,1.5,0.00035,1,1,,8.0,29.8017578125,15
synthetic_04680,cluster_g2,88,89,88,89,1,0.25,0.00035,1,1,,3.152,5.46875,15
synthetic_04681,cluster_t4,13,14,13,14,1,0.25,7e-05,1,1,T4,11.4,47.0,15
synthetic_04682,cluster_t4,60,71,60,71,11,2.75,7e-05,1,1,T4,11.4,47.0,15
synthetic_04683,cluster_p100,83,84,83,84,1,0.25,0.00025,1,1,,3.152,5.46875,15
synthetic_04684,cluster_g2,33,34,33,34,1,0.25,0.00035,1,1,G2,11.3,48.0,15
synthetic_04685,cluster_v100m32,88,89,88,89,1,0.25,0.00025,1,1,,4.0,22.3515625,15
synthetic_04686,cluster_p100,87,88,87,88,1,0.25,0.00025,1,1,,3.152,5.46875,15
synthetic_04687,cluster_p100,41,43,41,43,2,0.5,0.00025,1,1,G2|P100|T4|V100M16|V100M32,11.4,47.0,15
synthetic_04688,cluster_g2,51,58,51,58,7,1.75,0.00035,1,1,,11.3,48.0,15
synthetic_04689,cluster_g2,82,85,82,85,3,0.75,0.00035,1,1,,11.3,48.0,15
synthetic_04690,cluster_t4,37,40,37,40,3,0.75,7e-05,1,1,T4,11.3,48.0,15
synthetic_04691,cluster_g2,29,30,29,30,1,0.25,0.00035,1,1,,3.152,5.46875,15
synthetic_04692,cluster_v100m16,72,73,72,73,1,0.25,0.00025,1,1,,3.152,5.46875,15
synthetic_04693,cluster_p100,70,72,70,72,2,0.5,0.00025,1,1,,16.0,32.0,15
synthetic_04694,cluster_g2,48,49,48,49,1,0.25,0.00035,1,1,,11.908,46.0,15
synthetic_04695,cluster_v100m32,26,27,26,27,1,0.25,0.00025,1,1,,3.152,5.46875,15
synthetic_04696,cluster_t4,78,79,78,79,1,0.25,7e-05,1,1,T4,4.152,10.3515625,15
synthetic_04697,cluster_g2,64,66,64,66,2,0.5,0.00035,1,1,G2,11.4,47.0,15
synthetic_04698,cluster_g2,56,67,56,67,11,2.75,0.00035,1,1,,11.908,46.0,15
synthetic_04699,cluster_v100m32,17,19,17,19,2,0.5,0.00025,1,1,,11.908,46.0,15
synthetic_04700,cluster_p100,8,9,8,9,1,0.25,0.00025,1,1,,3.152,5.46875,15
synthetic_04701,cluster_p100,29,30,29,30,1,0.25,0.00025,1,1,,11.908,46.0,15
synthetic_04702,cluster_g3,46,47,46,47,1,0.25,0.00035,1,1,,11.3,48.0,15
synthetic_04703,cluster_g2,55,56,55,56,1,0.25,0.00035,1,1,G2,11.3,48.0,15
synthetic_04704,cluster_p100,42,43,42,43,1,0.25,0.00025,1,1,P100|V100M16|V100M32,11.3,48.0,15
synthetic_04705,cluster_p100,71,72,71,72,1,0.25,0.00025,1,1,,3.152,5.46875,15
synthetic_04706,cluster_t4,27,42,27,42,15,3.75,7e-05,1,1,T4,8.0,29.8017578125,15
synthetic_04707,cluster_g3,71,75,71,75,4,1.0,0.00035,1,1,,4.0,30.517578125,15
synthetic_04708,cluster_v100m32,37,38,37,38,1,0.25,0.00025,1,1,,11.3,48.0,15
synthetic_04709,cluster_g3,78,81,78,81,3,0.75,0.00035,1,1,,6.0,29.8017578125,15
synthetic_04710,cluster_p100,86,87,86,87,1,0.25,0.00025,1,1,,11.4,47.0,15
synthetic_04711,cluster_v100m32,0,2,0,2,2,0.5,0.00025,1,1,,16.4,123.0,15
synthetic_04712,cluster_g3,33,37,33,37,4,1.0,0.00035,1,1,,11.9,76.0,15
synthetic_04713,cluster_v100m32,16,17,16,17,1,0.25,0.00025,1,1,,3.152,5.46875,15
synthetic_04714,cluster_p100,59,60,59,60,1,0.25,0.00025,1,1,P100,3.152,5.46875,15
synthetic_04715,cluster_v100m16,1,2,1,2,1,0.25,0.00025,1,1,,11.3,48.0,15
synthetic_04716,cluster_g2,29,30,29,30,1,0.25,0.00035,1,1,,8.0,29.8017578125,15
synthetic_04717,cluster_g3,13,15,13,15,2,0.5,0.00035,1,1,,11.4,47.0,15
synthetic_04718,cluster_v100m16,31,32,31,32,1,0.25,0.00025,1,1,V100M16,11.3,48.0,15
synthetic_04719,cluster_v100m32,9,10,9,10,1,0.25,0.00025,1,1,,15.7,57.0,15
synthetic_04720,cluster_t4,84,85,84,85,1,0.25,7e-05,1,1,T4,3.152,5.46875,15
synthetic_04721,cluster_p100,30,32,30,32,2,0.5,0.00025,1,1,,6.0,18.0,15
synthetic_04722,cluster_g3,12,13,12,13,1,0.25,0.00035,1,1,,3.152,5.46875,15
synthetic_04723,cluster_v100m32,51,52,51,52,1,0.25,0.00025,1,1,,9.81,40.5859375,15
synthetic_04724,cluster_g2,39,40,39,40,1,0.25,0.00035,1,1,G2,24.2,91.0,15
synthetic_04725,cluster_v100m32,84,85,84,85,1,0.25,0.00025,1,1,,8.0,29.8017578125,15
synthetic_04726,cluster_g2,47,50,47,50,3,0.75,0.00035,1,1,G2,11.3,48.0,15
synthetic_04727,cluster_g3,50,51,50,51,1,0.25,0.00035,1,1,,3.152,5.46875,15
synthetic_04728,cluster_v100m16,72,73,72,73,1,0.25,0.00025,1,1,,12.0,16.0,15
synthetic_04729,cluster_t4,37,38,37,38,1,0.25,7e-05,1,1,T4,3.152,5.46875,15
synthetic_04730,cluster_v100m16,82,83,82,83,1,0.25,0.00025,1,1,,11.3,48.0,15
synthetic_04731,cluster_g3,3,5,3,5,2,0.5,0.00035,1,1,,11.4,47.0,15
synthetic_04732,cluster_t4,32,33,32,33,1,0.25,7e-05,1,1,,9.81,40.5859375,15
synthetic_04733,cluster_v100m32,70,74,70,74,4,1.0,0.00025,1,1,P100|V100M16|V100M32,11.4,47.0,15
synthetic_04734,cluster_g3,8,10,8,10,2,0.5,0.00035,1,1,,3.152,5.46875,15
synthetic_04735,cluster_v100m32,71,72,71,72,1,0.25,0.00025,1,1,,3.152,5.46875,15
synthetic_04736,cluster_t4,24,25,24,25,1,0.25,7e-05,1,1,T4,11.908,46.0,15
synthetic_04737,cluster_g2,7,8,7,8,1,0.25,0.00035,1,1,,11.908,46.0,15
synthetic_04738,cluster_g2,41,42,41,42,1,0.25,0.00035,1,1,G2,6.0,32.0,15
synthetic_04739,cluster_t4,23,24,23,24,1,0.25,7e-05,1,1,T4,11.3,48.0,15
synthetic_04740,cluster_t4,3,4,3,4,1,0.25,7e-05,1,1,,4.152,10.3515625,15
synthetic_04741,cluster_v100m32,89,90,89,90,1,0.25,0.00025,1,1,,3.152,5.46875,15
synthetic_04742,cluster_v100m32,51,60,51,60,9,2.25,0.00025,1,1,,4.0,22.3515625,15
synthetic_04743,cluster_g2,20,21,20,21,1,0.25,0.00035,1,1,,6.0,6.0,15
synthetic_04744,cluster_g2,44,51,44,51,7,1.75,0.00035,1,1,,8.0,16.0,15
synthetic_04745,cluster_v100m16,72,74,72,74,2,0.5,0.00025,1,1,,11.4,47.0,15
synthetic_04746,cluster_p100,21,24,21,24,3,0.75,0.00025,1,1,,15.7,57.0,15
synthetic_04747,cluster_t4,7,8,7,8,1,0.25,7e-05,1,1,T4,4.152,10.3515625,15
synthetic_04748,cluster_t4,81,83,81,83,2,0.5,7e-05,1,1,T4,11.908,46.0,15
synthetic_04749,cluster_g3,70,71,70,71,1,0.25,0.00035,1,1,,11.908,46.0,15
synthetic_04750,cluster_t4,21,23,21,23,2,0.5,7e-05,1,1,,11.908,46.0,15
synthetic_04751,cluster_g2,17,30,17,30,13,3.25,0.00035,1,1,,18.708,63.0,15
synthetic_04752,cluster_v100m16,66,69,66,69,3,0.75,0.00025,1,1,,11.908,46.0,15
synthetic_04753,cluster_v100m16,82,83,82,83,1,0.25,0.00025,1,1,,11.4,47.0,15
synthetic_04754,cluster_v100m32,40,42,40,42,2,0.5,0.00025,1,1,V100M32,11.4,47.0,15
synthetic_04755,cluster_p100,5,6,5,6,1,0.25,0.00025,1,1,,3.152,5.46875,15
synthetic_04756,cluster_g2,25,26,25,26,1,0.25,0.00035,1,1,,3.152,5.46875,15
synthetic_04757,cluster_t4,88,89,88,89,1,0.25,7e-05,1,1,,3.152,5.46875,15
synthetic_04758,cluster_g2,10,12,10,12,2,0.5,0.00035,1,1,,6.0,18.0,15
synthetic_04759,cluster_v100m32,71,74,71,74,3,0.75,0.00025,1,1,,15.7,57.0,15
synthetic_04760,cluster_v100m16,5,6,5,6,1,0.25,0.00025,1,1,,15.7,57.0,15
synthetic_04761,cluster_v100m16,8,10,8,10,2,0.5,0.00025,1,1,,11.908,46.0,15
synthetic_04762,cluster_t4,24,25,24,25,1,0.25,7e-05,1,1,T4,12.0,15.0,15
synthetic_04763,cluster_t4,18,30,18,30,12,3.0,7e-05,1,1,,16.0,32.0,15
synthetic_04764,cluster_v100m16,76,78,76,78,2,0.5,0.00025,1,1,V100M16|V100M32,11.4,76.0,15
synthetic_04765,cluster_t4,49,50,49,50,1,0.25,7e-05,1,1,,8.0,29.8017578125,15
synthetic_04766,cluster_g2,21,22,21,22,1,0.25,0.00035,1,1,,18.708,63.0,15
synthetic_04767,cluster_v100m32,92,93,92,93,1,0.25,0.00025,1,1,,6.0,6.0,15
synthetic_04768,cluster_t4,67,68,67,68,1,0.25,7e-05,1,1,T4,12.0,16.0,15
synthetic_04769,cluster_v100m16,93,95,93,95,2,0.5,0.00025,1,1,,12.0,32.0,15
synthetic_04770,cluster_t4,47,50,47,50,3,0.75,7e-05,1,1,,11.3,48.0,15
synthetic_04771,cluster_t4,42,44,42,44,2,0.5,7e-05,1,1,T4,4.152,10.3515625,15
synthetic_04772,cluster_t4,57,58,57,58,1,0.25,7e-05,1,1,,11.3,48.0,15
synthetic_04773,cluster_v100m16,92,93,92,93,1,0.25,0.00025,1,1,P100|V100M16|V100M32,16.0,32.0,15
synthetic_04774,cluster_p100,80,81,80,81,1,0.25,0.00025,1,1,,3.152,5.46875,15
synthetic_04775,cluster_v100m32,25,27,25,27,2,0.5,0.00025,1,1,,11.4,76.0,15
synthetic_04776,cluster_v100m16,67,68,67,68,1,0.25,0.00025,1,1,,11.3,48.0,15
synthetic_04777,cluster_t4,7,9,7,9,2,0.5,7e-05,1,1,,3.152,5.46875,15
synthetic_04778,cluster_g3,91,94,91,94,3,0.75,0.00035,1,1,,9.81,40.5859375,15
synthetic_04779,cluster_t4,33,40,33,40,7,1.75,7e-05,1,1,T4,4.0,14.900390625,15
synthetic_04780,cluster_p100,69,70,69,70,1,0.25,0.00025,1,1,,11.3,48.0,15
synthetic_04781,cluster_v100m32,35,39,35,39,4,1.0,0.00025,1,1,,12.0,15.0,15
synthetic_04782,cluster_v100m16,82,84,82,84,2,0.5,0.00025,1,1,,9.81,40.5859375,15
synthetic_04783,cluster_v100m16,78,81,78,81,3,0.75,0.00025,1,1,,15.7,57.0,15
synthetic_04784,cluster_v100m32,46,47,46,47,1,0.25,0.00025,1,1,V100M32,18.708,63.0,15
synthetic_04785,cluster_t4,32,39,32,39,7,1.75,7e-05,1,1,,4.0,14.900390625,15
synthetic_04786,cluster_t4,7,9,7,9,2,0.5,7e-05,1,1,T4,4.0,14.900390625,15
synthetic_04787,cluster_t4,28,29,28,29,1,0.25,7e-05,1,1,,15.4,88.0,15
synthetic_04788,cluster_v100m16,90,91,90,91,1,0.25,0.00025,1,1,P100|V100M16|V100M32,8.0,16.0,15
synthetic_04789,cluster_t4,60,61,60,61,1,0.25,7e-05,1,1,T4,11.4,47.0,15
synthetic_04790,cluster_v100m16,31,32,31,32,1,0.25,0.00025,1,1,,3.152,5.46875,15
synthetic_04791,cluster_v100m32,68,69,68,69,1,0.25,0.00025,1,1,,3.152,5.46875,15
synthetic_04792,cluster_p100,77,78,77,78,1,0.25,0.00025,1,1,,11.908,46.0,15
synthetic_04793,cluster_t4,18,19,18,19,1,0.25,7e-05,1,1,T4,6.0,12.0,15
synthetic_04794,cluster_v100m16,77,78,77,78,1,0.25,0.00025,1,1,,3.152,5.46875,15
synthetic_04795,cluster_t4,73,81,73,81,8,2.0,7e-05,1,1,T4,11.908,46.0,15
synthetic_04796,cluster_g3,39,40,39,40,1,0.25,0.00035,1,1,,11.908,46.0,15
synthetic_04797,cluster_g3,30,44,30,44,14,3.5,0.00035,1,1,,11.908,46.0,15
synthetic_04798,cluster_t4,3,5,3,5,2,0.5,7e-05,1,1,T4,15.7,57.0,15
synthetic_04799,cluster_v100m32,39,40,39,40,1,0.25,0.00025,1,1,,11.3,48.0,15
synthetic_04800,cluster_v100m16,63,64,63,64,1,0.25,0.00025,1,1,,3.152,5.46875,15
synthetic_04801,cluster_p100,77,78,77,78,1,0.25,0.00025,1,1,,11.3,48.0,15
synthetic_04802,cluster_p100,48,49,48,49,1,0.25,0.00025,1,1,,3.152,5.46875,15
synthetic_04803,cluster_g2,83,84,83,84,1,0.25,0.00035,1,1,,3.152,5.46875,15
synthetic_04804,cluster_t4,18,19,18,19,1,0.25,7e-05,1,1,,15.7,57.0,15
synthetic_04805,cluster_v100m16,81,83,81,83,2,0.5,0.00025,1,1,P100|T4|V100M16|V100M32,9.81,40.5859375,15
synthetic_04806,cluster_v100m16,7,8,7,8,1,0.25,0.00025,1,1,,3.152,5.46875,15
synthetic_04807,cluster_g3,63,64,63,64,1,0.25,0.00035,1,1,,3.152,5.46875,15
synthetic_04808,cluster_v100m16,59,61,59,61,2,0.5,0.00025,1,1,,8.0,29.8017578125,15
synthetic_04809,cluster_t4,78,81,78,81,3,0.75,7e-05,1,1,T4,12.0,23.0,15
synthetic_04810,cluster_v100m16,9,10,9,10,1,0.25,0.00025,1,1,,3.152,5.46875,15
synthetic_04811,cluster_p100,34,35,34,35,1,0.25,0.00025,1,1,,3.152,5.46875,15
synthetic_04812,cluster_p100,76,77,76,77,1,0.25,0.00025,1,1,P100,3.152,5.46875,15
synthetic_04813,cluster_v100m16,93,94,93,94,1,0.25,0.00025,1,1,,3.152,5.46875,15
synthetic_04814,cluster_t4,24,26,24,26,2,0.5,7e-05,1,1,T4,4.0,14.900390625,15
synthetic_04815,cluster_t4,22,24,22,24,2,0.5,7e-05,1,1,,3.152,5.46875,15
synthetic_04816,cluster_g3,91,94,91,94,3,0.75,0.00035,1,1,,11.9,76.0,15
synthetic_04817,cluster_t4,40,42,40,42,2,0.5,7e-05,1,1,,6.0,12.0,15
synthetic_04818,cluster_g2,64,65,64,65,1,0.25,0.00035,1,1,,11.908,46.0,15
synthetic_04819,cluster_g3,10,16,10,16,6,1.5,0.00035,1,1,,3.152,5.46875,15
synthetic_04820,cluster_g3,91,92,91,92,1,0.25,0.00035,1,1,,2.0,16.0,15
synthetic_04821,cluster_t4,91,92,91,92,1,0.25,7e-05,1,1,T4,3.152,5.46875,15
synthetic_04822,cluster_v100m16,7,11,7,11,4,1.0,0.00025,1,1,,9.81,40.5859375,15
synthetic_04823,cluster_p100,0,1,0,1,1,0.25,0.00025,1,1,,8.0,29.8017578125,15
synthetic_04824,cluster_p100,56,70,56,70,14,3.5,0.00025,1,1,,9.81,40.5859375,15
synthetic_04825,cluster_g3,0,3,0,3,3,0.75,0.00035,1,1,,15.7,57.0,15
synthetic_04826,cluster_t4,22,23,22,23,1,0.25,7e-05,1,1,T4,11.9,76.0,15
synthetic_04827,cluster_t4,0,1,0,1,1,0.25,7e-05,1,1,,11.908,46.0,15
synthetic_04828,cluster_g2,48,54,48,54,6,1.5,0.00035,1,1,G2,8.0,16.0,15
synthetic_04829,cluster_g2,44,45,44,45,1,0.25,0.00035,1,1,,18.708,63.0,15
synthetic_04830,cluster_v100m16,16,17,16,17,1,0.25,0.002,8,8,,64.2,257.0,15
synthetic_04831,cluster_t4,71,72,71,72,1,0.25,7e-05,1,1,T4,11.908,46.0,15
synthetic_04832,cluster_v100m32,73,74,73,74,1,0.25,0.00025,1,1,V100M16|V100M32,11.4,47.0,15
synthetic_04833,cluster_p100,51,55,51,55,4,1.0,0.00025,1,1,,4.0,30.517578125,15
synthetic_04834,cluster_t4,61,62,61,62,1,0.25,7e-05,1,1,,4.152,10.3515625,15
synthetic_04835,cluster_g2,89,90,89,90,1,0.25,0.00035,1,1,,3.152,5.46875,15
synthetic_04836,cluster_v100m16,14,15,14,15,1,0.25,0.00025,1,1,V100M16|V100M32,18.708,63.0,15
synthetic_04837,cluster_g3,31,37,31,37,6,1.5,0.00035,1,1,,3.152,5.46875,15
synthetic_04838,cluster_t4,6,19,6,19,13,3.25,7e-05,1,1,T4,9.81,40.5859375,15
synthetic_04839,cluster_t4,10,11,10,11,1,0.25,7e-05,1,1,T4,3.152,5.46875,15
synthetic_04840,cluster_v100m32,50,55,50,55,5,1.25,0.00025,1,1,,16.0,32.0,15
synthetic_04841,cluster_g2,56,57,56,57,1,0.25,0.00035,1,1,,3.152,5.46875,15
synthetic_04842,cluster_t4,25,26,25,26,1,0.25,7e-05,1,1,T4,8.0,29.8017578125,15
synthetic_04843,cluster_v100m16,33,34,33,34,1,0.25,0.00025,1,1,,18.708,63.0,15
synthetic_04844,cluster_v100m32,57,58,57,58,1,0.25,0.00025,1,1,,3.152,5.46875,15
synthetic_04845,cluster_v100m32,69,70,69,70,1,0.25,0.00025,1,1,,3.152,5.46875,15
synthetic_04846,cluster_p100,27,28,27,28,1,0.25,0.00025,1,1,,4.0,29.8017578125,15
synthetic_04847,cluster_g2,26,31,26,31,5,1.25,0.00035,1,1,,15.2,79.0,15
synthetic_04848,cluster_g2,41,42,41,42,1,0.25,0.00035,1,1,G2,3.152,5.46875,15
synthetic_04849,cluster_t4,84,92,84,92,8,2.0,7e-05,1,1,,11.3,48.0,15
synthetic_04850,cluster_t4,46,51,46,51,5,1.25,7e-05,1,1,T4,15.2,79.0,15
synthetic_04851,cluster_g3,15,16,15,16,1,0.25,0.00035,1,1,,6.0,6.0,15
synthetic_04852,cluster_g2,28,29,28,29,1,0.25,0.00035,1,1,,3.152,5.46875,15
synthetic_04853,cluster_g3,17,20,17,20,3,0.75,0.00035,1,1,,24.2,91.0,15
synthetic_04854,cluster_g2,37,39,37,39,2,0.5,0.00035,1,1,G2,11.908,46.0,15
synthetic_04855,cluster_p100,87,88,87,88,1,0.25,0.00025,1,1,,8.0,29.8017578125,15
synthetic_04856,cluster_t4,46,59,46,59,13,3.25,7e-05,1,1,T4,4.0,22.3515625,15
synthetic_04857,cluster_t4,93,94,93,94,1,0.25,7e-05,1,1,T4,16.0,32.0,15
synthetic_04858,cluster_p100,59,60,59,60,1,0.25,0.00025,1,1,,3.152,5.46875,15
synthetic_04859,cluster_g2,84,89,84,89,5,1.25,0.00035,1,1,G2,11.4,47.0,15
synthetic_04860,cluster_p100,23,25,23,25,2,0.5,0.00025,1,1,,11.3,48.0,15
synthetic_04861,cluster_t4,24,25,24,25,1,0.25,7e-05,1,1,T4,11.3,48.0,15
synthetic_04862,cluster_v100m16,77,93,77,93,16,4.0,0.00025,1,1,,8.0,29.8017578125,15
synthetic_04863,cluster_t4,13,17,13,17,4,1.0,7e-05,1,1,T4,11.4,47.0,15
synthetic_04864,cluster_v100m16,33,34,33,34,1,0.25,0.00025,1,1,,4.152,10.3515625,15
synthetic_04865,cluster_v100m16,12,13,12,13,1,0.25,0.00025,1,1,,3.152,5.46875,15
synthetic_04866,cluster_g3,38,44,38,44,6,1.5,0.00035,1,1,,14.9,72.0,15
synthetic_04867,cluster_t4,83,85,83,85,2,0.5,7e-05,1,1,T4,8.0,29.8017578125,15
synthetic_04868,cluster_t4,48,49,48,49,1,0.25,7e-05,1,1,,12.0,24.0,15
synthetic_04869,cluster_p100,33,39,33,39,6,1.5,0.00025,1,1,P100,4.0,22.3515625,15
synthetic_04870,cluster_g3,26,27,26,27,1,0.25,0.00035,1,1,,16.0,32.0,15
synthetic_04871,cluster_v100m32,88,90,88,90,2,0.5,0.00025,1,1,,3.152,5.46875,15
synthetic_04872,cluster_t4,49,52,49,52,3,0.75,7e-05,1,1,,16.0,32.0,15
synthetic_04873,cluster_v100m32,75,77,75,77,2,0.5,0.00025,1,1,,9.81,40.5859375,15
synthetic_04874,cluster_t4,94,95,94,95,1,0.25,7e-05,1,1,,1.0,2.0,15
synthetic_04875,cluster_p100,36,37,36,37,1,0.25,0.00025,1,1,,3.152,5.46875,15
synthetic_04876,cluster_t4,90,91,90,91,1,0.25,7e-05,1,1,,11.908,46.0,15
synthetic_04877,cluster_g3,75,76,75,76,1,0.25,0.00035,1,1,,11.4,47.0,15
synthetic_04878,cluster_v100m16,26,33,26,33,7,1.75,0.00025,1,1,,3.152,5.46875,15
synthetic_04879,cluster_g3,91,96,91,96,5,1.25,0.00035,1,1,,9.81,40.5859375,15
synthetic_04880,cluster_g2,36,40,36,40,4,1.0,0.00035,1,1,G2,11.4,47.0,15
synthetic_04881,cluster_v100m32,69,72,69,72,3,0.75,0.00025,1,1,V100M16|V100M32,11.4,47.0,15
synthetic_04882,cluster_v100m16,77,79,77,79,2,0.5,0.00025,1,1,V100M16|V100M32,11.3,48.0,15
synthetic_04883,cluster_p100,21,22,21,22,1,0.25,0.00025,1,1,,3.152,5.46875,15
synthetic_04884,cluster_g2,29,30,29,30,1,0.25,0.00035,1,1,,4.0,14.900390625,15
synthetic_04885,cluster_t4,75,76,75,76,1,0.25,7e-05,1,1,T4,3.152,5.46875,15
synthetic_04886,cluster_p100,44,45,44,45,1,0.25,0.00025,1,1,,14.2,57.0,15
synthetic_04887,cluster_p100,29,39,29,39,10,2.5,0.00025,1,1,,14.9,72.0,15
synthetic_04888,cluster_p100,30,31,30,31,1,0.25,0.00025,1,1,,15.7,57.0,15
synthetic_04889,cluster_t4,73,74,73,74,1,0.25,7e-05,1,1,,11.4,47.0,15
synthetic_04890,cluster_t4,12,15,12,15,3,0.75,7e-05,1,1,,4.0,29.8017578125,15
synthetic_04891,cluster_g2,76,82,76,82,6,1.5,0.00035,1,1,,4.0,29.8017578125,15
synthetic_04892,cluster_v100m32,82,83,82,83,1,0.25,0.00025,1,1,,3.152,5.46875,15
synthetic_04893,cluster_g3,19,20,19,20,1,0.25,0.00035,1,1,,4.0,14.900390625,15
synthetic_04894,cluster_t4,0,1,0,1,1,0.25,7e-05,1,1,,3.152,5.46875,15
synthetic_04895,cluster_g3,62,63,62,63,1,0.25,0.00035,1,1,,3.152,5.46875,15
synthetic_04896,cluster_t4,82,83,82,83,1,0.25,7e-05,1,1,T4,8.0,29.8017578125,15
synthetic_04897,cluster_v100m16,74,76,74,76,2,0.5,0.00025,1,1,,11.4,47.0,15
synthetic_04898,cluster_t4,89,90,89,90,1,0.25,7e-05,1,1,T4,4.0,22.3515625,15
synthetic_04899,cluster_t4,83,84,83,84,1,0.25,7e-05,1,1,T4,11.908,46.0,15
synthetic_04900,cluster_g2,69,70,69,70,1,0.25,0.00035,1,1,G2,11.3,48.0,15
synthetic_04901,cluster_v100m16,78,85,78,85,7,1.75,0.00025,1,1,,11.908,46.0,15
synthetic_04902,cluster_p100,85,86,85,86,1,0.25,0.00025,1,1,,3.152,5.46875,15
synthetic_04903,cluster_v100m16,50,55,50,55,5,1.25,0.00025,1,1,V100M16|V100M32,16.0,32.0,15
synthetic_04904,cluster_t4,32,33,32,33,1,0.25,7e-05,1,1,T4,4.152,10.3515625,15
synthetic_04905,cluster_g2,94,95,94,95,1,0.25,0.0014,4,4,G2,32.2,129.0,15
synthetic_04906,cluster_v100m16,4,5,4,5,1,0.25,0.00025,1,1,,3.152,5.46875,15
synthetic_04907,cluster_g3,11,20,11,20,9,2.25,0.00035,1,1,,11.4,76.0,15
synthetic_04908,cluster_p100,90,91,90,91,1,0.25,0.00025,1,1,,4.152,10.3515625,15
synthetic_04909,cluster_p100,10,11,10,11,1,0.25,0.00025,1,1,P100,3.152,5.46875,15
synthetic_04910,cluster_v100m32,26,28,26,28,2,0.5,0.00025,1,1,V100M16|V100M32,11.4,47.0,15
synthetic_04911,cluster_p100,60,76,60,76,16,4.0,0.00025,1,1,,12.0,15.0,15
synthetic_04912,cluster_p100,85,86,85,86,1,0.25,0.00025,1,1,P100,3.152,5.46875,15
synthetic_04913,cluster_g3,65,68,65,68,3,0.75,0.00035,1,1,,11.4,47.0,15
synthetic_04914,cluster_v100m16,62,63,62,63,1,0.25,0.00025,1,1,,3.152,5.46875,15
synthetic_04915,cluster_g3,95,96,95,96,1,0.25,0.00035,1,1,,11.3,48.0,15
synthetic_04916,cluster_v100m16,54,55,54,55,1,0.25,0.00025,1,1,,11.908,46.0,15
synthetic_04917,cluster_g3,8,9,8,9,1,0.25,0.00035,1,1,,4.0,22.3515625,15
synthetic_04918,cluster_v100m32,87,90,87,90,3,0.75,0.00025,1,1,,4.0,14.900390625,15
synthetic_04919,cluster_t4,61,63,61,63,2,0.5,7e-05,1,1,T4,4.152,10.3515625,15
synthetic_04920,cluster_v100m32,35,36,35,36,1,0.25,0.00025,1,1,,3.152,5.46875,15
synthetic_04921,cluster_v100m32,79,80,79,80,1,0.25,0.00025,1,1,,11.3,48.0,15
synthetic_04922,cluster_v100m16,64,65,64,65,1,0.25,0.00025,1,1,,4.0,22.3515625,15
synthetic_04923,cluster_v100m32,91,94,91,94,3,0.75,0.00025,1,1,,8.0,29.8017578125,15
synthetic_04924,cluster_t4,30,38,30,38,8,2.0,7e-05,1,1,T4,4.0,14.900390625,15
synthetic_04925,cluster_t4,45,47,45,47,2,0.5,7e-05,1,1,,3.152,5.46875,15
synthetic_04926,cluster_v100m16,41,43,41,43,2,0.5,0.00025,1,1,P100|V100M16|V100M32,11.9,76.0,15
synthetic_04927,cluster_v100m16,46,47,46,47,1,0.25,0.00025,1,1,,11.908,46.0,15
synthetic_04928,cluster_t4,10,13,10,13,3,0.75,7e-05,1,1,T4,9.81,40.5859375,15
synthetic_04929,cluster_v100m32,64,65,64,65,1,0.25,0.00025,1,1,,3.152,5.46875,15
synthetic_04930,cluster_t4,54,55,54,55,1,0.25,7e-05,1,1,T4,3.152,5.46875,15
synthetic_04931,cluster_p100,14,15,14,15,1,0.25,0.00025,1,1,,3.152,5.46875,15
synthetic_04932,cluster_g2,82,83,82,83,1,0.25,0.00035,1,1,,11.3,48.0,15
synthetic_04933,cluster_t4,25,26,25,26,1,0.25,7e-05,1,1,T4,18.708,63.0,15
synthetic_04934,cluster_p100,18,19,18,19,1,0.25,0.00025,1,1,,11.4,47.0,15
synthetic_04935,cluster_t4,14,15,14,15,1,0.25,0.00056,8,8,,64.2,257.0,15
synthetic_04936,cluster_t4,0,7,0,7,7,1.75,7e-05,1,1,,6.0,18.0,15
synthetic_04937,cluster_t4,93,96,93,96,3,0.75,7e-05,1,1,T4,15.7,57.0,15
synthetic_04938,cluster_g2,10,12,10,12,2,0.5,0.00035,1,1,,16.0,32.0,15
synthetic_04939,cluster_p100,80,81,80,81,1,0.25,0.00025,1,1,,3.152,5.46875,15
synthetic_04940,cluster_v100m16,30,31,30,31,1,0.25,0.00025,1,1,,3.152,5.46875,15
synthetic_04941,cluster_g3,46,60,46,60,14,3.5,0.00035,1,1,,8.0,29.8017578125,15
synthetic_04942,cluster_g3,59,65,59,65,6,1.5,0.00035,1,1,G3,12.0,24.0,15
synthetic_04943,cluster_v100m32,74,77,74,77,3,0.75,0.00025,1,1,,9.81,40.5859375,15
synthetic_04944,cluster_t4,7,10,7,10,3,0.75,7e-05,1,1,,11.908,46.0,15
synthetic_04945,cluster_t4,32,36,32,36,4,1.0,7e-05,1,1,T4,1.0,6.0,15
synthetic_04946,cluster_g3,91,92,91,92,1,0.25,0.00035,1,1,G3,11.908,46.0,15
synthetic_04947,cluster_t4,3,11,3,11,8,2.0,7e-05,1,1,T4,8.0,16.0,15
synthetic_04948,cluster_g3,88,89,88,89,1,0.25,0.00035,1,1,G3,9.81,40.5859375,15
synthetic_04949,cluster_p100,37,38,37,38,1,0.25,0.00025,1,1,P100,3.152,5.46875,15
synthetic_04950,cluster_g3,28,29,28,29,1,0.25,0.00035,1,1,,12.0,16.0,15
synthetic_04951,cluster_v100m32,68,69,68,69,1,0.25,0.00025,1,1,P100|V100M16|V100M32,3.152,5.46875,15
synthetic_04952,cluster_v100m16,73,74,73,74,1,0.25,0.00025,1,1,,3.152,5.46875,15
synthetic_04953,cluster_g2,68,72,68,72,4,1.0,0.00035,1,1,G2,15.7,57.0,15
synthetic_04954,cluster_p100,14,15,14,15,1,0.25,0.00025,1,1,,3.152,5.46875,15
synthetic_04955,cluster_t4,4,14,4,14,10,2.5,7e-05,1,1,T4,14.2,57.0,15
synthetic_04956,cluster_g3,40,41,40,41,1,0.25,0.00035,1,1,,11.4,47.0,15
synthetic_04957,cluster_t4,71,75,71,75,4,1.0,7e-05,1,1,,8.0,16.0,15
synthetic_04958,cluster_g3,64,69,64,69,5,1.25,0.00035,1,1,,15.7,57.0,15
synthetic_04959,cluster_v100m32,63,64,63,64,1,0.25,0.00025,1,1,P100|V100M16|V100M32,18.708,63.0,15
synthetic_04960,cluster_v100m32,27,29,27,29,2,0.5,0.00025,1,1,V100M16|V100M32,11.4,47.0,15
synthetic_04961,cluster_v100m16,22,23,22,23,1,0.25,0.00025,1,1,,11.4,47.0,15
synthetic_04962,cluster_g2,56,57,56,57,1,0.25,0.00035,1,1,,3.152,5.46875,15
synthetic_04963,cluster_t4,23,36,23,36,13,3.25,7e-05,1,1,T4,18.708,63.0,15
synthetic_04964,cluster_v100m16,82,83,82,83,1,0.25,0.00025,1,1,,3.152,5.46875,15
synthetic_04965,cluster_t4,25,35,25,35,10,2.5,7e-05,1,1,T4,8.0,29.8017578125,15
synthetic_04966,cluster_p100,83,84,83,84,1,0.25,0.00025,1,1,P100,3.152,5.46875,15
synthetic_04967,cluster_v100m16,1,10,1,10,9,2.25,0.00025,1,1,,14.2,57.0,15
synthetic_04968,cluster_v100m32,86,87,86,87,1,0.25,0.00025,1,1,,11.4,47.0,15
synthetic_04969,cluster_v100m16,37,41,37,41,4,1.0,0.00025,1,1,V100M16|V100M32,11.4,47.0,15
synthetic_04970,cluster_v100m32,17,18,17,18,1,0.25,0.00025,1,1,,11.908,46.0,15
synthetic_04971,cluster_t4,40,41,40,41,1,0.25,7e-05,1,1,T4,12.0,16.0,15
synthetic_04972,cluster_t4,69,70,69,70,1,0.25,7e-05,1,1,T4,3.152,5.46875,15
synthetic_04973,cluster_t4,4,6,4,6,2,0.5,7e-05,1,1,,3.152,5.46875,15
synthetic_04974,cluster_g2,29,34,29,34,5,1.25,0.00035,1,1,,4.0,24.0,15
synthetic_04975,cluster_v100m16,79,93,79,93,14,3.5,0.00025,1,1,,8.0,29.8017578125,15
synthetic_04976,cluster_g3,21,30,21,30,9,2.25,0.00035,1,1,,11.4,76.0,15
synthetic_04977,cluster_p100,62,63,62,63,1,0.25,0.00025,1,1,,4.0,29.8017578125,15
synthetic_04978,cluster_p100,21,22,21,22,1,0.25,0.00025,1,1,,11.3,48.0,15
synthetic_04979,cluster_g2,88,92,88,92,4,1.0,0.00035,1,1,,4.0,14.900390625,15
synthetic_04980,cluster_g3,42,44,42,44,2,0.5,0.00035,1,1,,11.908,46.0,15
synthetic_04981,cluster_t4,19,21,19,21,2,0.5,7e-05,1,1,,3.152,5.46875,15
synthetic_04982,cluster_v100m32,32,33,32,33,1,0.25,0.00025,1,1,,11.3,48.0,15
synthetic_04983,cluster_t4,71,72,71,72,1,0.25,7e-05,1,1,T4,4.0,14.900390625,15
synthetic_04984,cluster_g3,69,72,69,72,3,0.75,0.00035,1,1,,8.0,29.8017578125,15
synthetic_04985,cluster_g3,52,53,52,53,1,0.25,0.00035,1,1,,9.81,40.5859375,15
synthetic_04986,cluster_g2,42,43,42,43,1,0.25,0.00035,1,1,,12.0,24.0,15
synthetic_04987,cluster_t4,34,43,34,43,9,2.25,7e-05,1,1,T4,3.152,5.46875,15
synthetic_04988,cluster_v100m16,38,39,38,39,1,0.25,0.00025,1,1,,3.152,5.46875,15
synthetic_04989,cluster_v100m32,1,2,1,2,1,0.25,0.00025,1,1,,11.3,37.0,15
synthetic_04990,cluster_t4,42,46,42,46,4,1.0,7e-05,1,1,T4,4.0,14.900390625,15
synthetic_04991,cluster_v100m32,84,85,84,85,1,0.25,0.00025,1,1,,11.908,46.0,15
synthetic_04992,cluster_v100m16,68,74,68,74,6,1.5,0.00025,1,1,,4.0,24.0,15
synthetic_04993,cluster_t4,33,34,33,34,1,0.25,7e-05,1,1,,3.152,5.46875,15
synthetic_04994,cluster_t4,37,39,37,39,2,0.5,7e-05,1,1,T4,11.4,47.0,15
synthetic_04995,cluster_v100m16,29,30,29,30,1,0.25,0.00025,1,1,,9.81,40.5859375,15
synthetic_04996,cluster_p100,59,65,59,65,6,1.5,0.00025,1,1,,24.2,91.0,15
synthetic_04997,cluster_g2,56,67,56,67,11,2.75,0.00035,1,1,G2,14.9,72.0,15
synthetic_04998,cluster_p100,84,87,84,87,3,0.75,0.00025,1,1,,11.908,46.0,15
synthetic_04999,cluster_v100m16,2,3,2,3,1,0.25,0.00025,1,1,V100M16|V100M32,11.4,47.0,15
synthetic_05000,cluster_g3,14,15,14,15,1,0.25,0.00035,1,1,,11.908,46.0,15
synthetic_05001,cluster_g2,40,41,40,41,1,0.25,0.00035,1,1,G2,11.4,47.0,15
synthetic_05002,cluster_v100m32,34,35,34,35,1,0.25,0.00025,1,1,,18.708,63.0,15
synthetic_05003,cluster_g2,45,57,45,57,12,3.0,0.00035,1,1,,2.0,16.0,15
synthetic_05004,cluster_p100,90,92,90,92,2,0.5,0.00025,1,1,,11.4,47.0,15
synthetic_05005,cluster_t4,45,46,45,46,1,0.25,7e-05,1,1,T4,11.3,48.0,15
synthetic_05006,cluster_v100m16,11,12,11,12,1,0.25,0.00025,1,1,,18.708,63.0,15
synthetic_05007,cluster_p100,7,8,7,8,1,0.25,0.00025,1,1,,8.0,29.8017578125,15
synthetic_05008,cluster_v100m32,19,20,19,20,1,0.25,0.00025,1,1,,11.908,46.0,15
synthetic_05009,cluster_g3,58,59,58,59,1,0.25,0.00035,1,1,,11.4,47.0,15
synthetic_05010,cluster_t4,62,63,62,63,1,0.25,7e-05,1,1,T4,3.152,5.46875,15
synthetic_05011,cluster_t4,13,14,13,14,1,0.25,7e-05,1,1,T4,3.152,5.46875,15
synthetic_05012,cluster_t4,50,51,50,51,1,0.25,7e-05,1,1,,11.4,47.0,15
synthetic_05013,cluster_t4,53,56,53,56,3,0.75,7e-05,1,1,,11.3,48.0,15
synthetic_05014,cluster_v100m32,34,35,34,35,1,0.25,0.00025,1,1,,11.908,46.0,15
synthetic_05015,cluster_g2,11,14,11,14,3,0.75,0.00035,1,1,,15.7,57.0,15
synthetic_05016,cluster_g2,43,46,43,46,3,0.75,0.00035,1,1,,11.9,76.0,15
synthetic_05017,cluster_g3,55,57,55,57,2,0.5,0.00035,1,1,,4.0,14.900390625,15
synthetic_05018,cluster_g2,85,88,85,88,3,0.75,0.00035,1,1,,11.4,47.0,15
synthetic_05019,cluster_t4,76,86,76,86,10,2.5,7e-05,1,1,T4,8.0,32.0,15
synthetic_05020,cluster_p100,63,68,63,68,5,1.25,0.00025,1,1,,11.908,46.0,15
synthetic_05021,cluster_t4,17,19,17,19,2,0.5,7e-05,1,1,,12.0,16.0,15
synthetic_05022,cluster_v100m16,43,44,43,44,1,0.25,0.00025,1,1,,4.0,14.900390625,15
synthetic_05023,cluster_p100,91,92,91,92,1,0.25,0.00025,1,1,,3.152,5.46875,15
synthetic_05024,cluster_t4,90,91,90,91,1,0.25,7e-05,1,1,,3.152,5.46875,15
synthetic_05025,cluster_v100m32,32,33,32,33,1,0.25,0.00025,1,1,,11.908,46.0,15
synthetic_05026,cluster_g3,27,29,27,29,2,0.5,0.00035,1,1,,4.152,10.3515625,15
synthetic_05027,cluster_g3,25,31,25,31,6,1.5,0.00035,1,1,,4.0,22.3515625,15
synthetic_05028,cluster_t4,49,50,49,50,1,0.25,7e-05,1,1,,3.152,5.46875,15
synthetic_05029,cluster_t4,18,19,18,19,1,0.25,7e-05,1,1,T4,11.908,46.0,15
synthetic_05030,cluster_v100m16,75,76,75,76,1,0.25,0.00025,1,1,,3.152,5.46875,15
synthetic_05031,cluster_t4,59,65,59,65,6,1.5,7e-05,1,1,T4,4.0,30.517578125,15
synthetic_05032,cluster_g3,75,76,75,76,1,0.25,0.00035,1,1,,3.152,5.46875,15
synthetic_05033,cluster_g2,95,96,95,96,1,0.25,0.00035,1,1,,3.152,5.46875,15
synthetic_05034,cluster_v100m16,62,63,62,63,1,0.25,0.00025,1,1,P100|T4|V100M16|V100M32,18.708,63.0,15
synthetic_05035,cluster_t4,91,96,91,96,5,1.25,7e-05,1,1,T4,15.2,79.0,15
synthetic_05036,cluster_v100m16,6,7,6,7,1,0.25,0.00025,1,1,,3.152,5.46875,15
synthetic_05037,cluster_v100m16,80,82,80,82,2,0.5,0.00025,1,1,,11.908,46.0,15
synthetic_05038,cluster_g2,74,75,74,75,1,0.25,0.00035,1,1,,3.152,5.46875,15
synthetic_05039,cluster_v100m16,94,96,94,96,2,0.5,0.00025,1,1,P100|V100M16|V100M32,12.0,32.0,15
synthetic_05040,cluster_p100,22,28,22,28,6,1.5,0.00025,1,1,,1.0,6.0,15
synthetic_05041,cluster_g3,15,17,15,17,2,0.5,0.00035,1,1,,11.4,47.0,15
synthetic_05042,cluster_v100m32,42,43,42,43,1,0.25,0.00025,1,1,,4.0,22.3515625,15
synthetic_05043,cluster_t4,42,46,42,46,4,1.0,7e-05,1,1,T4,9.81,40.5859375,15
synthetic_05044,cluster_v100m32,75,76,75,76,1,0.25,0.00025,1,1,,3.152,5.46875,15
synthetic_05045,cluster_t4,70,75,70,75,5,1.25,7e-05,1,1,,11.4,47.0,15
synthetic_05046,cluster_g3,69,70,69,70,1,0.25,0.00035,1,1,,18.708,63.0,15
synthetic_05047,cluster_p100,91,92,91,92,1,0.25,0.00025,1,1,,14.2,57.0,15
synthetic_05048,cluster_g2,66,67,66,67,1,0.25,0.00035,1,1,,3.152,5.46875,15
synthetic_05049,cluster_g3,73,74,73,74,1,0.25,0.00035,1,1,,3.152,5.46875,15
synthetic_05050,cluster_v100m16,74,75,74,75,1,0.25,0.00025,1,1,,11.908,46.0,15
synthetic_05051,cluster_t4,37,38,37,38,1,0.25,7e-05,1,1,,11.908,46.0,15
synthetic_05052,cluster_g2,25,26,25,26,1,0.25,0.00035,1,1,G2,11.3,48.0,15
synthetic_05053,cluster_g2,15,16,15,16,1,0.25,0.00035,1,1,G2,3.152,5.46875,15
synthetic_05054,cluster_g3,57,59,57,59,2,0.5,0.00035,1,1,,3.152,5.46875,15
synthetic_05055,cluster_t4,75,76,75,76,1,0.25,7e-05,1,1,,8.0,29.8017578125,15
synthetic_05056,cluster_v100m16,83,84,83,84,1,0.25,0.00025,1,1,,12.0,16.0,15
synthetic_05057,cluster_p100,52,55,52,55,3,0.75,0.00025,1,1,,4.0,32.0,15
synthetic_05058,cluster_p100,87,89,87,89,2,0.5,0.00025,1,1,,11.3,48.0,15
synthetic_05059,cluster_g3,39,40,39,40,1,0.25,0.00035,1,1,,3.152,5.46875,15
synthetic_05060,cluster_p100,55,61,55,61,6,1.5,0.00025,1,1,P100,4.0,22.3515625,15
synthetic_05061,cluster_g2,32,33,32,33,1,0.25,0.00035,1,1,G2,11.3,48.0,15
synthetic_05062,cluster_t4,18,19,18,19,1,0.25,7e-05,1,1,T4,11.3,48.0,15
synthetic_05063,cluster_g2,75,77,75,77,2,0.5,0.00035,1,1,G2,16.0,32.0,15
synthetic_05064,cluster_g2,83,84,83,84,1,0.25,0.00035,1,1,,15.7,57.0,15
synthetic_05065,cluster_g3,94,95,94,95,1,0.25,0.00035,1,1,,3.152,5.46875,15
synthetic_05066,cluster_t4,38,40,38,40,2,0.5,7e-05,1,1,T4,4.152,10.3515625,15
synthetic_05067,cluster_g2,13,23,13,23,10,2.5,0.00035,1,1,G2|P100|T4|V100M16|V100M32,11.4,47.0,15
synthetic_05068,cluster_t4,17,18,17,18,1,0.25,7e-05,1,1,,3.152,5.46875,15
synthetic_05069,cluster_t4,52,54,52,54,2,0.5,7e-05,1,1,,8.0,29.8017578125,15
synthetic_05070,cluster_v100m32,31,38,31,38,7,1.75,0.00025,1,1,,12.0,15.0,15
synthetic_05071,cluster_v100m32,27,28,27,28,1,0.25,0.00025,1,1,,11.908,46.0,15
synthetic_05072,cluster_v100m16,38,39,38,39,1,0.25,0.00025,1,1,,6.0,12.0,15
synthetic_05073,cluster_t4,48,49,48,49,1,0.25,7e-05,1,1,T4,11.908,46.0,15
synthetic_05074,cluster_v100m16,82,87,82,87,5,1.25,0.00025,1,1,P100|T4|V100M16|V100M32,15.2,79.0,15
synthetic_05075,cluster_v100m32,63,65,63,65,2,0.5,0.00025,1,1,P100|T4|V100M16|V100M32,11.3,48.0,15
synthetic_05076,cluster_g2,70,71,70,71,1,0.25,0.0014,4,4,G2,32.2,129.0,15
synthetic_05077,cluster_v100m32,76,77,76,77,1,0.25,0.00025,1,1,,3.152,5.46875,15
synthetic_05078,cluster_v100m32,46,47,46,47,1,0.25,0.00025,1,1,V100M16|V100M32,3.152,5.46875,15
synthetic_05079,cluster_g2,87,88,87,88,1,0.25,0.00035,1,1,G2,11.3,48.0,15
synthetic_05080,cluster_p100,6,7,6,7,1,0.25,0.00025,1,1,,11.3,48.0,15
synthetic_05081,cluster_p100,34,36,34,36,2,0.5,0.00025,1,1,,18.708,63.0,15
synthetic_05082,cluster_v100m32,47,48,47,48,1,0.25,0.00025,1,1,,11.3,48.0,15
synthetic_05083,cluster_p100,65,69,65,69,4,1.0,0.00025,1,1,P100|V100M16|V100M32,16.0,32.0,15
synthetic_05084,cluster_g3,92,94,92,94,2,0.5,0.00035,1,1,,3.152,5.46875,15
synthetic_05085,cluster_v100m32,49,50,49,50,1,0.25,0.00025,1,1,,4.0,22.3515625,15
synthetic_05086,cluster_p100,67,68,67,68,1,0.25,0.00025,1,1,P100,3.152,5.46875,15
synthetic_05087,cluster_g3,1,2,1,2,1,0.25,0.00035,1,1,,1.0,2.0,15
synthetic_05088,cluster_t4,49,56,49,56,7,1.75,7e-05,1,1,T4,12.0,16.0,15
synthetic_05089,cluster_p100,12,13,12,13,1,0.25,0.00025,1,1,,3.152,5.46875,15
synthetic_05090,cluster_v100m32,11,12,11,12,1,0.25,0.00025,1,1,,11.3,48.0,15
synthetic_05091,cluster_t4,52,53,52,53,1,0.25,7e-05,1,1,,3.152,5.46875,15
synthetic_05092,cluster_t4,30,31,30,31,1,0.25,7e-05,1,1,,11.4,47.0,15
synthetic_05093,cluster_t4,5,20,5,20,15,3.75,7e-05,1,1,T4,12.0,24.0,15
synthetic_05094,cluster_t4,77,82,77,82,5,1.25,7e-05,1,1,,24.2,91.0,15
synthetic_05095,cluster_g2,82,83,82,83,1,0.25,0.00035,1,1,,8.0,29.8017578125,15
synthetic_05096,cluster_t4,7,8,7,8,1,0.25,7e-05,1,1,T4,8.0,29.8017578125,15
synthetic_05097,cluster_g2,82,91,82,91,9,2.25,0.00035,1,1,,6.0,6.0,15
synthetic_05098,cluster_t4,36,37,36,37,1,0.25,7e-05,1,1,T4,3.152,5.46875,15
synthetic_05099,cluster_g2,19,24,19,24,5,1.25,0.00035,1,1,,12.0,24.0,15
synthetic_05100,cluster_t4,12,13,12,13,1,0.25,7e-05,1,1,,4.0,14.900390625,15
synthetic_05101,cluster_t4,55,56,55,56,1,0.25,7e-05,1,1,T4,3.152,5.46875,15
synthetic_05102,cluster_t4,77,78,77,78,1,0.25,7e-05,1,1,T4,8.0,29.8017578125,15
synthetic_05103,cluster_t4,81,86,81,86,5,1.25,7e-05,1,1,T4,16.0,32.0,15
synthetic_05104,cluster_v100m16,9,10,9,10,1,0.25,0.00025,1,1,,11.3,48.0,15
synthetic_05105,cluster_v100m32,34,35,34,35,1,0.25,0.00025,1,1,,3.152,5.46875,15
synthetic_05106,cluster_g3,91,92,91,92,1,0.25,0.00035,1,1,,12.0,16.0,15
synthetic_05107,cluster_t4,28,29,28,29,1,0.25,7e-05,1,1,T4,3.152,5.46875,15
synthetic_05108,cluster_v100m32,71,72,71,72,1,0.25,0.00025,1,1,,3.152,5.46875,15
synthetic_05109,cluster_v100m32,67,69,67,69,2,0.5,0.00025,1,1,P100|V100M16|V100M32,11.4,76.0,15
synthetic_05110,cluster_t4,76,77,76,77,1,0.25,7e-05,1,1,T4,3.152,5.46875,15
synthetic_05111,cluster_g3,8,11,8,11,3,0.75,0.00035,1,1,,11.3,48.0,15
synthetic_05112,cluster_g3,63,64,63,64,1,0.25,0.00035,1,1,,18.708,63.0,15
synthetic_05113,cluster_t4,35,36,35,36,1,0.25,7e-05,1,1,T4,3.152,5.46875,15
synthetic_05114,cluster_p100,23,25,23,25,2,0.5,0.00025,1,1,,8.0,29.8017578125,15
synthetic_05115,cluster_v100m16,36,37,36,37,1,0.25,0.00025,1,1,G2|P100|T4|V100M16|V100M32,3.152,5.46875,15
synthetic_05116,cluster_t4,54,58,54,58,4,1.0,7e-05,1,1,T4,18.708,63.0,15
synthetic_05117,cluster_t4,82,83,82,83,1,0.25,7e-05,1,1,T4,3.152,5.46875,15
synthetic_05118,cluster_g3,23,25,23,25,2,0.5,0.00035,1,1,,4.0,14.900390625,15
synthetic_05119,cluster_g3,88,90,88,90,2,0.5,0.00035,1,1,,18.708,63.0,15
synthetic_05120,cluster_t4,75,76,75,76,1,0.25,7e-05,1,1,,9.81,40.5859375,15
synthetic_05121,cluster_p100,29,31,29,31,2,0.5,0.00025,1,1,P100,3.152,5.46875,15
synthetic_05122,cluster_g3,82,83,82,83,1,0.25,0.0028,8,8,G3,64.2,257.0,15
synthetic_05123,cluster_v100m16,65,66,65,66,1,0.25,0.00025,1,1,P100|V100M16|V100M32,11.4,47.0,15
synthetic_05124,cluster_g3,82,84,82,84,2,0.5,0.00035,1,1,,16.0,32.0,15
synthetic_05125,cluster_g3,83,84,83,84,1,0.25,0.00035,1,1,,11.3,48.0,15
synthetic_05126,cluster_g2,9,10,9,10,1,0.25,0.00035,1,1,,11.908,46.0,15
synthetic_05127,cluster_p100,31,32,31,32,1,0.25,0.00025,1,1,P100,8.0,29.8017578125,15
synthetic_05128,cluster_t4,41,43,41,43,2,0.5,7e-05,1,1,,11.3,48.0,15
synthetic_05129,cluster_t4,26,32,26,32,6,1.5,7e-05,1,1,T4,11.4,47.0,15
synthetic_05130,cluster_v100m32,81,82,81,82,1,0.25,0.00025,1,1,,11.3,48.0,15
synthetic_05131,cluster_g2,31,34,31,34,3,0.75,0.00035,1,1,,11.3,48.0,15
synthetic_05132,cluster_p100,85,87,85,87,2,0.5,0.00025,1,1,,6.0,12.0,15
synthetic_05133,cluster_t4,81,83,81,83,2,0.5,7e-05,1,1,,8.0,32.0,15
synthetic_05134,cluster_g2,85,86,85,86,1,0.25,0.00035,1,1,,3.152,5.46875,15
synthetic_05135,cluster_g2,70,76,70,76,6,1.5,0.00035,1,1,,9.81,40.5859375,15
synthetic_05136,cluster_p100,39,40,39,40,1,0.25,0.00025,1,1,P100,3.152,5.46875,15
synthetic_05137,cluster_t4,1,2,1,2,1,0.25,7e-05,1,1,T4,3.152,5.46875,15
synthetic_05138,cluster_v100m16,57,58,57,58,1,0.25,0.00025,1,1,,11.4,47.0,15
synthetic_05139,cluster_v100m32,4,5,4,5,1,0.25,0.00025,1,1,,11.3,48.0,15
synthetic_05140,cluster_v100m32,50,51,50,51,1,0.25,0.00025,1,1,,11.3,48.0,15
synthetic_05141,cluster_g3,36,37,36,37,1,0.25,0.00035,1,1,,9.81,40.5859375,15
synthetic_05142,cluster_p100,33,34,33,34,1,0.25,0.00025,1,1,P100|V100M16|V100M32,16.0,32.0,15
synthetic_05143,cluster_t4,59,60,59,60,1,0.25,7e-05,1,1,,3.152,5.46875,15
synthetic_05144,cluster_v100m32,10,11,10,11,1,0.25,0.00025,1,1,,11.908,46.0,15
synthetic_05145,cluster_v100m32,85,86,85,86,1,0.25,0.00025,1,1,,3.152,5.46875,15
synthetic_05146,cluster_t4,4,5,4,5,1,0.25,7e-05,1,1,,3.152,5.46875,15
synthetic_05147,cluster_t4,86,87,86,87,1,0.25,7e-05,1,1,T4,11.3,48.0,15
synthetic_05148,cluster_g3,34,35,34,35,1,0.25,0.00035,1,1,,18.708,63.0,15
synthetic_05149,cluster_v100m16,22,23,22,23,1,0.25,0.00025,1,1,,3.152,5.46875,15
synthetic_05150,cluster_g2,79,82,79,82,3,0.75,0.00035,1,1,,11.4,47.0,15
synthetic_05151,cluster_g2,41,43,41,43,2,0.5,0.00035,1,1,,8.2,33.0,15
synthetic_05152,cluster_p100,48,51,48,51,3,0.75,0.00025,1,1,P100,3.152,5.46875,15
synthetic_05153,cluster_t4,43,44,43,44,1,0.25,7e-05,1,1,T4,8.0,29.8017578125,15
synthetic_05154,cluster_v100m32,52,55,52,55,3,0.75,0.00025,1,1,P100|V100M16|V100M32,15.7,57.0,15
synthetic_05155,cluster_g3,13,22,13,22,9,2.25,0.00035,1,1,,11.3,48.0,15
synthetic_05156,cluster_g3,89,90,89,90,1,0.25,0.00035,1,1,,3.152,5.46875,15
synthetic_05157,cluster_g3,84,85,84,85,1,0.25,0.00035,1,1,,3.152,5.46875,15
synthetic_05158,cluster_t4,16,17,16,17,1,0.25,7e-05,1,1,,15.7,57.0,15
synthetic_05159,cluster_g3,80,81,80,81,1,0.25,0.00035,1,1,,4.152,10.3515625,15
synthetic_05160,cluster_t4,36,37,36,37,1,0.25,7e-05,1,1,T4,3.152,5.46875,15
synthetic_05161,cluster_g3,50,51,50,51,1,0.25,0.00035,1,1,,3.152,5.46875,15
synthetic_05162,cluster_t4,63,65,63,65,2,0.5,7e-05,1,1,,11.4,47.0,15
synthetic_05163,cluster_t4,89,90,89,90,1,0.25,7e-05,1,1,T4,3.152,5.46875,15
synthetic_05164,cluster_t4,12,13,12,13,1,0.25,7e-05,1,1,,3.152,5.46875,15
synthetic_05165,cluster_v100m16,40,52,40,52,12,3.0,0.00025,1,1,,11.908,46.0,15
synthetic_05166,cluster_v100m16,26,27,26,27,1,0.25,0.00025,1,1,,11.3,48.0,15
synthetic_05167,cluster_v100m16,51,53,51,53,2,0.5,0.00025,1,1,,11.3,48.0,15
synthetic_05168,cluster_v100m32,56,58,56,58,2,0.5,0.00025,1,1,,11.4,47.0,15
synthetic_05169,cluster_p100,1,10,1,10,9,2.25,0.00025,1,1,,11.908,46.0,15
synthetic_05170,cluster_g2,32,35,32,35,3,0.75,0.00035,1,1,G2,11.3,48.0,15
synthetic_05171,cluster_g2,52,57,52,57,5,1.25,0.00035,1,1,G2,11.4,47.0,15
synthetic_05172,cluster_g3,50,53,50,53,3,0.75,0.00035,1,1,,15.7,57.0,15
synthetic_05173,cluster_g3,3,4,3,4,1,0.25,0.00035,1,1,,3.152,5.46875,15
synthetic_05174,cluster_g3,66,67,66,67,1,0.25,0.00035,1,1,,11.3,48.0,15
synthetic_05175,cluster_g2,31,32,31,32,1,0.25,0.00035,1,1,G2,18.708,63.0,15
synthetic_05176,cluster_v100m32,32,33,32,33,1,0.25,0.00025,1,1,,3.152,5.46875,15
synthetic_05177,cluster_p100,19,27,19,27,8,2.0,0.00025,1,1,,8.0,29.8017578125,15
synthetic_05178,cluster_t4,20,23,20,23,3,0.75,7e-05,1,1,,15.2,79.0,15
synthetic_05179,cluster_g2,26,27,26,27,1,0.25,0.00035,1,1,,18.708,63.0,15
synthetic_05180,cluster_v100m16,47,52,47,52,5,1.25,0.00025,1,1,V100M16|V100M32,4.0,24.0,15
synthetic_05181,cluster_p100,0,1,0,1,1,0.25,0.00025,1,1,,11.3,48.0,15
synthetic_05182,cluster_v100m16,16,17,16,17,1,0.25,0.00025,1,1,,24.2,91.0,15
synthetic_05183,cluster_g3,40,42,40,42,2,0.5,0.00035,1,1,,3.152,5.46875,15
synthetic_05184,cluster_v100m16,74,75,74,75,1,0.25,0.00025,1,1,V100M16|V100M32,3.152,5.46875,15
synthetic_05185,cluster_g2,73,75,73,75,2,0.5,0.00035,1,1,G2,12.0,16.0,15
synthetic_05186,cluster_v100m16,32,34,32,34,2,0.5,0.00025,1,1,,3.152,5.46875,15
synthetic_05187,cluster_g3,93,94,93,94,1,0.25,0.00035,1,1,G3,11.3,48.0,15
synthetic_05188,cluster_g2,75,76,75,76,1,0.25,0.00035,1,1,,11.908,46.0,15
synthetic_05189,cluster_g3,15,17,15,17,2,0.5,0.00035,1,1,,3.152,5.46875,15
synthetic_05190,cluster_t4,50,51,50,51,1,0.25,7e-05,1,1,,18.708,63.0,15
synthetic_05191,cluster_p100,48,49,48,49,1,0.25,0.00025,1,1,,3.152,5.46875,15
synthetic_05192,cluster_v100m16,15,16,15,16,1,0.25,0.00025,1,1,,11.908,46.0,15
synthetic_05193,cluster_t4,4,9,4,9,5,1.25,7e-05,1,1,T4,11.4,47.0,15
synthetic_05194,cluster_g2,78,79,78,79,1,0.25,0.00035,1,1,,11.3,48.0,15
synthetic_05195,cluster_g2,8,9,8,9,1,0.25,0.00035,1,1,G2,11.3,48.0,15
synthetic_05196,cluster_v100m16,70,71,70,71,1,0.25,0.00025,1,1,,3.152,5.46875,15
synthetic_05197,cluster_g3,0,3,0,3,3,0.75,0.00035,1,1,G3,11.3,48.0,15
synthetic_05198,cluster_g2,41,42,41,42,1,0.25,0.00035,1,1,,11.3,48.0,15
synthetic_05199,cluster_t4,49,51,49,51,2,0.5,7e-05,1,1,T4,24.2,91.0,15
synthetic_05200,cluster_v100m32,57,58,57,58,1,0.25,0.00025,1,1,,11.3,48.0,15
synthetic_05201,cluster_g2,58,59,58,59,1,0.25,0.00035,1,1,G2,3.152,5.46875,15
synthetic_05202,cluster_t4,25,27,25,27,2,0.5,7e-05,1,1,A10|G2|T4|V100M16|V100M32,11.3,48.0,15
synthetic_05203,cluster_g2,74,83,74,83,9,2.25,0.00035,1,1,,14.2,57.0,15
synthetic_05204,cluster_g3,85,88,85,88,3,0.75,0.00035,1,1,,15.7,57.0,15
synthetic_05205,cluster_p100,35,36,35,36,1,0.25,0.00025,1,1,,3.152,5.46875,15
synthetic_05206,cluster_g2,72,74,72,74,2,0.5,0.00035,1,1,G2,11.4,47.0,15
synthetic_05207,cluster_t4,52,61,52,61,9,2.25,7e-05,1,1,,4.0,22.3515625,15
synthetic_05208,cluster_v100m16,14,16,14,16,2,0.5,0.00025,1,1,,24.2,91.0,15
synthetic_05209,cluster_g3,13,14,13,14,1,0.25,0.00035,1,1,,11.908,46.0,15
synthetic_05210,cluster_p100,34,42,34,42,8,2.0,0.00025,1,1,,11.4,47.0,15
synthetic_05211,cluster_p100,4,5,4,5,1,0.25,0.00025,1,1,,3.152,5.46875,15
synthetic_05212,cluster_v100m16,89,93,89,93,4,1.0,0.00025,1,1,,4.0,22.3515625,15
synthetic_05213,cluster_t4,14,16,14,16,2,0.5,7e-05,1,1,,11.4,47.0,15
synthetic_05214,cluster_v100m32,71,75,71,75,4,1.0,0.0005,2,2,V100M16|V100M32,16.2,65.0,15
synthetic_05215,cluster_t4,21,24,21,24,3,0.75,7e-05,1,1,T4,14.2,57.0,15
synthetic_05216,cluster_v100m32,21,23,21,23,2,0.5,0.00025,1,1,,16.4,123.0,15
synthetic_05217,cluster_t4,25,27,25,27,2,0.5,7e-05,1,1,T4,3.152,5.46875,15
synthetic_05218,cluster_g2,76,81,76,81,5,1.25,0.00035,1,1,G2,4.0,24.0,15
synthetic_05219,cluster_t4,42,43,42,43,1,0.25,7e-05,1,1,T4,3.152,5.46875,15
synthetic_05220,cluster_v100m16,3,6,3,6,3,0.75,0.00025,1,1,,6.0,23.0,15
synthetic_05221,cluster_p100,77,78,77,78,1,0.25,0.00025,1,1,P100,3.152,5.46875,15
synthetic_05222,cluster_g2,88,89,88,89,1,0.25,0.00035,1,1,,3.152,5.46875,15
synthetic_05223,cluster_t4,25,26,25,26,1,0.25,7e-05,1,1,,4.0,22.3515625,15
synthetic_05224,cluster_v100m32,16,17,16,17,1,0.25,0.00025,1,1,,11.3,48.0,15
synthetic_05225,cluster_g3,33,35,33,35,2,0.5,0.00035,1,1,,11.4,47.0,15
synthetic_05226,cluster_g2,76,77,76,77,1,0.25,0.00035,1,1,G2,11.3,48.0,15
synthetic_05227,cluster_v100m16,63,66,63,66,3,0.75,0.00025,1,1,,15.7,57.0,15
synthetic_05228,cluster_p100,77,80,77,80,3,0.75,0.00025,1,1,,9.81,40.5859375,15
synthetic_05229,cluster_t4,35,36,35,36,1,0.25,7e-05,1,1,T4,11.3,48.0,15
synthetic_05230,cluster_t4,59,60,59,60,1,0.25,7e-05,1,1,T4,18.708,63.0,15
synthetic_05231,cluster_g2,40,46,40,46,6,1.5,0.00035,1,1,,11.9,76.0,15
synthetic_05232,cluster_g3,8,9,8,9,1,0.25,0.00035,1,1,,3.152,5.46875,15
synthetic_05233,cluster_g3,93,94,93,94,1,0.25,0.0028,8,8,G3,64.2,257.0,15
synthetic_05234,cluster_g3,43,45,43,45,2,0.5,0.00035,1,1,,11.908,46.0,15
synthetic_05235,cluster_p100,11,13,11,13,2,0.5,0.00025,1,1,,4.0,14.900390625,15
synthetic_05236,cluster_t4,80,81,80,81,1,0.25,7e-05,1,1,T4,8.0,16.0,15
synthetic_05237,cluster_v100m16,53,54,53,54,1,0.25,0.00025,1,1,,6.0,6.0,15
synthetic_05238,cluster_p100,27,28,27,28,1,0.25,0.00025,1,1,,3.152,5.46875,15
synthetic_05239,cluster_t4,34,36,34,36,2,0.5,7e-05,1,1,,3.152,5.46875,15
synthetic_05240,cluster_v100m16,7,8,7,8,1,0.25,0.00025,1,1,,4.0,29.8017578125,15
synthetic_05241,cluster_t4,43,44,43,44,1,0.25,7e-05,1,1,,3.152,5.46875,15
synthetic_05242,cluster_v100m16,81,96,81,96,15,3.75,0.00025,1,1,,12.0,15.0,15
synthetic_05243,cluster_g2,57,58,57,58,1,0.25,0.00035,1,1,G2,4.0,24.0,15
synthetic_05244,cluster_t4,29,30,29,30,1,0.25,7e-05,1,1,T4,14.2,57.0,15
synthetic_05245,cluster_t4,25,26,25,26,1,0.25,7e-05,1,1,T4,11.3,48.0,15
synthetic_05246,cluster_g3,75,76,75,76,1,0.25,0.00035,1,1,,4.152,10.3515625,15
synthetic_05247,cluster_v100m16,8,9,8,9,1,0.25,0.00025,1,1,,3.152,5.46875,15
synthetic_05248,cluster_p100,14,15,14,15,1,0.25,0.00025,1,1,,8.0,29.8017578125,15
synthetic_05249,cluster_a10,95,96,95,96,1,0.25,0.00015,1,1,,3.152,5.46875,15
synthetic_05250,cluster_g2,54,57,54,57,3,0.75,0.00035,1,1,,4.0,14.900390625,15
synthetic_05251,cluster_t4,11,12,11,12,1,0.25,7e-05,1,1,,3.152,5.46875,15
synthetic_05252,cluster_p100,45,47,45,47,2,0.5,0.00025,1,1,,4.0,29.8017578125,15
synthetic_05253,cluster_g3,7,14,7,14,7,1.75,0.00035,1,1,,18.708,63.0,15
synthetic_05254,cluster_v100m32,50,51,50,51,1,0.25,0.00025,1,1,,8.0,64.0,15
synthetic_05255,cluster_v100m32,75,76,75,76,1,0.25,0.00025,1,1,,3.152,5.46875,15
synthetic_05256,cluster_g3,14,15,14,15,1,0.25,0.00035,1,1,,11.3,48.0,15
synthetic_05257,cluster_p100,1,3,1,3,2,0.5,0.00025,1,1,,18.708,63.0,15
synthetic_05258,cluster_t4,13,18,13,18,5,1.25,7e-05,1,1,T4,11.3,48.0,15
synthetic_05259,cluster_t4,77,79,77,79,2,0.5,7e-05,1,1,,16.0,32.0,15
synthetic_05260,cluster_v100m32,18,19,18,19,1,0.25,0.00025,1,1,V100M16|V100M32,11.4,47.0,15
synthetic_05261,cluster_p100,18,20,18,20,2,0.5,0.00025,1,1,,16.0,32.0,15
synthetic_05262,cluster_t4,68,75,68,75,7,1.75,7e-05,1,1,T4,4.0,14.900390625,15
synthetic_05263,cluster_v100m32,91,92,91,92,1,0.25,0.00025,1,1,,3.152,5.46875,15
synthetic_05264,cluster_t4,10,12,10,12,2,0.5,7e-05,1,1,,3.152,5.46875,15
synthetic_05265,cluster_p100,79,80,79,80,1,0.25,0.00025,1,1,,4.152,10.3515625,15
synthetic_05266,cluster_t4,43,44,43,44,1,0.25,7e-05,1,1,T4,4.152,10.3515625,15
synthetic_05267,cluster_v100m16,53,54,53,54,1,0.25,0.00025,1,1,,11.908,46.0,15
synthetic_05268,cluster_t4,58,59,58,59,1,0.25,7e-05,1,1,T4,11.3,48.0,15
synthetic_05269,cluster_t4,52,53,52,53,1,0.25,7e-05,1,1,T4,3.152,5.46875,15
synthetic_05270,cluster_g3,46,47,46,47,1,0.25,0.00035,1,1,G3,11.4,47.0,15
synthetic_05271,cluster_g2,9,10,9,10,1,0.25,0.00035,1,1,,11.4,47.0,15
synthetic_05272,cluster_t4,15,16,15,16,1,0.25,7e-05,1,1,T4,11.3,48.0,15
synthetic_05273,cluster_p100,53,59,53,59,6,1.5,0.00025,1,1,G2|P100|T4|V100M16|V100M32,6.0,32.0,15
synthetic_05274,cluster_v100m32,28,30,28,30,2,0.5,0.00025,1,1,,18.708,63.0,15
synthetic_05275,cluster_v100m16,51,52,51,52,1,0.25,0.00025,1,1,,9.81,40.5859375,15
synthetic_05276,cluster_v100m32,68,78,68,78,10,2.5,0.00025,1,1,,3.152,5.46875,15
synthetic_05277,cluster_g3,82,83,82,83,1,0.25,0.00035,1,1,G3,11.908,46.0,15
synthetic_05278,cluster_p100,31,32,31,32,1,0.25,0.00025,1,1,P100,8.0,29.8017578125,15
synthetic_05279,cluster_t4,19,22,19,22,3,0.75,7e-05,1,1,T4,4.0,14.900390625,15
synthetic_05280,cluster_g3,56,58,56,58,2,0.5,0.00035,1,1,,11.4,47.0,15
synthetic_05281,cluster_v100m32,19,20,19,20,1,0.25,0.00025,1,1,,4.0,29.8017578125,15
synthetic_05282,cluster_v100m32,0,5,0,5,5,1.25,0.00025,1,1,,11.3,48.0,15
synthetic_05283,cluster_t4,70,78,70,78,8,2.0,7e-05,1,1,T4,11.4,47.0,15
synthetic_05284,cluster_v100m32,45,47,45,47,2,0.5,0.00025,1,1,,11.4,47.0,15
synthetic_05285,cluster_v100m16,90,91,90,91,1,0.25,0.00025,1,1,,3.152,5.46875,15
synthetic_05286,cluster_t4,44,45,44,45,1,0.25,7e-05,1,1,T4,18.708,63.0,15
synthetic_05287,cluster_t4,70,71,70,71,1,0.25,7e-05,1,1,,18.708,63.0,15
synthetic_05288,cluster_v100m16,18,30,18,30,12,3.0,0.00025,1,1,P100|T4|V100M16|V100M32,18.708,63.0,15
synthetic_05289,cluster_p100,16,17,16,17,1,0.25,0.00025,1,1,,3.152,5.46875,15
synthetic_05290,cluster_g3,13,14,13,14,1,0.25,0.00035,1,1,,3.152,5.46875,15
synthetic_05291,cluster_g2,46,47,46,47,1,0.25,0.00035,1,1,,11.3,48.0,15
synthetic_05292,cluster_g3,81,82,81,82,1,0.25,0.00035,1,1,,3.152,5.46875,15
synthetic_05293,cluster_t4,83,85,83,85,2,0.5,7e-05,1,1,T4,24.2,91.0,15
synthetic_05294,cluster_p100,38,40,38,40,2,0.5,0.00025,1,1,,4.0,14.900390625,15
synthetic_05295,cluster_t4,42,43,42,43,1,0.25,7e-05,1,1,,4.0,29.8017578125,15
synthetic_05296,cluster_v100m16,74,82,74,82,8,2.0,0.00025,1,1,,11.4,47.0,15
synthetic_05297,cluster_g3,24,25,24,25,1,0.25,0.00035,1,1,,11.3,48.0,15
synthetic_05298,cluster_t4,33,34,33,34,1,0.25,7e-05,1,1,T4,11.4,47.0,15
synthetic_05299,cluster_g2,29,30,29,30,1,0.25,0.00035,1,1,G2,11.4,47.0,15
synthetic_05300,cluster_p100,82,83,82,83,1,0.25,0.00025,1,1,P100,11.908,46.0,15
synthetic_05301,cluster_t4,38,44,38,44,6,1.5,7e-05,1,1,T4,11.4,47.0,15
synthetic_05302,cluster_p100,18,27,18,27,9,2.25,0.00025,1,1,,12.0,24.0,15
synthetic_05303,cluster_t4,33,34,33,34,1,0.25,7e-05,1,1,,1.0,2.0,15
synthetic_05304,cluster_g2,52,53,52,53,1,0.25,0.00035,1,1,,3.152,5.46875,15
synthetic_05305,cluster_v100m32,7,9,7,9,2,0.5,0.00025,1,1,,3.152,5.46875,15
synthetic_05306,cluster_p100,64,66,64,66,2,0.5,0.00025,1,1,P100,11.908,46.0,15
synthetic_05307,cluster_g3,82,83,82,83,1,0.25,0.00035,1,1,,4.0,29.8017578125,15
synthetic_05308,cluster_g2,65,67,65,67,2,0.5,0.00035,1,1,G2,16.0,32.0,15
synthetic_05309,cluster_g2,34,35,34,35,1,0.25,0.00035,1,1,,3.152,5.46875,15
synthetic_05310,cluster_v100m16,24,26,24,26,2,0.5,0.00025,1,1,V100M16|V100M32,9.81,40.5859375,15
synthetic_05311,cluster_p100,38,41,38,41,3,0.75,0.00025,1,1,P100|V100M16,24.2,91.0,15
synthetic_05312,cluster_g2,54,56,54,56,2,0.5,0.00035,1,1,,11.3,37.0,15
synthetic_05313,cluster_p100,60,61,60,61,1,0.25,0.00025,1,1,,11.4,47.0,15
synthetic_05314,cluster_v100m16,31,32,31,32,1,0.25,0.00025,1,1,,3.152,5.46875,15
synthetic_05315,cluster_p100,36,37,36,37,1,0.25,0.00025,1,1,,3.152,5.46875,15
synthetic_05316,cluster_t4,28,29,28,29,1,0.25,7e-05,1,1,,4.0,22.3515625,15
synthetic_05317,cluster_g3,78,82,78,82,4,1.0,0.00035,1,1,,4.0,29.8017578125,15
synthetic_05318,cluster_t4,0,1,0,1,1,0.25,7e-05,1,1,T4,3.152,5.46875,15
synthetic_05319,cluster_g3,24,25,24,25,1,0.25,0.00035,1,1,,11.908,46.0,15
synthetic_05320,cluster_t4,14,19,14,19,5,1.25,7e-05,1,1,T4,11.4,47.0,15
synthetic_05321,cluster_t4,20,27,20,27,7,1.75,7e-05,1,1,,4.0,22.3515625,15
synthetic_05322,cluster_g3,3,4,3,4,1,0.25,0.00035,1,1,G3,3.152,5.46875,15
synthetic_05323,cluster_v100m32,80,81,80,81,1,0.25,0.00025,1,1,,3.152,5.46875,15
synthetic_05324,cluster_t4,28,30,28,30,2,0.5,7e-05,1,1,T4,4.0,29.8017578125,15
synthetic_05325,cluster_g3,40,41,40,41,1,0.25,0.00035,1,1,,11.3,48.0,15
synthetic_05326,cluster_t4,63,64,63,64,1,0.25,7e-05,1,1,,11.3,48.0,15
synthetic_05327,cluster_v100m16,11,12,11,12,1,0.25,0.00025,1,1,,3.152,5.46875,15
synthetic_05328,cluster_p100,81,82,81,82,1,0.25,0.00025,1,1,,6.0,12.0,15
synthetic_05329,cluster_v100m16,41,42,41,42,1,0.25,0.00025,1,1,,11.3,48.0,15
synthetic_05330,cluster_g3,35,40,35,40,5,1.25,0.00035,1,1,,15.2,79.0,15
synthetic_05331,cluster_t4,15,16,15,16,1,0.25,7e-05,1,1,T4,3.152,5.46875,15
synthetic_05332,cluster_g3,83,84,83,84,1,0.25,0.00035,1,1,,4.0,29.8017578125,15
synthetic_05333,cluster_p100,24,25,24,25,1,0.25,0.00025,1,1,,8.0,29.8017578125,15
synthetic_05334,cluster_t4,34,35,34,35,1,0.25,7e-05,1,1,,3.152,5.46875,15
synthetic_05335,cluster_g2,81,82,81,82,1,0.25,0.00035,1,1,,3.152,5.46875,15
synthetic_05336,cluster_v100m16,41,44,41,44,3,0.75,0.00025,1,1,,4.0,14.900390625,15
synthetic_05337,cluster_g2,67,68,67,68,1,0.25,0.00035,1,1,G2,8.0,16.0,15
synthetic_05338,cluster_t4,95,96,95,96,1,0.25,7e-05,1,1,T4,3.152,5.46875,15
synthetic_05339,cluster_g3,15,16,15,16,1,0.25,0.00035,1,1,,11.4,47.0,15
synthetic_05340,cluster_g3,71,72,71,72,1,0.25,0.00035,1,1,,3.152,5.46875,15
synthetic_05341,cluster_t4,44,46,44,46,2,0.5,7e-05,1,1,T4,11.3,48.0,15
synthetic_05342,cluster_t4,80,81,80,81,1,0.25,7e-05,1,1,,18.708,63.0,15
synthetic_05343,cluster_g3,55,56,55,56,1,0.25,0.00035,1,1,,4.0,29.8017578125,15
synthetic_05344,cluster_t4,67,68,67,68,1,0.25,7e-05,1,1,T4,8.0,29.8017578125,15
synthetic_05345,cluster_t4,61,64,61,64,3,0.75,7e-05,1,1,T4,15.7,57.0,15
synthetic_05346,cluster_t4,20,21,20,21,1,0.25,7e-05,1,1,T4,4.0,14.900390625,15
synthetic_05347,cluster_p100,69,70,69,70,1,0.25,0.00025,1,1,,11.3,48.0,15
synthetic_05348,cluster_v100m32,58,59,58,59,1,0.25,0.00025,1,1,V100M16|V100M32,3.152,5.46875,15
synthetic_05349,cluster_t4,37,38,37,38,1,0.25,7e-05,1,1,T4,4.152,10.3515625,15
synthetic_05350,cluster_g3,83,84,83,84,1,0.25,0.00035,1,1,,8.0,29.8017578125,15
synthetic_05351,cluster_p100,19,20,19,20,1,0.25,0.00025,1,1,P100,8.0,29.8017578125,15
synthetic_05352,cluster_v100m16,89,91,89,91,2,0.5,0.00025,1,1,,8.0,16.0,15
synthetic_05353,cluster_g3,6,7,6,7,1,0.25,0.00035,1,1,,9.81,40.5859375,15
synthetic_05354,cluster_p100,15,16,15,16,1,0.25,0.00025,1,1,P100|T4|V100M16|V100M32,14.2,57.0,15
synthetic_05355,cluster_p100,57,63,57,63,6,1.5,0.00025,1,1,,4.0,24.0,15
synthetic_05356,cluster_g2,31,37,31,37,6,1.5,0.00035,1,1,,1.0,2.0,15
synthetic_05357,cluster_g3,86,87,86,87,1,0.25,0.00035,1,1,,12.0,24.0,15
synthetic_05358,cluster_t4,2,5,2,5,3,0.75,7e-05,1,1,,4.0,14.900390625,15
synthetic_05359,cluster_v100m32,57,59,57,59,2,0.5,0.00025,1,1,,4.0,22.3515625,15
synthetic_05360,cluster_p100,32,33,32,33,1,0.25,0.00025,1,1,P100|V100M16|V100M32,18.708,63.0,15
synthetic_05361,cluster_t4,11,12,11,12,1,0.25,7e-05,1,1,T4,3.152,5.46875,15
synthetic_05362,cluster_v100m32,5,7,5,7,2,0.5,0.00025,1,1,P100|V100M16|V100M32,11.3,48.0,15
synthetic_05363,cluster_p100,25,28,25,28,3,0.75,0.00025,1,1,P100,4.0,14.900390625,15
synthetic_05364,cluster_t4,17,18,17,18,1,0.25,7e-05,1,1,T4,3.152,5.46875,15
synthetic_05365,cluster_g3,86,87,86,87,1,0.25,0.00035,1,1,,11.908,46.0,15
synthetic_05366,cluster_g2,37,39,37,39,2,0.5,0.00035,1,1,,16.0,32.0,15
synthetic_05367,cluster_g2,82,83,82,83,1,0.25,0.00035,1,1,,3.152,5.46875,15
synthetic_05368,cluster_g3,33,34,33,34,1,0.25,0.00035,1,1,,3.152,5.46875,15
synthetic_05369,cluster_g3,30,31,30,31,1,0.25,0.00035,1,1,,3.152,5.46875,15
synthetic_05370,cluster_g2,55,57,55,57,2,0.5,0.00035,1,1,,11.3,48.0,15
synthetic_05371,cluster_g3,91,92,91,92,1,0.25,0.00035,1,1,,3.152,5.46875,15
synthetic_05372,cluster_p100,15,16,15,16,1,0.25,0.00025,1,1,,8.0,29.8017578125,15
synthetic_05373,cluster_t4,94,95,94,95,1,0.25,7e-05,1,1,,8.0,16.0,15
synthetic_05374,cluster_t4,15,26,15,26,11,2.75,7e-05,1,1,T4,11.908,46.0,15
synthetic_05375,cluster_t4,87,90,87,90,3,0.75,7e-05,1,1,T4,15.7,57.0,15
synthetic_05376,cluster_v100m32,33,34,33,34,1,0.25,0.00025,1,1,,3.152,5.46875,15
synthetic_05377,cluster_t4,61,62,61,62,1,0.25,7e-05,1,1,T4,3.152,5.46875,15
synthetic_05378,cluster_g2,52,53,52,53,1,0.25,0.00035,1,1,G2,11.4,47.0,15
synthetic_05379,cluster_t4,54,55,54,55,1,0.25,7e-05,1,1,T4,3.152,5.46875,15
synthetic_05380,cluster_g3,78,79,78,79,1,0.25,0.00035,1,1,,8.0,29.8017578125,15
synthetic_05381,cluster_v100m32,66,67,66,67,1,0.25,0.00025,1,1,,3.152,5.46875,15
synthetic_05382,cluster_t4,85,87,85,87,2,0.5,7e-05,1,1,T4,12.0,24.0,15
synthetic_05383,cluster_g2,13,14,13,14,1,0.25,0.00035,1,1,,11.908,46.0,15
synthetic_05384,cluster_p100,59,60,59,60,1,0.25,0.00025,1,1,,11.9,76.0,15
synthetic_05385,cluster_v100m32,66,67,66,67,1,0.25,0.00025,1,1,,11.4,47.0,15
synthetic_05386,cluster_v100m32,31,35,31,35,4,1.0,0.00025,1,1,,11.908,46.0,15
synthetic_05387,cluster_v100m32,36,37,36,37,1,0.25,0.00025,1,1,,11.3,48.0,15
synthetic_05388,cluster_t4,68,71,68,71,3,0.75,7e-05,1,1,T4,11.3,48.0,15
synthetic_05389,cluster_v100m32,36,37,36,37,1,0.25,0.00025,1,1,,3.152,5.46875,15
synthetic_05390,cluster_t4,55,56,55,56,1,0.25,7e-05,1,1,T4,3.152,5.46875,15
synthetic_05391,cluster_t4,63,64,63,64,1,0.25,7e-05,1,1,T4,3.152,5.46875,15
synthetic_05392,cluster_t4,59,60,59,60,1,0.25,7e-05,1,1,T4,11.908,46.0,15
synthetic_05393,cluster_g3,55,56,55,56,1,0.25,0.00035,1,1,,3.152,5.46875,15
synthetic_05394,cluster_v100m32,87,92,87,92,5,1.25,0.00025,1,1,,3.152,5.46875,15
synthetic_05395,cluster_g3,7,9,7,9,2,0.5,0.00035,1,1,,11.908,46.0,15
synthetic_05396,cluster_g3,84,85,84,85,1,0.25,0.00035,1,1,,4.152,10.3515625,15
synthetic_05397,cluster_t4,32,33,32,33,1,0.25,7e-05,1,1,T4,11.3,48.0,15
synthetic_05398,cluster_g2,25,27,25,27,2,0.5,0.00035,1,1,,3.152,5.46875,15
synthetic_05399,cluster_g3,13,14,13,14,1,0.25,0.00035,1,1,,12.0,15.0,15
synthetic_05400,cluster_v100m16,82,84,82,84,2,0.5,0.00025,1,1,,18.708,63.0,15
synthetic_05401,cluster_g2,73,78,73,78,5,1.25,0.00035,1,1,,4.0,30.517578125,15
synthetic_05402,cluster_g3,19,20,19,20,1,0.25,0.00035,1,1,,11.3,48.0,15
synthetic_05403,cluster_t4,16,19,16,19,3,0.75,7e-05,1,1,T4,4.0,22.3515625,15
synthetic_05404,cluster_t4,47,49,47,49,2,0.5,7e-05,1,1,,11.908,46.0,15
synthetic_05405,cluster_g3,6,7,6,7,1,0.25,0.00035,1,1,,4.0,22.3515625,15
synthetic_05406,cluster_g2,50,51,50,51,1,0.25,0.0014,4,4,G2,60.2,313.0,15
synthetic_05407,cluster_v100m16,4,6,4,6,2,0.5,0.00025,1,1,V100M16|V100M32,11.4,47.0,15
synthetic_05408,cluster_p100,29,40,29,40,11,2.75,0.00025,1,1,,3.152,5.46875,15
synthetic_05409,cluster_p100,79,80,79,80,1,0.25,0.00025,1,1,,18.708,63.0,15
synthetic_05410,cluster_v100m32,65,67,65,67,2,0.5,0.00025,1,1,,4.0,30.517578125,15
synthetic_05411,cluster_t4,79,80,79,80,1,0.25,7e-05,1,1,,3.152,5.46875,15
synthetic_05412,cluster_g2,38,39,38,39,1,0.25,0.00035,1,1,G2,12.0,16.0,15
synthetic_05413,cluster_t4,58,59,58,59,1,0.25,7e-05,1,1,,11.3,48.0,15
synthetic_05414,cluster_t4,90,91,90,91,1,0.25,7e-05,1,1,,4.152,10.3515625,15
synthetic_05415,cluster_t4,37,38,37,38,1,0.25,7e-05,1,1,T4,3.152,5.46875,15
synthetic_05416,cluster_g2,62,63,62,63,1,0.25,0.00035,1,1,G2,12.0,24.0,15
synthetic_05417,cluster_t4,26,27,26,27,1,0.25,7e-05,1,1,,6.0,6.0,15
synthetic_05418,cluster_g3,81,82,81,82,1,0.25,0.00035,1,1,,8.0,29.8017578125,15
synthetic_05419,cluster_t4,28,29,28,29,1,0.25,7e-05,1,1,T4,11.4,47.0,15
synthetic_05420,cluster_t4,31,32,31,32,1,0.25,7e-05,1,1,T4,11.908,46.0,15
synthetic_05421,cluster_t4,68,69,68,69,1,0.25,7e-05,1,1,T4,11.3,48.0,15
synthetic_05422,cluster_p100,24,28,24,28,4,1.0,0.00025,1,1,,6.0,18.0,15
synthetic_05423,cluster_t4,69,84,69,84,15,3.75,7e-05,1,1,T4,8.0,29.8017578125,15
synthetic_05424,cluster_p100,75,76,75,76,1,0.25,0.00025,1,1,,4.152,10.3515625,15
synthetic_05425,cluster_v100m32,37,38,37,38,1,0.25,0.00025,1,1,,3.152,5.46875,15
synthetic_05426,cluster_t4,86,87,86,87,1,0.25,7e-05,1,1,T4,3.152,5.46875,15
synthetic_05427,cluster_t4,81,94,81,94,13,3.25,7e-05,1,1,T4,4.0,29.8017578125,15
synthetic_05428,cluster_t4,81,82,81,82,1,0.25,7e-05,1,1,T4,11.4,47.0,15
synthetic_05429,cluster_v100m32,27,28,27,28,1,0.25,0.00025,1,1,,3.152,5.46875,15
synthetic_05430,cluster_p100,1,2,1,2,1,0.25,0.00025,1,1,,3.152,5.46875,15
synthetic_05431,cluster_t4,63,64,63,64,1,0.25,7e-05,1,1,T4,4.0,14.900390625,15
synthetic_05432,cluster_g3,8,9,8,9,1,0.25,0.00035,1,1,,11.4,47.0,15
synthetic_05433,cluster_g2,40,41,40,41,1,0.25,0.00035,1,1,G2,11.4,47.0,15
synthetic_05434,cluster_g2,7,16,7,16,9,2.25,0.00035,1,1,G2,14.2,57.0,15
synthetic_05435,cluster_g2,51,56,51,56,5,1.25,0.00035,1,1,,16.0,32.0,15
synthetic_05436,cluster_p100,57,58,57,58,1,0.25,0.00025,1,1,,11.4,47.0,15
synthetic_05437,cluster_v100m32,93,94,93,94,1,0.25,0.00025,1,1,,6.0,6.0,15
synthetic_05438,cluster_g2,20,22,20,22,2,0.5,0.00035,1,1,,3.152,5.46875,15
synthetic_05439,cluster_v100m32,10,13,10,13,3,0.75,0.002,8,8,,64.0,256.0,15
synthetic_05440,cluster_p100,17,18,17,18,1,0.25,0.00025,1,1,,11.908,46.0,15
synthetic_05441,cluster_g3,77,78,77,78,1,0.25,0.00035,1,1,,11.3,48.0,15
synthetic_05442,cluster_t4,81,82,81,82,1,0.25,7e-05,1,1,T4,11.3,48.0,15
synthetic_05443,cluster_v100m32,85,86,85,86,1,0.25,0.00025,1,1,,6.0,6.0,15
synthetic_05444,cluster_p100,61,69,61,69,8,2.0,0.00025,1,1,,8.0,29.8017578125,15
synthetic_05445,cluster_p100,43,45,43,45,2,0.5,0.00025,1,1,P100,11.908,46.0,15
synthetic_05446,cluster_t4,80,81,80,81,1,0.25,7e-05,1,1,T4,4.152,10.3515625,15
synthetic_05447,cluster_g3,58,59,58,59,1,0.25,0.00035,1,1,,9.81,40.5859375,15
synthetic_05448,cluster_p100,48,49,48,49,1,0.25,0.00025,1,1,,3.152,5.46875,15
synthetic_05449,cluster_t4,69,74,69,74,5,1.25,7e-05,1,1,T4,4.0,24.0,15
synthetic_05450,cluster_p100,91,92,91,92,1,0.25,0.00025,1,1,,12.0,24.0,15
synthetic_05451,cluster_v100m32,66,67,66,67,1,0.25,0.00025,1,1,,3.152,5.46875,15
synthetic_05452,cluster_t4,5,7,5,7,2,0.5,7e-05,1,1,,3.152,5.46875,15
synthetic_05453,cluster_g3,47,48,47,48,1,0.25,0.00035,1,1,,3.152,5.46875,15
synthetic_05454,cluster_t4,15,21,15,21,6,1.5,7e-05,1,1,T4,16.0,32.0,15
synthetic_05455,cluster_v100m16,94,95,94,95,1,0.25,0.00025,1,1,,3.152,5.46875,15
synthetic_05456,cluster_v100m16,78,79,78,79,1,0.25,0.00025,1,1,,4.0,22.3515625,15
synthetic_05457,cluster_p100,50,52,50,52,2,0.5,0.00025,1,1,,11.4,47.0,15
synthetic_05458,cluster_v100m16,24,38,24,38,14,3.5,0.00025,1,1,,11.4,47.0,15
synthetic_05459,cluster_p100,68,69,68,69,1,0.25,0.00025,1,1,,18.708,63.0,15
synthetic_05460,cluster_g3,78,85,78,85,7,1.75,0.00035,1,1,,12.0,24.0,15
synthetic_05461,cluster_g2,53,54,53,54,1,0.25,0.00035,1,1,,8.2,33.0,15
synthetic_05462,cluster_v100m32,46,51,46,51,5,1.25,0.00025,1,1,,11.4,47.0,15
synthetic_05463,cluster_v100m32,44,45,44,45,1,0.25,0.00025,1,1,,6.0,12.0,15
synthetic_05464,cluster_v100m16,50,51,50,51,1,0.25,0.00025,1,1,,3.152,5.46875,15
synthetic_05465,cluster_v100m16,43,44,43,44,1,0.25,0.00025,1,1,,11.4,47.0,15
synthetic_05466,cluster_g2,60,61,60,61,1,0.25,0.00035,1,1,,1.0,2.0,15
synthetic_05467,cluster_t4,69,74,69,74,5,1.25,7e-05,1,1,T4,14.2,57.0,15
synthetic_05468,cluster_t4,67,68,67,68,1,0.25,7e-05,1,1,T4,3.152,5.46875,15
synthetic_05469,cluster_v100m32,91,92,91,92,1,0.25,0.00025,1,1,,11.3,48.0,15
synthetic_05470,cluster_v100m32,55,56,55,56,1,0.25,0.00025,1,1,,3.152,5.46875,15
synthetic_05471,cluster_v100m32,9,14,9,14,5,1.25,0.00025,1,1,P100|T4|V100M16|V100M32,4.0,24.0,15
synthetic_05472,cluster_p100,13,16,13,16,3,0.75,0.00025,1,1,P100,4.0,14.900390625,15
synthetic_05473,cluster_p100,44,48,44,48,4,1.0,0.00025,1,1,,9.81,40.5859375,15
synthetic_05474,cluster_t4,35,37,35,37,2,0.5,7e-05,1,1,T4,8.0,16.0,15
synthetic_05475,cluster_g2,68,69,68,69,1,0.25,0.00035,1,1,,11.3,48.0,15
synthetic_05476,cluster_p100,84,85,84,85,1,0.25,0.00025,1,1,P100|V100M16|V100M32,16.0,32.0,15
synthetic_05477,cluster_p100,19,20,19,20,1,0.25,0.00025,1,1,,3.152,5.46875,15
synthetic_05478,cluster_t4,1,6,1,6,5,1.25,7e-05,1,1,T4,16.0,32.0,15
synthetic_05479,cluster_t4,71,83,71,83,12,3.0,7e-05,1,1,T4,4.0,22.3515625,15
synthetic_05480,cluster_g3,82,90,82,90,8,2.0,0.00035,1,1,,8.0,16.0,15
synthetic_05481,cluster_g3,75,77,75,77,2,0.5,0.0007,2,2,,17.4,42.0,15
synthetic_05482,cluster_p100,5,7,5,7,2,0.5,0.00025,1,1,,4.0,29.8017578125,15
synthetic_05483,cluster_t4,0,3,0,3,3,0.75,7e-05,1,1,,1.0,6.0,15
synthetic_05484,cluster_t4,92,93,92,93,1,0.25,7e-05,1,1,T4,11.3,48.0,15
synthetic_05485,cluster_g3,11,12,11,12,1,0.25,0.00035,1,1,G3,3.152,5.46875,15
synthetic_05486,cluster_g2,79,80,79,80,1,0.25,0.00035,1,1,G2,3.152,5.46875,15
synthetic_05487,cluster_v100m16,8,10,8,10,2,0.5,0.00025,1,1,,4.0,32.0,15
synthetic_05488,cluster_v100m32,28,29,28,29,1,0.25,0.00025,1,1,,3.152,5.46875,15
synthetic_05489,cluster_g3,80,83,80,83,3,0.75,0.00035,1,1,,11.908,46.0,15
synthetic_05490,cluster_v100m16,30,35,30,35,5,1.25,0.00025,1,1,,4.0,24.0,15
synthetic_05491,cluster_g3,22,24,22,24,2,0.5,0.00035,1,1,,11.908,46.0,15
synthetic_05492,cluster_p100,79,81,79,81,2,0.5,0.00025,1,1,,11.4,47.0,15
synthetic_05493,cluster_t4,10,11,10,11,1,0.25,7e-05,1,1,T4,3.152,5.46875,15
synthetic_05494,cluster_g3,84,85,84,85,1,0.25,0.00035,1,1,,3.152,5.46875,15
synthetic_05495,cluster_g3,51,54,51,54,3,0.75,0.00035,1,1,,11.3,48.0,15
synthetic_05496,cluster_g2,49,50,49,50,1,0.25,0.00035,1,1,,9.81,40.5859375,15
synthetic_05497,cluster_p100,2,5,2,5,3,0.75,0.00025,1,1,,3.152,5.46875,15
synthetic_05498,cluster_t4,40,42,40,42,2,0.5,7e-05,1,1,,11.3,48.0,15
synthetic_05499,cluster_g2,47,48,47,48,1,0.25,0.00035,1,1,G2,11.4,47.0,15
synthetic_05500,cluster_g2,58,59,58,59,1,0.25,0.00035,1,1,,3.152,5.46875,15
synthetic_05501,cluster_t4,36,37,36,37,1,0.25,7e-05,1,1,T4,3.152,5.46875,15
synthetic_05502,cluster_g2,81,82,81,82,1,0.25,0.00035,1,1,,3.152,5.46875,15
synthetic_05503,cluster_t4,82,83,82,83,1,0.25,7e-05,1,1,,11.3,48.0,15
synthetic_05504,cluster_t4,58,60,58,60,2,0.5,7e-05,1,1,T4,8.0,16.0,15
synthetic_05505,cluster_t4,93,95,93,95,2,0.5,7e-05,1,1,T4,11.3,48.0,15
synthetic_05506,cluster_g3,25,26,25,26,1,0.25,0.00035,1,1,,3.152,5.46875,15
synthetic_05507,cluster_t4,12,17,12,17,5,1.25,7e-05,1,1,,11.908,46.0,15
synthetic_05508,cluster_g3,89,94,89,94,5,1.25,0.00035,1,1,G3,11.9,76.0,15
synthetic_05509,cluster_p100,45,46,45,46,1,0.25,0.00025,1,1,,11.908,46.0,15
synthetic_05510,cluster_t4,47,50,47,50,3,0.75,7e-05,1,1,T4,11.3,48.0,15
synthetic_05511,cluster_g3,53,56,53,56,3,0.75,0.00035,1,1,G3,11.4,47.0,15
synthetic_05512,cluster_t4,18,32,18,32,14,3.5,7e-05,1,1,,16.0,64.0,15
synthetic_05513,cluster_v100m32,13,18,13,18,5,1.25,0.00025,1,1,V100M16|V100M32,16.0,32.0,15
synthetic_05514,cluster_t4,19,31,19,31,12,3.0,7e-05,1,1,T4,11.908,46.0,15
synthetic_05515,cluster_p100,55,56,55,56,1,0.25,0.00025,1,1,,4.152,10.3515625,15
synthetic_05516,cluster_v100m32,21,22,21,22,1,0.25,0.00025,1,1,,8.0,29.8017578125,15
synthetic_05517,cluster_t4,17,18,17,18,1,0.25,7e-05,1,1,T4,11.3,48.0,15
synthetic_05518,cluster_v100m16,86,87,86,87,1,0.25,0.00025,1,1,V100M16|V100M32,11.4,47.0,15
synthetic_05519,cluster_t4,74,76,74,76,2,0.5,7e-05,1,1,T4,3.152,5.46875,15
synthetic_05520,cluster_v100m32,52,54,52,54,2,0.5,0.00025,1,1,,11.3,48.0,15
synthetic_05521,cluster_p100,15,17,15,17,2,0.5,0.00025,1,1,P100,11.908,46.0,15
synthetic_05522,cluster_v100m16,46,60,46,60,14,3.5,0.00025,1,1,V100M16|V100M32,11.4,47.0,15
synthetic_05523,cluster_g2,55,56,55,56,1,0.25,0.00035,1,1,,3.152,5.46875,15
synthetic_05524,cluster_p100,78,79,78,79,1,0.25,0.00025,1,1,,3.152,5.46875,15
synthetic_05525,cluster_p100,73,74,73,74,1,0.25,0.00025,1,1,,3.152,5.46875,15
synthetic_05526,cluster_v100m16,19,21,19,21,2,0.5,0.00025,1,1,,16.0,32.0,15
synthetic_05527,cluster_g3,26,27,26,27,1,0.25,0.00035,1,1,G3,18.708,63.0,15
synthetic_05528,cluster_v100m16,95,96,95,96,1,0.25,0.00025,1,1,,4.152,10.3515625,15
synthetic_05529,cluster_p100,76,77,76,77,1,0.25,0.00025,1,1,,11.3,48.0,15
synthetic_05530,cluster_g3,15,18,15,18,3,0.75,0.00035,1,1,,24.2,91.0,15
synthetic_05531,cluster_v100m16,25,28,25,28,3,0.75,0.00025,1,1,,11.3,48.0,15
synthetic_05532,cluster_t4,38,40,38,40,2,0.5,7e-05,1,1,T4,18.708,63.0,15
synthetic_05533,cluster_g2,74,75,74,75,1,0.25,0.00035,1,1,,8.0,32.0,15
synthetic_05534,cluster_p100,35,38,35,38,3,0.75,0.00025,1,1,,11.4,47.0,15
synthetic_05535,cluster_g3,48,50,48,50,2,0.5,0.00035,1,1,,6.0,6.0,15
synthetic_05536,cluster_t4,48,49,48,49,1,0.25,7e-05,1,1,,11.3,48.0,15
synthetic_05537,cluster_t4,12,25,12,25,13,3.25,7e-05,1,1,T4,4.0,29.8017578125,15
synthetic_05538,cluster_v100m32,51,52,51,52,1,0.25,0.00025,1,1,,3.152,5.46875,15
synthetic_05539,cluster_v100m32,4,6,4,6,2,0.5,0.00025,1,1,,3.152,5.46875,15
synthetic_05540,cluster_t4,82,83,82,83,1,0.25,7e-05,1,1,,3.152,5.46875,15
synthetic_05541,cluster_v100m32,81,82,81,82,1,0.25,0.00025,1,1,,16.0,32.0,15
synthetic_05542,cluster_g2,70,71,70,71,1,0.25,0.00035,1,1,,11.3,48.0,15
synthetic_05543,cluster_g2,42,43,42,43,1,0.25,0.00035,1,1,G2,11.9,76.0,15
synthetic_05544,cluster_t4,41,42,41,42,1,0.25,7e-05,1,1,T4,11.908,46.0,15
synthetic_05545,cluster_g2,83,84,83,84,1,0.25,0.00035,1,1,G2,9.81,40.5859375,15
synthetic_05546,cluster_t4,73,74,73,74,1,0.25,7e-05,1,1,P100|T4|V100M16|V100M32,18.708,63.0,15
synthetic_05547,cluster_t4,18,20,18,20,2,0.5,7e-05,1,1,T4,11.4,47.0,15
synthetic_05548,cluster_g2,51,62,51,62,11,2.75,0.00035,1,1,G2,11.4,47.0,15
synthetic_05549,cluster_g3,84,85,84,85,1,0.25,0.00035,1,1,,11.4,47.0,15
synthetic_05550,cluster_g2,0,8,0,8,8,2.0,0.00035,1,1,,3.152,5.46875,15
synthetic_05551,cluster_v100m32,17,18,17,18,1,0.25,0.00025,1,1,P100|V100M16|V100M32,11.3,48.0,15
synthetic_05552,cluster_p100,3,6,3,6,3,0.75,0.00025,1,1,P100|V100M16|V100M32,18.708,63.0,15
synthetic_05553,cluster_g3,90,95,90,95,5,1.25,0.00035,1,1,,8.2,33.0,15
synthetic_05554,cluster_t4,6,7,6,7,1,0.25,7e-05,1,1,,15.2,79.0,15
synthetic_05555,cluster_v100m32,70,75,70,75,5,1.25,0.00025,1,1,,4.0,24.0,15
synthetic_05556,cluster_v100m16,89,90,89,90,1,0.25,0.00025,1,1,,8.0,29.8017578125,15
synthetic_05557,cluster_t4,30,32,30,32,2,0.5,7e-05,1,1,T4,4.0,14.900390625,15
synthetic_05558,cluster_t4,54,57,54,57,3,0.75,7e-05,1,1,T4,3.152,5.46875,15
synthetic_05559,cluster_p100,70,71,70,71,1,0.25,0.00025,1,1,,3.152,5.46875,15
synthetic_05560,cluster_g2,74,76,74,76,2,0.5,0.00035,1,1,A10|G2|T4|V100M16|V100M32,11.4,47.0,15
synthetic_05561,cluster_t4,73,78,73,78,5,1.25,7e-05,1,1,,16.0,32.0,15
synthetic_05562,cluster_g2,70,71,70,71,1,0.25,0.00035,1,1,,11.3,48.0,15
synthetic_05563,cluster_g2,89,91,89,91,2,0.5,0.00035,1,1,G2,16.0,32.0,15
synthetic_05564,cluster_g2,79,80,79,80,1,0.25,0.00035,1,1,G2|P100|T4|V100M16|V100M32,11.3,48.0,15
synthetic_05565,cluster_v100m32,3,4,3,4,1,0.25,0.00025,1,1,,11.3,48.0,15
synthetic_05566,cluster_t4,48,49,48,49,1,0.25,7e-05,1,1,T4,8.0,29.8017578125,15
synthetic_05567,cluster_p100,17,18,17,18,1,0.25,0.00025,1,1,,8.0,29.8017578125,15
synthetic_05568,cluster_t4,86,87,86,87,1,0.25,7e-05,1,1,,3.152,5.46875,15
synthetic_05569,cluster_g2,37,38,37,38,1,0.25,0.00035,1,1,,11.4,47.0,15
synthetic_05570,cluster_v100m32,83,84,83,84,1,0.25,0.00025,1,1,,3.152,5.46875,15
synthetic_05571,cluster_g3,65,67,65,67,2,0.5,0.00035,1,1,,4.152,10.3515625,15
synthetic_05572,cluster_g2,93,96,93,96,3,0.75,0.00035,1,1,,11.9,76.0,15
synthetic_05573,cluster_t4,69,70,69,70,1,0.25,7e-05,1,1,,11.4,47.0,15
synthetic_05574,cluster_t4,46,47,46,47,1,0.25,7e-05,1,1,T4,3.152,5.46875,15
synthetic_05575,cluster_v100m32,59,60,59,60,1,0.25,0.00025,1,1,,8.0,29.8017578125,15
synthetic_05576,cluster_t4,19,20,19,20,1,0.25,7e-05,1,1,,4.152,10.3515625,15
synthetic_05577,cluster_t4,0,1,0,1,1,0.25,7e-05,1,1,T4,3.152,5.46875,15
synthetic_05578,cluster_g2,36,37,36,37,1,0.25,0.00035,1,1,,3.152,5.46875,15
synthetic_05579,cluster_p100,67,81,67,81,14,3.5,0.00025,1,1,P100,11.908,46.0,15
synthetic_05580,cluster_t4,49,51,49,51,2,0.5,7e-05,1,1,T4,6.0,16.0,15
synthetic_05581,cluster_t4,33,35,33,35,2,0.5,7e-05,1,1,,16.0,32.0,15
synthetic_05582,cluster_p100,9,10,9,10,1,0.25,0.00025,1,1,P100,4.152,10.3515625,15
synthetic_05583,cluster_t4,22,23,22,23,1,0.25,7e-05,1,1,T4,11.908,46.0,15
synthetic_05584,cluster_p100,56,59,56,59,3,0.75,0.00025,1,1,P100,11.908,46.0,15
synthetic_05585,cluster_t4,14,19,14,19,5,1.25,7e-05,1,1,,12.0,24.0,15
synthetic_05586,cluster_t4,55,57,55,57,2,0.5,7e-05,1,1,T4,3.152,5.46875,15
synthetic_05587,cluster_p100,24,26,24,26,2,0.5,0.00025,1,1,,14.2,57.0,15
synthetic_05588,cluster_t4,61,63,61,63,2,0.5,7e-05,1,1,T4,16.0,64.0,15
synthetic_05589,cluster_g3,91,93,91,93,2,0.5,0.00035,1,1,G3,16.0,64.0,15
synthetic_05590,cluster_p100,72,73,72,73,1,0.25,0.00025,1,1,P100,4.152,10.3515625,15
synthetic_05591,cluster_t4,39,40,39,40,1,0.25,7e-05,1,1,T4,11.908,46.0,15
synthetic_05592,cluster_v100m32,78,86,78,86,8,2.0,0.00025,1,1,,11.3,37.0,15
synthetic_05593,cluster_p100,32,38,32,38,6,1.5,0.00025,1,1,,12.0,24.0,15
synthetic_05594,cluster_g2,20,23,20,23,3,0.75,0.00035,1,1,G2,24.2,91.0,15
synthetic_05595,cluster_p100,48,49,48,49,1,0.25,0.00025,1,1,,3.152,5.46875,15
synthetic_05596,cluster_v100m32,56,57,56,57,1,0.25,0.00025,1,1,,11.4,47.0,15
synthetic_05597,cluster_p100,75,76,75,76,1,0.25,0.00025,1,1,,3.152,5.46875,15
synthetic_05598,cluster_p100,16,21,16,21,5,1.25,0.00025,1,1,,9.81,40.5859375,15
synthetic_05599,cluster_p100,75,77,75,77,2,0.5,0.00025,1,1,,3.152,5.46875,15
synthetic_05600,cluster_g2,60,61,60,61,1,0.25,0.00035,1,1,,3.152,5.46875,15
synthetic_05601,cluster_g3,46,49,46,49,3,0.75,0.00035,1,1,,15.2,79.0,15
synthetic_05602,cluster_g3,55,60,55,60,5,1.25,0.00035,1,1,G3,9.81,40.5859375,15
synthetic_05603,cluster_v100m16,0,1,0,1,1,0.25,0.00025,1,1,,11.3,48.0,15
synthetic_05604,cluster_v100m32,62,64,62,64,2,0.5,0.00025,1,1,,11.908,46.0,15
synthetic_05605,cluster_t4,25,26,25,26,1,0.25,7e-05,1,1,T4,11.4,47.0,15
synthetic_05606,cluster_p100,53,54,53,54,1,0.25,0.00025,1,1,P100,3.152,5.46875,15
synthetic_05607,cluster_p100,23,27,23,27,4,1.0,0.00025,1,1,,8.0,29.8017578125,15
synthetic_05608,cluster_v100m32,1,7,1,7,6,1.5,0.00025,1,1,,9.81,40.5859375,15
synthetic_05609,cluster_t4,13,25,13,25,12,3.0,7e-05,1,1,T4,4.0,22.3515625,15
synthetic_05610,cluster_p100,48,51,48,51,3,0.75,0.00025,1,1,,15.7,57.0,15
synthetic_05611,cluster_t4,24,25,24,25,1,0.25,7e-05,1,1,,18.708,63.0,15
synthetic_05612,cluster_v100m16,1,2,1,2,1,0.25,0.00025,1,1,,8.0,29.8017578125,15
synthetic_05613,cluster_p100,18,20,18,20,2,0.5,0.00025,1,1,,11.908,46.0,15
synthetic_05614,cluster_g2,74,75,74,75,1,0.25,0.00035,1,1,,11.3,48.0,15
synthetic_05615,cluster_p100,34,35,34,35,1,0.25,0.00025,1,1,,15.7,57.0,15
synthetic_05616,cluster_g3,62,71,62,71,9,2.25,0.00035,1,1,,11.4,47.0,15
synthetic_05617,cluster_t4,47,48,47,48,1,0.25,7e-05,1,1,T4,11.908,46.0,15
synthetic_05618,cluster_v100m16,34,38,34,38,4,1.0,0.00025,1,1,,9.81,40.5859375,15
synthetic_05619,cluster_t4,84,85,84,85,1,0.25,7e-05,1,1,T4,3.152,5.46875,15
synthetic_05620,cluster_t4,90,91,90,91,1,0.25,7e-05,1,1,T4,8.0,16.0,15
synthetic_05621,cluster_g3,54,57,54,57,3,0.75,0.00035,1,1,,11.908,46.0,15
synthetic_05622,cluster_v100m32,1,2,1,2,1,0.25,0.00025,1,1,,3.152,5.46875,15
synthetic_05623,cluster_t4,27,28,27,28,1,0.25,7e-05,1,1,T4,3.152,5.46875,15
synthetic_05624,cluster_p100,31,37,31,37,6,1.5,0.00025,1,1,,16.0,32.0,15
synthetic_05625,cluster_v100m32,50,54,50,54,4,1.0,0.00025,1,1,,11.3,48.0,15
synthetic_05626,cluster_v100m32,53,57,53,57,4,1.0,0.00025,1,1,A10|G2|P100|T4|V100M16|V100M32,9.81,40.5859375,15
synthetic_05627,cluster_v100m32,83,85,83,85,2,0.5,0.00025,1,1,,18.708,63.0,15
synthetic_05628,cluster_t4,36,38,36,38,2,0.5,7e-05,1,1,T4,3.152,5.46875,15
synthetic_05629,cluster_p100,6,17,6,17,11,2.75,0.00025,1,1,,3.152,5.46875,15
synthetic_05630,cluster_t4,54,58,54,58,4,1.0,7e-05,1,1,,12.0,24.0,15
synthetic_05631,cluster_g3,87,95,87,95,8,2.0,0.00035,1,1,,11.908,46.0,15
synthetic_05632,cluster_t4,58,59,58,59,1,0.25,7e-05,1,1,,3.152,5.46875,15
synthetic_05633,cluster_t4,23,24,23,24,1,0.25,7e-05,1,1,T4,3.152,5.46875,15
synthetic_05634,cluster_v100m16,50,51,50,51,1,0.25,0.00025,1,1,,3.152,5.46875,15
synthetic_05635,cluster_t4,81,86,81,86,5,1.25,7e-05,1,1,T4,11.3,48.0,15
synthetic_05636,cluster_p100,74,75,74,75,1,0.25,0.00025,1,1,,11.3,48.0,15
synthetic_05637,cluster_t4,11,12,11,12,1,0.25,7e-05,1,1,T4,11.3,48.0,15
synthetic_05638,cluster_g2,76,77,76,77,1,0.25,0.00035,1,1,,3.152,5.46875,15
synthetic_05639,cluster_v100m16,27,28,27,28,1,0.25,0.00025,1,1,V100M16|V100M32,3.152,5.46875,15
synthetic_05640,cluster_g2,13,14,13,14,1,0.25,0.00035,1,1,,11.4,76.0,15
synthetic_05641,cluster_g2,15,16,15,16,1,0.25,0.00035,1,1,G2,3.152,5.46875,15
synthetic_05642,cluster_g3,70,71,70,71,1,0.25,0.00035,1,1,,11.908,46.0,15
synthetic_05643,cluster_t4,65,66,65,66,1,0.25,7e-05,1,1,T4,11.4,76.0,15
synthetic_05644,cluster_p100,41,42,41,42,1,0.25,0.00025,1,1,P100,3.152,5.46875,15
synthetic_05645,cluster_g3,80,81,80,81,1,0.25,0.00035,1,1,,9.81,40.5859375,15
synthetic_05646,cluster_t4,49,50,49,50,1,0.25,7e-05,1,1,T4,4.152,10.3515625,15
synthetic_05647,cluster_g2,4,5,4,5,1,0.25,0.00035,1,1,G2,11.908,46.0,15
synthetic_05648,cluster_t4,51,60,51,60,9,2.25,7e-05,1,1,,16.0,32.0,15
synthetic_05649,cluster_p100,89,90,89,90,1,0.25,0.00025,1,1,,3.152,5.46875,15
synthetic_05650,cluster_p100,89,91,89,91,2,0.5,0.00025,1,1,,3.152,5.46875,15
synthetic_05651,cluster_t4,66,67,66,67,1,0.25,7e-05,1,1,,4.152,10.3515625,15
synthetic_05652,cluster_g3,70,73,70,73,3,0.75,0.00035,1,1,,18.708,63.0,15
synthetic_05653,cluster_v100m16,31,35,31,35,4,1.0,0.00025,1,1,,9.81,40.5859375,15
synthetic_05654,cluster_g2,11,15,11,15,4,1.0,0.00035,1,1,,4.0,22.3515625,15
synthetic_05655,cluster_g3,61,62,61,62,1,0.25,0.00035,1,1,,3.152,5.46875,15
synthetic_05656,cluster_v100m32,17,18,17,18,1,0.25,0.00025,1,1,,11.9,76.0,15
synthetic_05657,cluster_g3,43,44,43,44,1,0.25,0.00035,1,1,,3.152,5.46875,15
synthetic_05658,cluster_g2,54,55,54,55,1,0.25,0.00035,1,1,,3.152,5.46875,15
synthetic_05659,cluster_p100,58,59,58,59,1,0.25,0.00025,1,1,,3.152,5.46875,15
synthetic_05660,cluster_v100m16,92,93,92,93,1,0.25,0.00025,1,1,P100|V100M16,11.4,47.0,15
synthetic_05661,cluster_p100,20,21,20,21,1,0.25,0.00025,1,1,G2|P100|T4|V100M16|V100M32,11.4,47.0,15
synthetic_05662,cluster_t4,27,28,27,28,1,0.25,7e-05,1,1,T4,4.0,14.900390625,15
synthetic_05663,cluster_v100m32,29,33,29,33,4,1.0,0.00025,1,1,,4.0,14.900390625,15
synthetic_05664,cluster_v100m16,34,37,34,37,3,0.75,0.00025,1,1,,16.0,32.0,15
synthetic_05665,cluster_v100m32,38,40,38,40,2,0.5,0.00025,1,1,,12.0,16.0,15
synthetic_05666,cluster_t4,31,36,31,36,5,1.25,7e-05,1,1,,12.0,24.0,15
synthetic_05667,cluster_t4,63,67,63,67,4,1.0,7e-05,1,1,T4,15.7,57.0,15
synthetic_05668,cluster_t4,66,68,66,68,2,0.5,7e-05,1,1,,8.2,33.0,15
synthetic_05669,cluster_v100m32,88,89,88,89,1,0.25,0.00025,1,1,,3.152,5.46875,15
synthetic_05670,cluster_g3,94,95,94,95,1,0.25,0.00035,1,1,G3,11.3,48.0,15
synthetic_05671,cluster_t4,87,88,87,88,1,0.25,7e-05,1,1,T4,3.152,5.46875,15
synthetic_05672,cluster_v100m16,11,12,11,12,1,0.25,0.00025,1,1,,11.3,48.0,15
synthetic_05673,cluster_g2,26,27,26,27,1,0.25,0.00035,1,1,,8.0,29.8017578125,15
synthetic_05674,cluster_g2,66,67,66,67,1,0.25,0.00035,1,1,G2,11.4,47.0,15
synthetic_05675,cluster_g3,48,49,48,49,1,0.25,0.00035,1,1,,3.152,5.46875,15
synthetic_05676,cluster_p100,23,25,23,25,2,0.5,0.0005,2,2,,16.2,65.0,15
synthetic_05677,cluster_p100,70,72,70,72,2,0.5,0.00025,1,1,,8.0,16.0,15
synthetic_05678,cluster_g2,1,3,1,3,2,0.5,0.00035,1,1,,11.4,47.0,15
synthetic_05679,cluster_v100m16,10,11,10,11,1,0.25,0.00025,1,1,A10|G2|T4|V100M16|V100M32,11.3,48.0,15
synthetic_05680,cluster_p100,60,64,60,64,4,1.0,0.00025,1,1,P100,4.0,14.900390625,15
synthetic_05681,cluster_p100,67,69,67,69,2,0.5,0.00025,1,1,,8.0,29.8017578125,15
synthetic_05682,cluster_v100m16,9,11,9,11,2,0.5,0.00025,1,1,,11.4,47.0,15
synthetic_05683,cluster_v100m16,94,95,94,95,1,0.25,0.00025,1,1,,4.0,22.3515625,15
synthetic_05684,cluster_t4,32,34,32,34,2,0.5,7e-05,1,1,T4,3.152,5.46875,15
synthetic_05685,cluster_v100m32,57,58,57,58,1,0.25,0.00025,1,1,,3.152,5.46875,15
synthetic_05686,cluster_t4,64,65,64,65,1,0.25,7e-05,1,1,,11.3,48.0,15
synthetic_05687,cluster_g2,49,51,49,51,2,0.5,0.00035,1,1,G2,8.2,33.0,15
synthetic_05688,cluster_g3,63,79,63,79,16,4.0,0.00035,1,1,,3.152,5.46875,15
synthetic_05689,cluster_t4,9,12,9,12,3,0.75,7e-05,1,1,T4,11.3,48.0,15
synthetic_05690,cluster_v100m16,46,47,46,47,1,0.25,0.00025,1,1,,4.0,22.3515625,15
synthetic_05691,cluster_p100,86,87,86,87,1,0.25,0.00025,1,1,,11.3,48.0,15
synthetic_05692,cluster_v100m32,73,85,73,85,12,3.0,0.00025,1,1,,8.0,29.8017578125,15
synthetic_05693,cluster_t4,13,22,13,22,9,2.25,7e-05,1,1,T4,4.0,30.517578125,15
synthetic_05694,cluster_g2,68,69,68,69,1,0.25,0.00035,1,1,,4.152,10.3515625,15
synthetic_05695,cluster_t4,60,61,60,61,1,0.25,7e-05,1,1,,11.908,46.0,15
synthetic_05696,cluster_v100m32,51,52,51,52,1,0.25,0.00025,1,1,V100M32,11.3,48.0,15
synthetic_05697,cluster_v100m32,83,84,83,84,1,0.25,0.00025,1,1,,6.0,6.0,15
synthetic_05698,cluster_t4,20,21,20,21,1,0.25,7e-05,1,1,,3.152,5.46875,15
synthetic_05699,cluster_g3,62,71,62,71,9,2.25,0.00035,1,1,,24.2,91.0,15
synthetic_05700,cluster_t4,17,20,17,20,3,0.75,7e-05,1,1,T4,11.4,47.0,15
synthetic_05701,cluster_t4,55,59,55,59,4,1.0,7e-05,1,1,,15.7,57.0,15
synthetic_05702,cluster_v100m32,31,32,31,32,1,0.25,0.00025,1,1,,11.908,46.0,15
synthetic_05703,cluster_v100m32,71,72,71,72,1,0.25,0.00025,1,1,,3.152,5.46875,15
synthetic_05704,cluster_v100m32,63,64,63,64,1,0.25,0.00025,1,1,V100M16|V100M32,11.3,48.0,15
synthetic_05705,cluster_t4,64,65,64,65,1,0.25,7e-05,1,1,T4,11.908,46.0,15
synthetic_05706,cluster_g2,2,3,2,3,1,0.25,0.00035,1,1,G2,3.152,5.46875,15
synthetic_05707,cluster_p100,0,1,0,1,1,0.25,0.00025,1,1,,11.3,48.0,15
synthetic_05708,cluster_g2,75,83,75,83,8,2.0,0.00035,1,1,,9.81,40.5859375,15
synthetic_05709,cluster_g3,34,37,34,37,3,0.75,0.00035,1,1,,15.7,57.0,15
synthetic_05710,cluster_v100m16,21,22,21,22,1,0.25,0.00025,1,1,P100|V100M16|V100M32,11.3,48.0,15
synthetic_05711,cluster_t4,67,68,67,68,1,0.25,7e-05,1,1,T4,8.0,29.8017578125,15
synthetic_05712,cluster_v100m16,82,83,82,83,1,0.25,0.00025,1,1,,3.152,5.46875,15
synthetic_05713,cluster_t4,30,35,30,35,5,1.25,7e-05,1,1,,4.0,24.0,15
synthetic_05714,cluster_g2,77,82,77,82,5,1.25,0.00035,1,1,G2,4.0,24.0,15
synthetic_05715,cluster_g2,20,21,20,21,1,0.25,0.00035,1,1,G2,11.3,48.0,15
synthetic_05716,cluster_t4,10,11,10,11,1,0.25,7e-05,1,1,,8.0,29.8017578125,15
synthetic_05717,cluster_p100,35,36,35,36,1,0.25,0.00025,1,1,P100,3.152,5.46875,15
synthetic_05718,cluster_t4,91,92,91,92,1,0.25,7e-05,1,1,,4.152,10.3515625,15
synthetic_05719,cluster_g3,74,79,74,79,5,1.25,0.00035,1,1,,4.0,24.0,15
synthetic_05720,cluster_v100m32,12,13,12,13,1,0.25,0.00025,1,1,,8.0,29.8017578125,15
synthetic_05721,cluster_t4,6,8,6,8,2,0.5,7e-05,1,1,T4,3.152,5.46875,15
synthetic_05722,cluster_g2,37,38,37,38,1,0.25,0.00035,1,1,,4.0,22.3515625,15
synthetic_05723,cluster_v100m32,85,90,85,90,5,1.25,0.00025,1,1,,4.0,14.900390625,15
synthetic_05724,cluster_v100m16,84,89,84,89,5,1.25,0.00025,1,1,,4.0,24.0,15
synthetic_05725,cluster_p100,68,69,68,69,1,0.25,0.00025,1,1,,11.4,47.0,15
synthetic_05726,cluster_g2,41,42,41,42,1,0.25,0.00035,1,1,,15.7,57.0,15
synthetic_05727,cluster_v100m16,16,17,16,17,1,0.25,0.00025,1,1,,3.152,5.46875,15
synthetic_05728,cluster_v100m32,49,54,49,54,5,1.25,0.00025,1,1,,11.4,47.0,15
synthetic_05729,cluster_t4,70,71,70,71,1,0.25,7e-05,1,1,T4,11.908,46.0,15
synthetic_05730,cluster_t4,48,54,48,54,6,1.5,7e-05,1,1,T4,16.0,32.0,15
synthetic_05731,cluster_g3,29,30,29,30,1,0.25,0.00035,1,1,,4.0,29.8017578125,15
synthetic_05732,cluster_t4,13,14,13,14,1,0.25,7e-05,1,1,,11.908,46.0,15
synthetic_05733,cluster_v100m32,3,4,3,4,1,0.25,0.00025,1,1,,3.152,5.46875,15
synthetic_05734,cluster_v100m32,72,73,72,73,1,0.25,0.00025,1,1,,3.152,5.46875,15
synthetic_05735,cluster_p100,32,35,32,35,3,0.75,0.00025,1,1,,11.4,47.0,15
synthetic_05736,cluster_t4,9,10,9,10,1,0.25,7e-05,1,1,T4,11.908,46.0,15
synthetic_05737,cluster_v100m32,35,37,35,37,2,0.5,0.00025,1,1,,11.4,47.0,15
synthetic_05738,cluster_g2,55,56,55,56,1,0.25,0.00035,1,1,,11.3,48.0,15
synthetic_05739,cluster_t4,10,11,10,11,1,0.25,7e-05,1,1,,8.0,29.8017578125,15
synthetic_05740,cluster_g3,94,95,94,95,1,0.25,0.00035,1,1,,11.4,47.0,15
synthetic_05741,cluster_g2,73,77,73,77,4,1.0,0.00035,1,1,G2,11.4,47.0,15
synthetic_05742,cluster_v100m16,72,73,72,73,1,0.25,0.00025,1,1,,3.152,5.46875,15
synthetic_05743,cluster_g3,59,60,59,60,1,0.25,0.00035,1,1,,11.3,48.0,15
synthetic_05744,cluster_v100m32,65,66,65,66,1,0.25,0.00025,1,1,,11.908,46.0,15
synthetic_05745,cluster_t4,43,45,43,45,2,0.5,7e-05,1,1,T4,3.152,5.46875,15
synthetic_05746,cluster_v100m16,14,15,14,15,1,0.25,0.00025,1,1,,3.152,5.46875,15
synthetic_05747,cluster_g2,82,83,82,83,1,0.25,0.00035,1,1,,11.4,47.0,15
synthetic_05748,cluster_t4,14,15,14,15,1,0.25,7e-05,1,1,T4,11.4,47.0,15
synthetic_05749,cluster_t4,3,4,3,4,1,0.25,7e-05,1,1,,3.152,5.46875,15
synthetic_05750,cluster_v100m16,54,57,54,57,3,0.75,0.00025,1,1,,6.0,23.0,15
synthetic_05751,cluster_t4,94,95,94,95,1,0.25,7e-05,1,1,,4.152,10.3515625,15
synthetic_05752,cluster_v100m32,83,84,83,84,1,0.25,0.00025,1,1,,11.4,47.0,15
synthetic_05753,cluster_g2,40,42,40,42,2,0.5,0.00035,1,1,,8.0,29.8017578125,15
synthetic_05754,cluster_g3,76,90,76,90,14,3.5,0.00035,1,1,,4.0,29.8017578125,15
synthetic_05755,cluster_p100,6,7,6,7,1,0.25,0.00025,1,1,P100,11.908,46.0,15
synthetic_05756,cluster_t4,0,2,0,2,2,0.5,7e-05,1,1,T4,12.0,16.0,15
synthetic_05757,cluster_p100,51,52,51,52,1,0.25,0.00025,1,1,,11.908,46.0,15
synthetic_05758,cluster_g3,30,31,30,31,1,0.25,0.00035,1,1,,3.152,5.46875,15
synthetic_05759,cluster_g3,35,37,35,37,2,0.5,0.00035,1,1,,18.708,63.0,15
synthetic_05760,cluster_p100,65,66,65,66,1,0.25,0.00025,1,1,P100,3.152,5.46875,15
synthetic_05761,cluster_g2,79,80,79,80,1,0.25,0.00035,1,1,,3.152,5.46875,15
synthetic_05762,cluster_g3,80,81,80,81,1,0.25,0.00035,1,1,,11.3,48.0,15
synthetic_05763,cluster_g2,55,56,55,56,1,0.25,0.00035,1,1,,3.152,5.46875,15
synthetic_05764,cluster_v100m16,73,75,73,75,2,0.5,0.00025,1,1,,11.3,48.0,15
synthetic_05765,cluster_p100,92,94,92,94,2,0.5,0.00025,1,1,P100,4.0,14.900390625,15
synthetic_05766,cluster_p100,33,36,33,36,3,0.75,0.00025,1,1,,11.4,47.0,15
synthetic_05767,cluster_v100m32,26,31,26,31,5,1.25,0.00025,1,1,P100|T4|V100M16|V100M32,11.9,76.0,15
synthetic_05768,cluster_p100,16,17,16,17,1,0.25,0.00025,1,1,,11.3,48.0,15
synthetic_05769,cluster_v100m32,75,86,75,86,11,2.75,0.00025,1,1,,4.0,14.900390625,15
synthetic_05770,cluster_t4,20,21,20,21,1,0.25,7e-05,1,1,,11.3,48.0,15
synthetic_05771,cluster_p100,57,58,57,58,1,0.25,0.00025,1,1,,24.2,91.0,15
synthetic_05772,cluster_v100m16,2,5,2,5,3,0.75,0.00025,1,1,,6.0,6.0,15
synthetic_05773,cluster_t4,76,77,76,77,1,0.25,7e-05,1,1,,3.152,5.46875,15
synthetic_05774,cluster_v100m32,88,94,88,94,6,1.5,0.00025,1,1,V100M16|V100M32,11.4,47.0,15
synthetic_05775,cluster_v100m32,22,24,22,24,2,0.5,0.00025,1,1,V100M16|V100M32,11.4,47.0,15
synthetic_05776,cluster_t4,40,41,40,41,1,0.25,7e-05,1,1,,11.4,47.0,15
synthetic_05777,cluster_t4,46,48,46,48,2,0.5,7e-05,1,1,A10|G2|T4|V100M16|V100M32,8.0,32.0,15
synthetic_05778,cluster_g2,10,11,10,11,1,0.25,0.00035,1,1,,3.152,5.46875,15
synthetic_05779,cluster_p100,58,59,58,59,1,0.25,0.00025,1,1,,1.0,2.0,15
synthetic_05780,cluster_t4,15,16,15,16,1,0.25,7e-05,1,1,T4,3.152,5.46875,15
synthetic_05781,cluster_g2,65,76,65,76,11,2.75,0.00035,1,1,,16.0,32.0,15
synthetic_05782,cluster_v100m16,64,66,64,66,2,0.5,0.00025,1,1,,11.4,47.0,15
synthetic_05783,cluster_t4,22,23,22,23,1,0.25,7e-05,1,1,T4,3.152,5.46875,15
synthetic_05784,cluster_p100,73,76,73,76,3,0.75,0.00025,1,1,,15.7,57.0,15
synthetic_05785,cluster_g3,48,53,48,53,5,1.25,0.00035,1,1,,8.0,64.0,15
synthetic_05786,cluster_t4,8,9,8,9,1,0.25,7e-05,1,1,T4,8.0,29.8017578125,15
synthetic_05787,cluster_p100,53,64,53,64,11,2.75,0.00025,1,1,,12.0,15.0,15
synthetic_05788,cluster_v100m16,52,53,52,53,1,0.25,0.00025,1,1,,3.152,5.46875,15
synthetic_05789,cluster_t4,70,71,70,71,1,0.25,7e-05,1,1,T4,11.908,46.0,15
synthetic_05790,cluster_v100m32,54,55,54,55,1,0.25,0.00025,1,1,,11.3,48.0,15
synthetic_05791,cluster_v100m32,15,16,15,16,1,0.25,0.00025,1,1,,11.908,46.0,15
synthetic_05792,cluster_t4,41,47,41,47,6,1.5,7e-05,1,1,T4,1.0,6.0,15
synthetic_05793,cluster_t4,84,85,84,85,1,0.25,7e-05,1,1,T4,18.708,63.0,15
synthetic_05794,cluster_p100,1,5,1,5,4,1.0,0.00025,1,1,P100,3.152,5.46875,15
synthetic_05795,cluster_v100m32,11,13,11,13,2,0.5,0.00025,1,1,,11.3,48.0,15
synthetic_05796,cluster_t4,74,77,74,77,3,0.75,7e-05,1,1,,15.7,57.0,15
synthetic_05797,cluster_g2,14,15,14,15,1,0.25,0.00035,1,1,,3.152,5.46875,15
synthetic_05798,cluster_g3,58,59,58,59,1,0.25,0.00035,1,1,,16.0,64.0,15
synthetic_05799,cluster_t4,47,48,47,48,1,0.25,7e-05,1,1,T4,8.0,29.8017578125,15
synthetic_05800,cluster_g2,12,13,12,13,1,0.25,0.00035,1,1,,11.908,46.0,15
synthetic_05801,cluster_t4,93,96,93,96,3,0.75,7e-05,1,1,T4,16.0,32.0,15
synthetic_05802,cluster_g2,50,51,50,51,1,0.25,0.00035,1,1,G2,3.152,5.46875,15
synthetic_05803,cluster_v100m32,84,85,84,85,1,0.25,0.00025,1,1,,3.152,5.46875,15
synthetic_05804,cluster_t4,15,29,15,29,14,3.5,7e-05,1,1,,3.152,5.46875,15
synthetic_05805,cluster_t4,6,7,6,7,1,0.25,7e-05,1,1,,11.4,47.0,15
synthetic_05806,cluster_v100m16,76,77,76,77,1,0.25,0.00025,1,1,,3.152,5.46875,15
synthetic_05807,cluster_g2,92,95,92,95,3,0.75,0.00035,1,1,,11.908,46.0,15
synthetic_05808,cluster_g2,31,34,31,34,3,0.75,0.00035,1,1,G2,15.7,57.0,15
synthetic_05809,cluster_t4,53,54,53,54,1,0.25,7e-05,1,1,T4,4.0,22.3515625,15
synthetic_05810,cluster_g3,34,36,34,36,2,0.5,0.00035,1,1,,24.2,91.0,15
synthetic_05811,cluster_g2,84,86,84,86,2,0.5,0.00035,1,1,,4.0,22.3515625,15
synthetic_05812,cluster_t4,29,31,29,31,2,0.5,7e-05,1,1,T4,1.0,6.0,15
synthetic_05813,cluster_v100m32,65,77,65,77,12,3.0,0.00025,1,1,,4.0,22.3515625,15
synthetic_05814,cluster_v100m16,50,52,50,52,2,0.5,0.00025,1,1,,11.908,46.0,15
synthetic_05815,cluster_v100m16,67,72,67,72,5,1.25,0.00025,1,1,V100M16|V100M32,4.0,24.0,15
synthetic_05816,cluster_v100m32,20,21,20,21,1,0.25,0.00025,1,1,,11.4,47.0,15
synthetic_05817,cluster_v100m16,17,27,17,27,10,2.5,0.00025,1,1,,14.2,57.0,15
synthetic_05818,cluster_t4,71,82,71,82,11,2.75,7e-05,1,1,T4,4.0,22.3515625,15
synthetic_05819,cluster_v100m16,16,17,16,17,1,0.25,0.00025,1,1,,3.152,5.46875,15
synthetic_05820,cluster_t4,54,55,54,55,1,0.25,7e-05,1,1,T4,3.152,5.46875,15
synthetic_05821,cluster_g2,3,4,3,4,1,0.25,0.00035,1,1,G2,11.3,48.0,15
synthetic_05822,cluster_v100m16,53,54,53,54,1,0.25,0.00025,1,1,,4.0,29.8017578125,15
synthetic_05823,cluster_p100,31,32,31,32,1,0.25,0.00025,1,1,,11.908,46.0,15
synthetic_05824,cluster_v100m32,30,33,30,33,3,0.75,0.00025,1,1,,11.9,76.0,15
synthetic_05825,cluster_t4,15,16,15,16,1,0.25,7e-05,1,1,T4,11.3,48.0,15
synthetic_05826,cluster_g3,68,69,68,69,1,0.25,0.00035,1,1,,4.152,10.3515625,15
synthetic_05827,cluster_t4,41,47,41,47,6,1.5,7e-05,1,1,T4,16.0,32.0,15
synthetic_05828,cluster_v100m32,55,56,55,56,1,0.25,0.00025,1,1,,4.0,29.8017578125,15
synthetic_05829,cluster_g2,83,84,83,84,1,0.25,0.00035,1,1,G2,11.3,48.0,15
synthetic_05830,cluster_p100,79,87,79,87,8,2.0,0.00025,1,1,,11.908,46.0,15
synthetic_05831,cluster_p100,90,93,90,93,3,0.75,0.00025,1,1,,8.0,29.8017578125,15
synthetic_05832,cluster_v100m16,10,14,10,14,4,1.0,0.0005,2,2,V100M16|V100M32,16.2,65.0,15
synthetic_05833,cluster_v100m16,29,30,29,30,1,0.25,0.00025,1,1,,4.0,14.900390625,15
synthetic_05834,cluster_v100m32,56,60,56,60,4,1.0,0.00025,1,1,,11.9,76.0,15
synthetic_05835,cluster_p100,19,24,19,24,5,1.25,0.00025,1,1,,16.0,32.0,15
synthetic_05836,cluster_p100,49,53,49,53,4,1.0,0.00025,1,1,,9.81,40.5859375,15
synthetic_05837,cluster_t4,27,28,27,28,1,0.25,7e-05,1,1,,11.4,47.0,15
synthetic_05838,cluster_p100,7,8,7,8,1,0.25,0.00025,1,1,,3.152,5.46875,15
synthetic_05839,cluster_v100m32,81,82,81,82,1,0.25,0.00025,1,1,,3.152,5.46875,15
synthetic_05840,cluster_v100m16,17,19,17,19,2,0.5,0.00025,1,1,,11.908,46.0,15
synthetic_05841,cluster_t4,54,64,54,64,10,2.5,7e-05,1,1,T4,8.0,32.0,15
synthetic_05842,cluster_g2,31,36,31,36,5,1.25,0.00035,1,1,G2,12.0,24.0,15
synthetic_05843,cluster_t4,39,40,39,40,1,0.25,7e-05,1,1,T4,11.4,47.0,15
synthetic_05844,cluster_t4,7,8,7,8,1,0.25,7e-05,1,1,T4,4.0,14.900390625,15
synthetic_05845,cluster_v100m32,74,76,74,76,2,0.5,0.00025,1,1,V100M16|V100M32,11.3,48.0,15
synthetic_05846,cluster_t4,94,95,94,95,1,0.25,7e-05,1,1,T4,3.152,5.46875,15
synthetic_05847,cluster_v100m16,94,95,94,95,1,0.25,0.00025,1,1,,11.4,47.0,15
synthetic_05848,cluster_v100m16,34,39,34,39,5,1.25,0.00025,1,1,,11.4,47.0,15
synthetic_05849,cluster_g2,16,18,16,18,2,0.5,0.00035,1,1,G2,15.4,88.0,15
synthetic_05850,cluster_v100m32,2,3,2,3,1,0.25,0.00025,1,1,,3.152,5.46875,15
synthetic_05851,cluster_g3,95,96,95,96,1,0.25,0.00035,1,1,,11.3,48.0,15
synthetic_05852,cluster_t4,75,76,75,76,1,0.25,7e-05,1,1,T4,8.0,29.8017578125,15
synthetic_05853,cluster_g3,88,89,88,89,1,0.25,0.00035,1,1,,3.152,5.46875,15
synthetic_05854,cluster_t4,66,67,66,67,1,0.25,7e-05,1,1,T4,11.908,46.0,15
synthetic_05855,cluster_p100,83,85,83,85,2,0.5,0.00025,1,1,,12.0,16.0,15
synthetic_05856,cluster_t4,90,91,90,91,1,0.25,7e-05,1,1,T4,11.3,48.0,15
synthetic_05857,cluster_t4,35,37,35,37,2,0.5,7e-05,1,1,T4,9.81,40.5859375,15
synthetic_05858,cluster_p100,69,71,69,71,2,0.5,0.00025,1,1,,11.4,47.0,15
synthetic_05859,cluster_p100,49,50,49,50,1,0.25,0.00025,1,1,,11.3,48.0,15
synthetic_05860,cluster_t4,82,84,82,84,2,0.5,7e-05,1,1,,4.0,22.3515625,15
synthetic_05861,cluster_t4,66,74,66,74,8,2.0,7e-05,1,1,,14.2,57.0,15
synthetic_05862,cluster_g2,24,26,24,26,2,0.5,0.00035,1,1,,3.152,5.46875,15
synthetic_05863,cluster_t4,8,9,8,9,1,0.25,7e-05,1,1,,4.152,10.3515625,15
synthetic_05864,cluster_v100m16,25,27,25,27,2,0.5,0.00025,1,1,,8.0,29.8017578125,15
synthetic_05865,cluster_v100m32,66,67,66,67,1,0.25,0.00025,1,1,V100M32,3.152,5.46875,15
synthetic_05866,cluster_v100m32,76,77,76,77,1,0.25,0.00025,1,1,A10|G2|T4|V100M16|V100M32,14.2,57.0,15
synthetic_05867,cluster_v100m32,69,70,69,70,1,0.25,0.00025,1,1,V100M16|V100M32,11.3,48.0,15
synthetic_05868,cluster_v100m32,55,56,55,56,1,0.25,0.00025,1,1,,8.0,32.0,15
synthetic_05869,cluster_t4,69,70,69,70,1,0.25,7e-05,1,1,T4,12.0,24.0,15
synthetic_05870,cluster_t4,5,6,5,6,1,0.25,7e-05,1,1,T4,11.3,48.0,15
synthetic_05871,cluster_t4,88,89,88,89,1,0.25,7e-05,1,1,,12.0,24.0,15
synthetic_05872,cluster_g3,60,65,60,65,5,1.25,0.00035,1,1,,11.3,48.0,15
synthetic_05873,cluster_v100m32,68,69,68,69,1,0.25,0.00025,1,1,,6.0,6.0,15
synthetic_05874,cluster_t4,66,67,66,67,1,0.25,7e-05,1,1,,8.0,29.8017578125,15
synthetic_05875,cluster_t4,77,78,77,78,1,0.25,7e-05,1,1,T4,11.3,48.0,15
synthetic_05876,cluster_g2,63,64,63,64,1,0.25,0.00035,1,1,,11.3,48.0,15
synthetic_05877,cluster_v100m32,43,44,43,44,1,0.25,0.00025,1,1,,3.152,5.46875,15
synthetic_05878,cluster_v100m32,13,14,13,14,1,0.25,0.00025,1,1,,3.152,5.46875,15
synthetic_05879,cluster_v100m16,61,64,61,64,3,0.75,0.00025,1,1,,16.0,32.0,15
synthetic_05880,cluster_g2,9,17,9,17,8,2.0,0.00035,1,1,G2,2.0,16.0,15
synthetic_05881,cluster_t4,88,89,88,89,1,0.25,7e-05,1,1,,11.3,48.0,15
synthetic_05882,cluster_v100m32,37,38,37,38,1,0.25,0.00025,1,1,,11.3,48.0,15
synthetic_05883,cluster_v100m16,47,48,47,48,1,0.25,0.00025,1,1,,3.152,5.46875,15
synthetic_05884,cluster_v100m32,76,83,76,83,7,1.75,0.00025,1,1,,6.0,8.0,15
synthetic_05885,cluster_g2,41,43,41,43,2,0.5,0.00035,1,1,,11.4,47.0,15
synthetic_05886,cluster_t4,76,78,76,78,2,0.5,7e-05,1,1,T4,11.4,47.0,15
synthetic_05887,cluster_g3,4,5,4,5,1,0.25,0.00035,1,1,,11.908,46.0,15
synthetic_05888,cluster_t4,53,55,53,55,2,0.5,7e-05,1,1,T4,11.908,46.0,15
synthetic_05889,cluster_g2,75,81,75,81,6,1.5,0.00035,1,1,,8.0,29.8017578125,15
synthetic_05890,cluster_g3,56,59,56,59,3,0.75,0.00035,1,1,,15.7,57.0,15
synthetic_05891,cluster_p100,36,41,36,41,5,1.25,0.00025,1,1,,4.0,24.0,15
synthetic_05892,cluster_p100,30,34,30,34,4,1.0,0.00025,1,1,,24.2,91.0,15
synthetic_05893,cluster_g2,15,16,15,16,1,0.25,0.00035,1,1,,4.0,22.3515625,15
synthetic_05894,cluster_g2,1,4,1,4,3,0.75,0.00035,1,1,,6.0,23.0,15
synthetic_05895,cluster_p100,36,38,36,38,2,0.5,0.00025,1,1,,11.4,47.0,15
synthetic_05896,cluster_p100,74,75,74,75,1,0.25,0.00025,1,1,,18.708,63.0,15
synthetic_05897,cluster_t4,74,79,74,79,5,1.25,7e-05,1,1,T4,11.908,46.0,15
synthetic_05898,cluster_t4,27,28,27,28,1,0.25,7e-05,1,1,T4,12.0,16.0,15
synthetic_05899,cluster_v100m16,64,65,64,65,1,0.25,0.001,4,4,V100M16|V100M32,32.0,128.0,15
synthetic_05900,cluster_g3,78,80,78,80,2,0.5,0.00035,1,1,,18.708,63.0,15
synthetic_05901,cluster_t4,45,50,45,50,5,1.25,7e-05,1,1,,15.2,79.0,15
synthetic_05902,cluster_v100m32,69,70,69,70,1,0.25,0.00025,1,1,,3.152,5.46875,15
synthetic_05903,cluster_p100,3,7,3,7,4,1.0,0.00025,1,1,,11.9,76.0,15
synthetic_05904,cluster_p100,2,4,2,4,2,0.5,0.00025,1,1,,4.0,29.8017578125,15
synthetic_05905,cluster_g3,76,77,76,77,1,0.25,0.00035,1,1,,3.152,5.46875,15
synthetic_05906,cluster_t4,83,85,83,85,2,0.5,7e-05,1,1,,6.0,6.0,15
synthetic_05907,cluster_v100m32,16,20,16,20,4,1.0,0.00025,1,1,,11.4,47.0,15
synthetic_05908,cluster_t4,4,5,4,5,1,0.25,7e-05,1,1,T4,4.0,14.900390625,15
synthetic_05909,cluster_g3,92,94,92,94,2,0.5,0.00035,1,1,,15.4,88.0,15
synthetic_05910,cluster_g3,79,81,79,81,2,0.5,0.00035,1,1,,8.0,29.8017578125,15
synthetic_05911,cluster_v100m32,71,74,71,74,3,0.75,0.00025,1,1,G2|P100|T4|V100M16|V100M32,3.152,5.46875,15
synthetic_05912,cluster_g2,35,38,35,38,3,0.75,0.00035,1,1,,11.4,47.0,15
synthetic_05913,cluster_t4,61,62,61,62,1,0.25,7e-05,1,1,,11.908,46.0,15
synthetic_05914,cluster_t4,28,29,28,29,1,0.25,7e-05,1,1,T4,16.0,64.0,15
synthetic_05915,cluster_t4,88,89,88,89,1,0.25,7e-05,1,1,,15.7,57.0,15
synthetic_05916,cluster_p100,10,12,10,12,2,0.5,0.00025,1,1,,3.152,5.46875,15
synthetic_05917,cluster_g3,28,31,28,31,3,0.75,0.00035,1,1,,15.2,79.0,15
synthetic_05918,cluster_t4,81,82,81,82,1,0.25,7e-05,1,1,,3.152,5.46875,15
synthetic_05919,cluster_g3,60,61,60,61,1,0.25,0.00035,1,1,,11.4,47.0,15
synthetic_05920,cluster_t4,25,28,25,28,3,0.75,7e-05,1,1,T4,15.7,57.0,15
synthetic_05921,cluster_t4,91,92,91,92,1,0.25,7e-05,1,1,,4.152,10.3515625,15
synthetic_05922,cluster_p100,30,32,30,32,2,0.5,0.00025,1,1,,11.908,46.0,15
synthetic_05923,cluster_g3,20,21,20,21,1,0.25,0.00035,1,1,,4.0,24.0,15
synthetic_05924,cluster_t4,90,91,90,91,1,0.25,7e-05,1,1,T4,18.708,63.0,15
synthetic_05925,cluster_g3,48,49,48,49,1,0.25,0.00035,1,1,,4.152,10.3515625,15
synthetic_05926,cluster_g2,1,2,1,2,1,0.25,0.00035,1,1,,3.152,5.46875,15
synthetic_05927,cluster_t4,71,72,71,72,1,0.25,7e-05,1,1,,3.152,5.46875,15
synthetic_05928,cluster_p100,64,66,64,66,2,0.5,0.00025,1,1,,12.0,16.0,15
synthetic_05929,cluster_v100m32,26,27,26,27,1,0.25,0.00025,1,1,,3.152,5.46875,15
synthetic_05930,cluster_g2,76,85,76,85,9,2.25,0.00035,1,1,,12.0,15.0,15
synthetic_05931,cluster_t4,87,95,87,95,8,2.0,7e-05,1,1,,11.4,47.0,15
synthetic_05932,cluster_g2,88,92,88,92,4,1.0,0.00035,1,1,G2,24.2,91.0,15
synthetic_05933,cluster_v100m16,39,40,39,40,1,0.25,0.00025,1,1,,3.152,5.46875,15
synthetic_05934,cluster_v100m16,11,13,11,13,2,0.5,0.00025,1,1,,3.152,5.46875,15
synthetic_05935,cluster_v100m16,78,80,78,80,2,0.5,0.00025,1,1,P100|V100M16|V100M32,9.4,51.0,15
synthetic_05936,cluster_t4,71,72,71,72,1,0.25,7e-05,1,1,T4,8.0,29.8017578125,15
synthetic_05937,cluster_t4,25,26,25,26,1,0.25,7e-05,1,1,,3.152,5.46875,15
synthetic_05938,cluster_t4,40,51,40,51,11,2.75,7e-05,1,1,T4,11.908,46.0,15
synthetic_05939,cluster_t4,16,18,16,18,2,0.5,7e-05,1,1,T4,11.4,47.0,15
synthetic_05940,cluster_t4,14,20,14,20,6,1.5,7e-05,1,1,T4,1.0,6.0,15
synthetic_05941,cluster_g2,6,7,6,7,1,0.25,0.0028,8,8,G2,120.0,720.0,15
synthetic_05942,cluster_t4,8,10,8,10,2,0.5,7e-05,1,1,T4,16.0,32.0,15
synthetic_05943,cluster_t4,45,46,45,46,1,0.25,7e-05,1,1,,3.152,5.46875,15
synthetic_05944,cluster_v100m32,39,40,39,40,1,0.25,0.00025,1,1,,3.152,5.46875,15
synthetic_05945,cluster_p100,85,86,85,86,1,0.25,0.00025,1,1,,3.152,5.46875,15
synthetic_05946,cluster_t4,17,19,17,19,2,0.5,7e-05,1,1,T4,3.152,5.46875,15
synthetic_05947,cluster_g3,56,63,56,63,7,1.75,0.00035,1,1,,4.0,30.517578125,15
synthetic_05948,cluster_v100m32,56,57,56,57,1,0.25,0.00025,1,1,,8.0,29.8017578125,15
synthetic_05949,cluster_t4,48,51,48,51,3,0.75,7e-05,1,1,T4,9.81,40.5859375,15
synthetic_05950,cluster_t4,56,57,56,57,1,0.25,7e-05,1,1,T4,9.81,40.5859375,15
synthetic_05951,cluster_g2,42,43,42,43,1,0.25,0.00035,1,1,,6.0,6.0,15
synthetic_05952,cluster_g2,53,54,53,54,1,0.25,0.00035,1,1,,4.152,10.3515625,15
synthetic_05953,cluster_v100m32,9,10,9,10,1,0.25,0.00025,1,1,,11.4,47.0,15
synthetic_05954,cluster_t4,60,61,60,61,1,0.25,7e-05,1,1,T4,4.152,10.3515625,15
synthetic_05955,cluster_v100m16,4,5,4,5,1,0.25,0.00025,1,1,,11.4,47.0,15
synthetic_05956,cluster_p100,11,12,11,12,1,0.25,0.00025,1,1,,4.0,22.3515625,15
synthetic_05957,cluster_g2,80,81,80,81,1,0.25,0.0014,4,4,G2,32.2,129.0,15
synthetic_05958,cluster_t4,38,39,38,39,1,0.25,7e-05,1,1,T4,11.4,47.0,15
synthetic_05959,cluster_p100,57,58,57,58,1,0.25,0.00025,1,1,,9.81,40.5859375,15
synthetic_05960,cluster_g2,39,54,39,54,15,3.75,0.00035,1,1,G2,11.4,47.0,15
synthetic_05961,cluster_p100,88,89,88,89,1,0.25,0.00025,1,1,,18.708,63.0,15
synthetic_05962,cluster_p100,86,87,86,87,1,0.25,0.00025,1,1,,11.3,48.0,15
synthetic_05963,cluster_v100m16,16,17,16,17,1,0.25,0.00025,1,1,V100M16|V100M32,11.4,47.0,15
synthetic_05964,cluster_p100,11,13,11,13,2,0.5,0.00025,1,1,,11.908,46.0,15
synthetic_05965,cluster_g2,42,44,42,44,2,0.5,0.00035,1,1,,6.0,16.0,15
synthetic_05966,cluster_g3,65,66,65,66,1,0.25,0.00035,1,1,,3.152,5.46875,15
synthetic_05967,cluster_t4,60,61,60,61,1,0.25,7e-05,1,1,,11.4,47.0,15
synthetic_05968,cluster_g2,18,19,18,19,1,0.25,0.00035,1,1,,11.3,48.0,15
synthetic_05969,cluster_g2,80,81,80,81,1,0.25,0.00035,1,1,,9.81,40.5859375,15
synthetic_05970,cluster_v100m32,83,84,83,84,1,0.25,0.00025,1,1,V100M16|V100M32,11.3,48.0,15
synthetic_05971,cluster_g2,21,24,21,24,3,0.75,0.00035,1,1,,18.708,63.0,15
synthetic_05972,cluster_t4,59,60,59,60,1,0.25,7e-05,1,1,,11.3,48.0,15
synthetic_05973,cluster_t4,5,11,5,11,6,1.5,7e-05,1,1,T4,4.0,30.517578125,15
synthetic_05974,cluster_g2,6,7,6,7,1,0.25,0.00035,1,1,,11.3,48.0,15
synthetic_05975,cluster_t4,47,49,47,49,2,0.5,7e-05,1,1,T4,11.908,46.0,15
synthetic_05976,cluster_t4,41,42,41,42,1,0.25,7e-05,1,1,T4,11.908,46.0,15
synthetic_05977,cluster_g3,88,89,88,89,1,0.25,0.00035,1,1,,11.908,46.0,15
synthetic_05978,cluster_t4,21,24,21,24,3,0.75,7e-05,1,1,T4,6.0,18.0,15
synthetic_05979,cluster_t4,90,91,90,91,1,0.25,7e-05,1,1,,18.708,63.0,15
synthetic_05980,cluster_g3,35,38,35,38,3,0.75,0.00035,1,1,,9.81,40.5859375,15
synthetic_05981,cluster_g2,56,63,56,63,7,1.75,0.00035,1,1,,4.0,14.900390625,15
synthetic_05982,cluster_t4,58,65,58,65,7,1.75,7e-05,1,1,,3.152,5.46875,15
synthetic_05983,cluster_v100m16,44,46,44,46,2,0.5,0.00025,1,1,,11.4,47.0,15
synthetic_05984,cluster_p100,17,20,17,20,3,0.75,0.00025,1,1,P100|V100M16|V100M32,15.7,57.0,15
synthetic_05985,cluster_v100m16,85,91,85,91,6,1.5,0.00025,1,1,P100|V100M16|V100M32,8.0,16.0,15
synthetic_05986,cluster_g3,93,94,93,94,1,0.25,0.00035,1,1,,11.908,46.0,15
synthetic_05987,cluster_g3,7,9,7,9,2,0.5,0.00035,1,1,,11.3,48.0,15
synthetic_05988,cluster_v100m32,72,73,72,73,1,0.25,0.00025,1,1,,11.908,46.0,15
synthetic_05989,cluster_t4,26,27,26,27,1,0.25,7e-05,1,1,T4,11.3,48.0,15
synthetic_05990,cluster_g2,4,6,4,6,2,0.5,0.00035,1,1,G2,14.2,57.0,15
synthetic_05991,cluster_t4,80,83,80,83,3,0.75,7e-05,1,1,,11.908,46.0,15
synthetic_05992,cluster_v100m32,84,85,84,85,1,0.25,0.00025,1,1,,18.708,63.0,15
synthetic_05993,cluster_t4,50,51,50,51,1,0.25,7e-05,1,1,,11.3,48.0,15
synthetic_05994,cluster_g3,64,66,64,66,2,0.5,0.00035,1,1,,11.908,46.0,15
synthetic_05995,cluster_p100,18,19,18,19,1,0.25,0.00025,1,1,,11.3,48.0,15
synthetic_05996,cluster_g3,94,95,94,95,1,0.25,0.00035,1,1,,18.708,63.0,15
synthetic_05997,cluster_t4,33,35,33,35,2,0.5,7e-05,1,1,,12.0,16.0,15
synthetic_05998,cluster_g3,67,72,67,72,5,1.25,0.00035,1,1,,11.4,47.0,15
synthetic_05999,cluster_v100m32,44,45,44,45,1,0.25,0.00025,1,1,,3.152,5.46875,15
synthetic_06000,cluster_g2,11,14,11,14,3,0.75,0.00035,1,1,G2,11.4,47.0,15
synthetic_06001,cluster_v100m32,51,52,51,52,1,0.25,0.00025,1,1,,4.0,29.8017578125,15
synthetic_06002,cluster_p100,59,60,59,60,1,0.25,0.00025,1,1,,3.152,5.46875,15
synthetic_06003,cluster_t4,4,9,4,9,5,1.25,7e-05,1,1,T4,4.0,24.0,15
synthetic_06004,cluster_v100m16,77,78,77,78,1,0.25,0.00025,1,1,,11.3,48.0,15
synthetic_06005,cluster_g3,62,63,62,63,1,0.25,0.00035,1,1,,3.152,5.46875,15
synthetic_06006,cluster_v100m32,38,40,38,40,2,0.5,0.00025,1,1,,3.152,5.46875,15
synthetic_06007,cluster_v100m32,13,15,13,15,2,0.5,0.00025,1,1,,3.152,5.46875,15
synthetic_06008,cluster_g2,75,76,75,76,1,0.25,0.00035,1,1,,3.152,5.46875,15
synthetic_06009,cluster_g2,70,72,70,72,2,0.5,0.0028,8,8,G2,88.0,320.0,15
synthetic_06010,cluster_v100m32,48,49,48,49,1,0.25,0.001,4,4,V100M16|V100M32,32.0,128.0,15
synthetic_06011,cluster_t4,56,57,56,57,1,0.25,7e-05,1,1,,3.152,5.46875,15
synthetic_06012,cluster_v100m32,59,60,59,60,1,0.25,0.00025,1,1,,4.0,14.900390625,15
synthetic_06013,cluster_p100,94,95,94,95,1,0.25,0.00025,1,1,P100,4.152,10.3515625,15
synthetic_06014,cluster_t4,5,7,5,7,2,0.5,7e-05,1,1,T4,11.908,46.0,15
synthetic_06015,cluster_v100m16,30,32,30,32,2,0.5,0.00025,1,1,,11.4,47.0,15
synthetic_06016,cluster_g3,0,1,0,1,1,0.25,0.00035,1,1,,11.3,48.0,15
synthetic_06017,cluster_g3,46,47,46,47,1,0.25,0.00035,1,1,,11.4,47.0,15
synthetic_06018,cluster_t4,78,79,78,79,1,0.25,7e-05,1,1,,18.708,63.0,15
synthetic_06019,cluster_v100m16,55,60,55,60,5,1.25,0.00025,1,1,A10|G2|T4|V100M16|V100M32,4.0,24.0,15
synthetic_06020,cluster_v100m32,24,25,24,25,1,0.25,0.00025,1,1,,8.0,29.8017578125,15
synthetic_06021,cluster_v100m32,90,91,90,91,1,0.25,0.00025,1,1,,12.0,16.0,15
synthetic_06022,cluster_v100m32,41,45,41,45,4,1.0,0.0005,2,2,V100M16|V100M32,16.2,65.0,15
synthetic_06023,cluster_t4,80,81,80,81,1,0.25,7e-05,1,1,,11.3,48.0,15
synthetic_06024,cluster_v100m16,54,60,54,60,6,1.5,0.00025,1,1,,14.2,57.0,15
synthetic_06025,cluster_t4,7,8,7,8,1,0.25,7e-05,1,1,T4,15.7,57.0,15
synthetic_06026,cluster_t4,14,15,14,15,1,0.25,7e-05,1,1,T4,11.3,48.0,15
synthetic_06027,cluster_t4,19,20,19,20,1,0.25,7e-05,1,1,T4,18.708,63.0,15
synthetic_06028,cluster_v100m16,26,29,26,29,3,0.75,0.00025,1,1,,15.2,79.0,15
synthetic_06029,cluster_t4,80,82,80,82,2,0.5,7e-05,1,1,T4,11.908,46.0,15
synthetic_06030,cluster_p100,65,66,65,66,1,0.25,0.00025,1,1,,3.152,5.46875,15
synthetic_06031,cluster_v100m32,24,28,24,28,4,1.0,0.00025,1,1,,4.0,30.517578125,15
synthetic_06032,cluster_g3,64,65,64,65,1,0.25,0.00035,1,1,,4.152,10.3515625,15
synthetic_06033,cluster_v100m16,18,22,18,22,4,1.0,0.00025,1,1,,11.908,46.0,15
synthetic_06034,cluster_t4,20,22,20,22,2,0.5,7e-05,1,1,,11.3,48.0,15
synthetic_06035,cluster_g3,60,63,60,63,3,0.75,0.00035,1,1,,11.4,47.0,15
synthetic_06036,cluster_v100m32,83,85,83,85,2,0.5,0.00025,1,1,V100M16|V100M32,11.4,47.0,15
synthetic_06037,cluster_v100m16,3,6,3,6,3,0.75,0.00025,1,1,P100|T4|V100M16|V100M32,11.4,47.0,15
synthetic_06038,cluster_p100,32,33,32,33,1,0.25,0.00025,1,1,P100,6.0,6.0,15
synthetic_06039,cluster_t4,38,45,38,45,7,1.75,7e-05,1,1,,15.7,57.0,15
synthetic_06040,cluster_g3,91,92,91,92,1,0.25,0.00035,1,1,,11.908,46.0,15
synthetic_06041,cluster_g3,32,35,32,35,3,0.75,0.00035,1,1,,11.9,76.0,15
synthetic_06042,cluster_p100,26,28,26,28,2,0.5,0.00025,1,1,,11.3,48.0,15
synthetic_06043,cluster_t4,12,13,12,13,1,0.25,7e-05,1,1,T4,3.152,5.46875,15
synthetic_06044,cluster_v100m32,17,18,17,18,1,0.25,0.00025,1,1,,8.0,29.8017578125,15
synthetic_06045,cluster_t4,56,57,56,57,1,0.25,7e-05,1,1,T4,8.0,29.8017578125,15
synthetic_06046,cluster_g2,80,89,80,89,9,2.25,0.00035,1,1,G2,12.0,24.0,15
synthetic_06047,cluster_p100,22,24,22,24,2,0.5,0.00025,1,1,P100,3.152,5.46875,15
synthetic_06048,cluster_g2,39,42,39,42,3,0.75,0.00035,1,1,,15.7,57.0,15
synthetic_06049,cluster_g3,2,4,2,4,2,0.5,0.00035,1,1,,11.4,47.0,15
synthetic_06050,cluster_t4,3,5,3,5,2,0.5,7e-05,1,1,T4,11.4,47.0,15
synthetic_06051,cluster_v100m16,53,54,53,54,1,0.25,0.00025,1,1,,3.152,5.46875,15
synthetic_06052,cluster_v100m32,52,56,52,56,4,1.0,0.00025,1,1,,4.0,22.3515625,15
synthetic_06053,cluster_t4,82,83,82,83,1,0.25,7e-05,1,1,T4,6.0,6.0,15
synthetic_06054,cluster_t4,69,70,69,70,1,0.25,7e-05,1,1,T4,11.4,47.0,15
synthetic_06055,cluster_v100m32,54,55,54,55,1,0.25,0.00025,1,1,,3.152,5.46875,15
synthetic_06056,cluster_v100m32,50,56,50,56,6,1.5,0.00025,1,1,,15.7,57.0,15
synthetic_06057,cluster_t4,27,28,27,28,1,0.25,7e-05,1,1,,18.708,63.0,15
synthetic_06058,cluster_v100m16,84,86,84,86,2,0.5,0.00025,1,1,,3.152,5.46875,15
synthetic_06059,cluster_t4,69,84,69,84,15,3.75,7e-05,1,1,T4,11.3,48.0,15
synthetic_06060,cluster_p100,47,48,47,48,1,0.25,0.00025,1,1,P100,8.0,29.8017578125,15
synthetic_06061,cluster_t4,21,22,21,22,1,0.25,7e-05,1,1,,9.81,40.5859375,15
synthetic_06062,cluster_v100m16,57,58,57,58,1,0.25,0.00025,1,1,,11.4,47.0,15
synthetic_06063,cluster_p100,70,72,70,72,2,0.5,0.00025,1,1,,3.152,5.46875,15
synthetic_06064,cluster_t4,68,69,68,69,1,0.25,7e-05,1,1,T4,11.3,48.0,15
synthetic_06065,cluster_p100,94,95,94,95,1,0.25,0.00025,1,1,,3.152,5.46875,15
synthetic_06066,cluster_g2,59,61,59,61,2,0.5,0.00035,1,1,,16.0,32.0,15
synthetic_06067,cluster_v100m16,40,42,40,42,2,0.5,0.00025,1,1,,11.3,48.0,15
synthetic_06068,cluster_t4,60,61,60,61,1,0.25,7e-05,1,1,T4,11.3,48.0,15
synthetic_06069,cluster_g3,73,74,73,74,1,0.25,0.00035,1,1,,3.152,5.46875,15
synthetic_06070,cluster_v100m32,62,64,62,64,2,0.5,0.00025,1,1,,24.2,91.0,15
synthetic_06071,cluster_t4,82,83,82,83,1,0.25,7e-05,1,1,T4,8.0,32.0,15
synthetic_06072,cluster_v100m16,64,66,64,66,2,0.5,0.00025,1,1,,3.152,5.46875,15
synthetic_06073,cluster_p100,30,33,30,33,3,0.75,0.00025,1,1,,15.7,57.0,15
synthetic_06074,cluster_t4,21,22,21,22,1,0.25,7e-05,1,1,T4,11.3,48.0,15
synthetic_06075,cluster_v100m16,13,14,13,14,1,0.25,0.00025,1,1,,11.3,48.0,15
synthetic_06076,cluster_v100m32,90,92,90,92,2,0.5,0.00025,1,1,V100M16|V100M32,24.2,91.0,15
synthetic_06077,cluster_g2,25,32,25,32,7,1.75,0.00035,1,1,,24.2,91.0,15
synthetic_06078,cluster_t4,70,71,70,71,1,0.25,7e-05,1,1,T4,3.152,5.46875,15
synthetic_06079,cluster_g3,3,4,3,4,1,0.25,0.00035,1,1,,3.152,5.46875,15
synthetic_06080,cluster_v100m32,46,47,46,47,1,0.25,0.00025,1,1,,3.152,5.46875,15
synthetic_06081,cluster_t4,51,52,51,52,1,0.25,7e-05,1,1,T4,3.152,5.46875,15
synthetic_06082,cluster_p100,9,11,9,11,2,0.5,0.00025,1,1,,24.2,91.0,15
synthetic_06083,cluster_p100,58,60,58,60,2,0.5,0.00025,1,1,P100,4.0,29.8017578125,15
synthetic_06084,cluster_g3,89,90,89,90,1,0.25,0.00035,1,1,,3.152,5.46875,15
synthetic_06085,cluster_t4,14,15,14,15,1,0.25,7e-05,1,1,T4,11.3,48.0,15
synthetic_06086,cluster_g2,43,52,43,52,9,2.25,0.00035,1,1,,12.0,16.0,15
synthetic_06087,cluster_p100,44,45,44,45,1,0.25,0.00025,1,1,,4.0,22.3515625,15
synthetic_06088,cluster_g2,79,80,79,80,1,0.25,0.00035,1,1,G2,3.152,5.46875,15
synthetic_06089,cluster_g3,9,11,9,11,2,0.5,0.00035,1,1,,14.2,57.0,15
synthetic_06090,cluster_v100m16,63,65,63,65,2,0.5,0.00025,1,1,,4.0,22.3515625,15
synthetic_06091,cluster_v100m32,48,49,48,49,1,0.25,0.00025,1,1,,11.908,46.0,15
synthetic_06092,cluster_g2,90,91,90,91,1,0.25,0.0028,8,8,,64.2,257.0,15
synthetic_06093,cluster_t4,13,14,13,14,1,0.25,7e-05,1,1,,11.3,48.0,15
synthetic_06094,cluster_p100,76,78,76,78,2,0.5,0.00025,1,1,P100,11.908,46.0,15
synthetic_06095,cluster_v100m16,88,91,88,91,3,0.75,0.00025,1,1,,3.152,5.46875,15
synthetic_06096,cluster_v100m32,45,46,45,46,1,0.25,0.00025,1,1,,3.152,5.46875,15
synthetic_06097,cluster_g2,55,56,55,56,1,0.25,0.00035,1,1,,3.152,5.46875,15
synthetic_06098,cluster_v100m16,9,11,9,11,2,0.5,0.00025,1,1,G2|P100|T4|V100M16|V100M32,6.0,6.0,15
synthetic_06099,cluster_t4,39,40,39,40,1,0.25,7e-05,1,1,T4,4.152,10.3515625,15
synthetic_06100,cluster_v100m16,54,55,54,55,1,0.25,0.00025,1,1,,9.81,40.5859375,15
synthetic_06101,cluster_v100m16,79,80,79,80,1,0.25,0.00025,1,1,,18.708,63.0,15
synthetic_06102,cluster_t4,65,69,65,69,4,1.0,7e-05,1,1,,4.152,10.3515625,15
synthetic_06103,cluster_g2,55,56,55,56,1,0.25,0.00035,1,1,,11.4,47.0,15
synthetic_06104,cluster_g3,47,48,47,48,1,0.25,0.00035,1,1,,8.0,29.8017578125,15
synthetic_06105,cluster_v100m16,95,96,95,96,1,0.25,0.00025,1,1,,11.4,47.0,15
synthetic_06106,cluster_p100,73,75,73,75,2,0.5,0.00025,1,1,,12.0,24.0,15
synthetic_06107,cluster_g3,81,82,81,82,1,0.25,0.00035,1,1,,11.3,48.0,15
synthetic_06108,cluster_v100m16,73,74,73,74,1,0.25,0.00025,1,1,V100M16|V100M32,3.152,5.46875,15
synthetic_06109,cluster_g2,85,89,85,89,4,1.0,0.00035,1,1,,11.9,76.0,15
synthetic_06110,cluster_g2,52,53,52,53,1,0.25,0.00035,1,1,G2,11.4,47.0,15
synthetic_06111,cluster_g3,93,94,93,94,1,0.25,0.00035,1,1,,11.3,48.0,15
synthetic_06112,cluster_t4,66,69,66,69,3,0.75,7e-05,1,1,T4,15.7,57.0,15
synthetic_06113,cluster_g2,4,6,4,6,2,0.5,0.00035,1,1,,8.0,29.8017578125,15
synthetic_06114,cluster_g2,94,95,94,95,1,0.25,0.00035,1,1,,8.0,29.8017578125,15
synthetic_06115,cluster_g2,25,26,25,26,1,0.25,0.00035,1,1,,12.0,32.0,15
synthetic_06116,cluster_v100m32,65,68,65,68,3,0.75,0.00025,1,1,,16.0,64.0,15
synthetic_06117,cluster_v100m32,48,54,48,54,6,1.5,0.00025,1,1,,4.0,29.8017578125,15
synthetic_06118,cluster_g3,17,18,17,18,1,0.25,0.00035,1,1,,8.0,29.8017578125,15
synthetic_06119,cluster_t4,39,40,39,40,1,0.25,7e-05,1,1,T4,11.4,47.0,15
synthetic_06120,cluster_g2,49,56,49,56,7,1.75,0.00035,1,1,G2,11.3,48.0,15
synthetic_06121,cluster_t4,23,27,23,27,4,1.0,7e-05,1,1,T4,8.0,32.0,15
synthetic_06122,cluster_g3,39,40,39,40,1,0.25,0.00035,1,1,,11.3,48.0,15
synthetic_06123,cluster_v100m32,28,29,28,29,1,0.25,0.00025,1,1,,11.3,48.0,15
synthetic_06124,cluster_p100,46,47,46,47,1,0.25,0.00025,1,1,P100,11.908,46.0,15
synthetic_06125,cluster_t4,90,92,90,92,2,0.5,7e-05,1,1,T4,11.908,46.0,15
synthetic_06126,cluster_v100m32,2,3,2,3,1,0.25,0.00025,1,1,V100M32,3.152,5.46875,15
synthetic_06127,cluster_g2,67,71,67,71,4,1.0,0.00035,1,1,G2,8.0,16.0,15
synthetic_06128,cluster_v100m16,23,26,23,26,3,0.75,0.00025,1,1,,15.7,57.0,15
synthetic_06129,cluster_p100,93,94,93,94,1,0.25,0.00025,1,1,,8.0,29.8017578125,15
synthetic_06130,cluster_v100m32,61,63,61,63,2,0.5,0.00025,1,1,V100M16|V100M32,11.4,47.0,15
synthetic_06131,cluster_g3,61,62,61,62,1,0.25,0.00035,1,1,G3,12.0,15.0,15
synthetic_06132,cluster_p100,87,93,87,93,6,1.5,0.00025,1,1,P100,4.0,22.3515625,15
synthetic_06133,cluster_g3,68,71,68,71,3,0.75,0.00035,1,1,,8.0,29.8017578125,15
synthetic_06134,cluster_g2,54,55,54,55,1,0.25,0.00035,1,1,,11.908,46.0,15
synthetic_06135,cluster_t4,0,5,0,5,5,1.25,7e-05,1,1,T4,4.0,24.0,15
synthetic_06136,cluster_v100m32,86,95,86,95,9,2.25,0.00025,1,1,,14.2,57.0,15
synthetic_06137,cluster_t4,67,68,67,68,1,0.25,7e-05,1,1,,11.4,47.0,15
synthetic_06138,cluster_v100m32,92,94,92,94,2,0.5,0.00025,1,1,,6.0,6.0,15
synthetic_06139,cluster_p100,50,55,50,55,5,1.25,0.00025,1,1,,12.0,24.0,15
synthetic_06140,cluster_g3,57,58,57,58,1,0.25,0.00035,1,1,,3.152,5.46875,15
synthetic_06141,cluster_t4,45,46,45,46,1,0.25,7e-05,1,1,T4,11.3,48.0,15
synthetic_06142,cluster_g3,58,69,58,69,11,2.75,0.00035,1,1,,12.0,24.0,15
synthetic_06143,cluster_v100m16,9,10,9,10,1,0.25,0.00025,1,1,,11.908,46.0,15
synthetic_06144,cluster_v100m16,3,17,3,17,14,3.5,0.00025,1,1,,11.908,46.0,15
synthetic_06145,cluster_p100,76,77,76,77,1,0.25,0.00025,1,1,P100,4.152,10.3515625,15
synthetic_06146,cluster_g3,20,27,20,27,7,1.75,0.00035,1,1,,11.908,46.0,15
synthetic_06147,cluster_v100m32,73,77,73,77,4,1.0,0.00025,1,1,,8.0,16.0,15
synthetic_06148,cluster_t4,80,92,80,92,12,3.0,7e-05,1,1,T4,8.0,32.0,15
synthetic_06149,cluster_g2,82,83,82,83,1,0.25,0.00035,1,1,,3.152,5.46875,15
synthetic_06150,cluster_g3,55,60,55,60,5,1.25,0.00035,1,1,,12.0,24.0,15
synthetic_06151,cluster_g3,15,17,15,17,2,0.5,0.00035,1,1,,8.2,33.0,15
synthetic_06152,cluster_g3,82,83,82,83,1,0.25,0.00035,1,1,,3.152,5.46875,15
synthetic_06153,cluster_g2,84,92,84,92,8,2.0,0.00035,1,1,G2,6.0,32.0,15
synthetic_06154,cluster_t4,89,95,89,95,6,1.5,7e-05,1,1,,9.81,40.5859375,15
synthetic_06155,cluster_v100m32,58,59,58,59,1,0.25,0.00025,1,1,,11.3,48.0,15
synthetic_06156,cluster_g3,60,61,60,61,1,0.25,0.00035,1,1,,11.4,47.0,15
synthetic_06157,cluster_t4,14,18,14,18,4,1.0,7e-05,1,1,T4,4.0,14.900390625,15
synthetic_06158,cluster_v100m16,88,89,88,89,1,0.25,0.00025,1,1,,3.152,5.46875,15
synthetic_06159,cluster_v100m16,69,81,69,81,12,3.0,0.00025,1,1,P100|T4|V100M16|V100M32,18.708,63.0,15
synthetic_06160,cluster_v100m16,55,56,55,56,1,0.25,0.00025,1,1,,11.4,47.0,15
synthetic_06161,cluster_g2,49,54,49,54,5,1.25,0.00035,1,1,,4.0,24.0,15
synthetic_06162,cluster_v100m32,74,75,74,75,1,0.25,0.00025,1,1,,11.3,48.0,15
synthetic_06163,cluster_t4,60,61,60,61,1,0.25,7e-05,1,1,,8.71,40.5859375,15
synthetic_06164,cluster_g2,8,9,8,9,1,0.25,0.00035,1,1,,18.708,63.0,15
synthetic_06165,cluster_p100,51,56,51,56,5,1.25,0.00025,1,1,,4.0,24.0,15
synthetic_06166,cluster_v100m32,11,14,11,14,3,0.75,0.00025,1,1,,15.7,57.0,15
synthetic_06167,cluster_v100m16,78,81,78,81,3,0.75,0.00025,1,1,V100M16|V100M32,9.81,40.5859375,15
synthetic_06168,cluster_v100m32,79,83,79,83,4,1.0,0.00025,1,1,V100M16|V100M32,15.7,57.0,15
synthetic_06169,cluster_t4,16,17,16,17,1,0.25,7e-05,1,1,,3.152,5.46875,15
synthetic_06170,cluster_v100m16,81,83,81,83,2,0.5,0.00025,1,1,,12.0,15.0,15
synthetic_06171,cluster_t4,38,40,38,40,2,0.5,7e-05,1,1,,18.708,63.0,15
synthetic_06172,cluster_p100,41,42,41,42,1,0.25,0.00025,1,1,,3.152,5.46875,15
synthetic_06173,cluster_g3,72,75,72,75,3,0.75,0.00035,1,1,,3.152,5.46875,15
synthetic_06174,cluster_p100,77,78,77,78,1,0.25,0.00025,1,1,,4.152,10.3515625,15
synthetic_06175,cluster_t4,78,79,78,79,1,0.25,7e-05,1,1,,3.152,5.46875,15
synthetic_06176,cluster_v100m32,25,26,25,26,1,0.25,0.00025,1,1,,3.152,5.46875,15
synthetic_06177,cluster_g3,4,5,4,5,1,0.25,0.00035,1,1,,8.0,29.8017578125,15
synthetic_06178,cluster_v100m32,33,35,33,35,2,0.5,0.00025,1,1,,24.2,91.0,15
synthetic_06179,cluster_g2,76,78,76,78,2,0.5,0.00035,1,1,,6.0,8.0,15
synthetic_06180,cluster_v100m32,65,66,65,66,1,0.25,0.00025,1,1,,4.152,10.3515625,15
synthetic_06181,cluster_p100,48,52,48,52,4,1.0,0.00025,1,1,P100,3.152,5.46875,15
synthetic_06182,cluster_v100m16,21,22,21,22,1,0.25,0.00025,1,1,,11.908,46.0,15
synthetic_06183,cluster_g3,78,79,78,79,1,0.25,0.00035,1,1,,11.3,48.0,15
synthetic_06184,cluster_g2,58,60,58,60,2,0.5,0.00035,1,1,G2,14.2,57.0,15
synthetic_06185,cluster_v100m32,63,64,63,64,1,0.25,0.00025,1,1,,11.3,48.0,15
synthetic_06186,cluster_t4,67,68,67,68,1,0.25,7e-05,1,1,T4,3.152,5.46875,15
synthetic_06187,cluster_v100m16,48,49,48,49,1,0.25,0.00025,1,1,,8.0,16.0,15
synthetic_06188,cluster_t4,7,9,7,9,2,0.5,7e-05,1,1,,8.2,33.0,15
synthetic_06189,cluster_g3,64,65,64,65,1,0.25,0.00035,1,1,,4.152,10.3515625,15
synthetic_06190,cluster_v100m16,94,96,94,96,2,0.5,0.00025,1,1,,11.908,46.0,15
synthetic_06191,cluster_v100m16,36,49,36,49,13,3.25,0.00025,1,1,,8.0,32.0,15
synthetic_06192,cluster_v100m16,17,20,17,20,3,0.75,0.00025,1,1,,1.0,6.0,15
synthetic_06193,cluster_p100,67,68,67,68,1,0.25,0.00025,1,1,,3.152,5.46875,15
synthetic_06194,cluster_t4,12,13,12,13,1,0.25,7e-05,1,1,T4,9.81,40.5859375,15
synthetic_06195,cluster_t4,82,83,82,83,1,0.25,7e-05,1,1,T4,11.3,48.0,15
synthetic_06196,cluster_v100m32,35,38,35,38,3,0.75,0.00025,1,1,V100M16|V100M32,15.7,57.0,15
synthetic_06197,cluster_v100m32,49,50,49,50,1,0.25,0.00025,1,1,,11.908,46.0,15
synthetic_06198,cluster_t4,89,92,89,92,3,0.75,7e-05,1,1,T4,11.3,48.0,15
synthetic_06199,cluster_p100,75,77,75,77,2,0.5,0.00025,1,1,,24.2,91.0,15
synthetic_06200,cluster_t4,73,75,73,75,2,0.5,7e-05,1,1,,11.3,48.0,15
synthetic_06201,cluster_g2,89,96,89,96,7,1.75,0.00035,1,1,,4.0,30.517578125,15
synthetic_06202,cluster_g2,19,20,19,20,1,0.25,0.00035,1,1,,11.3,48.0,15
synthetic_06203,cluster_t4,81,84,81,84,3,0.75,7e-05,1,1,T4,24.2,91.0,15
synthetic_06204,cluster_t4,55,56,55,56,1,0.25,7e-05,1,1,T4,18.708,63.0,15
synthetic_06205,cluster_v100m32,2,3,2,3,1,0.25,0.00025,1,1,V100M16|V100M32,11.3,48.0,15
synthetic_06206,cluster_v100m32,63,64,63,64,1,0.25,0.00025,1,1,,3.152,5.46875,15
synthetic_06207,cluster_v100m16,18,34,18,34,16,4.0,0.00025,1,1,,3.152,5.46875,15
synthetic_06208,cluster_g3,68,69,68,69,1,0.25,0.00035,1,1,,4.152,10.3515625,15
synthetic_06209,cluster_t4,93,94,93,94,1,0.25,7e-05,1,1,,4.152,10.3515625,15
synthetic_06210,cluster_v100m32,85,92,85,92,7,1.75,0.00025,1,1,,4.0,30.517578125,15
synthetic_06211,cluster_t4,2,4,2,4,2,0.5,7e-05,1,1,T4,3.152,5.46875,15
synthetic_06212,cluster_t4,88,91,88,91,3,0.75,7e-05,1,1,T4,15.7,57.0,15
synthetic_06213,cluster_v100m16,36,37,36,37,1,0.25,0.00025,1,1,,4.0,29.8017578125,15
synthetic_06214,cluster_g3,3,4,3,4,1,0.25,0.00035,1,1,,11.3,48.0,15
synthetic_06215,cluster_g2,17,18,17,18,1,0.25,0.00035,1,1,,11.3,48.0,15
synthetic_06216,cluster_g3,14,15,14,15,1,0.25,0.00035,1,1,,3.152,5.46875,15
synthetic_06217,cluster_t4,30,35,30,35,5,1.25,7e-05,1,1,,12.0,24.0,15
synthetic_06218,cluster_g3,83,84,83,84,1,0.25,0.00035,1,1,,3.152,5.46875,15
synthetic_06219,cluster_v100m32,75,76,75,76,1,0.25,0.00025,1,1,,3.152,5.46875,15
synthetic_06220,cluster_t4,8,10,8,10,2,0.5,7e-05,1,1,,3.152,5.46875,15
synthetic_06221,cluster_g3,7,8,7,8,1,0.25,0.00035,1,1,G3,24.2,91.0,15
synthetic_06222,cluster_v100m32,47,49,47,49,2,0.5,0.00025,1,1,,3.152,5.46875,15
synthetic_06223,cluster_g2,49,55,49,55,6,1.5,0.00035,1,1,,11.4,47.0,15
synthetic_06224,cluster_g3,27,28,27,28,1,0.25,0.00035,1,1,,11.4,47.0,15
synthetic_06225,cluster_v100m32,45,46,45,46,1,0.25,0.00025,1,1,V100M32,18.708,63.0,15
synthetic_06226,cluster_t4,18,19,18,19,1,0.25,7e-05,1,1,T4,8.0,29.8017578125,15
synthetic_06227,cluster_g2,65,79,65,79,14,3.5,0.00035,1,1,,12.0,18.0,15
synthetic_06228,cluster_p100,38,39,38,39,1,0.25,0.00025,1,1,,3.152,5.46875,15
synthetic_06229,cluster_p100,31,33,31,33,2,0.5,0.00025,1,1,,11.908,46.0,15
synthetic_06230,cluster_p100,14,15,14,15,1,0.25,0.00025,1,1,,11.908,46.0,15
synthetic_06231,cluster_v100m32,14,15,14,15,1,0.25,0.00025,1,1,,3.152,5.46875,15
synthetic_06232,cluster_g2,39,40,39,40,1,0.25,0.00035,1,1,,11.4,47.0,15
synthetic_06233,cluster_t4,8,10,8,10,2,0.5,7e-05,1,1,T4,16.0,32.0,15
synthetic_06234,cluster_g3,37,40,37,40,3,0.75,0.00035,1,1,,8.0,16.0,15
synthetic_06235,cluster_v100m32,63,64,63,64,1,0.25,0.00025,1,1,,8.0,32.0,15
synthetic_06236,cluster_p100,0,4,0,4,4,1.0,0.00025,1,1,,8.0,16.0,15
synthetic_06237,cluster_g2,70,71,70,71,1,0.25,0.00035,1,1,,8.0,29.8017578125,15
synthetic_06238,cluster_g2,89,90,89,90,1,0.25,0.00035,1,1,,3.152,5.46875,15
synthetic_06239,cluster_g3,66,67,66,67,1,0.25,0.00035,1,1,G3,11.3,48.0,15
synthetic_06240,cluster_g2,79,80,79,80,1,0.25,0.00035,1,1,,3.152,5.46875,15
synthetic_06241,cluster_t4,21,22,21,22,1,0.25,7e-05,1,1,,4.152,10.3515625,15
synthetic_06242,cluster_p100,95,96,95,96,1,0.25,0.00025,1,1,,3.152,5.46875,15
synthetic_06243,cluster_g2,11,12,11,12,1,0.25,0.00035,1,1,,18.708,63.0,15
synthetic_06244,cluster_g3,56,57,56,57,1,0.25,0.00035,1,1,,11.3,48.0,15
synthetic_06245,cluster_v100m32,28,29,28,29,1,0.25,0.00025,1,1,,11.3,48.0,15
synthetic_06246,cluster_t4,67,68,67,68,1,0.25,7e-05,1,1,T4,11.3,48.0,15
synthetic_06247,cluster_a10,27,28,27,28,1,0.25,0.00015,1,1,,4.0,14.900390625,15
synthetic_06248,cluster_v100m16,51,52,51,52,1,0.25,0.00025,1,1,,3.152,5.46875,15
synthetic_06249,cluster_g2,79,81,79,81,2,0.5,0.00035,1,1,,3.152,5.46875,15
synthetic_06250,cluster_v100m32,28,29,28,29,1,0.25,0.00025,1,1,,4.0,22.3515625,15
synthetic_06251,cluster_t4,37,38,37,38,1,0.25,7e-05,1,1,,3.152,5.46875,15
synthetic_06252,cluster_t4,12,24,12,24,12,3.0,7e-05,1,1,,12.0,15.0,15
synthetic_06253,cluster_t4,95,96,95,96,1,0.25,7e-05,1,1,,4.0,14.900390625,15
synthetic_06254,cluster_p100,84,85,84,85,1,0.25,0.00025,1,1,,11.3,48.0,15
synthetic_06255,cluster_p100,26,28,26,28,2,0.5,0.00025,1,1,P100,3.152,5.46875,15
synthetic_06256,cluster_p100,70,75,70,75,5,1.25,0.00025,1,1,P100|V100M16|V100M32,11.4,47.0,15
synthetic_06257,cluster_t4,76,77,76,77,1,0.25,7e-05,1,1,T4,3.152,5.46875,15
synthetic_06258,cluster_p100,19,20,19,20,1,0.25,0.00025,1,1,P100,4.0,22.3515625,15
synthetic_06259,cluster_g2,51,52,51,52,1,0.25,0.00035,1,1,G2,3.152,5.46875,15
synthetic_06260,cluster_p100,91,92,91,92,1,0.25,0.00025,1,1,,11.3,48.0,15
synthetic_06261,cluster_v100m16,79,81,79,81,2,0.5,0.00025,1,1,,3.152,5.46875,15
synthetic_06262,cluster_t4,55,57,55,57,2,0.5,7e-05,1,1,,4.0,14.900390625,15
synthetic_06263,cluster_t4,63,67,63,67,4,1.0,7e-05,1,1,T4,11.908,46.0,15
synthetic_06264,cluster_v100m32,53,55,53,55,2,0.5,0.00025,1,1,,15.4,88.0,15
synthetic_06265,cluster_g3,52,53,52,53,1,0.25,0.00035,1,1,,4.152,10.3515625,15
synthetic_06266,cluster_t4,52,53,52,53,1,0.25,7e-05,1,1,T4,11.3,48.0,15
synthetic_06267,cluster_v100m32,60,65,60,65,5,1.25,0.00025,1,1,,15.2,79.0,15
synthetic_06268,cluster_v100m16,12,14,12,14,2,0.5,0.00025,1,1,,11.908,46.0,15
synthetic_06269,cluster_g3,5,7,5,7,2,0.5,0.00035,1,1,,11.908,46.0,15
synthetic_06270,cluster_t4,23,25,23,25,2,0.5,7e-05,1,1,,11.908,46.0,15
synthetic_06271,cluster_t4,26,27,26,27,1,0.25,7e-05,1,1,T4,3.152,5.46875,15
synthetic_06272,cluster_v100m16,7,9,7,9,2,0.5,0.00025,1,1,,3.152,5.46875,15
synthetic_06273,cluster_p100,69,71,69,71,2,0.5,0.00025,1,1,,4.0,30.517578125,15
synthetic_06274,cluster_g3,69,70,69,70,1,0.25,0.00035,1,1,,11.908,46.0,15
synthetic_06275,cluster_g2,14,15,14,15,1,0.25,0.00035,1,1,G2,11.4,76.0,15
synthetic_06276,cluster_p100,46,52,46,52,6,1.5,0.00025,1,1,,4.0,24.0,15
synthetic_06277,cluster_v100m16,82,87,82,87,5,1.25,0.00025,1,1,,4.0,14.900390625,15
synthetic_06278,cluster_t4,75,76,75,76,1,0.25,7e-05,1,1,,11.3,48.0,15
synthetic_06279,cluster_t4,40,41,40,41,1,0.25,7e-05,1,1,,3.152,5.46875,15
synthetic_06280,cluster_g2,40,42,40,42,2,0.5,0.00035,1,1,,16.0,32.0,15
synthetic_06281,cluster_v100m32,43,45,43,45,2,0.5,0.00025,1,1,,8.0,29.8017578125,15
synthetic_06282,cluster_v100m32,29,30,29,30,1,0.25,0.00025,1,1,,11.4,47.0,15
synthetic_06283,cluster_p100,40,43,40,43,3,0.75,0.00025,1,1,,24.2,91.0,15
synthetic_06284,cluster_t4,35,37,35,37,2,0.5,7e-05,1,1,T4,16.0,32.0,15
synthetic_06285,cluster_v100m32,80,81,80,81,1,0.25,0.00025,1,1,,6.0,6.0,15
synthetic_06286,cluster_v100m32,20,21,20,21,1,0.25,0.00025,1,1,P100|T4|V100M16|V100M32,11.3,48.0,15
synthetic_06287,cluster_g3,53,54,53,54,1,0.25,0.00035,1,1,,3.152,5.46875,15
synthetic_06288,cluster_v100m16,59,60,59,60,1,0.25,0.00025,1,1,,11.4,47.0,15
synthetic_06289,cluster_g3,63,65,63,65,2,0.5,0.00035,1,1,,3.152,5.46875,15
synthetic_06290,cluster_p100,95,96,95,96,1,0.25,0.00025,1,1,,1.0,2.0,15
synthetic_06291,cluster_v100m32,26,42,26,42,16,4.0,0.00025,1,1,,3.152,5.46875,15
synthetic_06292,cluster_g3,10,12,10,12,2,0.5,0.00035,1,1,,11.908,46.0,15
synthetic_06293,cluster_t4,57,62,57,62,5,1.25,7e-05,1,1,T4,12.0,24.0,15
synthetic_06294,cluster_g2,81,95,81,95,14,3.5,0.00035,1,1,G2,16.0,64.0,15
synthetic_06295,cluster_g2,78,79,78,79,1,0.25,0.00035,1,1,G2,11.3,48.0,15
synthetic_06296,cluster_g3,93,95,93,95,2,0.5,0.00035,1,1,,11.3,48.0,15
synthetic_06297,cluster_g3,57,59,57,59,2,0.5,0.00035,1,1,,11.3,48.0,15
synthetic_06298,cluster_g3,24,29,24,29,5,1.25,0.00035,1,1,,4.0,22.3515625,15
synthetic_06299,cluster_t4,36,42,36,42,6,1.5,7e-05,1,1,,8.0,29.8017578125,15
synthetic_06300,cluster_g2,17,18,17,18,1,0.25,0.00035,1,1,G2,16.0,32.0,15
synthetic_06301,cluster_g3,90,91,90,91,1,0.25,0.00035,1,1,,11.3,48.0,15
synthetic_06302,cluster_v100m16,43,48,43,48,5,1.25,0.00025,1,1,,4.0,24.0,15
synthetic_06303,cluster_t4,10,12,10,12,2,0.5,7e-05,1,1,T4,1.0,6.0,15
synthetic_06304,cluster_v100m16,22,24,22,24,2,0.5,0.00025,1,1,,3.152,5.46875,15
synthetic_06305,cluster_v100m32,88,89,88,89,1,0.25,0.00025,1,1,,4.0,14.900390625,15
synthetic_06306,cluster_v100m16,60,63,60,63,3,0.75,0.00025,1,1,,11.4,47.0,15
synthetic_06307,cluster_v100m16,49,50,49,50,1,0.25,0.00025,1,1,,4.152,10.3515625,15
synthetic_06308,cluster_v100m16,67,69,67,69,2,0.5,0.00025,1,1,,11.3,48.0,15
synthetic_06309,cluster_t4,82,84,82,84,2,0.5,7e-05,1,1,T4,11.4,76.0,15
synthetic_06310,cluster_v100m32,92,94,92,94,2,0.5,0.00025,1,1,G2|P100|T4|V100M16|V100M32,11.4,47.0,15
synthetic_06311,cluster_v100m16,41,42,41,42,1,0.25,0.00025,1,1,,18.708,63.0,15
synthetic_06312,cluster_t4,68,70,68,70,2,0.5,7e-05,1,1,,11.4,47.0,15
synthetic_06313,cluster_p100,16,17,16,17,1,0.25,0.00025,1,1,,16.4,123.0,15
synthetic_06314,cluster_v100m32,67,72,67,72,5,1.25,0.00025,1,1,,9.81,40.5859375,15
synthetic_06315,cluster_g2,51,53,51,53,2,0.5,0.00035,1,1,,16.0,32.0,15
synthetic_06316,cluster_g2,54,55,54,55,1,0.25,0.00035,1,1,,3.152,5.46875,15
synthetic_06317,cluster_v100m32,50,59,50,59,9,2.25,0.00025,1,1,,3.152,5.46875,15
synthetic_06318,cluster_g3,25,26,25,26,1,0.25,0.00035,1,1,,3.152,5.46875,15
synthetic_06319,cluster_t4,8,11,8,11,3,0.75,7e-05,1,1,T4,11.3,48.0,15
synthetic_06320,cluster_p100,17,18,17,18,1,0.25,0.00025,1,1,,3.152,5.46875,15
synthetic_06321,cluster_v100m32,55,56,55,56,1,0.25,0.00025,1,1,,8.0,29.8017578125,15
synthetic_06322,cluster_p100,26,27,26,27,1,0.25,0.00025,1,1,,11.3,48.0,15
synthetic_06323,cluster_t4,32,33,32,33,1,0.25,7e-05,1,1,T4,11.3,48.0,15
synthetic_06324,cluster_v100m32,81,84,81,84,3,0.75,0.00025,1,1,,11.908,46.0,15
synthetic_06325,cluster_g3,31,34,31,34,3,0.75,0.00035,1,1,,11.9,76.0,15
synthetic_06326,cluster_t4,28,29,28,29,1,0.25,7e-05,1,1,T4,11.908,46.0,15
synthetic_06327,cluster_v100m16,39,40,39,40,1,0.25,0.00025,1,1,,11.3,48.0,15
synthetic_06328,cluster_g2,6,10,6,10,4,1.0,0.00035,1,1,,11.908,46.0,15
synthetic_06329,cluster_v100m32,14,15,14,15,1,0.25,0.00025,1,1,,1.0,2.0,15
synthetic_06330,cluster_t4,87,88,87,88,1,0.25,7e-05,1,1,T4,4.152,10.3515625,15
synthetic_06331,cluster_t4,37,42,37,42,5,1.25,7e-05,1,1,T4,4.0,24.0,15
synthetic_06332,cluster_g3,62,63,62,63,1,0.25,0.00035,1,1,,3.152,5.46875,15
synthetic_06333,cluster_g2,73,80,73,80,7,1.75,0.00035,1,1,,18.708,63.0,15
synthetic_06334,cluster_p100,50,51,50,51,1,0.25,0.00025,1,1,,12.0,24.0,15
synthetic_06335,cluster_g3,67,73,67,73,6,1.5,0.00035,1,1,,15.2,79.0,15
synthetic_06336,cluster_v100m32,1,2,1,2,1,0.25,0.00025,1,1,V100M16|V100M32,12.0,24.0,15
synthetic_06337,cluster_v100m32,4,5,4,5,1,0.25,0.00025,1,1,,4.152,10.3515625,15
synthetic_06338,cluster_v100m16,25,28,25,28,3,0.75,0.00025,1,1,,4.0,32.0,15
synthetic_06339,cluster_t4,74,75,74,75,1,0.25,7e-05,1,1,T4,3.152,5.46875,15
synthetic_06340,cluster_p100,87,88,87,88,1,0.25,0.00025,1,1,,11.908,46.0,15
synthetic_06341,cluster_g3,33,35,33,35,2,0.5,0.00035,1,1,,3.152,5.46875,15
synthetic_06342,cluster_p100,23,24,23,24,1,0.25,0.00025,1,1,,3.152,5.46875,15
synthetic_06343,cluster_t4,69,71,69,71,2,0.5,7e-05,1,1,T4,16.0,32.0,15
synthetic_06344,cluster_t4,51,54,51,54,3,0.75,7e-05,1,1,T4,24.2,91.0,15
synthetic_06345,cluster_g2,47,48,47,48,1,0.25,0.00035,1,1,,18.708,63.0,15
synthetic_06346,cluster_g2,17,26,17,26,9,2.25,0.00035,1,1,,8.0,16.0,15
synthetic_06347,cluster_t4,38,43,38,43,5,1.25,7e-05,1,1,,16.0,32.0,15
synthetic_06348,cluster_t4,43,45,43,45,2,0.5,7e-05,1,1,T4,4.0,22.3515625,15
synthetic_06349,cluster_t4,84,85,84,85,1,0.25,7e-05,1,1,T4,11.3,48.0,15
synthetic_06350,cluster_p100,75,76,75,76,1,0.25,0.00025,1,1,,11.3,48.0,15
synthetic_06351,cluster_g2,94,95,94,95,1,0.25,0.00035,1,1,,11.3,48.0,15
synthetic_06352,cluster_g2,2,5,2,5,3,0.75,0.00035,1,1,G2,15.7,57.0,15
synthetic_06353,cluster_v100m16,48,49,48,49,1,0.25,0.00025,1,1,,11.908,46.0,15
synthetic_06354,cluster_v100m16,41,43,41,43,2,0.5,0.00025,1,1,,11.3,48.0,15
synthetic_06355,cluster_g2,13,14,13,14,1,0.25,0.00035,1,1,,11.3,48.0,15
synthetic_06356,cluster_v100m32,18,23,18,23,5,1.25,0.00025,1,1,,11.3,48.0,15
synthetic_06357,cluster_v100m32,69,70,69,70,1,0.25,0.00025,1,1,,11.908,46.0,15
synthetic_06358,cluster_g2,10,11,10,11,1,0.25,0.00035,1,1,G2,11.908,46.0,15
synthetic_06359,cluster_t4,43,50,43,50,7,1.75,7e-05,1,1,,24.2,91.0,15
synthetic_06360,cluster_g3,56,70,56,70,14,3.5,0.00035,1,1,,12.0,24.0,15
synthetic_06361,cluster_v100m32,57,58,57,58,1,0.25,0.00025,1,1,,3.152,5.46875,15
synthetic_06362,cluster_p100,55,56,55,56,1,0.25,0.00025,1,1,,3.152,5.46875,15
synthetic_06363,cluster_g2,13,14,13,14,1,0.25,0.00035,1,1,G2,11.3,48.0,15
synthetic_06364,cluster_p100,9,10,9,10,1,0.25,0.00025,1,1,,18.708,63.0,15
synthetic_06365,cluster_g2,83,85,83,85,2,0.5,0.00035,1,1,G2,24.2,91.0,15
synthetic_06366,cluster_g2,85,86,85,86,1,0.25,0.00035,1,1,,3.152,5.46875,15
synthetic_06367,cluster_p100,1,2,1,2,1,0.25,0.00025,1,1,P100,3.152,5.46875,15
synthetic_06368,cluster_v100m16,10,11,10,11,1,0.25,0.00025,1,1,,8.0,29.8017578125,15
synthetic_06369,cluster_t4,4,6,4,6,2,0.5,7e-05,1,1,,8.0,29.8017578125,15
synthetic_06370,cluster_p100,79,80,79,80,1,0.25,0.00025,1,1,P100,3.152,5.46875,15
synthetic_06371,cluster_t4,12,19,12,19,7,1.75,7e-05,1,1,,9.81,40.5859375,15
synthetic_06372,cluster_g3,71,73,71,73,2,0.5,0.00035,1,1,,11.4,47.0,15
synthetic_06373,cluster_t4,67,68,67,68,1,0.25,7e-05,1,1,T4,3.152,5.46875,15
synthetic_06374,cluster_g2,61,66,61,66,5,1.25,0.00035,1,1,,15.7,57.0,15
synthetic_06375,cluster_v100m32,90,95,90,95,5,1.25,0.00025,1,1,,18.708,63.0,15
synthetic_06376,cluster_p100,51,54,51,54,3,0.75,0.00025,1,1,,4.0,32.0,15
synthetic_06377,cluster_p100,3,7,3,7,4,1.0,0.00025,1,1,P100,11.908,46.0,15
synthetic_06378,cluster_v100m32,34,35,34,35,1,0.25,0.00025,1,1,,3.152,5.46875,15
synthetic_06379,cluster_p100,78,79,78,79,1,0.25,0.00025,1,1,,4.152,10.3515625,15
synthetic_06380,cluster_g2,57,60,57,60,3,0.75,0.00035,1,1,,8.0,29.8017578125,15
synthetic_06381,cluster_t4,82,83,82,83,1,0.25,7e-05,1,1,T4,4.152,10.3515625,15
synthetic_06382,cluster_g2,93,94,93,94,1,0.25,0.00035,1,1,,12.0,16.0,15
synthetic_06383,cluster_g2,89,91,89,91,2,0.5,0.00035,1,1,,11.4,47.0,15
synthetic_06384,cluster_v100m16,94,95,94,95,1,0.25,0.00025,1,1,,11.4,47.0,15
synthetic_06385,cluster_p100,56,57,56,57,1,0.25,0.00025,1,1,,11.908,46.0,15
synthetic_06386,cluster_t4,44,45,44,45,1,0.25,7e-05,1,1,T4,4.0,14.900390625,15
synthetic_06387,cluster_t4,54,55,54,55,1,0.25,7e-05,1,1,T4,11.3,48.0,15
synthetic_06388,cluster_g2,80,96,80,96,16,4.0,0.00035,1,1,,3.152,5.46875,15
synthetic_06389,cluster_t4,27,30,27,30,3,0.75,7e-05,1,1,,9.81,40.5859375,15
synthetic_06390,cluster_t4,33,34,33,34,1,0.25,7e-05,1,1,,3.152,5.46875,15
synthetic_06391,cluster_t4,39,40,39,40,1,0.25,7e-05,1,1,,3.152,5.46875,15
synthetic_06392,cluster_t4,69,70,69,70,1,0.25,7e-05,1,1,T4,11.3,48.0,15
synthetic_06393,cluster_g3,88,89,88,89,1,0.25,0.00035,1,1,,11.4,47.0,15
synthetic_06394,cluster_g2,57,71,57,71,14,3.5,0.00035,1,1,G2,16.0,64.0,15
synthetic_06395,cluster_t4,27,28,27,28,1,0.25,7e-05,1,1,T4,8.0,29.8017578125,15
synthetic_06396,cluster_t4,11,16,11,16,5,1.25,7e-05,1,1,T4,24.2,91.0,15
synthetic_06397,cluster_t4,2,3,2,3,1,0.25,7e-05,1,1,T4,3.152,5.46875,15
synthetic_06398,cluster_g2,55,57,55,57,2,0.5,0.00035,1,1,,11.3,48.0,15
synthetic_06399,cluster_t4,56,57,56,57,1,0.25,7e-05,1,1,T4,3.152,5.46875,15
synthetic_06400,cluster_v100m16,51,52,51,52,1,0.25,0.00025,1,1,,3.152,5.46875,15
synthetic_06401,cluster_g3,16,17,16,17,1,0.25,0.00035,1,1,,3.152,5.46875,15
synthetic_06402,cluster_v100m32,10,11,10,11,1,0.25,0.00025,1,1,,9.81,40.5859375,15
synthetic_06403,cluster_g2,55,56,55,56,1,0.25,0.00035,1,1,,8.0,29.8017578125,15
synthetic_06404,cluster_g2,6,7,6,7,1,0.25,0.00035,1,1,G2,11.3,48.0,15
synthetic_06405,cluster_g3,47,48,47,48,1,0.25,0.00035,1,1,,8.0,29.8017578125,15
synthetic_06406,cluster_p100,20,21,20,21,1,0.25,0.00025,1,1,P100,8.0,29.8017578125,15
synthetic_06407,cluster_g3,87,88,87,88,1,0.25,0.00035,1,1,G3,11.908,46.0,15
synthetic_06408,cluster_g3,54,55,54,55,1,0.25,0.00035,1,1,G3,3.152,5.46875,15
synthetic_06409,cluster_g2,71,72,71,72,1,0.25,0.00035,1,1,,4.152,10.3515625,15
synthetic_06410,cluster_g2,34,35,34,35,1,0.25,0.00035,1,1,G2,3.152,5.46875,15
synthetic_06411,cluster_t4,41,42,41,42,1,0.25,7e-05,1,1,T4,8.0,29.8017578125,15
synthetic_06412,cluster_t4,6,8,6,8,2,0.5,7e-05,1,1,,6.0,12.0,15
synthetic_06413,cluster_v100m32,80,86,80,86,6,1.5,0.00025,1,1,,11.9,76.0,15
synthetic_06414,cluster_t4,15,16,15,16,1,0.25,7e-05,1,1,,11.4,47.0,15
synthetic_06415,cluster_v100m32,19,20,19,20,1,0.25,0.00025,1,1,,11.3,48.0,15
synthetic_06416,cluster_v100m16,88,89,88,89,1,0.25,0.00025,1,1,P100|V100M16|V100M32,14.2,57.0,15
synthetic_06417,cluster_p100,83,88,83,88,5,1.25,0.00025,1,1,,8.2,33.0,15
synthetic_06418,cluster_g2,69,74,69,74,5,1.25,0.0007,2,2,,6.0,64.0,15
synthetic_06419,cluster_p100,82,84,82,84,2,0.5,0.00025,1,1,,9.81,40.5859375,15
synthetic_06420,cluster_p100,73,74,73,74,1,0.25,0.00025,1,1,P100,8.0,29.8017578125,15
synthetic_06421,cluster_g2,79,87,79,87,8,2.0,0.00035,1,1,,11.908,46.0,15
synthetic_06422,cluster_t4,28,29,28,29,1,0.25,7e-05,1,1,T4,18.708,63.0,15
synthetic_06423,cluster_v100m32,87,89,87,89,2,0.5,0.00025,1,1,,11.4,47.0,15
synthetic_06424,cluster_g2,93,95,93,95,2,0.5,0.00035,1,1,,8.0,32.0,15
synthetic_06425,cluster_t4,48,49,48,49,1,0.25,7e-05,1,1,,16.0,32.0,15
synthetic_06426,cluster_g2,20,23,20,23,3,0.75,0.00035,1,1,G2,15.7,57.0,15
synthetic_06427,cluster_v100m32,62,63,62,63,1,0.25,0.00025,1,1,,3.152,5.46875,15
synthetic_06428,cluster_t4,30,41,30,41,11,2.75,7e-05,1,1,,14.2,57.0,15
synthetic_06429,cluster_t4,34,36,34,36,2,0.5,7e-05,1,1,,3.152,5.46875,15
synthetic_06430,cluster_p100,31,32,31,32,1,0.25,0.00025,1,1,P100,4.152,10.3515625,15
synthetic_06431,cluster_t4,78,79,78,79,1,0.25,7e-05,1,1,T4,3.152,5.46875,15
synthetic_06432,cluster_t4,51,54,51,54,3,0.75,7e-05,1,1,,4.0,32.0,15
synthetic_06433,cluster_t4,37,38,37,38,1,0.25,0.00056,8,8,,64.2,257.0,15
synthetic_06434,cluster_v100m16,57,58,57,58,1,0.25,0.00025,1,1,,9.81,40.5859375,15
synthetic_06435,cluster_p100,58,62,58,62,4,1.0,0.00025,1,1,,11.4,47.0,15
synthetic_06436,cluster_g2,51,52,51,52,1,0.25,0.00035,1,1,,3.152,5.46875,15
synthetic_06437,cluster_v100m32,42,43,42,43,1,0.25,0.00025,1,1,,12.0,24.0,15
synthetic_06438,cluster_g2,81,83,81,83,2,0.5,0.00035,1,1,,11.908,46.0,15
synthetic_06439,cluster_t4,20,21,20,21,1,0.25,7e-05,1,1,,14.2,57.0,15
synthetic_06440,cluster_g2,60,61,60,61,1,0.25,0.00035,1,1,,18.708,63.0,15
synthetic_06441,cluster_g2,45,46,45,46,1,0.25,0.00035,1,1,,3.152,5.46875,15
synthetic_06442,cluster_g2,76,77,76,77,1,0.25,0.0028,8,8,,88.0,320.0,15
synthetic_06443,cluster_g3,71,72,71,72,1,0.25,0.00035,1,1,,11.3,48.0,15
synthetic_06444,cluster_t4,26,31,26,31,5,1.25,7e-05,1,1,,12.0,24.0,15
synthetic_06445,cluster_t4,15,16,15,16,1,0.25,7e-05,1,1,T4,11.3,48.0,15
synthetic_06446,cluster_p100,45,47,45,47,2,0.5,0.00025,1,1,,11.3,48.0,15
synthetic_06447,cluster_g2,57,58,57,58,1,0.25,0.00035,1,1,G2,11.3,48.0,15
synthetic_06448,cluster_t4,10,11,10,11,1,0.25,7e-05,1,1,T4,11.4,47.0,15
synthetic_06449,cluster_t4,91,94,91,94,3,0.75,7e-05,1,1,T4,11.908,46.0,15
synthetic_06450,cluster_v100m32,20,21,20,21,1,0.25,0.00025,1,1,,11.3,48.0,15
synthetic_06451,cluster_v100m32,30,31,30,31,1,0.25,0.00025,1,1,,3.152,5.46875,15
synthetic_06452,cluster_g2,12,17,12,17,5,1.25,0.00035,1,1,,12.0,24.0,15
synthetic_06453,cluster_t4,90,94,90,94,4,1.0,7e-05,1,1,T4,11.908,46.0,15
synthetic_06454,cluster_t4,41,42,41,42,1,0.25,7e-05,1,1,,3.152,5.46875,15
synthetic_06455,cluster_g2,47,48,47,48,1,0.25,0.00035,1,1,,9.81,40.5859375,15
synthetic_06456,cluster_t4,2,3,2,3,1,0.25,7e-05,1,1,T4,11.3,48.0,15
synthetic_06457,cluster_t4,51,54,51,54,3,0.75,7e-05,1,1,T4,15.7,57.0,15
synthetic_06458,cluster_g2,68,71,68,71,3,0.75,0.00035,1,1,,9.81,40.5859375,15
synthetic_06459,cluster_t4,81,82,81,82,1,0.25,7e-05,1,1,T4,4.0,14.900390625,15
synthetic_06460,cluster_v100m16,16,29,16,29,13,3.25,0.00025,1,1,V100M16|V100M32,12.0,15.0,15
synthetic_06461,cluster_v100m32,22,23,22,23,1,0.25,0.00025,1,1,V100M16|V100M32,11.4,47.0,15
synthetic_06462,cluster_v100m16,70,71,70,71,1,0.25,0.00025,1,1,,3.152,5.46875,15
synthetic_06463,cluster_t4,80,81,80,81,1,0.25,7e-05,1,1,T4,18.708,63.0,15
synthetic_06464,cluster_g3,92,93,92,93,1,0.25,0.00035,1,1,G3,11.3,48.0,15
synthetic_06465,cluster_v100m32,9,14,9,14,5,1.25,0.00025,1,1,,4.0,24.0,15
synthetic_06466,cluster_g2,76,78,76,78,2,0.5,0.00035,1,1,,8.0,29.8017578125,15
synthetic_06467,cluster_t4,23,25,23,25,2,0.5,7e-05,1,1,,16.0,32.0,15
synthetic_06468,cluster_t4,38,39,38,39,1,0.25,7e-05,1,1,T4,4.0,14.900390625,15
synthetic_06469,cluster_g3,4,5,4,5,1,0.25,0.00035,1,1,,24.2,91.0,15
synthetic_06470,cluster_p100,66,68,66,68,2,0.5,0.00025,1,1,,11.3,48.0,15
synthetic_06471,cluster_g2,57,58,57,58,1,0.25,0.00035,1,1,,11.3,48.0,15
synthetic_06472,cluster_t4,58,59,58,59,1,0.25,7e-05,1,1,,15.4,88.0,15
synthetic_06473,cluster_t4,67,68,67,68,1,0.25,7e-05,1,1,,3.152,5.46875,15
synthetic_06474,cluster_g2,87,88,87,88,1,0.25,0.00035,1,1,G2,11.3,48.0,15
synthetic_06475,cluster_t4,2,4,2,4,2,0.5,7e-05,1,1,T4,16.0,64.0,15
synthetic_06476,cluster_v100m32,75,76,75,76,1,0.25,0.00025,1,1,,11.3,48.0,15
synthetic_06477,cluster_g2,40,41,40,41,1,0.25,0.00035,1,1,,3.152,5.46875,15
synthetic_06478,cluster_v100m16,91,93,91,93,2,0.5,0.00025,1,1,,8.0,16.0,15
synthetic_06479,cluster_t4,11,12,11,12,1,0.25,7e-05,1,1,T4,3.152,5.46875,15
synthetic_06480,cluster_t4,21,22,21,22,1,0.25,7e-05,1,1,T4,11.908,46.0,15
synthetic_06481,cluster_p100,8,13,8,13,5,1.25,0.00025,1,1,,15.7,57.0,15
synthetic_06482,cluster_v100m16,21,22,21,22,1,0.25,0.002,8,8,,88.0,320.0,15
synthetic_06483,cluster_t4,0,1,0,1,1,0.25,7e-05,1,1,T4,8.0,29.8017578125,15
synthetic_06484,cluster_v100m16,68,71,68,71,3,0.75,0.00025,1,1,,9.81,40.5859375,15
synthetic_06485,cluster_g2,67,68,67,68,1,0.25,0.00035,1,1,,6.0,6.0,15
synthetic_06486,cluster_v100m32,73,77,73,77,4,1.0,0.00025,1,1,V100M16|V100M32,11.4,47.0,15
synthetic_06487,cluster_v100m16,55,57,55,57,2,0.5,0.00025,1,1,,14.2,57.0,15
synthetic_06488,cluster_v100m16,20,29,20,29,9,2.25,0.00025,1,1,V100M16|V100M32,18.708,63.0,15
synthetic_06489,cluster_v100m32,90,91,90,91,1,0.25,0.00025,1,1,,11.908,46.0,15
synthetic_06490,cluster_g2,56,57,56,57,1,0.25,0.00035,1,1,G2,11.3,48.0,15
synthetic_06491,cluster_g2,95,96,95,96,1,0.25,0.00035,1,1,,4.0,29.8017578125,15
synthetic_06492,cluster_g3,17,20,17,20,3,0.75,0.00035,1,1,,15.7,57.0,15
synthetic_06493,cluster_g2,92,93,92,93,1,0.25,0.00035,1,1,,3.152,5.46875,15
synthetic_06494,cluster_v100m16,16,17,16,17,1,0.25,0.00025,1,1,,4.0,16.0,15
synthetic_06495,cluster_g2,6,11,6,11,5,1.25,0.00035,1,1,G2,16.0,32.0,15
synthetic_06496,cluster_g2,42,44,42,44,2,0.5,0.00035,1,1,,11.4,47.0,15
synthetic_06497,cluster_g3,93,94,93,94,1,0.25,0.00035,1,1,,11.3,48.0,15
synthetic_06498,cluster_v100m16,25,26,25,26,1,0.25,0.00025,1,1,,8.0,29.8017578125,15
synthetic_06499,cluster_g3,22,23,22,23,1,0.25,0.00035,1,1,,3.152,5.46875,15
synthetic_06500,cluster_g2,63,72,63,72,9,2.25,0.00035,1,1,,4.0,14.900390625,15
synthetic_06501,cluster_g2,10,14,10,14,4,1.0,0.00035,1,1,,9.81,40.5859375,15
synthetic_06502,cluster_g3,94,95,94,95,1,0.25,0.00035,1,1,,11.3,48.0,15
synthetic_06503,cluster_t4,55,57,55,57,2,0.5,7e-05,1,1,T4,4.0,14.900390625,15
synthetic_06504,cluster_v100m16,59,65,59,65,6,1.5,0.00025,1,1,,2.0,8.0,15
synthetic_06505,cluster_t4,27,29,27,29,2,0.5,7e-05,1,1,,18.708,63.0,15
synthetic_06506,cluster_v100m32,63,64,63,64,1,0.25,0.00025,1,1,,3.152,5.46875,15
synthetic_06507,cluster_g2,2,3,2,3,1,0.25,0.00035,1,1,,11.3,48.0,15
synthetic_06508,cluster_t4,93,94,93,94,1,0.25,7e-05,1,1,,3.152,5.46875,15
synthetic_06509,cluster_g2,60,62,60,62,2,0.5,0.00035,1,1,,12.0,16.0,15
synthetic_06510,cluster_p100,42,44,42,44,2,0.5,0.00025,1,1,,4.152,10.3515625,15
synthetic_06511,cluster_p100,2,14,2,14,12,3.0,0.00025,1,1,,4.0,22.3515625,15
synthetic_06512,cluster_t4,56,62,56,62,6,1.5,7e-05,1,1,T4,11.4,47.0,15
synthetic_06513,cluster_v100m32,7,13,7,13,6,1.5,0.00025,1,1,,11.4,47.0,15
synthetic_06514,cluster_p100,59,60,59,60,1,0.25,0.00025,1,1,,11.4,47.0,15
synthetic_06515,cluster_v100m32,75,77,75,77,2,0.5,0.00025,1,1,,15.2,79.0,15
synthetic_06516,cluster_v100m32,39,43,39,43,4,1.0,0.00025,1,1,,11.908,46.0,15
synthetic_06517,cluster_p100,58,59,58,59,1,0.25,0.00025,1,1,,3.152,5.46875,15
synthetic_06518,cluster_p100,87,88,87,88,1,0.25,0.00025,1,1,,11.3,48.0,15
synthetic_06519,cluster_v100m16,74,75,74,75,1,0.25,0.00025,1,1,,3.152,5.46875,15
synthetic_06520,cluster_p100,61,63,61,63,2,0.5,0.00025,1,1,,3.152,5.46875,15
synthetic_06521,cluster_v100m32,8,14,8,14,6,1.5,0.00025,1,1,,16.0,64.0,15
synthetic_06522,cluster_t4,51,55,51,55,4,1.0,7e-05,1,1,,11.4,47.0,15
synthetic_06523,cluster_t4,49,51,49,51,2,0.5,7e-05,1,1,,12.0,24.0,15
synthetic_06524,cluster_v100m16,58,59,58,59,1,0.25,0.00025,1,1,,3.152,5.46875,15
synthetic_06525,cluster_t4,6,7,6,7,1,0.25,7e-05,1,1,T4,3.152,5.46875,15
synthetic_06526,cluster_t4,90,91,90,91,1,0.25,7e-05,1,1,,3.152,5.46875,15
synthetic_06527,cluster_t4,55,56,55,56,1,0.25,7e-05,1,1,,3.152,5.46875,15
synthetic_06528,cluster_g3,66,67,66,67,1,0.25,0.00035,1,1,,4.0,22.3515625,15
synthetic_06529,cluster_t4,67,68,67,68,1,0.25,7e-05,1,1,,3.152,5.46875,15
synthetic_06530,cluster_t4,62,63,62,63,1,0.25,7e-05,1,1,T4,4.0,14.900390625,15
synthetic_06531,cluster_t4,14,15,14,15,1,0.25,7e-05,1,1,,3.152,5.46875,15
synthetic_06532,cluster_p100,9,11,9,11,2,0.5,0.00025,1,1,,11.908,46.0,15
synthetic_06533,cluster_v100m32,24,26,24,26,2,0.5,0.00025,1,1,P100|V100M16|V100M32,8.0,16.0,15
synthetic_06534,cluster_g2,55,57,55,57,2,0.5,0.00035,1,1,,8.2,33.0,15
synthetic_06535,cluster_g2,29,30,29,30,1,0.25,0.00035,1,1,G2,18.708,63.0,15
synthetic_06536,cluster_g2,54,55,54,55,1,0.25,0.00035,1,1,G2,11.3,48.0,15
synthetic_06537,cluster_v100m16,90,91,90,91,1,0.25,0.00025,1,1,,11.908,46.0,15
synthetic_06538,cluster_t4,52,53,52,53,1,0.25,7e-05,1,1,,11.908,46.0,15
synthetic_06539,cluster_p100,20,21,20,21,1,0.25,0.00025,1,1,P100,11.908,46.0,15
synthetic_06540,cluster_t4,21,22,21,22,1,0.25,7e-05,1,1,T4,3.152,5.46875,15
synthetic_06541,cluster_p100,15,16,15,16,1,0.25,0.00025,1,1,P100,11.908,46.0,15
synthetic_06542,cluster_g2,65,67,65,67,2,0.5,0.00035,1,1,,3.152,5.46875,15
synthetic_06543,cluster_p100,90,91,90,91,1,0.25,0.00025,1,1,P100,4.0,29.8017578125,15
synthetic_06544,cluster_g3,26,28,26,28,2,0.5,0.00035,1,1,,3.152,5.46875,15
synthetic_06545,cluster_g2,81,82,81,82,1,0.25,0.00035,1,1,,3.152,5.46875,15
synthetic_06546,cluster_v100m32,32,34,32,34,2,0.5,0.00025,1,1,,16.0,32.0,15
synthetic_06547,cluster_t4,26,27,26,27,1,0.25,7e-05,1,1,,4.0,14.900390625,15
synthetic_06548,cluster_t4,16,17,16,17,1,0.25,7e-05,1,1,,3.152,5.46875,15
synthetic_06549,cluster_g2,37,51,37,51,14,3.5,0.00035,1,1,,3.152,5.46875,15
synthetic_06550,cluster_g2,68,69,68,69,1,0.25,0.00035,1,1,G2,11.3,48.0,15
synthetic_06551,cluster_p100,89,91,89,91,2,0.5,0.00025,1,1,P100,6.0,16.0,15
synthetic_06552,cluster_v100m32,51,53,51,53,2,0.5,0.00025,1,1,V100M16|V100M32,11.4,47.0,15
synthetic_06553,cluster_g3,80,81,80,81,1,0.25,0.00035,1,1,,11.3,48.0,15
synthetic_06554,cluster_g2,10,11,10,11,1,0.25,0.00035,1,1,,3.152,5.46875,15
synthetic_06555,cluster_t4,54,55,54,55,1,0.25,7e-05,1,1,T4,3.152,5.46875,15
synthetic_06556,cluster_p100,42,43,42,43,1,0.25,0.00025,1,1,P100|V100M16|V100M32,14.2,57.0,15
synthetic_06557,cluster_p100,84,85,84,85,1,0.25,0.00025,1,1,P100,11.908,46.0,15
synthetic_06558,cluster_g2,59,60,59,60,1,0.25,0.00035,1,1,,3.152,5.46875,15
synthetic_06559,cluster_t4,13,14,13,14,1,0.25,7e-05,1,1,T4,11.4,47.0,15
synthetic_06560,cluster_p100,69,70,69,70,1,0.25,0.00025,1,1,,4.0,29.8017578125,15
synthetic_06561,cluster_t4,48,49,48,49,1,0.25,7e-05,1,1,,6.0,6.0,15
synthetic_06562,cluster_v100m32,58,59,58,59,1,0.25,0.00025,1,1,V100M16|V100M32,18.708,63.0,15
synthetic_06563,cluster_t4,26,27,26,27,1,0.25,7e-05,1,1,,3.152,5.46875,15
synthetic_06564,cluster_v100m16,22,26,22,26,4,1.0,0.00025,1,1,P100|V100M16|V100M32,11.4,47.0,15
synthetic_06565,cluster_g3,87,88,87,88,1,0.25,0.00035,1,1,,11.3,48.0,15
synthetic_06566,cluster_t4,28,30,28,30,2,0.5,7e-05,1,1,T4,8.0,32.0,15
synthetic_06567,cluster_v100m16,90,91,90,91,1,0.25,0.00025,1,1,,3.152,5.46875,15
synthetic_06568,cluster_t4,78,82,78,82,4,1.0,7e-05,1,1,,11.3,48.0,15
synthetic_06569,cluster_t4,28,29,28,29,1,0.25,7e-05,1,1,,3.152,5.46875,15
synthetic_06570,cluster_g3,93,94,93,94,1,0.25,0.00035,1,1,,8.0,29.8017578125,15
synthetic_06571,cluster_t4,53,56,53,56,3,0.75,7e-05,1,1,,4.0,14.900390625,15
synthetic_06572,cluster_v100m16,3,4,3,4,1,0.25,0.00025,1,1,,3.152,5.46875,15
synthetic_06573,cluster_t4,5,7,5,7,2,0.5,7e-05,1,1,,12.0,16.0,15
synthetic_06574,cluster_v100m32,16,18,16,18,2,0.5,0.00025,1,1,,11.4,47.0,15
synthetic_06575,cluster_v100m16,42,43,42,43,1,0.25,0.00025,1,1,,3.152,5.46875,15
synthetic_06576,cluster_g2,22,23,22,23,1,0.25,0.00035,1,1,G2,11.3,48.0,15
synthetic_06577,cluster_p100,51,52,51,52,1,0.25,0.00025,1,1,,11.908,46.0,15
synthetic_06578,cluster_v100m32,49,50,49,50,1,0.25,0.00025,1,1,,3.152,5.46875,15
synthetic_06579,cluster_g3,33,34,33,34,1,0.25,0.00035,1,1,,8.0,29.8017578125,15
synthetic_06580,cluster_g3,58,64,58,64,6,1.5,0.00035,1,1,,8.0,32.0,15
synthetic_06581,cluster_g2,80,82,80,82,2,0.5,0.00035,1,1,,11.3,48.0,15
synthetic_06582,cluster_p100,37,40,37,40,3,0.75,0.00025,1,1,P100,6.0,12.0,15
synthetic_06583,cluster_t4,14,16,14,16,2,0.5,7e-05,1,1,T4,12.0,16.0,15
synthetic_06584,cluster_g3,60,61,60,61,1,0.25,0.00035,1,1,G3,12.0,24.0,15
synthetic_06585,cluster_p100,38,42,38,42,4,1.0,0.00025,1,1,P100,3.152,5.46875,15
synthetic_06586,cluster_g2,68,69,68,69,1,0.25,0.00035,1,1,,9.81,40.5859375,15
synthetic_06587,cluster_p100,8,10,8,10,2,0.5,0.00025,1,1,,11.3,48.0,15
synthetic_06588,cluster_t4,71,72,71,72,1,0.25,7e-05,1,1,,11.3,48.0,15
synthetic_06589,cluster_g2,51,55,51,55,4,1.0,0.00035,1,1,,8.0,29.8017578125,15
synthetic_06590,cluster_g3,61,65,61,65,4,1.0,0.00035,1,1,,4.0,30.517578125,15
synthetic_06591,cluster_v100m16,2,3,2,3,1,0.25,0.00025,1,1,,11.3,48.0,15
synthetic_06592,cluster_g3,76,80,76,80,4,1.0,0.00035,1,1,,12.0,16.0,15
synthetic_06593,cluster_v100m32,68,70,68,70,2,0.5,0.00025,1,1,,11.3,48.0,15
synthetic_06594,cluster_t4,83,84,83,84,1,0.25,7e-05,1,1,T4,3.152,5.46875,15
synthetic_06595,cluster_g3,34,36,34,36,2,0.5,0.00035,1,1,,16.0,32.0,15
synthetic_06596,cluster_t4,84,85,84,85,1,0.25,7e-05,1,1,T4,8.0,16.0,15
synthetic_06597,cluster_t4,71,72,71,72,1,0.25,7e-05,1,1,T4,3.152,5.46875,15
synthetic_06598,cluster_g3,86,89,86,89,3,0.75,0.00035,1,1,,8.0,16.0,15
synthetic_06599,cluster_t4,2,5,2,5,3,0.75,7e-05,1,1,,18.708,63.0,15
synthetic_06600,cluster_g2,74,75,74,75,1,0.25,0.00035,1,1,,3.152,5.46875,15
synthetic_06601,cluster_t4,38,39,38,39,1,0.25,7e-05,1,1,T4,8.0,29.8017578125,15
synthetic_06602,cluster_t4,40,41,40,41,1,0.25,7e-05,1,1,,16.4,123.0,15
synthetic_06603,cluster_t4,5,9,5,9,4,1.0,7e-05,1,1,,12.0,16.0,15
synthetic_06604,cluster_t4,81,83,81,83,2,0.5,7e-05,1,1,,3.152,5.46875,15
synthetic_06605,cluster_v100m32,37,38,37,38,1,0.25,0.00025,1,1,,8.0,29.8017578125,15
synthetic_06606,cluster_t4,50,51,50,51,1,0.25,7e-05,1,1,T4,4.0,29.8017578125,15
synthetic_06607,cluster_v100m16,47,48,47,48,1,0.25,0.00025,1,1,,3.152,5.46875,15
synthetic_06608,cluster_t4,33,34,33,34,1,0.25,7e-05,1,1,T4,3.152,5.46875,15
synthetic_06609,cluster_p100,87,88,87,88,1,0.25,0.00025,1,1,P100,8.0,29.8017578125,15
synthetic_06610,cluster_g3,77,78,77,78,1,0.25,0.00035,1,1,,11.4,47.0,15
synthetic_06611,cluster_v100m16,85,86,85,86,1,0.25,0.00025,1,1,P100|V100M16|V100M32,11.3,48.0,15
synthetic_06612,cluster_t4,38,40,38,40,2,0.5,7e-05,1,1,,6.0,18.0,15
synthetic_06613,cluster_v100m16,63,64,63,64,1,0.25,0.00025,1,1,,11.3,48.0,15
synthetic_06614,cluster_v100m16,69,70,69,70,1,0.25,0.00025,1,1,,3.152,5.46875,15
synthetic_06615,cluster_v100m16,95,96,95,96,1,0.25,0.00025,1,1,,12.0,24.0,15
synthetic_06616,cluster_v100m32,3,13,3,13,10,2.5,0.00025,1,1,,4.0,14.900390625,15
synthetic_06617,cluster_t4,74,76,74,76,2,0.5,7e-05,1,1,T4,3.152,5.46875,15
synthetic_06618,cluster_p100,89,90,89,90,1,0.25,0.00025,1,1,,11.4,47.0,15
synthetic_06619,cluster_v100m16,90,91,90,91,1,0.25,0.00025,1,1,,8.0,29.8017578125,15
synthetic_06620,cluster_g2,40,41,40,41,1,0.25,0.00035,1,1,G2,11.3,48.0,15
synthetic_06621,cluster_v100m32,80,81,80,81,1,0.25,0.00025,1,1,,11.908,46.0,15
synthetic_06622,cluster_g3,57,60,57,60,3,0.75,0.00035,1,1,,11.908,46.0,15
synthetic_06623,cluster_p100,41,42,41,42,1,0.25,0.00025,1,1,P100,3.152,5.46875,15
synthetic_06624,cluster_v100m32,37,39,37,39,2,0.5,0.00025,1,1,,8.2,33.0,15
synthetic_06625,cluster_t4,56,57,56,57,1,0.25,7e-05,1,1,T4,12.0,24.0,15
synthetic_06626,cluster_p100,61,74,61,74,13,3.25,0.00025,1,1,P100,3.152,5.46875,15
synthetic_06627,cluster_g2,58,59,58,59,1,0.25,0.00035,1,1,,3.152,5.46875,15
synthetic_06628,cluster_v100m32,57,66,57,66,9,2.25,0.00025,1,1,,11.3,48.0,15
synthetic_06629,cluster_p100,89,94,89,94,5,1.25,0.00025,1,1,,8.0,29.8017578125,15
synthetic_06630,cluster_g2,32,35,32,35,3,0.75,0.00035,1,1,G2,15.7,57.0,15
synthetic_06631,cluster_t4,45,47,45,47,2,0.5,7e-05,1,1,,18.708,63.0,15
synthetic_06632,cluster_t4,33,37,33,37,4,1.0,7e-05,1,1,T4,11.908,46.0,15
synthetic_06633,cluster_v100m32,80,81,80,81,1,0.25,0.00025,1,1,,3.152,5.46875,15
synthetic_06634,cluster_p100,48,49,48,49,1,0.25,0.00025,1,1,,8.0,29.8017578125,15
synthetic_06635,cluster_t4,14,15,14,15,1,0.25,7e-05,1,1,,11.3,48.0,15
synthetic_06636,cluster_v100m32,19,22,19,22,3,0.75,0.00025,1,1,,11.908,46.0,15
synthetic_06637,cluster_g3,12,13,12,13,1,0.25,0.00035,1,1,,4.152,10.3515625,15
synthetic_06638,cluster_v100m16,7,8,7,8,1,0.25,0.00025,1,1,V100M16|V100M32,12.0,46.0,15
synthetic_06639,cluster_g2,50,51,50,51,1,0.25,0.00035,1,1,,3.152,5.46875,15
synthetic_06640,cluster_p100,30,31,30,31,1,0.25,0.00025,1,1,P100,3.152,5.46875,15
synthetic_06641,cluster_g2,90,91,90,91,1,0.25,0.00035,1,1,G2,11.3,48.0,15
synthetic_06642,cluster_p100,27,29,27,29,2,0.5,0.00025,1,1,P100|V100M16|V100M32,16.0,32.0,15
synthetic_06643,cluster_v100m16,20,21,20,21,1,0.25,0.00025,1,1,V100M16|V100M32,11.9,76.0,15
synthetic_06644,cluster_p100,59,60,59,60,1,0.25,0.00025,1,1,P100,11.908,46.0,15
synthetic_06645,cluster_v100m16,31,33,31,33,2,0.5,0.00025,1,1,,3.152,5.46875,15
synthetic_06646,cluster_p100,26,27,26,27,1,0.25,0.00025,1,1,,11.4,76.0,15
synthetic_06647,cluster_t4,49,50,49,50,1,0.25,7e-05,1,1,T4,3.152,5.46875,15
synthetic_06648,cluster_g2,77,78,77,78,1,0.25,0.00035,1,1,,11.3,48.0,15
synthetic_06649,cluster_g3,38,39,38,39,1,0.25,0.00035,1,1,,18.708,63.0,15
synthetic_06650,cluster_g2,54,55,54,55,1,0.25,0.00035,1,1,,11.3,48.0,15
synthetic_06651,cluster_g2,31,32,31,32,1,0.25,0.00035,1,1,,3.152,5.46875,15
synthetic_06652,cluster_g3,16,17,16,17,1,0.25,0.00035,1,1,,3.152,5.46875,15
synthetic_06653,cluster_g2,90,94,90,94,4,1.0,0.00035,1,1,,8.0,16.0,15
synthetic_06654,cluster_t4,60,62,60,62,2,0.5,7e-05,1,1,,24.2,91.0,15
synthetic_06655,cluster_g3,44,47,44,47,3,0.75,0.00035,1,1,,15.7,57.0,15
synthetic_06656,cluster_g3,46,47,46,47,1,0.25,0.00035,1,1,,1.0,2.0,15
synthetic_06657,cluster_g3,60,61,60,61,1,0.25,0.00035,1,1,,11.908,46.0,15
synthetic_06658,cluster_v100m16,55,56,55,56,1,0.25,0.002,8,8,,64.2,257.0,15
synthetic_06659,cluster_v100m32,73,87,73,87,14,3.5,0.00025,1,1,V100M16|V100M32,11.4,47.0,15
synthetic_06660,cluster_g3,43,44,43,44,1,0.25,0.00035,1,1,,4.152,10.3515625,15
synthetic_06661,cluster_v100m32,10,14,10,14,4,1.0,0.00025,1,1,,4.0,30.517578125,15
synthetic_06662,cluster_v100m32,11,12,11,12,1,0.25,0.00025,1,1,,4.0,22.3515625,15
synthetic_06663,cluster_g2,3,4,3,4,1,0.25,0.00035,1,1,,3.152,5.46875,15
synthetic_06664,cluster_g2,20,22,20,22,2,0.5,0.00035,1,1,G2,12.0,16.0,15
synthetic_06665,cluster_g2,4,9,4,9,5,1.25,0.00035,1,1,,4.0,24.0,15
synthetic_06666,cluster_t4,44,45,44,45,1,0.25,7e-05,1,1,,11.3,48.0,15
synthetic_06667,cluster_p100,49,50,49,50,1,0.25,0.00025,1,1,,11.4,47.0,15
synthetic_06668,cluster_p100,94,95,94,95,1,0.25,0.00025,1,1,,16.0,64.0,15
synthetic_06669,cluster_g2,59,64,59,64,5,1.25,0.00035,1,1,,11.4,47.0,15
synthetic_06670,cluster_p100,21,27,21,27,6,1.5,0.00025,1,1,,8.0,29.8017578125,15
synthetic_06671,cluster_p100,67,68,67,68,1,0.25,0.00025,1,1,P100,4.152,10.3515625,15
synthetic_06672,cluster_v100m32,61,62,61,62,1,0.25,0.00025,1,1,P100|V100M16|V100M32,3.152,5.46875,15
synthetic_06673,cluster_g3,11,13,11,13,2,0.5,0.00035,1,1,,6.0,6.0,15
synthetic_06674,cluster_t4,2,5,2,5,3,0.75,7e-05,1,1,T4,24.2,91.0,15
synthetic_06675,cluster_t4,92,94,92,94,2,0.5,7e-05,1,1,T4,11.908,46.0,15
synthetic_06676,cluster_v100m32,30,31,30,31,1,0.25,0.00025,1,1,,3.152,5.46875,15
synthetic_06677,cluster_t4,24,26,24,26,2,0.5,7e-05,1,1,T4,6.0,16.0,15
synthetic_06678,cluster_v100m16,14,15,14,15,1,0.25,0.00025,1,1,,14.2,57.0,15
synthetic_06679,cluster_t4,52,53,52,53,1,0.25,7e-05,1,1,T4,3.152,5.46875,15
synthetic_06680,cluster_g2,91,96,91,96,5,1.25,0.00035,1,1,G2,12.0,15.0,15
synthetic_06681,cluster_g3,64,66,64,66,2,0.5,0.00035,1,1,,4.152,10.3515625,15
synthetic_06682,cluster_g2,47,48,47,48,1,0.25,0.00035,1,1,G2,11.4,76.0,15
synthetic_06683,cluster_t4,4,5,4,5,1,0.25,7e-05,1,1,T4,3.152,5.46875,15
synthetic_06684,cluster_t4,7,8,7,8,1,0.25,7e-05,1,1,T4,3.152,5.46875,15
synthetic_06685,cluster_t4,87,89,87,89,2,0.5,7e-05,1,1,,14.2,57.0,15
synthetic_06686,cluster_g2,75,88,75,88,13,3.25,0.00035,1,1,,8.0,29.8017578125,15
synthetic_06687,cluster_t4,18,19,18,19,1,0.25,7e-05,1,1,T4,3.152,5.46875,15
synthetic_06688,cluster_g2,49,50,49,50,1,0.25,0.00035,1,1,,3.152,5.46875,15
synthetic_06689,cluster_g2,45,46,45,46,1,0.25,0.00035,1,1,G2,11.9,76.0,15
synthetic_06690,cluster_v100m32,90,91,90,91,1,0.25,0.00025,1,1,,4.0,22.3515625,15
synthetic_06691,cluster_g3,75,76,75,76,1,0.25,0.00035,1,1,,18.708,63.0,15
synthetic_06692,cluster_v100m16,73,84,73,84,11,2.75,0.00025,1,1,,12.0,24.0,15
synthetic_06693,cluster_t4,25,27,25,27,2,0.5,7e-05,1,1,T4,16.0,32.0,15
synthetic_06694,cluster_v100m32,95,96,95,96,1,0.25,0.00025,1,1,,11.3,48.0,15
synthetic_06695,cluster_v100m32,86,87,86,87,1,0.25,0.00025,1,1,,3.152,5.46875,15
synthetic_06696,cluster_v100m32,30,31,30,31,1,0.25,0.00025,1,1,,11.3,48.0,15
synthetic_06697,cluster_g3,25,27,25,27,2,0.5,0.00035,1,1,,9.81,40.5859375,15
synthetic_06698,cluster_t4,91,92,91,92,1,0.25,7e-05,1,1,T4,11.3,48.0,15
synthetic_06699,cluster_v100m32,45,46,45,46,1,0.25,0.00025,1,1,,18.708,63.0,15
synthetic_06700,cluster_t4,14,17,14,17,3,0.75,7e-05,1,1,A10|G2|T4|V100M16|V100M32,11.3,48.0,15
synthetic_06701,cluster_p100,70,72,70,72,2,0.5,0.00025,1,1,P100,3.152,5.46875,15
synthetic_06702,cluster_t4,38,39,38,39,1,0.25,7e-05,1,1,,4.0,22.3515625,15
synthetic_06703,cluster_p100,49,50,49,50,1,0.25,0.00025,1,1,,3.152,5.46875,15
synthetic_06704,cluster_p100,15,16,15,16,1,0.25,0.00025,1,1,,3.152,5.46875,15
synthetic_06705,cluster_t4,41,42,41,42,1,0.25,0.00014,2,2,,16.2,65.0,15
synthetic_06706,cluster_v100m32,86,88,86,88,2,0.5,0.00025,1,1,V100M16|V100M32,8.0,32.0,15
synthetic_06707,cluster_v100m16,83,84,83,84,1,0.25,0.00025,1,1,P100|V100M16|V100M32,11.3,48.0,15
synthetic_06708,cluster_g2,20,21,20,21,1,0.25,0.00035,1,1,,3.152,5.46875,15
synthetic_06709,cluster_t4,84,85,84,85,1,0.25,7e-05,1,1,T4,3.152,5.46875,15
synthetic_06710,cluster_v100m32,40,45,40,45,5,1.25,0.00025,1,1,V100M16|V100M32,4.0,24.0,15
synthetic_06711,cluster_g2,69,70,69,70,1,0.25,0.00035,1,1,G2,11.908,46.0,15
synthetic_06712,cluster_g2,78,79,78,79,1,0.25,0.00035,1,1,,11.4,47.0,15
synthetic_06713,cluster_v100m32,36,37,36,37,1,0.25,0.00025,1,1,V100M16|V100M32,11.3,48.0,15
synthetic_06714,cluster_g2,19,20,19,20,1,0.25,0.00035,1,1,,11.908,46.0,15
synthetic_06715,cluster_v100m32,55,57,55,57,2,0.5,0.00025,1,1,,24.2,91.0,15
synthetic_06716,cluster_t4,11,26,11,26,15,3.75,7e-05,1,1,T4,3.152,5.46875,15
synthetic_06717,cluster_v100m16,5,6,5,6,1,0.25,0.00025,1,1,,11.3,48.0,15
synthetic_06718,cluster_p100,0,1,0,1,1,0.25,0.00025,1,1,,3.152,5.46875,15
synthetic_06719,cluster_v100m32,55,56,55,56,1,0.25,0.00025,1,1,,3.152,5.46875,15
synthetic_06720,cluster_t4,17,18,17,18,1,0.25,7e-05,1,1,T4,12.0,16.0,15
synthetic_06721,cluster_v100m16,55,56,55,56,1,0.25,0.00025,1,1,,3.152,5.46875,15
synthetic_06722,cluster_t4,22,23,22,23,1,0.25,7e-05,1,1,,11.3,48.0,15
synthetic_06723,cluster_g3,74,75,74,75,1,0.25,0.00035,1,1,,3.152,5.46875,15
synthetic_06724,cluster_v100m16,5,6,5,6,1,0.25,0.00025,1,1,,11.3,37.0,15
synthetic_06725,cluster_p100,0,5,0,5,5,1.25,0.00025,1,1,,12.0,24.0,15
synthetic_06726,cluster_g2,37,38,37,38,1,0.25,0.00035,1,1,,3.152,5.46875,15
synthetic_06727,cluster_g2,34,38,34,38,4,1.0,0.00035,1,1,,16.4,123.0,15
synthetic_06728,cluster_v100m16,70,71,70,71,1,0.25,0.00025,1,1,P100|T4|V100M16|V100M32,14.2,57.0,15
synthetic_06729,cluster_v100m32,13,14,13,14,1,0.25,0.00025,1,1,,8.0,29.8017578125,15
synthetic_06730,cluster_t4,57,60,57,60,3,0.75,7e-05,1,1,T4,16.0,32.0,15
synthetic_06731,cluster_g3,21,22,21,22,1,0.25,0.00035,1,1,,11.908,46.0,15
synthetic_06732,cluster_v100m32,88,89,88,89,1,0.25,0.002,8,8,,64.2,257.0,15
synthetic_06733,cluster_t4,7,9,7,9,2,0.5,7e-05,1,1,T4,3.152,5.46875,15
synthetic_06734,cluster_p100,58,59,58,59,1,0.25,0.00025,1,1,G2|P100|T4|V100M16|V100M32,11.3,48.0,15
synthetic_06735,cluster_t4,66,68,66,68,2,0.5,7e-05,1,1,T4,11.4,47.0,15
synthetic_06736,cluster_p100,59,64,59,64,5,1.25,0.00025,1,1,,12.0,24.0,15
synthetic_06737,cluster_t4,2,9,2,9,7,1.75,7e-05,1,1,,8.0,29.8017578125,15
synthetic_06738,cluster_t4,0,2,0,2,2,0.5,7e-05,1,1,T4,12.0,16.0,15
synthetic_06739,cluster_v100m16,86,92,86,92,6,1.5,0.00025,1,1,,8.0,16.0,15
synthetic_06740,cluster_v100m16,82,85,82,85,3,0.75,0.00025,1,1,,15.7,57.0,15
synthetic_06741,cluster_v100m16,72,85,72,85,13,3.25,0.00025,1,1,,9.81,40.5859375,15
synthetic_06742,cluster_p100,17,18,17,18,1,0.25,0.00025,1,1,,3.152,5.46875,15
synthetic_06743,cluster_p100,28,29,28,29,1,0.25,0.00025,1,1,,8.0,32.0,15
synthetic_06744,cluster_g3,31,38,31,38,7,1.75,0.00035,1,1,,4.0,14.900390625,15
synthetic_06745,cluster_v100m32,4,9,4,9,5,1.25,0.00025,1,1,,4.0,24.0,15
synthetic_06746,cluster_g2,26,38,26,38,12,3.0,0.00035,1,1,G2,11.3,37.0,15
synthetic_06747,cluster_v100m32,10,12,10,12,2,0.5,0.00025,1,1,,14.2,57.0,15
synthetic_06748,cluster_t4,31,32,31,32,1,0.25,7e-05,1,1,,3.152,5.46875,15
synthetic_06749,cluster_t4,29,30,29,30,1,0.25,7e-05,1,1,T4,8.0,29.8017578125,15
synthetic_06750,cluster_g2,12,13,12,13,1,0.25,0.00035,1,1,,3.152,5.46875,15
synthetic_06751,cluster_v100m16,76,78,76,78,2,0.5,0.00025,1,1,,9.81,40.5859375,15
synthetic_06752,cluster_v100m32,22,23,22,23,1,0.25,0.00025,1,1,,8.0,29.8017578125,15
synthetic_06753,cluster_p100,38,39,38,39,1,0.25,0.00025,1,1,P100,11.908,46.0,15
synthetic_06754,cluster_p100,91,92,91,92,1,0.25,0.00025,1,1,,4.152,10.3515625,15
synthetic_06755,cluster_p100,7,10,7,10,3,0.75,0.00025,1,1,P100,4.0,29.8017578125,15
synthetic_06756,cluster_t4,73,74,73,74,1,0.25,7e-05,1,1,,3.152,5.46875,15
synthetic_06757,cluster_t4,32,34,32,34,2,0.5,7e-05,1,1,,8.0,29.8017578125,15
synthetic_06758,cluster_p100,42,43,42,43,1,0.25,0.00025,1,1,,3.152,5.46875,15
synthetic_06759,cluster_g2,90,92,90,92,2,0.5,0.00035,1,1,,4.152,10.3515625,15
synthetic_06760,cluster_p100,48,49,48,49,1,0.25,0.00025,1,1,,11.4,47.0,15
synthetic_06761,cluster_g3,66,67,66,67,1,0.25,0.00035,1,1,G3,18.708,63.0,15
synthetic_06762,cluster_t4,39,49,39,49,10,2.5,7e-05,1,1,T4,8.0,29.8017578125,15
synthetic_06763,cluster_t4,62,64,62,64,2,0.5,7e-05,1,1,T4,4.0,24.0,15
synthetic_06764,cluster_p100,19,20,19,20,1,0.25,0.00025,1,1,,8.0,29.8017578125,15
synthetic_06765,cluster_g3,27,28,27,28,1,0.25,0.00035,1,1,,3.152,5.46875,15
synthetic_06766,cluster_g3,33,34,33,34,1,0.25,0.00035,1,1,G3,8.0,16.0,15
synthetic_06767,cluster_t4,0,1,0,1,1,0.25,7e-05,1,1,T4,11.3,48.0,15
synthetic_06768,cluster_v100m32,12,13,12,13,1,0.25,0.00025,1,1,,11.3,48.0,15
synthetic_06769,cluster_g2,5,8,5,8,3,0.75,0.00035,1,1,,16.0,64.0,15
synthetic_06770,cluster_t4,63,64,63,64,1,0.25,7e-05,1,1,T4,4.0,29.8017578125,15
synthetic_06771,cluster_v100m16,50,52,50,52,2,0.5,0.00025,1,1,,11.3,48.0,15
synthetic_06772,cluster_g2,60,61,60,61,1,0.25,0.00035,1,1,,3.152,5.46875,15
synthetic_06773,cluster_g2,51,53,51,53,2,0.5,0.00035,1,1,,11.908,46.0,15
synthetic_06774,cluster_g2,33,34,33,34,1,0.25,0.00035,1,1,,3.152,5.46875,15
synthetic_06775,cluster_v100m16,16,17,16,17,1,0.25,0.00025,1,1,,18.708,63.0,15
synthetic_06776,cluster_t4,82,83,82,83,1,0.25,7e-05,1,1,T4,11.3,48.0,15
synthetic_06777,cluster_g3,64,65,64,65,1,0.25,0.00035,1,1,,11.4,47.0,15
synthetic_06778,cluster_p100,44,46,44,46,2,0.5,0.00025,1,1,,14.2,57.0,15
synthetic_06779,cluster_g2,21,23,21,23,2,0.5,0.00035,1,1,,3.152,5.46875,15
synthetic_06780,cluster_p100,80,81,80,81,1,0.25,0.00025,1,1,,3.152,5.46875,15
synthetic_06781,cluster_t4,7,8,7,8,1,0.25,7e-05,1,1,T4,24.2,91.0,15
synthetic_06782,cluster_t4,72,73,72,73,1,0.25,7e-05,1,1,T4,18.708,63.0,15
synthetic_06783,cluster_v100m32,87,88,87,88,1,0.25,0.00025,1,1,,3.152,5.46875,15
synthetic_06784,cluster_g2,16,17,16,17,1,0.25,0.00035,1,1,,3.152,5.46875,15
synthetic_06785,cluster_t4,33,36,33,36,3,0.75,7e-05,1,1,T4,11.3,48.0,15
synthetic_06786,cluster_g2,68,70,68,70,2,0.5,0.00035,1,1,,11.3,48.0,15
synthetic_06787,cluster_v100m16,25,26,25,26,1,0.25,0.00025,1,1,,11.3,48.0,15
synthetic_06788,cluster_g3,94,95,94,95,1,0.25,0.00035,1,1,,3.152,5.46875,15
synthetic_06789,cluster_t4,49,50,49,50,1,0.25,7e-05,1,1,T4,3.152,5.46875,15
synthetic_06790,cluster_v100m32,95,96,95,96,1,0.25,0.00025,1,1,,3.152,5.46875,15
synthetic_06791,cluster_t4,90,92,90,92,2,0.5,7e-05,1,1,T4,4.0,14.900390625,15
synthetic_06792,cluster_v100m16,59,60,59,60,1,0.25,0.00025,1,1,,3.152,5.46875,15
synthetic_06793,cluster_g3,34,35,34,35,1,0.25,0.00035,1,1,,24.2,91.0,15
synthetic_06794,cluster_g3,20,21,20,21,1,0.25,0.00035,1,1,,11.3,48.0,15
synthetic_06795,cluster_g3,22,23,22,23,1,0.25,0.00035,1,1,,3.152,5.46875,15
synthetic_06796,cluster_p100,47,50,47,50,3,0.75,0.00025,1,1,P100,4.0,29.8017578125,15
synthetic_06797,cluster_t4,10,12,10,12,2,0.5,7e-05,1,1,T4,3.152,5.46875,15
synthetic_06798,cluster_t4,64,69,64,69,5,1.25,7e-05,1,1,,11.4,47.0,15
synthetic_06799,cluster_p100,63,64,63,64,1,0.25,0.00025,1,1,P100,3.152,5.46875,15
synthetic_06800,cluster_t4,84,86,84,86,2,0.5,7e-05,1,1,T4,3.152,5.46875,15
synthetic_06801,cluster_t4,90,93,90,93,3,0.75,7e-05,1,1,T4,11.908,46.0,15
synthetic_06802,cluster_g2,47,48,47,48,1,0.25,0.00035,1,1,,3.152,5.46875,15
synthetic_06803,cluster_t4,47,48,47,48,1,0.25,7e-05,1,1,T4,11.3,48.0,15
synthetic_06804,cluster_v100m32,8,9,8,9,1,0.25,0.00025,1,1,,4.152,10.3515625,15
synthetic_06805,cluster_p100,1,2,1,2,1,0.25,0.00025,1,1,,11.3,48.0,15
synthetic_06806,cluster_t4,72,74,72,74,2,0.5,7e-05,1,1,T4,12.0,16.0,15
synthetic_06807,cluster_p100,90,91,90,91,1,0.25,0.00025,1,1,,3.152,5.46875,15
synthetic_06808,cluster_v100m32,9,10,9,10,1,0.25,0.00025,1,1,,3.152,5.46875,15
synthetic_06809,cluster_v100m16,28,29,28,29,1,0.25,0.00025,1,1,,3.152,5.46875,15
synthetic_06810,cluster_g2,21,22,21,22,1,0.25,0.00035,1,1,,3.152,5.46875,15
synthetic_06811,cluster_v100m32,16,17,16,17,1,0.25,0.00025,1,1,,9.81,40.5859375,15
synthetic_06812,cluster_v100m16,41,42,41,42,1,0.25,0.00025,1,1,,8.0,29.8017578125,15
synthetic_06813,cluster_v100m32,63,75,63,75,12,3.0,0.00025,1,1,,4.152,10.3515625,15
synthetic_06814,cluster_t4,9,10,9,10,1,0.25,7e-05,1,1,T4,6.0,22.3515625,15
synthetic_06815,cluster_p100,11,12,11,12,1,0.25,0.00025,1,1,,11.3,48.0,15
synthetic_06816,cluster_g3,24,25,24,25,1,0.25,0.00035,1,1,,8.0,29.8017578125,15
synthetic_06817,cluster_g2,51,53,51,53,2,0.5,0.00035,1,1,,8.0,29.8017578125,15
synthetic_06818,cluster_v100m32,45,46,45,46,1,0.25,0.00025,1,1,,3.152,5.46875,15
synthetic_06819,cluster_g3,8,10,8,10,2,0.5,0.00035,1,1,,11.908,46.0,15
synthetic_06820,cluster_t4,38,39,38,39,1,0.25,7e-05,1,1,,3.152,5.46875,15
synthetic_06821,cluster_t4,70,75,70,75,5,1.25,7e-05,1,1,A10|G2|T4|V100M16|V100M32,4.0,24.0,15
synthetic_06822,cluster_g2,15,17,15,17,2,0.5,0.00035,1,1,,11.4,47.0,15
synthetic_06823,cluster_v100m32,43,44,43,44,1,0.25,0.00025,1,1,V100M16|V100M32,3.152,5.46875,15
synthetic_06824,cluster_t4,48,53,48,53,5,1.25,7e-05,1,1,T4,4.0,24.0,15
synthetic_06825,cluster_p100,64,67,64,67,3,0.75,0.00025,1,1,P100,11.908,46.0,15
synthetic_06826,cluster_v100m32,91,92,91,92,1,0.25,0.00025,1,1,,3.152,5.46875,15
synthetic_06827,cluster_t4,86,87,86,87,1,0.25,7e-05,1,1,T4,4.0,14.900390625,15
synthetic_06828,cluster_g2,28,29,28,29,1,0.25,0.00035,1,1,,3.152,5.46875,15
synthetic_06829,cluster_v100m16,72,73,72,73,1,0.25,0.00025,1,1,,18.708,63.0,15
synthetic_06830,cluster_v100m32,16,17,16,17,1,0.25,0.00025,1,1,,4.0,22.3515625,15
synthetic_06831,cluster_t4,31,38,31,38,7,1.75,7e-05,1,1,,11.4,47.0,15
synthetic_06832,cluster_t4,68,69,68,69,1,0.25,7e-05,1,1,T4,11.4,47.0,15
synthetic_06833,cluster_g2,21,26,21,26,5,1.25,0.00035,1,1,G2,4.0,24.0,15
synthetic_06834,cluster_p100,81,86,81,86,5,1.25,0.00025,1,1,,4.0,24.0,15
synthetic_06835,cluster_v100m16,71,72,71,72,1,0.25,0.00025,1,1,,3.152,5.46875,15
synthetic_06836,cluster_t4,48,49,48,49,1,0.25,7e-05,1,1,T4,4.0,14.900390625,15
synthetic_06837,cluster_t4,71,72,71,72,1,0.25,7e-05,1,1,T4,3.152,5.46875,15
synthetic_06838,cluster_t4,27,28,27,28,1,0.25,7e-05,1,1,,11.908,46.0,15
synthetic_06839,cluster_g2,56,57,56,57,1,0.25,0.00035,1,1,,4.152,10.3515625,15
synthetic_06840,cluster_g3,36,37,36,37,1,0.25,0.00035,1,1,,11.908,46.0,15
synthetic_06841,cluster_v100m32,11,15,11,15,4,1.0,0.00025,1,1,,11.4,47.0,15
synthetic_06842,cluster_t4,18,19,18,19,1,0.25,7e-05,1,1,,4.0,29.8017578125,15
synthetic_06843,cluster_g3,20,32,20,32,12,3.0,0.00035,1,1,,4.0,22.3515625,15
synthetic_06844,cluster_p100,86,88,86,88,2,0.5,0.00025,1,1,,3.152,5.46875,15
synthetic_06845,cluster_p100,1,2,1,2,1,0.25,0.00025,1,1,P100,8.0,29.8017578125,15
synthetic_06846,cluster_v100m16,91,92,91,92,1,0.25,0.00025,1,1,,4.0,14.900390625,15
synthetic_06847,cluster_g3,76,79,76,79,3,0.75,0.00035,1,1,G3,11.4,47.0,15
synthetic_06848,cluster_t4,1,5,1,5,4,1.0,7e-05,1,1,,4.0,30.517578125,15
synthetic_06849,cluster_t4,44,47,44,47,3,0.75,7e-05,1,1,T4,15.7,57.0,15
synthetic_06850,cluster_p100,40,41,40,41,1,0.25,0.00025,1,1,,11.3,48.0,15
synthetic_06851,cluster_t4,46,61,46,61,15,3.75,7e-05,1,1,,11.908,46.0,15
synthetic_06852,cluster_t4,43,44,43,44,1,0.25,7e-05,1,1,T4,4.152,10.3515625,15
synthetic_06853,cluster_p100,86,87,86,87,1,0.25,0.00025,1,1,,11.3,48.0,15
synthetic_06854,cluster_v100m32,33,36,33,36,3,0.75,0.00025,1,1,,16.0,32.0,15
synthetic_06855,cluster_t4,63,64,63,64,1,0.25,7e-05,1,1,T4,11.3,48.0,15
synthetic_06856,cluster_v100m32,5,6,5,6,1,0.25,0.00025,1,1,,11.3,48.0,15
synthetic_06857,cluster_v100m32,49,53,49,53,4,1.0,0.00025,1,1,,4.0,29.8017578125,15
synthetic_06858,cluster_p100,26,27,26,27,1,0.25,0.00025,1,1,P100,3.152,5.46875,15
synthetic_06859,cluster_t4,83,86,83,86,3,0.75,7e-05,1,1,T4,11.9,76.0,15
synthetic_06860,cluster_g3,6,7,6,7,1,0.25,0.00035,1,1,,8.0,29.8017578125,15
synthetic_06861,cluster_v100m16,3,4,3,4,1,0.25,0.00025,1,1,,3.152,5.46875,15
synthetic_06862,cluster_t4,41,42,41,42,1,0.25,7e-05,1,1,T4,12.0,24.0,15
synthetic_06863,cluster_t4,84,85,84,85,1,0.25,7e-05,1,1,T4,11.3,48.0,15
synthetic_06864,cluster_g3,16,17,16,17,1,0.25,0.00035,1,1,,3.152,5.46875,15
synthetic_06865,cluster_g3,77,78,77,78,1,0.25,0.00035,1,1,,3.152,5.46875,15
synthetic_06866,cluster_v100m32,89,90,89,90,1,0.25,0.00025,1,1,,11.4,47.0,15
synthetic_06867,cluster_t4,56,57,56,57,1,0.25,7e-05,1,1,T4,3.152,5.46875,15
synthetic_06868,cluster_t4,66,67,66,67,1,0.25,7e-05,1,1,T4,3.152,5.46875,15
synthetic_06869,cluster_v100m32,65,69,65,69,4,1.0,0.00025,1,1,,11.3,48.0,15
synthetic_06870,cluster_v100m32,37,38,37,38,1,0.25,0.00025,1,1,G2|P100|T4|V100M16|V100M32,11.9,42.0,15
synthetic_06871,cluster_v100m32,68,84,68,84,16,4.0,0.00025,1,1,,8.0,29.8017578125,15
synthetic_06872,cluster_p100,18,21,18,21,3,0.75,0.00025,1,1,P100|V100M16|V100M32,11.4,47.0,15
synthetic_06873,cluster_t4,2,4,2,4,2,0.5,7e-05,1,1,T4,11.4,47.0,15
synthetic_06874,cluster_v100m32,3,4,3,4,1,0.25,0.00025,1,1,,3.152,5.46875,15
synthetic_06875,cluster_v100m32,15,16,15,16,1,0.25,0.00025,1,1,V100M16|V100M32,3.152,5.46875,15
synthetic_06876,cluster_t4,95,96,95,96,1,0.25,7e-05,1,1,T4,3.152,5.46875,15
synthetic_06877,cluster_p100,10,11,10,11,1,0.25,0.00025,1,1,,9.4,51.0,15
synthetic_06878,cluster_p100,31,32,31,32,1,0.25,0.00025,1,1,P100,3.152,5.46875,15
synthetic_06879,cluster_p100,62,64,62,64,2,0.5,0.00025,1,1,,15.7,57.0,15
synthetic_06880,cluster_g2,74,77,74,77,3,0.75,0.00035,1,1,,11.4,47.0,15
synthetic_06881,cluster_t4,27,28,27,28,1,0.25,7e-05,1,1,T4,3.152,5.46875,15
synthetic_06882,cluster_p100,1,2,1,2,1,0.25,0.00025,1,1,,3.152,5.46875,15
synthetic_06883,cluster_t4,60,62,60,62,2,0.5,7e-05,1,1,,4.0,24.0,15
synthetic_06884,cluster_g3,56,57,56,57,1,0.25,0.00035,1,1,,3.152,5.46875,15
synthetic_06885,cluster_v100m16,29,31,29,31,2,0.5,0.00025,1,1,,11.908,46.0,15
synthetic_06886,cluster_g2,9,10,9,10,1,0.25,0.00035,1,1,,3.152,5.46875,15
synthetic_06887,cluster_g3,68,76,68,76,8,2.0,0.00035,1,1,,11.4,47.0,15
synthetic_06888,cluster_v100m32,40,41,40,41,1,0.25,0.00025,1,1,,11.4,76.0,15
synthetic_06889,cluster_g2,17,18,17,18,1,0.25,0.00035,1,1,,11.3,48.0,15
synthetic_06890,cluster_v100m32,53,54,53,54,1,0.25,0.00025,1,1,,3.152,5.46875,15
synthetic_06891,cluster_t4,40,41,40,41,1,0.25,7e-05,1,1,T4,3.152,5.46875,15
synthetic_06892,cluster_g2,54,55,54,55,1,0.25,0.00035,1,1,,3.152,5.46875,15
synthetic_06893,cluster_g3,65,66,65,66,1,0.25,0.00035,1,1,,11.4,47.0,15
synthetic_06894,cluster_v100m16,67,70,67,70,3,0.75,0.00025,1,1,,15.7,57.0,15
synthetic_06895,cluster_g3,15,16,15,16,1,0.25,0.00035,1,1,,15.7,57.0,15
synthetic_06896,cluster_g3,37,38,37,38,1,0.25,0.00035,1,1,,3.152,5.46875,15
synthetic_06897,cluster_v100m16,9,10,9,10,1,0.25,0.00025,1,1,,8.0,29.8017578125,15
synthetic_06898,cluster_t4,85,86,85,86,1,0.25,7e-05,1,1,,4.152,10.3515625,15
synthetic_06899,cluster_t4,12,14,12,14,2,0.5,7e-05,1,1,,3.152,5.46875,15
synthetic_06900,cluster_t4,88,89,88,89,1,0.25,7e-05,1,1,T4,11.908,46.0,15
synthetic_06901,cluster_t4,82,83,82,83,1,0.25,7e-05,1,1,T4,8.0,29.8017578125,15
synthetic_06902,cluster_g2,39,40,39,40,1,0.25,0.00035,1,1,G2,9.81,40.5859375,15
synthetic_06903,cluster_g2,92,93,92,93,1,0.25,0.00035,1,1,G2,11.908,46.0,15
synthetic_06904,cluster_t4,50,51,50,51,1,0.25,7e-05,1,1,T4,11.3,48.0,15
synthetic_06905,cluster_t4,84,85,84,85,1,0.25,7e-05,1,1,T4,3.152,5.46875,15
synthetic_06906,cluster_g2,58,63,58,63,5,1.25,0.00035,1,1,G2,11.4,47.0,15
synthetic_06907,cluster_t4,2,3,2,3,1,0.25,7e-05,1,1,,4.0,29.8017578125,15
synthetic_06908,cluster_p100,72,73,72,73,1,0.25,0.00025,1,1,,14.2,57.0,15
synthetic_06909,cluster_v100m16,65,75,65,75,10,2.5,0.00025,1,1,,12.0,24.0,15
synthetic_06910,cluster_p100,54,58,54,58,4,1.0,0.00025,1,1,,8.0,16.0,15
synthetic_06911,cluster_t4,84,85,84,85,1,0.25,7e-05,1,1,T4,11.3,48.0,15
synthetic_06912,cluster_g2,43,44,43,44,1,0.25,0.00035,1,1,G2,18.708,63.0,15
synthetic_06913,cluster_t4,5,10,5,10,5,1.25,7e-05,1,1,,11.4,47.0,15
synthetic_06914,cluster_v100m32,39,40,39,40,1,0.25,0.00025,1,1,,8.0,29.8017578125,15
synthetic_06915,cluster_t4,49,51,49,51,2,0.5,7e-05,1,1,,3.152,5.46875,15
synthetic_06916,cluster_v100m16,60,61,60,61,1,0.25,0.00025,1,1,,3.152,5.46875,15
synthetic_06917,cluster_p100,33,34,33,34,1,0.25,0.00025,1,1,,3.152,5.46875,15
synthetic_06918,cluster_t4,70,72,70,72,2,0.5,7e-05,1,1,,1.0,6.0,15
synthetic_06919,cluster_g2,69,71,69,71,2,0.5,0.00035,1,1,A10|G2|T4|V100M16|V100M32,11.3,48.0,15
synthetic_06920,cluster_g2,38,49,38,49,11,2.75,0.00035,1,1,G2,14.9,72.0,15
synthetic_06921,cluster_g2,19,20,19,20,1,0.25,0.00035,1,1,,11.3,48.0,15
synthetic_06922,cluster_t4,27,28,27,28,1,0.25,7e-05,1,1,T4,3.152,5.46875,15
synthetic_06923,cluster_v100m32,3,4,3,4,1,0.25,0.00025,1,1,,3.152,5.46875,15
synthetic_06924,cluster_t4,43,44,43,44,1,0.25,7e-05,1,1,T4,11.3,48.0,15
synthetic_06925,cluster_g3,31,40,31,40,9,2.25,0.00035,1,1,,16.0,64.0,15
synthetic_06926,cluster_t4,36,41,36,41,5,1.25,7e-05,1,1,T4,11.908,46.0,15
synthetic_06927,cluster_p100,49,51,49,51,2,0.5,0.00025,1,1,P100|V100M16|V100M32,9.4,51.0,15
synthetic_06928,cluster_t4,1,2,1,2,1,0.25,7e-05,1,1,T4,3.152,5.46875,15
synthetic_06929,cluster_v100m32,23,26,23,26,3,0.75,0.00025,1,1,,4.0,14.900390625,15
synthetic_06930,cluster_p100,39,40,39,40,1,0.25,0.00025,1,1,,4.152,10.3515625,15
synthetic_06931,cluster_t4,28,29,28,29,1,0.25,7e-05,1,1,T4,8.0,29.8017578125,15
synthetic_06932,cluster_p100,24,26,24,26,2,0.5,0.00025,1,1,,11.908,46.0,15
synthetic_06933,cluster_v100m16,44,45,44,45,1,0.25,0.00025,1,1,,3.152,5.46875,15
synthetic_06934,cluster_v100m16,85,88,85,88,3,0.75,0.00025,1,1,,8.0,16.0,15
synthetic_06935,cluster_t4,41,42,41,42,1,0.25,7e-05,1,1,T4,3.152,5.46875,15
synthetic_06936,cluster_t4,81,82,81,82,1,0.25,7e-05,1,1,,3.152,5.46875,15
synthetic_06937,cluster_t4,56,58,56,58,2,0.5,7e-05,1,1,T4,4.152,10.3515625,15
synthetic_06938,cluster_g3,27,36,27,36,9,2.25,0.00035,1,1,G3,16.0,64.0,15
synthetic_06939,cluster_p100,27,32,27,32,5,1.25,0.00025,1,1,P100,4.0,14.900390625,15
synthetic_06940,cluster_v100m16,64,65,64,65,1,0.25,0.00025,1,1,,3.152,5.46875,15
synthetic_06941,cluster_t4,74,84,74,84,10,2.5,7e-05,1,1,,4.0,14.900390625,15
synthetic_06942,cluster_g3,32,38,32,38,6,1.5,0.00035,1,1,,11.3,48.0,15
synthetic_06943,cluster_p100,48,49,48,49,1,0.25,0.00025,1,1,,11.3,48.0,15
synthetic_06944,cluster_g2,58,60,58,60,2,0.5,0.00035,1,1,,3.152,5.46875,15
synthetic_06945,cluster_p100,1,3,1,3,2,0.5,0.00025,1,1,,3.152,5.46875,15
synthetic_06946,cluster_v100m16,54,66,54,66,12,3.0,0.00025,1,1,,8.0,29.8017578125,15
synthetic_06947,cluster_v100m32,20,21,20,21,1,0.25,0.00025,1,1,,11.3,37.0,15
synthetic_06948,cluster_p100,65,66,65,66,1,0.25,0.00025,1,1,,11.3,48.0,15
synthetic_06949,cluster_g2,79,80,79,80,1,0.25,0.00035,1,1,,3.152,5.46875,15
synthetic_06950,cluster_g2,63,64,63,64,1,0.25,0.00035,1,1,,11.3,48.0,15
synthetic_06951,cluster_g2,30,31,30,31,1,0.25,0.00035,1,1,,3.152,5.46875,15
synthetic_06952,cluster_t4,71,73,71,73,2,0.5,7e-05,1,1,T4,4.0,14.900390625,15
synthetic_06953,cluster_t4,58,60,58,60,2,0.5,7e-05,1,1,T4,11.3,48.0,15
synthetic_06954,cluster_t4,79,80,79,80,1,0.25,7e-05,1,1,T4,3.152,5.46875,15
synthetic_06955,cluster_t4,73,75,73,75,2,0.5,7e-05,1,1,T4,6.0,18.0,15
synthetic_06956,cluster_v100m16,30,35,30,35,5,1.25,0.00025,1,1,,4.0,24.0,15
synthetic_06957,cluster_p100,54,55,54,55,1,0.25,0.00025,1,1,,11.3,48.0,15
synthetic_06958,cluster_t4,36,40,36,40,4,1.0,7e-05,1,1,,11.908,46.0,15
synthetic_06959,cluster_g2,38,39,38,39,1,0.25,0.00035,1,1,G2,3.152,5.46875,15
synthetic_06960,cluster_p100,47,48,47,48,1,0.25,0.00025,1,1,P100|V100M16,11.3,48.0,15
synthetic_06961,cluster_v100m32,74,76,74,76,2,0.5,0.00025,1,1,A10|G2|T4|V100M16|V100M32,11.4,47.0,15
synthetic_06962,cluster_p100,70,72,70,72,2,0.5,0.00025,1,1,,14.2,57.0,15
synthetic_06963,cluster_t4,71,72,71,72,1,0.25,7e-05,1,1,T4,8.0,16.0,15
synthetic_06964,cluster_t4,86,89,86,89,3,0.75,7e-05,1,1,T4,11.3,48.0,15
synthetic_06965,cluster_g2,15,17,15,17,2,0.5,0.00035,1,1,,24.2,91.0,15
synthetic_06966,cluster_v100m32,39,40,39,40,1,0.25,0.00025,1,1,,4.0,29.8017578125,15
synthetic_06967,cluster_v100m32,52,53,52,53,1,0.25,0.00025,1,1,,8.0,32.0,15
synthetic_06968,cluster_t4,5,7,5,7,2,0.5,7e-05,1,1,,11.3,48.0,15
synthetic_06969,cluster_v100m16,91,92,91,92,1,0.25,0.00025,1,1,,3.152,5.46875,15
synthetic_06970,cluster_g2,42,44,42,44,2,0.5,0.00035,1,1,,4.152,10.3515625,15
synthetic_06971,cluster_v100m32,35,37,35,37,2,0.5,0.00025,1,1,,24.2,91.0,15
synthetic_06972,cluster_t4,28,29,28,29,1,0.25,7e-05,1,1,,3.152,5.46875,15
synthetic_06973,cluster_t4,36,37,36,37,1,0.25,7e-05,1,1,,11.3,48.0,15
synthetic_06974,cluster_g2,69,70,69,70,1,0.25,0.00035,1,1,,3.152,5.46875,15
synthetic_06975,cluster_p100,7,8,7,8,1,0.25,0.00025,1,1,,3.152,5.46875,15
synthetic_06976,cluster_v100m16,60,61,60,61,1,0.25,0.00025,1,1,,3.152,5.46875,15
synthetic_06977,cluster_t4,46,47,46,47,1,0.25,7e-05,1,1,T4,11.908,46.0,15
synthetic_06978,cluster_g3,53,56,53,56,3,0.75,0.00035,1,1,,9.81,40.5859375,15
synthetic_06979,cluster_t4,51,52,51,52,1,0.25,7e-05,1,1,,15.7,57.0,15
synthetic_06980,cluster_g3,13,14,13,14,1,0.25,0.00035,1,1,,3.152,5.46875,15
synthetic_06981,cluster_g2,36,38,36,38,2,0.5,0.00035,1,1,,16.0,32.0,15
synthetic_06982,cluster_v100m32,3,9,3,9,6,1.5,0.00025,1,1,,4.0,22.3515625,15
synthetic_06983,cluster_t4,0,1,0,1,1,0.25,7e-05,1,1,T4,3.152,5.46875,15
synthetic_06984,cluster_g3,62,63,62,63,1,0.25,0.00035,1,1,,3.152,5.46875,15
synthetic_06985,cluster_g2,22,28,22,28,6,1.5,0.00035,1,1,,8.0,29.8017578125,15
synthetic_06986,cluster_p100,4,5,4,5,1,0.25,0.00025,1,1,,3.152,5.46875,15
synthetic_06987,cluster_t4,6,7,6,7,1,0.25,7e-05,1,1,T4,3.152,5.46875,15
synthetic_06988,cluster_g2,34,36,34,36,2,0.5,0.00035,1,1,,11.3,48.0,15
synthetic_06989,cluster_v100m16,58,68,58,68,10,2.5,0.00025,1,1,,4.0,22.3515625,15
synthetic_06990,cluster_t4,83,84,83,84,1,0.25,7e-05,1,1,,11.3,48.0,15
synthetic_06991,cluster_g3,16,17,16,17,1,0.25,0.00035,1,1,,16.4,123.0,15
synthetic_06992,cluster_g3,74,80,74,80,6,1.5,0.00035,1,1,,4.0,22.3515625,15
synthetic_06993,cluster_t4,46,47,46,47,1,0.25,7e-05,1,1,T4,11.908,46.0,15
synthetic_06994,cluster_g2,70,71,70,71,1,0.25,0.00035,1,1,,11.4,47.0,15
synthetic_06995,cluster_g3,95,96,95,96,1,0.25,0.00035,1,1,,3.152,5.46875,15
synthetic_06996,cluster_g2,16,26,16,26,10,2.5,0.00035,1,1,,8.0,16.0,15
synthetic_06997,cluster_g2,67,69,67,69,2,0.5,0.00035,1,1,A10|G2|T4|V100M16|V100M32,8.0,32.0,15
synthetic_06998,cluster_t4,94,95,94,95,1,0.25,7e-05,1,1,T4,3.152,5.46875,15
synthetic_06999,cluster_v100m32,0,1,0,1,1,0.25,0.00025,1,1,,11.3,48.0,15
synthetic_07000,cluster_t4,76,77,76,77,1,0.25,7e-05,1,1,T4,3.152,5.46875,15
synthetic_07001,cluster_v100m32,7,8,7,8,1,0.25,0.00025,1,1,,4.152,10.3515625,15
synthetic_07002,cluster_t4,73,74,73,74,1,0.25,7e-05,1,1,T4,3.152,5.46875,15
synthetic_07003,cluster_g3,41,42,41,42,1,0.25,0.00035,1,1,,11.3,48.0,15
synthetic_07004,cluster_g3,31,32,31,32,1,0.25,0.00035,1,1,,11.908,46.0,15
synthetic_07005,cluster_p100,9,11,9,11,2,0.5,0.00025,1,1,P100,3.152,5.46875,15
synthetic_07006,cluster_t4,51,53,51,53,2,0.5,7e-05,1,1,,11.908,46.0,15
synthetic_07007,cluster_v100m16,57,62,57,62,5,1.25,0.00025,1,1,,11.908,46.0,15
synthetic_07008,cluster_g2,57,58,57,58,1,0.25,0.00035,1,1,,11.3,48.0,15
synthetic_07009,cluster_t4,92,95,92,95,3,0.75,7e-05,1,1,T4,16.0,32.0,15
synthetic_07010,cluster_v100m16,69,79,69,79,10,2.5,0.00025,1,1,,8.2,33.0,15
synthetic_07011,cluster_t4,60,63,60,63,3,0.75,7e-05,1,1,,4.152,10.3515625,15
synthetic_07012,cluster_p100,17,22,17,22,5,1.25,0.00025,1,1,P100|V100M16|V100M32,4.0,24.0,15
synthetic_07013,cluster_t4,32,33,32,33,1,0.25,7e-05,1,1,,3.152,5.46875,15
synthetic_07014,cluster_v100m32,48,49,48,49,1,0.25,0.00025,1,1,,18.708,63.0,15
synthetic_07015,cluster_g3,79,80,79,80,1,0.25,0.00035,1,1,,11.4,47.0,15
synthetic_07016,cluster_t4,10,11,10,11,1,0.25,7e-05,1,1,T4,3.152,5.46875,15
synthetic_07017,cluster_g2,15,16,15,16,1,0.25,0.00035,1,1,G2,24.2,91.0,15
synthetic_07018,cluster_p100,10,11,10,11,1,0.25,0.00025,1,1,,3.152,5.46875,15
synthetic_07019,cluster_g3,19,22,19,22,3,0.75,0.00035,1,1,,4.152,10.3515625,15
synthetic_07020,cluster_v100m32,82,83,82,83,1,0.25,0.00025,1,1,,3.152,5.46875,15
synthetic_07021,cluster_v100m16,48,50,48,50,2,0.5,0.00025,1,1,,3.152,5.46875,15
synthetic_07022,cluster_g2,13,16,13,16,3,0.75,0.00035,1,1,,11.4,47.0,15
synthetic_07023,cluster_v100m32,12,13,12,13,1,0.25,0.00025,1,1,,3.152,5.46875,15
synthetic_07024,cluster_t4,59,60,59,60,1,0.25,7e-05,1,1,,4.152,10.3515625,15
synthetic_07025,cluster_g2,22,23,22,23,1,0.25,0.00035,1,1,,11.908,46.0,15
synthetic_07026,cluster_g2,40,42,40,42,2,0.5,0.00035,1,1,,3.152,5.46875,15
synthetic_07027,cluster_v100m16,43,44,43,44,1,0.25,0.00025,1,1,,4.0,24.0,15
synthetic_07028,cluster_g2,78,79,78,79,1,0.25,0.00035,1,1,,11.3,48.0,15
synthetic_07029,cluster_t4,2,3,2,3,1,0.25,7e-05,1,1,,11.4,47.0,15
synthetic_07030,cluster_g3,85,87,85,87,2,0.5,0.00035,1,1,,11.3,48.0,15
synthetic_07031,cluster_t4,31,32,31,32,1,0.25,7e-05,1,1,T4,4.152,10.3515625,15
synthetic_07032,cluster_g2,21,23,21,23,2,0.5,0.00035,1,1,,11.908,46.0,15
synthetic_07033,cluster_t4,15,18,15,18,3,0.75,7e-05,1,1,T4,11.4,47.0,15
synthetic_07034,cluster_v100m32,90,92,90,92,2,0.5,0.00025,1,1,,8.2,33.0,15
synthetic_07035,cluster_g2,10,12,10,12,2,0.5,0.00035,1,1,,11.4,47.0,15
synthetic_07036,cluster_v100m16,48,49,48,49,1,0.25,0.00025,1,1,V100M16|V100M32,15.7,57.0,15
synthetic_07037,cluster_t4,11,12,11,12,1,0.25,7e-05,1,1,T4,11.3,48.0,15
synthetic_07038,cluster_t4,41,42,41,42,1,0.25,7e-05,1,1,,11.3,48.0,15
synthetic_07039,cluster_v100m16,61,62,61,62,1,0.25,0.00025,1,1,,11.4,47.0,15
synthetic_07040,cluster_v100m32,85,86,85,86,1,0.25,0.00025,1,1,,18.708,63.0,15
synthetic_07041,cluster_t4,46,54,46,54,8,2.0,7e-05,1,1,T4,4.0,14.900390625,15
synthetic_07042,cluster_t4,0,8,0,8,8,2.0,7e-05,1,1,,6.0,22.3515625,15
synthetic_07043,cluster_g2,78,79,78,79,1,0.25,0.00035,1,1,G2,3.152,5.46875,15
synthetic_07044,cluster_t4,30,31,30,31,1,0.25,7e-05,1,1,T4,11.3,48.0,15
synthetic_07045,cluster_g3,39,40,39,40,1,0.25,0.00035,1,1,,11.3,48.0,15
synthetic_07046,cluster_g2,95,96,95,96,1,0.25,0.00035,1,1,G2,9.81,40.5859375,15
synthetic_07047,cluster_g3,62,69,62,69,7,1.75,0.00035,1,1,,4.0,22.3515625,15
synthetic_07048,cluster_g2,32,33,32,33,1,0.25,0.00035,1,1,,3.152,5.46875,15
synthetic_07049,cluster_t4,45,58,45,58,13,3.25,7e-05,1,1,T4,12.0,15.0,15
synthetic_07050,cluster_g2,83,86,83,86,3,0.75,0.00035,1,1,G2,24.2,91.0,15
synthetic_07051,cluster_t4,58,59,58,59,1,0.25,7e-05,1,1,T4,12.0,24.0,15
synthetic_07052,cluster_v100m16,66,69,66,69,3,0.75,0.00025,1,1,,11.4,47.0,15
synthetic_07053,cluster_v100m16,21,22,21,22,1,0.25,0.00025,1,1,,18.708,63.0,15
synthetic_07054,cluster_p100,17,18,17,18,1,0.25,0.00025,1,1,,11.3,48.0,15
synthetic_07055,cluster_t4,90,91,90,91,1,0.25,7e-05,1,1,T4,3.152,5.46875,15
synthetic_07056,cluster_g3,84,85,84,85,1,0.25,0.00035,1,1,,3.152,5.46875,15
synthetic_07057,cluster_g2,37,51,37,51,14,3.5,0.00035,1,1,G2,11.4,47.0,15
synthetic_07058,cluster_p100,16,17,16,17,1,0.25,0.00025,1,1,,4.152,10.3515625,15
synthetic_07059,cluster_t4,19,20,19,20,1,0.25,7e-05,1,1,T4,9.81,40.5859375,15
synthetic_07060,cluster_p100,90,91,90,91,1,0.25,0.00025,1,1,,4.0,22.3515625,15
synthetic_07061,cluster_t4,1,2,1,2,1,0.25,7e-05,1,1,T4,18.708,63.0,15
synthetic_07062,cluster_p100,0,4,0,4,4,1.0,0.00025,1,1,,4.0,14.900390625,15
synthetic_07063,cluster_t4,47,48,47,48,1,0.25,7e-05,1,1,T4,3.152,5.46875,15
synthetic_07064,cluster_v100m16,76,88,76,88,12,3.0,0.00025,1,1,,11.908,46.0,15
synthetic_07065,cluster_v100m16,24,26,24,26,2,0.5,0.00025,1,1,P100|V100M16|V100M32,14.2,57.0,15
synthetic_07066,cluster_v100m16,32,34,32,34,2,0.5,0.00025,1,1,,11.4,47.0,15
synthetic_07067,cluster_g2,86,88,86,88,2,0.5,0.00035,1,1,G2,11.4,47.0,15
synthetic_07068,cluster_t4,0,2,0,2,2,0.5,7e-05,1,1,T4,3.152,5.46875,15
synthetic_07069,cluster_p100,72,73,72,73,1,0.25,0.00025,1,1,,11.908,46.0,15
synthetic_07070,cluster_p100,50,51,50,51,1,0.25,0.00025,1,1,,11.908,46.0,15
synthetic_07071,cluster_t4,43,44,43,44,1,0.25,7e-05,1,1,T4,4.152,10.3515625,15
synthetic_07072,cluster_v100m16,30,31,30,31,1,0.25,0.00025,1,1,,11.4,47.0,15
synthetic_07073,cluster_v100m16,81,94,81,94,13,3.25,0.00025,1,1,V100M16|V100M32,12.0,15.0,15
synthetic_07074,cluster_p100,3,4,3,4,1,0.25,0.00025,1,1,P100,3.152,5.46875,15
synthetic_07075,cluster_v100m16,75,80,75,80,5,1.25,0.00025,1,1,A10|G2|T4|V100M16|V100M32,9.81,40.5859375,15
synthetic_07076,cluster_t4,29,37,29,37,8,2.0,7e-05,1,1,T4,8.0,16.0,15
synthetic_07077,cluster_p100,39,40,39,40,1,0.25,0.00025,1,1,,4.0,29.8017578125,15
synthetic_07078,cluster_t4,11,12,11,12,1,0.25,7e-05,1,1,T4,24.2,91.0,15
synthetic_07079,cluster_v100m16,74,75,74,75,1,0.25,0.00025,1,1,P100|V100M16|V100M32,14.2,57.0,15
synthetic_07080,cluster_p100,41,43,41,43,2,0.5,0.00025,1,1,,3.152,5.46875,15
synthetic_07081,cluster_t4,61,65,61,65,4,1.0,7e-05,1,1,,11.4,47.0,15
synthetic_07082,cluster_g3,64,65,64,65,1,0.25,0.00035,1,1,,11.4,76.0,15
synthetic_07083,cluster_v100m16,76,77,76,77,1,0.25,0.00025,1,1,,18.708,63.0,15
synthetic_07084,cluster_t4,13,14,13,14,1,0.25,7e-05,1,1,T4,3.152,5.46875,15
synthetic_07085,cluster_g2,2,4,2,4,2,0.5,0.00035,1,1,,6.0,16.0,15
synthetic_07086,cluster_g3,83,84,83,84,1,0.25,0.00035,1,1,G3,11.3,48.0,15
synthetic_07087,cluster_t4,11,12,11,12,1,0.25,7e-05,1,1,,11.3,48.0,15
synthetic_07088,cluster_g3,83,84,83,84,1,0.25,0.00035,1,1,,4.0,24.0,15
synthetic_07089,cluster_t4,28,40,28,40,12,3.0,7e-05,1,1,T4,4.0,29.8017578125,15
synthetic_07090,cluster_g3,73,75,73,75,2,0.5,0.00035,1,1,,4.0,30.517578125,15
synthetic_07091,cluster_t4,3,10,3,10,7,1.75,7e-05,1,1,,4.0,29.8017578125,15
synthetic_07092,cluster_t4,17,18,17,18,1,0.25,7e-05,1,1,T4,3.152,5.46875,15
synthetic_07093,cluster_t4,10,23,10,23,13,3.25,7e-05,1,1,,12.0,24.0,15
synthetic_07094,cluster_v100m32,1,2,1,2,1,0.25,0.00025,1,1,,11.4,47.0,15
synthetic_07095,cluster_p100,30,32,30,32,2,0.5,0.00025,1,1,,11.4,76.0,15
synthetic_07096,cluster_p100,54,56,54,56,2,0.5,0.00025,1,1,,18.708,63.0,15
synthetic_07097,cluster_t4,80,83,80,83,3,0.75,7e-05,1,1,T4,3.152,5.46875,15
synthetic_07098,cluster_g2,5,6,5,6,1,0.25,0.00035,1,1,,8.0,29.8017578125,15
synthetic_07099,cluster_v100m16,63,65,63,65,2,0.5,0.00025,1,1,,11.4,47.0,15
synthetic_07100,cluster_g2,74,77,74,77,3,0.75,0.00035,1,1,,6.0,23.0,15
synthetic_07101,cluster_g3,58,60,58,60,2,0.5,0.00035,1,1,,4.0,22.3515625,15
synthetic_07102,cluster_v100m16,33,44,33,44,11,2.75,0.00025,1,1,,4.0,22.3515625,15
synthetic_07103,cluster_t4,16,17,16,17,1,0.25,7e-05,1,1,T4,9.81,40.5859375,15
synthetic_07104,cluster_t4,15,16,15,16,1,0.25,7e-05,1,1,T4,3.152,5.46875,15
synthetic_07105,cluster_v100m16,21,24,21,24,3,0.75,0.00025,1,1,,11.4,47.0,15
synthetic_07106,cluster_t4,14,15,14,15,1,0.25,7e-05,1,1,,3.152,5.46875,15
synthetic_07107,cluster_t4,60,61,60,61,1,0.25,7e-05,1,1,T4,3.152,5.46875,15
synthetic_07108,cluster_g3,64,72,64,72,8,2.0,0.00035,1,1,,11.908,46.0,15
synthetic_07109,cluster_t4,19,20,19,20,1,0.25,7e-05,1,1,T4,11.3,48.0,15
synthetic_07110,cluster_p100,89,92,89,92,3,0.75,0.00025,1,1,,11.3,48.0,15
synthetic_07111,cluster_v100m32,57,58,57,58,1,0.25,0.00025,1,1,,11.908,46.0,15
synthetic_07112,cluster_v100m32,34,36,34,36,2,0.5,0.00025,1,1,,4.0,24.0,15
synthetic_07113,cluster_t4,9,10,9,10,1,0.25,7e-05,1,1,T4,24.2,91.0,15
synthetic_07114,cluster_g3,64,67,64,67,3,0.75,0.00035,1,1,,15.7,57.0,15
synthetic_07115,cluster_g2,16,19,16,19,3,0.75,0.00035,1,1,G2,11.4,47.0,15
synthetic_07116,cluster_t4,11,12,11,12,1,0.25,7e-05,1,1,T4,24.2,91.0,15
synthetic_07117,cluster_t4,25,29,25,29,4,1.0,7e-05,1,1,T4,4.0,22.3515625,15
synthetic_07118,cluster_t4,24,25,24,25,1,0.25,7e-05,1,1,T4,4.0,29.8017578125,15
synthetic_07119,cluster_g2,45,46,45,46,1,0.25,0.00035,1,1,,11.3,48.0,15
synthetic_07120,cluster_g2,62,63,62,63,1,0.25,0.00035,1,1,,11.3,48.0,15
synthetic_07121,cluster_v100m32,74,76,74,76,2,0.5,0.00025,1,1,,11.4,47.0,15
synthetic_07122,cluster_g2,86,87,86,87,1,0.25,0.00035,1,1,G2,3.152,5.46875,15
synthetic_07123,cluster_p100,21,22,21,22,1,0.25,0.00025,1,1,,8.0,29.8017578125,15
synthetic_07124,cluster_t4,4,7,4,7,3,0.75,7e-05,1,1,,4.0,29.8017578125,15
synthetic_07125,cluster_t4,60,61,60,61,1,0.25,7e-05,1,1,T4,11.4,47.0,15
synthetic_07126,cluster_g2,67,68,67,68,1,0.25,0.00035,1,1,,12.0,15.0,15
synthetic_07127,cluster_t4,90,91,90,91,1,0.25,7e-05,1,1,,11.3,48.0,15
synthetic_07128,cluster_t4,84,85,84,85,1,0.25,7e-05,1,1,T4,4.0,22.3515625,15
synthetic_07129,cluster_v100m16,82,83,82,83,1,0.25,0.00025,1,1,,15.7,57.0,15
synthetic_07130,cluster_g2,26,28,26,28,2,0.5,0.00035,1,1,G2,11.4,47.0,15
synthetic_07131,cluster_t4,19,20,19,20,1,0.25,7e-05,1,1,,11.3,48.0,15
synthetic_07132,cluster_t4,57,58,57,58,1,0.25,7e-05,1,1,,3.152,5.46875,15
synthetic_07133,cluster_t4,27,39,27,39,12,3.0,7e-05,1,1,,2.0,16.0,15
synthetic_07134,cluster_g3,28,29,28,29,1,0.25,0.00035,1,1,,11.908,46.0,15
synthetic_07135,cluster_p100,53,56,53,56,3,0.75,0.00025,1,1,,16.0,32.0,15
synthetic_07136,cluster_g2,52,53,52,53,1,0.25,0.00035,1,1,,4.0,29.8017578125,15
synthetic_07137,cluster_p100,0,1,0,1,1,0.25,0.00025,1,1,P100,3.152,5.46875,15
synthetic_07138,cluster_v100m32,5,8,5,8,3,0.75,0.00025,1,1,,14.2,57.0,15
synthetic_07139,cluster_v100m32,78,79,78,79,1,0.25,0.00025,1,1,,11.908,46.0,15
synthetic_07140,cluster_g3,18,24,18,24,6,1.5,0.00035,1,1,,11.4,47.0,15
synthetic_07141,cluster_v100m16,48,49,48,49,1,0.25,0.00025,1,1,,3.152,5.46875,15
synthetic_07142,cluster_t4,49,53,49,53,4,1.0,7e-05,1,1,T4,11.908,46.0,15
synthetic_07143,cluster_t4,38,40,38,40,2,0.5,7e-05,1,1,,8.0,29.8017578125,15
synthetic_07144,cluster_v100m32,42,44,42,44,2,0.5,0.00025,1,1,,11.4,47.0,15
synthetic_07145,cluster_g3,6,8,6,8,2,0.5,0.00035,1,1,,11.3,48.0,15
synthetic_07146,cluster_v100m16,51,53,51,53,2,0.5,0.00025,1,1,,16.0,32.0,15
synthetic_07147,cluster_g3,45,46,45,46,1,0.25,0.00035,1,1,,11.908,46.0,15
synthetic_07148,cluster_p100,1,5,1,5,4,1.0,0.00025,1,1,P100,11.908,46.0,15
synthetic_07149,cluster_p100,40,41,40,41,1,0.25,0.00025,1,1,,3.152,5.46875,15
synthetic_07150,cluster_t4,87,88,87,88,1,0.25,7e-05,1,1,,18.708,63.0,15
synthetic_07151,cluster_t4,76,80,76,80,4,1.0,7e-05,1,1,,4.0,30.517578125,15
synthetic_07152,cluster_t4,21,22,21,22,1,0.25,7e-05,1,1,,11.4,47.0,15
synthetic_07153,cluster_g2,46,47,46,47,1,0.25,0.00035,1,1,,11.908,46.0,15
synthetic_07154,cluster_t4,27,33,27,33,6,1.5,7e-05,1,1,T4,11.9,76.0,15
synthetic_07155,cluster_t4,10,11,10,11,1,0.25,7e-05,1,1,T4,11.4,47.0,15
synthetic_07156,cluster_g2,74,76,74,76,2,0.5,0.00035,1,1,,8.2,33.0,15
synthetic_07157,cluster_v100m32,49,50,49,50,1,0.25,0.00025,1,1,,3.152,5.46875,15
synthetic_07158,cluster_p100,94,95,94,95,1,0.25,0.00025,1,1,,15.4,88.0,15
synthetic_07159,cluster_g2,8,9,8,9,1,0.25,0.00035,1,1,,4.152,10.3515625,15
synthetic_07160,cluster_t4,93,94,93,94,1,0.25,7e-05,1,1,T4,4.0,14.900390625,15
synthetic_07161,cluster_t4,0,5,0,5,5,1.25,7e-05,1,1,T4,14.2,57.0,15
synthetic_07162,cluster_g2,17,18,17,18,1,0.25,0.00035,1,1,,11.4,47.0,15
synthetic_07163,cluster_v100m16,94,95,94,95,1,0.25,0.00025,1,1,P100|V100M16|V100M32,11.3,48.0,15
synthetic_07164,cluster_g2,80,86,80,86,6,1.5,0.00035,1,1,,16.0,64.0,15
synthetic_07165,cluster_v100m32,40,51,40,51,11,2.75,0.00025,1,1,,6.0,8.0,15
synthetic_07166,cluster_t4,25,26,25,26,1,0.25,7e-05,1,1,T4,6.0,12.0,15
synthetic_07167,cluster_v100m32,60,61,60,61,1,0.25,0.00025,1,1,,3.152,5.46875,15
synthetic_07168,cluster_t4,30,36,30,36,6,1.5,7e-05,1,1,,12.0,24.0,15
synthetic_07169,cluster_t4,37,42,37,42,5,1.25,7e-05,1,1,T4,12.0,24.0,15
synthetic_07170,cluster_g2,64,67,64,67,3,0.75,0.00035,1,1,G2,15.7,57.0,15
synthetic_07171,cluster_g2,60,61,60,61,1,0.25,0.00035,1,1,,11.908,46.0,15
synthetic_07172,cluster_g3,11,12,11,12,1,0.25,0.00035,1,1,,11.4,47.0,15
synthetic_07173,cluster_t4,39,40,39,40,1,0.25,7e-05,1,1,,11.908,46.0,15
synthetic_07174,cluster_t4,79,94,79,94,15,3.75,7e-05,1,1,T4,12.0,24.0,15
synthetic_07175,cluster_v100m16,46,47,46,47,1,0.25,0.00025,1,1,,11.4,76.0,15
synthetic_07176,cluster_v100m32,56,57,56,57,1,0.25,0.00025,1,1,,18.708,63.0,15
synthetic_07177,cluster_v100m16,0,10,0,10,10,2.5,0.00025,1,1,,8.0,29.8017578125,15
synthetic_07178,cluster_t4,52,54,52,54,2,0.5,7e-05,1,1,T4,11.4,47.0,15
synthetic_07179,cluster_t4,24,26,24,26,2,0.5,7e-05,1,1,T4,8.0,16.0,15
synthetic_07180,cluster_t4,71,72,71,72,1,0.25,7e-05,1,1,T4,11.4,47.0,15
synthetic_07181,cluster_p100,8,9,8,9,1,0.25,0.00025,1,1,,3.152,5.46875,15
synthetic_07182,cluster_g3,89,92,89,92,3,0.75,0.0007,2,2,,30.2,157.0,15
synthetic_07183,cluster_t4,79,80,79,80,1,0.25,7e-05,1,1,T4,18.708,63.0,15
synthetic_07184,cluster_p100,63,66,63,66,3,0.75,0.00025,1,1,,15.7,57.0,15
synthetic_07185,cluster_v100m32,93,94,93,94,1,0.25,0.00025,1,1,,3.152,5.46875,15
synthetic_07186,cluster_g3,38,40,38,40,2,0.5,0.00035,1,1,,12.0,24.0,15
synthetic_07187,cluster_v100m16,1,3,1,3,2,0.5,0.00025,1,1,,3.152,5.46875,15
synthetic_07188,cluster_g2,15,22,15,22,7,1.75,0.00035,1,1,G2,4.0,30.517578125,15
synthetic_07189,cluster_g2,7,9,7,9,2,0.5,0.00035,1,1,G2,11.4,47.0,15
synthetic_07190,cluster_g3,76,82,76,82,6,1.5,0.00035,1,1,,9.81,40.5859375,15
synthetic_07191,cluster_p100,41,50,41,50,9,2.25,0.00025,1,1,,14.2,57.0,15
synthetic_07192,cluster_v100m32,60,66,60,66,6,1.5,0.00025,1,1,,11.4,47.0,15
synthetic_07193,cluster_p100,50,51,50,51,1,0.25,0.00025,1,1,,3.152,5.46875,15
synthetic_07194,cluster_g3,77,78,77,78,1,0.25,0.00035,1,1,,11.4,47.0,15
synthetic_07195,cluster_v100m32,19,20,19,20,1,0.25,0.00025,1,1,,3.152,5.46875,15
synthetic_07196,cluster_v100m16,59,61,59,61,2,0.5,0.00025,1,1,,18.708,63.0,15
synthetic_07197,cluster_v100m32,60,64,60,64,4,1.0,0.00025,1,1,,8.0,29.8017578125,15
synthetic_07198,cluster_p100,2,3,2,3,1,0.25,0.00025,1,1,,3.152,5.46875,15
synthetic_07199,cluster_p100,52,53,52,53,1,0.25,0.00025,1,1,P100|V100M16|V100M32,8.0,16.0,15
synthetic_07200,cluster_p100,50,51,50,51,1,0.25,0.00025,1,1,P100,4.152,10.3515625,15
synthetic_07201,cluster_v100m32,86,88,86,88,2,0.5,0.00025,1,1,,11.3,48.0,15
synthetic_07202,cluster_t4,5,6,5,6,1,0.25,7e-05,1,1,T4,4.152,10.3515625,15
synthetic_07203,cluster_g2,11,12,11,12,1,0.25,0.00035,1,1,,8.0,29.8017578125,15
synthetic_07204,cluster_g2,17,18,17,18,1,0.25,0.00035,1,1,,3.152,5.46875,15
synthetic_07205,cluster_t4,4,5,4,5,1,0.25,7e-05,1,1,,11.3,48.0,15
synthetic_07206,cluster_t4,87,89,87,89,2,0.5,7e-05,1,1,T4,4.0,14.900390625,15
synthetic_07207,cluster_v100m16,81,82,81,82,1,0.25,0.00025,1,1,,12.0,48.0,15
synthetic_07208,cluster_v100m32,75,80,75,80,5,1.25,0.00025,1,1,,4.0,24.0,15
synthetic_07209,cluster_p100,27,29,27,29,2,0.5,0.00025,1,1,,16.0,32.0,15
synthetic_07210,cluster_t4,64,66,64,66,2,0.5,7e-05,1,1,,6.0,8.0,15
synthetic_07211,cluster_g3,2,7,2,7,5,1.25,0.00035,1,1,,12.0,24.0,15
synthetic_07212,cluster_p100,0,2,0,2,2,0.5,0.00025,1,1,,16.0,32.0,15
synthetic_07213,cluster_t4,40,41,40,41,1,0.25,7e-05,1,1,T4,3.152,5.46875,15
synthetic_07214,cluster_p100,94,95,94,95,1,0.25,0.00025,1,1,,11.3,48.0,15
synthetic_07215,cluster_g2,36,38,36,38,2,0.5,0.00035,1,1,G2,1.0,6.0,15
synthetic_07216,cluster_t4,67,68,67,68,1,0.25,7e-05,1,1,,8.0,29.8017578125,15
synthetic_07217,cluster_v100m32,25,26,25,26,1,0.25,0.00025,1,1,,4.0,22.3515625,15
synthetic_07218,cluster_t4,16,18,16,18,2,0.5,7e-05,1,1,T4,3.152,5.46875,15
synthetic_07219,cluster_t4,90,91,90,91,1,0.25,7e-05,1,1,,8.0,32.0,15
synthetic_07220,cluster_t4,12,13,12,13,1,0.25,7e-05,1,1,T4,3.152,5.46875,15
synthetic_07221,cluster_p100,5,12,5,12,7,1.75,0.00025,1,1,,24.2,91.0,15
synthetic_07222,cluster_t4,31,33,31,33,2,0.5,7e-05,1,1,,4.0,14.900390625,15
synthetic_07223,cluster_p100,94,95,94,95,1,0.25,0.00025,1,1,P100,3.152,5.46875,15
synthetic_07224,cluster_v100m16,26,30,26,30,4,1.0,0.00025,1,1,,11.4,47.0,15
synthetic_07225,cluster_g2,7,8,7,8,1,0.25,0.00035,1,1,,4.0,22.3515625,15
synthetic_07226,cluster_g3,52,54,52,54,2,0.5,0.00035,1,1,,11.908,46.0,15
synthetic_07227,cluster_v100m32,66,67,66,67,1,0.25,0.00025,1,1,,11.3,23.0,15
synthetic_07228,cluster_g3,60,61,60,61,1,0.25,0.00035,1,1,,3.152,5.46875,15
synthetic_07229,cluster_g3,62,64,62,64,2,0.5,0.00035,1,1,,4.0,29.8017578125,15
synthetic_07230,cluster_v100m32,9,10,9,10,1,0.25,0.00025,1,1,V100M16|V100M32,11.4,47.0,15
synthetic_07231,cluster_p100,95,96,95,96,1,0.25,0.00025,1,1,,15.7,57.0,15
synthetic_07232,cluster_t4,5,8,5,8,3,0.75,7e-05,1,1,,11.908,46.0,15
synthetic_07233,cluster_v100m32,37,40,37,40,3,0.75,0.00025,1,1,,8.2,33.0,15
synthetic_07234,cluster_p100,32,37,32,37,5,1.25,0.00025,1,1,P100,11.908,46.0,15
synthetic_07235,cluster_v100m16,49,50,49,50,1,0.25,0.00025,1,1,,11.908,46.0,15
synthetic_07236,cluster_v100m16,68,75,68,75,7,1.75,0.00025,1,1,V100M16|V100M32,24.2,91.0,15
synthetic_07237,cluster_t4,31,39,31,39,8,2.0,7e-05,1,1,T4,8.0,16.0,15
synthetic_07238,cluster_g3,11,13,11,13,2,0.5,0.00035,1,1,,4.0,29.8017578125,15
synthetic_07239,cluster_t4,1,2,1,2,1,0.25,7e-05,1,1,T4,8.0,29.8017578125,15
synthetic_07240,cluster_g2,43,44,43,44,1,0.25,0.00035,1,1,,3.152,5.46875,15
synthetic_07241,cluster_t4,47,48,47,48,1,0.25,7e-05,1,1,,15.4,88.0,15
synthetic_07242,cluster_v100m16,31,32,31,32,1,0.25,0.00025,1,1,,11.4,47.0,15
synthetic_07243,cluster_p100,26,28,26,28,2,0.5,0.00025,1,1,,3.152,5.46875,15
synthetic_07244,cluster_t4,23,24,23,24,1,0.25,7e-05,1,1,,4.0,22.3515625,15
synthetic_07245,cluster_t4,1,3,1,3,2,0.5,7e-05,1,1,,16.0,32.0,15
synthetic_07246,cluster_g3,59,60,59,60,1,0.25,0.00035,1,1,,3.152,5.46875,15
synthetic_07247,cluster_v100m32,54,56,54,56,2,0.5,0.00025,1,1,P100|V100M16|V100M32,9.4,51.0,15
synthetic_07248,cluster_p100,50,51,50,51,1,0.25,0.00025,1,1,,3.152,5.46875,15
synthetic_07249,cluster_g2,36,37,36,37,1,0.25,0.00035,1,1,,9.81,40.5859375,15
synthetic_07250,cluster_t4,24,25,24,25,1,0.25,7e-05,1,1,T4,4.0,29.8017578125,15
synthetic_07251,cluster_p100,84,85,84,85,1,0.25,0.00025,1,1,,3.152,5.46875,15
synthetic_07252,cluster_t4,58,59,58,59,1,0.25,7e-05,1,1,T4,3.152,5.46875,15
synthetic_07253,cluster_t4,6,9,6,9,3,0.75,7e-05,1,1,,8.0,29.8017578125,15
synthetic_07254,cluster_t4,45,46,45,46,1,0.25,7e-05,1,1,T4,11.4,47.0,15
synthetic_07255,cluster_t4,71,72,71,72,1,0.25,7e-05,1,1,T4,3.152,5.46875,15
synthetic_07256,cluster_v100m16,53,54,53,54,1,0.25,0.00025,1,1,V100M16|V100M32,11.3,48.0,15
synthetic_07257,cluster_g2,45,46,45,46,1,0.25,0.0028,8,8,,64.2,257.0,15
synthetic_07258,cluster_g3,70,71,70,71,1,0.25,0.00035,1,1,,11.908,46.0,15
synthetic_07259,cluster_t4,67,68,67,68,1,0.25,7e-05,1,1,,3.152,5.46875,15
synthetic_07260,cluster_t4,68,69,68,69,1,0.25,7e-05,1,1,T4,11.4,47.0,15
synthetic_07261,cluster_g2,4,5,4,5,1,0.25,0.00035,1,1,G2,18.708,63.0,15
synthetic_07262,cluster_p100,69,70,69,70,1,0.25,0.00025,1,1,,3.152,5.46875,15
synthetic_07263,cluster_t4,88,89,88,89,1,0.25,7e-05,1,1,T4,11.3,48.0,15
synthetic_07264,cluster_v100m16,39,40,39,40,1,0.25,0.00025,1,1,,18.708,63.0,15
synthetic_07265,cluster_t4,77,78,77,78,1,0.25,7e-05,1,1,T4,6.0,12.0,15
synthetic_07266,cluster_t4,27,28,27,28,1,0.25,7e-05,1,1,,3.152,5.46875,15
synthetic_07267,cluster_g3,59,60,59,60,1,0.25,0.00035,1,1,,3.152,5.46875,15
synthetic_07268,cluster_v100m16,52,54,52,54,2,0.5,0.00025,1,1,P100|T4|V100M16|V100M32,11.4,47.0,15
synthetic_07269,cluster_v100m32,73,74,73,74,1,0.25,0.00025,1,1,,3.152,5.46875,15
synthetic_07270,cluster_p100,63,64,63,64,1,0.25,0.00025,1,1,,11.3,48.0,15
synthetic_07271,cluster_t4,74,78,74,78,4,1.0,7e-05,1,1,T4,11.4,47.0,15
synthetic_07272,cluster_t4,64,68,64,68,4,1.0,7e-05,1,1,,11.4,47.0,15
synthetic_07273,cluster_g2,74,79,74,79,5,1.25,0.00035,1,1,,11.4,47.0,15
synthetic_07274,cluster_p100,46,51,46,51,5,1.25,0.00025,1,1,G2|P100|T4|V100M16|V100M32,11.4,47.0,15
synthetic_07275,cluster_v100m16,48,49,48,49,1,0.25,0.00025,1,1,,18.708,63.0,15
synthetic_07276,cluster_g2,72,79,72,79,7,1.75,0.00035,1,1,G2,11.3,48.0,15
synthetic_07277,cluster_p100,0,1,0,1,1,0.25,0.00025,1,1,P100,6.0,12.0,15
synthetic_07278,cluster_g2,48,49,48,49,1,0.25,0.00035,1,1,,11.4,47.0,15
synthetic_07279,cluster_t4,44,46,44,46,2,0.5,7e-05,1,1,,4.0,14.900390625,15
synthetic_07280,cluster_t4,78,80,78,80,2,0.5,7e-05,1,1,T4,4.152,10.3515625,15
synthetic_07281,cluster_t4,36,37,36,37,1,0.25,7e-05,1,1,T4,3.152,5.46875,15
synthetic_07282,cluster_t4,39,42,39,42,3,0.75,7e-05,1,1,,15.7,57.0,15
synthetic_07283,cluster_g2,11,13,11,13,2,0.5,0.00035,1,1,,3.152,5.46875,15
synthetic_07284,cluster_v100m16,61,63,61,63,2,0.5,0.00025,1,1,,6.0,6.0,15
synthetic_07285,cluster_g3,2,16,2,16,14,3.5,0.00035,1,1,,4.0,22.3515625,15
synthetic_07286,cluster_g3,47,48,47,48,1,0.25,0.00035,1,1,,3.152,5.46875,15
synthetic_07287,cluster_v100m16,67,83,67,83,16,4.0,0.00025,1,1,V100M16|V100M32,8.0,32.0,15
synthetic_07288,cluster_t4,77,78,77,78,1,0.25,7e-05,1,1,T4,11.4,47.0,15
synthetic_07289,cluster_g2,55,56,55,56,1,0.25,0.00035,1,1,A10|G2|T4|V100M16|V100M32,11.3,48.0,15
synthetic_07290,cluster_p100,25,26,25,26,1,0.25,0.00025,1,1,,11.4,47.0,15
synthetic_07291,cluster_t4,19,20,19,20,1,0.25,7e-05,1,1,,4.0,22.3515625,15
synthetic_07292,cluster_t4,24,29,24,29,5,1.25,7e-05,1,1,,12.0,24.0,15
synthetic_07293,cluster_t4,74,77,74,77,3,0.75,7e-05,1,1,T4,12.0,23.0,15
synthetic_07294,cluster_t4,6,11,6,11,5,1.25,7e-05,1,1,,8.0,29.8017578125,15
synthetic_07295,cluster_p100,6,7,6,7,1,0.25,0.00025,1,1,,14.2,57.0,15
synthetic_07296,cluster_t4,62,63,62,63,1,0.25,7e-05,1,1,T4,14.2,57.0,15
synthetic_07297,cluster_v100m16,78,79,78,79,1,0.25,0.00025,1,1,,3.152,5.46875,15
synthetic_07298,cluster_t4,30,43,30,43,13,3.25,7e-05,1,1,T4,9.81,40.5859375,15
synthetic_07299,cluster_v100m16,93,94,93,94,1,0.25,0.00025,1,1,,11.908,46.0,15
synthetic_07300,cluster_t4,64,69,64,69,5,1.25,7e-05,1,1,T4,4.0,24.0,15
synthetic_07301,cluster_v100m16,55,61,55,61,6,1.5,0.00025,1,1,,9.81,40.5859375,15
synthetic_07302,cluster_p100,29,31,29,31,2,0.5,0.00025,1,1,,11.908,46.0,15
synthetic_07303,cluster_g3,47,48,47,48,1,0.25,0.00035,1,1,G3,11.3,48.0,15
synthetic_07304,cluster_t4,89,95,89,95,6,1.5,7e-05,1,1,T4,11.4,47.0,15
synthetic_07305,cluster_g2,41,45,41,45,4,1.0,0.00035,1,1,G2,16.4,123.0,15
synthetic_07306,cluster_v100m16,33,40,33,40,7,1.75,0.00025,1,1,,3.152,5.46875,15
synthetic_07307,cluster_t4,18,23,18,23,5,1.25,7e-05,1,1,,11.908,46.0,15
synthetic_07308,cluster_t4,4,5,4,5,1,0.25,7e-05,1,1,T4,3.152,5.46875,15
synthetic_07309,cluster_v100m32,42,43,42,43,1,0.25,0.00025,1,1,V100M16|V100M32,18.708,63.0,15
synthetic_07310,cluster_g3,12,13,12,13,1,0.25,0.00035,1,1,,18.708,63.0,15
synthetic_07311,cluster_v100m16,70,71,70,71,1,0.25,0.00025,1,1,,11.908,46.0,15
synthetic_07312,cluster_p100,34,36,34,36,2,0.5,0.00025,1,1,,3.152,5.46875,15
synthetic_07313,cluster_t4,45,46,45,46,1,0.25,7e-05,1,1,T4,3.152,5.46875,15
synthetic_07314,cluster_g2,36,37,36,37,1,0.25,0.00035,1,1,,11.3,48.0,15
synthetic_07315,cluster_g3,10,11,10,11,1,0.25,0.00035,1,1,,9.81,40.5859375,15
synthetic_07316,cluster_t4,59,60,59,60,1,0.25,7e-05,1,1,T4,11.3,48.0,15
synthetic_07317,cluster_v100m32,15,17,15,17,2,0.5,0.00025,1,1,P100|V100M16|V100M32,11.4,47.0,15
synthetic_07318,cluster_t4,94,96,94,96,2,0.5,7e-05,1,1,T4,8.0,29.8017578125,15
synthetic_07319,cluster_v100m32,10,13,10,13,3,0.75,0.00025,1,1,,11.3,48.0,15
synthetic_07320,cluster_v100m32,16,17,16,17,1,0.25,0.00025,1,1,,3.152,5.46875,15
synthetic_07321,cluster_t4,1,2,1,2,1,0.25,7e-05,1,1,,4.0,29.8017578125,15
synthetic_07322,cluster_t4,36,37,36,37,1,0.25,7e-05,1,1,T4,11.3,48.0,15
synthetic_07323,cluster_g3,67,68,67,68,1,0.25,0.00035,1,1,,9.81,40.5859375,15
synthetic_07324,cluster_t4,46,47,46,47,1,0.25,7e-05,1,1,,11.4,47.0,15
synthetic_07325,cluster_g3,0,1,0,1,1,0.25,0.00035,1,1,,11.3,48.0,15
synthetic_07326,cluster_t4,17,20,17,20,3,0.75,7e-05,1,1,,1.0,6.0,15
synthetic_07327,cluster_t4,77,90,77,90,13,3.25,7e-05,1,1,T4,11.4,47.0,15
synthetic_07328,cluster_t4,67,68,67,68,1,0.25,7e-05,1,1,,11.4,47.0,15
synthetic_07329,cluster_p100,20,21,20,21,1,0.25,0.00025,1,1,,3.152,5.46875,15
synthetic_07330,cluster_g2,11,12,11,12,1,0.25,0.00035,1,1,,3.152,5.46875,15
synthetic_07331,cluster_v100m16,40,45,40,45,5,1.25,0.00025,1,1,,3.152,5.46875,15
synthetic_07332,cluster_g2,66,67,66,67,1,0.25,0.00035,1,1,,4.152,10.3515625,15
synthetic_07333,cluster_g2,61,63,61,63,2,0.5,0.00035,1,1,,11.3,48.0,15
synthetic_07334,cluster_v100m16,11,12,11,12,1,0.25,0.00025,1,1,,11.3,48.0,15
synthetic_07335,cluster_v100m16,65,66,65,66,1,0.25,0.00025,1,1,,11.3,48.0,15
synthetic_07336,cluster_g3,0,1,0,1,1,0.25,0.00035,1,1,,3.152,5.46875,15
synthetic_07337,cluster_v100m16,25,32,25,32,7,1.75,0.00025,1,1,,6.0,8.0,15
synthetic_07338,cluster_g2,34,43,34,43,9,2.25,0.00035,1,1,,11.3,48.0,15
synthetic_07339,cluster_p100,28,29,28,29,1,0.25,0.00025,1,1,,3.152,5.46875,15
synthetic_07340,cluster_t4,83,86,83,86,3,0.75,7e-05,1,1,T4,18.708,63.0,15
synthetic_07341,cluster_p100,81,92,81,92,11,2.75,0.00025,1,1,,3.152,5.46875,15
synthetic_07342,cluster_v100m16,81,82,81,82,1,0.25,0.00025,1,1,,11.3,48.0,15
synthetic_07343,cluster_t4,89,90,89,90,1,0.25,7e-05,1,1,T4,3.152,5.46875,15
synthetic_07344,cluster_p100,81,82,81,82,1,0.25,0.00025,1,1,,11.3,48.0,15
synthetic_07345,cluster_t4,92,93,92,93,1,0.25,7e-05,1,1,,3.152,5.46875,15
synthetic_07346,cluster_t4,53,54,53,54,1,0.25,7e-05,1,1,T4,11.908,46.0,15
synthetic_07347,cluster_v100m32,90,91,90,91,1,0.25,0.00025,1,1,V100M16|V100M32,11.3,48.0,15
synthetic_07348,cluster_p100,12,13,12,13,1,0.25,0.00025,1,1,,11.908,46.0,15
synthetic_07349,cluster_g3,20,21,20,21,1,0.25,0.00035,1,1,G3,9.81,40.5859375,15
synthetic_07350,cluster_v100m16,13,14,13,14,1,0.25,0.00025,1,1,,3.152,5.46875,15
synthetic_07351,cluster_t4,11,24,11,24,13,3.25,7e-05,1,1,T4,11.4,47.0,15
synthetic_07352,cluster_p100,53,54,53,54,1,0.25,0.00025,1,1,,8.0,29.8017578125,15
synthetic_07353,cluster_p100,63,69,63,69,6,1.5,0.00025,1,1,,8.0,16.0,15
synthetic_07354,cluster_t4,4,5,4,5,1,0.25,7e-05,1,1,,3.152,5.46875,15
synthetic_07355,cluster_p100,64,66,64,66,2,0.5,0.00025,1,1,,12.0,32.0,15
synthetic_07356,cluster_g2,68,69,68,69,1,0.25,0.00035,1,1,,11.4,47.0,15
synthetic_07357,cluster_p100,13,14,13,14,1,0.25,0.00025,1,1,,18.708,63.0,15
synthetic_07358,cluster_t4,81,83,81,83,2,0.5,7e-05,1,1,,11.908,46.0,15
synthetic_07359,cluster_g2,77,79,77,79,2,0.5,0.00035,1,1,G2,4.0,16.0,15
synthetic_07360,cluster_t4,21,22,21,22,1,0.25,7e-05,1,1,T4,3.152,5.46875,15
synthetic_07361,cluster_t4,2,3,2,3,1,0.25,7e-05,1,1,T4,9.81,40.5859375,15
synthetic_07362,cluster_v100m16,0,5,0,5,5,1.25,0.00025,1,1,,11.908,46.0,15
synthetic_07363,cluster_p100,95,96,95,96,1,0.25,0.00025,1,1,,3.152,5.46875,15
synthetic_07364,cluster_g2,64,65,64,65,1,0.25,0.00035,1,1,G2,18.708,63.0,15
synthetic_07365,cluster_p100,5,7,5,7,2,0.5,0.00025,1,1,,11.3,48.0,15
synthetic_07366,cluster_g2,92,93,92,93,1,0.25,0.00035,1,1,,11.908,46.0,15
synthetic_07367,cluster_v100m32,66,67,66,67,1,0.25,0.00025,1,1,,18.708,63.0,15
synthetic_07368,cluster_v100m32,80,82,80,82,2,0.5,0.00025,1,1,,11.3,48.0,15
synthetic_07369,cluster_t4,19,28,19,28,9,2.25,7e-05,1,1,,14.2,57.0,15
synthetic_07370,cluster_g2,1,2,1,2,1,0.25,0.00035,1,1,G2,11.3,48.0,15
synthetic_07371,cluster_v100m32,65,70,65,70,5,1.25,0.00025,1,1,,11.3,48.0,15
synthetic_07372,cluster_v100m16,38,40,38,40,2,0.5,0.00025,1,1,,12.0,16.0,15
synthetic_07373,cluster_g3,10,11,10,11,1,0.25,0.00035,1,1,,8.0,29.8017578125,15
synthetic_07374,cluster_t4,57,60,57,60,3,0.75,7e-05,1,1,,3.152,5.46875,15
synthetic_07375,cluster_t4,19,20,19,20,1,0.25,7e-05,1,1,T4,3.152,5.46875,15
synthetic_07376,cluster_v100m16,7,11,7,11,4,1.0,0.00025,1,1,,11.4,47.0,15
synthetic_07377,cluster_t4,47,48,47,48,1,0.25,7e-05,1,1,T4,8.0,29.8017578125,15
synthetic_07378,cluster_g3,56,57,56,57,1,0.25,0.00035,1,1,,11.3,48.0,15
synthetic_07379,cluster_g2,39,52,39,52,13,3.25,0.00035,1,1,,4.0,22.3515625,15
synthetic_07380,cluster_t4,87,88,87,88,1,0.25,7e-05,1,1,,11.3,48.0,15
synthetic_07381,cluster_g2,45,46,45,46,1,0.25,0.00035,1,1,G2,11.3,48.0,15
synthetic_07382,cluster_v100m32,31,33,31,33,2,0.5,0.00025,1,1,,16.0,32.0,15
synthetic_07383,cluster_v100m16,18,19,18,19,1,0.25,0.00025,1,1,,18.708,63.0,15
synthetic_07384,cluster_v100m32,24,25,24,25,1,0.25,0.00025,1,1,,18.708,63.0,15
synthetic_07385,cluster_p100,26,28,26,28,2,0.5,0.00025,1,1,P100,3.152,5.46875,15
synthetic_07386,cluster_t4,55,56,55,56,1,0.25,7e-05,1,1,,11.4,47.0,15
synthetic_07387,cluster_g2,18,19,18,19,1,0.25,0.00035,1,1,,12.0,16.0,15
synthetic_07388,cluster_g2,12,14,12,14,2,0.5,0.00035,1,1,,12.0,16.0,15
synthetic_07389,cluster_v100m32,51,59,51,59,8,2.0,0.00025,1,1,V100M16|V100M32,16.0,64.0,15
synthetic_07390,cluster_g3,52,54,52,54,2,0.5,0.00035,1,1,,4.152,10.3515625,15
synthetic_07391,cluster_v100m32,91,93,91,93,2,0.5,0.00025,1,1,,4.0,29.8017578125,15
synthetic_07392,cluster_p100,65,69,65,69,4,1.0,0.00025,1,1,,11.4,47.0,15
synthetic_07393,cluster_v100m16,81,95,81,95,14,3.5,0.00025,1,1,,12.0,18.0,15
synthetic_07394,cluster_g3,76,79,76,79,3,0.75,0.00035,1,1,,9.81,40.5859375,15
synthetic_07395,cluster_p100,27,32,27,32,5,1.25,0.00025,1,1,,4.0,24.0,15
synthetic_07396,cluster_v100m16,90,91,90,91,1,0.25,0.00025,1,1,,11.4,47.0,15
synthetic_07397,cluster_g2,37,39,37,39,2,0.5,0.00035,1,1,G2,11.908,46.0,15
synthetic_07398,cluster_t4,47,48,47,48,1,0.25,7e-05,1,1,T4,3.152,5.46875,15
synthetic_07399,cluster_g2,24,29,24,29,5,1.25,0.0014,4,4,G2,32.2,129.0,15
synthetic_07400,cluster_g2,1,2,1,2,1,0.25,0.00035,1,1,,8.0,29.8017578125,15
synthetic_07401,cluster_g3,88,89,88,89,1,0.25,0.00035,1,1,,11.3,48.0,15
synthetic_07402,cluster_g2,55,60,55,60,5,1.25,0.00035,1,1,,11.3,48.0,15
synthetic_07403,cluster_t4,42,43,42,43,1,0.25,7e-05,1,1,T4,3.152,5.46875,15
synthetic_07404,cluster_p100,87,88,87,88,1,0.25,0.00025,1,1,,3.152,5.46875,15
synthetic_07405,cluster_v100m16,59,63,59,63,4,1.0,0.00025,1,1,,11.908,46.0,15
synthetic_07406,cluster_g2,65,66,65,66,1,0.25,0.00035,1,1,,3.152,5.46875,15
synthetic_07407,cluster_t4,60,66,60,66,6,1.5,7e-05,1,1,,11.908,46.0,15
synthetic_07408,cluster_t4,60,62,60,62,2,0.5,7e-05,1,1,T4,11.4,47.0,15
synthetic_07409,cluster_v100m16,45,46,45,46,1,0.25,0.00025,1,1,,6.0,6.0,15
synthetic_07410,cluster_g3,19,20,19,20,1,0.25,0.00035,1,1,,3.152,5.46875,15
synthetic_07411,cluster_p100,8,9,8,9,1,0.25,0.00025,1,1,,11.3,48.0,15
synthetic_07412,cluster_v100m16,64,65,64,65,1,0.25,0.00025,1,1,,3.152,5.46875,15
synthetic_07413,cluster_v100m16,54,55,54,55,1,0.25,0.00025,1,1,,3.152,5.46875,15
synthetic_07414,cluster_t4,37,38,37,38,1,0.25,7e-05,1,1,T4,4.0,22.3515625,15
synthetic_07415,cluster_t4,26,28,26,28,2,0.5,7e-05,1,1,T4,4.0,14.900390625,15
synthetic_07416,cluster_t4,15,16,15,16,1,0.25,7e-05,1,1,T4,3.152,5.46875,15
synthetic_07417,cluster_g2,31,33,31,33,2,0.5,0.00035,1,1,,8.0,29.8017578125,15
synthetic_07418,cluster_t4,76,84,76,84,8,2.0,7e-05,1,1,,11.908,46.0,15
synthetic_07419,cluster_v100m32,68,69,68,69,1,0.25,0.00025,1,1,,3.152,5.46875,15
synthetic_07420,cluster_g2,18,19,18,19,1,0.25,0.00035,1,1,,11.4,47.0,15
synthetic_07421,cluster_v100m32,65,66,65,66,1,0.25,0.00025,1,1,,11.4,76.0,15
synthetic_07422,cluster_t4,44,45,44,45,1,0.25,7e-05,1,1,T4,12.0,16.0,15
synthetic_07423,cluster_v100m32,66,67,66,67,1,0.25,0.00025,1,1,,8.0,29.8017578125,15
synthetic_07424,cluster_v100m32,68,69,68,69,1,0.25,0.00025,1,1,,11.908,46.0,15
synthetic_07425,cluster_v100m32,7,9,7,9,2,0.5,0.00025,1,1,,4.0,29.8017578125,15
synthetic_07426,cluster_g3,13,16,13,16,3,0.75,0.00035,1,1,,11.908,46.0,15
synthetic_07427,cluster_v100m32,35,37,35,37,2,0.5,0.00025,1,1,,4.0,14.900390625,15
synthetic_07428,cluster_t4,53,54,53,54,1,0.25,7e-05,1,1,,11.3,48.0,15
synthetic_07429,cluster_p100,24,25,24,25,1,0.25,0.00025,1,1,P100,11.908,46.0,15
synthetic_07430,cluster_v100m16,26,27,26,27,1,0.25,0.00025,1,1,,3.152,5.46875,15
synthetic_07431,cluster_t4,35,36,35,36,1,0.25,7e-05,1,1,T4,18.708,63.0,15
synthetic_07432,cluster_v100m32,10,11,10,11,1,0.25,0.00025,1,1,,11.3,48.0,15
synthetic_07433,cluster_p100,81,84,81,84,3,0.75,0.00025,1,1,P100,11.908,46.0,15
synthetic_07434,cluster_t4,83,84,83,84,1,0.25,7e-05,1,1,T4,11.4,47.0,15
synthetic_07435,cluster_g2,44,47,44,47,3,0.75,0.00035,1,1,G2,24.2,91.0,15
synthetic_07436,cluster_v100m16,56,57,56,57,1,0.25,0.00025,1,1,V100M16|V100M32,11.3,48.0,15
synthetic_07437,cluster_v100m32,27,28,27,28,1,0.25,0.00025,1,1,V100M32,18.708,63.0,15
synthetic_07438,cluster_t4,10,14,10,14,4,1.0,7e-05,1,1,T4,15.7,57.0,15
synthetic_07439,cluster_t4,42,44,42,44,2,0.5,7e-05,1,1,,11.908,46.0,15
synthetic_07440,cluster_p100,45,50,45,50,5,1.25,0.00025,1,1,,12.0,24.0,15
synthetic_07441,cluster_g2,43,44,43,44,1,0.25,0.00035,1,1,,9.81,40.5859375,15
synthetic_07442,cluster_g2,42,51,42,51,9,2.25,0.00035,1,1,G2,12.0,24.0,15
synthetic_07443,cluster_p100,82,83,82,83,1,0.25,0.00025,1,1,,11.908,46.0,15
synthetic_07444,cluster_t4,53,64,53,64,11,2.75,7e-05,1,1,T4,11.908,46.0,15
synthetic_07445,cluster_t4,21,22,21,22,1,0.25,7e-05,1,1,T4,11.3,48.0,15
synthetic_07446,cluster_t4,47,48,47,48,1,0.25,7e-05,1,1,T4,11.3,48.0,15
synthetic_07447,cluster_v100m32,70,71,70,71,1,0.25,0.001,4,4,V100M16|V100M32,32.2,129.0,15
synthetic_07448,cluster_g3,50,52,50,52,2,0.5,0.00035,1,1,,11.4,47.0,15
synthetic_07449,cluster_g3,42,43,42,43,1,0.25,0.00035,1,1,,11.4,47.0,15
synthetic_07450,cluster_v100m16,56,58,56,58,2,0.5,0.00025,1,1,G2|P100|T4|V100M16|V100M32,6.0,6.0,15
synthetic_07451,cluster_p100,11,12,11,12,1,0.25,0.00025,1,1,,11.3,48.0,15
synthetic_07452,cluster_t4,27,28,27,28,1,0.25,7e-05,1,1,T4,6.0,18.0,15
synthetic_07453,cluster_t4,24,27,24,27,3,0.75,7e-05,1,1,T4,9.81,40.5859375,15
synthetic_07454,cluster_v100m32,12,13,12,13,1,0.25,0.00025,1,1,,3.152,5.46875,15
synthetic_07455,cluster_g2,43,45,43,45,2,0.5,0.00035,1,1,,11.4,47.0,15
synthetic_07456,cluster_v100m16,30,31,30,31,1,0.25,0.00025,1,1,,11.908,46.0,15
synthetic_07457,cluster_t4,63,64,63,64,1,0.25,7e-05,1,1,,11.908,46.0,15
synthetic_07458,cluster_v100m16,70,71,70,71,1,0.25,0.00025,1,1,P100|V100M16,11.3,48.0,15
synthetic_07459,cluster_t4,46,51,46,51,5,1.25,7e-05,1,1,T4,11.4,47.0,15
synthetic_07460,cluster_t4,49,50,49,50,1,0.25,7e-05,1,1,A10|T4,3.152,5.46875,15
synthetic_07461,cluster_t4,26,27,26,27,1,0.25,7e-05,1,1,,3.152,5.46875,15
synthetic_07462,cluster_g2,56,57,56,57,1,0.25,0.00035,1,1,G2,12.0,16.0,15
synthetic_07463,cluster_p100,3,5,3,5,2,0.5,0.00025,1,1,P100,11.908,46.0,15
synthetic_07464,cluster_v100m16,7,9,7,9,2,0.5,0.00025,1,1,,8.2,33.0,15
synthetic_07465,cluster_t4,18,23,18,23,5,1.25,7e-05,1,1,T4,15.2,79.0,15
synthetic_07466,cluster_p100,34,37,34,37,3,0.75,0.00025,1,1,,24.2,91.0,15
synthetic_07467,cluster_g3,19,20,19,20,1,0.25,0.00035,1,1,,3.152,5.46875,15
synthetic_07468,cluster_g2,48,49,48,49,1,0.25,0.00035,1,1,,16.4,123.0,15
synthetic_07469,cluster_g2,56,57,56,57,1,0.25,0.00035,1,1,G2,11.3,48.0,15
synthetic_07470,cluster_t4,17,18,17,18,1,0.25,7e-05,1,1,,8.0,29.8017578125,15
synthetic_07471,cluster_t4,40,45,40,45,5,1.25,7e-05,1,1,T4,4.0,24.0,15
synthetic_07472,cluster_v100m16,40,51,40,51,11,2.75,0.00025,1,1,,16.0,32.0,15
synthetic_07473,cluster_t4,83,84,83,84,1,0.25,7e-05,1,1,,4.0,24.0,15
synthetic_07474,cluster_p100,72,73,72,73,1,0.25,0.00025,1,1,P100,3.152,5.46875,15
synthetic_07475,cluster_g3,51,62,51,62,11,2.75,0.00035,1,1,,11.908,46.0,15
synthetic_07476,cluster_t4,51,55,51,55,4,1.0,7e-05,1,1,,11.908,46.0,15
synthetic_07477,cluster_v100m32,41,42,41,42,1,0.25,0.00025,1,1,,4.152,10.3515625,15
synthetic_07478,cluster_v100m32,6,7,6,7,1,0.25,0.00025,1,1,,4.152,10.3515625,15
synthetic_07479,cluster_v100m32,43,44,43,44,1,0.25,0.00025,1,1,,3.152,5.46875,15
synthetic_07480,cluster_t4,0,1,0,1,1,0.25,7e-05,1,1,T4,4.0,22.3515625,15
synthetic_07481,cluster_g3,75,76,75,76,1,0.25,0.00035,1,1,,11.908,46.0,15
synthetic_07482,cluster_v100m32,5,7,5,7,2,0.5,0.00025,1,1,,4.0,22.3515625,15
synthetic_07483,cluster_v100m32,84,89,84,89,5,1.25,0.00025,1,1,,16.0,32.0,15
synthetic_07484,cluster_g2,1,2,1,2,1,0.25,0.00035,1,1,,3.152,5.46875,15
synthetic_07485,cluster_p100,18,23,18,23,5,1.25,0.00025,1,1,,9.81,40.5859375,15
synthetic_07486,cluster_p100,43,44,43,44,1,0.25,0.00025,1,1,,6.0,6.0,15
synthetic_07487,cluster_t4,87,89,87,89,2,0.5,7e-05,1,1,,3.152,5.46875,15
synthetic_07488,cluster_t4,48,49,48,49,1,0.25,7e-05,1,1,T4,4.0,22.3515625,15
synthetic_07489,cluster_t4,87,92,87,92,5,1.25,7e-05,1,1,T4,11.908,46.0,15
synthetic_07490,cluster_p100,1,2,1,2,1,0.25,0.00025,1,1,P100,3.152,5.46875,15
synthetic_07491,cluster_p100,81,87,81,87,6,1.5,0.00025,1,1,,11.4,76.0,15
synthetic_07492,cluster_t4,80,82,80,82,2,0.5,7e-05,1,1,T4,12.0,16.0,15
synthetic_07493,cluster_v100m16,45,46,45,46,1,0.25,0.00025,1,1,,11.4,47.0,15
synthetic_07494,cluster_v100m32,61,63,61,63,2,0.5,0.00025,1,1,,4.152,10.3515625,15
synthetic_07495,cluster_g2,90,91,90,91,1,0.25,0.00035,1,1,G2,11.3,48.0,15
synthetic_07496,cluster_v100m16,50,52,50,52,2,0.5,0.00025,1,1,,24.2,91.0,15
synthetic_07497,cluster_g2,60,65,60,65,5,1.25,0.00035,1,1,G2|P100|T4|V100M16|V100M32,11.4,47.0,15
synthetic_07498,cluster_p100,50,51,50,51,1,0.25,0.00025,1,1,,11.4,47.0,15
synthetic_07499,cluster_t4,27,29,27,29,2,0.5,7e-05,1,1,,11.3,48.0,15
synthetic_07500,cluster_g3,53,58,53,58,5,1.25,0.00035,1,1,G3,9.81,40.5859375,15
synthetic_07501,cluster_g3,44,48,44,48,4,1.0,0.00035,1,1,,3.152,5.46875,15
synthetic_07502,cluster_p100,27,31,27,31,4,1.0,0.00025,1,1,P100|V100M16|V100M32,16.0,32.0,15
synthetic_07503,cluster_g3,61,63,61,63,2,0.5,0.00035,1,1,,4.0,30.517578125,15
synthetic_07504,cluster_v100m16,36,41,36,41,5,1.25,0.00025,1,1,,16.0,32.0,15
synthetic_07505,cluster_g2,93,94,93,94,1,0.25,0.00035,1,1,,3.152,5.46875,15
synthetic_07506,cluster_v100m32,56,57,56,57,1,0.25,0.00025,1,1,,16.4,123.0,15
synthetic_07507,cluster_g3,53,54,53,54,1,0.25,0.00035,1,1,,11.908,46.0,15
synthetic_07508,cluster_t4,6,9,6,9,3,0.75,7e-05,1,1,T4,15.7,57.0,15
synthetic_07509,cluster_t4,79,80,79,80,1,0.25,7e-05,1,1,T4,12.0,16.0,15
synthetic_07510,cluster_g3,81,83,81,83,2,0.5,0.00035,1,1,,3.152,5.46875,15
synthetic_07511,cluster_t4,11,24,11,24,13,3.25,7e-05,1,1,T4,14.2,57.0,15
synthetic_07512,cluster_t4,57,63,57,63,6,1.5,7e-05,1,1,T4,8.0,29.8017578125,15
synthetic_07513,cluster_g3,56,57,56,57,1,0.25,0.00035,1,1,,11.3,37.0,15
synthetic_07514,cluster_t4,14,19,14,19,5,1.25,7e-05,1,1,T4,4.0,24.0,15
synthetic_07515,cluster_p100,51,52,51,52,1,0.25,0.00025,1,1,P100,4.0,14.900390625,15
synthetic_07516,cluster_g2,50,52,50,52,2,0.5,0.00035,1,1,,11.908,46.0,15
synthetic_07517,cluster_g2,38,39,38,39,1,0.25,0.00035,1,1,G2,18.708,63.0,15
synthetic_07518,cluster_t4,38,51,38,51,13,3.25,7e-05,1,1,T4,4.0,29.8017578125,15
synthetic_07519,cluster_t4,21,22,21,22,1,0.25,7e-05,1,1,,11.3,48.0,15
synthetic_07520,cluster_t4,69,70,69,70,1,0.25,7e-05,1,1,,15.7,57.0,15
synthetic_07521,cluster_g2,55,56,55,56,1,0.25,0.00035,1,1,G2,18.708,63.0,15
synthetic_07522,cluster_v100m32,58,59,58,59,1,0.25,0.00025,1,1,,3.152,5.46875,15
synthetic_07523,cluster_t4,82,85,82,85,3,0.75,7e-05,1,1,T4,15.7,57.0,15
synthetic_07524,cluster_p100,69,74,69,74,5,1.25,0.00025,1,1,P100|V100M16|V100M32,11.4,76.0,15
synthetic_07525,cluster_v100m32,89,91,89,91,2,0.5,0.00025,1,1,,8.0,29.8017578125,15
synthetic_07526,cluster_t4,92,93,92,93,1,0.25,7e-05,1,1,T4,3.152,5.46875,15
synthetic_07527,cluster_v100m32,34,35,34,35,1,0.25,0.00025,1,1,,15.2,79.0,15
synthetic_07528,cluster_t4,2,5,2,5,3,0.75,7e-05,1,1,T4,11.4,47.0,15
synthetic_07529,cluster_v100m16,86,88,86,88,2,0.5,0.00025,1,1,,4.152,10.3515625,15
synthetic_07530,cluster_v100m32,43,44,43,44,1,0.25,0.00025,1,1,P100|V100M16|V100M32,4.0,24.0,15
synthetic_07531,cluster_g2,3,4,3,4,1,0.25,0.00035,1,1,,11.908,46.0,15
synthetic_07532,cluster_g2,34,38,34,38,4,1.0,0.00035,1,1,,3.152,5.46875,15
synthetic_07533,cluster_p100,30,32,30,32,2,0.5,0.00025,1,1,,11.4,47.0,15
synthetic_07534,cluster_p100,46,47,46,47,1,0.25,0.00025,1,1,,11.3,48.0,15
synthetic_07535,cluster_t4,0,1,0,1,1,0.25,7e-05,1,1,T4,12.0,16.0,15
synthetic_07536,cluster_g3,37,38,37,38,1,0.25,0.00035,1,1,,8.0,29.8017578125,15
synthetic_07537,cluster_p100,17,18,17,18,1,0.25,0.00025,1,1,,3.152,5.46875,15
synthetic_07538,cluster_g3,16,18,16,18,2,0.5,0.00035,1,1,,11.908,46.0,15
synthetic_07539,cluster_t4,56,61,56,61,5,1.25,7e-05,1,1,T4,4.0,24.0,15
synthetic_07540,cluster_g2,81,84,81,84,3,0.75,0.00035,1,1,G2,15.7,57.0,15
synthetic_07541,cluster_t4,40,48,40,48,8,2.0,7e-05,1,1,,8.0,29.8017578125,15
synthetic_07542,cluster_g3,36,39,36,39,3,0.75,0.00035,1,1,,4.152,10.3515625,15
synthetic_07543,cluster_g2,17,18,17,18,1,0.25,0.00035,1,1,A10|G2|P100|T4|V100M16|V100M32,3.152,5.46875,15
synthetic_07544,cluster_v100m32,84,85,84,85,1,0.25,0.00025,1,1,,3.152,5.46875,15
synthetic_07545,cluster_p100,92,94,92,94,2,0.5,0.00025,1,1,,14.2,57.0,15
synthetic_07546,cluster_p100,54,55,54,55,1,0.25,0.00025,1,1,,3.152,5.46875,15
synthetic_07547,cluster_v100m32,60,66,60,66,6,1.5,0.00025,1,1,,3.152,5.46875,15
synthetic_07548,cluster_g3,55,56,55,56,1,0.25,0.00035,1,1,,3.152,5.46875,15
synthetic_07549,cluster_t4,28,29,28,29,1,0.25,7e-05,1,1,,18.708,63.0,15
synthetic_07550,cluster_g2,40,45,40,45,5,1.25,0.00035,1,1,G2,4.0,24.0,15
synthetic_07551,cluster_t4,12,18,12,18,6,1.5,7e-05,1,1,,11.908,46.0,15
synthetic_07552,cluster_v100m16,11,14,11,14,3,0.75,0.00025,1,1,,4.0,29.8017578125,15
synthetic_07553,cluster_g2,83,85,83,85,2,0.5,0.0028,8,8,G2,88.0,320.0,15
synthetic_07554,cluster_g2,37,38,37,38,1,0.25,0.00035,1,1,,3.152,5.46875,15
synthetic_07555,cluster_g2,44,45,44,45,1,0.25,0.00035,1,1,,4.0,14.900390625,15
synthetic_07556,cluster_g3,1,2,1,2,1,0.25,0.00035,1,1,,3.152,5.46875,15
synthetic_07557,cluster_t4,64,66,64,66,2,0.5,7e-05,1,1,T4,11.908,46.0,15
synthetic_07558,cluster_p100,50,51,50,51,1,0.25,0.00025,1,1,,3.152,5.46875,15
synthetic_07559,cluster_g3,57,58,57,58,1,0.25,0.00035,1,1,,8.0,29.8017578125,15
synthetic_07560,cluster_t4,42,44,42,44,2,0.5,7e-05,1,1,,11.908,46.0,15
synthetic_07561,cluster_p100,45,46,45,46,1,0.25,0.00025,1,1,P100,3.152,5.46875,15
synthetic_07562,cluster_g2,34,36,34,36,2,0.5,0.00035,1,1,,11.908,46.0,15
synthetic_07563,cluster_g2,83,86,83,86,3,0.75,0.00035,1,1,G2,9.81,40.5859375,15
synthetic_07564,cluster_g2,82,83,82,83,1,0.25,0.00035,1,1,,4.0,29.8017578125,15
synthetic_07565,cluster_t4,66,67,66,67,1,0.25,7e-05,1,1,,8.0,29.8017578125,15
synthetic_07566,cluster_v100m32,34,35,34,35,1,0.25,0.00025,1,1,,4.0,22.3515625,15
synthetic_07567,cluster_t4,28,31,28,31,3,0.75,7e-05,1,1,T4,9.81,40.5859375,15
synthetic_07568,cluster_g3,68,69,68,69,1,0.25,0.00035,1,1,,3.152,5.46875,15
synthetic_07569,cluster_t4,30,31,30,31,1,0.25,7e-05,1,1,T4,11.3,48.0,15
synthetic_07570,cluster_g3,46,52,46,52,6,1.5,0.00035,1,1,,11.3,48.0,15
synthetic_07571,cluster_t4,63,65,63,65,2,0.5,7e-05,1,1,,11.3,48.0,15
synthetic_07572,cluster_t4,11,26,11,26,15,3.75,7e-05,1,1,T4,8.0,29.8017578125,15
synthetic_07573,cluster_t4,43,59,43,59,16,4.0,7e-05,1,1,,16.0,64.0,15
synthetic_07574,cluster_t4,12,14,12,14,2,0.5,7e-05,1,1,A10|T4,8.2,33.0,15
synthetic_07575,cluster_g2,70,71,70,71,1,0.25,0.00035,1,1,,3.152,5.46875,15
synthetic_07576,cluster_p100,44,45,44,45,1,0.25,0.00025,1,1,,3.152,5.46875,15
synthetic_07577,cluster_p100,6,7,6,7,1,0.25,0.00025,1,1,,9.81,40.5859375,15
synthetic_07578,cluster_g2,18,19,18,19,1,0.25,0.00035,1,1,,3.152,5.46875,15
synthetic_07579,cluster_v100m32,25,26,25,26,1,0.25,0.00025,1,1,,3.152,5.46875,15
synthetic_07580,cluster_g3,61,62,61,62,1,0.25,0.00035,1,1,,8.0,29.8017578125,15
synthetic_07581,cluster_g3,27,34,27,34,7,1.75,0.00035,1,1,,4.0,29.8017578125,15
synthetic_07582,cluster_g3,81,82,81,82,1,0.25,0.00035,1,1,,3.152,5.46875,15
synthetic_07583,cluster_t4,36,37,36,37,1,0.25,7e-05,1,1,T4,3.152,5.46875,15
synthetic_07584,cluster_g3,14,15,14,15,1,0.25,0.00035,1,1,,18.708,63.0,15
synthetic_07585,cluster_v100m32,73,75,73,75,2,0.5,0.00025,1,1,V100M16|V100M32,11.3,48.0,15
synthetic_07586,cluster_v100m32,50,51,50,51,1,0.25,0.00025,1,1,V100M16|V100M32,11.3,48.0,15
synthetic_07587,cluster_t4,8,9,8,9,1,0.25,7e-05,1,1,T4,11.4,47.0,15
synthetic_07588,cluster_v100m32,54,55,54,55,1,0.25,0.00025,1,1,,4.0,22.3515625,15
synthetic_07589,cluster_g3,47,48,47,48,1,0.25,0.00035,1,1,,3.152,5.46875,15
synthetic_07590,cluster_v100m32,55,56,55,56,1,0.25,0.00025,1,1,,15.7,57.0,15
synthetic_07591,cluster_t4,78,79,78,79,1,0.25,7e-05,1,1,,11.3,48.0,15
synthetic_07592,cluster_g2,12,13,12,13,1,0.25,0.00035,1,1,,8.0,29.8017578125,15
synthetic_07593,cluster_v100m16,8,10,8,10,2,0.5,0.00025,1,1,,11.908,46.0,15
synthetic_07594,cluster_v100m16,19,23,19,23,4,1.0,0.00025,1,1,V100M16|V100M32,11.4,47.0,15
synthetic_07595,cluster_v100m16,43,44,43,44,1,0.25,0.00025,1,1,,18.708,63.0,15
synthetic_07596,cluster_t4,56,57,56,57,1,0.25,7e-05,1,1,T4,14.2,57.0,15
synthetic_07597,cluster_v100m32,40,41,40,41,1,0.25,0.00025,1,1,,3.152,5.46875,15
synthetic_07598,cluster_g2,10,11,10,11,1,0.25,0.0014,4,4,G2,60.2,313.0,15
synthetic_07599,cluster_t4,37,38,37,38,1,0.25,7e-05,1,1,T4,12.0,16.0,15
synthetic_07600,cluster_p100,34,35,34,35,1,0.25,0.00025,1,1,,11.4,47.0,15
synthetic_07601,cluster_g2,70,75,70,75,5,1.25,0.00035,1,1,G2,8.0,16.0,15
synthetic_07602,cluster_g2,9,10,9,10,1,0.25,0.00035,1,1,,3.152,5.46875,15
synthetic_07603,cluster_g2,61,63,61,63,2,0.5,0.00035,1,1,G2,14.2,57.0,15
synthetic_07604,cluster_v100m16,18,20,18,20,2,0.5,0.00025,1,1,,4.0,14.900390625,15
synthetic_07605,cluster_p100,42,43,42,43,1,0.25,0.00025,1,1,,11.4,47.0,15
synthetic_07606,cluster_g2,23,25,23,25,2,0.5,0.00035,1,1,G2|P100|T4|V100M16|V100M32,6.0,6.0,15
synthetic_07607,cluster_v100m32,52,53,52,53,1,0.25,0.00025,1,1,,11.908,46.0,15
synthetic_07608,cluster_p100,66,67,66,67,1,0.25,0.00025,1,1,,3.152,5.46875,15
synthetic_07609,cluster_v100m32,8,9,8,9,1,0.25,0.00025,1,1,,4.152,10.3515625,15
synthetic_07610,cluster_p100,59,60,59,60,1,0.25,0.00025,1,1,P100,8.0,29.8017578125,15
synthetic_07611,cluster_p100,55,57,55,57,2,0.5,0.00025,1,1,,3.152,5.46875,15
synthetic_07612,cluster_p100,3,5,3,5,2,0.5,0.00025,1,1,P100,4.0,29.8017578125,15
synthetic_07613,cluster_t4,43,49,43,49,6,1.5,7e-05,1,1,T4,4.0,30.517578125,15
synthetic_07614,cluster_g2,80,87,80,87,7,1.75,0.00035,1,1,,11.4,47.0,15
synthetic_07615,cluster_t4,70,75,70,75,5,1.25,7e-05,1,1,,8.2,33.0,15
synthetic_07616,cluster_t4,13,14,13,14,1,0.25,7e-05,1,1,T4,11.4,47.0,15
synthetic_07617,cluster_p100,6,13,6,13,7,1.75,0.00025,1,1,,11.4,47.0,15
synthetic_07618,cluster_g2,47,50,47,50,3,0.75,0.00035,1,1,,11.4,76.0,15
synthetic_07619,cluster_g2,30,31,30,31,1,0.25,0.0028,8,8,,64.2,257.0,15
synthetic_07620,cluster_t4,5,6,5,6,1,0.25,7e-05,1,1,,3.152,5.46875,15
synthetic_07621,cluster_p100,20,22,20,22,2,0.5,0.00025,1,1,,11.3,48.0,15
synthetic_07622,cluster_t4,66,70,66,70,4,1.0,7e-05,1,1,T4,9.81,40.5859375,15
synthetic_07623,cluster_t4,81,82,81,82,1,0.25,7e-05,1,1,,3.152,5.46875,15
synthetic_07624,cluster_v100m32,20,21,20,21,1,0.25,0.00025,1,1,,3.152,5.46875,15
synthetic_07625,cluster_t4,17,23,17,23,6,1.5,7e-05,1,1,T4,11.4,47.0,15
synthetic_07626,cluster_v100m16,53,54,53,54,1,0.25,0.00025,1,1,,4.0,29.8017578125,15
synthetic_07627,cluster_v100m16,85,86,85,86,1,0.25,0.00025,1,1,,3.152,5.46875,15
synthetic_07628,cluster_v100m32,29,30,29,30,1,0.25,0.00025,1,1,P100|V100M16|V100M32,11.4,47.0,15
synthetic_07629,cluster_p100,59,60,59,60,1,0.25,0.00025,1,1,,9.81,40.5859375,15
synthetic_07630,cluster_v100m16,84,85,84,85,1,0.25,0.00025,1,1,,11.3,48.0,15
synthetic_07631,cluster_v100m16,15,16,15,16,1,0.25,0.00025,1,1,,11.4,76.0,15
synthetic_07632,cluster_t4,49,54,49,54,5,1.25,7e-05,1,1,T4,4.0,14.900390625,15
synthetic_07633,cluster_g2,78,79,78,79,1,0.25,0.00035,1,1,G2,3.152,5.46875,15
synthetic_07634,cluster_p100,43,44,43,44,1,0.25,0.00025,1,1,,3.152,5.46875,15
synthetic_07635,cluster_t4,68,69,68,69,1,0.25,7e-05,1,1,T4,11.908,46.0,15
synthetic_07636,cluster_v100m16,68,70,68,70,2,0.5,0.00025,1,1,G2|P100|T4|V100M16|V100M32,4.0,14.900390625,15
synthetic_07637,cluster_p100,30,32,30,32,2,0.5,0.0005,2,2,,16.2,65.0,15
synthetic_07638,cluster_g2,16,20,16,20,4,1.0,0.00035,1,1,,11.3,48.0,15
synthetic_07639,cluster_g2,54,63,54,63,9,2.25,0.00035,1,1,G2,12.0,24.0,15
synthetic_07640,cluster_t4,3,4,3,4,1,0.25,7e-05,1,1,T4,12.0,24.0,15
synthetic_07641,cluster_v100m16,68,69,68,69,1,0.25,0.00025,1,1,,3.152,5.46875,15
synthetic_07642,cluster_p100,31,32,31,32,1,0.25,0.00025,1,1,,12.0,24.0,15
synthetic_07643,cluster_g2,58,61,58,61,3,0.75,0.00035,1,1,G2,9.81,40.5859375,15
synthetic_07644,cluster_p100,3,4,3,4,1,0.25,0.00025,1,1,,11.3,48.0,15
synthetic_07645,cluster_g2,72,80,72,80,8,2.0,0.00035,1,1,,12.0,15.0,15
synthetic_07646,cluster_v100m16,84,86,84,86,2,0.5,0.00025,1,1,,6.0,12.0,15
synthetic_07647,cluster_v100m16,67,68,67,68,1,0.25,0.00025,1,1,,3.152,5.46875,15
synthetic_07648,cluster_v100m16,12,13,12,13,1,0.25,0.00025,1,1,,8.0,29.8017578125,15
synthetic_07649,cluster_v100m32,87,88,87,88,1,0.25,0.00025,1,1,,11.3,48.0,15
synthetic_07650,cluster_t4,65,66,65,66,1,0.25,7e-05,1,1,T4,12.0,15.0,15
synthetic_07651,cluster_v100m16,44,47,44,47,3,0.75,0.00025,1,1,,12.0,24.0,15
synthetic_07652,cluster_p100,51,52,51,52,1,0.25,0.00025,1,1,P100,3.152,5.46875,15
synthetic_07653,cluster_t4,13,14,13,14,1,0.25,7e-05,1,1,,3.152,5.46875,15
synthetic_07654,cluster_v100m16,28,29,28,29,1,0.25,0.00025,1,1,P100|V100M16|V100M32,11.4,47.0,15
synthetic_07655,cluster_g3,59,64,59,64,5,1.25,0.00035,1,1,,11.908,46.0,15
synthetic_07656,cluster_t4,40,41,40,41,1,0.25,7e-05,1,1,T4,12.0,16.0,15
synthetic_07657,cluster_t4,27,31,27,31,4,1.0,7e-05,1,1,,11.4,47.0,15
synthetic_07658,cluster_p100,6,7,6,7,1,0.25,0.00025,1,1,,3.152,5.46875,15
synthetic_07659,cluster_g2,35,37,35,37,2,0.5,0.00035,1,1,G2,16.0,32.0,15
synthetic_07660,cluster_v100m16,38,39,38,39,1,0.25,0.00025,1,1,,11.3,48.0,15
synthetic_07661,cluster_v100m32,0,2,0,2,2,0.5,0.00025,1,1,,11.4,47.0,15
synthetic_07662,cluster_t4,71,73,71,73,2,0.5,7e-05,1,1,T4,11.3,48.0,15
synthetic_07663,cluster_g2,56,57,56,57,1,0.25,0.00035,1,1,,8.0,29.8017578125,15
synthetic_07664,cluster_g3,9,10,9,10,1,0.25,0.00035,1,1,,11.908,46.0,15
synthetic_07665,cluster_v100m32,81,87,81,87,6,1.5,0.00025,1,1,,12.0,16.0,15
synthetic_07666,cluster_v100m32,59,60,59,60,1,0.25,0.00025,1,1,,4.152,10.3515625,15
synthetic_07667,cluster_v100m32,19,20,19,20,1,0.25,0.00025,1,1,P100|V100M16|V100M32,11.3,48.0,15
synthetic_07668,cluster_g2,90,91,90,91,1,0.25,0.00035,1,1,,11.4,47.0,15
synthetic_07669,cluster_v100m16,55,56,55,56,1,0.25,0.00025,1,1,,11.3,48.0,15
synthetic_07670,cluster_g3,40,42,40,42,2,0.5,0.00035,1,1,,18.708,63.0,15
synthetic_07671,cluster_v100m32,53,54,53,54,1,0.25,0.00025,1,1,,4.0,22.3515625,15
synthetic_07672,cluster_p100,25,26,25,26,1,0.25,0.00025,1,1,P100,11.908,46.0,15
synthetic_07673,cluster_t4,81,82,81,82,1,0.25,7e-05,1,1,,18.708,63.0,15
synthetic_07674,cluster_g2,32,37,32,37,5,1.25,0.00035,1,1,G2,4.0,24.0,15
synthetic_07675,cluster_t4,54,55,54,55,1,0.25,7e-05,1,1,T4,12.0,16.0,15
synthetic_07676,cluster_v100m32,78,79,78,79,1,0.25,0.00025,1,1,,11.908,46.0,15
synthetic_07677,cluster_p100,54,55,54,55,1,0.25,0.00025,1,1,,15.7,57.0,15
synthetic_07678,cluster_g3,88,89,88,89,1,0.25,0.00035,1,1,,18.708,63.0,15
synthetic_07679,cluster_v100m32,78,79,78,79,1,0.25,0.00025,1,1,V100M16|V100M32,18.708,63.0,15
synthetic_07680,cluster_g3,59,60,59,60,1,0.25,0.00035,1,1,,3.152,5.46875,15
synthetic_07681,cluster_g3,36,37,36,37,1,0.25,0.00035,1,1,,11.3,48.0,15
synthetic_07682,cluster_t4,18,29,18,29,11,2.75,7e-05,1,1,T4,11.4,47.0,15
synthetic_07683,cluster_t4,4,5,4,5,1,0.25,7e-05,1,1,,11.3,48.0,15
synthetic_07684,cluster_p100,26,27,26,27,1,0.25,0.00025,1,1,P100,6.0,6.0,15
synthetic_07685,cluster_t4,46,48,46,48,2,0.5,7e-05,1,1,T4,16.0,32.0,15
synthetic_07686,cluster_g2,77,78,77,78,1,0.25,0.00035,1,1,,4.152,10.3515625,15
synthetic_07687,cluster_p100,62,63,62,63,1,0.25,0.00025,1,1,,12.0,16.0,15
synthetic_07688,cluster_g2,89,91,89,91,2,0.5,0.00035,1,1,,18.708,63.0,15
synthetic_07689,cluster_v100m32,26,27,26,27,1,0.25,0.00025,1,1,,8.0,29.8017578125,15
synthetic_07690,cluster_g2,21,25,21,25,4,1.0,0.00035,1,1,G2,11.3,48.0,15
synthetic_07691,cluster_v100m16,18,21,18,21,3,0.75,0.00025,1,1,,11.4,47.0,15
synthetic_07692,cluster_t4,91,92,91,92,1,0.25,7e-05,1,1,T4,3.152,5.46875,15
synthetic_07693,cluster_p100,19,20,19,20,1,0.25,0.00025,1,1,,4.152,10.3515625,15
synthetic_07694,cluster_t4,16,22,16,22,6,1.5,7e-05,1,1,T4,3.152,5.46875,15
synthetic_07695,cluster_g2,30,42,30,42,12,3.0,0.00035,1,1,G2,11.3,37.0,15
synthetic_07696,cluster_t4,90,92,90,92,2,0.5,7e-05,1,1,T4,3.152,5.46875,15
synthetic_07697,cluster_g2,1,3,1,3,2,0.5,0.00035,1,1,,12.0,16.0,15
synthetic_07698,cluster_p100,54,55,54,55,1,0.25,0.00025,1,1,,11.908,46.0,15
synthetic_07699,cluster_t4,69,70,69,70,1,0.25,7e-05,1,1,T4,18.708,63.0,15
synthetic_07700,cluster_v100m32,43,45,43,45,2,0.5,0.00025,1,1,,16.0,32.0,15
synthetic_07701,cluster_v100m16,41,42,41,42,1,0.25,0.00025,1,1,,4.0,22.3515625,15
synthetic_07702,cluster_t4,10,11,10,11,1,0.25,7e-05,1,1,T4,3.152,5.46875,15
synthetic_07703,cluster_v100m16,10,15,10,15,5,1.25,0.00025,1,1,,4.0,24.0,15
synthetic_07704,cluster_t4,60,61,60,61,1,0.25,7e-05,1,1,,11.908,46.0,15
synthetic_07705,cluster_t4,64,65,64,65,1,0.25,7e-05,1,1,T4,3.152,5.46875,15
synthetic_07706,cluster_t4,33,34,33,34,1,0.25,7e-05,1,1,T4,11.3,48.0,15
synthetic_07707,cluster_p100,71,72,71,72,1,0.25,0.00025,1,1,,8.0,29.8017578125,15
synthetic_07708,cluster_g2,52,59,52,59,7,1.75,0.00035,1,1,G2,18.708,63.0,15
synthetic_07709,cluster_g3,19,24,19,24,5,1.25,0.00035,1,1,,11.4,76.0,15
synthetic_07710,cluster_g2,28,29,28,29,1,0.25,0.00035,1,1,,3.152,5.46875,15
synthetic_07711,cluster_t4,67,68,67,68,1,0.25,7e-05,1,1,,11.4,47.0,15
synthetic_07712,cluster_g3,71,72,71,72,1,0.25,0.00035,1,1,G3,11.3,48.0,15
synthetic_07713,cluster_g3,52,56,52,56,4,1.0,0.00035,1,1,,11.908,46.0,15
synthetic_07714,cluster_v100m16,51,55,51,55,4,1.0,0.00025,1,1,,9.81,40.5859375,15
synthetic_07715,cluster_g2,89,92,89,92,3,0.75,0.00035,1,1,,12.0,24.0,15
synthetic_07716,cluster_v100m32,20,21,20,21,1,0.25,0.00025,1,1,,11.4,47.0,15
synthetic_07717,cluster_t4,25,37,25,37,12,3.0,7e-05,1,1,T4,4.152,10.3515625,15
synthetic_07718,cluster_g3,79,80,79,80,1,0.25,0.00035,1,1,,3.152,5.46875,15
synthetic_07719,cluster_v100m32,59,61,59,61,2,0.5,0.00025,1,1,,8.2,33.0,15
synthetic_07720,cluster_t4,9,13,9,13,4,1.0,7e-05,1,1,T4,16.0,32.0,15
synthetic_07721,cluster_t4,61,62,61,62,1,0.25,7e-05,1,1,,4.0,22.3515625,15
synthetic_07722,cluster_t4,73,75,73,75,2,0.5,7e-05,1,1,,11.3,48.0,15
synthetic_07723,cluster_g2,85,86,85,86,1,0.25,0.00035,1,1,,3.152,5.46875,15
synthetic_07724,cluster_g2,79,80,79,80,1,0.25,0.00035,1,1,,11.908,46.0,15
synthetic_07725,cluster_p100,95,96,95,96,1,0.25,0.00025,1,1,,11.4,47.0,15
synthetic_07726,cluster_p100,86,89,86,89,3,0.75,0.00025,1,1,,15.7,57.0,15
synthetic_07727,cluster_g2,47,48,47,48,1,0.25,0.00035,1,1,G2,11.4,47.0,15
synthetic_07728,cluster_t4,90,92,90,92,2,0.5,7e-05,1,1,,4.0,14.900390625,15
synthetic_07729,cluster_v100m32,41,53,41,53,12,3.0,0.00025,1,1,P100|T4|V100M16|V100M32,18.708,63.0,15
synthetic_07730,cluster_g3,52,55,52,55,3,0.75,0.00035,1,1,,4.0,14.900390625,15
synthetic_07731,cluster_p100,39,40,39,40,1,0.25,0.00025,1,1,,18.708,63.0,15
synthetic_07732,cluster_v100m32,78,81,78,81,3,0.75,0.00025,1,1,,11.908,46.0,15
synthetic_07733,cluster_v100m32,26,35,26,35,9,2.25,0.00025,1,1,,24.2,91.0,15
synthetic_07734,cluster_g2,87,89,87,89,2,0.5,0.00035,1,1,,12.0,16.0,15
synthetic_07735,cluster_p100,63,64,63,64,1,0.25,0.00025,1,1,,11.4,47.0,15
synthetic_07736,cluster_v100m32,88,91,88,91,3,0.75,0.00025,1,1,,11.3,48.0,15
synthetic_07737,cluster_v100m16,80,83,80,83,3,0.75,0.00025,1,1,,11.3,48.0,15
synthetic_07738,cluster_t4,35,36,35,36,1,0.25,7e-05,1,1,T4,16.0,64.0,15
synthetic_07739,cluster_v100m16,77,78,77,78,1,0.25,0.00025,1,1,,11.3,48.0,15
synthetic_07740,cluster_t4,95,96,95,96,1,0.25,7e-05,1,1,T4,3.152,5.46875,15
synthetic_07741,cluster_t4,42,44,42,44,2,0.5,7e-05,1,1,,3.152,5.46875,15
synthetic_07742,cluster_t4,4,10,4,10,6,1.5,7e-05,1,1,,4.0,24.0,15
synthetic_07743,cluster_v100m16,1,2,1,2,1,0.25,0.00025,1,1,,3.152,5.46875,15
synthetic_07744,cluster_p100,63,64,63,64,1,0.25,0.00025,1,1,,3.152,5.46875,15
synthetic_07745,cluster_v100m16,55,57,55,57,2,0.5,0.00025,1,1,,4.0,32.0,15
synthetic_07746,cluster_g2,59,60,59,60,1,0.25,0.00035,1,1,,11.3,48.0,15
synthetic_07747,cluster_g2,5,6,5,6,1,0.25,0.00035,1,1,G2,11.3,48.0,15
synthetic_07748,cluster_t4,22,23,22,23,1,0.25,7e-05,1,1,,3.152,5.46875,15
synthetic_07749,cluster_g2,78,80,78,80,2,0.5,0.00035,1,1,,6.0,12.0,15
synthetic_07750,cluster_g2,59,61,59,61,2,0.5,0.00035,1,1,,2.0,16.0,15
synthetic_07751,cluster_g2,12,14,12,14,2,0.5,0.00035,1,1,G2,12.0,16.0,15
synthetic_07752,cluster_v100m32,43,44,43,44,1,0.25,0.00025,1,1,,3.152,5.46875,15
synthetic_07753,cluster_v100m16,30,33,30,33,3,0.75,0.00025,1,1,,11.908,46.0,15
synthetic_07754,cluster_v100m16,15,16,15,16,1,0.25,0.00025,1,1,,18.708,63.0,15
synthetic_07755,cluster_v100m32,8,9,8,9,1,0.25,0.00025,1,1,,12.0,16.0,15
synthetic_07756,cluster_v100m16,74,76,74,76,2,0.5,0.00025,1,1,,11.3,48.0,15
synthetic_07757,cluster_t4,22,26,22,26,4,1.0,7e-05,1,1,,8.0,16.0,15
synthetic_07758,cluster_t4,37,38,37,38,1,0.25,7e-05,1,1,T4,11.908,46.0,15
synthetic_07759,cluster_v100m16,14,30,14,30,16,4.0,0.00025,1,1,,8.0,29.8017578125,15
synthetic_07760,cluster_g2,90,91,90,91,1,0.25,0.00035,1,1,,11.3,48.0,15
synthetic_07761,cluster_g2,6,18,6,18,12,3.0,0.00035,1,1,,11.908,46.0,15
synthetic_07762,cluster_t4,40,42,40,42,2,0.5,7e-05,1,1,T4,8.0,16.0,15
synthetic_07763,cluster_v100m32,42,43,42,43,1,0.25,0.00025,1,1,,3.152,5.46875,15
synthetic_07764,cluster_v100m16,42,43,42,43,1,0.25,0.00025,1,1,V100M16|V100M32,11.9,76.0,15
synthetic_07765,cluster_g2,33,34,33,34,1,0.25,0.00035,1,1,,18.708,63.0,15
synthetic_07766,cluster_v100m32,65,78,65,78,13,3.25,0.00025,1,1,,3.152,5.46875,15
synthetic_07767,cluster_p100,29,30,29,30,1,0.25,0.00025,1,1,,3.152,5.46875,15
synthetic_07768,cluster_t4,56,57,56,57,1,0.25,7e-05,1,1,T4,3.152,5.46875,15
synthetic_07769,cluster_g2,28,30,28,30,2,0.5,0.00035,1,1,,8.0,29.8017578125,15
synthetic_07770,cluster_v100m32,7,12,7,12,5,1.25,0.00025,1,1,,16.0,32.0,15
synthetic_07771,cluster_g2,3,10,3,10,7,1.75,0.00035,1,1,,12.0,16.0,15
synthetic_07772,cluster_v100m32,50,51,50,51,1,0.25,0.00025,1,1,,8.0,29.8017578125,15
synthetic_07773,cluster_t4,77,78,77,78,1,0.25,7e-05,1,1,,3.152,5.46875,15
synthetic_07774,cluster_t4,24,25,24,25,1,0.25,7e-05,1,1,T4,3.152,5.46875,15
synthetic_07775,cluster_p100,28,29,28,29,1,0.25,0.00025,1,1,P100|V100M16|V100M32,15.4,88.0,15
synthetic_07776,cluster_v100m16,55,56,55,56,1,0.25,0.00025,1,1,,9.81,40.5859375,15
synthetic_07777,cluster_p100,1,2,1,2,1,0.25,0.00025,1,1,P100,8.0,29.8017578125,15
synthetic_07778,cluster_t4,80,86,80,86,6,1.5,7e-05,1,1,T4,3.152,5.46875,15
synthetic_07779,cluster_t4,26,27,26,27,1,0.25,7e-05,1,1,T4,11.3,48.0,15
synthetic_07780,cluster_v100m32,68,69,68,69,1,0.25,0.00025,1,1,,11.908,46.0,15
synthetic_07781,cluster_g2,12,15,12,15,3,0.75,0.00035,1,1,,15.2,79.0,15
synthetic_07782,cluster_t4,10,12,10,12,2,0.5,7e-05,1,1,T4,3.152,5.46875,15
synthetic_07783,cluster_t4,83,84,83,84,1,0.25,7e-05,1,1,,11.908,46.0,15
synthetic_07784,cluster_g3,73,75,73,75,2,0.5,0.00035,1,1,,15.2,79.0,15
synthetic_07785,cluster_g2,51,55,51,55,4,1.0,0.00035,1,1,,3.152,5.46875,15
synthetic_07786,cluster_p100,69,77,69,77,8,2.0,0.00025,1,1,P100,8.0,29.8017578125,15
synthetic_07787,cluster_p100,3,4,3,4,1,0.25,0.00025,1,1,,3.152,5.46875,15
synthetic_07788,cluster_p100,63,66,63,66,3,0.75,0.00025,1,1,,15.7,57.0,15
synthetic_07789,cluster_g2,4,17,4,17,13,3.25,0.00035,1,1,,8.0,29.8017578125,15
synthetic_07790,cluster_v100m32,50,53,50,53,3,0.75,0.00025,1,1,,12.0,24.0,15
synthetic_07791,cluster_v100m32,63,64,63,64,1,0.25,0.00025,1,1,V100M32,3.152,5.46875,15
synthetic_07792,cluster_t4,5,6,5,6,1,0.25,7e-05,1,1,T4,3.152,5.46875,15
synthetic_07793,cluster_v100m16,81,82,81,82,1,0.25,0.00025,1,1,,3.152,5.46875,15
synthetic_07794,cluster_g2,28,30,28,30,2,0.5,0.00035,1,1,,11.3,48.0,15
synthetic_07795,cluster_v100m32,29,31,29,31,2,0.5,0.00025,1,1,V100M16|V100M32,11.3,48.0,15
synthetic_07796,cluster_g3,61,62,61,62,1,0.25,0.0028,8,8,G3,88.0,320.0,15
synthetic_07797,cluster_t4,24,27,24,27,3,0.75,7e-05,1,1,,9.81,40.5859375,15
synthetic_07798,cluster_t4,71,74,71,74,3,0.75,7e-05,1,1,,9.81,40.5859375,15
synthetic_07799,cluster_p100,57,59,57,59,2,0.5,0.00025,1,1,,11.908,46.0,15
synthetic_07800,cluster_v100m32,89,90,89,90,1,0.25,0.00025,1,1,,11.3,48.0,15
synthetic_07801,cluster_g3,68,69,68,69,1,0.25,0.00035,1,1,,15.7,57.0,15
synthetic_07802,cluster_v100m32,67,68,67,68,1,0.25,0.00025,1,1,,11.908,46.0,15
synthetic_07803,cluster_p100,60,61,60,61,1,0.25,0.00025,1,1,,3.152,5.46875,15
synthetic_07804,cluster_t4,67,71,67,71,4,1.0,7e-05,1,1,T4,11.9,76.0,15
synthetic_07805,cluster_v100m16,43,44,43,44,1,0.25,0.00025,1,1,,4.0,14.900390625,15
synthetic_07806,cluster_v100m32,58,60,58,60,2,0.5,0.00025,1,1,V100M16|V100M32,11.4,47.0,15
synthetic_07807,cluster_p100,18,20,18,20,2,0.5,0.00025,1,1,,3.152,5.46875,15
synthetic_07808,cluster_v100m32,45,46,45,46,1,0.25,0.00025,1,1,P100|V100M16|V100M32,11.3,48.0,15
synthetic_07809,cluster_t4,47,48,47,48,1,0.25,7e-05,1,1,,3.152,5.46875,15
synthetic_07810,cluster_p100,36,37,36,37,1,0.25,0.00025,1,1,,3.152,5.46875,15
synthetic_07811,cluster_t4,77,78,77,78,1,0.25,0.00014,2,2,,16.2,65.0,15
synthetic_07812,cluster_p100,77,78,77,78,1,0.25,0.00025,1,1,P100,11.908,46.0,15
synthetic_07813,cluster_p100,53,56,53,56,3,0.75,0.00025,1,1,,11.908,46.0,15
synthetic_07814,cluster_v100m16,31,34,31,34,3,0.75,0.00025,1,1,V100M16|V100M32,11.3,48.0,15
synthetic_07815,cluster_v100m16,38,49,38,49,11,2.75,0.00025,1,1,,14.2,57.0,15
synthetic_07816,cluster_p100,39,40,39,40,1,0.25,0.00025,1,1,P100,6.0,12.0,15
synthetic_07817,cluster_g2,86,87,86,87,1,0.25,0.00035,1,1,,4.0,29.8017578125,15
synthetic_07818,cluster_g2,73,74,73,74,1,0.25,0.00035,1,1,G2,3.152,5.46875,15
synthetic_07819,cluster_g2,39,40,39,40,1,0.25,0.00035,1,1,,11.4,47.0,15
synthetic_07820,cluster_p100,32,37,32,37,5,1.25,0.00025,1,1,,4.0,29.8017578125,15
synthetic_07821,cluster_p100,64,65,64,65,1,0.25,0.00025,1,1,,3.152,5.46875,15
synthetic_07822,cluster_g2,62,76,62,76,14,3.5,0.00035,1,1,,3.152,5.46875,15
synthetic_07823,cluster_g2,72,83,72,83,11,2.75,0.00035,1,1,,3.152,5.46875,15
synthetic_07824,cluster_p100,58,59,58,59,1,0.25,0.00025,1,1,,4.0,22.3515625,15
synthetic_07825,cluster_g2,77,78,77,78,1,0.25,0.00035,1,1,,3.152,5.46875,15
synthetic_07826,cluster_v100m32,74,75,74,75,1,0.25,0.00025,1,1,,3.152,5.46875,15
synthetic_07827,cluster_t4,73,74,73,74,1,0.25,7e-05,1,1,T4,11.908,46.0,15
synthetic_07828,cluster_g3,67,69,67,69,2,0.5,0.00035,1,1,,11.4,47.0,15
synthetic_07829,cluster_v100m32,47,49,47,49,2,0.5,0.00025,1,1,,14.2,57.0,15
synthetic_07830,cluster_t4,43,45,43,45,2,0.5,7e-05,1,1,T4,3.152,5.46875,15
synthetic_07831,cluster_t4,95,96,95,96,1,0.25,7e-05,1,1,T4,3.152,5.46875,15
synthetic_07832,cluster_t4,69,71,69,71,2,0.5,7e-05,1,1,,8.0,29.8017578125,15
synthetic_07833,cluster_t4,17,18,17,18,1,0.25,7e-05,1,1,T4,11.3,48.0,15
synthetic_07834,cluster_t4,37,38,37,38,1,0.25,7e-05,1,1,T4,3.152,5.46875,15
synthetic_07835,cluster_t4,5,11,5,11,6,1.5,7e-05,1,1,T4,1.0,6.0,15
synthetic_07836,cluster_v100m16,0,8,0,8,8,2.0,0.00025,1,1,,11.4,47.0,15
synthetic_07837,cluster_g2,76,77,76,77,1,0.25,0.00035,1,1,,4.0,22.3515625,15
synthetic_07838,cluster_t4,92,93,92,93,1,0.25,7e-05,1,1,T4,3.152,5.46875,15
synthetic_07839,cluster_g2,6,14,6,14,8,2.0,0.00035,1,1,,24.2,91.0,15
synthetic_07840,cluster_g3,71,72,71,72,1,0.25,0.00035,1,1,G3,9.81,40.5859375,15
synthetic_07841,cluster_g2,26,28,26,28,2,0.5,0.00035,1,1,,11.3,48.0,15
synthetic_07842,cluster_g2,62,63,62,63,1,0.25,0.00035,1,1,,11.4,47.0,15
synthetic_07843,cluster_g2,26,27,26,27,1,0.25,0.00035,1,1,,3.152,5.46875,15
synthetic_07844,cluster_g3,27,28,27,28,1,0.25,0.00035,1,1,,3.152,5.46875,15
synthetic_07845,cluster_p100,47,49,47,49,2,0.5,0.00025,1,1,,3.152,5.46875,15
synthetic_07846,cluster_p100,19,31,19,31,12,3.0,0.00025,1,1,,3.152,5.46875,15
synthetic_07847,cluster_p100,29,30,29,30,1,0.25,0.00025,1,1,P100|V100M16|V100M32,18.708,63.0,15
synthetic_07848,cluster_t4,10,11,10,11,1,0.25,7e-05,1,1,,16.0,64.0,15
synthetic_07849,cluster_v100m32,58,59,58,59,1,0.25,0.00025,1,1,,11.3,48.0,15
synthetic_07850,cluster_p100,6,8,6,8,2,0.5,0.00025,1,1,,8.0,29.8017578125,15
synthetic_07851,cluster_t4,76,77,76,77,1,0.25,7e-05,1,1,T4,11.4,47.0,15
synthetic_07852,cluster_v100m32,50,51,50,51,1,0.25,0.00025,1,1,,11.908,46.0,15
synthetic_07853,cluster_v100m16,1,2,1,2,1,0.25,0.00025,1,1,,11.4,47.0,15
synthetic_07854,cluster_t4,73,74,73,74,1,0.25,7e-05,1,1,,11.3,48.0,15
synthetic_07855,cluster_g2,22,24,22,24,2,0.5,0.00035,1,1,,11.4,47.0,15
synthetic_07856,cluster_g2,90,93,90,93,3,0.75,0.00035,1,1,,4.0,29.8017578125,15
synthetic_07857,cluster_g2,6,14,6,14,8,2.0,0.00035,1,1,G2,6.0,32.0,15
synthetic_07858,cluster_t4,28,30,28,30,2,0.5,7e-05,1,1,,3.152,5.46875,15
synthetic_07859,cluster_t4,84,86,84,86,2,0.5,7e-05,1,1,,8.0,16.0,15
synthetic_07860,cluster_t4,66,72,66,72,6,1.5,7e-05,1,1,,8.0,32.0,15
synthetic_07861,cluster_p100,49,51,49,51,2,0.5,0.00025,1,1,,11.4,47.0,15
synthetic_07862,cluster_v100m16,12,18,12,18,6,1.5,0.00025,1,1,,12.0,16.0,15
synthetic_07863,cluster_g2,12,14,12,14,2,0.5,0.00035,1,1,,6.0,6.0,15
synthetic_07864,cluster_v100m32,27,28,27,28,1,0.25,0.00025,1,1,,11.908,46.0,15
synthetic_07865,cluster_g2,1,4,1,4,3,0.75,0.00035,1,1,,15.7,57.0,15
synthetic_07866,cluster_t4,37,50,37,50,13,3.25,7e-05,1,1,T4,12.0,46.0,15
synthetic_07867,cluster_g3,45,46,45,46,1,0.25,0.00035,1,1,,12.0,24.0,15
synthetic_07868,cluster_t4,13,14,13,14,1,0.25,7e-05,1,1,T4,3.152,5.46875,15
synthetic_07869,cluster_t4,15,16,15,16,1,0.25,7e-05,1,1,T4,3.152,5.46875,15
synthetic_07870,cluster_t4,44,47,44,47,3,0.75,7e-05,1,1,T4,11.3,48.0,15
synthetic_07871,cluster_t4,50,51,50,51,1,0.25,7e-05,1,1,T4,18.708,63.0,15
synthetic_07872,cluster_v100m32,42,47,42,47,5,1.25,0.00025,1,1,,15.2,79.0,15
synthetic_07873,cluster_g2,5,6,5,6,1,0.25,0.00035,1,1,,3.152,5.46875,15
synthetic_07874,cluster_v100m16,13,14,13,14,1,0.25,0.00025,1,1,,4.0,22.3515625,15
synthetic_07875,cluster_p100,65,66,65,66,1,0.25,0.00025,1,1,,4.0,14.900390625,15
synthetic_07876,cluster_t4,39,40,39,40,1,0.25,7e-05,1,1,T4,3.152,5.46875,15
synthetic_07877,cluster_t4,76,77,76,77,1,0.25,7e-05,1,1,T4,6.0,12.0,15
synthetic_07878,cluster_t4,86,88,86,88,2,0.5,7e-05,1,1,T4,3.152,5.46875,15
synthetic_07879,cluster_p100,36,37,36,37,1,0.25,0.00025,1,1,,3.152,5.46875,15
synthetic_07880,cluster_t4,30,41,30,41,11,2.75,7e-05,1,1,T4,11.908,46.0,15
synthetic_07881,cluster_g2,48,49,48,49,1,0.25,0.00035,1,1,,3.152,5.46875,15
synthetic_07882,cluster_g3,84,88,84,88,4,1.0,0.00035,1,1,,18.708,63.0,15
synthetic_07883,cluster_t4,83,92,83,92,9,2.25,7e-05,1,1,,11.908,46.0,15
synthetic_07884,cluster_v100m16,79,80,79,80,1,0.25,0.00025,1,1,,11.3,48.0,15
synthetic_07885,cluster_t4,85,90,85,90,5,1.25,7e-05,1,1,T4,11.9,76.0,15
synthetic_07886,cluster_v100m32,87,88,87,88,1,0.25,0.00025,1,1,,8.0,29.8017578125,15
synthetic_07887,cluster_g2,35,38,35,38,3,0.75,0.00035,1,1,G2,18.708,63.0,15
synthetic_07888,cluster_p100,52,53,52,53,1,0.25,0.00025,1,1,,18.708,63.0,15
synthetic_07889,cluster_v100m32,70,75,70,75,5,1.25,0.00025,1,1,,12.0,16.0,15
synthetic_07890,cluster_g3,72,77,72,77,5,1.25,0.00035,1,1,,15.2,79.0,15
synthetic_07891,cluster_p100,19,20,19,20,1,0.25,0.00025,1,1,,11.3,48.0,15
synthetic_07892,cluster_g3,35,36,35,36,1,0.25,0.00035,1,1,,8.0,29.8017578125,15
synthetic_07893,cluster_p100,30,31,30,31,1,0.25,0.00025,1,1,P100,8.0,29.8017578125,15
synthetic_07894,cluster_v100m32,89,90,89,90,1,0.25,0.00025,1,1,,8.0,29.8017578125,15
synthetic_07895,cluster_g2,15,27,15,27,12,3.0,0.00035,1,1,,4.0,22.3515625,15
synthetic_07896,cluster_v100m16,56,60,56,60,4,1.0,0.00025,1,1,,3.152,5.46875,15
synthetic_07897,cluster_v100m32,47,51,47,51,4,1.0,0.00025,1,1,,11.4,47.0,15
synthetic_07898,cluster_v100m16,44,45,44,45,1,0.25,0.00025,1,1,,11.908,46.0,15
synthetic_07899,cluster_t4,78,82,78,82,4,1.0,7e-05,1,1,T4,8.0,32.0,15
synthetic_07900,cluster_v100m32,51,52,51,52,1,0.25,0.00025,1,1,,4.152,10.3515625,15
synthetic_07901,cluster_g3,8,10,8,10,2,0.5,0.00035,1,1,,3.152,5.46875,15
synthetic_07902,cluster_g3,53,54,53,54,1,0.25,0.00035,1,1,,11.908,46.0,15
synthetic_07903,cluster_t4,25,27,25,27,2,0.5,7e-05,1,1,,11.3,48.0,15
synthetic_07904,cluster_t4,66,67,66,67,1,0.25,7e-05,1,1,T4,11.908,46.0,15
synthetic_07905,cluster_t4,31,32,31,32,1,0.25,7e-05,1,1,T4,11.3,48.0,15
synthetic_07906,cluster_g3,8,9,8,9,1,0.25,0.00035,1,1,G3,9.81,40.5859375,15
synthetic_07907,cluster_p100,54,55,54,55,1,0.25,0.00025,1,1,P100,8.0,29.8017578125,15
synthetic_07908,cluster_t4,32,35,32,35,3,0.75,7e-05,1,1,T4,15.7,57.0,15
synthetic_07909,cluster_t4,82,84,82,84,2,0.5,7e-05,1,1,T4,11.3,48.0,15
synthetic_07910,cluster_g3,93,95,93,95,2,0.5,0.00035,1,1,,3.152,5.46875,15
synthetic_07911,cluster_t4,9,10,9,10,1,0.25,7e-05,1,1,T4,9.81,40.5859375,15
synthetic_07912,cluster_t4,9,10,9,10,1,0.25,7e-05,1,1,T4,11.4,47.0,15
synthetic_07913,cluster_g3,28,29,28,29,1,0.25,0.00035,1,1,,11.3,48.0,15
synthetic_07914,cluster_g2,2,7,2,7,5,1.25,0.00035,1,1,,4.0,14.900390625,15
synthetic_07915,cluster_g2,18,22,18,22,4,1.0,0.00035,1,1,,11.4,47.0,15
synthetic_07916,cluster_t4,23,29,23,29,6,1.5,7e-05,1,1,,8.0,16.0,15
synthetic_07917,cluster_v100m16,60,61,60,61,1,0.25,0.00025,1,1,,11.3,48.0,15
synthetic_07918,cluster_v100m32,69,72,69,72,3,0.75,0.00025,1,1,,11.908,46.0,15
synthetic_07919,cluster_g3,2,4,2,4,2,0.5,0.00035,1,1,G3,8.0,16.0,15
synthetic_07920,cluster_p100,80,81,80,81,1,0.25,0.00025,1,1,,3.152,5.46875,15
synthetic_07921,cluster_p100,24,29,24,29,5,1.25,0.00025,1,1,P100,11.908,46.0,15
synthetic_07922,cluster_t4,34,35,34,35,1,0.25,7e-05,1,1,T4,4.0,29.8017578125,15
synthetic_07923,cluster_t4,23,24,23,24,1,0.25,7e-05,1,1,G2|P100|T4|V100M16|V100M32,11.3,48.0,15
synthetic_07924,cluster_v100m16,58,59,58,59,1,0.25,0.00025,1,1,,4.0,14.900390625,15
synthetic_07925,cluster_t4,79,81,79,81,2,0.5,7e-05,1,1,T4,18.708,63.0,15
synthetic_07926,cluster_t4,92,93,92,93,1,0.25,7e-05,1,1,,3.152,5.46875,15
synthetic_07927,cluster_v100m32,18,20,18,20,2,0.5,0.00025,1,1,P100|V100M16|V100M32,8.0,16.0,15
synthetic_07928,cluster_g2,95,96,95,96,1,0.25,0.00035,1,1,,3.152,5.46875,15
synthetic_07929,cluster_v100m32,30,32,30,32,2,0.5,0.00025,1,1,,11.4,47.0,15
synthetic_07930,cluster_t4,8,9,8,9,1,0.25,7e-05,1,1,T4,12.0,24.0,15
synthetic_07931,cluster_t4,29,41,29,41,12,3.0,7e-05,1,1,T4,4.0,22.3515625,15
synthetic_07932,cluster_g2,0,1,0,1,1,0.25,0.00035,1,1,,4.0,16.0,15
synthetic_07933,cluster_t4,37,38,37,38,1,0.25,7e-05,1,1,T4,3.152,5.46875,15
synthetic_07934,cluster_v100m32,84,85,84,85,1,0.25,0.00025,1,1,,9.81,40.5859375,15
synthetic_07935,cluster_p100,68,69,68,69,1,0.25,0.00025,1,1,,3.152,5.46875,15
synthetic_07936,cluster_g3,12,13,12,13,1,0.25,0.00035,1,1,,12.0,16.0,15
synthetic_07937,cluster_v100m16,93,94,93,94,1,0.25,0.00025,1,1,,18.708,63.0,15
synthetic_07938,cluster_g2,42,48,42,48,6,1.5,0.00035,1,1,G2,8.0,16.0,15
synthetic_07939,cluster_t4,5,10,5,10,5,1.25,7e-05,1,1,,11.908,46.0,15
synthetic_07940,cluster_v100m16,68,71,68,71,3,0.75,0.00025,1,1,,16.0,32.0,15
synthetic_07941,cluster_t4,40,42,40,42,2,0.5,7e-05,1,1,T4,11.3,48.0,15
synthetic_07942,cluster_v100m16,59,60,59,60,1,0.25,0.00025,1,1,,4.152,10.3515625,15
synthetic_07943,cluster_g2,55,56,55,56,1,0.25,0.00035,1,1,,11.4,47.0,15
synthetic_07944,cluster_p100,85,86,85,86,1,0.25,0.00025,1,1,,3.152,5.46875,15
synthetic_07945,cluster_g2,56,62,56,62,6,1.5,0.00035,1,1,G2,9.81,40.5859375,15
synthetic_07946,cluster_g2,43,44,43,44,1,0.25,0.00035,1,1,,11.3,48.0,15
synthetic_07947,cluster_t4,86,89,86,89,3,0.75,7e-05,1,1,T4,16.4,123.0,15
synthetic_07948,cluster_g2,74,75,74,75,1,0.25,0.00035,1,1,,11.908,46.0,15
synthetic_07949,cluster_t4,13,14,13,14,1,0.25,7e-05,1,1,,3.152,5.46875,15
synthetic_07950,cluster_v100m16,95,96,95,96,1,0.25,0.00025,1,1,,8.0,29.8017578125,15
synthetic_07951,cluster_v100m16,83,84,83,84,1,0.25,0.00025,1,1,,11.908,46.0,15
synthetic_07952,cluster_v100m16,52,54,52,54,2,0.5,0.00025,1,1,,6.0,18.0,15
synthetic_07953,cluster_v100m32,38,41,38,41,3,0.75,0.00025,1,1,,11.908,46.0,15
synthetic_07954,cluster_g2,49,50,49,50,1,0.25,0.00035,1,1,,14.2,57.0,15
synthetic_07955,cluster_g3,65,70,65,70,5,1.25,0.0007,2,2,,6.0,64.0,15
synthetic_07956,cluster_t4,46,47,46,47,1,0.25,7e-05,1,1,T4,11.3,48.0,15
synthetic_07957,cluster_p100,11,12,11,12,1,0.25,0.00025,1,1,P100,11.908,46.0,15
synthetic_07958,cluster_g3,42,44,42,44,2,0.5,0.00035,1,1,,11.3,48.0,15
synthetic_07959,cluster_t4,34,35,34,35,1,0.25,7e-05,1,1,T4,3.152,5.46875,15
synthetic_07960,cluster_t4,61,62,61,62,1,0.25,7e-05,1,1,T4,3.152,5.46875,15
synthetic_07961,cluster_g3,49,59,49,59,10,2.5,0.00035,1,1,,8.0,16.0,15
synthetic_07962,cluster_t4,24,25,24,25,1,0.25,7e-05,1,1,T4,11.4,47.0,15
synthetic_07963,cluster_p100,25,30,25,30,5,1.25,0.00025,1,1,P100,11.908,46.0,15
synthetic_07964,cluster_t4,52,63,52,63,11,2.75,7e-05,1,1,T4,11.908,46.0,15
synthetic_07965,cluster_v100m16,68,69,68,69,1,0.25,0.00025,1,1,V100M16|V100M32,11.3,48.0,15
synthetic_07966,cluster_g3,13,15,13,15,2,0.5,0.00035,1,1,,8.2,33.0,15
synthetic_07967,cluster_t4,1,2,1,2,1,0.25,7e-05,1,1,,3.152,5.46875,15
synthetic_07968,cluster_g2,55,56,55,56,1,0.25,0.00035,1,1,G2,11.3,48.0,15
synthetic_07969,cluster_g3,38,40,38,40,2,0.5,0.00035,1,1,,11.4,47.0,15
synthetic_07970,cluster_v100m16,62,64,62,64,2,0.5,0.00025,1,1,A10|G2|T4|V100M16|V100M32,11.3,48.0,15
synthetic_07971,cluster_t4,81,82,81,82,1,0.25,7e-05,1,1,T4,3.152,5.46875,15
synthetic_07972,cluster_t4,25,35,25,35,10,2.5,7e-05,1,1,T4,3.152,5.46875,15
synthetic_07973,cluster_v100m32,24,29,24,29,5,1.25,0.00025,1,1,V100M16|V100M32,4.0,24.0,15
synthetic_07974,cluster_p100,68,69,68,69,1,0.25,0.00025,1,1,,3.152,5.46875,15
synthetic_07975,cluster_t4,16,28,16,28,12,3.0,7e-05,1,1,T4,12.0,16.0,15
synthetic_07976,cluster_g3,64,66,64,66,2,0.5,0.00035,1,1,,11.4,47.0,15
synthetic_07977,cluster_t4,37,38,37,38,1,0.25,7e-05,1,1,,4.0,29.8017578125,15
synthetic_07978,cluster_t4,22,24,22,24,2,0.5,7e-05,1,1,,8.0,29.8017578125,15
synthetic_07979,cluster_g2,10,13,10,13,3,0.75,0.00035,1,1,,15.7,57.0,15
synthetic_07980,cluster_g2,26,28,26,28,2,0.5,0.00035,1,1,,11.3,48.0,15
synthetic_07981,cluster_g2,86,87,86,87,1,0.25,0.00035,1,1,,4.152,10.3515625,15
synthetic_07982,cluster_v100m32,6,10,6,10,4,1.0,0.00025,1,1,,3.152,5.46875,15
synthetic_07983,cluster_g3,1,2,1,2,1,0.25,0.00035,1,1,,9.81,40.5859375,15
synthetic_07984,cluster_v100m16,29,33,29,33,4,1.0,0.00025,1,1,,11.4,47.0,15
synthetic_07985,cluster_t4,75,87,75,87,12,3.0,7e-05,1,1,T4,12.0,16.0,15
synthetic_07986,cluster_g2,33,34,33,34,1,0.25,0.00035,1,1,,3.152,5.46875,15
synthetic_07987,cluster_g3,32,33,32,33,1,0.25,0.00035,1,1,,11.4,47.0,15
synthetic_07988,cluster_v100m32,58,60,58,60,2,0.5,0.00025,1,1,,18.708,63.0,15
synthetic_07989,cluster_t4,55,70,55,70,15,3.75,7e-05,1,1,,12.0,15.0,15
synthetic_07990,cluster_v100m16,91,93,91,93,2,0.5,0.00025,1,1,,16.4,123.0,15
synthetic_07991,cluster_t4,5,6,5,6,1,0.25,7e-05,1,1,,3.152,5.46875,15
synthetic_07992,cluster_g2,50,51,50,51,1,0.25,0.00035,1,1,G2,4.0,24.0,15
synthetic_07993,cluster_v100m16,61,62,61,62,1,0.25,0.00025,1,1,,8.0,29.8017578125,15
synthetic_07994,cluster_t4,57,58,57,58,1,0.25,7e-05,1,1,,3.152,5.46875,15
synthetic_07995,cluster_v100m32,66,68,66,68,2,0.5,0.00025,1,1,,11.4,47.0,15
synthetic_07996,cluster_g3,72,73,72,73,1,0.25,0.00035,1,1,,11.3,48.0,15
synthetic_07997,cluster_g3,19,21,19,21,2,0.5,0.00035,1,1,,11.3,37.0,15
synthetic_07998,cluster_g3,80,82,80,82,2,0.5,0.00035,1,1,,11.908,46.0,15
synthetic_07999,cluster_t4,88,90,88,90,2,0.5,7e-05,1,1,,8.0,29.8017578125,15
synthetic_08000,cluster_t4,25,27,25,27,2,0.5,7e-05,1,1,T4,8.0,29.8017578125,15
synthetic_08001,cluster_t4,12,18,12,18,6,1.5,7e-05,1,1,T4,8.0,29.8017578125,15
synthetic_08002,cluster_t4,33,36,33,36,3,0.75,7e-05,1,1,T4,11.4,47.0,15
synthetic_08003,cluster_t4,3,4,3,4,1,0.25,7e-05,1,1,,11.4,47.0,15
synthetic_08004,cluster_g2,55,59,55,59,4,1.0,0.00035,1,1,,15.7,57.0,15
synthetic_08005,cluster_t4,8,9,8,9,1,0.25,7e-05,1,1,,3.152,5.46875,15
synthetic_08006,cluster_t4,30,32,30,32,2,0.5,7e-05,1,1,T4,16.0,32.0,15
synthetic_08007,cluster_v100m32,46,47,46,47,1,0.25,0.00025,1,1,,6.0,6.0,15
synthetic_08008,cluster_p100,41,42,41,42,1,0.25,0.00025,1,1,,3.152,5.46875,15
synthetic_08009,cluster_t4,94,95,94,95,1,0.25,7e-05,1,1,T4,9.81,40.5859375,15
synthetic_08010,cluster_v100m16,23,24,23,24,1,0.25,0.00025,1,1,,3.152,5.46875,15
synthetic_08011,cluster_t4,92,93,92,93,1,0.25,7e-05,1,1,T4,3.152,5.46875,15
synthetic_08012,cluster_v100m32,6,7,6,7,1,0.25,0.00025,1,1,G2|P100|T4|V100M16|V100M32,8.0,29.8017578125,15
synthetic_08013,cluster_g2,67,68,67,68,1,0.25,0.00035,1,1,G2,8.0,16.0,15
synthetic_08014,cluster_t4,76,77,76,77,1,0.25,7e-05,1,1,T4,11.908,46.0,15
synthetic_08015,cluster_v100m32,10,18,10,18,8,2.0,0.00025,1,1,V100M16|V100M32,4.0,30.517578125,15
synthetic_08016,cluster_v100m32,48,49,48,49,1,0.25,0.00025,1,1,,6.0,6.0,15
synthetic_08017,cluster_t4,64,65,64,65,1,0.25,7e-05,1,1,T4,11.3,48.0,15
synthetic_08018,cluster_p100,11,12,11,12,1,0.25,0.00025,1,1,,3.152,5.46875,15
synthetic_08019,cluster_v100m32,55,58,55,58,3,0.75,0.00025,1,1,,24.2,91.0,15
synthetic_08020,cluster_p100,20,22,20,22,2,0.5,0.00025,1,1,,3.152,5.46875,15
synthetic_08021,cluster_t4,49,52,49,52,3,0.75,7e-05,1,1,T4,16.0,32.0,15
synthetic_08022,cluster_g2,93,94,93,94,1,0.25,0.00035,1,1,,3.152,5.46875,15
synthetic_08023,cluster_v100m32,21,24,21,24,3,0.75,0.00025,1,1,,15.7,57.0,15
synthetic_08024,cluster_v100m16,47,48,47,48,1,0.25,0.00025,1,1,,11.3,48.0,15
synthetic_08025,cluster_g3,69,71,69,71,2,0.5,0.00035,1,1,,4.0,14.900390625,15
synthetic_08026,cluster_g3,51,52,51,52,1,0.25,0.00035,1,1,,3.152,5.46875,15
synthetic_08027,cluster_p100,57,65,57,65,8,2.0,0.00025,1,1,P100,8.0,29.8017578125,15
synthetic_08028,cluster_v100m16,55,60,55,60,5,1.25,0.00025,1,1,,11.4,47.0,15
synthetic_08029,cluster_g2,47,52,47,52,5,1.25,0.00035,1,1,G2,4.0,24.0,15
synthetic_08030,cluster_t4,73,75,73,75,2,0.5,7e-05,1,1,T4,3.152,5.46875,15
synthetic_08031,cluster_g2,21,22,21,22,1,0.25,0.00035,1,1,,3.152,5.46875,15
synthetic_08032,cluster_t4,86,87,86,87,1,0.25,7e-05,1,1,T4,11.3,48.0,15
synthetic_08033,cluster_g2,42,43,42,43,1,0.25,0.00035,1,1,,18.708,63.0,15
synthetic_08034,cluster_p100,73,78,73,78,5,1.25,0.00025,1,1,,12.0,24.0,15
synthetic_08035,cluster_t4,34,35,34,35,1,0.25,7e-05,1,1,T4,8.0,29.8017578125,15
synthetic_08036,cluster_p100,23,24,23,24,1,0.25,0.00025,1,1,,11.3,48.0,15
synthetic_08037,cluster_g2,61,63,61,63,2,0.5,0.00035,1,1,,11.4,47.0,15
synthetic_08038,cluster_v100m32,78,80,78,80,2,0.5,0.00025,1,1,,11.3,48.0,15
synthetic_08039,cluster_t4,14,15,14,15,1,0.25,7e-05,1,1,T4,3.152,5.46875,15
synthetic_08040,cluster_v100m16,24,26,24,26,2,0.5,0.00025,1,1,P100|V100M16|V100M32,11.3,48.0,15
synthetic_08041,cluster_t4,14,15,14,15,1,0.25,7e-05,1,1,T4,3.152,5.46875,15
synthetic_08042,cluster_t4,78,93,78,93,15,3.75,7e-05,1,1,T4,3.152,5.46875,15
synthetic_08043,cluster_t4,15,17,15,17,2,0.5,7e-05,1,1,,3.152,5.46875,15
synthetic_08044,cluster_g2,75,76,75,76,1,0.25,0.00035,1,1,,8.71,40.5859375,15
synthetic_08045,cluster_g2,18,19,18,19,1,0.25,0.00035,1,1,,11.3,48.0,15
synthetic_08046,cluster_g2,30,32,30,32,2,0.5,0.00035,1,1,,11.3,48.0,15
synthetic_08047,cluster_g2,29,30,29,30,1,0.25,0.00035,1,1,,11.3,48.0,15
synthetic_08048,cluster_g3,46,48,46,48,2,0.5,0.00035,1,1,,11.3,48.0,15
synthetic_08049,cluster_t4,34,35,34,35,1,0.25,7e-05,1,1,,4.0,14.900390625,15
synthetic_08050,cluster_v100m16,85,86,85,86,1,0.25,0.00025,1,1,,8.0,29.8017578125,15
synthetic_08051,cluster_g2,53,54,53,54,1,0.25,0.00035,1,1,,3.152,5.46875,15
synthetic_08052,cluster_g3,2,7,2,7,5,1.25,0.00035,1,1,G3,4.0,24.0,15
synthetic_08053,cluster_p100,56,57,56,57,1,0.25,0.00025,1,1,,11.4,47.0,15
synthetic_08054,cluster_v100m16,87,91,87,91,4,1.0,0.00025,1,1,,12.0,16.0,15
synthetic_08055,cluster_g3,66,68,66,68,2,0.5,0.00035,1,1,,3.152,5.46875,15
synthetic_08056,cluster_t4,78,80,78,80,2,0.5,7e-05,1,1,,12.0,16.0,15
synthetic_08057,cluster_v100m32,81,86,81,86,5,1.25,0.00025,1,1,,4.0,30.517578125,15
synthetic_08058,cluster_g2,87,88,87,88,1,0.25,0.00035,1,1,,11.908,46.0,15
synthetic_08059,cluster_v100m16,15,16,15,16,1,0.25,0.00025,1,1,,11.908,46.0,15
synthetic_08060,cluster_t4,42,43,42,43,1,0.25,7e-05,1,1,T4,11.4,47.0,15
synthetic_08061,cluster_g3,42,44,42,44,2,0.5,0.00035,1,1,,3.152,5.46875,15
synthetic_08062,cluster_t4,60,73,60,73,13,3.25,7e-05,1,1,,8.0,29.8017578125,15
synthetic_08063,cluster_t4,32,38,32,38,6,1.5,7e-05,1,1,T4,4.0,30.517578125,15
synthetic_08064,cluster_p100,35,37,35,37,2,0.5,0.00025,1,1,,11.3,48.0,15
synthetic_08065,cluster_t4,48,49,48,49,1,0.25,7e-05,1,1,T4,3.152,5.46875,15
synthetic_08066,cluster_v100m32,62,64,62,64,2,0.5,0.00025,1,1,,11.908,46.0,15
synthetic_08067,cluster_g2,21,24,21,24,3,0.75,0.00035,1,1,,4.0,14.900390625,15
synthetic_08068,cluster_g3,34,39,34,39,5,1.25,0.00035,1,1,,3.152,5.46875,15
synthetic_08069,cluster_v100m16,8,12,8,12,4,1.0,0.00025,1,1,,11.3,48.0,15
synthetic_08070,cluster_p100,31,32,31,32,1,0.25,0.00025,1,1,,3.152,5.46875,15
synthetic_08071,cluster_v100m32,45,51,45,51,6,1.5,0.00025,1,1,,3.152,5.46875,15
synthetic_08072,cluster_p100,8,9,8,9,1,0.25,0.00025,1,1,,18.708,63.0,15
synthetic_08073,cluster_v100m32,40,55,40,55,15,3.75,0.00025,1,1,,8.0,29.8017578125,15
synthetic_08074,cluster_t4,10,13,10,13,3,0.75,7e-05,1,1,,11.4,47.0,15
synthetic_08075,cluster_g2,32,35,32,35,3,0.75,0.00035,1,1,,11.3,48.0,15
synthetic_08076,cluster_p100,76,78,76,78,2,0.5,0.00025,1,1,,11.4,47.0,15
synthetic_08077,cluster_t4,74,78,74,78,4,1.0,7e-05,1,1,T4,18.708,63.0,15
synthetic_08078,cluster_p100,83,84,83,84,1,0.25,0.00025,1,1,P100,8.0,29.8017578125,15
synthetic_08079,cluster_g3,57,58,57,58,1,0.25,0.00035,1,1,,11.9,76.0,15
synthetic_08080,cluster_t4,92,93,92,93,1,0.25,7e-05,1,1,T4,8.0,29.8017578125,15
synthetic_08081,cluster_t4,55,56,55,56,1,0.25,7e-05,1,1,T4,11.3,48.0,15
synthetic_08082,cluster_t4,27,30,27,30,3,0.75,7e-05,1,1,,9.81,40.5859375,15
synthetic_08083,cluster_v100m16,4,6,4,6,2,0.5,0.00025,1,1,,11.4,47.0,15
synthetic_08084,cluster_t4,63,65,63,65,2,0.5,7e-05,1,1,T4,11.4,47.0,15
synthetic_08085,cluster_t4,49,50,49,50,1,0.25,7e-05,1,1,T4,11.4,76.0,15
synthetic_08086,cluster_v100m16,49,51,49,51,2,0.5,0.00025,1,1,,14.2,57.0,15
synthetic_08087,cluster_t4,62,63,62,63,1,0.25,7e-05,1,1,T4,3.152,5.46875,15
synthetic_08088,cluster_v100m32,53,54,53,54,1,0.25,0.00025,1,1,P100|T4|V100M16|V100M32,11.3,48.0,15
synthetic_08089,cluster_g2,24,25,24,25,1,0.25,0.00035,1,1,,11.3,48.0,15
synthetic_08090,cluster_v100m16,88,91,88,91,3,0.75,0.00025,1,1,,11.4,47.0,15
synthetic_08091,cluster_p100,75,78,75,78,3,0.75,0.00025,1,1,,8.0,16.0,15
synthetic_08092,cluster_v100m32,13,15,13,15,2,0.5,0.00025,1,1,,4.0,29.8017578125,15
synthetic_08093,cluster_v100m32,72,73,72,73,1,0.25,0.00025,1,1,,9.81,40.5859375,15
synthetic_08094,cluster_g2,67,69,67,69,2,0.5,0.00035,1,1,,4.0,14.900390625,15
synthetic_08095,cluster_t4,9,12,9,12,3,0.75,7e-05,1,1,T4,16.4,123.0,15
synthetic_08096,cluster_v100m32,95,96,95,96,1,0.25,0.00025,1,1,,3.152,5.46875,15
synthetic_08097,cluster_v100m16,74,78,74,78,4,1.0,0.00025,1,1,V100M16,11.3,48.0,15
synthetic_08098,cluster_g3,12,13,12,13,1,0.25,0.00035,1,1,,11.908,46.0,15
synthetic_08099,cluster_g3,93,95,93,95,2,0.5,0.00035,1,1,,11.908,46.0,15
synthetic_08100,cluster_t4,71,72,71,72,1,0.25,7e-05,1,1,T4,8.0,29.8017578125,15
synthetic_08101,cluster_t4,60,71,60,71,11,2.75,7e-05,1,1,T4,4.0,22.3515625,15
synthetic_08102,cluster_v100m32,77,79,77,79,2,0.5,0.00025,1,1,,18.708,63.0,15
synthetic_08103,cluster_v100m32,33,34,33,34,1,0.25,0.00025,1,1,,3.152,5.46875,15
synthetic_08104,cluster_p100,32,47,32,47,15,3.75,0.00025,1,1,,11.908,46.0,15
synthetic_08105,cluster_g3,38,39,38,39,1,0.25,0.00035,1,1,,3.152,5.46875,15
synthetic_08106,cluster_t4,4,5,4,5,1,0.25,7e-05,1,1,T4,3.152,5.46875,15
synthetic_08107,cluster_g3,39,40,39,40,1,0.25,0.00035,1,1,,3.152,5.46875,15
synthetic_08108,cluster_t4,82,83,82,83,1,0.25,7e-05,1,1,T4,3.152,5.46875,15
synthetic_08109,cluster_p100,30,31,30,31,1,0.25,0.00025,1,1,,3.152,5.46875,15
synthetic_08110,cluster_g2,73,74,73,74,1,0.25,0.00035,1,1,,9.81,40.5859375,15
synthetic_08111,cluster_t4,19,20,19,20,1,0.25,7e-05,1,1,,11.908,46.0,15
synthetic_08112,cluster_t4,5,13,5,13,8,2.0,7e-05,1,1,T4,11.4,47.0,15
synthetic_08113,cluster_p100,16,17,16,17,1,0.25,0.00025,1,1,,3.152,5.46875,15
synthetic_08114,cluster_g2,26,27,26,27,1,0.25,0.00035,1,1,,4.0,14.900390625,15
synthetic_08115,cluster_v100m16,87,88,87,88,1,0.25,0.00025,1,1,,15.7,57.0,15
synthetic_08116,cluster_v100m16,20,29,20,29,9,2.25,0.00025,1,1,V100M16|V100M32,18.708,63.0,15
synthetic_08117,cluster_t4,63,64,63,64,1,0.25,7e-05,1,1,T4,3.152,5.46875,15
synthetic_08118,cluster_g3,27,28,27,28,1,0.25,0.00035,1,1,,3.152,5.46875,15
synthetic_08119,cluster_v100m32,47,48,47,48,1,0.25,0.00025,1,1,,18.708,63.0,15
synthetic_08120,cluster_p100,86,87,86,87,1,0.25,0.00025,1,1,,11.3,48.0,15
synthetic_08121,cluster_g3,71,72,71,72,1,0.25,0.00035,1,1,,3.152,5.46875,15
synthetic_08122,cluster_v100m16,2,14,2,14,12,3.0,0.00025,1,1,,8.0,29.8017578125,15
synthetic_08123,cluster_g2,28,29,28,29,1,0.25,0.00035,1,1,G2,3.152,5.46875,15
synthetic_08124,cluster_v100m16,11,12,11,12,1,0.25,0.00025,1,1,,3.152,5.46875,15
synthetic_08125,cluster_v100m16,95,96,95,96,1,0.25,0.00025,1,1,,3.152,5.46875,15
synthetic_08126,cluster_g2,92,94,92,94,2,0.5,0.00035,1,1,,11.4,47.0,15
synthetic_08127,cluster_g2,15,16,15,16,1,0.25,0.00035,1,1,,12.0,24.0,15
synthetic_08128,cluster_p100,12,15,12,15,3,0.75,0.00025,1,1,,11.9,76.0,15
synthetic_08129,cluster_g3,83,84,83,84,1,0.25,0.00035,1,1,,11.3,48.0,15
synthetic_08130,cluster_t4,58,63,58,63,5,1.25,7e-05,1,1,,11.908,46.0,15
synthetic_08131,cluster_p100,60,63,60,63,3,0.75,0.00025,1,1,,11.3,48.0,15
synthetic_08132,cluster_p100,59,60,59,60,1,0.25,0.00025,1,1,P100,4.152,10.3515625,15
synthetic_08133,cluster_t4,70,71,70,71,1,0.25,7e-05,1,1,T4,11.3,48.0,15
synthetic_08134,cluster_v100m32,86,88,86,88,2,0.5,0.00025,1,1,,4.152,10.3515625,15
synthetic_08135,cluster_g3,52,54,52,54,2,0.5,0.00035,1,1,,8.2,33.0,15
synthetic_08136,cluster_v100m16,13,17,13,17,4,1.0,0.00025,1,1,,11.908,46.0,15
synthetic_08137,cluster_v100m32,64,66,64,66,2,0.5,0.00025,1,1,P100|T4|V100M16|V100M32,11.3,48.0,15
synthetic_08138,cluster_v100m32,37,38,37,38,1,0.25,0.00025,1,1,V100M16|V100M32,3.152,5.46875,15
synthetic_08139,cluster_p100,47,53,47,53,6,1.5,0.00025,1,1,,15.7,57.0,15
synthetic_08140,cluster_g3,73,74,73,74,1,0.25,0.00035,1,1,,11.3,48.0,15
synthetic_08141,cluster_g2,34,35,34,35,1,0.25,0.00035,1,1,,4.0,22.3515625,15
synthetic_08142,cluster_t4,65,66,65,66,1,0.25,7e-05,1,1,,3.152,5.46875,15
synthetic_08143,cluster_v100m32,95,96,95,96,1,0.25,0.00025,1,1,,11.4,47.0,15
synthetic_08144,cluster_v100m16,38,39,38,39,1,0.25,0.00025,1,1,,8.0,29.8017578125,15
synthetic_08145,cluster_g2,73,74,73,74,1,0.25,0.00035,1,1,,3.152,5.46875,15
synthetic_08146,cluster_p100,32,33,32,33,1,0.25,0.00025,1,1,,11.908,46.0,15
synthetic_08147,cluster_p100,49,50,49,50,1,0.25,0.00025,1,1,,24.2,91.0,15
synthetic_08148,cluster_v100m16,14,15,14,15,1,0.25,0.00025,1,1,,3.152,5.46875,15
synthetic_08149,cluster_t4,63,64,63,64,1,0.25,7e-05,1,1,T4,11.3,48.0,15
synthetic_08150,cluster_v100m16,45,46,45,46,1,0.25,0.00025,1,1,,11.908,46.0,15
synthetic_08151,cluster_p100,75,76,75,76,1,0.25,0.00025,1,1,,3.152,5.46875,15
synthetic_08152,cluster_v100m32,51,53,51,53,2,0.5,0.00025,1,1,,12.0,16.0,15
synthetic_08153,cluster_t4,55,56,55,56,1,0.25,7e-05,1,1,,11.4,47.0,15
synthetic_08154,cluster_t4,27,29,27,29,2,0.5,7e-05,1,1,T4,12.0,16.0,15
synthetic_08155,cluster_g3,59,61,59,61,2,0.5,0.00035,1,1,,18.708,63.0,15
synthetic_08156,cluster_g2,47,48,47,48,1,0.25,0.00035,1,1,,3.152,5.46875,15
synthetic_08157,cluster_g3,29,30,29,30,1,0.25,0.00035,1,1,,8.0,29.8017578125,15
synthetic_08158,cluster_t4,77,78,77,78,1,0.25,7e-05,1,1,T4,8.0,29.8017578125,15
synthetic_08159,cluster_g2,84,91,84,91,7,1.75,0.00035,1,1,G2,4.0,30.517578125,15
synthetic_08160,cluster_t4,52,58,52,58,6,1.5,7e-05,1,1,T4,12.0,24.0,15
synthetic_08161,cluster_g3,50,51,50,51,1,0.25,0.00035,1,1,,11.3,48.0,15
synthetic_08162,cluster_t4,57,58,57,58,1,0.25,7e-05,1,1,,3.152,5.46875,15
synthetic_08163,cluster_g2,29,30,29,30,1,0.25,0.00035,1,1,G2,11.908,46.0,15
synthetic_08164,cluster_t4,17,20,17,20,3,0.75,7e-05,1,1,T4,18.708,63.0,15
synthetic_08165,cluster_t4,91,92,91,92,1,0.25,7e-05,1,1,,3.152,5.46875,15
synthetic_08166,cluster_v100m32,14,15,14,15,1,0.25,0.00025,1,1,,4.152,10.3515625,15
synthetic_08167,cluster_t4,13,14,13,14,1,0.25,7e-05,1,1,T4,3.152,5.46875,15
synthetic_08168,cluster_v100m16,93,94,93,94,1,0.25,0.00025,1,1,,11.3,48.0,15
synthetic_08169,cluster_t4,64,67,64,67,3,0.75,7e-05,1,1,T4,4.0,14.900390625,15
synthetic_08170,cluster_p100,9,13,9,13,4,1.0,0.00025,1,1,,11.4,47.0,15
synthetic_08171,cluster_g3,78,79,78,79,1,0.25,0.00035,1,1,G3,11.4,47.0,15
synthetic_08172,cluster_g2,71,73,71,73,2,0.5,0.00035,1,1,G2,11.4,47.0,15
synthetic_08173,cluster_v100m16,8,10,8,10,2,0.5,0.00025,1,1,,3.152,5.46875,15
synthetic_08174,cluster_p100,33,34,33,34,1,0.25,0.00025,1,1,,3.152,5.46875,15
synthetic_08175,cluster_v100m32,61,62,61,62,1,0.25,0.00025,1,1,,3.152,5.46875,15
synthetic_08176,cluster_g2,36,37,36,37,1,0.25,0.00035,1,1,,11.908,46.0,15
synthetic_08177,cluster_t4,42,47,42,47,5,1.25,0.00014,2,2,,6.0,64.0,15
synthetic_08178,cluster_p100,67,69,67,69,2,0.5,0.00025,1,1,,3.152,5.46875,15
synthetic_08179,cluster_g2,69,71,69,71,2,0.5,0.00035,1,1,G2,11.4,47.0,15
synthetic_08180,cluster_p100,52,53,52,53,1,0.25,0.00025,1,1,P100,3.152,5.46875,15
synthetic_08181,cluster_g2,66,68,66,68,2,0.5,0.00035,1,1,,8.0,32.0,15
synthetic_08182,cluster_v100m16,13,14,13,14,1,0.25,0.00025,1,1,,18.708,63.0,15
synthetic_08183,cluster_v100m16,40,42,40,42,2,0.5,0.00025,1,1,,8.0,16.0,15
synthetic_08184,cluster_v100m16,10,12,10,12,2,0.5,0.00025,1,1,,11.3,48.0,15
synthetic_08185,cluster_t4,89,90,89,90,1,0.25,7e-05,1,1,T4,3.152,5.46875,15
synthetic_08186,cluster_t4,87,88,87,88,1,0.25,7e-05,1,1,T4,11.3,48.0,15
synthetic_08187,cluster_t4,93,95,93,95,2,0.5,7e-05,1,1,,11.908,46.0,15
synthetic_08188,cluster_v100m16,44,46,44,46,2,0.5,0.00025,1,1,,11.4,76.0,15
synthetic_08189,cluster_t4,92,94,92,94,2,0.5,7e-05,1,1,T4,9.81,40.5859375,15
synthetic_08190,cluster_g2,18,20,18,20,2,0.5,0.00035,1,1,G2,15.4,88.0,15
synthetic_08191,cluster_t4,77,81,77,81,4,1.0,7e-05,1,1,,16.0,32.0,15
synthetic_08192,cluster_g3,17,20,17,20,3,0.75,0.00035,1,1,,11.4,47.0,15
synthetic_08193,cluster_t4,19,20,19,20,1,0.25,7e-05,1,1,,8.0,29.8017578125,15
synthetic_08194,cluster_v100m16,54,55,54,55,1,0.25,0.00025,1,1,,11.3,48.0,15
synthetic_08195,cluster_v100m32,32,33,32,33,1,0.25,0.00025,1,1,,11.4,47.0,15
synthetic_08196,cluster_v100m16,34,36,34,36,2,0.5,0.00025,1,1,,11.908,46.0,15
synthetic_08197,cluster_t4,12,13,12,13,1,0.25,7e-05,1,1,T4,8.0,29.8017578125,15
synthetic_08198,cluster_g2,8,12,8,12,4,1.0,0.00035,1,1,,11.3,37.0,15
synthetic_08199,cluster_v100m16,79,80,79,80,1,0.25,0.00025,1,1,,3.152,5.46875,15
synthetic_08200,cluster_g3,63,68,63,68,5,1.25,0.00035,1,1,,12.0,24.0,15
synthetic_08201,cluster_v100m32,38,40,38,40,2,0.5,0.00025,1,1,,3.152,5.46875,15
synthetic_08202,cluster_p100,28,29,28,29,1,0.25,0.00025,1,1,P100,11.908,46.0,15
synthetic_08203,cluster_v100m32,48,49,48,49,1,0.25,0.00025,1,1,A10|G2|T4|V100M16|V100M32,14.2,57.0,15
synthetic_08204,cluster_t4,49,50,49,50,1,0.25,7e-05,1,1,T4,11.3,48.0,15
synthetic_08205,cluster_t4,71,72,71,72,1,0.25,7e-05,1,1,T4,11.3,48.0,15
synthetic_08206,cluster_g3,70,71,70,71,1,0.25,0.00035,1,1,,4.0,29.8017578125,15
synthetic_08207,cluster_t4,78,80,78,80,2,0.5,7e-05,1,1,T4,11.4,47.0,15
synthetic_08208,cluster_g3,83,84,83,84,1,0.25,0.00035,1,1,,11.4,47.0,15
synthetic_08209,cluster_t4,28,29,28,29,1,0.25,7e-05,1,1,,11.908,46.0,15
synthetic_08210,cluster_g2,47,52,47,52,5,1.25,0.00035,1,1,,14.2,57.0,15
synthetic_08211,cluster_v100m16,47,48,47,48,1,0.25,0.00025,1,1,,11.3,48.0,15
synthetic_08212,cluster_t4,61,65,61,65,4,1.0,7e-05,1,1,T4,4.0,14.900390625,15
synthetic_08213,cluster_g3,85,87,85,87,2,0.5,0.00035,1,1,,3.152,5.46875,15
synthetic_08214,cluster_v100m32,11,14,11,14,3,0.75,0.00025,1,1,,9.81,40.5859375,15
synthetic_08215,cluster_g2,94,96,94,96,2,0.5,0.00035,1,1,G2,11.4,47.0,15
synthetic_08216,cluster_v100m32,53,54,53,54,1,0.25,0.00025,1,1,,11.908,46.0,15
synthetic_08217,cluster_v100m16,90,91,90,91,1,0.25,0.00025,1,1,,18.708,63.0,15
synthetic_08218,cluster_t4,10,11,10,11,1,0.25,7e-05,1,1,,11.3,48.0,15
synthetic_08219,cluster_v100m16,76,77,76,77,1,0.25,0.00025,1,1,,3.152,5.46875,15
synthetic_08220,cluster_p100,29,30,29,30,1,0.25,0.00025,1,1,,11.4,47.0,15
synthetic_08221,cluster_v100m16,35,36,35,36,1,0.25,0.00025,1,1,,15.2,79.0,15
synthetic_08222,cluster_t4,6,8,6,8,2,0.5,7e-05,1,1,,14.2,57.0,15
synthetic_08223,cluster_p100,78,80,78,80,2,0.5,0.00025,1,1,P100,11.908,46.0,15
synthetic_08224,cluster_g2,28,29,28,29,1,0.25,0.00035,1,1,,3.152,5.46875,15
synthetic_08225,cluster_p100,71,74,71,74,3,0.75,0.00025,1,1,,24.2,91.0,15
synthetic_08226,cluster_g3,27,28,27,28,1,0.25,0.00035,1,1,,3.152,5.46875,15
synthetic_08227,cluster_g2,61,64,61,64,3,0.75,0.00035,1,1,,11.908,46.0,15
synthetic_08228,cluster_v100m16,83,88,83,88,5,1.25,0.00025,1,1,V100M16|V100M32,4.0,24.0,15
synthetic_08229,cluster_p100,51,52,51,52,1,0.25,0.00025,1,1,,4.0,29.8017578125,15
synthetic_08230,cluster_t4,84,89,84,89,5,1.25,7e-05,1,1,T4,11.908,46.0,15
synthetic_08231,cluster_p100,5,7,5,7,2,0.5,0.00025,1,1,,8.0,29.8017578125,15
synthetic_08232,cluster_g2,79,80,79,80,1,0.25,0.00035,1,1,G2,18.708,63.0,15
synthetic_08233,cluster_v100m32,91,95,91,95,4,1.0,0.00025,1,1,,8.0,29.8017578125,15
synthetic_08234,cluster_g2,41,43,41,43,2,0.5,0.00035,1,1,,11.3,48.0,15
synthetic_08235,cluster_v100m16,49,54,49,54,5,1.25,0.00025,1,1,,4.0,24.0,15
synthetic_08236,cluster_v100m32,75,83,75,83,8,2.0,0.00025,1,1,,11.4,47.0,15
synthetic_08237,cluster_g2,47,50,47,50,3,0.75,0.00035,1,1,,15.7,57.0,15
synthetic_08238,cluster_v100m32,43,56,43,56,13,3.25,0.00025,1,1,,3.152,5.46875,15
synthetic_08239,cluster_t4,72,76,72,76,4,1.0,7e-05,1,1,T4,4.0,22.3515625,15
synthetic_08240,cluster_p100,15,16,15,16,1,0.25,0.00025,1,1,P100,4.0,22.3515625,15
synthetic_08241,cluster_v100m32,87,88,87,88,1,0.25,0.00025,1,1,,12.0,24.0,15
synthetic_08242,cluster_t4,30,31,30,31,1,0.25,7e-05,1,1,,3.152,5.46875,15
synthetic_08243,cluster_t4,83,84,83,84,1,0.25,7e-05,1,1,T4,4.152,10.3515625,15
synthetic_08244,cluster_p100,27,29,27,29,2,0.5,0.00025,1,1,,11.4,47.0,15
synthetic_08245,cluster_v100m32,55,57,55,57,2,0.5,0.00025,1,1,,3.152,5.46875,15
synthetic_08246,cluster_g3,17,18,17,18,1,0.25,0.00035,1,1,,3.152,5.46875,15
synthetic_08247,cluster_g2,25,39,25,39,14,3.5,0.00035,1,1,,4.0,29.8017578125,15
synthetic_08248,cluster_v100m16,9,10,9,10,1,0.25,0.00025,1,1,G2|P100|T4|V100M16|V100M32,8.0,29.8017578125,15
synthetic_08249,cluster_p100,65,81,65,81,16,4.0,0.00025,1,1,,11.908,46.0,15
synthetic_08250,cluster_t4,50,51,50,51,1,0.25,7e-05,1,1,T4,9.81,40.5859375,15
synthetic_08251,cluster_v100m32,17,18,17,18,1,0.25,0.00025,1,1,,3.152,5.46875,15
synthetic_08252,cluster_v100m16,31,32,31,32,1,0.25,0.00025,1,1,,24.2,91.0,15
synthetic_08253,cluster_v100m32,57,58,57,58,1,0.25,0.00025,1,1,,3.152,5.46875,15
synthetic_08254,cluster_v100m16,48,49,48,49,1,0.25,0.00025,1,1,,11.3,48.0,15
synthetic_08255,cluster_g2,72,73,72,73,1,0.25,0.00035,1,1,G2,3.152,5.46875,15
synthetic_08256,cluster_v100m32,10,25,10,25,15,3.75,0.0005,2,2,T4|V100M16|V100M32,16.2,65.0,15
synthetic_08257,cluster_p100,60,61,60,61,1,0.25,0.002,8,8,,64.2,257.0,15
synthetic_08258,cluster_t4,82,91,82,91,9,2.25,7e-05,1,1,T4,3.152,5.46875,15
synthetic_08259,cluster_p100,53,54,53,54,1,0.25,0.00025,1,1,,11.3,48.0,15
synthetic_08260,cluster_t4,77,79,77,79,2,0.5,7e-05,1,1,T4,4.0,30.517578125,15
synthetic_08261,cluster_g2,56,58,56,58,2,0.5,0.00035,1,1,G2,11.4,47.0,15
synthetic_08262,cluster_p100,21,25,21,25,4,1.0,0.00025,1,1,,8.0,29.8017578125,15
synthetic_08263,cluster_v100m32,18,20,18,20,2,0.5,0.00025,1,1,,8.2,33.0,15
synthetic_08264,cluster_v100m16,32,33,32,33,1,0.25,0.00025,1,1,P100|V100M16|V100M32,3.152,5.46875,15
synthetic_08265,cluster_t4,10,11,10,11,1,0.25,7e-05,1,1,T4,3.152,5.46875,15
synthetic_08266,cluster_g2,25,26,25,26,1,0.25,0.00035,1,1,G2,11.3,48.0,15
synthetic_08267,cluster_t4,2,3,2,3,1,0.25,7e-05,1,1,T4,4.152,10.3515625,15
synthetic_08268,cluster_p100,81,95,81,95,14,3.5,0.00025,1,1,P100,11.908,46.0,15
synthetic_08269,cluster_g2,8,9,8,9,1,0.25,0.00035,1,1,,11.908,46.0,15
synthetic_08270,cluster_t4,24,25,24,25,1,0.25,7e-05,1,1,,3.152,5.46875,15
synthetic_08271,cluster_v100m16,85,86,85,86,1,0.25,0.00025,1,1,,11.3,48.0,15
synthetic_08272,cluster_p100,72,80,72,80,8,2.0,0.00025,1,1,P100,8.0,29.8017578125,15
synthetic_08273,cluster_g2,79,80,79,80,1,0.25,0.00035,1,1,,11.3,48.0,15
synthetic_08274,cluster_v100m16,90,91,90,91,1,0.25,0.00025,1,1,,3.152,5.46875,15
synthetic_08275,cluster_v100m16,28,30,28,30,2,0.5,0.00025,1,1,,11.908,46.0,15
synthetic_08276,cluster_g2,21,22,21,22,1,0.25,0.00035,1,1,,3.152,5.46875,15
synthetic_08277,cluster_g2,29,31,29,31,2,0.5,0.00035,1,1,,4.0,29.8017578125,15
synthetic_08278,cluster_g3,55,56,55,56,1,0.25,0.00035,1,1,,11.908,46.0,15
synthetic_08279,cluster_p100,80,81,80,81,1,0.25,0.00025,1,1,,4.152,10.3515625,15
synthetic_08280,cluster_g3,16,21,16,21,5,1.25,0.00035,1,1,,11.908,46.0,15
synthetic_08281,cluster_v100m16,44,46,44,46,2,0.5,0.00025,1,1,,4.0,22.3515625,15
synthetic_08282,cluster_t4,73,74,73,74,1,0.25,7e-05,1,1,T4,3.152,5.46875,15
synthetic_08283,cluster_t4,28,29,28,29,1,0.25,7e-05,1,1,T4,11.4,47.0,15
synthetic_08284,cluster_t4,13,14,13,14,1,0.25,7e-05,1,1,T4,8.0,29.8017578125,15
synthetic_08285,cluster_p100,49,50,49,50,1,0.25,0.00025,1,1,,11.908,46.0,15
synthetic_08286,cluster_g2,94,95,94,95,1,0.25,0.00035,1,1,,3.152,5.46875,15
synthetic_08287,cluster_g3,6,8,6,8,2,0.5,0.00035,1,1,,11.908,46.0,15
synthetic_08288,cluster_g2,57,62,57,62,5,1.25,0.0014,4,4,G2,32.2,129.0,15
synthetic_08289,cluster_g3,68,74,68,74,6,1.5,0.00035,1,1,G3,11.4,47.0,15
synthetic_08290,cluster_g2,12,15,12,15,3,0.75,0.00035,1,1,,24.2,91.0,15
synthetic_08291,cluster_v100m16,62,64,62,64,2,0.5,0.00025,1,1,,4.0,22.3515625,15
synthetic_08292,cluster_t4,45,52,45,52,7,1.75,7e-05,1,1,T4,4.0,14.900390625,15
synthetic_08293,cluster_v100m32,80,81,80,81,1,0.25,0.00025,1,1,,8.0,32.0,15
synthetic_08294,cluster_v100m16,67,68,67,68,1,0.25,0.00025,1,1,,3.152,5.46875,15
synthetic_08295,cluster_p100,61,62,61,62,1,0.25,0.00025,1,1,,11.908,46.0,15
synthetic_08296,cluster_p100,6,19,6,19,13,3.25,0.00025,1,1,,11.908,46.0,15
synthetic_08297,cluster_v100m16,23,25,23,25,2,0.5,0.00025,1,1,,11.4,47.0,15
synthetic_08298,cluster_t4,20,21,20,21,1,0.25,7e-05,1,1,,11.4,47.0,15
synthetic_08299,cluster_t4,67,81,67,81,14,3.5,7e-05,1,1,T4,4.0,22.3515625,15
synthetic_08300,cluster_g2,68,69,68,69,1,0.25,0.00035,1,1,,3.152,5.46875,15
synthetic_08301,cluster_g3,24,31,24,31,7,1.75,0.00035,1,1,,24.2,91.0,15
synthetic_08302,cluster_g2,85,86,85,86,1,0.25,0.00035,1,1,G2,3.152,5.46875,15
synthetic_08303,cluster_v100m32,54,56,54,56,2,0.5,0.00025,1,1,,11.908,46.0,15
synthetic_08304,cluster_t4,81,82,81,82,1,0.25,7e-05,1,1,T4,8.0,29.8017578125,15
synthetic_08305,cluster_t4,37,38,37,38,1,0.25,7e-05,1,1,T4,4.0,14.900390625,15
synthetic_08306,cluster_g2,77,79,77,79,2,0.5,0.00035,1,1,A10|G2|T4|V100M16|V100M32,11.4,47.0,15
synthetic_08307,cluster_g2,38,39,38,39,1,0.25,0.00035,1,1,,11.908,46.0,15
synthetic_08308,cluster_t4,69,70,69,70,1,0.25,7e-05,1,1,,3.152,5.46875,15
synthetic_08309,cluster_g3,81,82,81,82,1,0.25,0.00035,1,1,,3.152,5.46875,15
synthetic_08310,cluster_g2,8,9,8,9,1,0.25,0.00035,1,1,,3.152,5.46875,15
synthetic_08311,cluster_v100m16,47,48,47,48,1,0.25,0.00025,1,1,,15.7,57.0,15
synthetic_08312,cluster_g3,17,19,17,19,2,0.5,0.00035,1,1,,3.152,5.46875,15
synthetic_08313,cluster_v100m16,80,82,80,82,2,0.5,0.00025,1,1,,16.0,32.0,15
synthetic_08314,cluster_v100m16,23,24,23,24,1,0.25,0.00025,1,1,V100M16|V100M32,3.152,5.46875,15
synthetic_08315,cluster_t4,56,60,56,60,4,1.0,7e-05,1,1,,15.7,57.0,15
synthetic_08316,cluster_g2,51,59,51,59,8,2.0,0.00035,1,1,,8.0,29.8017578125,15
synthetic_08317,cluster_v100m32,10,13,10,13,3,0.75,0.00025,1,1,,11.908,46.0,15
synthetic_08318,cluster_t4,67,68,67,68,1,0.25,7e-05,1,1,,11.908,46.0,15
synthetic_08319,cluster_v100m16,1,2,1,2,1,0.25,0.00025,1,1,,9.81,40.5859375,15
synthetic_08320,cluster_v100m16,59,60,59,60,1,0.25,0.00025,1,1,,11.3,48.0,15
synthetic_08321,cluster_g2,26,40,26,40,14,3.5,0.00035,1,1,G2,9.81,40.5859375,15
synthetic_08322,cluster_v100m32,19,25,19,25,6,1.5,0.00025,1,1,,11.4,47.0,15
synthetic_08323,cluster_g2,66,67,66,67,1,0.25,0.00035,1,1,,18.708,63.0,15
synthetic_08324,cluster_t4,52,55,52,55,3,0.75,7e-05,1,1,T4,11.3,48.0,15
synthetic_08325,cluster_g3,11,12,11,12,1,0.25,0.00035,1,1,,3.152,5.46875,15
synthetic_08326,cluster_t4,2,3,2,3,1,0.25,7e-05,1,1,,1.0,2.0,15
synthetic_08327,cluster_v100m16,13,16,13,16,3,0.75,0.00025,1,1,,11.4,47.0,15
synthetic_08328,cluster_g3,82,83,82,83,1,0.25,0.00035,1,1,,4.0,14.900390625,15
synthetic_08329,cluster_t4,19,20,19,20,1,0.25,7e-05,1,1,T4,3.152,5.46875,15
synthetic_08330,cluster_p100,11,16,11,16,5,1.25,0.00025,1,1,P100,4.0,14.900390625,15
synthetic_08331,cluster_g2,32,33,32,33,1,0.25,0.00035,1,1,G2,4.0,24.0,15
synthetic_08332,cluster_g3,42,43,42,43,1,0.25,0.00035,1,1,,4.0,29.8017578125,15
synthetic_08333,cluster_v100m32,93,94,93,94,1,0.25,0.0005,2,2,V100M32,16.2,65.0,15
synthetic_08334,cluster_v100m16,92,94,92,94,2,0.5,0.00025,1,1,,15.2,79.0,15
synthetic_08335,cluster_v100m16,93,95,93,95,2,0.5,0.00025,1,1,,8.0,16.0,15
synthetic_08336,cluster_v100m16,49,50,49,50,1,0.25,0.00025,1,1,,3.152,5.46875,15
synthetic_08337,cluster_v100m16,3,4,3,4,1,0.25,0.00025,1,1,,11.908,46.0,15
synthetic_08338,cluster_g2,40,42,40,42,2,0.5,0.00035,1,1,G2,11.4,47.0,15
synthetic_08339,cluster_g3,19,23,19,23,4,1.0,0.00035,1,1,,8.0,32.0,15
synthetic_08340,cluster_p100,87,88,87,88,1,0.25,0.00025,1,1,,11.3,48.0,15
synthetic_08341,cluster_g2,12,14,12,14,2,0.5,0.00035,1,1,G2,14.2,57.0,15
synthetic_08342,cluster_g3,71,72,71,72,1,0.25,0.00035,1,1,,11.908,46.0,15
synthetic_08343,cluster_v100m16,2,3,2,3,1,0.25,0.00025,1,1,,4.0,24.0,15
synthetic_08344,cluster_g2,59,60,59,60,1,0.25,0.00035,1,1,,8.0,29.8017578125,15
synthetic_08345,cluster_t4,39,41,39,41,2,0.5,7e-05,1,1,,4.0,14.900390625,15
synthetic_08346,cluster_p100,73,77,73,77,4,1.0,0.00025,1,1,,3.152,5.46875,15
synthetic_08347,cluster_v100m32,83,84,83,84,1,0.25,0.00025,1,1,,3.152,5.46875,15
synthetic_08348,cluster_p100,43,44,43,44,1,0.25,0.00025,1,1,,11.3,48.0,15
synthetic_08349,cluster_g2,65,68,65,68,3,0.75,0.00035,1,1,G2,8.0,16.0,15
synthetic_08350,cluster_t4,30,31,30,31,1,0.25,7e-05,1,1,P100|T4|V100M16|V100M32,11.3,48.0,15
synthetic_08351,cluster_g3,88,94,88,94,6,1.5,0.00035,1,1,G3,11.4,47.0,15
synthetic_08352,cluster_v100m32,77,79,77,79,2,0.5,0.00025,1,1,,4.0,14.900390625,15
synthetic_08353,cluster_v100m32,80,81,80,81,1,0.25,0.00025,1,1,,3.152,5.46875,15
synthetic_08354,cluster_t4,7,9,7,9,2,0.5,7e-05,1,1,T4,11.908,46.0,15
synthetic_08355,cluster_v100m32,13,14,13,14,1,0.25,0.00025,1,1,,3.152,5.46875,15
synthetic_08356,cluster_v100m32,51,52,51,52,1,0.25,0.00025,1,1,,3.152,5.46875,15
synthetic_08357,cluster_t4,69,70,69,70,1,0.25,7e-05,1,1,,3.152,5.46875,15
synthetic_08358,cluster_v100m32,79,90,79,90,11,2.75,0.00025,1,1,,12.0,24.0,15
synthetic_08359,cluster_t4,37,40,37,40,3,0.75,7e-05,1,1,T4,4.0,29.8017578125,15
synthetic_08360,cluster_t4,27,30,27,30,3,0.75,7e-05,1,1,,11.4,47.0,15
synthetic_08361,cluster_g2,11,12,11,12,1,0.25,0.00035,1,1,,3.152,5.46875,15
synthetic_08362,cluster_g2,0,1,0,1,1,0.25,0.00035,1,1,G2,11.3,48.0,15
synthetic_08363,cluster_t4,31,37,31,37,6,1.5,7e-05,1,1,T4,8.0,29.8017578125,15
synthetic_08364,cluster_v100m32,6,17,6,17,11,2.75,0.00025,1,1,,16.0,32.0,15
synthetic_08365,cluster_g2,2,3,2,3,1,0.25,0.00035,1,1,G2,24.2,91.0,15
synthetic_08366,cluster_v100m32,21,23,21,23,2,0.5,0.00025,1,1,P100|V100M16|V100M32,11.4,47.0,15
synthetic_08367,cluster_g2,12,13,12,13,1,0.25,0.00035,1,1,,11.4,47.0,15
synthetic_08368,cluster_v100m32,75,89,75,89,14,3.5,0.00025,1,1,,4.0,29.8017578125,15
synthetic_08369,cluster_p100,84,85,84,85,1,0.25,0.00025,1,1,P100,3.152,5.46875,15
synthetic_08370,cluster_t4,38,39,38,39,1,0.25,7e-05,1,1,,11.4,47.0,15
synthetic_08371,cluster_g2,84,85,84,85,1,0.25,0.00035,1,1,G2,11.3,48.0,15
synthetic_08372,cluster_g2,32,33,32,33,1,0.25,0.00035,1,1,,3.152,5.46875,15
synthetic_08373,cluster_p100,18,19,18,19,1,0.25,0.00025,1,1,,11.908,46.0,15
synthetic_08374,cluster_p100,84,86,84,86,2,0.5,0.00025,1,1,,4.0,29.8017578125,15
synthetic_08375,cluster_g2,31,32,31,32,1,0.25,0.00035,1,1,,11.908,46.0,15
synthetic_08376,cluster_p100,84,85,84,85,1,0.25,0.00025,1,1,P100,3.152,5.46875,15
synthetic_08377,cluster_p100,50,52,50,52,2,0.5,0.00025,1,1,,16.0,64.0,15
synthetic_08378,cluster_t4,27,29,27,29,2,0.5,7e-05,1,1,T4,11.3,48.0,15
synthetic_08379,cluster_t4,14,15,14,15,1,0.25,7e-05,1,1,T4,3.152,5.46875,15
synthetic_08380,cluster_g2,53,54,53,54,1,0.25,0.00035,1,1,G2,11.4,47.0,15
synthetic_08381,cluster_p100,61,62,61,62,1,0.25,0.00025,1,1,,3.152,5.46875,15
synthetic_08382,cluster_p100,49,57,49,57,8,2.0,0.00025,1,1,,4.152,10.3515625,15
synthetic_08383,cluster_g2,24,25,24,25,1,0.25,0.00035,1,1,,3.152,5.46875,15
synthetic_08384,cluster_v100m16,4,5,4,5,1,0.25,0.00025,1,1,,4.0,29.8017578125,15
synthetic_08385,cluster_g2,16,25,16,25,9,2.25,0.00035,1,1,,11.908,46.0,15
synthetic_08386,cluster_t4,7,13,7,13,6,1.5,7e-05,1,1,,9.81,40.5859375,15
synthetic_08387,cluster_t4,38,39,38,39,1,0.25,7e-05,1,1,,4.152,10.3515625,15
synthetic_08388,cluster_t4,4,5,4,5,1,0.25,7e-05,1,1,T4,8.0,29.8017578125,15
synthetic_08389,cluster_g3,19,21,19,21,2,0.5,0.00035,1,1,,11.4,47.0,15
synthetic_08390,cluster_v100m32,91,92,91,92,1,0.25,0.00025,1,1,,4.152,10.3515625,15
synthetic_08391,cluster_v100m16,13,14,13,14,1,0.25,0.00025,1,1,,3.152,5.46875,15
synthetic_08392,cluster_g3,37,38,37,38,1,0.25,0.00035,1,1,,3.152,5.46875,15
synthetic_08393,cluster_t4,39,40,39,40,1,0.25,7e-05,1,1,,11.3,48.0,15
synthetic_08394,cluster_g2,34,35,34,35,1,0.25,0.00035,1,1,G2,3.152,5.46875,15
synthetic_08395,cluster_t4,69,71,69,71,2,0.5,7e-05,1,1,,3.152,5.46875,15
synthetic_08396,cluster_g3,74,80,74,80,6,1.5,0.00035,1,1,G3,11.4,47.0,15
synthetic_08397,cluster_v100m32,47,48,47,48,1,0.25,0.00025,1,1,,4.0,14.900390625,15
synthetic_08398,cluster_v100m32,7,8,7,8,1,0.25,0.00025,1,1,,4.0,24.0,15
synthetic_08399,cluster_g3,2,3,2,3,1,0.25,0.00035,1,1,,3.152,5.46875,15
synthetic_08400,cluster_g2,7,9,7,9,2,0.5,0.00035,1,1,,16.0,64.0,15
synthetic_08401,cluster_g2,6,11,6,11,5,1.25,0.00035,1,1,,4.0,24.0,15
synthetic_08402,cluster_t4,83,84,83,84,1,0.25,7e-05,1,1,T4,11.908,46.0,15
synthetic_08403,cluster_v100m16,80,81,80,81,1,0.25,0.00025,1,1,,3.152,5.46875,15
synthetic_08404,cluster_p100,67,68,67,68,1,0.25,0.00025,1,1,,3.152,5.46875,15
synthetic_08405,cluster_t4,92,93,92,93,1,0.25,7e-05,1,1,T4,11.4,47.0,15
synthetic_08406,cluster_g2,66,67,66,67,1,0.25,0.00035,1,1,G2,11.3,48.0,15
synthetic_08407,cluster_p100,64,65,64,65,1,0.25,0.00025,1,1,,11.3,48.0,15
synthetic_08408,cluster_v100m32,23,24,23,24,1,0.25,0.00025,1,1,P100|V100M16|V100M32,3.152,5.46875,15
synthetic_08409,cluster_v100m16,50,51,50,51,1,0.25,0.00025,1,1,P100|V100M16|V100M32,3.152,5.46875,15
synthetic_08410,cluster_p100,83,87,83,87,4,1.0,0.00025,1,1,,11.908,46.0,15
synthetic_08411,cluster_v100m32,8,13,8,13,5,1.25,0.00025,1,1,,11.908,46.0,15
synthetic_08412,cluster_t4,88,93,88,93,5,1.25,0.00014,2,2,,6.0,64.0,15
synthetic_08413,cluster_v100m32,53,54,53,54,1,0.25,0.00025,1,1,,8.0,29.8017578125,15
synthetic_08414,cluster_t4,8,9,8,9,1,0.25,7e-05,1,1,,3.152,5.46875,15
synthetic_08415,cluster_v100m16,1,2,1,2,1,0.25,0.00025,1,1,,11.908,46.0,15
synthetic_08416,cluster_g2,52,53,52,53,1,0.25,0.00035,1,1,G2,11.3,48.0,15
synthetic_08417,cluster_v100m16,85,95,85,95,10,2.5,0.00025,1,1,V100M16|V100M32,14.2,57.0,15
synthetic_08418,cluster_g2,1,2,1,2,1,0.25,0.00035,1,1,,3.152,5.46875,15
synthetic_08419,cluster_t4,90,95,90,95,5,1.25,7e-05,1,1,,4.0,14.900390625,15
synthetic_08420,cluster_v100m16,11,15,11,15,4,1.0,0.0005,2,2,P100|V100M16|V100M32,30.2,157.0,15
synthetic_08421,cluster_t4,89,90,89,90,1,0.25,7e-05,1,1,,18.708,63.0,15
synthetic_08422,cluster_p100,7,9,7,9,2,0.5,0.00025,1,1,,3.152,5.46875,15
synthetic_08423,cluster_t4,13,14,13,14,1,0.25,7e-05,1,1,,11.3,48.0,15
synthetic_08424,cluster_g2,3,7,3,7,4,1.0,0.00035,1,1,,4.0,22.3515625,15
synthetic_08425,cluster_v100m16,42,43,42,43,1,0.25,0.00025,1,1,,11.4,47.0,15
synthetic_08426,cluster_g2,37,38,37,38,1,0.25,0.00035,1,1,G2,11.3,48.0,15
synthetic_08427,cluster_v100m16,32,33,32,33,1,0.25,0.00025,1,1,,3.152,5.46875,15
synthetic_08428,cluster_p100,63,64,63,64,1,0.25,0.00025,1,1,P100,1.0,2.0,15
synthetic_08429,cluster_g3,92,93,92,93,1,0.25,0.00035,1,1,,9.81,40.5859375,15
synthetic_08430,cluster_g2,28,29,28,29,1,0.25,0.00035,1,1,,11.3,48.0,15
synthetic_08431,cluster_p100,35,36,35,36,1,0.25,0.00025,1,1,,3.152,5.46875,15
synthetic_08432,cluster_t4,73,74,73,74,1,0.25,7e-05,1,1,,4.152,10.3515625,15
synthetic_08433,cluster_p100,16,20,16,20,4,1.0,0.00025,1,1,,4.152,10.3515625,15
synthetic_08434,cluster_t4,12,25,12,25,13,3.25,7e-05,1,1,T4,11.4,47.0,15
synthetic_08435,cluster_v100m16,4,8,4,8,4,1.0,0.00025,1,1,,12.0,12.0,15
synthetic_08436,cluster_v100m32,7,8,7,8,1,0.25,0.00025,1,1,,3.152,5.46875,15
synthetic_08437,cluster_v100m16,34,35,34,35,1,0.25,0.00025,1,1,V100M16|V100M32,11.3,48.0,15
synthetic_08438,cluster_v100m32,18,21,18,21,3,0.75,0.00025,1,1,,9.81,40.5859375,15
synthetic_08439,cluster_v100m16,49,50,49,50,1,0.25,0.00025,1,1,,18.708,63.0,15
synthetic_08440,cluster_v100m16,46,47,46,47,1,0.25,0.00025,1,1,,16.4,123.0,15
synthetic_08441,cluster_v100m32,80,81,80,81,1,0.25,0.00025,1,1,,3.152,5.46875,15
synthetic_08442,cluster_t4,66,67,66,67,1,0.25,7e-05,1,1,T4,9.81,40.5859375,15
synthetic_08443,cluster_p100,9,10,9,10,1,0.25,0.00025,1,1,,3.152,5.46875,15
synthetic_08444,cluster_g2,8,10,8,10,2,0.5,0.00035,1,1,,11.4,47.0,15
synthetic_08445,cluster_v100m32,84,86,84,86,2,0.5,0.00025,1,1,,3.152,5.46875,15
synthetic_08446,cluster_v100m16,94,96,94,96,2,0.5,0.00025,1,1,,3.152,5.46875,15
synthetic_08447,cluster_g2,94,96,94,96,2,0.5,0.00035,1,1,,4.152,10.3515625,15
synthetic_08448,cluster_t4,26,27,26,27,1,0.25,7e-05,1,1,T4,18.708,63.0,15
synthetic_08449,cluster_g3,66,68,66,68,2,0.5,0.00035,1,1,,3.152,5.46875,15
synthetic_08450,cluster_t4,68,69,68,69,1,0.25,7e-05,1,1,T4,3.152,5.46875,15
synthetic_08451,cluster_v100m16,9,10,9,10,1,0.25,0.00025,1,1,,11.3,48.0,15
synthetic_08452,cluster_t4,5,15,5,15,10,2.5,7e-05,1,1,T4,8.0,32.0,15
synthetic_08453,cluster_t4,43,44,43,44,1,0.25,7e-05,1,1,,11.3,48.0,15
synthetic_08454,cluster_p100,32,33,32,33,1,0.25,0.00025,1,1,,6.0,6.0,15
synthetic_08455,cluster_g3,11,12,11,12,1,0.25,0.00035,1,1,,11.4,47.0,15
synthetic_08456,cluster_t4,85,90,85,90,5,1.25,7e-05,1,1,T4,8.0,16.0,15
synthetic_08457,cluster_t4,29,30,29,30,1,0.25,7e-05,1,1,,3.152,5.46875,15
synthetic_08458,cluster_p100,89,90,89,90,1,0.25,0.00025,1,1,P100,6.0,6.0,15
synthetic_08459,cluster_t4,48,49,48,49,1,0.25,7e-05,1,1,P100|T4|V100M16|V100M32,11.3,48.0,15
synthetic_08460,cluster_g2,23,24,23,24,1,0.25,0.00035,1,1,,4.0,22.3515625,15
synthetic_08461,cluster_t4,29,42,29,42,13,3.25,7e-05,1,1,T4,4.0,30.517578125,15
synthetic_08462,cluster_v100m16,19,20,19,20,1,0.25,0.00025,1,1,,4.0,29.8017578125,15
synthetic_08463,cluster_p100,43,48,43,48,5,1.25,0.00025,1,1,,4.0,24.0,15
synthetic_08464,cluster_t4,46,59,46,59,13,3.25,7e-05,1,1,T4,4.0,30.517578125,15
synthetic_08465,cluster_t4,28,33,28,33,5,1.25,7e-05,1,1,T4,4.0,24.0,15
synthetic_08466,cluster_g2,38,39,38,39,1,0.25,0.00035,1,1,G2,8.2,33.0,15
synthetic_08467,cluster_g3,75,77,75,77,2,0.5,0.00035,1,1,,8.2,33.0,15
synthetic_08468,cluster_g2,30,31,30,31,1,0.25,0.00035,1,1,,11.3,48.0,15
synthetic_08469,cluster_t4,67,68,67,68,1,0.25,7e-05,1,1,T4,12.0,16.0,15
synthetic_08470,cluster_v100m32,42,44,42,44,2,0.5,0.00025,1,1,,3.152,5.46875,15
synthetic_08471,cluster_t4,31,34,31,34,3,0.75,7e-05,1,1,,6.0,23.0,15
synthetic_08472,cluster_p100,2,5,2,5,3,0.75,0.00025,1,1,G2|P100|T4|V100M16|V100M32,9.81,40.5859375,15
synthetic_08473,cluster_p100,72,74,72,74,2,0.5,0.00025,1,1,,11.908,46.0,15
synthetic_08474,cluster_g3,90,91,90,91,1,0.25,0.00035,1,1,G3,12.0,24.0,15
synthetic_08475,cluster_g2,59,68,59,68,9,2.25,0.00035,1,1,,4.0,14.900390625,15
synthetic_08476,cluster_g2,59,60,59,60,1,0.25,0.00035,1,1,,3.152,5.46875,15
synthetic_08477,cluster_v100m16,11,13,11,13,2,0.5,0.00025,1,1,,24.2,91.0,15
synthetic_08478,cluster_p100,16,17,16,17,1,0.25,0.00025,1,1,,11.3,48.0,15
synthetic_08479,cluster_g3,51,52,51,52,1,0.25,0.00035,1,1,,3.152,5.46875,15
synthetic_08480,cluster_v100m32,92,93,92,93,1,0.25,0.00025,1,1,,18.708,63.0,15
synthetic_08481,cluster_t4,0,1,0,1,1,0.25,7e-05,1,1,,11.908,46.0,15
synthetic_08482,cluster_t4,81,84,81,84,3,0.75,7e-05,1,1,T4,11.908,46.0,15
synthetic_08483,cluster_t4,69,72,69,72,3,0.75,7e-05,1,1,,11.908,46.0,15
synthetic_08484,cluster_v100m16,71,72,71,72,1,0.25,0.00025,1,1,,11.3,48.0,15
synthetic_08485,cluster_g2,47,51,47,51,4,1.0,0.00035,1,1,,11.4,47.0,15
synthetic_08486,cluster_v100m32,74,75,74,75,1,0.25,0.00025,1,1,,9.81,40.5859375,15
synthetic_08487,cluster_t4,83,86,83,86,3,0.75,7e-05,1,1,T4,15.7,57.0,15
synthetic_08488,cluster_t4,81,82,81,82,1,0.25,7e-05,1,1,T4,3.152,5.46875,15
synthetic_08489,cluster_g3,94,95,94,95,1,0.25,0.00035,1,1,G3,11.3,48.0,15
synthetic_08490,cluster_t4,38,41,38,41,3,0.75,0.00014,2,2,,30.2,157.0,15
synthetic_08491,cluster_t4,58,60,58,60,2,0.5,7e-05,1,1,,3.152,5.46875,15
synthetic_08492,cluster_p100,50,51,50,51,1,0.25,0.00025,1,1,,3.152,5.46875,15
synthetic_08493,cluster_v100m16,35,36,35,36,1,0.25,0.00025,1,1,,3.152,5.46875,15
synthetic_08494,cluster_g2,21,26,21,26,5,1.25,0.00035,1,1,G2,4.0,24.0,15
synthetic_08495,cluster_t4,21,22,21,22,1,0.25,7e-05,1,1,,3.152,5.46875,15
synthetic_08496,cluster_v100m32,22,31,22,31,9,2.25,0.00025,1,1,,4.0,22.3515625,15
synthetic_08497,cluster_g2,68,73,68,73,5,1.25,0.00035,1,1,,11.4,47.0,15
synthetic_08498,cluster_t4,30,35,30,35,5,1.25,7e-05,1,1,T4,4.0,24.0,15
synthetic_08499,cluster_p100,26,37,26,37,11,2.75,0.00025,1,1,,3.152,5.46875,15
synthetic_08500,cluster_t4,52,53,52,53,1,0.25,7e-05,1,1,T4,3.152,5.46875,15
synthetic_08501,cluster_g3,60,61,60,61,1,0.25,0.00035,1,1,,3.152,5.46875,15
synthetic_08502,cluster_g2,17,20,17,20,3,0.75,0.00035,1,1,G2,24.2,91.0,15
synthetic_08503,cluster_t4,53,54,53,54,1,0.25,7e-05,1,1,T4,3.152,5.46875,15
synthetic_08504,cluster_v100m16,90,92,90,92,2,0.5,0.00025,1,1,V100M16|V100M32,24.2,91.0,15
synthetic_08505,cluster_t4,90,95,90,95,5,1.25,7e-05,1,1,T4,4.0,24.0,15
synthetic_08506,cluster_g2,31,32,31,32,1,0.25,0.00035,1,1,G2,11.3,48.0,15
synthetic_08507,cluster_p100,67,68,67,68,1,0.25,0.00025,1,1,,4.0,29.8017578125,15
synthetic_08508,cluster_v100m16,62,63,62,63,1,0.25,0.00025,1,1,,11.3,48.0,15
synthetic_08509,cluster_g2,28,29,28,29,1,0.25,0.00035,1,1,,8.0,29.8017578125,15
synthetic_08510,cluster_t4,47,52,47,52,5,1.25,7e-05,1,1,T4,4.0,22.3515625,15
synthetic_08511,cluster_t4,22,23,22,23,1,0.25,7e-05,1,1,T4,3.152,5.46875,15
synthetic_08512,cluster_t4,87,91,87,91,4,1.0,7e-05,1,1,,11.908,46.0,15
synthetic_08513,cluster_v100m32,33,34,33,34,1,0.25,0.00025,1,1,,11.908,46.0,15
synthetic_08514,cluster_t4,31,32,31,32,1,0.25,7e-05,1,1,T4,11.3,48.0,15
synthetic_08515,cluster_g2,95,96,95,96,1,0.25,0.00035,1,1,,11.4,47.0,15
synthetic_08516,cluster_g3,46,47,46,47,1,0.25,0.00035,1,1,G3,3.152,5.46875,15
synthetic_08517,cluster_g2,55,57,55,57,2,0.5,0.00035,1,1,,18.708,63.0,15
synthetic_08518,cluster_p100,1,2,1,2,1,0.25,0.00025,1,1,,3.152,5.46875,15
synthetic_08519,cluster_g2,84,91,84,91,7,1.75,0.00035,1,1,G2,12.0,16.0,15
synthetic_08520,cluster_t4,86,91,86,91,5,1.25,7e-05,1,1,,4.0,22.3515625,15
synthetic_08521,cluster_v100m16,43,44,43,44,1,0.25,0.00025,1,1,,11.3,48.0,15
synthetic_08522,cluster_g2,21,23,21,23,2,0.5,0.00035,1,1,,6.0,6.0,15
synthetic_08523,cluster_v100m16,2,4,2,4,2,0.5,0.00025,1,1,,6.0,18.0,15
synthetic_08524,cluster_p100,30,31,30,31,1,0.25,0.00025,1,1,P100|V100M16|V100M32,11.3,48.0,15
synthetic_08525,cluster_v100m32,25,26,25,26,1,0.25,0.00025,1,1,,18.708,63.0,15
synthetic_08526,cluster_v100m32,4,5,4,5,1,0.25,0.00025,1,1,,3.152,5.46875,15
synthetic_08527,cluster_g2,2,4,2,4,2,0.5,0.00035,1,1,,11.3,48.0,15
synthetic_08528,cluster_t4,20,21,20,21,1,0.25,7e-05,1,1,T4,9.81,40.5859375,15
synthetic_08529,cluster_v100m32,40,45,40,45,5,1.25,0.00025,1,1,,11.4,47.0,15
synthetic_08530,cluster_g3,52,53,52,53,1,0.25,0.00035,1,1,,3.152,5.46875,15
synthetic_08531,cluster_t4,61,62,61,62,1,0.25,7e-05,1,1,T4,11.908,46.0,15
synthetic_08532,cluster_g3,41,55,41,55,14,3.5,0.00035,1,1,,12.0,15.0,15
synthetic_08533,cluster_g2,84,85,84,85,1,0.25,0.00035,1,1,,11.3,48.0,15
synthetic_08534,cluster_t4,82,90,82,90,8,2.0,7e-05,1,1,,8.0,16.0,15
synthetic_08535,cluster_g2,86,87,86,87,1,0.25,0.00035,1,1,,14.2,57.0,15
synthetic_08536,cluster_v100m32,68,69,68,69,1,0.25,0.00025,1,1,V100M16|V100M32,11.3,48.0,15
synthetic_08537,cluster_t4,86,90,86,90,4,1.0,7e-05,1,1,T4,15.7,57.0,15
synthetic_08538,cluster_t4,19,20,19,20,1,0.25,7e-05,1,1,T4,11.908,46.0,15
synthetic_08539,cluster_v100m32,60,62,60,62,2,0.5,0.00025,1,1,,3.152,5.46875,15
synthetic_08540,cluster_g3,67,68,67,68,1,0.25,0.00035,1,1,,11.4,47.0,15
synthetic_08541,cluster_v100m32,3,11,3,11,8,2.0,0.00025,1,1,,3.152,5.46875,15
synthetic_08542,cluster_t4,4,5,4,5,1,0.25,7e-05,1,1,T4,11.3,48.0,15
synthetic_08543,cluster_g3,30,31,30,31,1,0.25,0.00035,1,1,,3.152,5.46875,15
synthetic_08544,cluster_v100m16,89,90,89,90,1,0.25,0.00025,1,1,,8.0,29.8017578125,15
synthetic_08545,cluster_p100,29,30,29,30,1,0.25,0.00025,1,1,,3.152,5.46875,15
synthetic_08546,cluster_g2,45,46,45,46,1,0.25,0.00035,1,1,,3.152,5.46875,15
synthetic_08547,cluster_t4,85,86,85,86,1,0.25,7e-05,1,1,T4,3.152,5.46875,15
synthetic_08548,cluster_t4,70,72,70,72,2,0.5,7e-05,1,1,,11.908,46.0,15
synthetic_08549,cluster_g3,35,39,35,39,4,1.0,0.00035,1,1,,11.4,47.0,15
synthetic_08550,cluster_g3,7,8,7,8,1,0.25,0.00035,1,1,,11.3,48.0,15
synthetic_08551,cluster_v100m32,75,76,75,76,1,0.25,0.00025,1,1,V100M16|V100M32,3.152,5.46875,15
synthetic_08552,cluster_t4,77,80,77,80,3,0.75,7e-05,1,1,,8.0,29.8017578125,15
synthetic_08553,cluster_g3,28,29,28,29,1,0.25,0.00035,1,1,,11.3,48.0,15
synthetic_08554,cluster_v100m16,91,94,91,94,3,0.75,0.00025,1,1,P100|V100M16|V100M32,12.0,24.0,15
synthetic_08555,cluster_g3,37,38,37,38,1,0.25,0.00035,1,1,,9.4,51.0,15
synthetic_08556,cluster_g2,84,85,84,85,1,0.25,0.00035,1,1,,11.3,48.0,15
synthetic_08557,cluster_v100m32,30,33,30,33,3,0.75,0.00025,1,1,,6.0,23.0,15
synthetic_08558,cluster_t4,5,6,5,6,1,0.25,7e-05,1,1,T4,11.3,48.0,15
synthetic_08559,cluster_v100m16,2,3,2,3,1,0.25,0.00025,1,1,,24.2,91.0,15
synthetic_08560,cluster_g2,70,72,70,72,2,0.5,0.00035,1,1,,4.0,24.0,15
synthetic_08561,cluster_g2,33,35,33,35,2,0.5,0.00035,1,1,,8.0,29.8017578125,15
synthetic_08562,cluster_g3,39,40,39,40,1,0.25,0.00035,1,1,,11.908,46.0,15
synthetic_08563,cluster_g2,41,42,41,42,1,0.25,0.0014,4,4,G2,32.2,129.0,15
synthetic_08564,cluster_p100,27,28,27,28,1,0.25,0.00025,1,1,,11.4,47.0,15
synthetic_08565,cluster_v100m16,57,66,57,66,9,2.25,0.00025,1,1,,11.3,48.0,15
synthetic_08566,cluster_g2,78,79,78,79,1,0.25,0.00035,1,1,,6.0,6.0,15
synthetic_08567,cluster_v100m32,68,69,68,69,1,0.25,0.00025,1,1,V100M32,3.152,5.46875,15
synthetic_08568,cluster_v100m32,61,64,61,64,3,0.75,0.00025,1,1,,14.2,57.0,15
synthetic_08569,cluster_v100m16,24,25,24,25,1,0.25,0.00025,1,1,,3.152,5.46875,15
synthetic_08570,cluster_v100m32,84,85,84,85,1,0.25,0.00025,1,1,,3.152,5.46875,15
synthetic_08571,cluster_g2,48,50,48,50,2,0.5,0.00035,1,1,,11.4,47.0,15
synthetic_08572,cluster_p100,71,73,71,73,2,0.5,0.00025,1,1,,8.0,16.0,15
synthetic_08573,cluster_v100m16,0,1,0,1,1,0.25,0.00025,1,1,,4.152,10.3515625,15
synthetic_08574,cluster_g2,32,33,32,33,1,0.25,0.00035,1,1,G2,11.3,48.0,15
synthetic_08575,cluster_p100,19,20,19,20,1,0.25,0.00025,1,1,P100,3.152,5.46875,15
synthetic_08576,cluster_t4,76,87,76,87,11,2.75,7e-05,1,1,T4,11.4,47.0,15
synthetic_08577,cluster_v100m32,32,34,32,34,2,0.5,0.00025,1,1,,24.2,91.0,15
synthetic_08578,cluster_v100m32,90,91,90,91,1,0.25,0.00025,1,1,P100|V100M16|V100M32,11.3,48.0,15
synthetic_08579,cluster_v100m32,85,87,85,87,2,0.5,0.00025,1,1,,11.908,46.0,15
synthetic_08580,cluster_t4,91,92,91,92,1,0.25,7e-05,1,1,,3.152,5.46875,15
synthetic_08581,cluster_g3,19,21,19,21,2,0.5,0.00035,1,1,,3.152,5.46875,15
synthetic_08582,cluster_t4,52,54,52,54,2,0.5,7e-05,1,1,T4,11.4,47.0,15
synthetic_08583,cluster_v100m32,79,80,79,80,1,0.25,0.00025,1,1,,3.152,5.46875,15
synthetic_08584,cluster_v100m32,95,96,95,96,1,0.25,0.00025,1,1,,4.152,10.3515625,15
synthetic_08585,cluster_t4,15,16,15,16,1,0.25,7e-05,1,1,,3.152,5.46875,15
synthetic_08586,cluster_g2,25,27,25,27,2,0.5,0.00035,1,1,,11.908,46.0,15
synthetic_08587,cluster_g3,1,2,1,2,1,0.25,0.00035,1,1,G3,11.3,48.0,15
synthetic_08588,cluster_t4,24,25,24,25,1,0.25,7e-05,1,1,T4,11.4,47.0,15
synthetic_08589,cluster_t4,28,31,28,31,3,0.75,7e-05,1,1,,15.7,57.0,15
synthetic_08590,cluster_v100m16,69,70,69,70,1,0.25,0.00025,1,1,,3.152,5.46875,15
synthetic_08591,cluster_t4,68,69,68,69,1,0.25,7e-05,1,1,,4.0,14.900390625,15
synthetic_08592,cluster_t4,62,64,62,64,2,0.5,7e-05,1,1,T4,4.0,14.900390625,15
synthetic_08593,cluster_g3,65,68,65,68,3,0.75,0.00035,1,1,,15.7,57.0,15
synthetic_08594,cluster_p100,4,13,4,13,9,2.25,0.00025,1,1,,4.0,14.900390625,15
synthetic_08595,cluster_t4,32,33,32,33,1,0.25,7e-05,1,1,T4,3.152,5.46875,15
synthetic_08596,cluster_t4,27,28,27,28,1,0.25,7e-05,1,1,T4,8.0,29.8017578125,15
synthetic_08597,cluster_g2,78,81,78,81,3,0.75,0.00035,1,1,,11.908,46.0,15
synthetic_08598,cluster_t4,59,64,59,64,5,1.25,7e-05,1,1,T4,4.0,24.0,15
synthetic_08599,cluster_p100,65,67,65,67,2,0.5,0.00025,1,1,,3.152,5.46875,15
synthetic_08600,cluster_p100,49,55,49,55,6,1.5,0.00025,1,1,,12.0,24.0,15
synthetic_08601,cluster_p100,35,37,35,37,2,0.5,0.00025,1,1,,11.3,48.0,15
synthetic_08602,cluster_g2,76,77,76,77,1,0.25,0.00035,1,1,,3.152,5.46875,15
synthetic_08603,cluster_t4,32,33,32,33,1,0.25,7e-05,1,1,T4,8.0,29.8017578125,15
synthetic_08604,cluster_g3,80,82,80,82,2,0.5,0.00035,1,1,,12.0,16.0,15
synthetic_08605,cluster_g2,41,43,41,43,2,0.5,0.00035,1,1,,18.708,63.0,15
synthetic_08606,cluster_g2,12,14,12,14,2,0.5,0.00035,1,1,,11.3,48.0,15
synthetic_08607,cluster_v100m32,33,34,33,34,1,0.25,0.00025,1,1,,11.3,48.0,15
synthetic_08608,cluster_v100m16,53,54,53,54,1,0.25,0.00025,1,1,,3.152,5.46875,15
synthetic_08609,cluster_t4,52,53,52,53,1,0.25,7e-05,1,1,,8.0,16.0,15
synthetic_08610,cluster_p100,2,4,2,4,2,0.5,0.00025,1,1,P100,8.0,29.8017578125,15
synthetic_08611,cluster_v100m16,83,89,83,89,6,1.5,0.00025,1,1,,18.708,63.0,15
synthetic_08612,cluster_v100m16,89,91,89,91,2,0.5,0.00025,1,1,,12.0,16.0,15
synthetic_08613,cluster_t4,26,28,26,28,2,0.5,7e-05,1,1,T4,8.0,16.0,15
synthetic_08614,cluster_t4,8,19,8,19,11,2.75,7e-05,1,1,,11.4,47.0,15
synthetic_08615,cluster_t4,90,91,90,91,1,0.25,7e-05,1,1,T4,11.4,76.0,15
synthetic_08616,cluster_g2,28,29,28,29,1,0.25,0.00035,1,1,,11.3,48.0,15
synthetic_08617,cluster_t4,90,91,90,91,1,0.25,7e-05,1,1,T4,11.4,76.0,15
synthetic_08618,cluster_t4,68,69,68,69,1,0.25,7e-05,1,1,,3.152,5.46875,15
synthetic_08619,cluster_t4,39,43,39,43,4,1.0,7e-05,1,1,T4,4.0,22.3515625,15
synthetic_08620,cluster_t4,4,6,4,6,2,0.5,7e-05,1,1,,16.4,123.0,15
synthetic_08621,cluster_t4,78,79,78,79,1,0.25,7e-05,1,1,T4,11.908,46.0,15
synthetic_08622,cluster_t4,14,16,14,16,2,0.5,7e-05,1,1,T4,11.3,48.0,15
synthetic_08623,cluster_v100m32,66,68,66,68,2,0.5,0.00025,1,1,,4.0,29.8017578125,15
synthetic_08624,cluster_t4,86,87,86,87,1,0.25,7e-05,1,1,T4,3.152,5.46875,15
synthetic_08625,cluster_t4,9,10,9,10,1,0.25,7e-05,1,1,T4,3.152,5.46875,15
synthetic_08626,cluster_v100m16,29,30,29,30,1,0.25,0.00025,1,1,V100M16|V100M32,11.3,48.0,15
synthetic_08627,cluster_t4,6,7,6,7,1,0.25,7e-05,1,1,T4,11.3,48.0,15
synthetic_08628,cluster_t4,6,8,6,8,2,0.5,7e-05,1,1,T4,6.0,16.0,15
synthetic_08629,cluster_v100m16,91,92,91,92,1,0.25,0.00025,1,1,,11.4,47.0,15
synthetic_08630,cluster_g2,30,35,30,35,5,1.25,0.00035,1,1,G2,4.0,24.0,15
synthetic_08631,cluster_t4,6,13,6,13,7,1.75,7e-05,1,1,T4,1.0,2.0,15
synthetic_08632,cluster_t4,28,31,28,31,3,0.75,7e-05,1,1,,11.908,46.0,15
synthetic_08633,cluster_p100,56,58,56,58,2,0.5,0.00025,1,1,P100,4.152,10.3515625,15
synthetic_08634,cluster_t4,78,79,78,79,1,0.25,7e-05,1,1,,3.152,5.46875,15
synthetic_08635,cluster_v100m16,67,68,67,68,1,0.25,0.00025,1,1,,3.152,5.46875,15
synthetic_08636,cluster_p100,53,55,53,55,2,0.5,0.00025,1,1,,16.0,64.0,15
synthetic_08637,cluster_p100,18,19,18,19,1,0.25,0.00025,1,1,,11.3,48.0,15
synthetic_08638,cluster_g3,45,46,45,46,1,0.25,0.00035,1,1,,11.3,48.0,15
synthetic_08639,cluster_v100m32,39,45,39,45,6,1.5,0.00025,1,1,,14.2,57.0,15
synthetic_08640,cluster_v100m16,19,21,19,21,2,0.5,0.00025,1,1,,3.152,5.46875,15
synthetic_08641,cluster_p100,20,23,20,23,3,0.75,0.00025,1,1,,15.7,57.0,15
synthetic_08642,cluster_t4,25,26,25,26,1,0.25,7e-05,1,1,T4,9.81,40.5859375,15
synthetic_08643,cluster_t4,56,59,56,59,3,0.75,7e-05,1,1,T4,8.0,16.0,15
synthetic_08644,cluster_g3,40,41,40,41,1,0.25,0.00035,1,1,,11.908,46.0,15
synthetic_08645,cluster_v100m16,20,25,20,25,5,1.25,0.00025,1,1,,15.7,57.0,15
synthetic_08646,cluster_v100m32,27,28,27,28,1,0.25,0.00025,1,1,,3.152,5.46875,15
synthetic_08647,cluster_g3,6,7,6,7,1,0.25,0.00035,1,1,,3.152,5.46875,15
synthetic_08648,cluster_p100,80,81,80,81,1,0.25,0.00025,1,1,,3.152,5.46875,15
synthetic_08649,cluster_v100m32,7,17,7,17,10,2.5,0.00025,1,1,P100|V100M16|V100M32,24.2,91.0,15
synthetic_08650,cluster_t4,38,39,38,39,1,0.25,7e-05,1,1,T4,3.152,5.46875,15
synthetic_08651,cluster_v100m16,7,13,7,13,6,1.5,0.00025,1,1,,12.0,24.0,15
synthetic_08652,cluster_g2,32,33,32,33,1,0.25,0.00035,1,1,G2,18.708,63.0,15
synthetic_08653,cluster_g2,91,92,91,92,1,0.25,0.00035,1,1,,3.152,5.46875,15
synthetic_08654,cluster_v100m16,0,1,0,1,1,0.25,0.00025,1,1,V100M16|V100M32,11.4,47.0,15
synthetic_08655,cluster_v100m32,14,15,14,15,1,0.25,0.00025,1,1,V100M16|V100M32,11.4,47.0,15
synthetic_08656,cluster_v100m32,60,61,60,61,1,0.25,0.00025,1,1,,3.152,5.46875,15
synthetic_08657,cluster_t4,24,25,24,25,1,0.25,7e-05,1,1,T4,8.0,29.8017578125,15
synthetic_08658,cluster_p100,62,71,62,71,9,2.25,0.00025,1,1,,11.4,76.0,15
synthetic_08659,cluster_t4,23,27,23,27,4,1.0,7e-05,1,1,T4,11.4,47.0,15
synthetic_08660,cluster_t4,62,64,62,64,2,0.5,7e-05,1,1,T4,11.908,46.0,15
synthetic_08661,cluster_v100m16,88,89,88,89,1,0.25,0.00025,1,1,,4.152,10.3515625,15
synthetic_08662,cluster_v100m32,15,17,15,17,2,0.5,0.0005,2,2,T4|V100M16|V100M32,16.2,65.0,15
synthetic_08663,cluster_v100m16,45,48,45,48,3,0.75,0.00025,1,1,V100M16|V100M32,15.7,57.0,15
synthetic_08664,cluster_t4,64,65,64,65,1,0.25,7e-05,1,1,,8.0,29.8017578125,15
synthetic_08665,cluster_v100m16,71,72,71,72,1,0.25,0.00025,1,1,,11.908,46.0,15
synthetic_08666,cluster_g3,73,74,73,74,1,0.25,0.00035,1,1,,11.908,46.0,15
synthetic_08667,cluster_g3,25,26,25,26,1,0.25,0.00035,1,1,,3.152,5.46875,15
synthetic_08668,cluster_t4,38,39,38,39,1,0.25,7e-05,1,1,T4,11.908,46.0,15
synthetic_08669,cluster_t4,66,67,66,67,1,0.25,7e-05,1,1,T4,8.0,29.8017578125,15
synthetic_08670,cluster_p100,59,61,59,61,2,0.5,0.00025,1,1,P100,4.152,10.3515625,15
synthetic_08671,cluster_g2,3,4,3,4,1,0.25,0.00035,1,1,,3.152,5.46875,15
synthetic_08672,cluster_p100,27,28,27,28,1,0.25,0.00025,1,1,,8.0,29.8017578125,15
synthetic_08673,cluster_v100m32,92,93,92,93,1,0.25,0.00025,1,1,,3.152,5.46875,15
synthetic_08674,cluster_g2,54,55,54,55,1,0.25,0.00035,1,1,,3.152,5.46875,15
synthetic_08675,cluster_v100m32,62,67,62,67,5,1.25,0.00025,1,1,,16.0,32.0,15
synthetic_08676,cluster_g2,68,69,68,69,1,0.25,0.00035,1,1,,4.152,10.3515625,15
synthetic_08677,cluster_v100m32,9,10,9,10,1,0.25,0.00025,1,1,,8.0,29.8017578125,15
synthetic_08678,cluster_p100,80,81,80,81,1,0.25,0.00025,1,1,,3.152,5.46875,15
synthetic_08679,cluster_t4,12,13,12,13,1,0.25,7e-05,1,1,T4,11.3,48.0,15
synthetic_08680,cluster_g3,49,50,49,50,1,0.25,0.00035,1,1,,3.152,5.46875,15
synthetic_08681,cluster_t4,88,89,88,89,1,0.25,7e-05,1,1,T4,8.0,29.8017578125,15
synthetic_08682,cluster_g3,17,21,17,21,4,1.0,0.00035,1,1,,11.908,46.0,15
synthetic_08683,cluster_g2,68,69,68,69,1,0.25,0.00035,1,1,,3.152,5.46875,15
synthetic_08684,cluster_p100,67,68,67,68,1,0.25,0.00025,1,1,,11.3,48.0,15
synthetic_08685,cluster_g3,63,64,63,64,1,0.25,0.00035,1,1,G3,15.2,79.0,15
synthetic_08686,cluster_t4,32,33,32,33,1,0.25,7e-05,1,1,T4,11.3,48.0,15
synthetic_08687,cluster_g2,14,15,14,15,1,0.25,0.00035,1,1,,3.152,5.46875,15
synthetic_08688,cluster_v100m32,52,53,52,53,1,0.25,0.00025,1,1,,3.152,5.46875,15
synthetic_08689,cluster_v100m16,49,53,49,53,4,1.0,0.00025,1,1,,18.708,63.0,15
synthetic_08690,cluster_v100m16,73,74,73,74,1,0.25,0.00025,1,1,,11.3,48.0,15
synthetic_08691,cluster_v100m16,50,63,50,63,13,3.25,0.00025,1,1,V100M16|V100M32,12.0,15.0,15
synthetic_08692,cluster_p100,70,71,70,71,1,0.25,0.00025,1,1,P100,3.152,5.46875,15
synthetic_08693,cluster_g2,43,45,43,45,2,0.5,0.00035,1,1,,11.3,48.0,15
synthetic_08694,cluster_g2,43,44,43,44,1,0.25,0.00035,1,1,,3.152,5.46875,15
synthetic_08695,cluster_v100m32,46,50,46,50,4,1.0,0.00025,1,1,,6.0,16.0,15
synthetic_08696,cluster_g3,79,83,79,83,4,1.0,0.00035,1,1,,4.0,22.3515625,15
synthetic_08697,cluster_v100m16,23,24,23,24,1,0.25,0.00025,1,1,,8.0,29.8017578125,15
synthetic_08698,cluster_g3,5,6,5,6,1,0.25,0.00035,1,1,,18.708,63.0,15
synthetic_08699,cluster_v100m16,32,33,32,33,1,0.25,0.00025,1,1,,8.0,29.8017578125,15
synthetic_08700,cluster_g2,60,61,60,61,1,0.25,0.00035,1,1,G2,8.0,16.0,15
synthetic_08701,cluster_v100m16,32,33,32,33,1,0.25,0.00025,1,1,,3.152,5.46875,15
synthetic_08702,cluster_p100,7,8,7,8,1,0.25,0.00025,1,1,P100,4.152,10.3515625,15
synthetic_08703,cluster_g2,11,14,11,14,3,0.75,0.00035,1,1,,11.908,46.0,15
synthetic_08704,cluster_p100,43,48,43,48,5,1.25,0.00025,1,1,,4.0,24.0,15
synthetic_08705,cluster_g2,86,87,86,87,1,0.25,0.00035,1,1,,11.3,48.0,15
synthetic_08706,cluster_v100m16,63,72,63,72,9,2.25,0.00025,1,1,,11.908,46.0,15
synthetic_08707,cluster_p100,32,40,32,40,8,2.0,0.00025,1,1,,11.4,47.0,15
synthetic_08708,cluster_t4,21,23,21,23,2,0.5,7e-05,1,1,,3.152,5.46875,15
synthetic_08709,cluster_v100m16,9,11,9,11,2,0.5,0.00025,1,1,A10|G2|T4|V100M16|V100M32,11.3,48.0,15
synthetic_08710,cluster_t4,61,63,61,63,2,0.5,7e-05,1,1,,18.708,63.0,15
synthetic_08711,cluster_t4,9,14,9,14,5,1.25,7e-05,1,1,,12.0,16.0,15
synthetic_08712,cluster_v100m16,24,25,24,25,1,0.25,0.00025,1,1,,8.0,29.8017578125,15
synthetic_08713,cluster_v100m16,0,1,0,1,1,0.25,0.00025,1,1,,11.3,48.0,15
synthetic_08714,cluster_g2,64,67,64,67,3,0.75,0.00035,1,1,G2,9.81,40.5859375,15
synthetic_08715,cluster_g2,80,81,80,81,1,0.25,0.00035,1,1,,3.152,5.46875,15
synthetic_08716,cluster_g3,92,94,92,94,2,0.5,0.00035,1,1,,11.4,47.0,15
synthetic_08717,cluster_g2,69,71,69,71,2,0.5,0.00035,1,1,,6.0,16.0,15
synthetic_08718,cluster_v100m16,53,58,53,58,5,1.25,0.00025,1,1,,11.908,46.0,15
synthetic_08719,cluster_v100m16,63,64,63,64,1,0.25,0.00025,1,1,,9.81,40.5859375,15
synthetic_08720,cluster_v100m16,38,51,38,51,13,3.25,0.00025,1,1,,4.0,22.3515625,15
synthetic_08721,cluster_t4,15,17,15,17,2,0.5,7e-05,1,1,T4,11.908,46.0,15
synthetic_08722,cluster_g2,9,18,9,18,9,2.25,0.00035,1,1,,11.908,46.0,15
synthetic_08723,cluster_g3,25,26,25,26,1,0.25,0.00035,1,1,,8.0,29.8017578125,15
synthetic_08724,cluster_t4,40,45,40,45,5,1.25,7e-05,1,1,T4,14.2,57.0,15
synthetic_08725,cluster_p100,23,24,23,24,1,0.25,0.00025,1,1,,3.152,5.46875,15
synthetic_08726,cluster_g3,21,25,21,25,4,1.0,0.00035,1,1,,8.0,29.8017578125,15
synthetic_08727,cluster_v100m32,55,56,55,56,1,0.25,0.00025,1,1,,3.152,5.46875,15
synthetic_08728,cluster_t4,65,66,65,66,1,0.25,7e-05,1,1,T4,9.81,40.5859375,15
synthetic_08729,cluster_v100m16,18,20,18,20,2,0.5,0.00025,1,1,,3.152,5.46875,15
synthetic_08730,cluster_t4,16,17,16,17,1,0.25,7e-05,1,1,T4,3.152,5.46875,15
synthetic_08731,cluster_v100m16,16,19,16,19,3,0.75,0.00025,1,1,,11.908,46.0,15
synthetic_08732,cluster_v100m16,37,38,37,38,1,0.25,0.00025,1,1,,11.3,48.0,15
synthetic_08733,cluster_g3,81,82,81,82,1,0.25,0.00035,1,1,,4.0,22.3515625,15
synthetic_08734,cluster_p100,67,68,67,68,1,0.25,0.00025,1,1,,11.3,48.0,15
synthetic_08735,cluster_t4,31,36,31,36,5,1.25,7e-05,1,1,T4,12.0,24.0,15
synthetic_08736,cluster_p100,66,67,66,67,1,0.25,0.00025,1,1,,11.4,47.0,15
synthetic_08737,cluster_v100m32,42,43,42,43,1,0.25,0.00025,1,1,,3.152,5.46875,15
synthetic_08738,cluster_v100m32,91,94,91,94,3,0.75,0.00025,1,1,,6.0,23.0,15
synthetic_08739,cluster_v100m16,28,33,28,33,5,1.25,0.00025,1,1,,8.0,32.0,15
synthetic_08740,cluster_p100,90,91,90,91,1,0.25,0.00025,1,1,P100,3.152,5.46875,15
synthetic_08741,cluster_v100m16,23,31,23,31,8,2.0,0.00025,1,1,,4.0,29.8017578125,15
synthetic_08742,cluster_v100m16,25,26,25,26,1,0.25,0.00025,1,1,V100M16|V100M32,18.708,63.0,15
synthetic_08743,cluster_v100m16,79,81,79,81,2,0.5,0.00025,1,1,,8.0,16.0,15
synthetic_08744,cluster_g2,51,67,51,67,16,4.0,0.00035,1,1,,11.4,47.0,15
synthetic_08745,cluster_v100m16,49,51,49,51,2,0.5,0.00025,1,1,,16.0,64.0,15
synthetic_08746,cluster_p100,48,56,48,56,8,2.0,0.00025,1,1,P100,8.0,29.8017578125,15
synthetic_08747,cluster_t4,87,88,87,88,1,0.25,7e-05,1,1,,4.0,14.900390625,15
synthetic_08748,cluster_g2,66,70,66,70,4,1.0,0.00035,1,1,,11.908,46.0,15
synthetic_08749,cluster_t4,76,77,76,77,1,0.25,7e-05,1,1,T4,15.7,57.0,15
synthetic_08750,cluster_t4,79,80,79,80,1,0.25,7e-05,1,1,T4,8.0,29.8017578125,15
synthetic_08751,cluster_v100m32,72,78,72,78,6,1.5,0.00025,1,1,,2.0,8.0,15
synthetic_08752,cluster_t4,86,87,86,87,1,0.25,7e-05,1,1,T4,3.152,5.46875,15
synthetic_08753,cluster_v100m32,75,77,75,77,2,0.5,0.00025,1,1,V100M32,12.0,16.0,15
synthetic_08754,cluster_t4,7,8,7,8,1,0.25,7e-05,1,1,T4,8.0,29.8017578125,15
synthetic_08755,cluster_v100m32,94,95,94,95,1,0.25,0.00025,1,1,,11.3,48.0,15
synthetic_08756,cluster_g2,13,14,13,14,1,0.25,0.00035,1,1,G2,12.0,16.0,15
synthetic_08757,cluster_v100m16,49,50,49,50,1,0.25,0.00025,1,1,,12.0,24.0,15
synthetic_08758,cluster_t4,2,3,2,3,1,0.25,7e-05,1,1,T4,18.708,63.0,15
synthetic_08759,cluster_t4,13,14,13,14,1,0.25,7e-05,1,1,T4,9.81,40.5859375,15
synthetic_08760,cluster_g3,27,28,27,28,1,0.25,0.00035,1,1,G3,8.0,16.0,15
synthetic_08761,cluster_v100m16,6,7,6,7,1,0.25,0.00025,1,1,,3.152,5.46875,15
synthetic_08762,cluster_p100,57,58,57,58,1,0.25,0.00025,1,1,,11.3,48.0,15
synthetic_08763,cluster_v100m32,13,15,13,15,2,0.5,0.00025,1,1,,3.152,5.46875,15
synthetic_08764,cluster_v100m16,31,32,31,32,1,0.25,0.00025,1,1,,18.708,63.0,15
synthetic_08765,cluster_v100m32,43,48,43,48,5,1.25,0.00025,1,1,,11.3,48.0,15
synthetic_08766,cluster_g2,82,83,82,83,1,0.25,0.00035,1,1,,4.0,14.900390625,15
synthetic_08767,cluster_v100m32,63,72,63,72,9,2.25,0.00025,1,1,,11.4,47.0,15
synthetic_08768,cluster_v100m32,7,8,7,8,1,0.25,0.00025,1,1,,3.152,5.46875,15
synthetic_08769,cluster_v100m32,10,11,10,11,1,0.25,0.00025,1,1,,12.0,16.0,15
synthetic_08770,cluster_p100,21,22,21,22,1,0.25,0.00025,1,1,,11.908,46.0,15
synthetic_08771,cluster_p100,64,65,64,65,1,0.25,0.00025,1,1,,8.0,29.8017578125,15
synthetic_08772,cluster_v100m32,27,28,27,28,1,0.25,0.00025,1,1,,4.152,10.3515625,15
synthetic_08773,cluster_t4,62,63,62,63,1,0.25,7e-05,1,1,T4,16.0,32.0,15
synthetic_08774,cluster_t4,71,73,71,73,2,0.5,7e-05,1,1,T4,11.4,47.0,15
synthetic_08775,cluster_g2,94,96,94,96,2,0.5,0.00035,1,1,G2,12.0,23.0,15
synthetic_08776,cluster_p100,88,89,88,89,1,0.25,0.00025,1,1,,3.152,5.46875,15
synthetic_08777,cluster_t4,6,7,6,7,1,0.25,7e-05,1,1,,11.908,46.0,15
synthetic_08778,cluster_v100m16,31,32,31,32,1,0.25,0.00025,1,1,,3.152,5.46875,15
synthetic_08779,cluster_g2,17,18,17,18,1,0.25,0.00035,1,1,,3.152,5.46875,15
synthetic_08780,cluster_v100m16,16,17,16,17,1,0.25,0.00025,1,1,,4.0,29.8017578125,15
synthetic_08781,cluster_t4,28,32,28,32,4,1.0,7e-05,1,1,T4,1.0,6.0,15
synthetic_08782,cluster_v100m32,84,85,84,85,1,0.25,0.00025,1,1,,3.152,5.46875,15
synthetic_08783,cluster_g2,94,95,94,95,1,0.25,0.00035,1,1,G2,6.0,32.0,15
synthetic_08784,cluster_v100m32,74,79,74,79,5,1.25,0.00025,1,1,,4.0,24.0,15
synthetic_08785,cluster_t4,31,33,31,33,2,0.5,7e-05,1,1,,11.908,46.0,15
synthetic_08786,cluster_v100m16,18,21,18,21,3,0.75,0.00025,1,1,,11.4,47.0,15
synthetic_08787,cluster_g3,82,83,82,83,1,0.25,0.00035,1,1,G3,3.152,5.46875,15
synthetic_08788,cluster_g2,67,78,67,78,11,2.75,0.00035,1,1,,4.0,22.3515625,15
synthetic_08789,cluster_v100m16,23,30,23,30,7,1.75,0.00025,1,1,,11.4,47.0,15
synthetic_08790,cluster_v100m32,6,7,6,7,1,0.25,0.00025,1,1,,11.3,48.0,15
synthetic_08791,cluster_v100m32,78,79,78,79,1,0.25,0.00025,1,1,,11.3,48.0,15
synthetic_08792,cluster_t4,73,83,73,83,10,2.5,7e-05,1,1,,12.0,24.0,15
synthetic_08793,cluster_g2,60,61,60,61,1,0.25,0.00035,1,1,G2,8.2,33.0,15
synthetic_08794,cluster_v100m32,49,50,49,50,1,0.25,0.00025,1,1,P100|V100M16|V100M32,14.2,57.0,15
synthetic_08795,cluster_g3,66,67,66,67,1,0.25,0.00035,1,1,,15.7,57.0,15
synthetic_08796,cluster_g2,34,35,34,35,1,0.25,0.00035,1,1,,3.152,5.46875,15
synthetic_08797,cluster_t4,2,3,2,3,1,0.25,7e-05,1,1,T4,18.708,63.0,15
synthetic_08798,cluster_g2,71,72,71,72,1,0.25,0.00035,1,1,G2,11.3,48.0,15
synthetic_08799,cluster_t4,18,25,18,25,7,1.75,7e-05,1,1,T4,11.4,47.0,15
synthetic_08800,cluster_t4,78,79,78,79,1,0.25,7e-05,1,1,T4,3.152,5.46875,15
synthetic_08801,cluster_t4,4,6,4,6,2,0.5,7e-05,1,1,T4,8.0,29.8017578125,15
synthetic_08802,cluster_t4,93,94,93,94,1,0.25,7e-05,1,1,,3.152,5.46875,15
synthetic_08803,cluster_g2,43,44,43,44,1,0.25,0.00035,1,1,,3.152,5.46875,15
synthetic_08804,cluster_g2,75,76,75,76,1,0.25,0.00035,1,1,G2,3.152,5.46875,15
synthetic_08805,cluster_g2,90,94,90,94,4,1.0,0.00035,1,1,G2,16.0,32.0,15
synthetic_08806,cluster_t4,35,36,35,36,1,0.25,7e-05,1,1,,4.0,14.900390625,15
synthetic_08807,cluster_g3,1,3,1,3,2,0.5,0.00035,1,1,,8.2,33.0,15
synthetic_08808,cluster_p100,3,7,3,7,4,1.0,0.00025,1,1,,8.0,16.0,15
synthetic_08809,cluster_g2,52,53,52,53,1,0.25,0.00035,1,1,,11.908,46.0,15
synthetic_08810,cluster_p100,86,87,86,87,1,0.25,0.00025,1,1,,11.908,46.0,15
synthetic_08811,cluster_p100,59,60,59,60,1,0.25,0.00025,1,1,P100,8.0,29.8017578125,15
synthetic_08812,cluster_v100m16,84,86,84,86,2,0.5,0.00025,1,1,,18.708,63.0,15
synthetic_08813,cluster_t4,35,38,35,38,3,0.75,7e-05,1,1,,15.2,79.0,15
synthetic_08814,cluster_g3,17,22,17,22,5,1.25,0.00035,1,1,,11.908,46.0,15
synthetic_08815,cluster_g2,29,30,29,30,1,0.25,0.00035,1,1,,3.152,5.46875,15
synthetic_08816,cluster_v100m32,89,90,89,90,1,0.25,0.00025,1,1,,11.3,48.0,15
synthetic_08817,cluster_t4,92,93,92,93,1,0.25,7e-05,1,1,T4,11.4,47.0,15
synthetic_08818,cluster_p100,32,36,32,36,4,1.0,0.00025,1,1,,4.0,30.517578125,15
synthetic_08819,cluster_p100,90,91,90,91,1,0.25,0.00025,1,1,,16.4,123.0,15
synthetic_08820,cluster_g3,61,64,61,64,3,0.75,0.00035,1,1,,4.0,22.3515625,15
synthetic_08821,cluster_t4,71,73,71,73,2,0.5,7e-05,1,1,,3.152,5.46875,15
synthetic_08822,cluster_p100,67,75,67,75,8,2.0,0.00025,1,1,,11.3,37.0,15
synthetic_08823,cluster_g2,36,37,36,37,1,0.25,0.00035,1,1,,3.152,5.46875,15
synthetic_08824,cluster_t4,78,79,78,79,1,0.25,7e-05,1,1,A10|G2|T4|V100M16|V100M32,14.2,57.0,15
synthetic_08825,cluster_p100,0,3,0,3,3,0.75,0.00025,1,1,,11.4,47.0,15
synthetic_08826,cluster_g3,53,60,53,60,7,1.75,0.00035,1,1,,24.2,91.0,15
synthetic_08827,cluster_t4,61,63,61,63,2,0.5,7e-05,1,1,,11.908,46.0,15
synthetic_08828,cluster_v100m32,1,2,1,2,1,0.25,0.00025,1,1,,18.708,63.0,15
synthetic_08829,cluster_g2,11,19,11,19,8,2.0,0.00035,1,1,,6.0,22.3515625,15
synthetic_08830,cluster_g3,89,91,89,91,2,0.5,0.00035,1,1,,11.908,46.0,15
synthetic_08831,cluster_g3,72,73,72,73,1,0.25,0.00035,1,1,,11.908,46.0,15
synthetic_08832,cluster_t4,81,89,81,89,8,2.0,7e-05,1,1,,3.152,5.46875,15
synthetic_08833,cluster_p100,72,73,72,73,1,0.25,0.00025,1,1,,3.152,5.46875,15
synthetic_08834,cluster_g2,90,91,90,91,1,0.25,0.00035,1,1,,11.3,48.0,15
synthetic_08835,cluster_v100m16,44,45,44,45,1,0.25,0.00025,1,1,,3.152,5.46875,15
synthetic_08836,cluster_t4,83,85,83,85,2,0.5,7e-05,1,1,,16.0,32.0,15
synthetic_08837,cluster_t4,47,48,47,48,1,0.25,7e-05,1,1,,3.152,5.46875,15
synthetic_08838,cluster_g2,86,88,86,88,2,0.5,0.00035,1,1,G2,4.0,30.517578125,15
synthetic_08839,cluster_p100,65,66,65,66,1,0.25,0.00025,1,1,P100,3.152,5.46875,15
synthetic_08840,cluster_t4,46,47,46,47,1,0.25,7e-05,1,1,T4,11.3,48.0,15
synthetic_08841,cluster_g3,39,41,39,41,2,0.5,0.00035,1,1,,4.152,10.3515625,15
synthetic_08842,cluster_t4,12,13,12,13,1,0.25,7e-05,1,1,T4,3.152,5.46875,15
synthetic_08843,cluster_v100m16,22,23,22,23,1,0.25,0.00025,1,1,,3.152,5.46875,15
synthetic_08844,cluster_t4,35,37,35,37,2,0.5,7e-05,1,1,T4,11.908,46.0,15
synthetic_08845,cluster_v100m16,94,95,94,95,1,0.25,0.00025,1,1,,4.152,10.3515625,15
synthetic_08846,cluster_v100m32,59,63,59,63,4,1.0,0.00025,1,1,,4.0,14.900390625,15
synthetic_08847,cluster_g3,66,67,66,67,1,0.25,0.00035,1,1,G3,8.0,16.0,15
synthetic_08848,cluster_p100,55,56,55,56,1,0.25,0.00025,1,1,P100,6.0,12.0,15
synthetic_08849,cluster_v100m32,46,47,46,47,1,0.25,0.00025,1,1,,8.0,29.8017578125,15
synthetic_08850,cluster_t4,49,50,49,50,1,0.25,7e-05,1,1,T4,11.3,48.0,15
synthetic_08851,cluster_g2,21,22,21,22,1,0.25,0.00035,1,1,,12.0,16.0,15
synthetic_08852,cluster_p100,29,30,29,30,1,0.25,0.00025,1,1,,18.708,63.0,15
synthetic_08853,cluster_t4,82,83,82,83,1,0.25,7e-05,1,1,T4,3.152,5.46875,15
synthetic_08854,cluster_p100,80,81,80,81,1,0.25,0.00025,1,1,,11.3,48.0,15
synthetic_08855,cluster_t4,81,94,81,94,13,3.25,7e-05,1,1,,9.81,40.5859375,15
synthetic_08856,cluster_p100,56,57,56,57,1,0.25,0.00025,1,1,P100,11.908,46.0,15
synthetic_08857,cluster_g2,44,45,44,45,1,0.25,0.00035,1,1,,3.152,5.46875,15
synthetic_08858,cluster_g2,50,52,50,52,2,0.5,0.00035,1,1,,4.152,10.3515625,15
synthetic_08859,cluster_p100,21,22,21,22,1,0.25,0.00025,1,1,,3.152,5.46875,15
synthetic_08860,cluster_t4,9,10,9,10,1,0.25,7e-05,1,1,,11.3,48.0,15
synthetic_08861,cluster_v100m16,42,43,42,43,1,0.25,0.00025,1,1,,14.2,57.0,15
synthetic_08862,cluster_v100m32,27,29,27,29,2,0.5,0.00025,1,1,,3.152,5.46875,15
synthetic_08863,cluster_v100m16,20,22,20,22,2,0.5,0.00025,1,1,,3.152,5.46875,15
synthetic_08864,cluster_t4,52,55,52,55,3,0.75,7e-05,1,1,T4,4.0,22.3515625,15
synthetic_08865,cluster_v100m32,86,89,86,89,3,0.75,0.00025,1,1,V100M16|V100M32,9.81,40.5859375,15
synthetic_08866,cluster_t4,53,62,53,62,9,2.25,7e-05,1,1,T4,4.0,30.517578125,15
synthetic_08867,cluster_g3,33,35,33,35,2,0.5,0.00035,1,1,,11.908,46.0,15
synthetic_08868,cluster_v100m16,66,67,66,67,1,0.25,0.00025,1,1,,3.152,5.46875,15
synthetic_08869,cluster_t4,74,75,74,75,1,0.25,7e-05,1,1,T4,3.152,5.46875,15
synthetic_08870,cluster_p100,75,76,75,76,1,0.25,0.00025,1,1,,3.152,5.46875,15
synthetic_08871,cluster_v100m32,75,77,75,77,2,0.5,0.00025,1,1,,11.4,47.0,15
synthetic_08872,cluster_t4,61,63,61,63,2,0.5,0.00014,2,2,,17.4,42.0,15
synthetic_08873,cluster_v100m32,7,8,7,8,1,0.25,0.00025,1,1,,3.152,5.46875,15
synthetic_08874,cluster_t4,15,17,15,17,2,0.5,7e-05,1,1,,12.0,32.0,15
synthetic_08875,cluster_g3,52,53,52,53,1,0.25,0.00035,1,1,,3.152,5.46875,15
synthetic_08876,cluster_v100m16,56,57,56,57,1,0.25,0.00025,1,1,,18.708,63.0,15
synthetic_08877,cluster_t4,11,12,11,12,1,0.25,7e-05,1,1,,11.4,47.0,15
synthetic_08878,cluster_t4,12,13,12,13,1,0.25,7e-05,1,1,T4,4.0,14.900390625,15
synthetic_08879,cluster_g2,24,25,24,25,1,0.25,0.00035,1,1,G2,3.152,5.46875,15
synthetic_08880,cluster_t4,53,54,53,54,1,0.25,7e-05,1,1,T4,18.708,63.0,15
synthetic_08881,cluster_g2,3,4,3,4,1,0.25,0.00035,1,1,,3.152,5.46875,15
synthetic_08882,cluster_t4,28,34,28,34,6,1.5,7e-05,1,1,T4,4.0,29.8017578125,15
synthetic_08883,cluster_t4,93,94,93,94,1,0.25,7e-05,1,1,,8.0,29.8017578125,15
synthetic_08884,cluster_t4,56,57,56,57,1,0.25,7e-05,1,1,T4,4.152,10.3515625,15
synthetic_08885,cluster_g2,80,87,80,87,7,1.75,0.00035,1,1,G2,18.708,63.0,15
synthetic_08886,cluster_g3,34,37,34,37,3,0.75,0.00035,1,1,,6.0,23.0,15
synthetic_08887,cluster_g2,76,77,76,77,1,0.25,0.00035,1,1,,11.3,48.0,15
synthetic_08888,cluster_t4,54,55,54,55,1,0.25,7e-05,1,1,T4,3.152,5.46875,15
synthetic_08889,cluster_t4,53,63,53,63,10,2.5,7e-05,1,1,T4,14.2,57.0,15
synthetic_08890,cluster_p100,81,91,81,91,10,2.5,0.00025,1,1,,4.0,22.3515625,15
synthetic_08891,cluster_v100m32,94,95,94,95,1,0.25,0.00025,1,1,,4.152,10.3515625,15
synthetic_08892,cluster_g3,15,16,15,16,1,0.25,0.00035,1,1,G3,3.152,5.46875,15
synthetic_08893,cluster_g3,56,57,56,57,1,0.25,0.00035,1,1,,6.0,6.0,15
synthetic_08894,cluster_g3,21,22,21,22,1,0.25,0.00035,1,1,,11.3,48.0,15
synthetic_08895,cluster_v100m16,6,7,6,7,1,0.25,0.00025,1,1,,11.908,46.0,15
synthetic_08896,cluster_t4,91,96,91,96,5,1.25,7e-05,1,1,T4,11.908,46.0,15
synthetic_08897,cluster_p100,21,23,21,23,2,0.5,0.00025,1,1,,3.152,5.46875,15
synthetic_08898,cluster_g2,0,1,0,1,1,0.25,0.00035,1,1,,3.152,5.46875,15
synthetic_08899,cluster_g3,16,20,16,20,4,1.0,0.00035,1,1,,11.908,46.0,15
synthetic_08900,cluster_t4,74,77,74,77,3,0.75,7e-05,1,1,,3.152,5.46875,15
synthetic_08901,cluster_p100,5,6,5,6,1,0.25,0.00025,1,1,,1.0,2.0,15
synthetic_08902,cluster_v100m16,17,18,17,18,1,0.25,0.00025,1,1,,3.152,5.46875,15
synthetic_08903,cluster_t4,17,18,17,18,1,0.25,7e-05,1,1,T4,15.7,57.0,15
synthetic_08904,cluster_p100,90,93,90,93,3,0.75,0.00025,1,1,,11.4,47.0,15
synthetic_08905,cluster_t4,21,23,21,23,2,0.5,7e-05,1,1,T4,11.3,48.0,15
synthetic_08906,cluster_v100m16,1,2,1,2,1,0.25,0.00025,1,1,,18.708,63.0,15
synthetic_08907,cluster_g3,57,58,57,58,1,0.25,0.00035,1,1,,4.0,22.3515625,15
synthetic_08908,cluster_t4,36,37,36,37,1,0.25,7e-05,1,1,T4,11.3,48.0,15
synthetic_08909,cluster_v100m32,71,76,71,76,5,1.25,0.00025,1,1,,8.0,29.8017578125,15
synthetic_08910,cluster_t4,0,1,0,1,1,0.25,7e-05,1,1,,3.152,5.46875,15
synthetic_08911,cluster_g2,68,72,68,72,4,1.0,0.00035,1,1,,4.0,14.900390625,15
synthetic_08912,cluster_v100m32,19,21,19,21,2,0.5,0.00025,1,1,,3.152,5.46875,15
synthetic_08913,cluster_t4,16,17,16,17,1,0.25,7e-05,1,1,T4,11.4,76.0,15
synthetic_08914,cluster_p100,40,42,40,42,2,0.5,0.00025,1,1,,11.4,47.0,15
synthetic_08915,cluster_p100,25,26,25,26,1,0.25,0.00025,1,1,,11.3,48.0,15
synthetic_08916,cluster_p100,47,49,47,49,2,0.5,0.00025,1,1,P100|V100M16|V100M32,8.0,16.0,15
synthetic_08917,cluster_g2,85,86,85,86,1,0.25,0.00035,1,1,,11.908,46.0,15
synthetic_08918,cluster_t4,11,13,11,13,2,0.5,7e-05,1,1,,11.3,48.0,15
synthetic_08919,cluster_p100,61,64,61,64,3,0.75,0.00025,1,1,P100,3.152,5.46875,15
synthetic_08920,cluster_t4,55,56,55,56,1,0.25,7e-05,1,1,T4,11.4,47.0,15
synthetic_08921,cluster_v100m16,23,24,23,24,1,0.25,0.00025,1,1,,11.4,47.0,15
synthetic_08922,cluster_v100m16,53,58,53,58,5,1.25,0.00025,1,1,,12.0,24.0,15
synthetic_08923,cluster_g2,59,62,59,62,3,0.75,0.00035,1,1,,6.0,6.0,15
synthetic_08924,cluster_g2,52,53,52,53,1,0.25,0.00035,1,1,,9.4,51.0,15
synthetic_08925,cluster_v100m32,78,79,78,79,1,0.25,0.00025,1,1,,11.4,76.0,15
synthetic_08926,cluster_v100m32,34,35,34,35,1,0.25,0.00025,1,1,,3.152,5.46875,15
synthetic_08927,cluster_p100,38,39,38,39,1,0.25,0.00025,1,1,,11.4,47.0,15
synthetic_08928,cluster_g3,14,15,14,15,1,0.25,0.00035,1,1,,18.708,63.0,15
synthetic_08929,cluster_p100,58,59,58,59,1,0.25,0.00025,1,1,,8.0,29.8017578125,15
synthetic_08930,cluster_g2,34,35,34,35,1,0.25,0.00035,1,1,,11.3,48.0,15
synthetic_08931,cluster_g3,41,42,41,42,1,0.25,0.0014,4,4,,60.2,313.0,15
synthetic_08932,cluster_t4,33,34,33,34,1,0.25,7e-05,1,1,T4,12.0,24.0,15
synthetic_08933,cluster_g2,25,26,25,26,1,0.25,0.00035,1,1,,6.0,12.0,15
synthetic_08934,cluster_t4,6,12,6,12,6,1.5,7e-05,1,1,T4,3.152,5.46875,15
synthetic_08935,cluster_g2,18,19,18,19,1,0.25,0.00035,1,1,,4.152,10.3515625,15
synthetic_08936,cluster_t4,18,22,18,22,4,1.0,7e-05,1,1,T4,11.9,76.0,15
synthetic_08937,cluster_t4,5,7,5,7,2,0.5,7e-05,1,1,,8.0,16.0,15
synthetic_08938,cluster_v100m32,34,35,34,35,1,0.25,0.00025,1,1,,11.4,47.0,15
synthetic_08939,cluster_t4,47,57,47,57,10,2.5,7e-05,1,1,,4.0,29.8017578125,15
synthetic_08940,cluster_v100m16,55,56,55,56,1,0.25,0.00025,1,1,,3.152,5.46875,15
synthetic_08941,cluster_t4,53,63,53,63,10,2.5,7e-05,1,1,T4,14.2,57.0,15
synthetic_08942,cluster_g2,49,51,49,51,2,0.5,0.00035,1,1,,8.2,33.0,15
synthetic_08943,cluster_t4,87,88,87,88,1,0.25,7e-05,1,1,,3.152,5.46875,15
synthetic_08944,cluster_p100,69,70,69,70,1,0.25,0.00025,1,1,,11.908,46.0,15
synthetic_08945,cluster_g3,33,34,33,34,1,0.25,0.00035,1,1,,3.152,5.46875,15
synthetic_08946,cluster_t4,95,96,95,96,1,0.25,7e-05,1,1,,8.0,29.8017578125,15
synthetic_08947,cluster_t4,56,57,56,57,1,0.25,7e-05,1,1,,11.3,48.0,15
synthetic_08948,cluster_g3,93,95,93,95,2,0.5,0.00035,1,1,,16.0,32.0,15
synthetic_08949,cluster_t4,70,71,70,71,1,0.25,7e-05,1,1,T4,11.3,48.0,15
synthetic_08950,cluster_t4,84,90,84,90,6,1.5,7e-05,1,1,T4,4.0,30.517578125,15
synthetic_08951,cluster_v100m16,77,78,77,78,1,0.25,0.00025,1,1,,4.152,10.3515625,15
synthetic_08952,cluster_v100m16,46,47,46,47,1,0.25,0.00025,1,1,,11.4,47.0,15
synthetic_08953,cluster_v100m32,47,48,47,48,1,0.25,0.00025,1,1,,6.0,6.0,15
synthetic_08954,cluster_v100m32,78,79,78,79,1,0.25,0.00025,1,1,,3.152,5.46875,15
synthetic_08955,cluster_g2,6,8,6,8,2,0.5,0.00035,1,1,,12.0,16.0,15
synthetic_08956,cluster_p100,37,38,37,38,1,0.25,0.00025,1,1,,3.152,5.46875,15
synthetic_08957,cluster_t4,36,37,36,37,1,0.25,7e-05,1,1,,9.81,40.5859375,15
synthetic_08958,cluster_v100m32,8,9,8,9,1,0.25,0.00025,1,1,,11.908,46.0,15
synthetic_08959,cluster_v100m16,81,82,81,82,1,0.25,0.00025,1,1,,11.4,47.0,15
synthetic_08960,cluster_t4,6,7,6,7,1,0.25,7e-05,1,1,T4,11.4,47.0,15
synthetic_08961,cluster_g2,2,3,2,3,1,0.25,0.00035,1,1,G2,11.4,47.0,15
synthetic_08962,cluster_v100m32,87,88,87,88,1,0.25,0.00025,1,1,,3.152,5.46875,15
synthetic_08963,cluster_t4,33,35,33,35,2,0.5,7e-05,1,1,,11.908,46.0,15
synthetic_08964,cluster_v100m32,39,44,39,44,5,1.25,0.00025,1,1,V100M32,4.0,24.0,15
synthetic_08965,cluster_v100m32,74,75,74,75,1,0.25,0.00025,1,1,,18.708,63.0,15
synthetic_08966,cluster_p100,80,81,80,81,1,0.25,0.00025,1,1,,4.152,10.3515625,15
synthetic_08967,cluster_p100,85,86,85,86,1,0.25,0.00025,1,1,P100,3.152,5.46875,15
synthetic_08968,cluster_v100m32,33,36,33,36,3,0.75,0.00025,1,1,,16.0,32.0,15
synthetic_08969,cluster_g2,25,27,25,27,2,0.5,0.00035,1,1,G2,4.0,30.517578125,15
synthetic_08970,cluster_p100,81,82,81,82,1,0.25,0.00025,1,1,P100,3.152,5.46875,15
synthetic_08971,cluster_g2,28,29,28,29,1,0.25,0.00035,1,1,,11.3,48.0,15
synthetic_08972,cluster_p100,43,44,43,44,1,0.25,0.00025,1,1,,3.152,5.46875,15
synthetic_08973,cluster_g3,92,96,92,96,4,1.0,0.00035,1,1,,15.7,57.0,15
synthetic_08974,cluster_g3,78,80,78,80,2,0.5,0.00035,1,1,,11.4,47.0,15
synthetic_08975,cluster_t4,78,84,78,84,6,1.5,7e-05,1,1,T4,4.0,22.3515625,15
synthetic_08976,cluster_v100m32,63,69,63,69,6,1.5,0.00025,1,1,,4.0,29.8017578125,15
synthetic_08977,cluster_t4,15,16,15,16,1,0.25,7e-05,1,1,,11.3,48.0,15
synthetic_08978,cluster_v100m32,15,20,15,20,5,1.25,0.00025,1,1,,4.0,24.0,15
synthetic_08979,cluster_g2,82,83,82,83,1,0.25,0.00035,1,1,,3.152,5.46875,15
synthetic_08980,cluster_g2,67,70,67,70,3,0.75,0.00035,1,1,,11.908,46.0,15
synthetic_08981,cluster_v100m16,14,17,14,17,3,0.75,0.00025,1,1,,11.3,48.0,15
synthetic_08982,cluster_t4,35,36,35,36,1,0.25,7e-05,1,1,,11.3,48.0,15
synthetic_08983,cluster_v100m16,48,57,48,57,9,2.25,0.00025,1,1,,11.4,47.0,15
synthetic_08984,cluster_p100,1,2,1,2,1,0.25,0.00025,1,1,,3.152,5.46875,15
synthetic_08985,cluster_v100m32,77,78,77,78,1,0.25,0.00025,1,1,,3.152,5.46875,15
synthetic_08986,cluster_v100m32,39,41,39,41,2,0.5,0.00025,1,1,,16.0,64.0,15
synthetic_08987,cluster_g2,91,92,91,92,1,0.25,0.00035,1,1,,11.3,48.0,15
synthetic_08988,cluster_p100,5,6,5,6,1,0.25,0.00025,1,1,,3.152,5.46875,15
synthetic_08989,cluster_g2,26,27,26,27,1,0.25,0.00035,1,1,,3.152,5.46875,15
synthetic_08990,cluster_t4,15,16,15,16,1,0.25,7e-05,1,1,,11.3,48.0,15
synthetic_08991,cluster_g2,41,44,41,44,3,0.75,0.00035,1,1,,11.4,47.0,15
synthetic_08992,cluster_g2,8,9,8,9,1,0.25,0.00035,1,1,,11.908,46.0,15
synthetic_08993,cluster_t4,93,94,93,94,1,0.25,7e-05,1,1,T4,12.0,24.0,15
synthetic_08994,cluster_g3,2,3,2,3,1,0.25,0.00035,1,1,,9.81,40.5859375,15
synthetic_08995,cluster_t4,13,14,13,14,1,0.25,7e-05,1,1,T4,11.3,48.0,15
synthetic_08996,cluster_t4,13,24,13,24,11,2.75,7e-05,1,1,T4,11.908,46.0,15
synthetic_08997,cluster_v100m16,68,69,68,69,1,0.25,0.00025,1,1,,4.0,22.3515625,15
synthetic_08998,cluster_t4,58,61,58,61,3,0.75,7e-05,1,1,T4,6.0,18.0,15
synthetic_08999,cluster_t4,37,40,37,40,3,0.75,7e-05,1,1,,9.81,40.5859375,15
synthetic_09000,cluster_v100m32,87,88,87,88,1,0.25,0.00025,1,1,,4.0,29.8017578125,15
synthetic_09001,cluster_g2,79,82,79,82,3,0.75,0.00035,1,1,,4.152,10.3515625,15
synthetic_09002,cluster_v100m32,16,17,16,17,1,0.25,0.00025,1,1,,11.3,48.0,15
synthetic_09003,cluster_v100m16,61,63,61,63,2,0.5,0.00025,1,1,,8.0,32.0,15
synthetic_09004,cluster_g2,4,5,4,5,1,0.25,0.00035,1,1,G2,11.3,48.0,15
synthetic_09005,cluster_g3,92,93,92,93,1,0.25,0.00035,1,1,,3.152,5.46875,15
synthetic_09006,cluster_g3,20,21,20,21,1,0.25,0.00035,1,1,,3.152,5.46875,15
synthetic_09007,cluster_t4,81,82,81,82,1,0.25,7e-05,1,1,,3.152,5.46875,15
synthetic_09008,cluster_v100m32,80,85,80,85,5,1.25,0.00025,1,1,,9.81,40.5859375,15
synthetic_09009,cluster_v100m32,10,12,10,12,2,0.5,0.00025,1,1,V100M16|V100M32,11.4,76.0,15
synthetic_09010,cluster_g2,79,80,79,80,1,0.25,0.00035,1,1,G2,11.3,48.0,15
synthetic_09011,cluster_v100m32,15,23,15,23,8,2.0,0.00025,1,1,V100M16|V100M32,11.4,76.0,15
synthetic_09012,cluster_g3,31,35,31,35,4,1.0,0.00035,1,1,,8.0,29.8017578125,15
synthetic_09013,cluster_v100m32,13,18,13,18,5,1.25,0.00025,1,1,,15.2,79.0,15
synthetic_09014,cluster_v100m16,68,69,68,69,1,0.25,0.00025,1,1,,11.4,47.0,15
synthetic_09015,cluster_v100m32,13,15,13,15,2,0.5,0.00025,1,1,,11.3,48.0,15
synthetic_09016,cluster_p100,31,34,31,34,3,0.75,0.00025,1,1,,11.9,76.0,15
synthetic_09017,cluster_g2,77,78,77,78,1,0.25,0.00035,1,1,,3.152,5.46875,15
synthetic_09018,cluster_v100m16,37,39,37,39,2,0.5,0.00025,1,1,,16.0,64.0,15
synthetic_09019,cluster_g2,94,95,94,95,1,0.25,0.00035,1,1,G2,3.152,5.46875,15
synthetic_09020,cluster_g2,44,46,44,46,2,0.5,0.00035,1,1,,3.152,5.46875,15
synthetic_09021,cluster_p100,69,70,69,70,1,0.25,0.00025,1,1,,3.152,5.46875,15
synthetic_09022,cluster_g3,7,10,7,10,3,0.75,0.00035,1,1,,8.0,29.8017578125,15
synthetic_09023,cluster_p100,33,34,33,34,1,0.25,0.00025,1,1,P100,3.152,5.46875,15
synthetic_09024,cluster_t4,18,19,18,19,1,0.25,7e-05,1,1,T4,18.708,63.0,15
synthetic_09025,cluster_v100m32,41,42,41,42,1,0.25,0.00025,1,1,,3.152,5.46875,15
synthetic_09026,cluster_g2,94,95,94,95,1,0.25,0.00035,1,1,,11.3,48.0,15
synthetic_09027,cluster_g3,11,15,11,15,4,1.0,0.0028,8,8,G3,120.0,720.0,15
synthetic_09028,cluster_v100m32,90,91,90,91,1,0.25,0.00025,1,1,,3.152,5.46875,15
synthetic_09029,cluster_t4,61,62,61,62,1,0.25,7e-05,1,1,T4,14.2,57.0,15
synthetic_09030,cluster_g2,12,13,12,13,1,0.25,0.00035,1,1,G2,3.152,5.46875,15
synthetic_09031,cluster_v100m32,34,35,34,35,1,0.25,0.00025,1,1,,3.152,5.46875,15
synthetic_09032,cluster_g2,12,17,12,17,5,1.25,0.00035,1,1,,11.4,47.0,15
synthetic_09033,cluster_v100m16,39,41,39,41,2,0.5,0.00025,1,1,,8.0,29.8017578125,15
synthetic_09034,cluster_g2,47,49,47,49,2,0.5,0.00035,1,1,,8.2,33.0,15
synthetic_09035,cluster_v100m16,73,74,73,74,1,0.25,0.00025,1,1,,3.152,5.46875,15
synthetic_09036,cluster_v100m32,48,49,48,49,1,0.25,0.00025,1,1,,8.0,29.8017578125,15
synthetic_09037,cluster_v100m32,68,69,68,69,1,0.25,0.00025,1,1,,4.0,22.3515625,15
synthetic_09038,cluster_p100,10,14,10,14,4,1.0,0.00025,1,1,P100,11.908,46.0,15
synthetic_09039,cluster_t4,41,43,41,43,2,0.5,7e-05,1,1,,11.3,48.0,15
synthetic_09040,cluster_t4,13,14,13,14,1,0.25,7e-05,1,1,T4,11.3,48.0,15
synthetic_09041,cluster_t4,0,1,0,1,1,0.25,7e-05,1,1,T4,11.3,48.0,15
synthetic_09042,cluster_v100m32,24,29,24,29,5,1.25,0.00025,1,1,,16.0,32.0,15
synthetic_09043,cluster_p100,19,21,19,21,2,0.5,0.00025,1,1,P100,11.908,46.0,15
synthetic_09044,cluster_v100m32,63,66,63,66,3,0.75,0.00025,1,1,,11.4,47.0,15
synthetic_09045,cluster_t4,58,59,58,59,1,0.25,7e-05,1,1,,8.0,29.8017578125,15
synthetic_09046,cluster_v100m32,61,68,61,68,7,1.75,0.00025,1,1,,11.3,48.0,15
synthetic_09047,cluster_g2,80,84,80,84,4,1.0,0.00035,1,1,G2,11.4,47.0,15
synthetic_09048,cluster_t4,49,50,49,50,1,0.25,7e-05,1,1,T4,3.152,5.46875,15
synthetic_09049,cluster_g2,33,34,33,34,1,0.25,0.00035,1,1,,8.0,29.8017578125,15
synthetic_09050,cluster_v100m16,39,41,39,41,2,0.5,0.00025,1,1,,4.0,14.900390625,15
synthetic_09051,cluster_p100,49,50,49,50,1,0.25,0.00025,1,1,,3.152,5.46875,15
synthetic_09052,cluster_v100m32,78,79,78,79,1,0.25,0.00025,1,1,V100M16|V100M32,11.3,48.0,15
synthetic_09053,cluster_p100,51,52,51,52,1,0.25,0.00025,1,1,,3.152,5.46875,15
synthetic_09054,cluster_p100,7,11,7,11,4,1.0,0.00025,1,1,P100,3.152,5.46875,15
synthetic_09055,cluster_t4,13,14,13,14,1,0.25,7e-05,1,1,T4,11.3,48.0,15
synthetic_09056,cluster_p100,8,9,8,9,1,0.25,0.00025,1,1,,11.3,48.0,15
synthetic_09057,cluster_p100,52,53,52,53,1,0.25,0.00025,1,1,P100,8.0,29.8017578125,15
synthetic_09058,cluster_t4,22,23,22,23,1,0.25,7e-05,1,1,T4,12.0,24.0,15
synthetic_09059,cluster_g2,33,34,33,34,1,0.25,0.00035,1,1,,3.152,5.46875,15
synthetic_09060,cluster_v100m16,93,95,93,95,2,0.5,0.00025,1,1,,16.0,32.0,15
synthetic_09061,cluster_t4,87,88,87,88,1,0.25,7e-05,1,1,,11.4,47.0,15
synthetic_09062,cluster_v100m32,93,94,93,94,1,0.25,0.00025,1,1,,3.152,5.46875,15
synthetic_09063,cluster_t4,15,16,15,16,1,0.25,7e-05,1,1,T4,11.3,48.0,15
synthetic_09064,cluster_t4,54,59,54,59,5,1.25,7e-05,1,1,T4,11.4,47.0,15
synthetic_09065,cluster_g3,55,56,55,56,1,0.25,0.00035,1,1,,3.152,5.46875,15
synthetic_09066,cluster_v100m32,79,84,79,84,5,1.25,0.00025,1,1,,3.152,5.46875,15
synthetic_09067,cluster_p100,20,21,20,21,1,0.25,0.00025,1,1,,11.908,46.0,15
synthetic_09068,cluster_p100,25,26,25,26,1,0.25,0.00025,1,1,P100,4.0,29.8017578125,15
synthetic_09069,cluster_t4,13,14,13,14,1,0.25,7e-05,1,1,,3.152,5.46875,15
synthetic_09070,cluster_v100m32,23,24,23,24,1,0.25,0.00025,1,1,,3.152,5.46875,15
synthetic_09071,cluster_t4,47,50,47,50,3,0.75,7e-05,1,1,,11.908,46.0,15
synthetic_09072,cluster_g3,3,4,3,4,1,0.25,0.00035,1,1,G3,3.152,5.46875,15
synthetic_09073,cluster_g2,2,3,2,3,1,0.25,0.00035,1,1,,24.2,91.0,15
synthetic_09074,cluster_g2,57,59,57,59,2,0.5,0.00035,1,1,,3.152,5.46875,15
synthetic_09075,cluster_t4,73,75,73,75,2,0.5,7e-05,1,1,,11.4,47.0,15
synthetic_09076,cluster_v100m32,69,70,69,70,1,0.25,0.002,8,8,,120.2,625.0,15
synthetic_09077,cluster_t4,77,78,77,78,1,0.25,7e-05,1,1,T4,11.4,47.0,15
synthetic_09078,cluster_v100m16,3,4,3,4,1,0.25,0.00025,1,1,,11.3,48.0,15
synthetic_09079,cluster_p100,47,54,47,54,7,1.75,0.00025,1,1,,8.0,29.8017578125,15
synthetic_09080,cluster_t4,44,45,44,45,1,0.25,7e-05,1,1,T4,11.3,48.0,15
synthetic_09081,cluster_v100m16,25,26,25,26,1,0.25,0.00025,1,1,,4.152,10.3515625,15
synthetic_09082,cluster_g2,23,31,23,31,8,2.0,0.00035,1,1,G2,2.0,16.0,15
synthetic_09083,cluster_t4,93,94,93,94,1,0.25,7e-05,1,1,T4,3.152,5.46875,15
synthetic_09084,cluster_t4,65,67,65,67,2,0.5,7e-05,1,1,T4,3.152,5.46875,15
synthetic_09085,cluster_v100m16,58,59,58,59,1,0.25,0.00025,1,1,,3.152,5.46875,15
synthetic_09086,cluster_g2,33,39,33,39,6,1.5,0.00035,1,1,G2,11.4,47.0,15
synthetic_09087,cluster_v100m32,59,64,59,64,5,1.25,0.00025,1,1,,11.4,47.0,15
synthetic_09088,cluster_v100m16,0,1,0,1,1,0.25,0.00025,1,1,,6.0,6.0,15
synthetic_09089,cluster_t4,73,76,73,76,3,0.75,7e-05,1,1,T4,15.7,57.0,15
synthetic_09090,cluster_t4,66,67,66,67,1,0.25,7e-05,1,1,T4,4.152,10.3515625,15
synthetic_09091,cluster_g2,88,93,88,93,5,1.25,0.00035,1,1,G2,8.2,33.0,15
synthetic_09092,cluster_p100,17,23,17,23,6,1.5,0.00025,1,1,,8.0,29.8017578125,15
synthetic_09093,cluster_t4,63,66,63,66,3,0.75,7e-05,1,1,T4,6.0,32.0,15
synthetic_09094,cluster_t4,52,53,52,53,1,0.25,7e-05,1,1,,9.81,40.5859375,15
synthetic_09095,cluster_t4,0,1,0,1,1,0.25,7e-05,1,1,T4,18.708,63.0,15
synthetic_09096,cluster_v100m16,76,77,76,77,1,0.25,0.00025,1,1,,11.3,48.0,15
synthetic_09097,cluster_p100,2,3,2,3,1,0.25,0.00025,1,1,P100,4.0,29.8017578125,15
synthetic_09098,cluster_t4,59,60,59,60,1,0.25,7e-05,1,1,,3.152,5.46875,15
synthetic_09099,cluster_v100m16,10,12,10,12,2,0.5,0.00025,1,1,,8.0,16.0,15
synthetic_09100,cluster_g2,36,37,36,37,1,0.25,0.00035,1,1,,3.152,5.46875,15
synthetic_09101,cluster_v100m16,37,42,37,42,5,1.25,0.00025,1,1,,14.9,72.0,15
synthetic_09102,cluster_v100m16,69,70,69,70,1,0.25,0.00025,1,1,,3.152,5.46875,15
synthetic_09103,cluster_g3,71,72,71,72,1,0.25,0.00035,1,1,,3.152,5.46875,15
synthetic_09104,cluster_p100,27,31,27,31,4,1.0,0.00025,1,1,,12.0,16.0,15
synthetic_09105,cluster_v100m32,36,37,36,37,1,0.25,0.00025,1,1,,14.2,57.0,15
synthetic_09106,cluster_v100m16,38,42,38,42,4,1.0,0.00025,1,1,,24.2,91.0,15
synthetic_09107,cluster_g3,33,34,33,34,1,0.25,0.00035,1,1,,4.0,22.3515625,15
synthetic_09108,cluster_g3,38,39,38,39,1,0.25,0.00035,1,1,,11.3,48.0,15
synthetic_09109,cluster_v100m32,40,41,40,41,1,0.25,0.00025,1,1,,3.152,5.46875,15
synthetic_09110,cluster_g2,5,7,5,7,2,0.5,0.00035,1,1,,4.0,32.0,15
synthetic_09111,cluster_g2,89,90,89,90,1,0.25,0.00035,1,1,,11.3,48.0,15
synthetic_09112,cluster_t4,19,20,19,20,1,0.25,7e-05,1,1,,11.4,47.0,15
synthetic_09113,cluster_t4,23,24,23,24,1,0.25,7e-05,1,1,T4,3.152,5.46875,15
synthetic_09114,cluster_g3,76,82,76,82,6,1.5,0.00035,1,1,,12.0,24.0,15
synthetic_09115,cluster_v100m16,11,12,11,12,1,0.25,0.00025,1,1,,11.908,46.0,15
synthetic_09116,cluster_p100,86,90,86,90,4,1.0,0.00025,1,1,,11.3,48.0,15
synthetic_09117,cluster_t4,31,32,31,32,1,0.25,7e-05,1,1,T4,8.0,29.8017578125,15
synthetic_09118,cluster_g2,69,70,69,70,1,0.25,0.00035,1,1,,3.152,5.46875,15
synthetic_09119,cluster_t4,17,19,17,19,2,0.5,7e-05,1,1,T4,3.152,5.46875,15
synthetic_09120,cluster_v100m16,78,82,78,82,4,1.0,0.00025,1,1,V100M16,11.3,48.0,15
synthetic_09121,cluster_g3,56,57,56,57,1,0.25,0.00035,1,1,,18.708,63.0,15
synthetic_09122,cluster_t4,61,64,61,64,3,0.75,7e-05,1,1,,11.4,47.0,15
synthetic_09123,cluster_v100m16,76,77,76,77,1,0.25,0.00025,1,1,,12.0,15.625,15
synthetic_09124,cluster_g2,75,76,75,76,1,0.25,0.00035,1,1,,3.152,5.46875,15
synthetic_09125,cluster_v100m16,82,83,82,83,1,0.25,0.00025,1,1,,3.152,5.46875,15
synthetic_09126,cluster_g3,52,53,52,53,1,0.25,0.00035,1,1,,8.0,29.8017578125,15
synthetic_09127,cluster_g2,53,54,53,54,1,0.25,0.00035,1,1,G2,11.3,48.0,15
synthetic_09128,cluster_p100,68,69,68,69,1,0.25,0.00025,1,1,,3.152,5.46875,15
synthetic_09129,cluster_g2,95,96,95,96,1,0.25,0.00035,1,1,,3.152,5.46875,15
synthetic_09130,cluster_p100,13,14,13,14,1,0.25,0.00025,1,1,P100|V100M16|V100M32,11.3,48.0,15
synthetic_09131,cluster_v100m32,91,92,91,92,1,0.25,0.00025,1,1,,14.2,57.0,15
synthetic_09132,cluster_v100m16,1,9,1,9,8,2.0,0.00025,1,1,,3.152,5.46875,15
synthetic_09133,cluster_v100m32,13,14,13,14,1,0.25,0.00025,1,1,,11.908,46.0,15
synthetic_09134,cluster_v100m16,22,23,22,23,1,0.25,0.002,8,8,,64.2,257.0,15
synthetic_09135,cluster_g2,11,12,11,12,1,0.25,0.00035,1,1,,11.3,48.0,15
synthetic_09136,cluster_g3,83,85,83,85,2,0.5,0.00035,1,1,,12.0,32.0,15
synthetic_09137,cluster_v100m32,37,38,37,38,1,0.25,0.002,8,8,,64.2,257.0,15
synthetic_09138,cluster_t4,53,56,53,56,3,0.75,7e-05,1,1,T4,11.4,47.0,15
synthetic_09139,cluster_v100m16,43,44,43,44,1,0.25,0.00025,1,1,V100M16|V100M32,11.3,48.0,15
synthetic_09140,cluster_g3,6,8,6,8,2,0.5,0.00035,1,1,G3,16.0,64.0,15
synthetic_09141,cluster_v100m16,14,15,14,15,1,0.25,0.00025,1,1,,11.3,48.0,15
synthetic_09142,cluster_t4,60,63,60,63,3,0.75,7e-05,1,1,T4,3.152,5.46875,15
synthetic_09143,cluster_g2,2,5,2,5,3,0.75,0.00035,1,1,A10|G2|T4|V100M16|V100M32,11.3,48.0,15
synthetic_09144,cluster_t4,44,52,44,52,8,2.0,7e-05,1,1,T4,11.908,46.0,15
synthetic_09145,cluster_g2,8,9,8,9,1,0.25,0.00035,1,1,,3.152,5.46875,15
synthetic_09146,cluster_p100,13,14,13,14,1,0.25,0.00025,1,1,P100,4.0,29.8017578125,15
synthetic_09147,cluster_v100m32,13,14,13,14,1,0.25,0.00025,1,1,,14.2,57.0,15
synthetic_09148,cluster_v100m32,35,36,35,36,1,0.25,0.00025,1,1,,3.152,5.46875,15
synthetic_09149,cluster_t4,73,75,73,75,2,0.5,7e-05,1,1,T4,11.908,46.0,15
synthetic_09150,cluster_t4,5,6,5,6,1,0.25,7e-05,1,1,T4,11.3,48.0,15
synthetic_09151,cluster_g3,67,68,67,68,1,0.25,0.00035,1,1,,3.152,5.46875,15
synthetic_09152,cluster_g2,23,28,23,28,5,1.25,0.0014,4,4,G2,32.2,129.0,15
synthetic_09153,cluster_g2,33,35,33,35,2,0.5,0.00035,1,1,G2,14.2,57.0,15
synthetic_09154,cluster_t4,86,87,86,87,1,0.25,7e-05,1,1,,3.152,5.46875,15
synthetic_09155,cluster_g2,74,75,74,75,1,0.25,0.00035,1,1,,12.0,16.0,15
synthetic_09156,cluster_v100m16,74,75,74,75,1,0.25,0.00025,1,1,,3.152,5.46875,15
synthetic_09157,cluster_g3,94,95,94,95,1,0.25,0.00035,1,1,,11.908,46.0,15
synthetic_09158,cluster_g3,39,40,39,40,1,0.25,0.00035,1,1,,3.152,5.46875,15
synthetic_09159,cluster_t4,20,21,20,21,1,0.25,7e-05,1,1,T4,11.908,46.0,15
synthetic_09160,cluster_v100m16,15,18,15,18,3,0.75,0.00025,1,1,P100|V100M16|V100M32,11.4,47.0,15
synthetic_09161,cluster_p100,63,64,63,64,1,0.25,0.00025,1,1,,11.908,46.0,15
synthetic_09162,cluster_v100m16,43,44,43,44,1,0.25,0.00025,1,1,,3.152,5.46875,15
synthetic_09163,cluster_t4,90,93,90,93,3,0.75,7e-05,1,1,,11.4,47.0,15
synthetic_09164,cluster_t4,48,49,48,49,1,0.25,7e-05,1,1,T4,8.0,29.8017578125,15
synthetic_09165,cluster_t4,48,49,48,49,1,0.25,7e-05,1,1,T4,3.152,5.46875,15
synthetic_09166,cluster_v100m16,82,83,82,83,1,0.25,0.00025,1,1,,4.0,22.3515625,15
synthetic_09167,cluster_p100,70,78,70,78,8,2.0,0.00025,1,1,,24.2,91.0,15
synthetic_09168,cluster_g3,2,3,2,3,1,0.25,0.00035,1,1,,3.152,5.46875,15
synthetic_09169,cluster_t4,45,46,45,46,1,0.25,7e-05,1,1,T4,11.4,47.0,15
synthetic_09170,cluster_v100m32,14,16,14,16,2,0.5,0.00025,1,1,,4.0,29.8017578125,15
synthetic_09171,cluster_v100m16,49,51,49,51,2,0.5,0.00025,1,1,,4.152,10.3515625,15
synthetic_09172,cluster_v100m32,7,8,7,8,1,0.25,0.00025,1,1,,3.152,5.46875,15
synthetic_09173,cluster_p100,20,21,20,21,1,0.25,0.00025,1,1,,3.152,5.46875,15
synthetic_09174,cluster_g3,3,13,3,13,10,2.5,0.00035,1,1,,11.4,47.0,15
synthetic_09175,cluster_v100m32,83,84,83,84,1,0.25,0.00025,1,1,P100|V100M16|V100M32,14.2,57.0,15
synthetic_09176,cluster_t4,65,66,65,66,1,0.25,7e-05,1,1,,11.908,46.0,15
synthetic_09177,cluster_g3,67,68,67,68,1,0.25,0.00035,1,1,G3,8.0,16.0,15
synthetic_09178,cluster_t4,58,63,58,63,5,1.25,7e-05,1,1,,3.152,5.46875,15
synthetic_09179,cluster_t4,16,18,16,18,2,0.5,7e-05,1,1,T4,3.152,5.46875,15
synthetic_09180,cluster_v100m16,19,34,19,34,15,3.75,0.00025,1,1,V100M16|V100M32,12.0,24.0,15
synthetic_09181,cluster_g2,84,85,84,85,1,0.25,0.00035,1,1,,11.3,48.0,15
synthetic_09182,cluster_v100m16,45,46,45,46,1,0.25,0.00025,1,1,V100M16|V100M32,3.152,5.46875,15
synthetic_09183,cluster_v100m32,44,45,44,45,1,0.25,0.00025,1,1,,11.3,48.0,15
synthetic_09184,cluster_g3,10,12,10,12,2,0.5,0.00035,1,1,,3.152,5.46875,15
synthetic_09185,cluster_t4,11,13,11,13,2,0.5,7e-05,1,1,,12.0,16.0,15
synthetic_09186,cluster_p100,1,2,1,2,1,0.25,0.00025,1,1,,3.152,5.46875,15
synthetic_09187,cluster_t4,20,21,20,21,1,0.25,7e-05,1,1,,11.908,46.0,15
synthetic_09188,cluster_p100,24,25,24,25,1,0.25,0.00025,1,1,,3.152,5.46875,15
synthetic_09189,cluster_v100m32,79,80,79,80,1,0.25,0.00025,1,1,,11.908,46.0,15
synthetic_09190,cluster_g2,72,73,72,73,1,0.25,0.00035,1,1,,3.152,5.46875,15
synthetic_09191,cluster_v100m32,59,60,59,60,1,0.25,0.00025,1,1,,9.81,40.5859375,15
synthetic_09192,cluster_t4,75,90,75,90,15,3.75,7e-05,1,1,T4,12.0,24.0,15
synthetic_09193,cluster_p100,39,40,39,40,1,0.25,0.00025,1,1,,3.152,5.46875,15
synthetic_09194,cluster_g2,38,39,38,39,1,0.25,0.00035,1,1,,3.152,5.46875,15
synthetic_09195,cluster_v100m16,23,26,23,26,3,0.75,0.00025,1,1,,11.4,47.0,15
synthetic_09196,cluster_v100m16,41,42,41,42,1,0.25,0.00025,1,1,A10|G2|T4|V100M16|V100M32,11.3,48.0,15
synthetic_09197,cluster_g3,69,73,69,73,4,1.0,0.00035,1,1,,8.0,16.0,15
synthetic_09198,cluster_v100m16,94,95,94,95,1,0.25,0.00025,1,1,,11.3,48.0,15
synthetic_09199,cluster_g3,57,58,57,58,1,0.25,0.00035,1,1,,4.152,10.3515625,15
synthetic_09200,cluster_g2,30,31,30,31,1,0.25,0.00035,1,1,,3.152,5.46875,15
synthetic_09201,cluster_v100m32,66,67,66,67,1,0.25,0.00025,1,1,,3.152,5.46875,15
synthetic_09202,cluster_g2,57,59,57,59,2,0.5,0.00035,1,1,,11.908,46.0,15
synthetic_09203,cluster_v100m32,44,49,44,49,5,1.25,0.00025,1,1,P100|V100M16|V100M32,8.0,16.0,15
synthetic_09204,cluster_g2,55,58,55,58,3,0.75,0.00035,1,1,,11.908,46.0,15
synthetic_09205,cluster_p100,11,12,11,12,1,0.25,0.00025,1,1,,4.0,22.3515625,15
synthetic_09206,cluster_t4,7,8,7,8,1,0.25,7e-05,1,1,,11.908,46.0,15
synthetic_09207,cluster_g3,34,35,34,35,1,0.25,0.00035,1,1,,11.3,48.0,15
synthetic_09208,cluster_p100,7,8,7,8,1,0.25,0.00025,1,1,,3.152,5.46875,15
synthetic_09209,cluster_v100m16,86,90,86,90,4,1.0,0.00025,1,1,,11.908,46.0,15
synthetic_09210,cluster_v100m32,75,79,75,79,4,1.0,0.00025,1,1,,11.3,48.0,15
synthetic_09211,cluster_p100,69,70,69,70,1,0.25,0.00025,1,1,,12.0,16.0,15
synthetic_09212,cluster_v100m32,80,82,80,82,2,0.5,0.00025,1,1,,3.152,5.46875,15
synthetic_09213,cluster_t4,94,95,94,95,1,0.25,0.00056,8,8,,64.2,257.0,15
synthetic_09214,cluster_p100,67,69,67,69,2,0.5,0.00025,1,1,P100,3.152,5.46875,15
synthetic_09215,cluster_g3,7,12,7,12,5,1.25,0.00035,1,1,,4.0,14.900390625,15
synthetic_09216,cluster_p100,18,21,18,21,3,0.75,0.00025,1,1,,15.7,57.0,15
synthetic_09217,cluster_t4,38,39,38,39,1,0.25,7e-05,1,1,T4,4.152,10.3515625,15
synthetic_09218,cluster_g3,14,15,14,15,1,0.25,0.00035,1,1,,11.3,48.0,15
synthetic_09219,cluster_g2,53,55,53,55,2,0.5,0.00035,1,1,,11.908,46.0,15
synthetic_09220,cluster_t4,87,94,87,94,7,1.75,7e-05,1,1,T4,11.4,47.0,15
synthetic_09221,cluster_p100,87,91,87,91,4,1.0,0.00025,1,1,,3.152,5.46875,15
synthetic_09222,cluster_t4,52,53,52,53,1,0.25,7e-05,1,1,T4,3.152,5.46875,15
synthetic_09223,cluster_g3,66,67,66,67,1,0.25,0.00035,1,1,,12.0,24.0,15
synthetic_09224,cluster_t4,52,53,52,53,1,0.25,7e-05,1,1,T4,4.0,14.900390625,15
synthetic_09225,cluster_p100,58,62,58,62,4,1.0,0.00025,1,1,,6.0,18.0,15
synthetic_09226,cluster_v100m16,51,52,51,52,1,0.25,0.00025,1,1,,11.4,76.0,15
synthetic_09227,cluster_p100,62,64,62,64,2,0.5,0.00025,1,1,P100|T4|V100M16|V100M32,9.81,40.5859375,15
synthetic_09228,cluster_v100m32,62,63,62,63,1,0.25,0.00025,1,1,,3.152,5.46875,15
synthetic_09229,cluster_g2,28,29,28,29,1,0.25,0.00035,1,1,G2,11.4,47.0,15
synthetic_09230,cluster_v100m32,60,61,60,61,1,0.25,0.00025,1,1,,9.81,40.5859375,15
synthetic_09231,cluster_p100,4,5,4,5,1,0.25,0.00025,1,1,,3.152,5.46875,15
synthetic_09232,cluster_p100,19,21,19,21,2,0.5,0.00025,1,1,,11.3,48.0,15
synthetic_09233,cluster_g2,55,56,55,56,1,0.25,0.00035,1,1,G2,3.152,5.46875,15
synthetic_09234,cluster_t4,49,51,49,51,2,0.5,7e-05,1,1,T4,3.152,5.46875,15
synthetic_09235,cluster_p100,65,66,65,66,1,0.25,0.00025,1,1,,3.152,5.46875,15
synthetic_09236,cluster_v100m32,70,71,70,71,1,0.25,0.00025,1,1,,11.908,46.0,15
synthetic_09237,cluster_g3,6,8,6,8,2,0.5,0.00035,1,1,,18.708,63.0,15
synthetic_09238,cluster_t4,58,59,58,59,1,0.25,7e-05,1,1,T4,8.0,29.8017578125,15
synthetic_09239,cluster_p100,68,69,68,69,1,0.25,0.00025,1,1,,3.152,5.46875,15
synthetic_09240,cluster_t4,54,55,54,55,1,0.25,7e-05,1,1,T4,11.3,48.0,15
synthetic_09241,cluster_t4,50,55,50,55,5,1.25,7e-05,1,1,T4,4.0,24.0,15
synthetic_09242,cluster_t4,23,24,23,24,1,0.25,7e-05,1,1,T4,18.708,63.0,15
synthetic_09243,cluster_t4,11,15,11,15,4,1.0,7e-05,1,1,T4,8.0,29.8017578125,15
synthetic_09244,cluster_t4,37,41,37,41,4,1.0,7e-05,1,1,,12.0,15.0,15
synthetic_09245,cluster_t4,3,4,3,4,1,0.25,7e-05,1,1,T4,8.0,29.8017578125,15
synthetic_09246,cluster_p100,79,80,79,80,1,0.25,0.00025,1,1,,11.3,48.0,15
synthetic_09247,cluster_p100,24,25,24,25,1,0.25,0.00025,1,1,,3.152,5.46875,15
synthetic_09248,cluster_g2,11,12,11,12,1,0.25,0.00035,1,1,G2,11.3,48.0,15
synthetic_09249,cluster_v100m16,27,29,27,29,2,0.5,0.00025,1,1,,4.0,29.8017578125,15
synthetic_09250,cluster_t4,6,7,6,7,1,0.25,7e-05,1,1,T4,4.152,10.3515625,15
synthetic_09251,cluster_g2,0,3,0,3,3,0.75,0.00035,1,1,G2,11.4,76.0,15
synthetic_09252,cluster_v100m16,29,30,29,30,1,0.25,0.00025,1,1,,3.152,5.46875,15
synthetic_09253,cluster_g2,26,29,26,29,3,0.75,0.00035,1,1,G2,11.4,76.0,15
synthetic_09254,cluster_t4,83,84,83,84,1,0.25,7e-05,1,1,T4,11.3,48.0,15
synthetic_09255,cluster_g2,23,24,23,24,1,0.25,0.00035,1,1,,11.3,48.0,15
synthetic_09256,cluster_t4,67,69,67,69,2,0.5,7e-05,1,1,T4,8.0,29.8017578125,15
synthetic_09257,cluster_v100m32,60,67,60,67,7,1.75,0.00025,1,1,,11.908,46.0,15
synthetic_09258,cluster_g2,56,59,56,59,3,0.75,0.00035,1,1,,11.908,46.0,15
synthetic_09259,cluster_t4,18,19,18,19,1,0.25,7e-05,1,1,T4,4.0,22.3515625,15
synthetic_09260,cluster_t4,22,24,22,24,2,0.5,7e-05,1,1,T4,16.0,32.0,15
synthetic_09261,cluster_g3,43,44,43,44,1,0.25,0.00035,1,1,,11.3,48.0,15
synthetic_09262,cluster_v100m16,78,79,78,79,1,0.25,0.00025,1,1,,11.3,48.0,15
synthetic_09263,cluster_g3,75,76,75,76,1,0.25,0.00035,1,1,,8.2,33.0,15
synthetic_09264,cluster_g2,41,42,41,42,1,0.25,0.00035,1,1,G2,3.152,5.46875,15
synthetic_09265,cluster_g3,35,36,35,36,1,0.25,0.00035,1,1,,4.152,10.3515625,15
synthetic_09266,cluster_t4,32,46,32,46,14,3.5,7e-05,1,1,,4.0,29.8017578125,15
synthetic_09267,cluster_t4,10,12,10,12,2,0.5,7e-05,1,1,T4,12.0,24.0,15
synthetic_09268,cluster_p100,34,35,34,35,1,0.25,0.00025,1,1,P100|V100M16|V100M32,3.152,5.46875,15
synthetic_09269,cluster_v100m32,81,82,81,82,1,0.25,0.00025,1,1,P100|V100M16|V100M32,15.4,88.0,15
synthetic_09270,cluster_g3,52,53,52,53,1,0.25,0.00035,1,1,,8.0,29.8017578125,15
synthetic_09271,cluster_g2,7,18,7,18,11,2.75,0.00035,1,1,,11.4,47.0,15
synthetic_09272,cluster_p100,3,5,3,5,2,0.5,0.00025,1,1,,12.0,16.0,15
synthetic_09273,cluster_g3,29,30,29,30,1,0.25,0.00035,1,1,,11.3,48.0,15
synthetic_09274,cluster_g3,6,8,6,8,2,0.5,0.00035,1,1,,11.4,47.0,15
synthetic_09275,cluster_t4,76,81,76,81,5,1.25,7e-05,1,1,T4,4.0,24.0,15
synthetic_09276,cluster_v100m16,8,24,8,24,16,4.0,0.00025,1,1,V100M16|V100M32,12.0,24.0,15
synthetic_09277,cluster_g3,43,46,43,46,3,0.75,0.00035,1,1,,3.152,5.46875,15
synthetic_09278,cluster_v100m16,40,41,40,41,1,0.25,0.00025,1,1,,11.3,48.0,15
synthetic_09279,cluster_p100,1,2,1,2,1,0.25,0.00025,1,1,,6.0,6.0,15
synthetic_09280,cluster_g2,12,13,12,13,1,0.25,0.0028,8,8,G2,120.0,720.0,15
synthetic_09281,cluster_g3,85,87,85,87,2,0.5,0.00035,1,1,,16.0,32.0,15
synthetic_09282,cluster_p100,38,39,38,39,1,0.25,0.00025,1,1,P100,3.152,5.46875,15
synthetic_09283,cluster_t4,28,29,28,29,1,0.25,7e-05,1,1,,3.152,5.46875,15
synthetic_09284,cluster_t4,9,22,9,22,13,3.25,7e-05,1,1,,9.81,40.5859375,15
synthetic_09285,cluster_t4,78,79,78,79,1,0.25,7e-05,1,1,,11.4,47.0,15
synthetic_09286,cluster_p100,72,73,72,73,1,0.25,0.00025,1,1,P100,3.152,5.46875,15
synthetic_09287,cluster_t4,34,35,34,35,1,0.25,7e-05,1,1,T4,11.3,48.0,15
synthetic_09288,cluster_t4,6,7,6,7,1,0.25,7e-05,1,1,T4,8.0,29.8017578125,15
synthetic_09289,cluster_g2,27,29,27,29,2,0.5,0.00035,1,1,,11.908,46.0,15
synthetic_09290,cluster_t4,69,70,69,70,1,0.25,7e-05,1,1,T4,11.3,48.0,15
synthetic_09291,cluster_t4,66,70,66,70,4,1.0,7e-05,1,1,T4,4.0,14.900390625,15
synthetic_09292,cluster_v100m32,39,40,39,40,1,0.25,0.00025,1,1,P100|V100M16|V100M32,3.152,5.46875,15
synthetic_09293,cluster_g3,57,58,57,58,1,0.25,0.00035,1,1,,11.3,48.0,15
synthetic_09294,cluster_g2,10,11,10,11,1,0.25,0.00035,1,1,,11.4,76.0,15
synthetic_09295,cluster_g2,93,94,93,94,1,0.25,0.00035,1,1,G2,11.4,47.0,15
synthetic_09296,cluster_g2,85,86,85,86,1,0.25,0.00035,1,1,,4.152,10.3515625,15
synthetic_09297,cluster_v100m16,58,59,58,59,1,0.25,0.00025,1,1,P100|V100M16|V100M32,15.7,57.0,15
synthetic_09298,cluster_g3,94,95,94,95,1,0.25,0.00035,1,1,,3.152,5.46875,15
synthetic_09299,cluster_v100m32,59,69,59,69,10,2.5,0.00025,1,1,,14.2,57.0,15
synthetic_09300,cluster_g2,40,41,40,41,1,0.25,0.00035,1,1,,4.0,14.900390625,15
synthetic_09301,cluster_g3,24,26,24,26,2,0.5,0.00035,1,1,,11.3,48.0,15
synthetic_09302,cluster_t4,15,16,15,16,1,0.25,7e-05,1,1,,3.152,5.46875,15
synthetic_09303,cluster_v100m16,16,17,16,17,1,0.25,0.00025,1,1,,3.152,5.46875,15
synthetic_09304,cluster_g2,70,72,70,72,2,0.5,0.00035,1,1,,16.0,32.0,15
synthetic_09305,cluster_g3,50,51,50,51,1,0.25,0.00035,1,1,,11.3,48.0,15
synthetic_09306,cluster_t4,42,44,42,44,2,0.5,7e-05,1,1,T4,3.152,5.46875,15
synthetic_09307,cluster_t4,14,17,14,17,3,0.75,7e-05,1,1,T4,11.3,48.0,15
synthetic_09308,cluster_g2,74,77,74,77,3,0.75,0.00035,1,1,,9.81,40.5859375,15
synthetic_09309,cluster_g3,73,75,73,75,2,0.5,0.00035,1,1,,11.4,47.0,15
synthetic_09310,cluster_v100m32,38,39,38,39,1,0.25,0.00025,1,1,,11.3,48.0,15
synthetic_09311,cluster_p100,80,87,80,87,7,1.75,0.00025,1,1,,6.0,8.0,15
synthetic_09312,cluster_t4,46,48,46,48,2,0.5,7e-05,1,1,T4,24.2,91.0,15
synthetic_09313,cluster_g2,61,62,61,62,1,0.25,0.00035,1,1,G2,11.3,48.0,15
synthetic_09314,cluster_t4,13,14,13,14,1,0.25,7e-05,1,1,T4,3.152,5.46875,15
synthetic_09315,cluster_t4,62,64,62,64,2,0.5,7e-05,1,1,,11.3,48.0,15
synthetic_09316,cluster_g2,7,8,7,8,1,0.25,0.00035,1,1,,11.4,47.0,15
synthetic_09317,cluster_p100,87,88,87,88,1,0.25,0.00025,1,1,,3.152,5.46875,15
synthetic_09318,cluster_g3,81,82,81,82,1,0.25,0.00035,1,1,,6.0,6.0,15
synthetic_09319,cluster_v100m16,73,74,73,74,1,0.25,0.00025,1,1,,11.3,48.0,15
synthetic_09320,cluster_p100,22,24,22,24,2,0.5,0.00025,1,1,,4.0,30.517578125,15
synthetic_09321,cluster_t4,18,20,18,20,2,0.5,7e-05,1,1,T4,3.152,5.46875,15
synthetic_09322,cluster_g3,69,71,69,71,2,0.5,0.00035,1,1,,11.908,46.0,15
synthetic_09323,cluster_g3,60,61,60,61,1,0.25,0.00035,1,1,,11.3,48.0,15
synthetic_09324,cluster_t4,28,30,28,30,2,0.5,7e-05,1,1,,4.0,22.3515625,15
synthetic_09325,cluster_g2,64,65,64,65,1,0.25,0.00035,1,1,,18.708,63.0,15
synthetic_09326,cluster_g3,54,57,54,57,3,0.75,0.00035,1,1,,15.7,57.0,15
synthetic_09327,cluster_v100m16,0,9,0,9,9,2.25,0.00025,1,1,,4.0,22.3515625,15
synthetic_09328,cluster_t4,39,40,39,40,1,0.25,7e-05,1,1,,3.152,5.46875,15
synthetic_09329,cluster_t4,42,52,42,52,10,2.5,7e-05,1,1,,8.0,16.0,15
synthetic_09330,cluster_g2,87,94,87,94,7,1.75,0.00035,1,1,G2,18.708,63.0,15
synthetic_09331,cluster_p100,65,66,65,66,1,0.25,0.00025,1,1,,3.152,5.46875,15
synthetic_09332,cluster_v100m32,20,21,20,21,1,0.25,0.00025,1,1,,3.152,5.46875,15
synthetic_09333,cluster_t4,82,83,82,83,1,0.25,7e-05,1,1,T4,11.3,48.0,15
synthetic_09334,cluster_v100m32,12,13,12,13,1,0.25,0.00025,1,1,,11.4,47.0,15
synthetic_09335,cluster_g3,44,45,44,45,1,0.25,0.00035,1,1,,3.152,5.46875,15
synthetic_09336,cluster_g3,8,9,8,9,1,0.25,0.00035,1,1,,3.152,5.46875,15
synthetic_09337,cluster_t4,42,46,42,46,4,1.0,7e-05,1,1,T4,15.7,57.0,15
synthetic_09338,cluster_g2,12,13,12,13,1,0.25,0.00035,1,1,,11.4,47.0,15
synthetic_09339,cluster_p100,36,38,36,38,2,0.5,0.00025,1,1,,4.0,14.900390625,15
synthetic_09340,cluster_t4,11,22,11,22,11,2.75,7e-05,1,1,,11.908,46.0,15
synthetic_09341,cluster_g3,39,42,39,42,3,0.75,0.00035,1,1,,11.3,48.0,15
synthetic_09342,cluster_t4,20,30,20,30,10,2.5,7e-05,1,1,T4,8.0,32.0,15
synthetic_09343,cluster_t4,64,66,64,66,2,0.5,7e-05,1,1,T4,16.0,32.0,15
synthetic_09344,cluster_g2,14,25,14,25,11,2.75,0.00035,1,1,G2,14.9,72.0,15
synthetic_09345,cluster_v100m16,3,5,3,5,2,0.5,0.00025,1,1,,8.0,16.0,15
synthetic_09346,cluster_t4,95,96,95,96,1,0.25,7e-05,1,1,T4,18.708,63.0,15
synthetic_09347,cluster_g2,71,72,71,72,1,0.25,0.00035,1,1,,11.3,48.0,15
synthetic_09348,cluster_g2,4,7,4,7,3,0.75,0.00035,1,1,,15.7,57.0,15
synthetic_09349,cluster_v100m32,65,67,65,67,2,0.5,0.00025,1,1,,8.2,33.0,15
synthetic_09350,cluster_v100m16,17,20,17,20,3,0.75,0.00025,1,1,,8.2,33.0,15
synthetic_09351,cluster_t4,62,65,62,65,3,0.75,7e-05,1,1,,9.81,40.5859375,15
synthetic_09352,cluster_p100,18,19,18,19,1,0.25,0.00025,1,1,,3.152,5.46875,15
synthetic_09353,cluster_t4,44,45,44,45,1,0.25,7e-05,1,1,,11.908,46.0,15
synthetic_09354,cluster_g2,90,92,90,92,2,0.5,0.00035,1,1,,3.152,5.46875,15
synthetic_09355,cluster_v100m16,72,79,72,79,7,1.75,0.00025,1,1,,18.708,63.0,15
synthetic_09356,cluster_v100m32,40,41,40,41,1,0.25,0.00025,1,1,,8.0,29.8017578125,15
synthetic_09357,cluster_g2,85,92,85,92,7,1.75,0.00035,1,1,,11.4,47.0,15
synthetic_09358,cluster_t4,61,62,61,62,1,0.25,7e-05,1,1,T4,3.152,5.46875,15
synthetic_09359,cluster_t4,72,73,72,73,1,0.25,7e-05,1,1,,4.152,10.3515625,15
synthetic_09360,cluster_p100,51,53,51,53,2,0.5,0.00025,1,1,,8.0,16.0,15
synthetic_09361,cluster_g2,53,62,53,62,9,2.25,0.00035,1,1,,11.908,46.0,15
synthetic_09362,cluster_p100,40,41,40,41,1,0.25,0.00025,1,1,,8.0,29.8017578125,15
synthetic_09363,cluster_g2,1,2,1,2,1,0.25,0.00035,1,1,,4.0,29.8017578125,15
synthetic_09364,cluster_v100m16,42,43,42,43,1,0.25,0.00025,1,1,,18.708,63.0,15
synthetic_09365,cluster_p100,41,42,41,42,1,0.25,0.00025,1,1,P100,3.152,5.46875,15
synthetic_09366,cluster_p100,52,53,52,53,1,0.25,0.00025,1,1,,8.2,33.0,15
synthetic_09367,cluster_v100m32,43,44,43,44,1,0.25,0.00025,1,1,,11.4,47.0,15
synthetic_09368,cluster_g2,81,85,81,85,4,1.0,0.00035,1,1,G2,9.81,40.5859375,15
synthetic_09369,cluster_t4,34,36,34,36,2,0.5,7e-05,1,1,T4,4.0,22.3515625,15
synthetic_09370,cluster_g3,74,76,74,76,2,0.5,0.00035,1,1,,3.152,5.46875,15
synthetic_09371,cluster_t4,51,52,51,52,1,0.25,7e-05,1,1,T4,4.0,14.900390625,15
synthetic_09372,cluster_p100,82,83,82,83,1,0.25,0.00025,1,1,,8.0,29.8017578125,15
synthetic_09373,cluster_g3,37,39,37,39,2,0.5,0.00035,1,1,,11.3,48.0,15
synthetic_09374,cluster_t4,20,22,20,22,2,0.5,7e-05,1,1,T4,11.4,47.0,15
synthetic_09375,cluster_g3,31,32,31,32,1,0.25,0.00035,1,1,,11.4,47.0,15
synthetic_09376,cluster_g2,82,96,82,96,14,3.5,0.00035,1,1,,3.152,5.46875,15
synthetic_09377,cluster_g3,20,26,20,26,6,1.5,0.00035,1,1,,9.81,40.5859375,15
synthetic_09378,cluster_t4,27,29,27,29,2,0.5,7e-05,1,1,T4,3.152,5.46875,15
synthetic_09379,cluster_g2,85,86,85,86,1,0.25,0.00035,1,1,,16.4,123.0,15
synthetic_09380,cluster_p100,38,40,38,40,2,0.5,0.00025,1,1,,8.0,16.0,15
synthetic_09381,cluster_t4,61,64,61,64,3,0.75,7e-05,1,1,,3.152,5.46875,15
synthetic_09382,cluster_g3,75,76,75,76,1,0.25,0.00035,1,1,,3.152,5.46875,15
synthetic_09383,cluster_v100m16,46,47,46,47,1,0.25,0.00025,1,1,,4.152,10.3515625,15
synthetic_09384,cluster_t4,67,68,67,68,1,0.25,7e-05,1,1,T4,18.708,63.0,15
synthetic_09385,cluster_t4,71,76,71,76,5,1.25,7e-05,1,1,T4,11.908,46.0,15
synthetic_09386,cluster_v100m16,46,47,46,47,1,0.25,0.00025,1,1,,4.152,10.3515625,15
synthetic_09387,cluster_v100m32,12,13,12,13,1,0.25,0.00025,1,1,,11.3,48.0,15
synthetic_09388,cluster_g2,8,9,8,9,1,0.25,0.00035,1,1,,11.908,46.0,15
synthetic_09389,cluster_g2,37,38,37,38,1,0.25,0.00035,1,1,,3.152,5.46875,15
synthetic_09390,cluster_p100,69,71,69,71,2,0.5,0.00025,1,1,,11.3,48.0,15
synthetic_09391,cluster_p100,14,16,14,16,2,0.5,0.00025,1,1,,4.152,10.3515625,15
synthetic_09392,cluster_t4,5,6,5,6,1,0.25,7e-05,1,1,T4,6.0,6.0,15
synthetic_09393,cluster_p100,78,79,78,79,1,0.25,0.00025,1,1,,16.4,123.0,15
synthetic_09394,cluster_p100,22,24,22,24,2,0.5,0.00025,1,1,,4.152,10.3515625,15
synthetic_09395,cluster_v100m32,30,32,30,32,2,0.5,0.00025,1,1,,8.0,16.0,15
synthetic_09396,cluster_t4,0,5,0,5,5,1.25,7e-05,1,1,T4,12.0,24.0,15
synthetic_09397,cluster_p100,57,60,57,60,3,0.75,0.00025,1,1,P100,11.908,46.0,15
synthetic_09398,cluster_p100,14,15,14,15,1,0.25,0.00025,1,1,,3.152,5.46875,15
synthetic_09399,cluster_v100m32,17,18,17,18,1,0.25,0.00025,1,1,,4.0,29.8017578125,15
synthetic_09400,cluster_p100,53,55,53,55,2,0.5,0.00025,1,1,,4.0,29.8017578125,15
synthetic_09401,cluster_g2,54,55,54,55,1,0.25,0.00035,1,1,G2,11.3,48.0,15
synthetic_09402,cluster_g3,49,50,49,50,1,0.25,0.00035,1,1,,3.152,5.46875,15
synthetic_09403,cluster_g3,45,46,45,46,1,0.25,0.00035,1,1,G3,11.3,48.0,15
synthetic_09404,cluster_g3,9,10,9,10,1,0.25,0.00035,1,1,,18.708,63.0,15
synthetic_09405,cluster_p100,17,30,17,30,13,3.25,0.00025,1,1,,12.0,24.0,15
synthetic_09406,cluster_t4,46,47,46,47,1,0.25,7e-05,1,1,T4,11.3,48.0,15
synthetic_09407,cluster_p100,27,28,27,28,1,0.25,0.00025,1,1,,14.2,57.0,15
synthetic_09408,cluster_p100,54,55,54,55,1,0.25,0.00025,1,1,,8.0,29.8017578125,15
synthetic_09409,cluster_v100m32,13,14,13,14,1,0.25,0.00025,1,1,,3.152,5.46875,15
synthetic_09410,cluster_t4,73,74,73,74,1,0.25,7e-05,1,1,,3.152,5.46875,15
synthetic_09411,cluster_g2,53,62,53,62,9,2.25,0.00035,1,1,,4.0,14.900390625,15
synthetic_09412,cluster_g3,55,56,55,56,1,0.25,0.00035,1,1,,11.3,48.0,15
synthetic_09413,cluster_g3,60,61,60,61,1,0.25,0.00035,1,1,G3,11.3,48.0,15
synthetic_09414,cluster_p100,28,34,28,34,6,1.5,0.00025,1,1,,4.0,14.900390625,15
synthetic_09415,cluster_g2,27,28,27,28,1,0.25,0.00035,1,1,,8.0,29.8017578125,15
synthetic_09416,cluster_t4,82,85,82,85,3,0.75,7e-05,1,1,,15.7,57.0,15
synthetic_09417,cluster_t4,90,92,90,92,2,0.5,7e-05,1,1,,3.152,5.46875,15
synthetic_09418,cluster_v100m16,68,69,68,69,1,0.25,0.00025,1,1,,4.152,10.3515625,15
synthetic_09419,cluster_p100,29,31,29,31,2,0.5,0.00025,1,1,P100,11.908,46.0,15
synthetic_09420,cluster_t4,5,6,5,6,1,0.25,7e-05,1,1,T4,3.152,5.46875,15
synthetic_09421,cluster_t4,59,60,59,60,1,0.25,7e-05,1,1,,11.4,76.0,15
synthetic_09422,cluster_g2,6,12,6,12,6,1.5,0.00035,1,1,,16.0,64.0,15
synthetic_09423,cluster_g2,84,86,84,86,2,0.5,0.00035,1,1,G2,14.2,57.0,15
synthetic_09424,cluster_t4,35,36,35,36,1,0.25,7e-05,1,1,T4,11.3,48.0,15
synthetic_09425,cluster_t4,38,39,38,39,1,0.25,7e-05,1,1,T4,3.152,5.46875,15
synthetic_09426,cluster_g3,4,5,4,5,1,0.25,0.00035,1,1,,11.3,48.0,15
synthetic_09427,cluster_t4,52,53,52,53,1,0.25,7e-05,1,1,,11.4,47.0,15
synthetic_09428,cluster_t4,37,38,37,38,1,0.25,7e-05,1,1,,8.0,29.8017578125,15
synthetic_09429,cluster_p100,6,7,6,7,1,0.25,0.00025,1,1,,11.3,48.0,15
synthetic_09430,cluster_p100,89,90,89,90,1,0.25,0.00025,1,1,,11.4,47.0,15
synthetic_09431,cluster_t4,40,42,40,42,2,0.5,7e-05,1,1,T4,11.4,47.0,15
synthetic_09432,cluster_v100m32,55,60,55,60,5,1.25,0.00025,1,1,,11.908,46.0,15
synthetic_09433,cluster_g2,39,47,39,47,8,2.0,0.00035,1,1,,11.908,46.0,15
synthetic_09434,cluster_p100,71,72,71,72,1,0.25,0.00025,1,1,,3.152,5.46875,15
synthetic_09435,cluster_v100m16,33,34,33,34,1,0.25,0.00025,1,1,,11.908,46.0,15
synthetic_09436,cluster_t4,72,73,72,73,1,0.25,7e-05,1,1,T4,3.152,5.46875,15
synthetic_09437,cluster_g2,26,27,26,27,1,0.25,0.00035,1,1,,6.0,6.0,15
synthetic_09438,cluster_t4,35,36,35,36,1,0.25,7e-05,1,1,T4,11.3,48.0,15
synthetic_09439,cluster_t4,91,92,91,92,1,0.25,7e-05,1,1,T4,24.2,91.0,15
synthetic_09440,cluster_t4,36,37,36,37,1,0.25,7e-05,1,1,T4,3.152,5.46875,15
synthetic_09441,cluster_v100m32,83,84,83,84,1,0.25,0.00025,1,1,,11.3,48.0,15
synthetic_09442,cluster_v100m32,41,44,41,44,3,0.75,0.00025,1,1,,11.9,76.0,15
synthetic_09443,cluster_p100,94,95,94,95,1,0.25,0.00025,1,1,,11.908,46.0,15
synthetic_09444,cluster_v100m32,18,19,18,19,1,0.25,0.00025,1,1,V100M16|V100M32,11.3,48.0,15
synthetic_09445,cluster_v100m32,27,29,27,29,2,0.5,0.00025,1,1,V100M16|V100M32,11.3,48.0,15
synthetic_09446,cluster_v100m32,11,12,11,12,1,0.25,0.00025,1,1,,3.152,5.46875,15
synthetic_09447,cluster_t4,20,25,20,25,5,1.25,7e-05,1,1,,4.0,22.3515625,15
synthetic_09448,cluster_g2,82,90,82,90,8,2.0,0.00035,1,1,,8.0,16.0,15
synthetic_09449,cluster_t4,23,25,23,25,2,0.5,7e-05,1,1,T4,11.3,48.0,15
synthetic_09450,cluster_t4,55,59,55,59,4,1.0,7e-05,1,1,T4,4.0,22.3515625,15
synthetic_09451,cluster_g3,62,64,62,64,2,0.5,0.00035,1,1,,3.152,5.46875,15
synthetic_09452,cluster_g2,42,43,42,43,1,0.25,0.00035,1,1,,8.0,29.8017578125,15
synthetic_09453,cluster_g2,23,26,23,26,3,0.75,0.00035,1,1,G2,8.0,16.0,15
synthetic_09454,cluster_t4,90,91,90,91,1,0.25,7e-05,1,1,,8.0,29.8017578125,15
synthetic_09455,cluster_t4,95,96,95,96,1,0.25,7e-05,1,1,,3.152,5.46875,15
synthetic_09456,cluster_v100m16,4,6,4,6,2,0.5,0.00025,1,1,,3.152,5.46875,15
synthetic_09457,cluster_g2,54,55,54,55,1,0.25,0.00035,1,1,,11.3,48.0,15
synthetic_09458,cluster_t4,85,86,85,86,1,0.25,7e-05,1,1,T4,3.152,5.46875,15
synthetic_09459,cluster_g2,35,36,35,36,1,0.25,0.00035,1,1,,3.152,5.46875,15
synthetic_09460,cluster_t4,52,57,52,57,5,1.25,7e-05,1,1,T4,11.4,47.0,15
synthetic_09461,cluster_g2,86,87,86,87,1,0.25,0.00035,1,1,,8.0,29.8017578125,15
synthetic_09462,cluster_p100,14,19,14,19,5,1.25,0.00025,1,1,,4.0,14.900390625,15
synthetic_09463,cluster_p100,10,24,10,24,14,3.5,0.00025,1,1,,12.0,24.0,15
synthetic_09464,cluster_t4,26,27,26,27,1,0.25,7e-05,1,1,T4,16.0,32.0,15
synthetic_09465,cluster_p100,89,90,89,90,1,0.25,0.00025,1,1,,11.4,76.0,15
synthetic_09466,cluster_v100m32,94,95,94,95,1,0.25,0.00025,1,1,,11.908,46.0,15
synthetic_09467,cluster_v100m16,84,89,84,89,5,1.25,0.00025,1,1,,11.4,47.0,15
synthetic_09468,cluster_t4,33,34,33,34,1,0.25,7e-05,1,1,T4,6.0,12.0,15
synthetic_09469,cluster_g2,10,11,10,11,1,0.25,0.00035,1,1,G2,18.708,63.0,15
synthetic_09470,cluster_v100m32,67,72,67,72,5,1.25,0.00025,1,1,,11.908,46.0,15
synthetic_09471,cluster_v100m32,69,80,69,80,11,2.75,0.00025,1,1,,6.0,8.0,15
synthetic_09472,cluster_t4,15,16,15,16,1,0.25,7e-05,1,1,T4,11.3,48.0,15
synthetic_09473,cluster_g2,13,14,13,14,1,0.25,0.00035,1,1,G2,11.4,47.0,15
synthetic_09474,cluster_g3,63,64,63,64,1,0.25,0.00035,1,1,,3.152,5.46875,15
synthetic_09475,cluster_v100m32,83,87,83,87,4,1.0,0.00025,1,1,,8.0,29.8017578125,15
synthetic_09476,cluster_v100m16,53,54,53,54,1,0.25,0.00025,1,1,,3.152,5.46875,15
synthetic_09477,cluster_t4,4,5,4,5,1,0.25,7e-05,1,1,T4,11.3,48.0,15
synthetic_09478,cluster_t4,49,51,49,51,2,0.5,7e-05,1,1,T4,11.4,76.0,15
synthetic_09479,cluster_v100m16,21,26,21,26,5,1.25,0.00025,1,1,P100|T4|V100M16|V100M32,11.4,47.0,15
synthetic_09480,cluster_g3,12,25,12,25,13,3.25,0.00035,1,1,,11.908,46.0,15
synthetic_09481,cluster_g3,34,35,34,35,1,0.25,0.00035,1,1,,11.3,48.0,15
synthetic_09482,cluster_t4,49,51,49,51,2,0.5,7e-05,1,1,T4,12.0,24.0,15
synthetic_09483,cluster_p100,90,91,90,91,1,0.25,0.00025,1,1,,11.4,47.0,15
synthetic_09484,cluster_p100,59,60,59,60,1,0.25,0.00025,1,1,,11.4,47.0,15
synthetic_09485,cluster_v100m16,89,91,89,91,2,0.5,0.0005,2,2,T4|V100M16|V100M32,16.2,65.0,15
synthetic_09486,cluster_g2,60,61,60,61,1,0.25,0.00035,1,1,,11.3,48.0,15
synthetic_09487,cluster_t4,78,80,78,80,2,0.5,7e-05,1,1,,11.3,48.0,15
synthetic_09488,cluster_t4,19,20,19,20,1,0.25,7e-05,1,1,T4,11.4,76.0,15
synthetic_09489,cluster_p100,46,47,46,47,1,0.25,0.00025,1,1,,3.152,5.46875,15
synthetic_09490,cluster_t4,2,6,2,6,4,1.0,7e-05,1,1,A10|T4,9.81,40.5859375,15
synthetic_09491,cluster_t4,41,42,41,42,1,0.25,7e-05,1,1,,11.3,48.0,15
synthetic_09492,cluster_t4,69,70,69,70,1,0.25,7e-05,1,1,T4,11.908,46.0,15
synthetic_09493,cluster_p100,25,26,25,26,1,0.25,0.00025,1,1,,3.152,5.46875,15
synthetic_09494,cluster_t4,59,60,59,60,1,0.25,7e-05,1,1,T4,3.152,5.46875,15
synthetic_09495,cluster_g3,47,49,47,49,2,0.5,0.00035,1,1,,11.908,46.0,15
synthetic_09496,cluster_t4,54,56,54,56,2,0.5,7e-05,1,1,T4,3.152,5.46875,15
synthetic_09497,cluster_g3,62,63,62,63,1,0.25,0.00035,1,1,,3.152,5.46875,15
synthetic_09498,cluster_p100,62,63,62,63,1,0.25,0.00025,1,1,P100,3.152,5.46875,15
synthetic_09499,cluster_t4,24,26,24,26,2,0.5,7e-05,1,1,,14.9,72.0,15
synthetic_09500,cluster_g2,59,60,59,60,1,0.25,0.00035,1,1,,11.3,48.0,15
synthetic_09501,cluster_t4,44,52,44,52,8,2.0,7e-05,1,1,T4,11.4,47.0,15
synthetic_09502,cluster_t4,52,53,52,53,1,0.25,7e-05,1,1,T4,3.152,5.46875,15
synthetic_09503,cluster_p100,16,19,16,19,3,0.75,0.002,8,8,,64.0,256.0,15
synthetic_09504,cluster_t4,74,75,74,75,1,0.25,7e-05,1,1,T4,3.152,5.46875,15
synthetic_09505,cluster_t4,36,40,36,40,4,1.0,7e-05,1,1,T4,4.0,14.900390625,15
synthetic_09506,cluster_t4,50,51,50,51,1,0.25,7e-05,1,1,T4,11.4,47.0,15
synthetic_09507,cluster_t4,47,48,47,48,1,0.25,7e-05,1,1,,11.908,46.0,15
synthetic_09508,cluster_v100m16,7,8,7,8,1,0.25,0.00025,1,1,,11.3,48.0,15
synthetic_09509,cluster_v100m32,52,54,52,54,2,0.5,0.00025,1,1,,11.4,47.0,15
synthetic_09510,cluster_v100m16,50,51,50,51,1,0.25,0.00025,1,1,,3.152,5.46875,15
synthetic_09511,cluster_t4,0,14,0,14,14,3.5,7e-05,1,1,T4,16.0,64.0,15
synthetic_09512,cluster_v100m32,44,47,44,47,3,0.75,0.00025,1,1,,11.908,46.0,15
synthetic_09513,cluster_g2,84,86,84,86,2,0.5,0.00035,1,1,,8.2,33.0,15
synthetic_09514,cluster_p100,32,33,32,33,1,0.25,0.00025,1,1,P100,8.0,29.8017578125,15
synthetic_09515,cluster_p100,0,1,0,1,1,0.25,0.00025,1,1,P100,3.152,5.46875,15
synthetic_09516,cluster_t4,27,28,27,28,1,0.25,7e-05,1,1,,11.3,48.0,15
synthetic_09517,cluster_t4,85,90,85,90,5,1.25,7e-05,1,1,T4,16.0,32.0,15
synthetic_09518,cluster_g2,59,64,59,64,5,1.25,0.00035,1,1,,14.9,72.0,15
synthetic_09519,cluster_v100m32,27,28,27,28,1,0.25,0.00025,1,1,,3.152,5.46875,15
synthetic_09520,cluster_v100m16,43,44,43,44,1,0.25,0.00025,1,1,,11.908,46.0,15
synthetic_09521,cluster_g2,74,75,74,75,1,0.25,0.00035,1,1,,3.152,5.46875,15
synthetic_09522,cluster_v100m16,0,1,0,1,1,0.25,0.002,8,8,,64.2,257.0,15
synthetic_09523,cluster_t4,11,13,11,13,2,0.5,7e-05,1,1,T4,11.4,47.0,15
synthetic_09524,cluster_t4,31,32,31,32,1,0.25,7e-05,1,1,,6.0,6.0,15
synthetic_09525,cluster_v100m16,0,1,0,1,1,0.25,0.00025,1,1,,11.4,76.0,15
synthetic_09526,cluster_p100,75,76,75,76,1,0.25,0.00025,1,1,,11.3,48.0,15
synthetic_09527,cluster_t4,61,62,61,62,1,0.25,7e-05,1,1,,8.0,29.8017578125,15
synthetic_09528,cluster_g2,21,22,21,22,1,0.25,0.00035,1,1,,15.7,57.0,15
synthetic_09529,cluster_t4,46,47,46,47,1,0.25,7e-05,1,1,T4,11.3,48.0,15
synthetic_09530,cluster_p100,74,75,74,75,1,0.25,0.00025,1,1,,11.908,46.0,15
synthetic_09531,cluster_t4,3,4,3,4,1,0.25,7e-05,1,1,T4,6.0,12.0,15
synthetic_09532,cluster_v100m32,32,37,32,37,5,1.25,0.00025,1,1,P100|V100M16|V100M32,8.0,16.0,15
synthetic_09533,cluster_v100m32,46,47,46,47,1,0.25,0.00025,1,1,,4.0,14.900390625,15
synthetic_09534,cluster_t4,32,33,32,33,1,0.25,7e-05,1,1,T4,3.152,5.46875,15
synthetic_09535,cluster_t4,75,76,75,76,1,0.25,7e-05,1,1,T4,18.708,63.0,15
synthetic_09536,cluster_g3,51,54,51,54,3,0.75,0.00035,1,1,,11.908,46.0,15
synthetic_09537,cluster_t4,2,3,2,3,1,0.25,7e-05,1,1,T4,3.152,5.46875,15
synthetic_09538,cluster_p100,36,37,36,37,1,0.25,0.00025,1,1,P100,3.152,5.46875,15
synthetic_09539,cluster_t4,80,81,80,81,1,0.25,7e-05,1,1,,11.908,46.0,15
synthetic_09540,cluster_v100m32,13,16,13,16,3,0.75,0.00025,1,1,,16.0,64.0,15
synthetic_09541,cluster_v100m16,70,77,70,77,7,1.75,0.00025,1,1,,4.0,30.517578125,15
synthetic_09542,cluster_g2,14,16,14,16,2,0.5,0.00035,1,1,,4.152,10.3515625,15
synthetic_09543,cluster_p100,30,34,30,34,4,1.0,0.00025,1,1,,11.4,47.0,15
synthetic_09544,cluster_g3,76,77,76,77,1,0.25,0.00035,1,1,,3.152,5.46875,15
synthetic_09545,cluster_t4,70,71,70,71,1,0.25,7e-05,1,1,,4.0,24.0,15
synthetic_09546,cluster_t4,85,87,85,87,2,0.5,7e-05,1,1,,11.908,46.0,15
synthetic_09547,cluster_t4,28,29,28,29,1,0.25,7e-05,1,1,T4,12.0,24.0,15
synthetic_09548,cluster_v100m16,50,51,50,51,1,0.25,0.00025,1,1,,12.0,16.0,15
synthetic_09549,cluster_t4,24,25,24,25,1,0.25,7e-05,1,1,T4,3.152,5.46875,15
synthetic_09550,cluster_g2,84,85,84,85,1,0.25,0.00035,1,1,,12.0,16.0,15
synthetic_09551,cluster_v100m32,59,60,59,60,1,0.25,0.00025,1,1,,11.3,48.0,15
synthetic_09552,cluster_g3,73,78,73,78,5,1.25,0.00035,1,1,,8.0,16.0,15
synthetic_09553,cluster_g2,54,55,54,55,1,0.25,0.0028,8,8,,88.0,320.0,15
synthetic_09554,cluster_t4,32,33,32,33,1,0.25,7e-05,1,1,,4.152,10.3515625,15
synthetic_09555,cluster_p100,78,79,78,79,1,0.25,0.00025,1,1,,8.0,29.8017578125,15
synthetic_09556,cluster_p100,6,11,6,11,5,1.25,0.00025,1,1,,11.908,46.0,15
synthetic_09557,cluster_v100m32,31,32,31,32,1,0.25,0.00025,1,1,,11.3,48.0,15
synthetic_09558,cluster_v100m16,37,38,37,38,1,0.25,0.00025,1,1,P100|V100M16|V100M32,3.152,5.46875,15
synthetic_09559,cluster_v100m32,56,57,56,57,1,0.25,0.00025,1,1,,16.4,123.0,15
synthetic_09560,cluster_p100,15,16,15,16,1,0.25,0.00025,1,1,G2|P100|T4|V100M16|V100M32,11.3,48.0,15
synthetic_09561,cluster_v100m16,79,93,79,93,14,3.5,0.00025,1,1,,11.4,47.0,15
synthetic_09562,cluster_g3,26,27,26,27,1,0.25,0.00035,1,1,,4.0,24.0,15
synthetic_09563,cluster_t4,9,11,9,11,2,0.5,7e-05,1,1,T4,11.908,46.0,15
synthetic_09564,cluster_v100m32,3,4,3,4,1,0.25,0.00025,1,1,V100M16|V100M32,11.3,48.0,15
synthetic_09565,cluster_g2,30,31,30,31,1,0.25,0.00035,1,1,,4.0,29.8017578125,15
synthetic_09566,cluster_p100,50,51,50,51,1,0.25,0.00025,1,1,P100|V100M16|V100M32,11.3,48.0,15
synthetic_09567,cluster_g3,83,84,83,84,1,0.25,0.00035,1,1,,14.2,57.0,15
synthetic_09568,cluster_v100m16,43,44,43,44,1,0.25,0.00025,1,1,,8.0,29.8017578125,15
synthetic_09569,cluster_v100m16,51,52,51,52,1,0.25,0.00025,1,1,,11.4,47.0,15
synthetic_09570,cluster_t4,73,74,73,74,1,0.25,7e-05,1,1,,9.81,40.5859375,15
synthetic_09571,cluster_v100m32,89,92,89,92,3,0.75,0.00025,1,1,,16.0,32.0,15
synthetic_09572,cluster_v100m32,52,59,52,59,7,1.75,0.00025,1,1,,4.0,29.8017578125,15
synthetic_09573,cluster_t4,19,20,19,20,1,0.25,7e-05,1,1,T4,11.3,48.0,15
synthetic_09574,cluster_g3,38,46,38,46,8,2.0,0.00035,1,1,,11.4,47.0,15
synthetic_09575,cluster_t4,62,64,62,64,2,0.5,7e-05,1,1,T4,4.0,14.900390625,15
synthetic_09576,cluster_t4,42,43,42,43,1,0.25,7e-05,1,1,T4,18.708,63.0,15
synthetic_09577,cluster_t4,30,31,30,31,1,0.25,7e-05,1,1,,4.152,10.3515625,15
synthetic_09578,cluster_v100m32,67,68,67,68,1,0.25,0.00025,1,1,,3.152,5.46875,15
synthetic_09579,cluster_v100m32,23,24,23,24,1,0.25,0.00025,1,1,,4.0,22.3515625,15
synthetic_09580,cluster_g3,67,68,67,68,1,0.25,0.00035,1,1,,1.0,2.0,15
synthetic_09581,cluster_v100m32,95,96,95,96,1,0.25,0.00025,1,1,,3.152,5.46875,15
synthetic_09582,cluster_g3,50,51,50,51,1,0.25,0.00035,1,1,,4.0,22.3515625,15
synthetic_09583,cluster_v100m16,44,49,44,49,5,1.25,0.00025,1,1,,12.0,16.0,15
synthetic_09584,cluster_t4,83,84,83,84,1,0.25,7e-05,1,1,T4,4.152,10.3515625,15
synthetic_09585,cluster_t4,3,4,3,4,1,0.25,7e-05,1,1,T4,8.0,29.8017578125,15
synthetic_09586,cluster_g2,24,25,24,25,1,0.25,0.00035,1,1,,11.3,48.0,15
synthetic_09587,cluster_v100m32,74,75,74,75,1,0.25,0.00025,1,1,,4.0,14.900390625,15
synthetic_09588,cluster_g3,6,7,6,7,1,0.25,0.00035,1,1,,3.152,5.46875,15
synthetic_09589,cluster_p100,37,39,37,39,2,0.5,0.00025,1,1,,4.152,10.3515625,15
synthetic_09590,cluster_t4,68,70,68,70,2,0.5,7e-05,1,1,,11.4,47.0,15
synthetic_09591,cluster_t4,62,64,62,64,2,0.5,7e-05,1,1,T4,11.908,46.0,15
synthetic_09592,cluster_v100m32,18,21,18,21,3,0.75,0.00025,1,1,,11.908,46.0,15
synthetic_09593,cluster_v100m16,62,63,62,63,1,0.25,0.00025,1,1,,11.3,48.0,15
synthetic_09594,cluster_p100,3,5,3,5,2,0.5,0.00025,1,1,,8.0,29.8017578125,15
synthetic_09595,cluster_v100m32,51,52,51,52,1,0.25,0.00025,1,1,,3.152,5.46875,15
synthetic_09596,cluster_t4,73,74,73,74,1,0.25,7e-05,1,1,T4,8.0,32.0,15
synthetic_09597,cluster_v100m32,71,73,71,73,2,0.5,0.00025,1,1,,3.152,5.46875,15
synthetic_09598,cluster_g2,56,62,56,62,6,1.5,0.00035,1,1,,15.2,79.0,15
synthetic_09599,cluster_v100m32,54,59,54,59,5,1.25,0.00025,1,1,V100M32,12.0,24.0,15
synthetic_09600,cluster_g2,38,39,38,39,1,0.25,0.00035,1,1,,8.0,29.8017578125,15
synthetic_09601,cluster_p100,77,78,77,78,1,0.25,0.00025,1,1,,3.152,5.46875,15
synthetic_09602,cluster_v100m16,38,39,38,39,1,0.25,0.00025,1,1,V100M16|V100M32,18.708,63.0,15
synthetic_09603,cluster_g2,74,76,74,76,2,0.5,0.00035,1,1,,3.152,5.46875,15
synthetic_09604,cluster_p100,93,94,93,94,1,0.25,0.00025,1,1,,11.4,47.0,15
synthetic_09605,cluster_t4,66,67,66,67,1,0.25,7e-05,1,1,T4,11.3,48.0,15
synthetic_09606,cluster_g2,9,10,9,10,1,0.25,0.00035,1,1,,3.152,5.46875,15
synthetic_09607,cluster_v100m16,50,53,50,53,3,0.75,0.00025,1,1,,24.2,91.0,15
synthetic_09608,cluster_p100,89,90,89,90,1,0.25,0.00025,1,1,,3.152,5.46875,15
synthetic_09609,cluster_v100m32,10,11,10,11,1,0.25,0.00025,1,1,V100M16|V100M32,3.152,5.46875,15
synthetic_09610,cluster_g2,65,66,65,66,1,0.25,0.00035,1,1,,3.152,5.46875,15
synthetic_09611,cluster_v100m16,47,52,47,52,5,1.25,0.00025,1,1,,15.2,79.0,15
synthetic_09612,cluster_g3,31,32,31,32,1,0.25,0.00035,1,1,,12.0,24.0,15
synthetic_09613,cluster_p100,6,7,6,7,1,0.25,0.00025,1,1,,3.152,5.46875,15
synthetic_09614,cluster_t4,61,75,61,75,14,3.5,7e-05,1,1,T4,16.0,32.0,15
synthetic_09615,cluster_v100m16,53,58,53,58,5,1.25,0.00025,1,1,,9.81,40.5859375,15
synthetic_09616,cluster_t4,42,43,42,43,1,0.25,7e-05,1,1,,3.152,5.46875,15
synthetic_09617,cluster_v100m16,68,69,68,69,1,0.25,0.00025,1,1,,18.708,63.0,15
synthetic_09618,cluster_t4,83,85,83,85,2,0.5,7e-05,1,1,T4,3.152,5.46875,15
synthetic_09619,cluster_g2,87,88,87,88,1,0.25,0.00035,1,1,,11.3,48.0,15
synthetic_09620,cluster_v100m32,95,96,95,96,1,0.25,0.00025,1,1,,11.3,48.0,15
synthetic_09621,cluster_p100,18,19,18,19,1,0.25,0.00025,1,1,P100|V100M16|V100M32,11.3,48.0,15
synthetic_09622,cluster_v100m32,54,56,54,56,2,0.5,0.00025,1,1,,9.81,40.5859375,15
synthetic_09623,cluster_t4,21,22,21,22,1,0.25,7e-05,1,1,,8.0,29.8017578125,15
synthetic_09624,cluster_v100m16,6,7,6,7,1,0.25,0.00025,1,1,,11.3,48.0,15
synthetic_09625,cluster_v100m32,9,10,9,10,1,0.25,0.00025,1,1,,3.152,5.46875,15
synthetic_09626,cluster_g3,15,16,15,16,1,0.25,0.00035,1,1,G3,11.3,48.0,15
synthetic_09627,cluster_g3,90,92,90,92,2,0.5,0.00035,1,1,,8.0,16.0,15
synthetic_09628,cluster_t4,83,84,83,84,1,0.25,7e-05,1,1,T4,3.152,5.46875,15
synthetic_09629,cluster_p100,73,80,73,80,7,1.75,0.00025,1,1,P100,8.0,29.8017578125,15
synthetic_09630,cluster_v100m16,14,15,14,15,1,0.25,0.00025,1,1,,3.152,5.46875,15
synthetic_09631,cluster_t4,13,14,13,14,1,0.25,7e-05,1,1,T4,4.0,29.8017578125,15
synthetic_09632,cluster_t4,8,9,8,9,1,0.25,7e-05,1,1,T4,11.4,47.0,15
synthetic_09633,cluster_t4,37,39,37,39,2,0.5,7e-05,1,1,T4,4.0,14.900390625,15
synthetic_09634,cluster_v100m32,65,67,65,67,2,0.5,0.00025,1,1,,11.4,47.0,15
synthetic_09635,cluster_v100m32,82,86,82,86,4,1.0,0.00025,1,1,,8.0,29.8017578125,15
synthetic_09636,cluster_g3,41,42,41,42,1,0.25,0.00035,1,1,,11.4,47.0,15
synthetic_09637,cluster_t4,39,40,39,40,1,0.25,7e-05,1,1,,3.152,5.46875,15
synthetic_09638,cluster_g2,12,13,12,13,1,0.25,0.00035,1,1,,3.152,5.46875,15
synthetic_09639,cluster_t4,82,83,82,83,1,0.25,7e-05,1,1,T4,11.3,48.0,15
synthetic_09640,cluster_p100,56,57,56,57,1,0.25,0.00025,1,1,,15.2,79.0,15
synthetic_09641,cluster_g2,75,80,75,80,5,1.25,0.00035,1,1,,15.2,79.0,15
synthetic_09642,cluster_t4,74,78,74,78,4,1.0,7e-05,1,1,T4,16.0,32.0,15
synthetic_09643,cluster_g3,28,30,28,30,2,0.5,0.00035,1,1,,11.3,48.0,15
synthetic_09644,cluster_t4,32,38,32,38,6,1.5,7e-05,1,1,,4.0,29.8017578125,15
synthetic_09645,cluster_v100m32,30,31,30,31,1,0.25,0.00025,1,1,,3.152,5.46875,15
synthetic_09646,cluster_t4,2,3,2,3,1,0.25,7e-05,1,1,,3.152,5.46875,15
synthetic_09647,cluster_v100m16,39,50,39,50,11,2.75,0.00025,1,1,,4.0,22.3515625,15
synthetic_09648,cluster_t4,41,42,41,42,1,0.25,7e-05,1,1,,18.708,63.0,15
synthetic_09649,cluster_g2,37,38,37,38,1,0.25,0.00035,1,1,,8.0,29.8017578125,15
synthetic_09650,cluster_v100m32,23,24,23,24,1,0.25,0.00025,1,1,,3.152,5.46875,15
synthetic_09651,cluster_g3,61,63,61,63,2,0.5,0.00035,1,1,,4.0,14.900390625,15
synthetic_09652,cluster_v100m32,51,52,51,52,1,0.25,0.00025,1,1,,6.0,6.0,15
synthetic_09653,cluster_g3,3,5,3,5,2,0.5,0.00035,1,1,,3.152,5.46875,15
synthetic_09654,cluster_g2,31,32,31,32,1,0.25,0.00035,1,1,,11.4,47.0,15
synthetic_09655,cluster_v100m32,45,46,45,46,1,0.25,0.00025,1,1,,3.152,5.46875,15
synthetic_09656,cluster_t4,85,86,85,86,1,0.25,7e-05,1,1,T4,11.908,46.0,15
synthetic_09657,cluster_v100m32,30,36,30,36,6,1.5,0.00025,1,1,,12.0,24.0,15
synthetic_09658,cluster_p100,46,47,46,47,1,0.25,0.00025,1,1,P100,11.908,46.0,15
synthetic_09659,cluster_t4,83,84,83,84,1,0.25,7e-05,1,1,T4,11.3,48.0,15
synthetic_09660,cluster_t4,79,80,79,80,1,0.25,7e-05,1,1,,11.3,48.0,15
synthetic_09661,cluster_g2,84,85,84,85,1,0.25,0.00035,1,1,,1.0,2.0,15
synthetic_09662,cluster_g2,1,2,1,2,1,0.25,0.00035,1,1,,11.908,46.0,15
synthetic_09663,cluster_v100m32,84,87,84,87,3,0.75,0.00025,1,1,,3.152,5.46875,15
synthetic_09664,cluster_g2,5,7,5,7,2,0.5,0.00035,1,1,,4.152,10.3515625,15
synthetic_09665,cluster_t4,66,68,66,68,2,0.5,7e-05,1,1,T4,12.0,16.0,15
synthetic_09666,cluster_g2,60,63,60,63,3,0.75,0.00035,1,1,,4.0,29.8017578125,15
synthetic_09667,cluster_t4,28,36,28,36,8,2.0,7e-05,1,1,,18.708,63.0,15
synthetic_09668,cluster_t4,29,36,29,36,7,1.75,7e-05,1,1,,11.3,48.0,15
synthetic_09669,cluster_t4,59,62,59,62,3,0.75,7e-05,1,1,A10|G2|T4|V100M16|V100M32,11.4,76.0,15
synthetic_09670,cluster_t4,4,6,4,6,2,0.5,7e-05,1,1,,11.3,48.0,15
synthetic_09671,cluster_t4,69,72,69,72,3,0.75,7e-05,1,1,T4,15.7,57.0,15
synthetic_09672,cluster_p100,86,90,86,90,4,1.0,0.00025,1,1,,9.81,40.5859375,15
synthetic_09673,cluster_t4,1,2,1,2,1,0.25,7e-05,1,1,T4,11.3,48.0,15
synthetic_09674,cluster_g3,48,49,48,49,1,0.25,0.00035,1,1,,9.81,40.5859375,15
synthetic_09675,cluster_g3,17,18,17,18,1,0.25,0.00035,1,1,,3.152,5.46875,15
synthetic_09676,cluster_g2,55,56,55,56,1,0.25,0.00035,1,1,G2,3.152,5.46875,15
synthetic_09677,cluster_t4,90,95,90,95,5,1.25,7e-05,1,1,T4,4.0,24.0,15
synthetic_09678,cluster_g2,48,50,48,50,2,0.5,0.00035,1,1,,11.4,47.0,15
synthetic_09679,cluster_t4,12,15,12,15,3,0.75,7e-05,1,1,,16.0,30.517578125,15
synthetic_09680,cluster_g2,78,79,78,79,1,0.25,0.00035,1,1,,3.152,5.46875,15
synthetic_09681,cluster_g3,48,50,48,50,2,0.5,0.00035,1,1,,11.908,46.0,15
synthetic_09682,cluster_g2,28,32,28,32,4,1.0,0.00035,1,1,G2,8.0,16.0,15
synthetic_09683,cluster_p100,24,25,24,25,1,0.25,0.00025,1,1,,11.4,47.0,15
synthetic_09684,cluster_t4,61,64,61,64,3,0.75,7e-05,1,1,T4,11.3,48.0,15
synthetic_09685,cluster_p100,86,87,86,87,1,0.25,0.00025,1,1,,11.4,47.0,15
synthetic_09686,cluster_g3,46,47,46,47,1,0.25,0.00035,1,1,,4.152,10.3515625,15
synthetic_09687,cluster_p100,9,11,9,11,2,0.5,0.00025,1,1,P100,11.908,46.0,15
synthetic_09688,cluster_v100m32,81,82,81,82,1,0.25,0.00025,1,1,,3.152,5.46875,15
synthetic_09689,cluster_v100m32,74,75,74,75,1,0.25,0.00025,1,1,,3.152,5.46875,15
synthetic_09690,cluster_g3,54,55,54,55,1,0.25,0.00035,1,1,,3.152,5.46875,15
synthetic_09691,cluster_t4,21,23,21,23,2,0.5,7e-05,1,1,T4,4.0,14.900390625,15
synthetic_09692,cluster_p100,72,73,72,73,1,0.25,0.00025,1,1,P100,4.152,10.3515625,15
synthetic_09693,cluster_p100,66,67,66,67,1,0.25,0.00025,1,1,P100,3.152,5.46875,15
synthetic_09694,cluster_t4,87,88,87,88,1,0.25,7e-05,1,1,T4,3.152,5.46875,15
synthetic_09695,cluster_t4,12,13,12,13,1,0.25,7e-05,1,1,T4,4.0,14.900390625,15
synthetic_09696,cluster_g2,14,15,14,15,1,0.25,0.00035,1,1,,3.152,5.46875,15
synthetic_09697,cluster_v100m32,51,53,51,53,2,0.5,0.00025,1,1,,18.708,63.0,15
synthetic_09698,cluster_p100,84,85,84,85,1,0.25,0.00025,1,1,,11.908,46.0,15
synthetic_09699,cluster_g2,89,90,89,90,1,0.25,0.00035,1,1,,11.3,48.0,15
synthetic_09700,cluster_v100m32,12,13,12,13,1,0.25,0.00025,1,1,,11.4,47.0,15
synthetic_09701,cluster_p100,14,17,14,17,3,0.75,0.00025,1,1,,15.7,57.0,15
synthetic_09702,cluster_t4,22,23,22,23,1,0.25,7e-05,1,1,T4,11.3,48.0,15
synthetic_09703,cluster_v100m16,73,74,73,74,1,0.25,0.00025,1,1,,11.908,46.0,15
synthetic_09704,cluster_t4,60,62,60,62,2,0.5,7e-05,1,1,T4,8.0,16.0,15
synthetic_09705,cluster_t4,36,39,36,39,3,0.75,7e-05,1,1,T4,14.2,57.0,15
synthetic_09706,cluster_v100m32,58,59,58,59,1,0.25,0.00025,1,1,,3.152,5.46875,15
synthetic_09707,cluster_t4,58,59,58,59,1,0.25,7e-05,1,1,T4,11.4,47.0,15
synthetic_09708,cluster_p100,51,54,51,54,3,0.75,0.00025,1,1,,16.0,32.0,15
synthetic_09709,cluster_g2,62,63,62,63,1,0.25,0.00035,1,1,G2,11.4,47.0,15
synthetic_09710,cluster_v100m32,22,28,22,28,6,1.5,0.00025,1,1,,12.0,24.0,15
synthetic_09711,cluster_v100m16,65,68,65,68,3,0.75,0.00025,1,1,,11.908,46.0,15
synthetic_09712,cluster_p100,74,77,74,77,3,0.75,0.00025,1,1,,6.0,29.8017578125,15
synthetic_09713,cluster_v100m16,43,44,43,44,1,0.25,0.00025,1,1,,12.0,16.0,15
synthetic_09714,cluster_g2,6,7,6,7,1,0.25,0.00035,1,1,G2,11.3,48.0,15
synthetic_09715,cluster_g2,85,87,85,87,2,0.5,0.00035,1,1,G2,11.4,47.0,15
synthetic_09716,cluster_v100m32,23,37,23,37,14,3.5,0.00025,1,1,,11.4,47.0,15
synthetic_09717,cluster_g3,35,36,35,36,1,0.25,0.00035,1,1,,11.908,46.0,15
synthetic_09718,cluster_p100,93,94,93,94,1,0.25,0.00025,1,1,P100,4.152,10.3515625,15
synthetic_09719,cluster_g2,55,56,55,56,1,0.25,0.00035,1,1,,11.3,48.0,15
synthetic_09720,cluster_v100m16,32,33,32,33,1,0.25,0.00025,1,1,,3.152,5.46875,15
synthetic_09721,cluster_t4,18,20,18,20,2,0.5,7e-05,1,1,,8.0,32.0,15
synthetic_09722,cluster_g3,58,59,58,59,1,0.25,0.00035,1,1,,3.152,5.46875,15
synthetic_09723,cluster_p100,11,12,11,12,1,0.25,0.00025,1,1,,3.152,5.46875,15
synthetic_09724,cluster_t4,24,30,24,30,6,1.5,7e-05,1,1,T4,4.0,22.3515625,15
synthetic_09725,cluster_v100m16,49,50,49,50,1,0.25,0.00025,1,1,,11.3,48.0,15
synthetic_09726,cluster_v100m32,41,46,41,46,5,1.25,0.00025,1,1,P100|V100M16|V100M32,11.4,76.0,15
synthetic_09727,cluster_t4,0,1,0,1,1,0.25,7e-05,1,1,T4,3.152,5.46875,15
synthetic_09728,cluster_g2,83,84,83,84,1,0.25,0.00035,1,1,,3.152,5.46875,15
synthetic_09729,cluster_p100,51,52,51,52,1,0.25,0.00025,1,1,,11.4,47.0,15
synthetic_09730,cluster_v100m32,78,81,78,81,3,0.75,0.00025,1,1,,11.908,46.0,15
synthetic_09731,cluster_t4,67,68,67,68,1,0.25,7e-05,1,1,T4,4.152,10.3515625,15
synthetic_09732,cluster_t4,84,87,84,87,3,0.75,7e-05,1,1,T4,11.4,47.0,15
synthetic_09733,cluster_v100m16,67,68,67,68,1,0.25,0.00025,1,1,,3.152,5.46875,15
synthetic_09734,cluster_t4,92,94,92,94,2,0.5,7e-05,1,1,T4,11.908,46.0,15
synthetic_09735,cluster_v100m16,61,63,61,63,2,0.5,0.00025,1,1,,11.4,47.0,15
synthetic_09736,cluster_t4,8,9,8,9,1,0.25,7e-05,1,1,,18.708,63.0,15
synthetic_09737,cluster_v100m16,0,5,0,5,5,1.25,0.00025,1,1,A10|G2|T4|V100M16|V100M32,4.0,24.0,15
synthetic_09738,cluster_v100m16,52,53,52,53,1,0.25,0.00025,1,1,,11.3,48.0,15
synthetic_09739,cluster_v100m16,89,90,89,90,1,0.25,0.00025,1,1,,11.3,48.0,15
synthetic_09740,cluster_v100m16,93,94,93,94,1,0.25,0.00025,1,1,,11.3,48.0,15
synthetic_09741,cluster_p100,24,25,24,25,1,0.25,0.00025,1,1,P100,4.152,10.3515625,15
synthetic_09742,cluster_g2,77,78,77,78,1,0.25,0.00035,1,1,G2,11.4,47.0,15
synthetic_09743,cluster_g2,6,7,6,7,1,0.25,0.00035,1,1,G2,8.2,33.0,15
synthetic_09744,cluster_v100m32,33,35,33,35,2,0.5,0.00025,1,1,,9.81,40.5859375,15
synthetic_09745,cluster_g2,81,82,81,82,1,0.25,0.00035,1,1,,11.3,48.0,15
synthetic_09746,cluster_t4,9,11,9,11,2,0.5,7e-05,1,1,G2|P100|T4|V100M16|V100M32,11.4,47.0,15
synthetic_09747,cluster_t4,67,68,67,68,1,0.25,7e-05,1,1,,8.0,29.8017578125,15
synthetic_09748,cluster_t4,60,61,60,61,1,0.25,7e-05,1,1,,3.152,5.46875,15
synthetic_09749,cluster_g3,85,92,85,92,7,1.75,0.00035,1,1,,11.3,48.0,15
synthetic_09750,cluster_t4,90,91,90,91,1,0.25,7e-05,1,1,T4,3.152,5.46875,15
synthetic_09751,cluster_g3,94,95,94,95,1,0.25,0.00035,1,1,,8.2,33.0,15
synthetic_09752,cluster_v100m32,32,33,32,33,1,0.25,0.00025,1,1,,11.3,48.0,15
synthetic_09753,cluster_t4,0,1,0,1,1,0.25,7e-05,1,1,,11.9,76.0,15
synthetic_09754,cluster_p100,81,85,81,85,4,1.0,0.00025,1,1,,4.0,30.517578125,15
synthetic_09755,cluster_t4,34,47,34,47,13,3.25,7e-05,1,1,T4,12.0,46.0,15
synthetic_09756,cluster_t4,27,28,27,28,1,0.25,7e-05,1,1,T4,3.152,5.46875,15
synthetic_09757,cluster_v100m16,19,22,19,22,3,0.75,0.00025,1,1,,11.908,46.0,15
synthetic_09758,cluster_p100,92,94,92,94,2,0.5,0.00025,1,1,,3.152,5.46875,15
synthetic_09759,cluster_p100,30,31,30,31,1,0.25,0.00025,1,1,P100,8.0,29.8017578125,15
synthetic_09760,cluster_t4,7,12,7,12,5,1.25,0.00056,8,8,,120.2,625.0,15
synthetic_09761,cluster_t4,67,72,67,72,5,1.25,7e-05,1,1,T4,4.0,24.0,15
synthetic_09762,cluster_p100,47,48,47,48,1,0.25,0.00025,1,1,P100|V100M16|V100M32,3.152,5.46875,15
synthetic_09763,cluster_v100m32,61,62,61,62,1,0.25,0.00025,1,1,,14.2,57.0,15
synthetic_09764,cluster_g2,47,48,47,48,1,0.25,0.00035,1,1,,3.152,5.46875,15
synthetic_09765,cluster_t4,82,83,82,83,1,0.25,7e-05,1,1,,3.152,5.46875,15
synthetic_09766,cluster_g2,87,89,87,89,2,0.5,0.00035,1,1,G2,11.4,47.0,15
synthetic_09767,cluster_v100m32,0,1,0,1,1,0.25,0.00025,1,1,,3.152,5.46875,15
synthetic_09768,cluster_g3,71,72,71,72,1,0.25,0.00035,1,1,,9.81,40.5859375,15
synthetic_09769,cluster_v100m16,41,42,41,42,1,0.25,0.00025,1,1,,11.3,48.0,15
synthetic_09770,cluster_g2,49,50,49,50,1,0.25,0.00035,1,1,G2,11.3,48.0,15
synthetic_09771,cluster_p100,56,57,56,57,1,0.25,0.00025,1,1,,16.4,123.0,15
synthetic_09772,cluster_t4,73,74,73,74,1,0.25,7e-05,1,1,T4,11.908,46.0,15
synthetic_09773,cluster_t4,67,68,67,68,1,0.25,7e-05,1,1,T4,4.0,29.8017578125,15
synthetic_09774,cluster_t4,34,36,34,36,2,0.5,7e-05,1,1,T4,11.908,46.0,15
synthetic_09775,cluster_v100m32,8,9,8,9,1,0.25,0.00025,1,1,,3.152,5.46875,15
synthetic_09776,cluster_p100,61,62,61,62,1,0.25,0.00025,1,1,,3.152,5.46875,15
synthetic_09777,cluster_t4,74,75,74,75,1,0.25,7e-05,1,1,,8.0,29.8017578125,15
synthetic_09778,cluster_v100m32,90,91,90,91,1,0.25,0.00025,1,1,,11.4,47.0,15
synthetic_09779,cluster_p100,91,96,91,96,5,1.25,0.00025,1,1,,12.0,16.0,15
synthetic_09780,cluster_t4,66,68,66,68,2,0.5,7e-05,1,1,A10|T4,8.2,33.0,15
synthetic_09781,cluster_g2,65,66,65,66,1,0.25,0.00035,1,1,,11.3,48.0,15
synthetic_09782,cluster_p100,70,71,70,71,1,0.25,0.00025,1,1,,8.0,29.8017578125,15
synthetic_09783,cluster_p100,75,76,75,76,1,0.25,0.00025,1,1,,8.0,29.8017578125,15
synthetic_09784,cluster_g2,27,28,27,28,1,0.25,0.00035,1,1,G2,11.3,48.0,15
synthetic_09785,cluster_t4,87,88,87,88,1,0.25,7e-05,1,1,T4,8.0,29.8017578125,15
synthetic_09786,cluster_t4,9,11,9,11,2,0.5,7e-05,1,1,T4,3.152,5.46875,15
synthetic_09787,cluster_t4,86,87,86,87,1,0.25,7e-05,1,1,T4,9.81,40.5859375,15
synthetic_09788,cluster_p100,59,64,59,64,5,1.25,0.00025,1,1,,16.0,32.0,15
synthetic_09789,cluster_t4,57,58,57,58,1,0.25,7e-05,1,1,T4,8.0,29.8017578125,15
synthetic_09790,cluster_g3,70,71,70,71,1,0.25,0.00035,1,1,,6.0,6.0,15
synthetic_09791,cluster_g3,77,78,77,78,1,0.25,0.00035,1,1,,18.708,63.0,15
synthetic_09792,cluster_g3,73,74,73,74,1,0.25,0.00035,1,1,,11.3,48.0,15
synthetic_09793,cluster_t4,89,91,89,91,2,0.5,7e-05,1,1,,11.908,46.0,15
synthetic_09794,cluster_t4,37,39,37,39,2,0.5,7e-05,1,1,T4,12.0,24.0,15
synthetic_09795,cluster_g2,27,28,27,28,1,0.25,0.00035,1,1,,11.4,47.0,15
synthetic_09796,cluster_v100m32,72,73,72,73,1,0.25,0.00025,1,1,,3.152,5.46875,15
synthetic_09797,cluster_t4,37,40,37,40,3,0.75,7e-05,1,1,T4,3.152,5.46875,15
synthetic_09798,cluster_t4,20,21,20,21,1,0.25,7e-05,1,1,,3.152,5.46875,15
synthetic_09799,cluster_p100,2,3,2,3,1,0.25,0.00025,1,1,,11.908,46.0,15
synthetic_09800,cluster_v100m32,38,48,38,48,10,2.5,0.00025,1,1,,14.9,72.0,15
synthetic_09801,cluster_t4,11,17,11,17,6,1.5,7e-05,1,1,T4,4.152,10.3515625,15
synthetic_09802,cluster_v100m16,32,38,32,38,6,1.5,0.00025,1,1,,14.9,72.0,15
synthetic_09803,cluster_t4,89,90,89,90,1,0.25,7e-05,1,1,T4,3.152,5.46875,15
synthetic_09804,cluster_g2,8,9,8,9,1,0.25,0.00035,1,1,,11.908,46.0,15
synthetic_09805,cluster_p100,62,65,62,65,3,0.75,0.00025,1,1,,1.0,6.0,15
synthetic_09806,cluster_t4,80,85,80,85,5,1.25,7e-05,1,1,,12.0,24.0,15
synthetic_09807,cluster_p100,90,91,90,91,1,0.25,0.00025,1,1,,4.0,24.0,15
synthetic_09808,cluster_p100,14,15,14,15,1,0.25,0.00025,1,1,P100,6.0,6.0,15
synthetic_09809,cluster_v100m32,45,46,45,46,1,0.25,0.00025,1,1,,3.152,5.46875,15
synthetic_09810,cluster_t4,67,68,67,68,1,0.25,7e-05,1,1,T4,9.81,40.5859375,15
synthetic_09811,cluster_v100m16,49,50,49,50,1,0.25,0.00025,1,1,,3.152,5.46875,15
synthetic_09812,cluster_g3,30,32,30,32,2,0.5,0.00035,1,1,,11.3,48.0,15
synthetic_09813,cluster_p100,20,21,20,21,1,0.25,0.00025,1,1,P100,3.152,5.46875,15
synthetic_09814,cluster_p100,56,57,56,57,1,0.25,0.00025,1,1,,11.3,48.0,15
synthetic_09815,cluster_t4,61,67,61,67,6,1.5,7e-05,1,1,T4,16.0,32.0,15
synthetic_09816,cluster_t4,49,50,49,50,1,0.25,7e-05,1,1,T4,11.3,48.0,15
synthetic_09817,cluster_p100,48,52,48,52,4,1.0,0.00025,1,1,,9.81,40.5859375,15
synthetic_09818,cluster_t4,7,8,7,8,1,0.25,7e-05,1,1,T4,6.0,6.0,15
synthetic_09819,cluster_p100,26,28,26,28,2,0.5,0.00025,1,1,,14.2,57.0,15
synthetic_09820,cluster_v100m16,77,83,77,83,6,1.5,0.00025,1,1,V100M16|V100M32,8.0,32.0,15
synthetic_09821,cluster_g2,17,18,17,18,1,0.25,0.00035,1,1,,8.0,29.8017578125,15
synthetic_09822,cluster_g3,14,16,14,16,2,0.5,0.00035,1,1,,8.0,32.0,15
synthetic_09823,cluster_t4,11,13,11,13,2,0.5,7e-05,1,1,T4,3.152,5.46875,15
synthetic_09824,cluster_t4,1,2,1,2,1,0.25,7e-05,1,1,T4,11.9,76.0,15
synthetic_09825,cluster_g2,58,59,58,59,1,0.25,0.00035,1,1,G2,11.3,48.0,15
synthetic_09826,cluster_t4,14,15,14,15,1,0.25,7e-05,1,1,A10|T4,3.152,5.46875,15
synthetic_09827,cluster_p100,66,67,66,67,1,0.25,0.00025,1,1,,12.0,16.0,15
synthetic_09828,cluster_v100m16,60,61,60,61,1,0.25,0.00025,1,1,,11.3,48.0,15
synthetic_09829,cluster_g2,34,35,34,35,1,0.25,0.00035,1,1,,4.152,10.3515625,15
synthetic_09830,cluster_t4,34,35,34,35,1,0.25,7e-05,1,1,T4,3.152,5.46875,15
synthetic_09831,cluster_g3,34,35,34,35,1,0.25,0.00035,1,1,G3,24.2,91.0,15
synthetic_09832,cluster_v100m16,58,59,58,59,1,0.25,0.00025,1,1,V100M16|V100M32,18.708,63.0,15
synthetic_09833,cluster_g2,31,34,31,34,3,0.75,0.00035,1,1,G2,11.3,48.0,15
synthetic_09834,cluster_v100m32,9,14,9,14,5,1.25,0.00025,1,1,,9.81,40.5859375,15
synthetic_09835,cluster_p100,83,84,83,84,1,0.25,0.00025,1,1,,4.152,10.3515625,15
synthetic_09836,cluster_t4,31,32,31,32,1,0.25,7e-05,1,1,T4,12.0,24.0,15
synthetic_09837,cluster_g3,4,5,4,5,1,0.25,0.00035,1,1,,11.3,48.0,15
synthetic_09838,cluster_g2,29,31,29,31,2,0.5,0.00035,1,1,,12.0,16.0,15
synthetic_09839,cluster_v100m32,52,53,52,53,1,0.25,0.00025,1,1,,6.0,6.0,15
synthetic_09840,cluster_t4,41,49,41,49,8,2.0,7e-05,1,1,T4,11.908,46.0,15
synthetic_09841,cluster_g3,30,31,30,31,1,0.25,0.00035,1,1,,3.152,5.46875,15
synthetic_09842,cluster_t4,55,57,55,57,2,0.5,7e-05,1,1,T4,11.3,48.0,15
synthetic_09843,cluster_t4,90,91,90,91,1,0.25,7e-05,1,1,T4,4.0,14.900390625,15
synthetic_09844,cluster_p100,39,40,39,40,1,0.25,0.00025,1,1,,11.908,46.0,15
synthetic_09845,cluster_g3,83,84,83,84,1,0.25,0.00035,1,1,,3.152,5.46875,15
synthetic_09846,cluster_t4,62,63,62,63,1,0.25,7e-05,1,1,T4,8.0,29.8017578125,15
synthetic_09847,cluster_t4,37,38,37,38,1,0.25,7e-05,1,1,,11.3,48.0,15
synthetic_09848,cluster_p100,58,59,58,59,1,0.25,0.00025,1,1,,4.0,22.3515625,15
synthetic_09849,cluster_v100m16,64,65,64,65,1,0.25,0.00025,1,1,,3.152,5.46875,15
synthetic_09850,cluster_v100m32,51,52,51,52,1,0.25,0.00025,1,1,,3.152,5.46875,15
synthetic_09851,cluster_g3,80,82,80,82,2,0.5,0.00035,1,1,,3.152,5.46875,15
synthetic_09852,cluster_t4,55,56,55,56,1,0.25,7e-05,1,1,T4,11.4,47.0,15
synthetic_09853,cluster_t4,39,40,39,40,1,0.25,7e-05,1,1,T4,3.152,5.46875,15
synthetic_09854,cluster_t4,30,32,30,32,2,0.5,7e-05,1,1,,11.3,48.0,15
synthetic_09855,cluster_t4,50,52,50,52,2,0.5,7e-05,1,1,,3.152,5.46875,15
synthetic_09856,cluster_p100,8,9,8,9,1,0.25,0.00025,1,1,,11.908,46.0,15
synthetic_09857,cluster_v100m16,2,4,2,4,2,0.5,0.00025,1,1,G2|P100|T4|V100M16|V100M32,4.0,14.900390625,15
synthetic_09858,cluster_v100m32,68,69,68,69,1,0.25,0.00025,1,1,,3.152,5.46875,15
synthetic_09859,cluster_t4,38,39,38,39,1,0.25,7e-05,1,1,T4,3.152,5.46875,15
synthetic_09860,cluster_t4,23,24,23,24,1,0.25,7e-05,1,1,,11.908,46.0,15
synthetic_09861,cluster_t4,14,17,14,17,3,0.75,7e-05,1,1,T4,11.3,48.0,15
synthetic_09862,cluster_g2,76,78,76,78,2,0.5,0.00035,1,1,,11.9,76.0,15
synthetic_09863,cluster_t4,74,75,74,75,1,0.25,7e-05,1,1,,3.152,5.46875,15
synthetic_09864,cluster_g2,82,83,82,83,1,0.25,0.00035,1,1,,4.152,10.3515625,15
synthetic_09865,cluster_v100m32,87,89,87,89,2,0.5,0.00025,1,1,V100M16|V100M32,11.3,48.0,15
synthetic_09866,cluster_v100m32,26,27,26,27,1,0.25,0.00025,1,1,,8.0,29.8017578125,15
synthetic_09867,cluster_v100m16,0,1,0,1,1,0.25,0.00025,1,1,,3.152,5.46875,15
synthetic_09868,cluster_g3,34,35,34,35,1,0.25,0.00035,1,1,,4.0,14.900390625,15
synthetic_09869,cluster_t4,41,43,41,43,2,0.5,7e-05,1,1,T4,3.152,5.46875,15
synthetic_09870,cluster_g3,33,34,33,34,1,0.25,0.00035,1,1,,3.152,5.46875,15
synthetic_09871,cluster_t4,44,45,44,45,1,0.25,7e-05,1,1,T4,8.0,29.8017578125,15
synthetic_09872,cluster_v100m32,32,33,32,33,1,0.25,0.00025,1,1,,3.152,5.46875,15
synthetic_09873,cluster_g2,5,6,5,6,1,0.25,0.00035,1,1,G2,24.2,91.0,15
synthetic_09874,cluster_t4,76,77,76,77,1,0.25,7e-05,1,1,,4.152,10.3515625,15
synthetic_09875,cluster_v100m16,44,45,44,45,1,0.25,0.00025,1,1,,11.3,48.0,15
synthetic_09876,cluster_g2,26,27,26,27,1,0.25,0.00035,1,1,,11.3,48.0,15
synthetic_09877,cluster_g2,85,87,85,87,2,0.5,0.00035,1,1,,3.152,5.46875,15
synthetic_09878,cluster_p100,19,24,19,24,5,1.25,0.00025,1,1,,16.0,32.0,15
synthetic_09879,cluster_p100,51,52,51,52,1,0.25,0.00025,1,1,P100|V100M16|V100M32,11.3,48.0,15
synthetic_09880,cluster_v100m32,19,20,19,20,1,0.25,0.00025,1,1,,8.0,29.8017578125,15
synthetic_09881,cluster_p100,39,40,39,40,1,0.25,0.00025,1,1,,3.152,5.46875,15
synthetic_09882,cluster_v100m32,60,61,60,61,1,0.25,0.00025,1,1,,3.152,5.46875,15
synthetic_09883,cluster_p100,48,49,48,49,1,0.25,0.00025,1,1,,3.152,5.46875,15
synthetic_09884,cluster_p100,67,68,67,68,1,0.25,0.00025,1,1,,3.152,5.46875,15
synthetic_09885,cluster_t4,46,50,46,50,4,1.0,7e-05,1,1,,11.908,46.0,15
synthetic_09886,cluster_g3,80,81,80,81,1,0.25,0.00035,1,1,,11.908,46.0,15
synthetic_09887,cluster_p100,42,43,42,43,1,0.25,0.00025,1,1,,11.3,48.0,15
synthetic_09888,cluster_g2,61,66,61,66,5,1.25,0.00035,1,1,,11.4,76.0,15
synthetic_09889,cluster_t4,19,31,19,31,12,3.0,7e-05,1,1,T4,11.908,46.0,15
synthetic_09890,cluster_v100m16,86,88,86,88,2,0.5,0.00025,1,1,,24.2,91.0,15
synthetic_09891,cluster_g3,28,30,28,30,2,0.5,0.00035,1,1,,8.0,29.8017578125,15
synthetic_09892,cluster_t4,62,63,62,63,1,0.25,7e-05,1,1,T4,3.152,5.46875,15
synthetic_09893,cluster_t4,86,87,86,87,1,0.25,7e-05,1,1,T4,4.0,14.900390625,15
synthetic_09894,cluster_t4,5,6,5,6,1,0.25,7e-05,1,1,,3.152,5.46875,15
synthetic_09895,cluster_v100m16,90,94,90,94,4,1.0,0.00025,1,1,,12.0,12.0,15
synthetic_09896,cluster_p100,37,53,37,53,16,4.0,0.00025,1,1,,16.0,64.0,15
synthetic_09897,cluster_p100,30,31,30,31,1,0.25,0.00025,1,1,,11.3,48.0,15
synthetic_09898,cluster_v100m16,30,35,30,35,5,1.25,0.00025,1,1,,4.0,24.0,15
synthetic_09899,cluster_p100,41,42,41,42,1,0.25,0.00025,1,1,,3.152,5.46875,15
synthetic_09900,cluster_t4,20,22,20,22,2,0.5,7e-05,1,1,T4,15.7,57.0,15
synthetic_09901,cluster_v100m16,21,22,21,22,1,0.25,0.00025,1,1,,8.0,29.8017578125,15
synthetic_09902,cluster_g2,21,22,21,22,1,0.25,0.00035,1,1,,3.152,5.46875,15
synthetic_09903,cluster_t4,86,87,86,87,1,0.25,7e-05,1,1,T4,8.0,29.8017578125,15
synthetic_09904,cluster_g3,83,84,83,84,1,0.25,0.00035,1,1,G3,11.3,48.0,15
synthetic_09905,cluster_g3,32,46,32,46,14,3.5,0.00035,1,1,,9.81,40.5859375,15
synthetic_09906,cluster_g2,70,75,70,75,5,1.25,0.00035,1,1,G2,4.0,24.0,15
synthetic_09907,cluster_t4,38,40,38,40,2,0.5,7e-05,1,1,,8.0,29.8017578125,15
synthetic_09908,cluster_g2,44,49,44,49,5,1.25,0.00035,1,1,G2|P100|T4|V100M16|V100M32,11.4,47.0,15
synthetic_09909,cluster_g2,76,77,76,77,1,0.25,0.00035,1,1,,11.4,76.0,15
synthetic_09910,cluster_v100m16,44,47,44,47,3,0.75,0.00025,1,1,,6.0,23.0,15
synthetic_09911,cluster_v100m16,45,46,45,46,1,0.25,0.00025,1,1,,11.3,48.0,15
synthetic_09912,cluster_v100m16,84,85,84,85,1,0.25,0.00025,1,1,,8.0,29.8017578125,15
synthetic_09913,cluster_v100m32,44,46,44,46,2,0.5,0.00025,1,1,V100M32,11.4,47.0,15
synthetic_09914,cluster_v100m16,11,12,11,12,1,0.25,0.00025,1,1,,11.3,48.0,15
synthetic_09915,cluster_g2,1,4,1,4,3,0.75,0.00035,1,1,,11.908,46.0,15
synthetic_09916,cluster_p100,58,61,58,61,3,0.75,0.00025,1,1,,24.2,91.0,15
synthetic_09917,cluster_v100m32,6,11,6,11,5,1.25,0.00025,1,1,,3.152,5.46875,15
synthetic_09918,cluster_v100m16,81,82,81,82,1,0.25,0.00025,1,1,,3.152,5.46875,15
synthetic_09919,cluster_t4,14,18,14,18,4,1.0,7e-05,1,1,T4,11.908,46.0,15
synthetic_09920,cluster_t4,73,74,73,74,1,0.25,7e-05,1,1,T4,12.0,16.0,15
synthetic_09921,cluster_t4,66,67,66,67,1,0.25,7e-05,1,1,T4,4.152,10.3515625,15
synthetic_09922,cluster_t4,3,8,3,8,5,1.25,7e-05,1,1,T4,4.0,24.0,15
synthetic_09923,cluster_t4,63,64,63,64,1,0.25,7e-05,1,1,,11.4,47.0,15
synthetic_09924,cluster_t4,85,86,85,86,1,0.25,7e-05,1,1,,3.152,5.46875,15
synthetic_09925,cluster_g2,29,32,29,32,3,0.75,0.00035,1,1,,11.908,46.0,15
synthetic_09926,cluster_t4,61,62,61,62,1,0.25,7e-05,1,1,T4,8.0,32.0,15
synthetic_09927,cluster_g2,3,6,3,6,3,0.75,0.00035,1,1,G2,15.7,57.0,15
synthetic_09928,cluster_t4,21,23,21,23,2,0.5,7e-05,1,1,,3.152,5.46875,15
synthetic_09929,cluster_v100m32,61,62,61,62,1,0.25,0.00025,1,1,,3.152,5.46875,15
synthetic_09930,cluster_v100m32,7,13,7,13,6,1.5,0.00025,1,1,,3.152,5.46875,15
synthetic_09931,cluster_g2,10,12,10,12,2,0.5,0.00035,1,1,G2,11.4,47.0,15
synthetic_09932,cluster_t4,26,27,26,27,1,0.25,7e-05,1,1,,11.908,46.0,15
synthetic_09933,cluster_t4,36,37,36,37,1,0.25,7e-05,1,1,T4,11.908,46.0,15
synthetic_09934,cluster_v100m16,18,21,18,21,3,0.75,0.00025,1,1,,11.908,46.0,15
synthetic_09935,cluster_v100m16,26,36,26,36,10,2.5,0.00025,1,1,,4.0,22.3515625,15
synthetic_09936,cluster_t4,54,55,54,55,1,0.25,7e-05,1,1,,8.0,29.8017578125,15
synthetic_09937,cluster_p100,36,39,36,39,3,0.75,0.00025,1,1,,4.0,14.900390625,15
synthetic_09938,cluster_t4,80,81,80,81,1,0.25,7e-05,1,1,,11.3,48.0,15
synthetic_09939,cluster_g2,64,65,64,65,1,0.25,0.00035,1,1,G2,11.3,48.0,15
synthetic_09940,cluster_g2,41,42,41,42,1,0.25,0.00035,1,1,G2,11.9,76.0,15
synthetic_09941,cluster_g3,20,22,20,22,2,0.5,0.00035,1,1,,6.0,6.0,15
synthetic_09942,cluster_t4,13,16,13,16,3,0.75,7e-05,1,1,,11.908,46.0,15
synthetic_09943,cluster_t4,73,78,73,78,5,1.25,7e-05,1,1,T4,12.0,16.0,15
synthetic_09944,cluster_g3,65,66,65,66,1,0.25,0.00035,1,1,,11.4,47.0,15
synthetic_09945,cluster_p100,52,61,52,61,9,2.25,0.00025,1,1,P100,11.908,46.0,15
synthetic_09946,cluster_p100,25,30,25,30,5,1.25,0.00025,1,1,P100,4.0,14.900390625,15
synthetic_09947,cluster_t4,76,78,76,78,2,0.5,7e-05,1,1,,3.152,5.46875,15
synthetic_09948,cluster_p100,77,83,77,83,6,1.5,0.00025,1,1,,16.0,64.0,15
synthetic_09949,cluster_t4,28,31,28,31,3,0.75,7e-05,1,1,,18.708,63.0,15
synthetic_09950,cluster_g2,61,63,61,63,2,0.5,0.00035,1,1,G2,11.3,48.0,15
synthetic_09951,cluster_v100m32,44,48,44,48,4,1.0,0.00025,1,1,,12.0,16.0,15
synthetic_09952,cluster_p100,29,31,29,31,2,0.5,0.00025,1,1,,4.152,10.3515625,15
synthetic_09953,cluster_p100,55,56,55,56,1,0.25,0.00025,1,1,,4.0,22.3515625,15
synthetic_09954,cluster_g2,19,20,19,20,1,0.25,0.00035,1,1,G2,11.3,48.0,15
synthetic_09955,cluster_t4,33,35,33,35,2,0.5,7e-05,1,1,T4,4.0,30.517578125,15
synthetic_09956,cluster_v100m32,35,36,35,36,1,0.25,0.00025,1,1,,4.0,29.8017578125,15
synthetic_09957,cluster_v100m32,2,3,2,3,1,0.25,0.00025,1,1,,12.0,16.0,15
synthetic_09958,cluster_g3,56,57,56,57,1,0.25,0.00035,1,1,,11.3,48.0,15
synthetic_09959,cluster_t4,6,7,6,7,1,0.25,7e-05,1,1,,8.0,29.8017578125,15
synthetic_09960,cluster_g2,52,54,52,54,2,0.5,0.00035,1,1,,11.908,46.0,15
synthetic_09961,cluster_t4,69,70,69,70,1,0.25,7e-05,1,1,T4,4.0,14.900390625,15
synthetic_09962,cluster_v100m32,1,2,1,2,1,0.25,0.00025,1,1,,11.908,46.0,15
synthetic_09963,cluster_g2,8,11,8,11,3,0.75,0.00035,1,1,,11.908,46.0,15
synthetic_09964,cluster_g2,75,80,75,80,5,1.25,0.00035,1,1,G2,8.2,33.0,15
synthetic_09965,cluster_g2,84,88,84,88,4,1.0,0.00035,1,1,G2,16.4,123.0,15
synthetic_09966,cluster_g3,51,52,51,52,1,0.25,0.00035,1,1,,11.3,48.0,15
synthetic_09967,cluster_t4,93,95,93,95,2,0.5,7e-05,1,1,,4.0,14.900390625,15
synthetic_09968,cluster_v100m16,84,86,84,86,2,0.5,0.00025,1,1,,11.908,46.0,15
synthetic_09969,cluster_t4,45,46,45,46,1,0.25,7e-05,1,1,T4,11.908,46.0,15
synthetic_09970,cluster_g3,0,1,0,1,1,0.25,0.00035,1,1,,3.152,5.46875,15
synthetic_09971,cluster_v100m32,21,22,21,22,1,0.25,0.00025,1,1,,4.0,14.900390625,15
synthetic_09972,cluster_v100m16,33,37,33,37,4,1.0,0.00025,1,1,P100|V100M16|V100M32,11.4,47.0,15
synthetic_09973,cluster_v100m16,77,78,77,78,1,0.25,0.00025,1,1,,3.152,5.46875,15
synthetic_09974,cluster_g2,31,32,31,32,1,0.25,0.00035,1,1,,3.152,5.46875,15
synthetic_09975,cluster_p100,41,46,41,46,5,1.25,0.00025,1,1,,3.152,5.46875,15
synthetic_09976,cluster_t4,35,36,35,36,1,0.25,7e-05,1,1,T4,4.152,10.3515625,15
synthetic_09977,cluster_g3,44,45,44,45,1,0.25,0.00035,1,1,,3.152,5.46875,15
synthetic_09978,cluster_t4,62,63,62,63,1,0.25,7e-05,1,1,,11.4,47.0,15
synthetic_09979,cluster_t4,94,96,94,96,2,0.5,7e-05,1,1,T4,11.908,46.0,15
synthetic_09980,cluster_v100m32,44,46,44,46,2,0.5,0.00025,1,1,,8.0,16.0,15
synthetic_09981,cluster_t4,61,62,61,62,1,0.25,7e-05,1,1,T4,11.3,48.0,15
synthetic_09982,cluster_v100m16,72,73,72,73,1,0.25,0.00025,1,1,,4.0,22.3515625,15
synthetic_09983,cluster_t4,70,71,70,71,1,0.25,7e-05,1,1,T4,11.3,48.0,15
synthetic_09984,cluster_g2,37,38,37,38,1,0.25,0.00035,1,1,,14.2,57.0,15
synthetic_09985,cluster_t4,21,22,21,22,1,0.25,7e-05,1,1,T4,14.2,57.0,15
synthetic_09986,cluster_g2,17,26,17,26,9,2.25,0.00035,1,1,G2,14.2,57.0,15
synthetic_09987,cluster_v100m16,95,96,95,96,1,0.25,0.00025,1,1,,3.152,5.46875,15
synthetic_09988,cluster_g2,14,22,14,22,8,2.0,0.00035,1,1,,3.152,5.46875,15
synthetic_09989,cluster_t4,45,46,45,46,1,0.25,7e-05,1,1,,11.908,46.0,15
synthetic_09990,cluster_t4,32,42,32,42,10,2.5,7e-05,1,1,T4,8.0,29.8017578125,15
synthetic_09991,cluster_t4,56,58,56,58,2,0.5,7e-05,1,1,,11.4,47.0,15
synthetic_09992,cluster_g3,80,81,80,81,1,0.25,0.00035,1,1,,3.152,5.46875,15
synthetic_09993,cluster_t4,47,49,47,49,2,0.5,7e-05,1,1,T4,6.0,16.0,15
synthetic_09994,cluster_t4,67,68,67,68,1,0.25,7e-05,1,1,T4,9.81,40.5859375,15
synthetic_09995,cluster_p100,74,76,74,76,2,0.5,0.00025,1,1,P100,4.0,14.900390625,15
synthetic_09996,cluster_t4,73,74,73,74,1,0.25,7e-05,1,1,T4,3.152,5.46875,15
synthetic_09997,cluster_g3,3,4,3,4,1,0.25,0.00035,1,1,,11.908,46.0,15
synthetic_09998,cluster_v100m16,13,14,13,14,1,0.25,0.00025,1,1,,11.4,47.0,15
synthetic_09999,cluster_v100m16,6,8,6,8,2,0.5,0.00025,1,1,,11.9,76.0,15
synthetic_10000,cluster_g2,20,22,20,22,2,0.5,0.00035,1,1,G2,14.2,57.0,15
