job_id,category,workload_family,gpus,gpu_count_required,gpu_type_required,cpu_required,memory_required_gb,duration,duration_h,power_kw,e_kw,power,earliest_start,latest_start,slot_minutes,runtime_hours_sampled,source_trace_job
synthetic_00001,preprocessing,preprocessing,1,1,,3.152,5.46875,1,0.25,0.15,0.15,0.00015,71,82,15,0.079722,openb-pod-1081
synthetic_00002,preprocessing,preprocessing,1,1,,11.908,46.0,7,1.75,0.25,0.25,0.00025,8,15,15,1.585556,openb-pod-0237
synthetic_00003,preprocessing,preprocessing,1,1,,4.0,29.8017578125,7,1.75,0.15,0.15,0.00015,59,75,15,1.733611,openb-pod-4428
synthetic_00004,preprocessing,preprocessing,1,1,,18.708,63.0,1,0.25,0.35,0.35,0.00035,41,52,15,0.158333,openb-pod-3038
synthetic_00005,fine_tuning,fine_tuning,1,1,T4,3.152,5.46875,1,0.25,0.07,0.07,7e-05,10,19,15,0.008056,openb-pod-7084
synthetic_00006,fine_tuning,fine_tuning,1,1,G2,18.708,63.0,2,0.5,0.35,0.35,0.00035,41,53,15,0.4675,openb-pod-3709
synthetic_00007,preprocessing,preprocessing,1,1,,8.0,29.8017578125,4,1.0,0.25,0.25,0.00025,9,19,15,0.804167,openb-pod-8014
synthetic_00008,preprocessing,preprocessing,1,1,,4.0,14.900390625,6,1.5,0.25,0.25,0.00025,25,35,15,1.274722,openb-pod-3921
synthetic_00009,preprocessing,preprocessing,1,1,,18.708,63.0,1,0.25,0.25,0.25,0.00025,77,92,15,0.205833,openb-pod-4806
synthetic_00010,preprocessing,preprocessing,1,1,,18.708,63.0,4,1.0,0.07,0.07,7e-05,17,33,15,0.873056,openb-pod-3778
synthetic_00011,fine_tuning,fine_tuning,1,1,T4,1.0,2.0,1,0.25,0.07,0.07,7e-05,33,47,15,0.086944,openb-pod-2471
synthetic_00012,fine_tuning,fine_tuning,1,1,T4,9.81,40.5859375,2,0.5,0.07,0.07,7e-05,11,22,15,0.315556,openb-pod-0591
synthetic_00013,preprocessing,preprocessing,1,1,,3.152,5.46875,1,0.25,0.15,0.15,0.00015,13,23,15,0.088056,openb-pod-4956
synthetic_00014,preprocessing,preprocessing,1,1,,11.908,46.0,4,1.0,0.35,0.35,0.00035,77,88,15,0.781944,openb-pod-3791
synthetic_00015,preprocessing,preprocessing,1,1,,9.81,40.5859375,1,0.25,0.15,0.15,0.00015,26,31,15,0.023611,openb-pod-7389
synthetic_00016,preprocessing,preprocessing,1,1,,3.152,5.46875,1,0.25,0.25,0.25,0.00025,61,68,15,0.208611,openb-pod-3714
synthetic_00017,preprocessing,preprocessing,1,1,,4.0,29.8017578125,1,0.25,0.25,0.25,0.00025,1,15,15,0.015833,openb-pod-1540
synthetic_00018,preprocessing,preprocessing,1,1,,11.4,47.0,1,0.25,0.35,0.35,0.00035,3,10,15,0.2175,openb-pod-2589
synthetic_00019,fine_tuning,fine_tuning,1,1,T4,3.152,5.46875,1,0.25,0.07,0.07,7e-05,76,82,15,0.083611,openb-pod-0192
synthetic_00020,preprocessing,preprocessing,1,1,,14.2,57.0,1,0.25,0.25,0.25,0.00025,91,95,15,0.013056,openb-pod-5217
synthetic_00021,fine_tuning,fine_tuning,1,1,T4,14.2,57.0,2,0.5,0.07,0.07,7e-05,74,86,15,0.451944,openb-pod-4854
synthetic_00022,fine_tuning,fine_tuning,1,1,G2,11.3,48.0,1,0.25,0.35,0.35,0.00035,47,56,15,0.021944,openb-pod-6644
synthetic_00023,preprocessing,preprocessing,1,1,,18.708,63.0,1,0.25,0.35,0.35,0.00035,22,33,15,0.024722,openb-pod-0164
synthetic_00024,fine_tuning,fine_tuning,1,1,T4,11.4,47.0,1,0.25,0.07,0.07,7e-05,78,85,15,0.013889,openb-pod-2331
synthetic_00025,fine_tuning,fine_tuning,1,1,T4,3.152,5.46875,2,0.5,0.07,0.07,7e-05,20,32,15,0.310833,openb-pod-3864
synthetic_00026,preprocessing,preprocessing,1,1,G2|P100|T4|V100M16|V100M32,4.0,14.900390625,2,0.5,0.25,0.25,0.00025,83,94,15,0.434444,openb-pod-4095
synthetic_00027,preprocessing,preprocessing,1,1,,24.2,91.0,3,0.75,0.25,0.25,0.00025,0,7,15,0.608889,openb-pod-6122
synthetic_00028,fine_tuning,fine_tuning,1,1,G3,11.908,46.0,1,0.25,0.35,0.35,0.00035,19,30,15,0.024444,openb-pod-7981
synthetic_00029,fine_tuning,fine_tuning,1,1,T4,11.908,46.0,1,0.25,0.07,0.07,7e-05,44,58,15,0.013333,openb-pod-2353
synthetic_00030,preprocessing,preprocessing,1,1,,11.908,46.0,1,0.25,0.25,0.25,0.00025,46,59,15,0.035,openb-pod-7286
synthetic_00031,fine_tuning,fine_tuning,1,1,T4,16.0,64.0,14,3.5,0.07,0.07,7e-05,11,19,15,3.323611,openb-pod-5074
synthetic_00032,preprocessing,preprocessing,1,1,,11.908,46.0,2,0.5,0.07,0.07,7e-05,79,86,15,0.283333,openb-pod-6471
synthetic_00033,preprocessing,preprocessing,1,1,,12.0,15.0,1,0.25,0.35,0.35,0.00035,58,63,15,0.216667,openb-pod-0550
synthetic_00034,fine_tuning,fine_tuning,1,1,T4,11.908,46.0,1,0.25,0.07,0.07,7e-05,89,95,15,0.0125,openb-pod-1156
synthetic_00035,preprocessing,preprocessing,1,1,,11.908,46.0,7,1.75,0.07,0.07,7e-05,75,81,15,1.5175,openb-pod-0483
synthetic_00036,preprocessing,preprocessing,1,1,,16.0,32.0,2,0.5,0.25,0.25,0.00025,47,53,15,0.320278,openb-pod-0034
synthetic_00037,preprocessing,preprocessing,1,1,,3.152,5.46875,1,0.25,0.15,0.15,0.00015,0,8,15,0.038056,openb-pod-1831
synthetic_00038,preprocessing,preprocessing,1,1,,4.0,29.8017578125,2,0.5,0.07,0.07,7e-05,11,17,15,0.293333,openb-pod-1999
synthetic_00039,fine_tuning,fine_tuning,1,1,G2,11.4,47.0,1,0.25,0.35,0.35,0.00035,6,16,15,0.024167,openb-pod-2895
synthetic_00040,preprocessing,preprocessing,1,1,,3.152,5.46875,1,0.25,0.15,0.15,0.00015,85,89,15,0.062222,openb-pod-3225
synthetic_00041,preprocessing,preprocessing,1,1,,3.152,5.46875,1,0.25,0.25,0.25,0.00025,57,69,15,0.002778,openb-pod-7539
synthetic_00042,preprocessing,preprocessing,1,1,,12.0,15.0,16,4.0,0.25,0.25,0.00025,0,11,15,3.818611,openb-pod-5718
synthetic_00043,preprocessing,preprocessing,1,1,,11.4,47.0,1,0.25,0.35,0.35,0.00035,68,77,15,0.193333,openb-pod-3962
synthetic_00044,preprocessing,preprocessing,1,1,,4.0,29.8017578125,5,1.25,0.07,0.07,7e-05,59,73,15,1.076944,openb-pod-6607
synthetic_00045,preprocessing,preprocessing,1,1,,11.908,46.0,15,3.75,0.35,0.35,0.00035,0,8,15,3.551667,openb-pod-5382
synthetic_00046,preprocessing,preprocessing,1,1,,3.152,5.46875,1,0.25,0.15,0.15,0.00015,31,41,15,0.053056,openb-pod-1112
synthetic_00047,preprocessing,preprocessing,1,1,,11.4,47.0,4,1.0,0.07,0.07,7e-05,56,69,15,0.751389,openb-pod-4354
synthetic_00048,fine_tuning,fine_tuning,1,1,T4,11.908,46.0,2,0.5,0.07,0.07,7e-05,24,32,15,0.295,openb-pod-5051
synthetic_00049,fine_tuning,fine_tuning,1,1,T4,11.4,47.0,1,0.25,0.07,0.07,7e-05,5,18,15,0.0375,openb-pod-2358
synthetic_00050,preprocessing,preprocessing,1,1,,15.2,79.0,5,1.25,0.25,0.25,0.00025,57,64,15,1.064722,openb-pod-4510
synthetic_00051,preprocessing,preprocessing,1,1,,11.4,47.0,2,0.5,0.25,0.25,0.00025,15,19,15,0.31,openb-pod-2465
synthetic_00052,training,training,1,1,V100M16|V100M32,11.4,47.0,2,0.5,0.25,0.25,0.00025,0,9,15,0.434722,openb-pod-4480
synthetic_00053,fine_tuning,fine_tuning,1,1,T4,11.3,48.0,3,0.75,0.07,0.07,7e-05,67,81,15,0.503611,openb-pod-6625
synthetic_00054,preprocessing,preprocessing,1,1,,3.152,5.46875,1,0.25,0.25,0.25,0.00025,5,17,15,0.069167,openb-pod-5665
synthetic_00055,preprocessing,preprocessing,1,1,,11.4,47.0,1,0.25,0.25,0.25,0.00025,68,74,15,0.02,openb-pod-2810
synthetic_00056,preprocessing,preprocessing,1,1,,11.3,48.0,1,0.25,0.25,0.25,0.00025,8,20,15,0.015556,openb-pod-5643
synthetic_00057,preprocessing,preprocessing,1,1,,11.4,47.0,1,0.25,0.15,0.15,0.00015,67,80,15,0.022778,openb-pod-4573
synthetic_00058,fine_tuning,fine_tuning,1,1,T4,11.908,46.0,2,0.5,0.07,0.07,7e-05,0,12,15,0.433611,openb-pod-2354
synthetic_00059,preprocessing,preprocessing,1,1,,3.152,5.46875,1,0.25,0.07,0.07,7e-05,55,66,15,0.016667,openb-pod-1679
synthetic_00060,fine_tuning,fine_tuning,1,1,T4,3.152,5.46875,1,0.25,0.07,0.07,7e-05,48,57,15,0.050556,openb-pod-7306
synthetic_00061,fine_tuning,fine_tuning,1,1,T4,11.4,47.0,2,0.5,0.07,0.07,7e-05,81,85,15,0.313611,openb-pod-3055
synthetic_00062,preprocessing,preprocessing,1,1,P100|V100M16|V100M32,11.4,47.0,3,0.75,0.25,0.25,0.00025,33,42,15,0.735556,openb-pod-3680
synthetic_00063,preprocessing,preprocessing,1,1,,11.908,46.0,2,0.5,0.07,0.07,7e-05,13,19,15,0.259444,openb-pod-6271
synthetic_00064,fine_tuning,fine_tuning,1,1,P100,3.152,5.46875,1,0.25,0.25,0.25,0.00025,9,15,15,0.023056,openb-pod-4056
synthetic_00065,preprocessing,preprocessing,1,1,,3.152,5.46875,1,0.25,0.35,0.35,0.00035,8,18,15,0.003333,openb-pod-7144
synthetic_00066,preprocessing,preprocessing,1,1,,11.3,48.0,1,0.25,0.25,0.25,0.00025,4,19,15,0.246667,openb-pod-6657
synthetic_00067,preprocessing,preprocessing,1,1,,3.152,5.46875,1,0.25,0.35,0.35,0.00035,44,55,15,0.026389,openb-pod-8073
synthetic_00068,fine_tuning,fine_tuning,1,1,G2,11.3,37.0,12,3.0,0.35,0.35,0.00035,9,22,15,2.875278,openb-pod-0435
synthetic_00069,preprocessing,preprocessing,1,1,,3.152,5.46875,1,0.25,0.35,0.35,0.00035,25,30,15,0.059444,openb-pod-1070
synthetic_00070,preprocessing,preprocessing,1,1,P100|T4|V100M16|V100M32,11.3,48.0,2,0.5,0.25,0.25,0.00025,36,48,15,0.436944,openb-pod-6291
synthetic_00071,preprocessing,preprocessing,1,1,,11.908,46.0,1,0.25,0.25,0.25,0.00025,78,83,15,0.020833,openb-pod-3716
synthetic_00072,preprocessing,preprocessing,1,1,,8.0,29.8017578125,1,0.25,0.25,0.25,0.00025,41,50,15,0.081667,openb-pod-2971
synthetic_00073,fine_tuning,fine_tuning,1,1,G3,16.0,32.0,2,0.5,0.35,0.35,0.00035,13,27,15,0.300556,openb-pod-1952
synthetic_00074,preprocessing,preprocessing,1,1,,11.3,48.0,1,0.25,0.07,0.07,7e-05,81,89,15,0.151667,openb-pod-5648
synthetic_00075,preprocessing,preprocessing,1,1,P100|T4|V100M16|V100M32,18.708,63.0,12,3.0,0.25,0.25,0.00025,71,78,15,2.7975,openb-pod-3660
synthetic_00076,preprocessing,preprocessing,1,1,,11.908,46.0,2,0.5,0.25,0.25,0.00025,24,40,15,0.3825,openb-pod-4345
synthetic_00077,preprocessing,preprocessing,1,1,P100|V100M16|V100M32,24.2,91.0,1,0.25,0.25,0.25,0.00025,31,41,15,0.175278,openb-pod-6120
synthetic_00078,preprocessing,preprocessing,1,1,,11.908,46.0,1,0.25,0.15,0.15,0.00015,0,11,15,0.136389,openb-pod-7224
synthetic_00079,fine_tuning,fine_tuning,1,1,T4,11.3,48.0,1,0.25,0.07,0.07,7e-05,38,46,15,0.021389,openb-pod-7576
synthetic_00080,preprocessing,preprocessing,1,1,,3.152,5.46875,1,0.25,0.15,0.15,0.00015,80,89,15,0.101389,openb-pod-7480
synthetic_00081,preprocessing,preprocessing,1,1,,3.152,5.46875,1,0.25,0.07,0.07,7e-05,1,10,15,0.076667,openb-pod-0338
synthetic_00082,preprocessing,preprocessing,1,1,,3.152,5.46875,1,0.25,0.15,0.15,0.00015,65,75,15,0.013889,openb-pod-2369
synthetic_00083,preprocessing,preprocessing,1,1,,24.2,91.0,1,0.25,0.25,0.25,0.00025,2,15,15,0.1675,openb-pod-5928
synthetic_00084,fine_tuning,fine_tuning,1,1,T4,3.152,5.46875,1,0.25,0.07,0.07,7e-05,18,26,15,0.047222,openb-pod-1341
synthetic_00085,preprocessing,preprocessing,1,1,,11.3,48.0,1,0.25,0.07,0.07,7e-05,41,49,15,0.085278,openb-pod-7715
synthetic_00086,preprocessing,preprocessing,1,1,,11.908,46.0,7,1.75,0.07,0.07,7e-05,46,57,15,1.5175,openb-pod-0483
synthetic_00087,preprocessing,preprocessing,1,1,,3.152,5.46875,1,0.25,0.25,0.25,0.00025,34,42,15,0.048056,openb-pod-0264
synthetic_00088,preprocessing,preprocessing,1,1,,3.152,5.46875,1,0.25,0.25,0.25,0.00025,41,57,15,0.0475,openb-pod-4862
synthetic_00089,preprocessing,preprocessing,1,1,,24.2,91.0,2,0.5,0.25,0.25,0.00025,39,49,15,0.401667,openb-pod-6586
synthetic_00090,fine_tuning,fine_tuning,1,1,G2,11.3,48.0,1,0.25,0.35,0.35,0.00035,36,45,15,0.074444,openb-pod-4726
synthetic_00091,preprocessing,preprocessing,1,1,,8.0,29.8017578125,1,0.25,0.35,0.35,0.00035,0,4,15,0.026389,openb-pod-7106
synthetic_00092,fine_tuning,fine_tuning,1,1,G2,11.3,48.0,1,0.25,0.35,0.35,0.00035,44,56,15,0.179722,openb-pod-5877
synthetic_00093,preprocessing,preprocessing,1,1,,14.2,57.0,1,0.25,0.25,0.25,0.00025,7,21,15,0.090278,openb-pod-5321
synthetic_00094,fine_tuning,fine_tuning,1,1,T4,9.81,40.5859375,3,0.75,0.07,0.07,7e-05,47,53,15,0.628056,openb-pod-5854
synthetic_00095,preprocessing,preprocessing,1,1,,8.0,29.8017578125,1,0.25,0.25,0.25,0.00025,21,30,15,0.026944,openb-pod-6009
synthetic_00096,preprocessing,preprocessing,1,1,,8.0,29.8017578125,1,0.25,0.15,0.15,0.00015,15,23,15,0.014167,openb-pod-4855
synthetic_00097,fine_tuning,fine_tuning,1,1,T4,8.0,29.8017578125,1,0.25,0.07,0.07,7e-05,29,40,15,0.027778,openb-pod-2758
synthetic_00098,preprocessing,preprocessing,1,1,,4.0,22.3515625,11,2.75,0.25,0.25,0.00025,13,21,15,2.565278,openb-pod-4434
synthetic_00099,fine_tuning,fine_tuning,1,1,T4,11.3,48.0,1,0.25,0.07,0.07,7e-05,66,72,15,0.213333,openb-pod-4704
synthetic_00100,fine_tuning,fine_tuning,1,1,T4,11.4,47.0,2,0.5,0.07,0.07,7e-05,75,86,15,0.354167,openb-pod-2583
synthetic_00101,fine_tuning,fine_tuning,1,1,T4,4.0,22.3515625,7,1.75,0.07,0.07,7e-05,27,41,15,1.738889,openb-pod-4522
synthetic_00102,preprocessing,preprocessing,1,1,,3.152,5.46875,1,0.25,0.25,0.25,0.00025,30,39,15,0.0425,openb-pod-7844
synthetic_00103,preprocessing,preprocessing,1,1,,3.152,5.46875,1,0.25,0.35,0.35,0.00035,4,15,15,0.061111,openb-pod-0093
synthetic_00104,preprocessing,preprocessing,1,1,,11.3,48.0,1,0.25,0.35,0.35,0.00035,71,80,15,0.248333,openb-pod-7747
synthetic_00105,preprocessing,preprocessing,1,1,,9.81,40.5859375,1,0.25,0.15,0.15,0.00015,90,95,15,0.056111,openb-pod-0120
synthetic_00106,preprocessing,preprocessing,1,1,,12.0,16.0,1,0.25,0.15,0.15,0.00015,39,49,15,0.233056,openb-pod-5582
synthetic_00107,preprocessing,preprocessing,1,1,,11.908,46.0,3,0.75,0.15,0.15,0.00015,12,22,15,0.660278,openb-pod-5661
synthetic_00108,fine_tuning,fine_tuning,1,1,G3,12.0,24.0,1,0.25,0.35,0.35,0.00035,27,40,15,0.013333,openb-pod-1968
synthetic_00109,preprocessing,preprocessing,1,1,,3.152,5.46875,1,0.25,0.15,0.15,0.00015,26,31,15,0.06,openb-pod-3295
synthetic_00110,preprocessing,preprocessing,1,1,,4.0,22.3515625,1,0.25,0.15,0.15,0.00015,52,58,15,0.073889,openb-pod-6125
synthetic_00111,preprocessing,preprocessing,1,1,,3.152,5.46875,1,0.25,0.25,0.25,0.00025,5,14,15,0.016944,openb-pod-6682
synthetic_00112,fine_tuning,fine_tuning,1,1,G2,8.2,33.0,5,1.25,0.35,0.35,0.00035,25,32,15,1.206111,openb-pod-5300
synthetic_00113,preprocessing,preprocessing,1,1,,11.3,48.0,1,0.25,0.35,0.35,0.00035,58,66,15,0.101111,openb-pod-7745
synthetic_00114,fine_tuning,fine_tuning,1,1,T4,4.0,29.8017578125,1,0.25,0.07,0.07,7e-05,14,22,15,0.031944,openb-pod-0214
synthetic_00115,fine_tuning,fine_tuning,1,1,T4,18.708,63.0,1,0.25,0.07,0.07,7e-05,20,28,15,0.134722,openb-pod-2291
synthetic_00116,preprocessing,preprocessing,1,1,,11.908,46.0,1,0.25,0.25,0.25,0.00025,21,35,15,0.136667,openb-pod-7319
synthetic_00117,preprocessing,preprocessing,1,1,,4.0,14.900390625,10,2.5,0.25,0.25,0.00025,48,60,15,2.262778,openb-pod-3618
synthetic_00118,fine_tuning,fine_tuning,1,1,G2,3.152,5.46875,1,0.25,0.35,0.35,0.00035,2,12,15,0.076111,openb-pod-1450
synthetic_00119,fine_tuning,fine_tuning,1,1,T4,3.152,5.46875,1,0.25,0.07,0.07,7e-05,0,11,15,0.005556,openb-pod-7428
synthetic_00120,fine_tuning,fine_tuning,1,1,G2,16.0,32.0,4,1.0,0.35,0.35,0.00035,72,87,15,0.953889,openb-pod-1078
synthetic_00121,preprocessing,preprocessing,1,1,,4.0,14.900390625,2,0.5,0.15,0.15,0.00015,61,68,15,0.272222,openb-pod-4693
synthetic_00122,preprocessing,preprocessing,1,1,,3.152,5.46875,1,0.25,0.07,0.07,7e-05,27,39,15,0.1175,openb-pod-8086
synthetic_00123,preprocessing,preprocessing,1,1,,11.3,48.0,1,0.25,0.25,0.25,0.00025,77,85,15,0.056944,openb-pod-7707
synthetic_00124,preprocessing,preprocessing,1,1,,15.2,79.0,1,0.25,0.25,0.25,0.00025,59,66,15,0.247222,openb-pod-3656
synthetic_00125,preprocessing,preprocessing,1,1,,11.4,47.0,8,2.0,0.25,0.25,0.00025,34,47,15,1.756944,openb-pod-0732
synthetic_00126,fine_tuning,fine_tuning,1,1,T4,3.152,5.46875,2,0.5,0.07,0.07,7e-05,76,89,15,0.269167,openb-pod-4749
synthetic_00127,preprocessing,preprocessing,1,1,,1.0,2.0,1,0.25,0.07,0.07,7e-05,18,28,15,0.101667,openb-pod-3909
synthetic_00128,fine_tuning,fine_tuning,1,1,T4,4.0,14.900390625,1,0.25,0.07,0.07,7e-05,17,31,15,0.193889,openb-pod-4515
synthetic_00129,preprocessing,preprocessing,1,1,,3.152,5.46875,2,0.5,0.25,0.25,0.00025,24,36,15,0.261389,openb-pod-4267
synthetic_00130,preprocessing,preprocessing,1,1,,12.0,32.0,2,0.5,0.25,0.25,0.00025,82,91,15,0.3325,openb-pod-2092
synthetic_00131,fine_tuning,fine_tuning,1,1,T4,11.4,47.0,15,3.75,0.07,0.07,7e-05,73,81,15,3.612222,openb-pod-3061
synthetic_00132,preprocessing,preprocessing,1,1,,11.4,47.0,1,0.25,0.25,0.25,0.00025,16,32,15,0.079444,openb-pod-3841
synthetic_00133,fine_tuning,fine_tuning,1,1,T4,11.4,47.0,2,0.5,0.07,0.07,7e-05,26,35,15,0.355278,openb-pod-2042
synthetic_00134,preprocessing,preprocessing,1,1,,15.7,57.0,1,0.25,0.25,0.25,0.00025,58,66,15,0.190556,openb-pod-2733
synthetic_00135,fine_tuning,fine_tuning,1,1,T4,8.2,33.0,2,0.5,0.07,0.07,7e-05,63,71,15,0.429167,openb-pod-6338
synthetic_00136,preprocessing,preprocessing,1,1,,11.3,48.0,1,0.25,0.25,0.25,0.00025,41,46,15,0.221667,openb-pod-5917
synthetic_00137,preprocessing,preprocessing,1,1,,6.0,6.0,2,0.5,0.15,0.15,0.00015,4,17,15,0.490556,openb-pod-6358
synthetic_00138,fine_tuning,fine_tuning,1,1,P100,11.908,46.0,1,0.25,0.25,0.25,0.00025,76,86,15,0.181111,openb-pod-7507
synthetic_00139,preprocessing,preprocessing,1,1,,11.4,76.0,1,0.25,0.25,0.25,0.00025,82,89,15,0.121667,openb-pod-8043
synthetic_00140,preprocessing,preprocessing,1,1,,11.4,47.0,1,0.25,0.35,0.35,0.00035,1,6,15,0.073333,openb-pod-4472
synthetic_00141,preprocessing,preprocessing,1,1,,11.4,47.0,3,0.75,0.15,0.15,0.00015,10,22,15,0.574444,openb-pod-0921
synthetic_00142,preprocessing,preprocessing,1,1,,16.0,32.0,4,1.0,0.35,0.35,0.00035,62,73,15,0.810278,openb-pod-2997
synthetic_00143,fine_tuning,fine_tuning,1,1,T4,14.2,57.0,10,2.5,0.07,0.07,7e-05,29,40,15,2.421944,openb-pod-6087
synthetic_00144,preprocessing,preprocessing,1,1,,9.81,40.5859375,3,0.75,0.25,0.25,0.00025,4,12,15,0.518889,openb-pod-4360
synthetic_00145,preprocessing,preprocessing,1,1,,11.908,46.0,1,0.25,0.35,0.35,0.00035,45,53,15,0.031389,openb-pod-7279
synthetic_00146,preprocessing,preprocessing,1,1,,12.0,16.0,1,0.25,0.07,0.07,7e-05,29,33,15,0.15,openb-pod-2749
synthetic_00147,preprocessing,preprocessing,1,1,,9.81,40.5859375,14,3.5,0.15,0.15,0.00015,44,51,15,3.291111,openb-pod-3824
synthetic_00148,fine_tuning,fine_tuning,1,1,T4,3.152,5.46875,1,0.25,0.07,0.07,7e-05,12,21,15,0.076111,openb-pod-5134
synthetic_00149,preprocessing,preprocessing,1,1,,3.152,5.46875,1,0.25,0.25,0.25,0.00025,80,93,15,0.041667,openb-pod-1725
synthetic_00150,preprocessing,preprocessing,1,1,,4.0,24.0,5,1.25,0.07,0.07,7e-05,47,57,15,1.155833,openb-pod-5658
synthetic_00151,fine_tuning,fine_tuning,1,1,T4,3.152,5.46875,2,0.5,0.07,0.07,7e-05,0,9,15,0.310833,openb-pod-3864
synthetic_00152,preprocessing,preprocessing,1,1,,11.908,46.0,4,1.0,0.35,0.35,0.00035,79,91,15,0.796944,openb-pod-7996
synthetic_00153,fine_tuning,fine_tuning,1,1,T4,3.152,5.46875,1,0.25,0.07,0.07,7e-05,79,94,15,0.060556,openb-pod-0799
synthetic_00154,preprocessing,preprocessing,1,1,,4.152,10.3515625,1,0.25,0.25,0.25,0.00025,84,89,15,0.0075,openb-pod-0883
synthetic_00155,preprocessing,preprocessing,1,1,,18.708,63.0,1,0.25,0.25,0.25,0.00025,58,68,15,0.1475,openb-pod-4816
synthetic_00156,preprocessing,preprocessing,1,1,,11.3,48.0,2,0.5,0.07,0.07,7e-05,82,94,15,0.477778,openb-pod-6905
synthetic_00157,preprocessing,preprocessing,1,1,,11.3,48.0,1,0.25,0.35,0.35,0.00035,45,51,15,0.115556,openb-pod-7952
synthetic_00158,preprocessing,preprocessing,1,1,,4.0,22.3515625,11,2.75,0.25,0.25,0.00025,20,30,15,2.673611,openb-pod-2718
synthetic_00159,preprocessing,preprocessing,1,1,,11.4,47.0,1,0.25,0.15,0.15,0.00015,51,65,15,0.014444,openb-pod-2628
synthetic_00160,preprocessing,preprocessing,1,1,,3.152,5.46875,1,0.25,0.07,0.07,7e-05,75,86,15,0.068333,openb-pod-1060
synthetic_00161,preprocessing,preprocessing,1,1,,3.152,5.46875,1,0.25,0.07,0.07,7e-05,49,58,15,0.054722,openb-pod-0803
synthetic_00162,preprocessing,preprocessing,1,1,,12.0,24.0,4,1.0,0.35,0.35,0.00035,48,57,15,0.800278,openb-pod-7862
synthetic_00163,fine_tuning,fine_tuning,1,1,T4,9.81,40.5859375,2,0.5,0.07,0.07,7e-05,70,78,15,0.269444,openb-pod-3898
synthetic_00164,preprocessing,preprocessing,1,1,,3.152,5.46875,1,0.25,0.25,0.25,0.00025,78,86,15,0.055,openb-pod-2206
synthetic_00165,fine_tuning,fine_tuning,1,1,T4,11.3,48.0,1,0.25,0.07,0.07,7e-05,28,36,15,0.194722,openb-pod-6280
synthetic_00166,preprocessing,preprocessing,1,1,,3.152,5.46875,2,0.5,0.35,0.35,0.00035,56,67,15,0.260278,openb-pod-5451
synthetic_00167,fine_tuning,fine_tuning,1,1,T4,11.3,48.0,2,0.5,0.07,0.07,7e-05,32,36,15,0.319722,openb-pod-6963
synthetic_00168,preprocessing,preprocessing,1,1,,8.0,29.8017578125,1,0.25,0.25,0.25,0.00025,15,25,15,0.0475,openb-pod-1873
synthetic_00169,training,training,1,1,V100M16|V100M32,4.0,24.0,5,1.25,0.25,0.25,0.00025,57,72,15,1.118611,openb-pod-7070
synthetic_00170,fine_tuning,fine_tuning,1,1,T4,11.908,46.0,1,0.25,0.07,0.07,7e-05,54,65,15,0.074167,openb-pod-8047
synthetic_00171,fine_tuning,fine_tuning,1,1,G2,4.0,24.0,1,0.25,0.35,0.35,0.00035,64,70,15,0.153611,openb-pod-7040
synthetic_00172,preprocessing,preprocessing,1,1,,12.0,16.0,1,0.25,0.25,0.25,0.00025,0,6,15,0.15,openb-pod-4075
synthetic_00173,training,training,1,1,V100M16|V100M32,18.708,63.0,1,0.25,0.25,0.25,0.00025,74,88,15,0.014167,openb-pod-1323
synthetic_00174,preprocessing,preprocessing,1,1,,12.0,24.0,5,1.25,0.15,0.15,0.00015,78,91,15,1.049167,openb-pod-6750
synthetic_00175,preprocessing,preprocessing,1,1,,8.0,29.8017578125,1,0.25,0.07,0.07,7e-05,25,32,15,0.026944,openb-pod-6009
synthetic_00176,preprocessing,preprocessing,1,1,,8.0,29.8017578125,1,0.25,0.35,0.35,0.00035,12,24,15,0.079167,openb-pod-6239
synthetic_00177,fine_tuning,fine_tuning,1,1,G2,11.3,48.0,1,0.25,0.35,0.35,0.00035,0,5,15,0.016944,openb-pod-7746
synthetic_00178,training,training,1,1,V100M16|V100M32,11.4,47.0,2,0.5,0.25,0.25,0.00025,13,22,15,0.425556,openb-pod-4258
synthetic_00179,fine_tuning,fine_tuning,1,1,P100,11.908,46.0,1,0.25,0.25,0.25,0.00025,22,31,15,0.081944,openb-pod-2846
synthetic_00180,preprocessing,preprocessing,1,1,,12.0,24.0,1,0.25,0.25,0.25,0.00025,50,60,15,0.014444,openb-pod-3590
synthetic_00181,preprocessing,preprocessing,1,1,,8.0,29.8017578125,1,0.25,0.15,0.15,0.00015,87,93,15,0.1175,openb-pod-1662
synthetic_00182,training,training,1,1,V100M16|V100M32,15.7,57.0,3,0.75,0.25,0.25,0.00025,5,10,15,0.633333,openb-pod-1310
synthetic_00183,preprocessing,preprocessing,1,1,,15.7,57.0,1,0.25,0.25,0.25,0.00025,50,60,15,0.013056,openb-pod-2912
synthetic_00184,preprocessing,preprocessing,1,1,,3.152,5.46875,1,0.25,0.35,0.35,0.00035,3,12,15,0.0375,openb-pod-1354
synthetic_00185,fine_tuning,fine_tuning,1,1,G3,11.3,48.0,2,0.5,0.35,0.35,0.00035,41,52,15,0.259444,openb-pod-4738
synthetic_00186,preprocessing,preprocessing,1,1,,4.0,14.900390625,1,0.25,0.35,0.35,0.00035,55,63,15,0.0925,openb-pod-0817
synthetic_00187,preprocessing,preprocessing,1,1,,11.4,47.0,1,0.25,0.25,0.25,0.00025,32,36,15,0.023889,openb-pod-3527
synthetic_00188,preprocessing,preprocessing,1,1,,4.152,10.3515625,1,0.25,0.35,0.35,0.00035,77,85,15,0.007778,openb-pod-2372
synthetic_00189,preprocessing,preprocessing,1,1,,11.4,47.0,4,1.0,0.07,0.07,7e-05,80,86,15,0.959444,openb-pod-4207
synthetic_00190,preprocessing,preprocessing,1,1,,4.0,29.8017578125,5,1.25,0.25,0.25,0.00025,53,61,15,1.075833,openb-pod-2598
synthetic_00191,fine_tuning,fine_tuning,1,1,T4,11.4,76.0,3,0.75,0.07,0.07,7e-05,0,9,15,0.660833,openb-pod-7970
synthetic_00192,preprocessing,preprocessing,1,1,,15.2,79.0,1,0.25,0.35,0.35,0.00035,7,16,15,0.053333,openb-pod-5690
synthetic_00193,preprocessing,preprocessing,1,1,,18.708,63.0,1,0.25,0.35,0.35,0.00035,29,38,15,0.22,openb-pod-0952
synthetic_00194,preprocessing,preprocessing,1,1,,3.152,5.46875,1,0.25,0.07,0.07,7e-05,61,72,15,0.003889,openb-pod-7072
synthetic_00195,preprocessing,preprocessing,1,1,,3.152,5.46875,1,0.25,0.35,0.35,0.00035,82,88,15,0.086389,openb-pod-0042
synthetic_00196,fine_tuning,fine_tuning,1,1,G2,4.0,30.517578125,2,0.5,0.35,0.35,0.00035,33,44,15,0.264167,openb-pod-6930
synthetic_00197,fine_tuning,fine_tuning,1,1,P100,4.0,22.3515625,11,2.75,0.25,0.25,0.00025,30,43,15,2.516389,openb-pod-2076
synthetic_00198,preprocessing,preprocessing,1,1,,18.708,63.0,1,0.25,0.25,0.25,0.00025,3,15,15,0.176111,openb-pod-4365
synthetic_00199,fine_tuning,fine_tuning,1,1,T4,3.152,5.46875,1,0.25,0.07,0.07,7e-05,29,39,15,0.042222,openb-pod-0630
synthetic_00200,preprocessing,preprocessing,1,1,,16.0,32.0,5,1.25,0.25,0.25,0.00025,84,91,15,1.018056,openb-pod-0806
synthetic_00201,preprocessing,preprocessing,1,1,,12.0,24.0,6,1.5,0.35,0.35,0.00035,75,81,15,1.466944,openb-pod-2300
synthetic_00202,fine_tuning,fine_tuning,1,1,T4,4.0,14.900390625,7,1.75,0.07,0.07,7e-05,70,81,15,1.525,openb-pod-3912
synthetic_00203,preprocessing,preprocessing,1,1,,3.152,5.46875,1,0.25,0.35,0.35,0.00035,84,95,15,0.043056,openb-pod-6051
synthetic_00204,preprocessing,preprocessing,1,1,,3.152,5.46875,1,0.25,0.15,0.15,0.00015,29,41,15,0.045556,openb-pod-7827
synthetic_00205,preprocessing,preprocessing,1,1,,3.152,5.46875,1,0.25,0.35,0.35,0.00035,24,34,15,0.053889,openb-pod-3119
synthetic_00206,fine_tuning,fine_tuning,1,1,T4,16.0,32.0,2,0.5,0.07,0.07,7e-05,53,61,15,0.414167,openb-pod-0872
synthetic_00207,preprocessing,preprocessing,1,1,,3.152,5.46875,1,0.25,0.25,0.25,0.00025,21,29,15,0.030556,openb-pod-5129
synthetic_00208,preprocessing,preprocessing,1,1,,3.152,5.46875,1,0.25,0.25,0.25,0.00025,16,20,15,0.048056,openb-pod-0225
synthetic_00209,preprocessing,preprocessing,1,1,,3.152,5.46875,1,0.25,0.35,0.35,0.00035,36,46,15,0.1425,openb-pod-1282
synthetic_00210,preprocessing,preprocessing,1,1,,11.4,47.0,1,0.25,0.25,0.25,0.00025,42,54,15,0.247222,openb-pod-3206
synthetic_00211,preprocessing,preprocessing,1,1,,11.908,46.0,2,0.5,0.25,0.25,0.00025,74,83,15,0.384444,openb-pod-3186
synthetic_00212,fine_tuning,fine_tuning,1,1,G2,15.7,57.0,3,0.75,0.35,0.35,0.00035,79,90,15,0.589167,openb-pod-1324
synthetic_00213,fine_tuning,fine_tuning,1,1,T4,3.152,5.46875,1,0.25,0.07,0.07,7e-05,17,32,15,0.039167,openb-pod-1585
synthetic_00214,preprocessing,preprocessing,1,1,,3.152,5.46875,2,0.5,0.25,0.25,0.00025,30,39,15,0.259167,openb-pod-6815
synthetic_00215,preprocessing,preprocessing,1,1,,11.908,46.0,1,0.25,0.25,0.25,0.00025,21,28,15,0.1925,openb-pod-7326
synthetic_00216,preprocessing,preprocessing,1,1,,3.152,5.46875,1,0.25,0.35,0.35,0.00035,57,63,15,0.035833,openb-pod-0156
synthetic_00217,preprocessing,preprocessing,1,1,,11.3,48.0,1,0.25,0.35,0.35,0.00035,67,73,15,0.075,openb-pod-5452
synthetic_00218,preprocessing,preprocessing,1,1,,3.152,5.46875,1,0.25,0.25,0.25,0.00025,3,12,15,0.058889,openb-pod-0346
synthetic_00219,preprocessing,preprocessing,1,1,,3.152,5.46875,1,0.25,0.07,0.07,7e-05,46,62,15,0.022778,openb-pod-6649
synthetic_00220,fine_tuning,fine_tuning,1,1,T4,11.3,48.0,1,0.25,0.07,0.07,7e-05,65,75,15,0.025278,openb-pod-5352
synthetic_00221,preprocessing,preprocessing,1,1,,11.4,47.0,3,0.75,0.07,0.07,7e-05,75,81,15,0.655,openb-pod-3681
synthetic_00222,fine_tuning,fine_tuning,1,1,P100,3.152,5.46875,2,0.5,0.25,0.25,0.00025,76,81,15,0.472778,openb-pod-0989
synthetic_00223,preprocessing,preprocessing,1,1,,3.152,5.46875,1,0.25,0.25,0.25,0.00025,58,66,15,0.057778,openb-pod-1943
synthetic_00224,preprocessing,preprocessing,1,1,,3.152,5.46875,1,0.25,0.25,0.25,0.00025,4,13,15,0.068889,openb-pod-0710
synthetic_00225,preprocessing,preprocessing,1,1,,3.152,5.46875,1,0.25,0.35,0.35,0.00035,35,42,15,0.041111,openb-pod-0612
synthetic_00226,training,training,1,1,V100M16|V100M32,9.81,40.5859375,3,0.75,0.25,0.25,0.00025,37,46,15,0.611389,openb-pod-5855
synthetic_00227,preprocessing,preprocessing,1,1,,3.152,5.46875,1,0.25,0.25,0.25,0.00025,63,75,15,0.069722,openb-pod-2298
synthetic_00228,fine_tuning,fine_tuning,1,1,P100,3.152,5.46875,1,0.25,0.25,0.25,0.00025,37,50,15,0.018889,openb-pod-1162
synthetic_00229,preprocessing,preprocessing,1,1,,3.152,5.46875,1,0.25,0.07,0.07,7e-05,81,94,15,0.048333,openb-pod-5150
synthetic_00230,fine_tuning,fine_tuning,1,1,T4,8.0,16.0,2,0.5,0.07,0.07,7e-05,75,83,15,0.416944,openb-pod-6592
synthetic_00231,preprocessing,preprocessing,1,1,,8.0,29.8017578125,1,0.25,0.25,0.25,0.00025,76,89,15,0.150556,openb-pod-0408
synthetic_00232,preprocessing,preprocessing,1,1,,18.708,63.0,1,0.25,0.25,0.25,0.00025,0,11,15,0.116389,openb-pod-0719
synthetic_00233,preprocessing,preprocessing,1,1,,3.152,5.46875,1,0.25,0.35,0.35,0.00035,19,28,15,0.076111,openb-pod-8077
synthetic_00234,preprocessing,preprocessing,1,1,,4.0,14.900390625,2,0.5,0.25,0.25,0.00025,68,78,15,0.331111,openb-pod-4047
synthetic_00235,preprocessing,preprocessing,1,1,P100|T4|V100M16|V100M32,11.4,47.0,2,0.5,0.25,0.25,0.00025,53,65,15,0.34,openb-pod-2782
synthetic_00236,preprocessing,preprocessing,1,1,,16.0,32.0,2,0.5,0.25,0.25,0.00025,59,69,15,0.391944,openb-pod-6459
synthetic_00237,preprocessing,preprocessing,1,1,,11.3,48.0,5,1.25,0.07,0.07,7e-05,6,13,15,1.044444,openb-pod-5428
synthetic_00238,preprocessing,preprocessing,1,1,,6.0,12.0,2,0.5,0.07,0.07,7e-05,89,94,15,0.283611,openb-pod-1092
synthetic_00239,fine_tuning,fine_tuning,1,1,G3,11.4,47.0,3,0.75,0.35,0.35,0.00035,69,79,15,0.7225,openb-pod-3629
synthetic_00240,preprocessing,preprocessing,1,1,P100|V100M16|V100M32,4.0,24.0,1,0.25,0.25,0.25,0.00025,20,25,15,0.13,openb-pod-7777
synthetic_00241,preprocessing,preprocessing,1,1,,11.908,46.0,2,0.5,0.07,0.07,7e-05,80,90,15,0.351667,openb-pod-4304
synthetic_00242,preprocessing,preprocessing,1,1,,9.81,40.5859375,1,0.25,0.15,0.15,0.00015,51,62,15,0.020278,openb-pod-3833
synthetic_00243,preprocessing,preprocessing,1,1,,8.0,29.8017578125,1,0.25,0.35,0.35,0.00035,12,20,15,0.093333,openb-pod-4182
synthetic_00244,training,training,1,1,V100M16|V100M32,15.7,57.0,2,0.5,0.25,0.25,0.00025,53,61,15,0.368333,openb-pod-2703
synthetic_00245,preprocessing,preprocessing,1,1,,1.0,2.0,1,0.25,0.15,0.15,0.00015,55,65,15,0.067778,openb-pod-5438
synthetic_00246,fine_tuning,fine_tuning,1,1,G3,9.81,40.5859375,1,0.25,0.35,0.35,0.00035,18,28,15,0.023889,openb-pod-4208
synthetic_00247,fine_tuning,fine_tuning,1,1,G3,3.152,5.46875,1,0.25,0.35,0.35,0.00035,43,49,15,0.075556,openb-pod-1286
synthetic_00248,preprocessing,preprocessing,1,1,,15.7,57.0,6,1.5,0.25,0.25,0.00025,56,67,15,1.313056,openb-pod-0712
synthetic_00249,fine_tuning,fine_tuning,1,1,T4,9.81,40.5859375,1,0.25,0.07,0.07,7e-05,31,42,15,0.102222,openb-pod-6478
synthetic_00250,training,training,1,1,V100M16|V100M32,11.3,48.0,1,0.25,0.25,0.25,0.00025,82,93,15,0.0675,openb-pod-7711
synthetic_00251,preprocessing,preprocessing,1,1,,11.4,47.0,1,0.25,0.15,0.15,0.00015,44,59,15,0.144167,openb-pod-3076
synthetic_00252,preprocessing,preprocessing,1,1,,3.152,5.46875,1,0.25,0.15,0.15,0.00015,40,49,15,0.080556,openb-pod-7120
synthetic_00253,fine_tuning,fine_tuning,1,1,T4,9.81,40.5859375,1,0.25,0.07,0.07,7e-05,68,80,15,0.102222,openb-pod-6478
synthetic_00254,preprocessing,preprocessing,1,1,,9.81,40.5859375,1,0.25,0.25,0.25,0.00025,59,64,15,0.056111,openb-pod-0120
synthetic_00255,preprocessing,preprocessing,1,1,,11.3,48.0,1,0.25,0.07,0.07,7e-05,86,93,15,0.101389,openb-pod-7810
synthetic_00256,preprocessing,preprocessing,1,1,,4.152,10.3515625,1,0.25,0.07,0.07,7e-05,45,53,15,0.014722,openb-pod-2161
synthetic_00257,preprocessing,preprocessing,1,1,,3.152,5.46875,1,0.25,0.25,0.25,0.00025,68,79,15,0.040556,openb-pod-1567
synthetic_00258,preprocessing,preprocessing,1,1,,3.152,5.46875,1,0.25,0.15,0.15,0.00015,80,94,15,0.206944,openb-pod-4241
synthetic_00259,preprocessing,preprocessing,1,1,,3.152,5.46875,1,0.25,0.25,0.25,0.00025,22,37,15,0.026667,openb-pod-7062
synthetic_00260,preprocessing,preprocessing,1,1,,11.908,46.0,1,0.25,0.25,0.25,0.00025,12,20,15,0.245556,openb-pod-3456
synthetic_00261,fine_tuning,fine_tuning,1,1,T4,4.0,22.3515625,6,1.5,0.07,0.07,7e-05,82,90,15,1.251389,openb-pod-7149
synthetic_00262,preprocessing,preprocessing,1,1,,11.4,47.0,4,1.0,0.35,0.35,0.00035,67,81,15,0.996389,openb-pod-2388
synthetic_00263,preprocessing,preprocessing,1,1,,16.0,32.0,8,2.0,0.25,0.25,0.00025,21,36,15,1.893056,openb-pod-0375
synthetic_00264,preprocessing,preprocessing,1,1,,8.0,29.8017578125,2,0.5,0.07,0.07,7e-05,67,76,15,0.326944,openb-pod-6835
synthetic_00265,fine_tuning,fine_tuning,1,1,T4,4.152,10.3515625,1,0.25,0.07,0.07,7e-05,33,43,15,0.008333,openb-pod-1974
synthetic_00266,preprocessing,preprocessing,1,1,,3.152,5.46875,2,0.5,0.25,0.25,0.00025,69,76,15,0.258333,openb-pod-3459
synthetic_00267,preprocessing,preprocessing,1,1,,8.0,16.0,6,1.5,0.25,0.25,0.00025,44,51,15,1.498889,openb-pod-0670
synthetic_00268,preprocessing,preprocessing,1,1,,4.0,14.900390625,5,1.25,0.07,0.07,7e-05,48,55,15,1.047778,openb-pod-0358
synthetic_00269,preprocessing,preprocessing,1,1,,3.152,5.46875,1,0.25,0.35,0.35,0.00035,81,94,15,0.050278,openb-pod-0665
synthetic_00270,preprocessing,preprocessing,1,1,,4.0,22.3515625,12,3.0,0.25,0.25,0.00025,18,29,15,2.841111,openb-pod-1649
synthetic_00271,preprocessing,preprocessing,1,1,,3.152,5.46875,1,0.25,0.25,0.25,0.00025,60,74,15,0.055833,openb-pod-3159
synthetic_00272,preprocessing,preprocessing,1,1,,4.0,22.3515625,11,2.75,0.07,0.07,7e-05,27,37,15,2.565278,openb-pod-4434
synthetic_00273,preprocessing,preprocessing,1,1,,4.0,22.3515625,13,3.25,0.35,0.35,0.00035,41,52,15,3.087778,openb-pod-6868
synthetic_00274,fine_tuning,fine_tuning,1,1,G2,11.4,47.0,2,0.5,0.35,0.35,0.00035,36,46,15,0.377222,openb-pod-2962
synthetic_00275,preprocessing,preprocessing,1,1,,8.0,29.8017578125,1,0.25,0.25,0.25,0.00025,27,34,15,0.153333,openb-pod-6012
synthetic_00276,fine_tuning,fine_tuning,1,1,T4,3.152,5.46875,16,4.0,0.07,0.07,7e-05,25,36,15,3.836389,openb-pod-5293
synthetic_00277,preprocessing,preprocessing,1,1,,3.152,5.46875,1,0.25,0.35,0.35,0.00035,42,51,15,0.009167,openb-pod-0969
synthetic_00278,preprocessing,preprocessing,1,1,,3.152,5.46875,1,0.25,0.25,0.25,0.00025,0,6,15,0.107778,openb-pod-6696
synthetic_00279,fine_tuning,fine_tuning,1,1,T4,11.4,76.0,2,0.5,0.07,0.07,7e-05,49,61,15,0.361111,openb-pod-8022
synthetic_00280,preprocessing,preprocessing,1,1,,11.908,46.0,3,0.75,0.35,0.35,0.00035,27,39,15,0.628333,openb-pod-7095
synthetic_00281,fine_tuning,fine_tuning,1,1,T4,11.908,46.0,1,0.25,0.07,0.07,7e-05,0,3,15,0.012222,openb-pod-3387
synthetic_00282,preprocessing,preprocessing,1,1,,11.3,48.0,2,0.5,0.15,0.15,0.00015,11,24,15,0.276389,openb-pod-6210
synthetic_00283,fine_tuning,fine_tuning,1,1,P100,3.152,5.46875,2,0.5,0.25,0.25,0.00025,34,47,15,0.258333,openb-pod-3417
synthetic_00284,preprocessing,preprocessing,1,1,,3.152,5.46875,1,0.25,0.25,0.25,0.00025,37,47,15,0.063611,openb-pod-1915
synthetic_00285,fine_tuning,fine_tuning,1,1,T4,11.3,48.0,1,0.25,0.07,0.07,7e-05,92,95,15,0.017778,openb-pod-7665
synthetic_00286,preprocessing,preprocessing,1,1,,3.152,5.46875,1,0.25,0.35,0.35,0.00035,63,75,15,0.04,openb-pod-7333
synthetic_00287,preprocessing,preprocessing,1,1,,3.152,5.46875,1,0.25,0.25,0.25,0.00025,23,35,15,0.181389,openb-pod-0718
synthetic_00288,preprocessing,preprocessing,1,1,,8.0,16.0,2,0.5,0.35,0.35,0.00035,56,69,15,0.329167,openb-pod-4598
synthetic_00289,fine_tuning,fine_tuning,1,1,T4,3.152,5.46875,1,0.25,0.07,0.07,7e-05,37,50,15,0.048889,openb-pod-1848
synthetic_00290,preprocessing,preprocessing,1,1,,3.152,5.46875,2,0.5,0.15,0.15,0.00015,5,18,15,0.260556,openb-pod-4286
synthetic_00291,fine_tuning,fine_tuning,1,1,T4,11.4,47.0,7,1.75,0.07,0.07,7e-05,31,40,15,1.743056,openb-pod-0629
synthetic_00292,preprocessing,preprocessing,1,1,,11.4,47.0,5,1.25,0.25,0.25,0.00025,24,37,15,1.094722,openb-pod-4265
synthetic_00293,preprocessing,preprocessing,1,1,,11.3,48.0,1,0.25,0.35,0.35,0.00035,64,77,15,0.017778,openb-pod-7713
synthetic_00294,fine_tuning,fine_tuning,1,1,T4,11.3,48.0,1,0.25,0.07,0.07,7e-05,8,16,15,0.036389,openb-pod-5609
synthetic_00295,preprocessing,preprocessing,1,1,,14.2,57.0,1,0.25,0.25,0.25,0.00025,62,72,15,0.176389,openb-pod-5232
synthetic_00296,preprocessing,preprocessing,1,1,,8.0,29.8017578125,1,0.25,0.35,0.35,0.00035,0,7,15,0.066944,openb-pod-4311
synthetic_00297,preprocessing,preprocessing,1,1,,3.152,5.46875,1,0.25,0.25,0.25,0.00025,0,9,15,0.056944,openb-pod-0991
synthetic_00298,fine_tuning,fine_tuning,1,1,T4,11.3,48.0,1,0.25,0.07,0.07,7e-05,78,93,15,0.226667,openb-pod-4706
synthetic_00299,preprocessing,preprocessing,1,1,,3.152,5.46875,1,0.25,0.15,0.15,0.00015,72,80,15,0.066667,openb-pod-2318
synthetic_00300,preprocessing,preprocessing,1,1,,3.152,5.46875,2,0.5,0.25,0.25,0.00025,72,83,15,0.260556,openb-pod-4286
synthetic_00301,fine_tuning,fine_tuning,1,1,T4,8.0,16.0,4,1.0,0.07,0.07,7e-05,84,92,15,0.758056,openb-pod-5925
synthetic_00302,preprocessing,preprocessing,1,1,,16.4,123.0,1,0.25,0.07,0.07,7e-05,15,29,15,0.080833,openb-pod-7291
synthetic_00303,fine_tuning,fine_tuning,1,1,T4,11.3,48.0,1,0.25,0.07,0.07,7e-05,52,63,15,0.152222,openb-pod-5621
synthetic_00304,fine_tuning,fine_tuning,1,1,T4,11.4,47.0,2,0.5,0.07,0.07,7e-05,76,84,15,0.355278,openb-pod-2042
synthetic_00305,preprocessing,preprocessing,1,1,,11.4,47.0,1,0.25,0.15,0.15,0.00015,40,55,15,0.247222,openb-pod-3206
synthetic_00306,preprocessing,preprocessing,1,1,,11.908,46.0,1,0.25,0.25,0.25,0.00025,37,45,15,0.015,openb-pod-1208
synthetic_00307,preprocessing,preprocessing,1,1,,11.4,47.0,1,0.25,0.25,0.25,0.00025,0,7,15,0.207222,openb-pod-1391
synthetic_00308,fine_tuning,fine_tuning,1,1,T4,1.0,2.0,1,0.25,0.07,0.07,7e-05,10,18,15,0.086944,openb-pod-2471
synthetic_00309,fine_tuning,fine_tuning,1,1,P100,6.0,12.0,1,0.25,0.25,0.25,0.00025,26,38,15,0.149722,openb-pod-6003
synthetic_00310,preprocessing,preprocessing,1,1,,8.0,29.8017578125,1,0.25,0.15,0.15,0.00015,23,32,15,0.039722,openb-pod-6007
synthetic_00311,fine_tuning,fine_tuning,1,1,T4,11.4,47.0,2,0.5,0.07,0.07,7e-05,19,27,15,0.411944,openb-pod-3463
synthetic_00312,preprocessing,preprocessing,1,1,,11.3,48.0,1,0.25,0.35,0.35,0.00035,40,51,15,0.068056,openb-pod-7704
synthetic_00313,preprocessing,preprocessing,1,1,,11.908,46.0,4,1.0,0.35,0.35,0.00035,6,14,15,0.932222,openb-pod-4090
synthetic_00314,preprocessing,preprocessing,1,1,,4.152,10.3515625,1,0.25,0.35,0.35,0.00035,13,25,15,0.019722,openb-pod-2237
synthetic_00315,preprocessing,preprocessing,1,1,,11.4,76.0,2,0.5,0.25,0.25,0.00025,91,94,15,0.2525,openb-pod-6669
synthetic_00316,preprocessing,preprocessing,1,1,,11.3,48.0,2,0.5,0.15,0.15,0.00015,76,88,15,0.379167,openb-pod-5914
synthetic_00317,preprocessing,preprocessing,1,1,,4.0,22.3515625,2,0.5,0.35,0.35,0.00035,26,40,15,0.370556,openb-pod-6582
synthetic_00318,preprocessing,preprocessing,1,1,,3.152,5.46875,1,0.25,0.25,0.25,0.00025,16,28,15,0.056111,openb-pod-3305
synthetic_00319,preprocessing,preprocessing,1,1,,3.152,5.46875,2,0.5,0.07,0.07,7e-05,56,60,15,0.261389,openb-pod-4267
synthetic_00320,preprocessing,preprocessing,1,1,,11.3,48.0,1,0.25,0.15,0.15,0.00015,0,4,15,0.124722,openb-pod-7721
synthetic_00321,preprocessing,preprocessing,1,1,,11.3,48.0,1,0.25,0.25,0.25,0.00025,63,71,15,0.089444,openb-pod-4866
synthetic_00322,preprocessing,preprocessing,1,1,,9.81,40.5859375,2,0.5,0.25,0.25,0.00025,11,21,15,0.432778,openb-pod-0524
synthetic_00323,preprocessing,preprocessing,1,1,,4.0,22.3515625,1,0.25,0.35,0.35,0.00035,76,86,15,0.170556,openb-pod-7979
synthetic_00324,preprocessing,preprocessing,1,1,,8.0,29.8017578125,3,0.75,0.25,0.25,0.00025,54,62,15,0.548333,openb-pod-2336
synthetic_00325,preprocessing,preprocessing,1,1,,11.4,47.0,1,0.25,0.07,0.07,7e-05,10,20,15,0.185278,openb-pod-3176
synthetic_00326,preprocessing,preprocessing,1,1,,14.2,57.0,1,0.25,0.35,0.35,0.00035,54,60,15,0.218611,openb-pod-5296
synthetic_00327,preprocessing,preprocessing,1,1,,3.152,5.46875,1,0.25,0.35,0.35,0.00035,77,92,15,0.1,openb-pod-5434
synthetic_00328,fine_tuning,fine_tuning,1,1,G3,3.152,5.46875,1,0.25,0.35,0.35,0.00035,8,19,15,0.058611,openb-pod-1311
synthetic_00329,preprocessing,preprocessing,1,1,,11.908,46.0,1,0.25,0.35,0.35,0.00035,60,70,15,0.015278,openb-pod-7060
synthetic_00330,fine_tuning,fine_tuning,1,1,G2,11.3,48.0,3,0.75,0.35,0.35,0.00035,44,60,15,0.57,openb-pod-5157
synthetic_00331,fine_tuning,fine_tuning,1,1,T4,11.3,48.0,1,0.25,0.07,0.07,7e-05,19,27,15,0.165833,openb-pod-7605
synthetic_00332,preprocessing,preprocessing,1,1,,8.2,33.0,2,0.5,0.35,0.35,0.00035,11,24,15,0.3525,openb-pod-5020
synthetic_00333,fine_tuning,fine_tuning,1,1,T4,11.4,47.0,7,1.75,0.07,0.07,7e-05,17,32,15,1.522778,openb-pod-4169
synthetic_00334,preprocessing,preprocessing,1,1,,3.152,5.46875,1,0.25,0.25,0.25,0.00025,65,75,15,0.087222,openb-pod-3964
synthetic_00335,preprocessing,preprocessing,1,1,,3.152,5.46875,1,0.25,0.35,0.35,0.00035,5,13,15,0.078889,openb-pod-3385
synthetic_00336,preprocessing,preprocessing,1,1,,3.152,5.46875,1,0.25,0.35,0.35,0.00035,68,75,15,0.048056,openb-pod-1165
synthetic_00337,preprocessing,preprocessing,1,1,,4.0,22.3515625,2,0.5,0.15,0.15,0.00015,48,56,15,0.265833,openb-pod-2528
synthetic_00338,preprocessing,preprocessing,1,1,,11.3,48.0,13,3.25,0.35,0.35,0.00035,30,46,15,3.041389,openb-pod-6322
synthetic_00339,preprocessing,preprocessing,1,1,,11.908,46.0,1,0.25,0.25,0.25,0.00025,54,62,15,0.157222,openb-pod-7079
synthetic_00340,preprocessing,preprocessing,1,1,,1.0,6.0,4,1.0,0.25,0.25,0.00025,77,87,15,0.767778,openb-pod-6384
synthetic_00341,fine_tuning,fine_tuning,1,1,T4,11.4,47.0,1,0.25,0.07,0.07,7e-05,43,49,15,0.022222,openb-pod-4581
synthetic_00342,fine_tuning,fine_tuning,1,1,P100,11.908,46.0,1,0.25,0.25,0.25,0.00025,72,83,15,0.020278,openb-pod-7194
synthetic_00343,preprocessing,preprocessing,1,1,,11.3,48.0,3,0.75,0.07,0.07,7e-05,6,12,15,0.656667,openb-pod-6472
synthetic_00344,preprocessing,preprocessing,1,1,,3.152,5.46875,2,0.5,0.25,0.25,0.00025,73,87,15,0.26,openb-pod-3223
synthetic_00345,preprocessing,preprocessing,1,1,,11.908,46.0,1,0.25,0.07,0.07,7e-05,8,23,15,0.011944,openb-pod-3470
synthetic_00346,fine_tuning,fine_tuning,1,1,T4,11.4,47.0,4,1.0,0.07,0.07,7e-05,0,7,15,0.782778,openb-pod-5840
synthetic_00347,preprocessing,preprocessing,1,1,,14.2,57.0,11,2.75,0.25,0.25,0.00025,1,14,15,2.660833,openb-pod-6071
synthetic_00348,preprocessing,preprocessing,1,1,,6.0,6.0,2,0.5,0.35,0.35,0.00035,53,60,15,0.475,openb-pod-2516
synthetic_00349,fine_tuning,fine_tuning,1,1,T4,3.152,5.46875,1,0.25,0.07,0.07,7e-05,24,29,15,0.083611,openb-pod-5139
synthetic_00350,fine_tuning,fine_tuning,1,1,T4,11.4,47.0,2,0.5,0.07,0.07,7e-05,2,11,15,0.283889,openb-pod-2428
synthetic_00351,preprocessing,preprocessing,1,1,,8.2,33.0,1,0.25,0.35,0.35,0.00035,32,47,15,0.093333,openb-pod-5614
synthetic_00352,fine_tuning,fine_tuning,1,1,T4,8.0,29.8017578125,1,0.25,0.07,0.07,7e-05,60,70,15,0.169444,openb-pod-3637
synthetic_00353,fine_tuning,fine_tuning,1,1,P100,3.152,5.46875,2,0.5,0.25,0.25,0.00025,78,85,15,0.376389,openb-pod-4041
synthetic_00354,fine_tuning,fine_tuning,1,1,T4,3.152,5.46875,1,0.25,0.07,0.07,7e-05,45,56,15,0.042222,openb-pod-1676
synthetic_00355,fine_tuning,fine_tuning,1,1,T4,3.152,5.46875,1,0.25,0.07,0.07,7e-05,80,88,15,0.0275,openb-pod-1622
synthetic_00356,preprocessing,preprocessing,1,1,,11.3,48.0,1,0.25,0.35,0.35,0.00035,91,95,15,0.0575,openb-pod-6001
synthetic_00357,preprocessing,preprocessing,1,1,,3.152,5.46875,11,2.75,0.35,0.35,0.00035,6,12,15,2.708333,openb-pod-5311
synthetic_00358,preprocessing,preprocessing,1,1,,12.0,16.0,1,0.25,0.07,0.07,7e-05,23,37,15,0.15,openb-pod-2888
synthetic_00359,preprocessing,preprocessing,1,1,,3.152,5.46875,1,0.25,0.35,0.35,0.00035,19,30,15,0.039167,openb-pod-4059
synthetic_00360,preprocessing,preprocessing,1,1,,3.152,5.46875,2,0.5,0.25,0.25,0.00025,75,81,15,0.271944,openb-pod-5291
synthetic_00361,preprocessing,preprocessing,1,1,P100|T4|V100M16|V100M32,11.9,76.0,5,1.25,0.07,0.07,7e-05,0,8,15,1.130833,openb-pod-2529
synthetic_00362,preprocessing,preprocessing,1,1,,3.152,5.46875,1,0.25,0.07,0.07,7e-05,58,70,15,0.073889,openb-pod-1063
synthetic_00363,preprocessing,preprocessing,1,1,,11.3,48.0,3,0.75,0.25,0.25,0.00025,11,23,15,0.64,openb-pod-4839
synthetic_00364,fine_tuning,fine_tuning,1,1,G2,4.0,24.0,1,0.25,0.35,0.35,0.00035,58,72,15,0.212778,openb-pod-4119
synthetic_00365,fine_tuning,fine_tuning,1,1,T4,3.152,5.46875,1,0.25,0.07,0.07,7e-05,17,24,15,0.041111,openb-pod-0068
synthetic_00366,preprocessing,preprocessing,1,1,,16.0,64.0,8,2.0,0.25,0.25,0.00025,0,8,15,1.903333,openb-pod-2709
synthetic_00367,fine_tuning,fine_tuning,1,1,G2,11.3,48.0,1,0.25,0.35,0.35,0.00035,69,81,15,0.243333,openb-pod-5830
synthetic_00368,preprocessing,preprocessing,1,1,,11.908,46.0,1,0.25,0.15,0.15,0.00015,64,79,15,0.008889,openb-pod-3603
synthetic_00369,fine_tuning,fine_tuning,1,1,T4,11.3,48.0,1,0.25,0.07,0.07,7e-05,37,47,15,0.034722,openb-pod-7940
synthetic_00370,preprocessing,preprocessing,1,1,,4.0,29.8017578125,2,0.5,0.25,0.25,0.00025,62,73,15,0.357778,openb-pod-6278
synthetic_00371,fine_tuning,fine_tuning,1,1,T4,4.0,24.0,5,1.25,0.07,0.07,7e-05,3,13,15,1.167222,openb-pod-1982
synthetic_00372,fine_tuning,fine_tuning,1,1,G3,4.0,24.0,5,1.25,0.35,0.35,0.00035,54,65,15,1.091389,openb-pod-5256
synthetic_00373,fine_tuning,fine_tuning,1,1,T4,11.3,48.0,1,0.25,0.07,0.07,7e-05,39,54,15,0.075,openb-pod-7600
synthetic_00374,preprocessing,preprocessing,1,1,,11.4,47.0,1,0.25,0.25,0.25,0.00025,63,76,15,0.2,openb-pod-0725
synthetic_00375,preprocessing,preprocessing,1,1,,11.908,46.0,1,0.25,0.15,0.15,0.00015,20,32,15,0.014167,openb-pod-3365
synthetic_00376,preprocessing,preprocessing,1,1,,8.0,29.8017578125,1,0.25,0.15,0.15,0.00015,83,95,15,0.015556,openb-pod-0265
synthetic_00377,preprocessing,preprocessing,1,1,,11.3,48.0,1,0.25,0.25,0.25,0.00025,75,85,15,0.124722,openb-pod-6741
synthetic_00378,preprocessing,preprocessing,1,1,,24.2,91.0,1,0.25,0.25,0.25,0.00025,24,33,15,0.032222,openb-pod-0983
synthetic_00379,preprocessing,preprocessing,1,1,,3.152,5.46875,1,0.25,0.35,0.35,0.00035,53,62,15,0.053056,openb-pod-0842
synthetic_00380,preprocessing,preprocessing,1,1,,11.908,46.0,1,0.25,0.25,0.25,0.00025,84,93,15,0.028333,openb-pod-1489
synthetic_00381,preprocessing,preprocessing,1,1,,11.4,47.0,4,1.0,0.25,0.25,0.00025,54,60,15,0.9825,openb-pod-2893
synthetic_00382,preprocessing,preprocessing,1,1,,8.0,29.8017578125,7,1.75,0.07,0.07,7e-05,0,9,15,1.525556,openb-pod-4507
synthetic_00383,preprocessing,preprocessing,1,1,,4.0,24.0,2,0.5,0.35,0.35,0.00035,29,40,15,0.313611,openb-pod-6652
synthetic_00384,fine_tuning,fine_tuning,1,1,T4,12.0,16.0,2,0.5,0.07,0.07,7e-05,49,59,15,0.266667,openb-pod-5971
synthetic_00385,preprocessing,preprocessing,1,1,,3.152,5.46875,1,0.25,0.25,0.25,0.00025,39,49,15,0.071111,openb-pod-3114
synthetic_00386,preprocessing,preprocessing,1,1,,3.152,5.46875,1,0.25,0.35,0.35,0.00035,67,75,15,0.057778,openb-pod-3490
synthetic_00387,preprocessing,preprocessing,1,1,,3.152,5.46875,1,0.25,0.07,0.07,7e-05,0,6,15,0.019167,openb-pod-1584
synthetic_00388,fine_tuning,fine_tuning,1,1,T4,3.152,5.46875,1,0.25,0.07,0.07,7e-05,58,68,15,0.081667,openb-pod-7327
synthetic_00389,preprocessing,preprocessing,1,1,,11.908,46.0,1,0.25,0.35,0.35,0.00035,83,94,15,0.028333,openb-pod-5061
synthetic_00390,preprocessing,preprocessing,1,1,,3.152,5.46875,1,0.25,0.25,0.25,0.00025,57,68,15,0.055,openb-pod-1378
synthetic_00391,preprocessing,preprocessing,1,1,,3.152,5.46875,1,0.25,0.07,0.07,7e-05,49,57,15,0.014722,openb-pod-3817
synthetic_00392,preprocessing,preprocessing,1,1,,11.4,47.0,1,0.25,0.15,0.15,0.00015,89,94,15,0.105833,openb-pod-3422
synthetic_00393,preprocessing,preprocessing,1,1,,8.0,29.8017578125,1,0.25,0.07,0.07,7e-05,69,79,15,0.014167,openb-pod-4855
synthetic_00394,fine_tuning,fine_tuning,1,1,T4,11.4,76.0,1,0.25,0.07,0.07,7e-05,60,72,15,0.013611,openb-pod-7528
synthetic_00395,preprocessing,preprocessing,1,1,,3.152,5.46875,1,0.25,0.35,0.35,0.00035,49,60,15,0.039444,openb-pod-1149
synthetic_00396,fine_tuning,fine_tuning,1,1,G2,11.4,47.0,2,0.5,0.35,0.35,0.00035,39,46,15,0.359722,openb-pod-4150
synthetic_00397,preprocessing,preprocessing,1,1,,4.0,30.517578125,2,0.5,0.35,0.35,0.00035,78,83,15,0.265833,openb-pod-0159
synthetic_00398,preprocessing,preprocessing,1,1,,3.152,5.46875,1,0.25,0.25,0.25,0.00025,4,16,15,0.063333,openb-pod-3311
synthetic_00399,fine_tuning,fine_tuning,1,1,T4,8.0,29.8017578125,1,0.25,0.07,0.07,7e-05,0,10,15,0.0175,openb-pod-1001
synthetic_00400,fine_tuning,fine_tuning,1,1,P100,11.908,46.0,1,0.25,0.25,0.25,0.00025,22,30,15,0.012222,openb-pod-5063
synthetic_00401,preprocessing,preprocessing,1,1,,8.0,29.8017578125,1,0.25,0.07,0.07,7e-05,84,94,15,0.075833,openb-pod-3509
synthetic_00402,preprocessing,preprocessing,1,1,,11.4,47.0,2,0.5,0.35,0.35,0.00035,8,18,15,0.316389,openb-pod-3565
synthetic_00403,preprocessing,preprocessing,1,1,,11.3,48.0,1,0.25,0.25,0.25,0.00025,24,33,15,0.105278,openb-pod-6207
synthetic_00404,fine_tuning,fine_tuning,1,1,P100,3.152,5.46875,1,0.25,0.25,0.25,0.00025,33,41,15,0.105,openb-pod-8059
synthetic_00405,preprocessing,preprocessing,1,1,P100|V100M16|V100M32,11.4,47.0,1,0.25,0.25,0.25,0.00025,3,13,15,0.078333,openb-pod-0644
synthetic_00406,fine_tuning,fine_tuning,1,1,P100,3.152,5.46875,1,0.25,0.25,0.25,0.00025,37,50,15,0.024722,openb-pod-7971
synthetic_00407,preprocessing,preprocessing,1,1,,4.152,10.3515625,2,0.5,0.35,0.35,0.00035,40,52,15,0.271111,openb-pod-1069
synthetic_00408,preprocessing,preprocessing,1,1,,9.81,40.5859375,6,1.5,0.25,0.25,0.00025,62,77,15,1.4475,openb-pod-6551
synthetic_00409,preprocessing,preprocessing,1,1,,18.708,63.0,1,0.25,0.35,0.35,0.00035,79,89,15,0.009167,openb-pod-3689
synthetic_00410,preprocessing,preprocessing,1,1,,11.908,46.0,1,0.25,0.25,0.25,0.00025,32,45,15,0.036389,openb-pod-7435
synthetic_00411,preprocessing,preprocessing,1,1,,3.152,5.46875,1,0.25,0.35,0.35,0.00035,0,12,15,0.045556,openb-pod-0894
synthetic_00412,fine_tuning,fine_tuning,1,1,P100,4.0,22.3515625,1,0.25,0.25,0.25,0.00025,0,6,15,0.142778,openb-pod-6123
synthetic_00413,preprocessing,preprocessing,1,1,,3.152,5.46875,1,0.25,0.35,0.35,0.00035,66,75,15,0.061667,openb-pod-0580
synthetic_00414,preprocessing,preprocessing,1,1,,11.3,48.0,2,0.5,0.35,0.35,0.00035,87,94,15,0.475833,openb-pod-6984
synthetic_00415,preprocessing,preprocessing,1,1,,3.152,5.46875,1,0.25,0.25,0.25,0.00025,75,89,15,0.055833,openb-pod-2352
synthetic_00416,preprocessing,preprocessing,1,1,,3.152,5.46875,1,0.25,0.35,0.35,0.00035,14,24,15,0.067778,openb-pod-3132
synthetic_00417,fine_tuning,fine_tuning,1,1,G2,4.0,24.0,5,1.25,0.35,0.35,0.00035,41,48,15,1.114444,openb-pod-2890
synthetic_00418,preprocessing,preprocessing,1,1,,9.81,40.5859375,13,3.25,0.25,0.25,0.00025,77,83,15,3.2275,openb-pod-6538
synthetic_00419,preprocessing,preprocessing,1,1,,3.152,5.46875,14,3.5,0.35,0.35,0.00035,40,49,15,3.462778,openb-pod-4903
synthetic_00420,fine_tuning,fine_tuning,1,1,T4,4.0,22.3515625,14,3.5,0.07,0.07,7e-05,37,46,15,3.390556,openb-pod-5950
synthetic_00421,preprocessing,preprocessing,1,1,,3.152,5.46875,1,0.25,0.35,0.35,0.00035,13,26,15,0.062222,openb-pod-2390
synthetic_00422,fine_tuning,fine_tuning,1,1,T4,11.3,48.0,1,0.25,0.07,0.07,7e-05,40,47,15,0.067222,openb-pod-7909
synthetic_00423,preprocessing,preprocessing,1,1,,3.152,5.46875,1,0.25,0.25,0.25,0.00025,75,82,15,0.176111,openb-pod-5378
synthetic_00424,fine_tuning,fine_tuning,1,1,G3,4.0,24.0,5,1.25,0.35,0.35,0.00035,15,22,15,1.110833,openb-pod-4762
synthetic_00425,preprocessing,preprocessing,1,1,,11.908,46.0,2,0.5,0.35,0.35,0.00035,23,35,15,0.314167,openb-pod-8052
synthetic_00426,preprocessing,preprocessing,1,1,,12.0,16.0,1,0.25,0.15,0.15,0.00015,5,11,15,0.183333,openb-pod-2956
synthetic_00427,preprocessing,preprocessing,1,1,,18.708,63.0,1,0.25,0.25,0.25,0.00025,81,89,15,0.016667,openb-pod-4378
synthetic_00428,preprocessing,preprocessing,1,1,,9.81,40.5859375,3,0.75,0.35,0.35,0.00035,59,66,15,0.586389,openb-pod-1971
synthetic_00429,preprocessing,preprocessing,1,1,,16.4,123.0,4,1.0,0.07,0.07,7e-05,83,92,15,0.941944,openb-pod-6361
synthetic_00430,preprocessing,preprocessing,1,1,,3.152,5.46875,1,0.25,0.07,0.07,7e-05,0,8,15,0.088889,openb-pod-0339
synthetic_00431,fine_tuning,fine_tuning,1,1,G2,11.4,47.0,3,0.75,0.35,0.35,0.00035,41,50,15,0.640833,openb-pod-2351
synthetic_00432,fine_tuning,fine_tuning,1,1,T4,3.152,5.46875,1,0.25,0.07,0.07,7e-05,20,26,15,0.058611,openb-pod-1747
synthetic_00433,preprocessing,preprocessing,1,1,,11.4,47.0,3,0.75,0.25,0.25,0.00025,8,19,15,0.680556,openb-pod-3745
synthetic_00434,preprocessing,preprocessing,1,1,,14.2,57.0,9,2.25,0.25,0.25,0.00025,11,22,15,2.225,openb-pod-5784
synthetic_00435,preprocessing,preprocessing,1,1,,8.0,29.8017578125,1,0.25,0.35,0.35,0.00035,84,95,15,0.069167,openb-pod-3800
synthetic_00436,preprocessing,preprocessing,1,1,,11.4,47.0,5,1.25,0.25,0.25,0.00025,14,20,15,1.129722,openb-pod-4262
synthetic_00437,preprocessing,preprocessing,1,1,,11.3,48.0,1,0.25,0.07,0.07,7e-05,0,11,15,0.1,openb-pod-4899
synthetic_00438,preprocessing,preprocessing,1,1,,16.4,83.0,1,0.25,0.25,0.25,0.00025,84,95,15,0.011944,openb-pod-4636
synthetic_00439,preprocessing,preprocessing,1,1,,11.908,46.0,1,0.25,0.35,0.35,0.00035,42,52,15,0.2125,openb-pod-7174
synthetic_00440,preprocessing,preprocessing,1,1,,24.2,91.0,2,0.5,0.25,0.25,0.00025,47,59,15,0.253611,openb-pod-5500
synthetic_00441,preprocessing,preprocessing,1,1,,8.2,33.0,10,2.5,0.35,0.35,0.00035,55,59,15,2.312222,openb-pod-6847
synthetic_00442,preprocessing,preprocessing,1,1,,3.152,5.46875,3,0.75,0.35,0.35,0.00035,44,58,15,0.738333,openb-pod-5575
synthetic_00443,fine_tuning,fine_tuning,1,1,T4,11.3,48.0,1,0.25,0.07,0.07,7e-05,56,69,15,0.025278,openb-pod-5352
synthetic_00444,preprocessing,preprocessing,1,1,,8.0,29.8017578125,1,0.25,0.15,0.15,0.00015,36,50,15,0.02,openb-pod-1186
synthetic_00445,fine_tuning,fine_tuning,1,1,G2,9.81,40.5859375,1,0.25,0.35,0.35,0.00035,43,55,15,0.163611,openb-pod-6398
synthetic_00446,preprocessing,preprocessing,1,1,,12.0,15.0,9,2.25,0.25,0.25,0.00025,49,60,15,2.247222,openb-pod-4729
synthetic_00447,preprocessing,preprocessing,1,1,,3.152,5.46875,1,0.25,0.07,0.07,7e-05,31,40,15,0.201944,openb-pod-5414
synthetic_00448,preprocessing,preprocessing,1,1,,9.81,40.5859375,5,1.25,0.25,0.25,0.00025,0,9,15,1.044444,openb-pod-1134
synthetic_00449,preprocessing,preprocessing,1,1,,3.152,5.46875,1,0.25,0.25,0.25,0.00025,63,68,15,0.02,openb-pod-1615
synthetic_00450,fine_tuning,fine_tuning,1,1,G2,11.4,47.0,1,0.25,0.35,0.35,0.00035,0,14,15,0.154722,openb-pod-3336
synthetic_00451,preprocessing,preprocessing,1,1,P100|V100M16|V100M32,3.152,5.46875,1,0.25,0.25,0.25,0.00025,45,52,15,0.028333,openb-pod-0312
synthetic_00452,preprocessing,preprocessing,1,1,,11.4,76.0,5,1.25,0.07,0.07,7e-05,27,37,15,1.037222,openb-pod-6597
synthetic_00453,preprocessing,preprocessing,1,1,,11.4,47.0,1,0.25,0.25,0.25,0.00025,47,60,15,0.088056,openb-pod-3529
synthetic_00454,fine_tuning,fine_tuning,1,1,G2,8.2,33.0,5,1.25,0.35,0.35,0.00035,81,91,15,1.206111,openb-pod-5300
synthetic_00455,preprocessing,preprocessing,1,1,,15.7,57.0,1,0.25,0.35,0.35,0.00035,52,65,15,0.0125,openb-pod-2825
synthetic_00456,preprocessing,preprocessing,1,1,,8.0,29.8017578125,1,0.25,0.25,0.25,0.00025,70,83,15,0.021389,openb-pod-6555
synthetic_00457,preprocessing,preprocessing,1,1,,15.2,79.0,3,0.75,0.35,0.35,0.00035,50,59,15,0.682778,openb-pod-4158
synthetic_00458,preprocessing,preprocessing,1,1,,11.908,46.0,3,0.75,0.35,0.35,0.00035,69,81,15,0.528889,openb-pod-5386
synthetic_00459,preprocessing,preprocessing,1,1,,3.152,5.46875,1,0.25,0.25,0.25,0.00025,53,64,15,0.059167,openb-pod-3238
synthetic_00460,preprocessing,preprocessing,1,1,,14.2,57.0,3,0.75,0.35,0.35,0.00035,45,57,15,0.635278,openb-pod-4853
synthetic_00461,preprocessing,preprocessing,1,1,,4.0,14.900390625,1,0.25,0.25,0.25,0.00025,30,41,15,0.015,openb-pod-4792
synthetic_00462,preprocessing,preprocessing,1,1,,12.0,32.0,3,0.75,0.25,0.25,0.00025,0,7,15,0.516667,openb-pod-4079
synthetic_00463,preprocessing,preprocessing,1,1,,11.908,46.0,1,0.25,0.25,0.25,0.00025,1,17,15,0.0325,openb-pod-3651
synthetic_00464,preprocessing,preprocessing,1,1,,3.152,5.46875,1,0.25,0.25,0.25,0.00025,53,66,15,0.055,openb-pod-0754
synthetic_00465,fine_tuning,fine_tuning,1,1,T4,15.7,57.0,1,0.25,0.07,0.07,7e-05,57,67,15,0.018611,openb-pod-2729
synthetic_00466,preprocessing,preprocessing,1,1,,11.908,46.0,3,0.75,0.25,0.25,0.00025,56,67,15,0.590833,openb-pod-3432
synthetic_00467,fine_tuning,fine_tuning,1,1,T4,8.0,29.8017578125,15,3.75,0.07,0.07,7e-05,50,57,15,3.667778,openb-pod-4084
synthetic_00468,preprocessing,preprocessing,1,1,,11.908,46.0,2,0.5,0.25,0.25,0.00025,65,72,15,0.401944,openb-pod-3381
synthetic_00469,fine_tuning,fine_tuning,1,1,T4,11.908,46.0,1,0.25,0.07,0.07,7e-05,44,49,15,0.025833,openb-pod-5469
synthetic_00470,preprocessing,preprocessing,1,1,,11.3,48.0,1,0.25,0.25,0.25,0.00025,8,20,15,0.118056,openb-pod-6642
synthetic_00471,preprocessing,preprocessing,1,1,,12.0,24.0,1,0.25,0.15,0.15,0.00015,66,75,15,0.006944,openb-pod-5169
synthetic_00472,fine_tuning,fine_tuning,1,1,T4,3.152,5.46875,1,0.25,0.07,0.07,7e-05,88,95,15,0.055556,openb-pod-3353
synthetic_00473,preprocessing,preprocessing,1,1,,4.0,14.900390625,3,0.75,0.07,0.07,7e-05,12,24,15,0.604167,openb-pod-0178
synthetic_00474,preprocessing,preprocessing,1,1,,12.0,24.0,5,1.25,0.35,0.35,0.00035,42,57,15,1.016667,openb-pod-7076
synthetic_00475,fine_tuning,fine_tuning,1,1,T4,4.0,22.3515625,2,0.5,0.07,0.07,7e-05,19,32,15,0.435833,openb-pod-7928
synthetic_00476,preprocessing,preprocessing,1,1,,3.152,5.46875,1,0.25,0.25,0.25,0.00025,54,64,15,0.055556,openb-pod-0036
synthetic_00477,preprocessing,preprocessing,1,1,,18.708,63.0,1,0.25,0.15,0.15,0.00015,38,43,15,0.205,openb-pod-6957
synthetic_00478,preprocessing,preprocessing,1,1,,3.152,5.46875,1,0.25,0.25,0.25,0.00025,71,82,15,0.047222,openb-pod-3366
synthetic_00479,preprocessing,preprocessing,1,1,,9.81,40.5859375,1,0.25,0.35,0.35,0.00035,78,84,15,0.241944,openb-pod-5735
synthetic_00480,fine_tuning,fine_tuning,1,1,T4,9.81,40.5859375,3,0.75,0.07,0.07,7e-05,50,60,15,0.616389,openb-pod-4359
synthetic_00481,preprocessing,preprocessing,1,1,,11.4,47.0,8,2.0,0.15,0.15,0.00015,28,37,15,1.776111,openb-pod-4209
synthetic_00482,fine_tuning,fine_tuning,1,1,T4,11.3,48.0,1,0.25,0.07,0.07,7e-05,13,21,15,0.056944,openb-pod-7629
synthetic_00483,fine_tuning,fine_tuning,1,1,T4,4.152,10.3515625,1,0.25,0.07,0.07,7e-05,29,34,15,0.220278,openb-pod-2379
synthetic_00484,preprocessing,preprocessing,1,1,,3.152,5.46875,1,0.25,0.35,0.35,0.00035,56,62,15,0.133889,openb-pod-4810
synthetic_00485,preprocessing,preprocessing,1,1,,11.908,46.0,2,0.5,0.07,0.07,7e-05,54,60,15,0.314167,openb-pod-8052
synthetic_00486,preprocessing,preprocessing,1,1,,9.81,40.5859375,1,0.25,0.25,0.25,0.00025,6,12,15,0.045833,openb-pod-6479
synthetic_00487,preprocessing,preprocessing,1,1,,11.4,47.0,2,0.5,0.35,0.35,0.00035,35,47,15,0.376944,openb-pod-4142
synthetic_00488,preprocessing,preprocessing,1,1,P100|T4|V100M16|V100M32,11.4,47.0,2,0.5,0.25,0.25,0.00025,65,78,15,0.34,openb-pod-2782
synthetic_00489,training,training,1,1,V100M16|V100M32,15.7,57.0,3,0.75,0.25,0.25,0.00025,0,4,15,0.633333,openb-pod-1310
synthetic_00490,preprocessing,preprocessing,1,1,,11.4,47.0,1,0.25,0.25,0.25,0.00025,55,67,15,0.229167,openb-pod-3396
synthetic_00491,preprocessing,preprocessing,1,1,,11.3,48.0,1,0.25,0.15,0.15,0.00015,58,70,15,0.033611,openb-pod-7886
synthetic_00492,preprocessing,preprocessing,1,1,,14.2,57.0,1,0.25,0.07,0.07,7e-05,7,14,15,0.009444,openb-pod-5248
synthetic_00493,fine_tuning,fine_tuning,1,1,G2,11.908,46.0,2,0.5,0.35,0.35,0.00035,74,83,15,0.328056,openb-pod-6048
synthetic_00494,preprocessing,preprocessing,1,1,,3.152,5.46875,1,0.25,0.35,0.35,0.00035,63,74,15,0.030833,openb-pod-7583
synthetic_00495,preprocessing,preprocessing,1,1,,8.0,29.8017578125,1,0.25,0.25,0.25,0.00025,35,44,15,0.054444,openb-pod-7377
synthetic_00496,preprocessing,preprocessing,1,1,,11.3,48.0,3,0.75,0.25,0.25,0.00025,56,61,15,0.566944,openb-pod-6295
synthetic_00497,preprocessing,preprocessing,1,1,,3.152,5.46875,1,0.25,0.35,0.35,0.00035,55,66,15,0.018333,openb-pod-1657
synthetic_00498,preprocessing,preprocessing,1,1,,8.0,29.8017578125,1,0.25,0.15,0.15,0.00015,71,82,15,0.0125,openb-pod-2604
synthetic_00499,preprocessing,preprocessing,1,1,,3.152,5.46875,1,0.25,0.35,0.35,0.00035,2,12,15,0.042222,openb-pod-1690
synthetic_00500,fine_tuning,fine_tuning,1,1,T4,4.152,10.3515625,12,3.0,0.07,0.07,7e-05,1,7,15,2.813333,openb-pod-2627
synthetic_00501,fine_tuning,fine_tuning,1,1,T4,3.152,5.46875,1,0.25,0.07,0.07,7e-05,14,28,15,0.054722,openb-pod-0519
synthetic_00502,preprocessing,preprocessing,1,1,,11.4,47.0,3,0.75,0.35,0.35,0.00035,25,36,15,0.729722,openb-pod-2324
synthetic_00503,preprocessing,preprocessing,1,1,,14.2,57.0,9,2.25,0.25,0.25,0.00025,28,39,15,2.006944,openb-pod-5771
synthetic_00504,preprocessing,preprocessing,1,1,,3.152,5.46875,1,0.25,0.35,0.35,0.00035,0,8,15,0.061111,openb-pod-0093
synthetic_00505,preprocessing,preprocessing,1,1,,3.152,5.46875,1,0.25,0.25,0.25,0.00025,34,49,15,0.015556,openb-pod-1710
synthetic_00506,preprocessing,preprocessing,1,1,,18.708,63.0,1,0.25,0.35,0.35,0.00035,59,72,15,0.152222,openb-pod-5213
synthetic_00507,preprocessing,preprocessing,1,1,,11.908,46.0,2,0.5,0.35,0.35,0.00035,41,49,15,0.355556,openb-pod-7508
synthetic_00508,fine_tuning,fine_tuning,1,1,T4,4.0,29.8017578125,1,0.25,0.07,0.07,7e-05,63,71,15,0.018333,openb-pod-1706
synthetic_00509,preprocessing,preprocessing,1,1,,18.708,63.0,2,0.5,0.07,0.07,7e-05,82,87,15,0.411667,openb-pod-0152
synthetic_00510,preprocessing,preprocessing,1,1,,11.3,48.0,3,0.75,0.25,0.25,0.00025,49,60,15,0.668611,openb-pod-4821
synthetic_00511,preprocessing,preprocessing,1,1,G2|P100|T4|V100M16|V100M32,3.152,5.46875,3,0.75,0.25,0.25,0.00025,75,88,15,0.589722,openb-pod-8024
synthetic_00512,preprocessing,preprocessing,1,1,,11.3,48.0,1,0.25,0.25,0.25,0.00025,0,6,15,0.018611,openb-pod-5870
synthetic_00513,preprocessing,preprocessing,1,1,,11.908,46.0,4,1.0,0.25,0.25,0.00025,0,11,15,0.785556,openb-pod-5906
synthetic_00514,preprocessing,preprocessing,1,1,,3.152,5.46875,1,0.25,0.25,0.25,0.00025,41,49,15,0.020278,openb-pod-7935
synthetic_00515,preprocessing,preprocessing,1,1,,3.152,5.46875,2,0.5,0.25,0.25,0.00025,32,43,15,0.264722,openb-pod-7193
synthetic_00516,fine_tuning,fine_tuning,1,1,T4,16.0,32.0,2,0.5,0.07,0.07,7e-05,12,21,15,0.2975,openb-pod-2853
synthetic_00517,fine_tuning,fine_tuning,1,1,T4,3.152,5.46875,1,0.25,0.07,0.07,7e-05,82,95,15,0.009167,openb-pod-8145
synthetic_00518,preprocessing,preprocessing,1,1,,8.0,29.8017578125,8,2.0,0.35,0.35,0.00035,11,19,15,1.789722,openb-pod-0463
synthetic_00519,preprocessing,preprocessing,1,1,,3.152,5.46875,2,0.5,0.25,0.25,0.00025,11,20,15,0.298333,openb-pod-7457
synthetic_00520,preprocessing,preprocessing,1,1,,8.0,16.0,1,0.25,0.25,0.25,0.00025,29,35,15,0.198611,openb-pod-1406
synthetic_00521,preprocessing,preprocessing,1,1,,11.3,48.0,1,0.25,0.25,0.25,0.00025,6,20,15,0.016944,openb-pod-7698
synthetic_00522,preprocessing,preprocessing,1,1,,8.0,29.8017578125,2,0.5,0.25,0.25,0.00025,48,56,15,0.295278,openb-pod-7042
synthetic_00523,preprocessing,preprocessing,1,1,,11.3,48.0,1,0.25,0.25,0.25,0.00025,36,44,15,0.044722,openb-pod-7805
synthetic_00524,preprocessing,preprocessing,1,1,,3.152,5.46875,1,0.25,0.25,0.25,0.00025,73,82,15,0.009444,openb-pod-6826
synthetic_00525,fine_tuning,fine_tuning,1,1,T4,4.152,10.3515625,1,0.25,0.07,0.07,7e-05,57,68,15,0.0075,openb-pod-0533
synthetic_00526,fine_tuning,fine_tuning,1,1,G2,11.3,48.0,1,0.25,0.35,0.35,0.00035,8,19,15,0.077222,openb-pod-6004
synthetic_00527,preprocessing,preprocessing,1,1,,11.4,47.0,5,1.25,0.35,0.35,0.00035,18,31,15,1.153889,openb-pod-2773
synthetic_00528,fine_tuning,fine_tuning,1,1,T4,11.908,46.0,1,0.25,0.07,0.07,7e-05,75,84,15,0.067222,openb-pod-1136
synthetic_00529,preprocessing,preprocessing,1,1,,24.2,91.0,1,0.25,0.25,0.25,0.00025,66,80,15,0.032222,openb-pod-0983
synthetic_00530,preprocessing,preprocessing,1,1,,11.908,46.0,1,0.25,0.25,0.25,0.00025,61,71,15,0.161111,openb-pod-5054
synthetic_00531,preprocessing,preprocessing,1,1,,3.152,5.46875,2,0.5,0.25,0.25,0.00025,63,76,15,0.332222,openb-pod-5409
synthetic_00532,preprocessing,preprocessing,1,1,,3.152,5.46875,1,0.25,0.15,0.15,0.00015,20,29,15,0.056667,openb-pod-3443
synthetic_00533,fine_tuning,fine_tuning,1,1,T4,1.0,6.0,4,1.0,0.07,0.07,7e-05,69,81,15,0.825,openb-pod-3324
synthetic_00534,fine_tuning,fine_tuning,1,1,P100,8.0,29.8017578125,16,4.0,0.25,0.25,0.00025,26,36,15,3.802778,openb-pod-6834
synthetic_00535,fine_tuning,fine_tuning,1,1,T4,6.0,12.0,9,2.25,0.07,0.07,7e-05,29,42,15,2.166389,openb-pod-0154
synthetic_00536,preprocessing,preprocessing,1,1,,3.152,5.46875,1,0.25,0.25,0.25,0.00025,1,17,15,0.040833,openb-pod-1791
synthetic_00537,fine_tuning,fine_tuning,1,1,T4,6.0,12.0,9,2.25,0.07,0.07,7e-05,60,67,15,2.166389,openb-pod-0154
synthetic_00538,fine_tuning,fine_tuning,1,1,G3,24.2,91.0,1,0.25,0.35,0.35,0.00035,40,47,15,0.248056,openb-pod-6045
synthetic_00539,preprocessing,preprocessing,1,1,,4.0,29.8017578125,6,1.5,0.25,0.25,0.00025,41,47,15,1.251667,openb-pod-2640
synthetic_00540,preprocessing,preprocessing,1,1,,3.152,5.46875,1,0.25,0.35,0.35,0.00035,66,75,15,0.059444,openb-pod-0613
synthetic_00541,preprocessing,preprocessing,1,1,G2|P100|T4|V100M16|V100M32,12.0,16.0,2,0.5,0.07,0.07,7e-05,21,29,15,0.314444,openb-pod-4508
synthetic_00542,fine_tuning,fine_tuning,1,1,T4,11.4,47.0,1,0.25,0.07,0.07,7e-05,29,37,15,0.015556,openb-pod-2363
synthetic_00543,preprocessing,preprocessing,1,1,,11.4,47.0,7,1.75,0.25,0.25,0.00025,79,89,15,1.524722,openb-pod-2579
synthetic_00544,preprocessing,preprocessing,1,1,,11.4,47.0,6,1.5,0.15,0.15,0.00015,66,79,15,1.290833,openb-pod-2841
synthetic_00545,preprocessing,preprocessing,1,1,,11.908,46.0,5,1.25,0.25,0.25,0.00025,38,53,15,1.047222,openb-pod-6267
synthetic_00546,fine_tuning,fine_tuning,1,1,T4,11.9,76.0,1,0.25,0.07,0.07,7e-05,24,34,15,0.009167,openb-pod-4724
synthetic_00547,preprocessing,preprocessing,1,1,P100|T4|V100M16|V100M32,18.708,63.0,1,0.25,0.25,0.25,0.00025,9,20,15,0.032222,openb-pod-6975
synthetic_00548,preprocessing,preprocessing,1,1,,16.0,32.0,2,0.5,0.25,0.25,0.00025,7,18,15,0.320278,openb-pod-0034
synthetic_00549,fine_tuning,fine_tuning,1,1,G2,11.3,48.0,2,0.5,0.35,0.35,0.00035,11,15,15,0.322222,openb-pod-5829
synthetic_00550,preprocessing,preprocessing,1,1,,11.908,46.0,2,0.5,0.35,0.35,0.00035,68,79,15,0.269167,openb-pod-3785
synthetic_00551,fine_tuning,fine_tuning,1,1,T4,11.3,48.0,2,0.5,0.07,0.07,7e-05,57,72,15,0.290556,openb-pod-5448
synthetic_00552,training,training,1,1,V100M16|V100M32,4.0,24.0,5,1.25,0.25,0.25,0.00025,17,29,15,1.118611,openb-pod-7070
synthetic_00553,preprocessing,preprocessing,1,1,,4.0,22.3515625,6,1.5,0.25,0.25,0.00025,17,27,15,1.265,openb-pod-1543
synthetic_00554,fine_tuning,fine_tuning,1,1,T4,11.3,48.0,1,0.25,0.07,0.07,7e-05,12,26,15,0.031944,openb-pod-7964
synthetic_00555,fine_tuning,fine_tuning,1,1,T4,11.3,48.0,2,0.5,0.07,0.07,7e-05,0,11,15,0.298333,openb-pod-4694
synthetic_00556,training,training,1,1,V100M16|V100M32,12.0,24.0,5,1.25,0.25,0.25,0.00025,35,45,15,1.016389,openb-pod-2754
synthetic_00557,fine_tuning,fine_tuning,1,1,T4,12.0,16.0,4,1.0,0.07,0.07,7e-05,32,45,15,0.767222,openb-pod-3251
synthetic_00558,preprocessing,preprocessing,1,1,,11.908,46.0,14,3.5,0.07,0.07,7e-05,20,35,15,3.289444,openb-pod-6214
synthetic_00559,preprocessing,preprocessing,1,1,,11.908,46.0,1,0.25,0.07,0.07,7e-05,25,41,15,0.074722,openb-pod-5691
synthetic_00560,training,training,1,1,V100M16|V100M32,15.7,57.0,4,1.0,0.25,0.25,0.00025,59,64,15,0.849722,openb-pod-0909
synthetic_00561,preprocessing,preprocessing,1,1,,18.708,63.0,2,0.5,0.35,0.35,0.00035,81,93,15,0.288889,openb-pod-0218
synthetic_00562,preprocessing,preprocessing,1,1,,11.3,48.0,1,0.25,0.25,0.25,0.00025,38,48,15,0.082222,openb-pod-6176
synthetic_00563,fine_tuning,fine_tuning,1,1,G2,11.4,76.0,3,0.75,0.35,0.35,0.00035,54,62,15,0.635833,openb-pod-7801
synthetic_00564,preprocessing,preprocessing,1,1,,3.152,5.46875,1,0.25,0.35,0.35,0.00035,53,69,15,0.036667,openb-pod-7421
synthetic_00565,preprocessing,preprocessing,1,1,,11.4,47.0,2,0.5,0.35,0.35,0.00035,0,8,15,0.324444,openb-pod-1637
synthetic_00566,preprocessing,preprocessing,1,1,,3.152,5.46875,1,0.25,0.07,0.07,7e-05,0,13,15,0.023611,openb-pod-6658
synthetic_00567,fine_tuning,fine_tuning,1,1,G3,11.4,47.0,2,0.5,0.35,0.35,0.00035,28,39,15,0.265556,openb-pod-3570
synthetic_00568,fine_tuning,fine_tuning,1,1,T4,4.0,24.0,5,1.25,0.07,0.07,7e-05,21,32,15,1.104722,openb-pod-2413
synthetic_00569,preprocessing,preprocessing,1,1,,16.0,64.0,3,0.75,0.25,0.25,0.00025,4,14,15,0.506944,openb-pod-5601
synthetic_00570,preprocessing,preprocessing,1,1,,8.0,29.8017578125,1,0.25,0.35,0.35,0.00035,69,81,15,0.245556,openb-pod-3511
synthetic_00571,preprocessing,preprocessing,1,1,,12.0,24.0,10,2.5,0.07,0.07,7e-05,55,67,15,2.303889,openb-pod-6297
synthetic_00572,preprocessing,preprocessing,1,1,,3.152,5.46875,1,0.25,0.07,0.07,7e-05,0,12,15,0.078611,openb-pod-3113
synthetic_00573,preprocessing,preprocessing,1,1,,3.152,5.46875,1,0.25,0.25,0.25,0.00025,88,95,15,0.031111,openb-pod-1886
synthetic_00574,preprocessing,preprocessing,1,1,,15.7,57.0,3,0.75,0.35,0.35,0.00035,37,47,15,0.589722,openb-pod-2872
synthetic_00575,fine_tuning,fine_tuning,1,1,P100,11.908,46.0,1,0.25,0.25,0.25,0.00025,0,5,15,0.017778,openb-pod-1682
synthetic_00576,preprocessing,preprocessing,1,1,,4.0,14.900390625,1,0.25,0.35,0.35,0.00035,0,7,15,0.175,openb-pod-2171
synthetic_00577,fine_tuning,fine_tuning,1,1,T4,11.908,46.0,8,2.0,0.07,0.07,7e-05,66,79,15,1.909722,openb-pod-4580
synthetic_00578,preprocessing,preprocessing,1,1,,11.3,48.0,1,0.25,0.15,0.15,0.00015,50,65,15,0.016389,openb-pod-4917
synthetic_00579,preprocessing,preprocessing,1,1,,4.0,14.900390625,3,0.75,0.15,0.15,0.00015,90,93,15,0.697222,openb-pod-0807
synthetic_00580,fine_tuning,fine_tuning,1,1,T4,4.0,14.900390625,1,0.25,0.07,0.07,7e-05,15,30,15,0.155556,openb-pod-5439
synthetic_00581,preprocessing,preprocessing,1,1,,15.7,57.0,3,0.75,0.35,0.35,0.00035,68,80,15,0.589444,openb-pod-1806
synthetic_00582,preprocessing,preprocessing,1,1,,12.0,24.0,11,2.75,0.07,0.07,7e-05,0,9,15,2.732222,openb-pod-1233
synthetic_00583,preprocessing,preprocessing,1,1,,12.0,24.0,4,1.0,0.35,0.35,0.00035,2,11,15,1.0,openb-pod-1395
synthetic_00584,fine_tuning,fine_tuning,1,1,T4,3.152,5.46875,1,0.25,0.07,0.07,7e-05,33,39,15,0.055278,openb-pod-0772
synthetic_00585,preprocessing,preprocessing,1,1,,11.4,47.0,2,0.5,0.25,0.25,0.00025,58,67,15,0.469167,openb-pod-3631
synthetic_00586,fine_tuning,fine_tuning,1,1,T4,11.3,48.0,1,0.25,0.07,0.07,7e-05,47,58,15,0.081389,openb-pod-6161
synthetic_00587,fine_tuning,fine_tuning,1,1,T4,3.152,5.46875,1,0.25,0.07,0.07,7e-05,70,80,15,0.079722,openb-pod-7443
synthetic_00588,training,training,1,1,V100M16|V100M32,15.7,57.0,2,0.5,0.25,0.25,0.00025,57,67,15,0.473889,openb-pod-2935
synthetic_00589,preprocessing,preprocessing,1,1,,11.3,48.0,3,0.75,0.25,0.25,0.00025,57,73,15,0.64,openb-pod-4839
synthetic_00590,preprocessing,preprocessing,1,1,,3.152,5.46875,1,0.25,0.15,0.15,0.00015,78,87,15,0.066389,openb-pod-3775
synthetic_00591,preprocessing,preprocessing,1,1,,11.3,48.0,2,0.5,0.35,0.35,0.00035,12,24,15,0.295833,openb-pod-4671
synthetic_00592,preprocessing,preprocessing,1,1,P100|V100M16|V100M32,11.4,47.0,2,0.5,0.25,0.25,0.00025,0,4,15,0.420278,openb-pod-4490
synthetic_00593,fine_tuning,fine_tuning,1,1,T4,11.3,48.0,1,0.25,0.07,0.07,7e-05,15,29,15,0.049722,openb-pod-4641
synthetic_00594,preprocessing,preprocessing,1,1,,3.152,5.46875,1,0.25,0.35,0.35,0.00035,32,43,15,0.031111,openb-pod-1841
synthetic_00595,preprocessing,preprocessing,1,1,P100|V100M16|V100M32,11.4,47.0,2,0.5,0.25,0.25,0.00025,11,18,15,0.468056,openb-pod-2932
synthetic_00596,fine_tuning,fine_tuning,1,1,T4,6.0,12.0,1,0.25,0.07,0.07,7e-05,59,69,15,0.166389,openb-pod-2713
synthetic_00597,fine_tuning,fine_tuning,1,1,G2,15.4,88.0,2,0.5,0.35,0.35,0.00035,31,42,15,0.355833,openb-pod-6499
synthetic_00598,preprocessing,preprocessing,1,1,,11.3,48.0,5,1.25,0.25,0.25,0.00025,67,73,15,1.175,openb-pod-4879
synthetic_00599,fine_tuning,fine_tuning,1,1,G2,11.9,76.0,1,0.25,0.35,0.35,0.00035,17,30,15,0.015556,openb-pod-3269
synthetic_00600,preprocessing,preprocessing,1,1,,11.3,48.0,1,0.25,0.15,0.15,0.00015,27,37,15,0.015833,openb-pod-5572
synthetic_00601,preprocessing,preprocessing,1,1,,11.908,46.0,2,0.5,0.25,0.25,0.00025,0,9,15,0.402222,openb-pod-4309
synthetic_00602,fine_tuning,fine_tuning,1,1,T4,3.152,5.46875,2,0.5,0.07,0.07,7e-05,44,48,15,0.311667,openb-pod-4432
synthetic_00603,preprocessing,preprocessing,1,1,,11.908,46.0,1,0.25,0.25,0.25,0.00025,55,66,15,0.006111,openb-pod-5298
synthetic_00604,preprocessing,preprocessing,1,1,,3.152,5.46875,1,0.25,0.25,0.25,0.00025,80,90,15,0.022222,openb-pod-1591
synthetic_00605,fine_tuning,fine_tuning,1,1,G2,24.2,91.0,3,0.75,0.35,0.35,0.00035,43,50,15,0.5875,openb-pod-4347
synthetic_00606,fine_tuning,fine_tuning,1,1,T4,11.908,46.0,2,0.5,0.07,0.07,7e-05,54,67,15,0.413611,openb-pod-5560
synthetic_00607,preprocessing,preprocessing,1,1,,4.0,29.8017578125,1,0.25,0.15,0.15,0.00015,5,16,15,0.055,openb-pod-2725
synthetic_00608,preprocessing,preprocessing,1,1,,3.152,5.46875,1,0.25,0.07,0.07,7e-05,68,78,15,0.054722,openb-pod-0803
synthetic_00609,preprocessing,preprocessing,1,1,,8.0,16.0,1,0.25,0.25,0.25,0.00025,26,36,15,0.2325,openb-pod-1796
synthetic_00610,fine_tuning,fine_tuning,1,1,T4,11.3,48.0,1,0.25,0.07,0.07,7e-05,6,18,15,0.024167,openb-pod-7929
synthetic_00611,fine_tuning,fine_tuning,1,1,P100,3.152,5.46875,1,0.25,0.25,0.25,0.00025,57,70,15,0.1225,openb-pod-3730
synthetic_00612,preprocessing,preprocessing,1,1,,4.0,14.900390625,9,2.25,0.25,0.25,0.00025,19,30,15,2.233611,openb-pod-4658
synthetic_00613,fine_tuning,fine_tuning,1,1,T4,12.0,16.0,2,0.5,0.07,0.07,7e-05,37,48,15,0.333056,openb-pod-0572
synthetic_00614,fine_tuning,fine_tuning,1,1,T4,3.152,5.46875,1,0.25,0.07,0.07,7e-05,80,86,15,0.151389,openb-pod-3364
synthetic_00615,fine_tuning,fine_tuning,1,1,P100,4.0,14.900390625,2,0.5,0.25,0.25,0.00025,59,68,15,0.267222,openb-pod-3520
synthetic_00616,preprocessing,preprocessing,1,1,,8.0,29.8017578125,1,0.25,0.35,0.35,0.00035,82,86,15,0.006111,openb-pod-2122
synthetic_00617,fine_tuning,fine_tuning,1,1,G3,11.3,48.0,1,0.25,0.35,0.35,0.00035,1,14,15,0.090833,openb-pod-4640
synthetic_00618,fine_tuning,fine_tuning,1,1,T4,3.152,5.46875,1,0.25,0.07,0.07,7e-05,46,57,15,0.013056,openb-pod-4699
synthetic_00619,preprocessing,preprocessing,1,1,,11.3,48.0,1,0.25,0.35,0.35,0.00035,18,25,15,0.221667,openb-pod-5917
synthetic_00620,preprocessing,preprocessing,1,1,,11.908,46.0,1,0.25,0.25,0.25,0.00025,69,80,15,0.1925,openb-pod-7326
synthetic_00621,preprocessing,preprocessing,1,1,,3.152,5.46875,1,0.25,0.35,0.35,0.00035,29,39,15,0.046667,openb-pod-1820
synthetic_00622,preprocessing,preprocessing,1,1,,4.0,29.8017578125,11,2.75,0.07,0.07,7e-05,39,48,15,2.5425,openb-pod-5952
synthetic_00623,preprocessing,preprocessing,1,1,,9.81,40.5859375,2,0.5,0.07,0.07,7e-05,8,18,15,0.411944,openb-pod-0526
synthetic_00624,fine_tuning,fine_tuning,1,1,T4,11.4,47.0,1,0.25,0.07,0.07,7e-05,10,20,15,0.228056,openb-pod-3568
synthetic_00625,preprocessing,preprocessing,1,1,,4.152,10.3515625,1,0.25,0.07,0.07,7e-05,44,52,15,0.226389,openb-pod-0450
synthetic_00626,preprocessing,preprocessing,1,1,,8.0,29.8017578125,1,0.25,0.15,0.15,0.00015,17,27,15,0.050833,openb-pod-8070
synthetic_00627,fine_tuning,fine_tuning,1,1,G3,11.3,48.0,1,0.25,0.35,0.35,0.00035,85,95,15,0.020556,openb-pod-5649
synthetic_00628,preprocessing,preprocessing,1,1,,4.0,24.0,1,0.25,0.35,0.35,0.00035,0,12,15,0.117778,openb-pod-4425
synthetic_00629,fine_tuning,fine_tuning,1,1,P100,3.152,5.46875,1,0.25,0.25,0.25,0.00025,86,95,15,0.1225,openb-pod-3730
synthetic_00630,preprocessing,preprocessing,1,1,,3.152,5.46875,1,0.25,0.25,0.25,0.00025,80,92,15,0.035833,openb-pod-0522
synthetic_00631,preprocessing,preprocessing,1,1,,11.3,48.0,1,0.25,0.35,0.35,0.00035,7,15,15,0.077778,openb-pod-7835
synthetic_00632,preprocessing,preprocessing,1,1,,9.81,40.5859375,4,1.0,0.35,0.35,0.00035,31,37,15,0.909444,openb-pod-5722
synthetic_00633,preprocessing,preprocessing,1,1,,8.0,29.8017578125,2,0.5,0.35,0.35,0.00035,71,84,15,0.309167,openb-pod-5562
synthetic_00634,preprocessing,preprocessing,1,1,,15.2,79.0,5,1.25,0.07,0.07,7e-05,5,18,15,1.206111,openb-pod-4280
synthetic_00635,preprocessing,preprocessing,1,1,,11.908,46.0,3,0.75,0.25,0.25,0.00025,18,32,15,0.528889,openb-pod-5386
synthetic_00636,preprocessing,preprocessing,1,1,,11.3,48.0,1,0.25,0.35,0.35,0.00035,62,71,15,0.085833,openb-pod-6425
synthetic_00637,fine_tuning,fine_tuning,1,1,T4,3.152,5.46875,1,0.25,0.07,0.07,7e-05,14,23,15,0.125556,openb-pod-4051
synthetic_00638,preprocessing,preprocessing,1,1,,11.3,48.0,1,0.25,0.35,0.35,0.00035,45,59,15,0.034722,openb-pod-6941
synthetic_00639,preprocessing,preprocessing,1,1,,4.0,22.3515625,3,0.75,0.25,0.25,0.00025,75,91,15,0.692222,openb-pod-6095
synthetic_00640,fine_tuning,fine_tuning,1,1,G3,1.0,6.0,10,2.5,0.35,0.35,0.00035,70,82,15,2.420278,openb-pod-4576
synthetic_00641,preprocessing,preprocessing,1,1,,4.0,24.0,2,0.5,0.35,0.35,0.00035,82,91,15,0.313611,openb-pod-6652
synthetic_00642,preprocessing,preprocessing,8,8,,64.2,257.0,1,0.25,2.8,2.8,0.0028,81,85,15,0.133889,openb-pod-3197
synthetic_00643,fine_tuning,fine_tuning,1,1,G2,11.3,48.0,2,0.5,0.35,0.35,0.00035,38,45,15,0.397222,openb-pod-6956
synthetic_00644,fine_tuning,fine_tuning,1,1,T4,11.908,46.0,2,0.5,0.07,0.07,7e-05,24,32,15,0.413611,openb-pod-5560
synthetic_00645,fine_tuning,fine_tuning,1,1,T4,3.152,5.46875,1,0.25,0.07,0.07,7e-05,86,95,15,0.033333,openb-pod-6911
synthetic_00646,preprocessing,preprocessing,1,1,,3.152,5.46875,1,0.25,0.07,0.07,7e-05,47,53,15,0.034444,openb-pod-4975
synthetic_00647,preprocessing,preprocessing,1,1,,11.3,48.0,1,0.25,0.25,0.25,0.00025,88,95,15,0.014444,openb-pod-7652
synthetic_00648,fine_tuning,fine_tuning,1,1,T4,8.0,32.0,2,0.5,0.07,0.07,7e-05,57,67,15,0.428333,openb-pod-0573
synthetic_00649,preprocessing,preprocessing,1,1,,3.152,5.46875,1,0.25,0.35,0.35,0.00035,71,81,15,0.180556,openb-pod-4049
synthetic_00650,preprocessing,preprocessing,1,1,,11.908,46.0,1,0.25,0.25,0.25,0.00025,37,49,15,0.020278,openb-pod-6935
synthetic_00651,preprocessing,preprocessing,1,1,,3.152,5.46875,1,0.25,0.25,0.25,0.00025,10,20,15,0.186667,openb-pod-7499
synthetic_00652,preprocessing,preprocessing,1,1,,11.4,47.0,4,1.0,0.07,0.07,7e-05,28,37,15,0.996389,openb-pod-2388
synthetic_00653,preprocessing,preprocessing,1,1,,11.908,46.0,2,0.5,0.07,0.07,7e-05,0,3,15,0.402222,openb-pod-4309
synthetic_00654,fine_tuning,fine_tuning,1,1,V100M32,12.0,16.0,2,0.5,0.25,0.25,0.00025,21,33,15,0.303333,openb-pod-3124
synthetic_00655,preprocessing,preprocessing,1,1,,11.3,48.0,1,0.25,0.35,0.35,0.00035,1,12,15,0.1825,openb-pod-5082
synthetic_00656,fine_tuning,fine_tuning,1,1,P100,4.152,10.3515625,1,0.25,0.25,0.25,0.00025,22,30,15,0.015,openb-pod-1270
synthetic_00657,preprocessing,preprocessing,1,1,P100|V100M16|V100M32,11.3,48.0,1,0.25,0.25,0.25,0.00025,17,28,15,0.088056,openb-pod-6408
synthetic_00658,preprocessing,preprocessing,1,1,,15.7,57.0,5,1.25,0.25,0.25,0.00025,5,18,15,1.117222,openb-pod-1530
synthetic_00659,preprocessing,preprocessing,1,1,,16.0,32.0,1,0.25,0.35,0.35,0.00035,4,12,15,0.198056,openb-pod-0811
synthetic_00660,preprocessing,preprocessing,1,1,,18.708,63.0,1,0.25,0.25,0.25,0.00025,49,58,15,0.198889,openb-pod-3542
synthetic_00661,preprocessing,preprocessing,1,1,,4.0,22.3515625,4,1.0,0.25,0.25,0.00025,40,52,15,0.998889,openb-pod-1367
synthetic_00662,fine_tuning,fine_tuning,1,1,T4,11.908,46.0,8,2.0,0.07,0.07,7e-05,0,9,15,1.898611,openb-pod-4578
synthetic_00663,preprocessing,preprocessing,1,1,,3.152,5.46875,1,0.25,0.25,0.25,0.00025,9,17,15,0.135278,openb-pod-5299
synthetic_00664,fine_tuning,fine_tuning,1,1,P100,3.152,5.46875,1,0.25,0.25,0.25,0.00025,63,75,15,0.024722,openb-pod-7971
synthetic_00665,preprocessing,preprocessing,1,1,,11.3,48.0,1,0.25,0.35,0.35,0.00035,44,57,15,0.056944,openb-pod-7707
synthetic_00666,fine_tuning,fine_tuning,1,1,T4,12.0,24.0,5,1.25,0.07,0.07,7e-05,68,82,15,1.085833,openb-pod-3867
synthetic_00667,preprocessing,preprocessing,1,1,,3.152,5.46875,1,0.25,0.15,0.15,0.00015,60,71,15,0.0525,openb-pod-3303
synthetic_00668,preprocessing,preprocessing,1,1,,2.0,16.0,1,0.25,0.25,0.25,0.00025,36,49,15,0.199444,openb-pod-5783
synthetic_00669,preprocessing,preprocessing,1,1,,18.708,63.0,1,0.25,0.25,0.25,0.00025,69,79,15,0.023056,openb-pod-4940
synthetic_00670,preprocessing,preprocessing,1,1,,4.0,29.8017578125,4,1.0,0.25,0.25,0.00025,36,44,15,0.824444,openb-pod-3666
synthetic_00671,fine_tuning,fine_tuning,1,1,P100,11.908,46.0,1,0.25,0.25,0.25,0.00025,62,74,15,0.026944,openb-pod-5711
synthetic_00672,fine_tuning,fine_tuning,1,1,T4,3.152,5.46875,2,0.5,0.07,0.07,7e-05,38,50,15,0.361389,openb-pod-4224
synthetic_00673,preprocessing,preprocessing,1,1,,18.708,63.0,1,0.25,0.25,0.25,0.00025,71,77,15,0.02,openb-pod-5676
synthetic_00674,preprocessing,preprocessing,1,1,,15.7,57.0,3,0.75,0.15,0.15,0.00015,18,22,15,0.625278,openb-pod-2479
synthetic_00675,fine_tuning,fine_tuning,1,1,T4,3.152,5.46875,1,0.25,0.07,0.07,7e-05,0,7,15,0.116389,openb-pod-7892
synthetic_00676,preprocessing,preprocessing,1,1,,16.0,64.0,2,0.5,0.35,0.35,0.00035,8,20,15,0.482222,openb-pod-2378
synthetic_00677,fine_tuning,fine_tuning,1,1,T4,11.3,48.0,1,0.25,0.07,0.07,7e-05,85,95,15,0.071389,openb-pod-7773
synthetic_00678,preprocessing,preprocessing,1,1,,11.3,48.0,1,0.25,0.25,0.25,0.00025,39,51,15,0.070278,openb-pod-7774
synthetic_00679,preprocessing,preprocessing,1,1,,11.3,48.0,2,0.5,0.35,0.35,0.00035,4,15,15,0.3625,openb-pod-6209
synthetic_00680,preprocessing,preprocessing,1,1,,11.3,48.0,2,0.5,0.15,0.15,0.00015,78,87,15,0.363611,openb-pod-4647
synthetic_00681,fine_tuning,fine_tuning,1,1,G2,11.4,47.0,14,3.5,0.35,0.35,0.00035,6,15,15,3.274444,openb-pod-1011
synthetic_00682,preprocessing,preprocessing,1,1,,12.0,16.0,9,2.25,0.07,0.07,7e-05,33,43,15,2.133333,openb-pod-0426
synthetic_00683,preprocessing,preprocessing,1,1,,3.152,5.46875,1,0.25,0.25,0.25,0.00025,64,72,15,0.024722,openb-pod-1670
synthetic_00684,fine_tuning,fine_tuning,1,1,T4,3.152,5.46875,2,0.5,0.07,0.07,7e-05,53,67,15,0.311667,openb-pod-4432
synthetic_00685,fine_tuning,fine_tuning,1,1,T4,11.3,48.0,1,0.25,0.07,0.07,7e-05,24,38,15,0.053889,openb-pod-5466
synthetic_00686,preprocessing,preprocessing,1,1,,3.152,5.46875,2,0.5,0.25,0.25,0.00025,3,10,15,0.291111,openb-pod-1140
synthetic_00687,fine_tuning,fine_tuning,1,1,G2,12.0,16.0,1,0.25,0.35,0.35,0.00035,50,61,15,0.149722,openb-pod-7246
synthetic_00688,preprocessing,preprocessing,1,1,,15.2,79.0,5,1.25,0.35,0.35,0.00035,12,22,15,1.128611,openb-pod-4322
synthetic_00689,fine_tuning,fine_tuning,1,1,P100,4.0,14.900390625,5,1.25,0.25,0.25,0.00025,17,29,15,1.234722,openb-pod-6088
synthetic_00690,preprocessing,preprocessing,1,1,,3.152,5.46875,2,0.5,0.25,0.25,0.00025,81,89,15,0.309167,openb-pod-3761
synthetic_00691,preprocessing,preprocessing,1,1,,3.152,5.46875,1,0.25,0.25,0.25,0.00025,84,94,15,0.013611,openb-pod-1630
synthetic_00692,preprocessing,preprocessing,1,1,,11.4,47.0,1,0.25,0.35,0.35,0.00035,49,61,15,0.236944,openb-pod-2455
synthetic_00693,fine_tuning,fine_tuning,1,1,T4,3.152,5.46875,1,0.25,0.07,0.07,7e-05,29,45,15,0.116389,openb-pod-7945
synthetic_00694,fine_tuning,fine_tuning,1,1,T4,11.3,48.0,1,0.25,0.07,0.07,7e-05,58,65,15,0.093333,openb-pod-7857
synthetic_00695,fine_tuning,fine_tuning,1,1,T4,11.4,47.0,1,0.25,0.07,0.07,7e-05,42,52,15,0.0375,openb-pod-2358
synthetic_00696,preprocessing,preprocessing,1,1,P100|T4|V100M16|V100M32,11.3,48.0,1,0.25,0.07,0.07,7e-05,52,60,15,0.018056,openb-pod-7868
synthetic_00697,preprocessing,preprocessing,1,1,,16.0,32.0,1,0.25,0.15,0.15,0.00015,10,22,15,0.005,openb-pod-6501
synthetic_00698,fine_tuning,fine_tuning,1,1,G2,3.152,5.46875,1,0.25,0.35,0.35,0.00035,32,43,15,0.033333,openb-pod-0155
synthetic_00699,preprocessing,preprocessing,1,1,,3.152,5.46875,1,0.25,0.25,0.25,0.00025,15,21,15,0.044722,openb-pod-7353
synthetic_00700,preprocessing,preprocessing,1,1,,4.0,29.8017578125,1,0.25,0.25,0.25,0.00025,66,74,15,0.035556,openb-pod-0592
synthetic_00701,preprocessing,preprocessing,1,1,,11.4,47.0,2,0.5,0.35,0.35,0.00035,0,10,15,0.391389,openb-pod-4139
synthetic_00702,preprocessing,preprocessing,1,1,,11.3,48.0,1,0.25,0.25,0.25,0.00025,28,37,15,0.041111,openb-pod-7859
synthetic_00703,preprocessing,preprocessing,1,1,,9.81,40.5859375,1,0.25,0.35,0.35,0.00035,65,78,15,0.241944,openb-pod-5735
synthetic_00704,preprocessing,preprocessing,1,1,,11.908,46.0,4,1.0,0.35,0.35,0.00035,76,89,15,0.781944,openb-pod-3791
synthetic_00705,fine_tuning,fine_tuning,1,1,G2,12.0,15.0,5,1.25,0.35,0.35,0.00035,68,78,15,1.068611,openb-pod-3213
synthetic_00706,preprocessing,preprocessing,1,1,,3.152,5.46875,1,0.25,0.25,0.25,0.00025,21,32,15,0.069722,openb-pod-2298
synthetic_00707,fine_tuning,fine_tuning,1,1,G3,4.0,24.0,5,1.25,0.35,0.35,0.00035,34,42,15,1.091389,openb-pod-5256
synthetic_00708,preprocessing,preprocessing,1,1,,8.2,33.0,1,0.25,0.15,0.15,0.00015,6,17,15,0.100833,openb-pod-5733
synthetic_00709,preprocessing,preprocessing,1,1,,11.3,37.0,2,0.5,0.25,0.25,0.00025,1,13,15,0.262778,openb-pod-1954
synthetic_00710,preprocessing,preprocessing,1,1,,11.3,48.0,1,0.25,0.07,0.07,7e-05,15,28,15,0.039722,openb-pod-5383
synthetic_00711,fine_tuning,fine_tuning,1,1,T4,4.0,22.3515625,1,0.25,0.07,0.07,7e-05,49,62,15,0.137222,openb-pod-4297
synthetic_00712,training,training,1,1,V100M16|V100M32,11.3,48.0,5,1.25,0.25,0.25,0.00025,76,82,15,1.020556,openb-pod-6237
synthetic_00713,preprocessing,preprocessing,1,1,,11.3,48.0,1,0.25,0.25,0.25,0.00025,76,85,15,0.017778,openb-pod-7228
synthetic_00714,preprocessing,preprocessing,1,1,,8.0,29.8017578125,2,0.5,0.15,0.15,0.00015,76,90,15,0.435278,openb-pod-5354
synthetic_00715,preprocessing,preprocessing,1,1,,3.152,5.46875,1,0.25,0.25,0.25,0.00025,59,68,15,0.019167,openb-pod-1584
synthetic_00716,preprocessing,preprocessing,1,1,,4.0,24.0,6,1.5,0.25,0.25,0.00025,66,78,15,1.271111,openb-pod-5985
synthetic_00717,fine_tuning,fine_tuning,1,1,T4,3.152,5.46875,1,0.25,0.07,0.07,7e-05,73,84,15,0.043611,openb-pod-1369
synthetic_00718,preprocessing,preprocessing,1,1,,1.0,6.0,3,0.75,0.25,0.25,0.00025,11,22,15,0.559167,openb-pod-6781
synthetic_00719,fine_tuning,fine_tuning,1,1,T4,3.152,5.46875,1,0.25,0.07,0.07,7e-05,59,71,15,0.058889,openb-pod-1700
synthetic_00720,preprocessing,preprocessing,1,1,,3.152,5.46875,1,0.25,0.35,0.35,0.00035,38,47,15,0.033611,openb-pod-3494
synthetic_00721,fine_tuning,fine_tuning,1,1,G2,16.0,32.0,2,0.5,0.35,0.35,0.00035,3,17,15,0.468056,openb-pod-1577
synthetic_00722,fine_tuning,fine_tuning,1,1,T4,8.0,29.8017578125,1,0.25,0.07,0.07,7e-05,52,62,15,0.018056,openb-pod-0913
synthetic_00723,preprocessing,preprocessing,1,1,,8.0,16.0,4,1.0,0.25,0.25,0.00025,60,75,15,0.873056,openb-pod-3398
synthetic_00724,preprocessing,preprocessing,1,1,,16.4,123.0,2,0.5,0.25,0.25,0.00025,26,35,15,0.282222,openb-pod-6829
synthetic_00725,preprocessing,preprocessing,1,1,,4.0,14.900390625,1,0.25,0.35,0.35,0.00035,20,32,15,0.199722,openb-pod-6927
synthetic_00726,preprocessing,preprocessing,1,1,,8.0,32.0,6,1.5,0.07,0.07,7e-05,8,20,15,1.433333,openb-pod-3966
synthetic_00727,preprocessing,preprocessing,1,1,,11.3,48.0,2,0.5,0.35,0.35,0.00035,74,82,15,0.364167,openb-pod-5392
synthetic_00728,preprocessing,preprocessing,1,1,,11.3,48.0,1,0.25,0.25,0.25,0.00025,84,95,15,0.021944,openb-pod-7585
synthetic_00729,fine_tuning,fine_tuning,1,1,T4,3.152,5.46875,1,0.25,0.07,0.07,7e-05,38,50,15,0.060556,openb-pod-0799
synthetic_00730,preprocessing,preprocessing,1,1,,3.152,5.46875,1,0.25,0.35,0.35,0.00035,20,27,15,0.004444,openb-pod-7375
synthetic_00731,preprocessing,preprocessing,1,1,,11.3,48.0,1,0.25,0.25,0.25,0.00025,73,88,15,0.025556,openb-pod-6738
synthetic_00732,preprocessing,preprocessing,1,1,,3.152,5.46875,1,0.25,0.25,0.25,0.00025,50,60,15,0.024722,openb-pod-1670
synthetic_00733,preprocessing,preprocessing,1,1,,11.3,48.0,2,0.5,0.15,0.15,0.00015,5,13,15,0.271111,openb-pod-6008
synthetic_00734,preprocessing,preprocessing,1,1,,11.3,48.0,1,0.25,0.15,0.15,0.00015,49,61,15,0.055,openb-pod-4870
synthetic_00735,preprocessing,preprocessing,1,1,,8.2,33.0,2,0.5,0.25,0.25,0.00025,65,76,15,0.354444,openb-pod-4271
synthetic_00736,preprocessing,preprocessing,1,1,,24.2,91.0,3,0.75,0.07,0.07,7e-05,2,10,15,0.6175,openb-pod-5740
synthetic_00737,preprocessing,preprocessing,1,1,,11.4,47.0,1,0.25,0.25,0.25,0.00025,27,35,15,0.181389,openb-pod-3399
synthetic_00738,fine_tuning,fine_tuning,1,1,T4,16.0,32.0,3,0.75,0.07,0.07,7e-05,6,15,15,0.565556,openb-pod-3601
synthetic_00739,preprocessing,preprocessing,1,1,,4.0,14.900390625,1,0.25,0.07,0.07,7e-05,53,66,15,0.149722,openb-pod-0137
synthetic_00740,preprocessing,preprocessing,1,1,,3.152,5.46875,1,0.25,0.15,0.15,0.00015,35,50,15,0.079167,openb-pod-5125
synthetic_00741,fine_tuning,fine_tuning,1,1,G2,8.2,33.0,1,0.25,0.35,0.35,0.00035,42,46,15,0.165556,openb-pod-3865
synthetic_00742,preprocessing,preprocessing,1,1,,4.0,29.8017578125,1,0.25,0.25,0.25,0.00025,38,52,15,0.013889,openb-pod-2141
synthetic_00743,preprocessing,preprocessing,1,1,,11.908,46.0,2,0.5,0.35,0.35,0.00035,5,9,15,0.435,openb-pod-5030
synthetic_00744,training,training,1,1,V100M16|V100M32,11.4,47.0,4,1.0,0.25,0.25,0.00025,0,11,15,0.773889,openb-pod-2027
synthetic_00745,preprocessing,preprocessing,1,1,,16.0,32.0,5,1.25,0.07,0.07,7e-05,42,54,15,1.007222,openb-pod-4468
synthetic_00746,preprocessing,preprocessing,1,1,,4.0,22.3515625,4,1.0,0.25,0.25,0.00025,65,74,15,0.755278,openb-pod-2131
synthetic_00747,preprocessing,preprocessing,1,1,,9.81,40.5859375,1,0.25,0.35,0.35,0.00035,83,92,15,0.206111,openb-pod-3719
synthetic_00748,training,training,1,1,V100M16|V100M32,9.81,40.5859375,2,0.5,0.25,0.25,0.00025,66,72,15,0.299444,openb-pod-0434
synthetic_00749,preprocessing,preprocessing,1,1,,11.4,47.0,1,0.25,0.25,0.25,0.00025,59,69,15,0.185278,openb-pod-3176
synthetic_00750,preprocessing,preprocessing,1,1,,11.3,48.0,1,0.25,0.25,0.25,0.00025,45,56,15,0.183333,openb-pod-4705
synthetic_00751,preprocessing,preprocessing,1,1,,15.7,57.0,1,0.25,0.35,0.35,0.00035,38,43,15,0.0175,openb-pod-3004
synthetic_00752,preprocessing,preprocessing,1,1,,3.152,5.46875,2,0.5,0.07,0.07,7e-05,20,27,15,0.324444,openb-pod-4860
synthetic_00753,preprocessing,preprocessing,1,1,,24.2,91.0,1,0.25,0.25,0.25,0.00025,83,91,15,0.1675,openb-pod-5928
synthetic_00754,preprocessing,preprocessing,1,1,,12.0,24.0,2,0.5,0.35,0.35,0.00035,22,32,15,0.432222,openb-pod-2442
synthetic_00755,preprocessing,preprocessing,1,1,,9.81,40.5859375,1,0.25,0.35,0.35,0.00035,46,55,15,0.139722,openb-pod-6186
synthetic_00756,fine_tuning,fine_tuning,1,1,G2,8.0,16.0,3,0.75,0.35,0.35,0.00035,4,11,15,0.749722,openb-pod-0547
synthetic_00757,preprocessing,preprocessing,1,1,A10|G2|T4|V100M16|V100M32,11.3,48.0,1,0.25,0.25,0.25,0.00025,39,51,15,0.085278,openb-pod-5088
synthetic_00758,preprocessing,preprocessing,1,1,,4.0,24.0,5,1.25,0.25,0.25,0.00025,87,91,15,1.1175,openb-pod-5729
synthetic_00759,fine_tuning,fine_tuning,1,1,T4,18.708,63.0,1,0.25,0.07,0.07,7e-05,84,91,15,0.020278,openb-pod-6933
synthetic_00760,preprocessing,preprocessing,1,1,,11.4,47.0,2,0.5,0.25,0.25,0.00025,84,94,15,0.391389,openb-pod-4139
synthetic_00761,preprocessing,preprocessing,1,1,,11.908,46.0,1,0.25,0.07,0.07,7e-05,71,76,15,0.018333,openb-pod-7176
synthetic_00762,preprocessing,preprocessing,1,1,,3.152,5.46875,1,0.25,0.07,0.07,7e-05,39,49,15,0.043611,openb-pod-7373
synthetic_00763,preprocessing,preprocessing,1,1,P100|V100M16|V100M32,14.2,57.0,1,0.25,0.25,0.25,0.00025,51,59,15,0.013889,openb-pod-5267
synthetic_00764,fine_tuning,fine_tuning,1,1,T4,9.81,40.5859375,3,0.75,0.07,0.07,7e-05,16,28,15,0.639167,openb-pod-3916
synthetic_00765,preprocessing,preprocessing,1,1,,15.2,79.0,5,1.25,0.25,0.25,0.00025,44,53,15,1.064722,openb-pod-4510
synthetic_00766,preprocessing,preprocessing,1,1,,11.3,48.0,6,1.5,0.35,0.35,0.00035,0,9,15,1.341667,openb-pod-6633
synthetic_00767,preprocessing,preprocessing,1,1,,3.152,5.46875,2,0.5,0.25,0.25,0.00025,3,16,15,0.317778,openb-pod-3555
synthetic_00768,preprocessing,preprocessing,1,1,,3.152,5.46875,1,0.25,0.35,0.35,0.00035,31,38,15,0.011389,openb-pod-2177
synthetic_00769,fine_tuning,fine_tuning,1,1,T4,8.0,16.0,14,3.5,0.07,0.07,7e-05,70,82,15,3.41,openb-pod-7337
synthetic_00770,preprocessing,preprocessing,1,1,P100|V100M16|V100M32,11.3,48.0,2,0.5,0.25,0.25,0.00025,20,31,15,0.433889,openb-pod-4909
synthetic_00771,preprocessing,preprocessing,1,1,,11.3,48.0,4,1.0,0.35,0.35,0.00035,85,92,15,0.807222,openb-pod-5429
synthetic_00772,preprocessing,preprocessing,1,1,P100|V100M16|V100M32,11.4,47.0,1,0.25,0.25,0.25,0.00025,17,28,15,0.166389,openb-pod-0680
synthetic_00773,fine_tuning,fine_tuning,1,1,T4,11.3,48.0,1,0.25,0.07,0.07,7e-05,69,82,15,0.226667,openb-pod-4706
synthetic_00774,fine_tuning,fine_tuning,1,1,T4,11.908,46.0,1,0.25,0.07,0.07,7e-05,19,25,15,0.049444,openb-pod-7951
synthetic_00775,fine_tuning,fine_tuning,1,1,T4,8.0,29.8017578125,1,0.25,0.07,0.07,7e-05,0,4,15,0.046667,openb-pod-5986
synthetic_00776,preprocessing,preprocessing,1,1,,3.152,5.46875,1,0.25,0.07,0.07,7e-05,55,62,15,0.118889,openb-pod-7561
synthetic_00777,fine_tuning,fine_tuning,1,1,P100,4.0,22.3515625,6,1.5,0.25,0.25,0.00025,77,89,15,1.260556,openb-pod-6367
synthetic_00778,preprocessing,preprocessing,1,1,,3.152,5.46875,1,0.25,0.35,0.35,0.00035,84,95,15,0.045556,openb-pod-7827
synthetic_00779,preprocessing,preprocessing,1,1,,4.0,29.8017578125,1,0.25,0.25,0.25,0.00025,44,49,15,0.206667,openb-pod-2203
synthetic_00780,fine_tuning,fine_tuning,1,1,T4,11.3,48.0,1,0.25,0.07,0.07,7e-05,84,92,15,0.172222,openb-pod-5009
synthetic_00781,training,training,1,1,V100M16|V100M32,9.81,40.5859375,2,0.5,0.25,0.25,0.00025,8,16,15,0.299444,openb-pod-0434
synthetic_00782,fine_tuning,fine_tuning,1,1,T4,11.908,46.0,3,0.75,0.07,0.07,7e-05,75,85,15,0.657778,openb-pod-7943
synthetic_00783,preprocessing,preprocessing,1,1,,8.0,29.8017578125,1,0.25,0.25,0.25,0.00025,29,37,15,0.030556,openb-pod-4340
synthetic_00784,fine_tuning,fine_tuning,1,1,T4,11.3,48.0,1,0.25,0.07,0.07,7e-05,34,41,15,0.038889,openb-pod-5340
synthetic_00785,preprocessing,preprocessing,1,1,,4.152,10.3515625,1,0.25,0.25,0.25,0.00025,31,40,15,0.121389,openb-pod-0968
synthetic_00786,preprocessing,preprocessing,1,1,,3.152,5.46875,1,0.25,0.35,0.35,0.00035,30,39,15,0.033889,openb-pod-1355
synthetic_00787,preprocessing,preprocessing,1,1,,14.9,72.0,6,1.5,0.35,0.35,0.00035,44,54,15,1.281667,openb-pod-3757
synthetic_00788,fine_tuning,fine_tuning,1,1,P100,11.908,46.0,1,0.25,0.25,0.25,0.00025,2,17,15,0.0175,openb-pod-4594
synthetic_00789,fine_tuning,fine_tuning,1,1,G2,16.0,32.0,2,0.5,0.35,0.35,0.00035,81,94,15,0.438333,openb-pod-0327
synthetic_00790,preprocessing,preprocessing,1,1,,4.0,29.8017578125,5,1.25,0.25,0.25,0.00025,14,26,15,1.076944,openb-pod-6607
synthetic_00791,preprocessing,preprocessing,1,1,,3.152,5.46875,2,0.5,0.15,0.15,0.00015,58,73,15,0.263056,openb-pod-3347
synthetic_00792,preprocessing,preprocessing,1,1,,4.0,22.3515625,6,1.5,0.25,0.25,0.00025,39,43,15,1.265,openb-pod-1543
synthetic_00793,preprocessing,preprocessing,1,1,,3.152,5.46875,1,0.25,0.07,0.07,7e-05,39,51,15,0.055556,openb-pod-3351
synthetic_00794,preprocessing,preprocessing,1,1,,8.0,29.8017578125,8,2.0,0.35,0.35,0.00035,51,62,15,1.789722,openb-pod-0463
synthetic_00795,preprocessing,preprocessing,1,1,,18.708,63.0,1,0.25,0.25,0.25,0.00025,63,71,15,0.023611,openb-pod-6533
synthetic_00796,preprocessing,preprocessing,1,1,,3.152,5.46875,1,0.25,0.25,0.25,0.00025,78,85,15,0.088889,openb-pod-0339
synthetic_00797,preprocessing,preprocessing,1,1,,11.908,46.0,3,0.75,0.25,0.25,0.00025,57,68,15,0.710278,openb-pod-6226
synthetic_00798,preprocessing,preprocessing,1,1,,3.152,5.46875,1,0.25,0.35,0.35,0.00035,79,87,15,0.021111,openb-pod-4162
synthetic_00799,training,training,1,1,V100M16|V100M32,11.4,47.0,1,0.25,0.25,0.25,0.00025,41,51,15,0.033333,openb-pod-2809
synthetic_00800,preprocessing,preprocessing,1,1,,3.152,5.46875,1,0.25,0.35,0.35,0.00035,28,42,15,0.010278,openb-pod-7275
synthetic_00801,preprocessing,preprocessing,1,1,,12.0,24.0,2,0.5,0.25,0.25,0.00025,14,29,15,0.307778,openb-pod-1443
synthetic_00802,preprocessing,preprocessing,1,1,,11.3,48.0,1,0.25,0.25,0.25,0.00025,8,18,15,0.12,openb-pod-4946
synthetic_00803,preprocessing,preprocessing,1,1,,3.152,5.46875,1,0.25,0.07,0.07,7e-05,26,33,15,0.036111,openb-pod-7200
synthetic_00804,fine_tuning,fine_tuning,1,1,T4,3.152,5.46875,1,0.25,0.07,0.07,7e-05,10,20,15,0.058611,openb-pod-1747
synthetic_00805,preprocessing,preprocessing,1,1,,11.3,48.0,1,0.25,0.35,0.35,0.00035,20,35,15,0.065,openb-pod-7578
synthetic_00806,preprocessing,preprocessing,1,1,,8.0,29.8017578125,4,1.0,0.25,0.25,0.00025,46,56,15,0.978056,openb-pod-0893
synthetic_00807,preprocessing,preprocessing,1,1,,3.152,5.46875,1,0.25,0.25,0.25,0.00025,20,29,15,0.087222,openb-pod-3964
synthetic_00808,preprocessing,preprocessing,1,1,,8.0,29.8017578125,2,0.5,0.25,0.25,0.00025,19,31,15,0.363333,openb-pod-2549
synthetic_00809,preprocessing,preprocessing,1,1,,11.3,48.0,1,0.25,0.07,0.07,7e-05,5,17,15,0.015833,openb-pod-5572
synthetic_00810,preprocessing,preprocessing,1,1,,8.0,29.8017578125,1,0.25,0.25,0.25,0.00025,38,44,15,0.154444,openb-pod-0455
synthetic_00811,preprocessing,preprocessing,1,1,,16.0,32.0,3,0.75,0.25,0.25,0.00025,45,54,15,0.595833,openb-pod-0521
synthetic_00812,preprocessing,preprocessing,1,1,,11.3,48.0,1,0.25,0.35,0.35,0.00035,48,59,15,0.015,openb-pod-7894
synthetic_00813,training,training,1,1,V100M16|V100M32,11.4,47.0,2,0.5,0.25,0.25,0.00025,19,29,15,0.271944,openb-pod-4568
synthetic_00814,preprocessing,preprocessing,1,1,,6.0,6.0,1,0.25,0.07,0.07,7e-05,39,50,15,0.225278,openb-pod-2187
synthetic_00815,preprocessing,preprocessing,1,1,,11.4,76.0,2,0.5,0.25,0.25,0.00025,0,11,15,0.371944,openb-pod-5756
synthetic_00816,preprocessing,preprocessing,1,1,,4.152,10.3515625,1,0.25,0.35,0.35,0.00035,12,23,15,0.0075,openb-pod-0883
synthetic_00817,preprocessing,preprocessing,1,1,,3.152,5.46875,1,0.25,0.07,0.07,7e-05,59,66,15,0.036667,openb-pod-4154
synthetic_00818,preprocessing,preprocessing,1,1,,11.908,46.0,1,0.25,0.35,0.35,0.00035,83,91,15,0.154722,openb-pod-7225
synthetic_00819,preprocessing,preprocessing,1,1,P100|T4|V100M16|V100M32,11.908,46.0,3,0.75,0.07,0.07,7e-05,13,18,15,0.584167,openb-pod-0087
synthetic_00820,preprocessing,preprocessing,1,1,G2|P100|T4|V100M16|V100M32,11.4,47.0,2,0.5,0.25,0.25,0.00025,35,42,15,0.433889,openb-pod-3679
synthetic_00821,training,training,1,1,V100M16|V100M32,11.3,48.0,1,0.25,0.25,0.25,0.00025,60,68,15,0.023611,openb-pod-7688
synthetic_00822,fine_tuning,fine_tuning,1,1,P100,3.152,5.46875,1,0.25,0.25,0.25,0.00025,15,21,15,0.091389,openb-pod-7298
synthetic_00823,preprocessing,preprocessing,1,1,,3.152,5.46875,1,0.25,0.35,0.35,0.00035,70,79,15,0.062778,openb-pod-0567
synthetic_00824,preprocessing,preprocessing,1,1,,8.0,32.0,2,0.5,0.25,0.25,0.00025,62,75,15,0.333611,openb-pod-1221
synthetic_00825,fine_tuning,fine_tuning,1,1,T4,3.152,5.46875,1,0.25,0.07,0.07,7e-05,88,95,15,0.116389,openb-pod-7892
synthetic_00826,preprocessing,preprocessing,1,1,,11.908,46.0,2,0.5,0.35,0.35,0.00035,49,62,15,0.383611,openb-pod-4369
synthetic_00827,preprocessing,preprocessing,1,1,,11.4,47.0,2,0.5,0.25,0.25,0.00025,36,44,15,0.390556,openb-pod-4495
synthetic_00828,preprocessing,preprocessing,1,1,,3.152,5.46875,1,0.25,0.35,0.35,0.00035,74,80,15,0.024722,openb-pod-7294
synthetic_00829,fine_tuning,fine_tuning,1,1,T4,3.152,5.46875,1,0.25,0.07,0.07,7e-05,5,12,15,0.022778,openb-pod-1692
synthetic_00830,preprocessing,preprocessing,1,1,,8.0,32.0,2,0.5,0.25,0.25,0.00025,61,68,15,0.324167,openb-pod-2606
synthetic_00831,preprocessing,preprocessing,1,1,,3.152,5.46875,1,0.25,0.35,0.35,0.00035,72,82,15,0.048611,openb-pod-0256
synthetic_00832,fine_tuning,fine_tuning,1,1,T4,3.152,5.46875,1,0.25,0.07,0.07,7e-05,70,80,15,0.151389,openb-pod-3364
synthetic_00833,preprocessing,preprocessing,1,1,,3.152,5.46875,1,0.25,0.25,0.25,0.00025,78,90,15,0.056111,openb-pod-0356
synthetic_00834,preprocessing,preprocessing,1,1,,11.908,46.0,1,0.25,0.35,0.35,0.00035,67,79,15,0.121111,openb-pod-6528
synthetic_00835,preprocessing,preprocessing,1,1,,4.152,10.3515625,1,0.25,0.35,0.35,0.00035,75,82,15,0.0075,openb-pod-1223
synthetic_00836,preprocessing,preprocessing,1,1,,14.2,57.0,1,0.25,0.07,0.07,7e-05,51,64,15,0.186111,openb-pod-6241
synthetic_00837,training,training,1,1,V100M16|V100M32,12.0,24.0,5,1.25,0.25,0.25,0.00025,65,77,15,1.016389,openb-pod-2754
synthetic_00838,fine_tuning,fine_tuning,1,1,T4,4.0,30.517578125,6,1.5,0.07,0.07,7e-05,48,59,15,1.415556,openb-pod-2347
synthetic_00839,training,training,1,1,V100M16|V100M32,18.708,63.0,1,0.25,0.25,0.25,0.00025,57,70,15,0.150278,openb-pod-2596
synthetic_00840,preprocessing,preprocessing,1,1,,3.152,5.46875,1,0.25,0.15,0.15,0.00015,34,43,15,0.051389,openb-pod-0464
synthetic_00841,preprocessing,preprocessing,1,1,,3.152,5.46875,1,0.25,0.25,0.25,0.00025,31,46,15,0.0075,openb-pod-7888
synthetic_00842,preprocessing,preprocessing,1,1,,3.152,5.46875,1,0.25,0.25,0.25,0.00025,79,85,15,0.029167,openb-pod-7893
synthetic_00843,preprocessing,preprocessing,1,1,,3.152,5.46875,1,0.25,0.25,0.25,0.00025,0,6,15,0.005278,openb-pod-0973
synthetic_00844,preprocessing,preprocessing,1,1,,3.152,5.46875,1,0.25,0.35,0.35,0.00035,73,80,15,0.056111,openb-pod-0356
synthetic_00845,fine_tuning,fine_tuning,1,1,T4,24.2,91.0,3,0.75,0.07,0.07,7e-05,20,24,15,0.502222,openb-pod-6610
synthetic_00846,preprocessing,preprocessing,1,1,,11.3,48.0,1,0.25,0.35,0.35,0.00035,50,61,15,0.151667,openb-pod-5648
synthetic_00847,fine_tuning,fine_tuning,1,1,G2,11.3,48.0,4,1.0,0.35,0.35,0.00035,62,76,15,0.968056,openb-pod-6897
synthetic_00848,fine_tuning,fine_tuning,1,1,G2,3.152,5.46875,1,0.25,0.35,0.35,0.00035,0,4,15,0.033333,openb-pod-0155
synthetic_00849,fine_tuning,fine_tuning,1,1,T4,3.152,5.46875,3,0.75,0.07,0.07,7e-05,51,63,15,0.661111,openb-pod-7914
synthetic_00850,preprocessing,preprocessing,1,1,,11.3,48.0,1,0.25,0.25,0.25,0.00025,67,76,15,0.016389,openb-pod-7210
synthetic_00851,preprocessing,preprocessing,1,1,,4.0,14.900390625,1,0.25,0.07,0.07,7e-05,82,86,15,0.101944,openb-pod-0465
synthetic_00852,preprocessing,preprocessing,1,1,,3.152,5.46875,2,0.5,0.35,0.35,0.00035,20,28,15,0.357222,openb-pod-7227
synthetic_00853,preprocessing,preprocessing,1,1,G2|P100|T4|V100M16|V100M32,8.0,16.0,7,1.75,0.25,0.25,0.00025,56,62,15,1.672222,openb-pod-3690
synthetic_00854,preprocessing,preprocessing,1,1,,11.3,48.0,1,0.25,0.35,0.35,0.00035,41,55,15,0.070556,openb-pod-5058
synthetic_00855,preprocessing,preprocessing,1,1,,18.708,63.0,3,0.75,0.25,0.25,0.00025,46,58,15,0.643333,openb-pod-4000
synthetic_00856,preprocessing,preprocessing,1,1,,9.81,40.5859375,1,0.25,0.25,0.25,0.00025,83,92,15,0.088333,openb-pod-6410
synthetic_00857,fine_tuning,fine_tuning,1,1,T4,11.3,48.0,1,0.25,0.07,0.07,7e-05,36,42,15,0.226667,openb-pod-4706
synthetic_00858,preprocessing,preprocessing,1,1,,3.152,5.46875,1,0.25,0.15,0.15,0.00015,21,29,15,0.041944,openb-pod-1587
synthetic_00859,fine_tuning,fine_tuning,1,1,P100,11.908,46.0,1,0.25,0.25,0.25,0.00025,76,84,15,0.012222,openb-pod-5063
synthetic_00860,preprocessing,preprocessing,1,1,,9.81,40.5859375,1,0.25,0.25,0.25,0.00025,31,44,15,0.118611,openb-pod-6409
synthetic_00861,preprocessing,preprocessing,1,1,,4.0,24.0,5,1.25,0.15,0.15,0.00015,0,6,15,1.1125,openb-pod-5247
synthetic_00862,fine_tuning,fine_tuning,1,1,T4,3.152,5.46875,1,0.25,0.07,0.07,7e-05,85,95,15,0.236944,openb-pod-3765
synthetic_00863,fine_tuning,fine_tuning,1,1,G2,15.7,57.0,4,1.0,0.35,0.35,0.00035,53,65,15,0.752222,openb-pod-3266
synthetic_00864,preprocessing,preprocessing,1,1,,16.0,64.0,8,2.0,0.25,0.25,0.00025,60,71,15,1.903333,openb-pod-2709
synthetic_00865,preprocessing,preprocessing,1,1,,8.0,16.0,2,0.5,0.35,0.35,0.00035,28,39,15,0.315556,openb-pod-3086
synthetic_00866,preprocessing,preprocessing,1,1,,3.152,5.46875,1,0.25,0.35,0.35,0.00035,0,12,15,0.084722,openb-pod-3249
synthetic_00867,preprocessing,preprocessing,1,1,,3.152,5.46875,1,0.25,0.35,0.35,0.00035,25,35,15,0.130833,openb-pod-7513
synthetic_00868,preprocessing,preprocessing,1,1,,11.3,48.0,1,0.25,0.35,0.35,0.00035,86,95,15,0.047778,openb-pod-7843
synthetic_00869,training,training,1,1,V100M16|V100M32,8.0,32.0,2,0.5,0.25,0.25,0.00025,82,93,15,0.4,openb-pod-6345
synthetic_00870,preprocessing,preprocessing,1,1,,11.3,48.0,1,0.25,0.25,0.25,0.00025,85,95,15,0.155278,openb-pod-4850
synthetic_00871,preprocessing,preprocessing,1,1,,8.0,29.8017578125,5,1.25,0.25,0.25,0.00025,62,74,15,1.193333,openb-pod-0471
synthetic_00872,preprocessing,preprocessing,1,1,,11.3,48.0,1,0.25,0.25,0.25,0.00025,83,95,15,0.017778,openb-pod-7228
synthetic_00873,preprocessing,preprocessing,1,1,,4.0,14.900390625,1,0.25,0.25,0.25,0.00025,2,15,15,0.015,openb-pod-4792
synthetic_00874,preprocessing,preprocessing,1,1,,24.2,91.0,3,0.75,0.35,0.35,0.00035,57,66,15,0.676944,openb-pod-0624
synthetic_00875,preprocessing,preprocessing,1,1,,11.908,46.0,1,0.25,0.07,0.07,7e-05,52,60,15,0.1675,openb-pod-3217
synthetic_00876,fine_tuning,fine_tuning,1,1,T4,3.152,5.46875,1,0.25,0.07,0.07,7e-05,26,37,15,0.065,openb-pod-0169
synthetic_00877,training,training,1,1,V100M16|V100M32,11.4,47.0,1,0.25,0.25,0.25,0.00025,26,38,15,0.121944,openb-pod-1475
synthetic_00878,preprocessing,preprocessing,1,1,,16.0,32.0,4,1.0,0.35,0.35,0.00035,70,81,15,0.901667,openb-pod-2976
synthetic_00879,preprocessing,preprocessing,1,1,,3.152,5.46875,1,0.25,0.25,0.25,0.00025,0,9,15,0.0675,openb-pod-2295
synthetic_00880,fine_tuning,fine_tuning,1,1,V100M32,11.3,48.0,1,0.25,0.25,0.25,0.00025,0,6,15,0.052222,openb-pod-4888
synthetic_00881,preprocessing,preprocessing,1,1,,4.0,22.3515625,1,0.25,0.25,0.25,0.00025,70,80,15,0.095278,openb-pod-0875
synthetic_00882,preprocessing,preprocessing,1,1,,11.3,48.0,5,1.25,0.35,0.35,0.00035,36,43,15,1.142222,openb-pod-7049
synthetic_00883,preprocessing,preprocessing,1,1,,11.3,37.0,8,2.0,0.35,0.35,0.00035,54,61,15,1.775833,openb-pod-0442
synthetic_00884,fine_tuning,fine_tuning,1,1,T4,12.0,16.0,1,0.25,0.07,0.07,7e-05,39,49,15,0.183056,openb-pod-2458
synthetic_00885,preprocessing,preprocessing,1,1,,4.0,14.900390625,1,0.25,0.25,0.25,0.00025,89,95,15,0.014444,openb-pod-5394
synthetic_00886,preprocessing,preprocessing,1,1,,8.0,29.8017578125,16,4.0,0.07,0.07,7e-05,8,18,15,3.942222,openb-pod-4512
synthetic_00887,preprocessing,preprocessing,1,1,,11.3,48.0,1,0.25,0.25,0.25,0.00025,70,81,15,0.061944,openb-pod-7757
synthetic_00888,preprocessing,preprocessing,1,1,,3.152,5.46875,1,0.25,0.25,0.25,0.00025,8,23,15,0.128333,openb-pod-3175
synthetic_00889,preprocessing,preprocessing,1,1,,3.152,5.46875,2,0.5,0.25,0.25,0.00025,1,15,15,0.326667,openb-pod-4780
synthetic_00890,fine_tuning,fine_tuning,1,1,P100,8.0,29.8017578125,1,0.25,0.25,0.25,0.00025,75,81,15,0.012222,openb-pod-0142
synthetic_00891,fine_tuning,fine_tuning,1,1,T4,4.0,14.900390625,1,0.25,0.07,0.07,7e-05,32,44,15,0.043333,openb-pod-2532
synthetic_00892,preprocessing,preprocessing,1,1,,16.0,32.0,2,0.5,0.35,0.35,0.00035,71,86,15,0.28,openb-pod-2948
synthetic_00893,preprocessing,preprocessing,1,1,,11.3,48.0,1,0.25,0.35,0.35,0.00035,77,88,15,0.193333,openb-pod-6804
synthetic_00894,preprocessing,preprocessing,1,1,,18.708,63.0,1,0.25,0.07,0.07,7e-05,58,68,15,0.22,openb-pod-0952
synthetic_00895,preprocessing,preprocessing,1,1,,11.4,76.0,1,0.25,0.25,0.25,0.00025,77,84,15,0.016389,openb-pod-7555
synthetic_00896,preprocessing,preprocessing,1,1,,3.152,5.46875,2,0.5,0.25,0.25,0.00025,69,81,15,0.258611,openb-pod-4010
synthetic_00897,fine_tuning,fine_tuning,1,1,T4,18.708,63.0,4,1.0,0.07,0.07,7e-05,19,28,15,0.763611,openb-pod-3639
synthetic_00898,preprocessing,preprocessing,1,1,,24.2,91.0,6,1.5,0.35,0.35,0.00035,18,23,15,1.351944,openb-pod-1265
synthetic_00899,preprocessing,preprocessing,1,1,,3.152,5.46875,1,0.25,0.25,0.25,0.00025,25,29,15,0.086944,openb-pod-0176
synthetic_00900,preprocessing,preprocessing,1,1,,3.152,5.46875,1,0.25,0.25,0.25,0.00025,63,77,15,0.005833,openb-pod-7556
synthetic_00901,fine_tuning,fine_tuning,1,1,T4,3.152,5.46875,1,0.25,0.07,0.07,7e-05,20,26,15,0.084722,openb-pod-3301
synthetic_00902,fine_tuning,fine_tuning,1,1,T4,3.152,5.46875,1,0.25,0.07,0.07,7e-05,27,36,15,0.084722,openb-pod-3301
synthetic_00903,preprocessing,preprocessing,1,1,,3.152,5.46875,5,1.25,0.35,0.35,0.00035,74,82,15,1.079444,openb-pod-1924
synthetic_00904,fine_tuning,fine_tuning,1,1,T4,16.0,64.0,1,0.25,0.07,0.07,7e-05,0,11,15,0.172778,openb-pod-3237
synthetic_00905,preprocessing,preprocessing,1,1,,11.3,48.0,2,0.5,0.35,0.35,0.00035,0,4,15,0.465,openb-pod-6255
synthetic_00906,preprocessing,preprocessing,1,1,,3.152,5.46875,1,0.25,0.25,0.25,0.00025,83,95,15,0.098611,openb-pod-2242
synthetic_00907,fine_tuning,fine_tuning,1,1,T4,12.0,24.0,1,0.25,0.07,0.07,7e-05,59,67,15,0.024167,openb-pod-6752
synthetic_00908,preprocessing,preprocessing,1,1,,3.152,5.46875,1,0.25,0.35,0.35,0.00035,43,55,15,0.123056,openb-pod-4805
synthetic_00909,fine_tuning,fine_tuning,1,1,T4,3.152,5.46875,1,0.25,0.07,0.07,7e-05,16,28,15,0.054722,openb-pod-0519
synthetic_00910,preprocessing,preprocessing,1,1,,4.0,14.900390625,6,1.5,0.25,0.25,0.00025,29,42,15,1.3625,openb-pod-4570
synthetic_00911,preprocessing,preprocessing,1,1,,3.152,5.46875,1,0.25,0.35,0.35,0.00035,8,23,15,0.040278,openb-pod-1258
synthetic_00912,preprocessing,preprocessing,1,1,,3.152,5.46875,11,2.75,0.07,0.07,7e-05,34,45,15,2.748889,openb-pod-4644
synthetic_00913,fine_tuning,fine_tuning,1,1,T4,3.152,5.46875,1,0.25,0.07,0.07,7e-05,76,85,15,0.08,openb-pod-1449
synthetic_00914,preprocessing,preprocessing,1,1,,12.0,24.0,7,1.75,0.25,0.25,0.00025,57,70,15,1.583056,openb-pod-0309
synthetic_00915,preprocessing,preprocessing,1,1,,15.2,79.0,1,0.25,0.25,0.25,0.00025,83,93,15,0.247222,openb-pod-3656
synthetic_00916,fine_tuning,fine_tuning,1,1,T4,12.0,16.0,5,1.25,0.07,0.07,7e-05,53,62,15,1.016667,openb-pod-1339
synthetic_00917,preprocessing,preprocessing,1,1,,15.7,57.0,3,0.75,0.35,0.35,0.00035,36,45,15,0.517222,openb-pod-2260
synthetic_00918,preprocessing,preprocessing,1,1,,3.152,5.46875,1,0.25,0.25,0.25,0.00025,37,45,15,0.06,openb-pod-3262
synthetic_00919,preprocessing,preprocessing,1,1,,11.908,46.0,1,0.25,0.25,0.25,0.00025,2,13,15,0.010833,openb-pod-5309
synthetic_00920,preprocessing,preprocessing,1,1,,12.0,24.0,1,0.25,0.25,0.25,0.00025,57,66,15,0.058611,openb-pod-3003
synthetic_00921,fine_tuning,fine_tuning,1,1,P100,4.152,10.3515625,1,0.25,0.25,0.25,0.00025,84,94,15,0.015,openb-pod-1073
synthetic_00922,preprocessing,preprocessing,8,8,,64.2,257.0,1,0.25,0.56,0.56,0.00056,78,88,15,0.123056,openb-pod-2265
synthetic_00923,fine_tuning,fine_tuning,1,1,T4,12.0,24.0,5,1.25,0.07,0.07,7e-05,64,75,15,1.0075,openb-pod-4135
synthetic_00924,fine_tuning,fine_tuning,1,1,G2,11.4,47.0,2,0.5,0.35,0.35,0.00035,0,9,15,0.36,openb-pod-3561
synthetic_00925,preprocessing,preprocessing,1,1,,11.908,46.0,2,0.5,0.35,0.35,0.00035,79,84,15,0.355833,openb-pod-1548
synthetic_00926,preprocessing,preprocessing,1,1,,3.152,5.46875,1,0.25,0.25,0.25,0.00025,0,6,15,0.046111,openb-pod-0227
synthetic_00927,fine_tuning,fine_tuning,1,1,T4,3.152,5.46875,1,0.25,0.07,0.07,7e-05,51,60,15,0.059167,openb-pod-5303
synthetic_00928,fine_tuning,fine_tuning,1,1,T4,3.152,5.46875,1,0.25,0.07,0.07,7e-05,87,95,15,0.033611,openb-pod-3968
synthetic_00929,preprocessing,preprocessing,8,8,,64.2,257.0,1,0.25,2.0,2.0,0.002,33,42,15,0.118056,openb-pod-2080
synthetic_00930,fine_tuning,fine_tuning,1,1,T4,11.3,48.0,3,0.75,0.07,0.07,7e-05,11,17,15,0.626667,openb-pod-6254
synthetic_00931,fine_tuning,fine_tuning,1,1,T4,4.0,24.0,5,1.25,0.07,0.07,7e-05,61,74,15,1.125,openb-pod-3272
synthetic_00932,preprocessing,preprocessing,1,1,,3.152,5.46875,1,0.25,0.25,0.25,0.00025,17,28,15,0.035833,openb-pod-2021
synthetic_00933,preprocessing,preprocessing,1,1,,11.908,46.0,1,0.25,0.25,0.25,0.00025,66,74,15,0.020833,openb-pod-3716
synthetic_00934,fine_tuning,fine_tuning,1,1,T4,3.152,5.46875,1,0.25,0.07,0.07,7e-05,9,20,15,0.093611,openb-pod-3155
synthetic_00935,preprocessing,preprocessing,1,1,,8.0,29.8017578125,2,0.5,0.35,0.35,0.00035,66,79,15,0.263056,openb-pod-6436
synthetic_00936,fine_tuning,fine_tuning,1,1,G2,12.0,24.0,4,1.0,0.35,0.35,0.00035,58,68,15,0.948056,openb-pod-0136
synthetic_00937,preprocessing,preprocessing,1,1,,4.0,24.0,5,1.25,0.15,0.15,0.00015,24,29,15,1.163056,openb-pod-0140
synthetic_00938,preprocessing,preprocessing,1,1,,11.3,48.0,1,0.25,0.35,0.35,0.00035,72,79,15,0.09,openb-pod-6160
synthetic_00939,preprocessing,preprocessing,1,1,,11.908,46.0,1,0.25,0.07,0.07,7e-05,25,32,15,0.135833,openb-pod-6553
synthetic_00940,preprocessing,preprocessing,1,1,,11.908,46.0,2,0.5,0.15,0.15,0.00015,9,17,15,0.435,openb-pod-5030
synthetic_00941,preprocessing,preprocessing,1,1,,9.81,40.5859375,4,1.0,0.35,0.35,0.00035,33,43,15,0.954444,openb-pod-3822
synthetic_00942,preprocessing,preprocessing,1,1,,11.908,46.0,1,0.25,0.25,0.25,0.00025,21,26,15,0.015833,openb-pod-5062
synthetic_00943,preprocessing,preprocessing,1,1,,11.3,48.0,1,0.25,0.07,0.07,7e-05,21,26,15,0.025556,openb-pod-5573
synthetic_00944,fine_tuning,fine_tuning,1,1,T4,4.0,14.900390625,1,0.25,0.07,0.07,7e-05,0,7,15,0.104722,openb-pod-3868
synthetic_00945,fine_tuning,fine_tuning,1,1,V100M32,4.0,24.0,5,1.25,0.25,0.25,0.00025,46,59,15,1.119444,openb-pod-3750
synthetic_00946,preprocessing,preprocessing,1,1,,11.4,47.0,6,1.5,0.25,0.25,0.00025,82,90,15,1.290833,openb-pod-2841
synthetic_00947,preprocessing,preprocessing,1,1,,11.3,48.0,3,0.75,0.25,0.25,0.00025,11,18,15,0.635556,openb-pod-6637
synthetic_00948,preprocessing,preprocessing,1,1,,3.152,5.46875,1,0.25,0.25,0.25,0.00025,0,12,15,0.003056,openb-pod-7138
synthetic_00949,training,training,1,1,V100M16|V100M32,11.4,47.0,2,0.5,0.25,0.25,0.00025,23,32,15,0.434722,openb-pod-4480
synthetic_00950,preprocessing,preprocessing,1,1,,11.9,76.0,4,1.0,0.25,0.25,0.00025,72,84,15,0.868611,openb-pod-3008
synthetic_00951,preprocessing,preprocessing,1,1,,9.81,40.5859375,1,0.25,0.07,0.07,7e-05,84,95,15,0.017778,openb-pod-3834
synthetic_00952,preprocessing,preprocessing,1,1,,11.4,47.0,2,0.5,0.25,0.25,0.00025,35,48,15,0.451667,openb-pod-0845
synthetic_00953,preprocessing,preprocessing,1,1,,3.152,5.46875,1,0.25,0.35,0.35,0.00035,83,91,15,0.006389,openb-pod-5814
synthetic_00954,preprocessing,preprocessing,1,1,,11.908,46.0,11,2.75,0.35,0.35,0.00035,74,83,15,2.685833,openb-pod-8053
synthetic_00955,preprocessing,preprocessing,1,1,,3.152,5.46875,1,0.25,0.35,0.35,0.00035,80,93,15,0.055,openb-pod-1818
synthetic_00956,preprocessing,preprocessing,1,1,A10|G2|P100|T4|V100M16|V100M32,9.81,40.5859375,4,1.0,0.25,0.25,0.00025,29,39,15,0.867778,openb-pod-3883
synthetic_00957,preprocessing,preprocessing,1,1,P100|V100M16|V100M32,14.2,57.0,1,0.25,0.25,0.25,0.00025,49,61,15,0.012222,openb-pod-5235
synthetic_00958,preprocessing,preprocessing,1,1,,12.0,15.0,4,1.0,0.35,0.35,0.00035,47,56,15,0.917222,openb-pod-3258
synthetic_00959,fine_tuning,fine_tuning,1,1,T4,3.152,5.46875,1,0.25,0.07,0.07,7e-05,76,82,15,0.084167,openb-pod-3085
synthetic_00960,training,training,1,1,V100M16|V100M32,11.3,48.0,3,0.75,0.25,0.25,0.00025,9,16,15,0.531389,openb-pod-5158
synthetic_00961,preprocessing,preprocessing,1,1,,3.152,5.46875,1,0.25,0.35,0.35,0.00035,0,5,15,0.055,openb-pod-2206
synthetic_00962,fine_tuning,fine_tuning,1,1,T4,3.152,5.46875,1,0.25,0.07,0.07,7e-05,80,91,15,0.074167,openb-pod-7559
synthetic_00963,fine_tuning,fine_tuning,1,1,G2,3.152,5.46875,1,0.25,0.35,0.35,0.00035,70,81,15,0.053333,openb-pod-0703
synthetic_00964,preprocessing,preprocessing,1,1,,3.152,5.46875,1,0.25,0.07,0.07,7e-05,0,6,15,0.009444,openb-pod-7199
synthetic_00965,preprocessing,preprocessing,1,1,,11.4,47.0,1,0.25,0.25,0.25,0.00025,52,63,15,0.195556,openb-pod-4524
synthetic_00966,preprocessing,preprocessing,1,1,,15.7,57.0,3,0.75,0.07,0.07,7e-05,0,7,15,0.583611,openb-pod-2505
synthetic_00967,preprocessing,preprocessing,1,1,,11.908,46.0,2,0.5,0.25,0.25,0.00025,30,37,15,0.316111,openb-pod-5399
synthetic_00968,preprocessing,preprocessing,1,1,,3.152,5.46875,1,0.25,0.15,0.15,0.00015,1,15,15,0.056389,openb-pod-3329
synthetic_00969,fine_tuning,fine_tuning,1,1,G2,15.7,57.0,3,0.75,0.35,0.35,0.00035,38,46,15,0.589167,openb-pod-1324
synthetic_00970,fine_tuning,fine_tuning,1,1,P100,3.152,5.46875,1,0.25,0.25,0.25,0.00025,39,52,15,0.036944,openb-pod-6916
synthetic_00971,preprocessing,preprocessing,1,1,,3.152,5.46875,1,0.25,0.35,0.35,0.00035,63,74,15,0.058333,openb-pod-2183
synthetic_00972,preprocessing,preprocessing,1,1,,3.152,5.46875,1,0.25,0.07,0.07,7e-05,36,40,15,0.048056,openb-pod-0264
synthetic_00973,preprocessing,preprocessing,1,1,,12.0,15.0,15,3.75,0.25,0.25,0.00025,20,27,15,3.616944,openb-pod-0821
synthetic_00974,fine_tuning,fine_tuning,1,1,T4,11.4,47.0,1,0.25,0.07,0.07,7e-05,12,24,15,0.061111,openb-pod-2457
synthetic_00975,preprocessing,preprocessing,1,1,,4.0,24.0,5,1.25,0.35,0.35,0.00035,0,11,15,1.235278,openb-pod-6845
synthetic_00976,preprocessing,preprocessing,1,1,,3.152,5.46875,5,1.25,0.25,0.25,0.00025,22,33,15,1.092778,openb-pod-4138
synthetic_00977,preprocessing,preprocessing,1,1,,11.908,46.0,9,2.25,0.25,0.25,0.00025,75,84,15,2.147222,openb-pod-8054
synthetic_00978,fine_tuning,fine_tuning,1,1,T4,11.908,46.0,2,0.5,0.07,0.07,7e-05,44,55,15,0.313889,openb-pod-4381
synthetic_00979,preprocessing,preprocessing,1,1,,11.3,37.0,2,0.5,0.35,0.35,0.00035,76,83,15,0.485278,openb-pod-4167
synthetic_00980,fine_tuning,fine_tuning,1,1,T4,11.3,48.0,1,0.25,0.07,0.07,7e-05,73,84,15,0.016944,openb-pod-4918
synthetic_00981,preprocessing,preprocessing,1,1,,11.9,76.0,2,0.5,0.25,0.25,0.00025,84,94,15,0.292222,openb-pod-3143
synthetic_00982,preprocessing,preprocessing,1,1,,11.4,47.0,4,1.0,0.25,0.25,0.00025,77,85,15,0.871389,openb-pod-3257
synthetic_00983,preprocessing,preprocessing,1,1,,3.152,5.46875,1,0.25,0.25,0.25,0.00025,49,56,15,0.063889,openb-pod-3309
synthetic_00984,preprocessing,preprocessing,1,1,,3.152,5.46875,1,0.25,0.35,0.35,0.00035,65,74,15,0.029167,openb-pod-7893
synthetic_00985,preprocessing,preprocessing,1,1,,3.152,5.46875,1,0.25,0.25,0.25,0.00025,17,25,15,0.045,openb-pod-7370
synthetic_00986,fine_tuning,fine_tuning,1,1,T4,11.3,48.0,1,0.25,0.07,0.07,7e-05,26,41,15,0.051389,openb-pod-7898
synthetic_00987,preprocessing,preprocessing,1,1,,18.708,63.0,1,0.25,0.25,0.25,0.00025,28,41,15,0.009722,openb-pod-0072
synthetic_00988,preprocessing,preprocessing,1,1,,11.908,46.0,1,0.25,0.25,0.25,0.00025,91,95,15,0.045,openb-pod-6225
synthetic_00989,preprocessing,preprocessing,1,1,,8.0,29.8017578125,5,1.25,0.07,0.07,7e-05,75,89,15,1.192778,openb-pod-2902
synthetic_00990,fine_tuning,fine_tuning,1,1,T4,11.4,47.0,1,0.25,0.07,0.07,7e-05,30,41,15,0.175556,openb-pod-4499
synthetic_00991,fine_tuning,fine_tuning,1,1,T4,11.908,46.0,1,0.25,0.07,0.07,7e-05,24,35,15,0.023056,openb-pod-2766
synthetic_00992,preprocessing,preprocessing,1,1,,11.908,46.0,1,0.25,0.35,0.35,0.00035,28,35,15,0.018889,openb-pod-6825
synthetic_00993,fine_tuning,fine_tuning,1,1,T4,11.3,48.0,1,0.25,0.07,0.07,7e-05,54,68,15,0.013611,openb-pod-4643
synthetic_00994,preprocessing,preprocessing,1,1,,3.152,5.46875,4,1.0,0.25,0.25,0.00025,73,88,15,0.870278,openb-pod-3987
synthetic_00995,preprocessing,preprocessing,1,1,,3.152,5.46875,1,0.25,0.07,0.07,7e-05,40,53,15,0.051944,openb-pod-1143
synthetic_00996,preprocessing,preprocessing,1,1,,4.0,22.3515625,5,1.25,0.07,0.07,7e-05,40,46,15,1.206667,openb-pod-5005
synthetic_00997,preprocessing,preprocessing,1,1,,3.152,5.46875,1,0.25,0.35,0.35,0.00035,43,53,15,0.0425,openb-pod-7341
synthetic_00998,fine_tuning,fine_tuning,1,1,G3,4.0,24.0,5,1.25,0.35,0.35,0.00035,38,48,15,1.110833,openb-pod-4762
synthetic_00999,preprocessing,preprocessing,1,1,,8.0,29.8017578125,1,0.25,0.25,0.25,0.00025,88,95,15,0.013611,openb-pod-2440
synthetic_01000,preprocessing,preprocessing,1,1,,15.4,88.0,2,0.5,0.25,0.25,0.00025,66,74,15,0.338333,openb-pod-6500
