job_id,category,workload_family,assigned_cluster,cluster_role,cluster_gpu_type,start_hour,duration,power,gpu_type_required,gpu_count_required,cpu_required,memory_required_gb
synthetic_00628,preprocessing,preprocessing,cluster_g2,alibaba_gpu_type_pool,G2,0,1,0.00035,,1,4.0,24.0
synthetic_00904,fine_tuning,fine_tuning,cluster_t4,alibaba_gpu_type_pool,T4,0,1,7e-05,T4,1,16.0,64.0
synthetic_00042,preprocessing,preprocessing,cluster_g2,alibaba_gpu_type_pool,G2,1,16,0.00025,,1,12.0,15.0
synthetic_00045,preprocessing,preprocessing,cluster_g2,alibaba_gpu_type_pool,G2,1,15,0.00035,,1,11.908,46.0
synthetic_00151,fine_tuning,fine_tuning,cluster_t4,alibaba_gpu_type_pool,T4,1,2,7e-05,T4,1,3.152,5.46875
synthetic_00172,preprocessing,preprocessing,cluster_g2,alibaba_gpu_type_pool,G2,1,1,0.00025,,1,12.0,16.0
synthetic_00177,fine_tuning,fine_tuning,cluster_g2,alibaba_gpu_type_pool,G2,1,1,0.00035,G2,1,11.3,48.0
synthetic_00191,fine_tuning,fine_tuning,cluster_t4,alibaba_gpu_type_pool,T4,1,3,7e-05,T4,1,11.4,76.0
synthetic_00281,fine_tuning,fine_tuning,cluster_t4,alibaba_gpu_type_pool,T4,1,1,7e-05,T4,1,11.908,46.0
synthetic_00320,preprocessing,preprocessing,cluster_g2,alibaba_gpu_type_pool,G2,1,1,0.00015,,1,11.3,48.0
synthetic_00346,fine_tuning,fine_tuning,cluster_t4,alibaba_gpu_type_pool,T4,1,4,7e-05,T4,1,11.4,47.0
synthetic_00361,preprocessing,preprocessing,cluster_p100,alibaba_gpu_type_pool,P100,1,5,7e-05,P100|T4|V100M16|V100M32,1,11.9,76.0
synthetic_00412,fine_tuning,fine_tuning,cluster_p100,alibaba_gpu_type_pool,P100,1,1,0.00025,P100,1,4.0,22.3515625
synthetic_00430,preprocessing,preprocessing,cluster_g2,alibaba_gpu_type_pool,G2,1,1,7e-05,,1,3.152,5.46875
synthetic_00489,training,training,cluster_v100m16,alibaba_gpu_type_pool,V100M16,1,3,0.00025,V100M16|V100M32,1,15.7,57.0
synthetic_00500,fine_tuning,fine_tuning,cluster_t4,alibaba_gpu_type_pool,T4,1,12,7e-05,T4,1,4.152,10.3515625
synthetic_00566,preprocessing,preprocessing,cluster_g2,alibaba_gpu_type_pool,G2,1,1,7e-05,,1,3.152,5.46875
synthetic_00575,fine_tuning,fine_tuning,cluster_p100,alibaba_gpu_type_pool,P100,1,1,0.00025,P100,1,11.908,46.0
synthetic_00582,preprocessing,preprocessing,cluster_g2,alibaba_gpu_type_pool,G2,1,11,7e-05,,1,12.0,24.0
synthetic_00592,preprocessing,preprocessing,cluster_p100,alibaba_gpu_type_pool,P100,1,2,0.00025,P100|V100M16|V100M32,1,11.4,47.0
synthetic_00617,fine_tuning,fine_tuning,cluster_g3,alibaba_gpu_type_pool,G3,1,1,0.00035,G3,1,11.3,48.0
synthetic_00662,fine_tuning,fine_tuning,cluster_t4,alibaba_gpu_type_pool,T4,1,8,7e-05,T4,1,11.908,46.0
synthetic_00675,fine_tuning,fine_tuning,cluster_t4,alibaba_gpu_type_pool,T4,1,1,7e-05,T4,1,3.152,5.46875
synthetic_00744,training,training,cluster_v100m16,alibaba_gpu_type_pool,V100M16,1,4,0.00025,V100M16|V100M32,1,11.4,47.0
synthetic_00775,fine_tuning,fine_tuning,cluster_t4,alibaba_gpu_type_pool,T4,1,1,7e-05,T4,1,8.0,29.8017578125
synthetic_00848,fine_tuning,fine_tuning,cluster_g2,alibaba_gpu_type_pool,G2,1,1,0.00035,G2,1,3.152,5.46875
synthetic_00880,fine_tuning,fine_tuning,cluster_v100m32,alibaba_gpu_type_pool,V100M32,1,1,0.00025,V100M32,1,11.3,48.0
synthetic_00924,fine_tuning,fine_tuning,cluster_g2,alibaba_gpu_type_pool,G2,1,2,0.00035,G2,1,11.4,47.0
synthetic_00944,fine_tuning,fine_tuning,cluster_t4,alibaba_gpu_type_pool,T4,1,1,7e-05,T4,1,4.0,14.900390625
synthetic_00948,preprocessing,preprocessing,cluster_v100m16,alibaba_gpu_type_pool,V100M16,1,1,0.00025,,1,3.152,5.46875
synthetic_00961,preprocessing,preprocessing,cluster_g2,alibaba_gpu_type_pool,G2,1,1,0.00035,,1,3.152,5.46875
synthetic_00964,preprocessing,preprocessing,cluster_g2,alibaba_gpu_type_pool,G2,1,1,7e-05,,1,3.152,5.46875
synthetic_00037,preprocessing,preprocessing,cluster_g2,alibaba_gpu_type_pool,G2,2,1,0.00015,,1,3.152,5.46875
synthetic_00083,preprocessing,preprocessing,cluster_v100m16,alibaba_gpu_type_pool,V100M16,2,1,0.00025,,1,24.2,91.0
synthetic_00140,preprocessing,preprocessing,cluster_g2,alibaba_gpu_type_pool,G2,2,1,0.00035,,1,11.4,47.0
synthetic_00296,preprocessing,preprocessing,cluster_g2,alibaba_gpu_type_pool,G2,2,1,0.00035,,1,8.0,29.8017578125
synthetic_00297,preprocessing,preprocessing,cluster_g2,alibaba_gpu_type_pool,G2,2,1,0.00025,,1,3.152,5.46875
synthetic_00307,preprocessing,preprocessing,cluster_g2,alibaba_gpu_type_pool,G2,2,1,0.00025,,1,11.4,47.0
synthetic_00350,fine_tuning,fine_tuning,cluster_t4,alibaba_gpu_type_pool,T4,2,2,7e-05,T4,1,11.4,47.0
synthetic_00382,preprocessing,preprocessing,cluster_g2,alibaba_gpu_type_pool,G2,2,7,7e-05,,1,8.0,29.8017578125
synthetic_00512,preprocessing,preprocessing,cluster_g3,alibaba_gpu_type_pool,G3,2,1,0.00025,,1,11.3,48.0
synthetic_00536,preprocessing,preprocessing,cluster_g2,alibaba_gpu_type_pool,G2,2,1,0.00025,,1,3.152,5.46875
synthetic_00555,fine_tuning,fine_tuning,cluster_t4,alibaba_gpu_type_pool,T4,2,2,7e-05,T4,1,11.3,48.0
synthetic_00653,preprocessing,preprocessing,cluster_g2,alibaba_gpu_type_pool,G2,2,2,7e-05,,1,11.908,46.0
synthetic_00766,preprocessing,preprocessing,cluster_g2,alibaba_gpu_type_pool,G2,2,6,0.00035,,1,11.3,48.0
synthetic_00788,fine_tuning,fine_tuning,cluster_p100,alibaba_gpu_type_pool,P100,2,1,0.00025,P100,1,11.908,46.0
synthetic_00815,preprocessing,preprocessing,cluster_g2,alibaba_gpu_type_pool,G2,2,2,0.00025,,1,11.4,76.0
synthetic_00861,preprocessing,preprocessing,cluster_g2,alibaba_gpu_type_pool,G2,2,5,0.00015,,1,4.0,24.0
synthetic_00879,preprocessing,preprocessing,cluster_g2,alibaba_gpu_type_pool,G2,2,1,0.00025,,1,3.152,5.46875
synthetic_00889,preprocessing,preprocessing,cluster_g2,alibaba_gpu_type_pool,G2,2,2,0.00025,,1,3.152,5.46875
synthetic_00966,preprocessing,preprocessing,cluster_g2,alibaba_gpu_type_pool,G2,2,3,7e-05,,1,15.7,57.0
synthetic_00018,preprocessing,preprocessing,cluster_g2,alibaba_gpu_type_pool,G2,3,1,0.00035,,1,11.4,47.0
synthetic_00078,preprocessing,preprocessing,cluster_g3,alibaba_gpu_type_pool,G3,3,1,0.00015,,1,11.908,46.0
synthetic_00081,preprocessing,preprocessing,cluster_g2,alibaba_gpu_type_pool,G2,3,1,7e-05,,1,3.152,5.46875
synthetic_00091,preprocessing,preprocessing,cluster_g3,alibaba_gpu_type_pool,G3,3,1,0.00035,,1,8.0,29.8017578125
synthetic_00118,fine_tuning,fine_tuning,cluster_g2,alibaba_gpu_type_pool,G2,3,1,0.00035,G2,1,3.152,5.46875
synthetic_00184,preprocessing,preprocessing,cluster_g2,alibaba_gpu_type_pool,G2,3,1,0.00035,,1,3.152,5.46875
synthetic_00448,preprocessing,preprocessing,cluster_g2,alibaba_gpu_type_pool,G2,3,5,0.00025,,1,9.81,40.5859375
synthetic_00462,preprocessing,preprocessing,cluster_g2,alibaba_gpu_type_pool,G2,3,3,0.00025,,1,12.0,32.0
synthetic_00499,preprocessing,preprocessing,cluster_v100m16,alibaba_gpu_type_pool,V100M16,3,1,0.00035,,1,3.152,5.46875
synthetic_00601,preprocessing,preprocessing,cluster_g2,alibaba_gpu_type_pool,G2,3,2,0.00025,,1,11.908,46.0
synthetic_00701,preprocessing,preprocessing,cluster_g2,alibaba_gpu_type_pool,G2,3,2,0.00035,,1,11.4,47.0
synthetic_00709,preprocessing,preprocessing,cluster_g3,alibaba_gpu_type_pool,G3,3,2,0.00025,,1,11.3,37.0
synthetic_00721,fine_tuning,fine_tuning,cluster_g2,alibaba_gpu_type_pool,G2,3,2,0.00035,G2,1,16.0,32.0
synthetic_00052,training,training,cluster_v100m32,alibaba_gpu_type_pool,V100M32,4,2,0.00025,V100M16|V100M32,1,11.4,47.0
synthetic_00144,preprocessing,preprocessing,cluster_g2,alibaba_gpu_type_pool,G2,4,3,0.00025,,1,9.81,40.5859375
synthetic_00198,preprocessing,preprocessing,cluster_g3,alibaba_gpu_type_pool,G3,4,1,0.00025,,1,18.708,63.0
synthetic_00224,preprocessing,preprocessing,cluster_g2,alibaba_gpu_type_pool,G2,4,1,0.00025,,1,3.152,5.46875
synthetic_00366,preprocessing,preprocessing,cluster_g2,alibaba_gpu_type_pool,G2,4,8,0.00025,,1,16.0,64.0
synthetic_00399,fine_tuning,fine_tuning,cluster_t4,alibaba_gpu_type_pool,T4,4,1,7e-05,T4,1,8.0,29.8017578125
synthetic_00513,preprocessing,preprocessing,cluster_g2,alibaba_gpu_type_pool,G2,4,4,0.00025,,1,11.908,46.0
synthetic_00686,preprocessing,preprocessing,cluster_g2,alibaba_gpu_type_pool,G2,4,2,0.00025,,1,3.152,5.46875
synthetic_00756,fine_tuning,fine_tuning,cluster_g2,alibaba_gpu_type_pool,G2,4,3,0.00035,G2,1,8.0,16.0
synthetic_00866,preprocessing,preprocessing,cluster_g3,alibaba_gpu_type_pool,G3,4,1,0.00035,,1,3.152,5.46875
synthetic_00905,preprocessing,preprocessing,cluster_g2,alibaba_gpu_type_pool,G2,4,2,0.00035,,1,11.3,48.0
synthetic_00058,fine_tuning,fine_tuning,cluster_t4,alibaba_gpu_type_pool,T4,5,2,7e-05,T4,1,11.908,46.0
synthetic_00103,preprocessing,preprocessing,cluster_g3,alibaba_gpu_type_pool,G3,5,1,0.00035,,1,3.152,5.46875
synthetic_00278,preprocessing,preprocessing,cluster_g2,alibaba_gpu_type_pool,G2,5,1,0.00025,,1,3.152,5.46875
synthetic_00335,preprocessing,preprocessing,cluster_g2,alibaba_gpu_type_pool,G2,5,1,0.00035,,1,3.152,5.46875
synthetic_00347,preprocessing,preprocessing,cluster_t4,alibaba_gpu_type_pool,T4,5,11,0.00025,,1,14.2,57.0
synthetic_00405,preprocessing,preprocessing,cluster_p100,alibaba_gpu_type_pool,P100,5,1,0.00025,P100|V100M16|V100M32,1,11.4,47.0
synthetic_00437,preprocessing,preprocessing,cluster_g3,alibaba_gpu_type_pool,G3,5,1,7e-05,,1,11.3,48.0
synthetic_00504,preprocessing,preprocessing,cluster_g2,alibaba_gpu_type_pool,G2,5,1,0.00035,,1,3.152,5.46875
synthetic_00576,preprocessing,preprocessing,cluster_g2,alibaba_gpu_type_pool,G2,5,1,0.00035,,1,4.0,14.900390625
synthetic_00655,preprocessing,preprocessing,cluster_g2,alibaba_gpu_type_pool,G2,5,1,0.00035,,1,11.3,48.0
synthetic_00658,preprocessing,preprocessing,cluster_g2,alibaba_gpu_type_pool,G2,5,5,0.00025,,1,15.7,57.0
synthetic_00659,preprocessing,preprocessing,cluster_g2,alibaba_gpu_type_pool,G2,5,1,0.00035,,1,16.0,32.0
synthetic_00809,preprocessing,preprocessing,cluster_g2,alibaba_gpu_type_pool,G2,5,1,7e-05,,1,11.3,48.0
synthetic_00829,fine_tuning,fine_tuning,cluster_t4,alibaba_gpu_type_pool,T4,5,1,7e-05,T4,1,3.152,5.46875
synthetic_00843,preprocessing,preprocessing,cluster_g2,alibaba_gpu_type_pool,G2,5,1,0.00025,,1,3.152,5.46875
synthetic_00926,preprocessing,preprocessing,cluster_g3,alibaba_gpu_type_pool,G3,5,1,0.00025,,1,3.152,5.46875
synthetic_00119,fine_tuning,fine_tuning,cluster_t4,alibaba_gpu_type_pool,T4,6,1,7e-05,T4,1,3.152,5.46875
synthetic_00387,preprocessing,preprocessing,cluster_g2,alibaba_gpu_type_pool,G2,6,1,7e-05,,1,3.152,5.46875
synthetic_00426,preprocessing,preprocessing,cluster_g3,alibaba_gpu_type_pool,G3,6,1,0.00015,,1,12.0,16.0
synthetic_00463,preprocessing,preprocessing,cluster_t4,alibaba_gpu_type_pool,T4,6,1,0.00025,,1,11.908,46.0
synthetic_00569,preprocessing,preprocessing,cluster_g2,alibaba_gpu_type_pool,G2,6,3,0.00025,,1,16.0,64.0
synthetic_00572,preprocessing,preprocessing,cluster_g2,alibaba_gpu_type_pool,G2,6,1,7e-05,,1,3.152,5.46875
synthetic_00610,fine_tuning,fine_tuning,cluster_t4,alibaba_gpu_type_pool,T4,6,1,7e-05,T4,1,11.3,48.0
synthetic_00634,preprocessing,preprocessing,cluster_g2,alibaba_gpu_type_pool,G2,6,5,7e-05,,1,15.2,79.0
synthetic_00681,fine_tuning,fine_tuning,cluster_g2,alibaba_gpu_type_pool,G2,6,14,0.00035,G2,1,11.4,47.0
synthetic_00738,fine_tuning,fine_tuning,cluster_t4,alibaba_gpu_type_pool,T4,6,3,7e-05,T4,1,16.0,32.0
synthetic_00017,preprocessing,preprocessing,cluster_v100m32,alibaba_gpu_type_pool,V100M32,7,1,0.00025,,1,4.0,29.8017578125
synthetic_00027,preprocessing,preprocessing,cluster_g2,alibaba_gpu_type_pool,G2,7,3,0.00025,,1,24.2,91.0
synthetic_00137,preprocessing,preprocessing,cluster_t4,alibaba_gpu_type_pool,T4,7,2,0.00015,,1,6.0,6.0
synthetic_00357,preprocessing,preprocessing,cluster_g2,alibaba_gpu_type_pool,G2,7,11,0.00035,,1,3.152,5.46875
synthetic_00607,preprocessing,preprocessing,cluster_g2,alibaba_gpu_type_pool,G2,7,1,0.00015,,1,4.0,29.8017578125
synthetic_00736,preprocessing,preprocessing,cluster_g2,alibaba_gpu_type_pool,G2,7,3,7e-05,,1,24.2,91.0
synthetic_00975,preprocessing,preprocessing,cluster_g2,alibaba_gpu_type_pool,G2,7,5,0.00035,,1,4.0,24.0
synthetic_00111,preprocessing,preprocessing,cluster_g2,alibaba_gpu_type_pool,G2,8,1,0.00025,,1,3.152,5.46875
synthetic_00182,training,training,cluster_v100m32,alibaba_gpu_type_pool,V100M32,8,3,0.00025,V100M16|V100M32,1,15.7,57.0
synthetic_00294,fine_tuning,fine_tuning,cluster_t4,alibaba_gpu_type_pool,T4,8,1,7e-05,T4,1,11.3,48.0
synthetic_00450,fine_tuning,fine_tuning,cluster_g2,alibaba_gpu_type_pool,G2,8,1,0.00035,G2,1,11.4,47.0
synthetic_00492,preprocessing,preprocessing,cluster_g3,alibaba_gpu_type_pool,G3,8,1,7e-05,,1,14.2,57.0
synthetic_00548,preprocessing,preprocessing,cluster_g3,alibaba_gpu_type_pool,G3,8,2,0.00025,,1,16.0,32.0
synthetic_00565,preprocessing,preprocessing,cluster_g2,alibaba_gpu_type_pool,G2,8,2,0.00035,,1,11.4,47.0
synthetic_00767,preprocessing,preprocessing,cluster_g2,alibaba_gpu_type_pool,G2,8,2,0.00025,,1,3.152,5.46875
synthetic_00064,fine_tuning,fine_tuning,cluster_p100,alibaba_gpu_type_pool,P100,9,1,0.00025,P100,1,3.152,5.46875
synthetic_00328,fine_tuning,fine_tuning,cluster_g3,alibaba_gpu_type_pool,G3,9,1,0.00035,G3,1,3.152,5.46875
synthetic_00371,fine_tuning,fine_tuning,cluster_t4,alibaba_gpu_type_pool,T4,9,5,7e-05,T4,1,4.0,24.0
synthetic_00398,preprocessing,preprocessing,cluster_t4,alibaba_gpu_type_pool,T4,9,1,0.00025,,1,3.152,5.46875
synthetic_00402,preprocessing,preprocessing,cluster_t4,alibaba_gpu_type_pool,T4,9,2,0.00035,,1,11.4,47.0
synthetic_00679,preprocessing,preprocessing,cluster_g2,alibaba_gpu_type_pool,G2,9,2,0.00035,,1,11.3,48.0
synthetic_00726,preprocessing,preprocessing,cluster_g2,alibaba_gpu_type_pool,G2,9,6,7e-05,,1,8.0,32.0
synthetic_00743,preprocessing,preprocessing,cluster_g2,alibaba_gpu_type_pool,G2,9,2,0.00035,,1,11.908,46.0
synthetic_00873,preprocessing,preprocessing,cluster_g3,alibaba_gpu_type_pool,G3,9,1,0.00025,,1,4.0,14.900390625
synthetic_00919,preprocessing,preprocessing,cluster_g2,alibaba_gpu_type_pool,G2,9,1,0.00025,,1,11.908,46.0
synthetic_00005,fine_tuning,fine_tuning,cluster_t4,alibaba_gpu_type_pool,T4,10,1,7e-05,T4,1,3.152,5.46875
synthetic_00192,preprocessing,preprocessing,cluster_g2,alibaba_gpu_type_pool,G2,10,1,0.00035,,1,15.2,79.0
synthetic_00218,preprocessing,preprocessing,cluster_g2,alibaba_gpu_type_pool,G2,10,1,0.00025,,1,3.152,5.46875
synthetic_00232,preprocessing,preprocessing,cluster_p100,alibaba_gpu_type_pool,P100,10,1,0.00025,,1,18.708,63.0
synthetic_00308,fine_tuning,fine_tuning,cluster_t4,alibaba_gpu_type_pool,T4,10,1,7e-05,T4,1,1.0,2.0
synthetic_00411,preprocessing,preprocessing,cluster_p100,alibaba_gpu_type_pool,P100,10,1,0.00035,,1,3.152,5.46875
synthetic_00486,preprocessing,preprocessing,cluster_g2,alibaba_gpu_type_pool,G2,10,1,0.00025,,1,9.81,40.5859375
synthetic_00526,fine_tuning,fine_tuning,cluster_g2,alibaba_gpu_type_pool,G2,10,1,0.00035,G2,1,11.3,48.0
synthetic_00624,fine_tuning,fine_tuning,cluster_t4,alibaba_gpu_type_pool,T4,10,1,7e-05,T4,1,11.4,47.0
synthetic_00651,preprocessing,preprocessing,cluster_g2,alibaba_gpu_type_pool,G2,10,1,0.00025,,1,3.152,5.46875
synthetic_00663,preprocessing,preprocessing,cluster_g2,alibaba_gpu_type_pool,G2,10,1,0.00025,,1,3.152,5.46875
synthetic_00708,preprocessing,preprocessing,cluster_g3,alibaba_gpu_type_pool,G3,10,1,0.00015,,1,8.2,33.0
synthetic_00733,preprocessing,preprocessing,cluster_g2,alibaba_gpu_type_pool,G2,10,2,0.00015,,1,11.3,48.0
synthetic_00804,fine_tuning,fine_tuning,cluster_t4,alibaba_gpu_type_pool,T4,10,1,7e-05,T4,1,3.152,5.46875
synthetic_00940,preprocessing,preprocessing,cluster_g2,alibaba_gpu_type_pool,G2,10,2,0.00015,,1,11.908,46.0
synthetic_00002,preprocessing,preprocessing,cluster_g2,alibaba_gpu_type_pool,G2,11,7,0.00025,,1,11.908,46.0
synthetic_00313,preprocessing,preprocessing,cluster_g2,alibaba_gpu_type_pool,G2,11,4,0.00035,,1,11.908,46.0
synthetic_00343,preprocessing,preprocessing,cluster_g2,alibaba_gpu_type_pool,G2,11,3,7e-05,,1,11.3,48.0
synthetic_00345,preprocessing,preprocessing,cluster_g3,alibaba_gpu_type_pool,G3,11,1,7e-05,,1,11.908,46.0
synthetic_00549,fine_tuning,fine_tuning,cluster_g2,alibaba_gpu_type_pool,G2,11,2,0.00035,G2,1,11.3,48.0
synthetic_00583,preprocessing,preprocessing,cluster_g2,alibaba_gpu_type_pool,G2,11,4,0.00035,,1,12.0,24.0
synthetic_00595,preprocessing,preprocessing,cluster_p100,alibaba_gpu_type_pool,P100,11,2,0.00025,P100|V100M16|V100M32,1,11.4,47.0
synthetic_00631,preprocessing,preprocessing,cluster_g2,alibaba_gpu_type_pool,G2,11,1,0.00035,,1,11.3,48.0
synthetic_00697,preprocessing,preprocessing,cluster_g2,alibaba_gpu_type_pool,G2,11,1,0.00015,,1,16.0,32.0
synthetic_00911,preprocessing,preprocessing,cluster_g2,alibaba_gpu_type_pool,G2,11,1,0.00035,,1,3.152,5.46875
synthetic_00930,fine_tuning,fine_tuning,cluster_t4,alibaba_gpu_type_pool,T4,11,3,7e-05,T4,1,11.3,48.0
synthetic_00038,preprocessing,preprocessing,cluster_g2,alibaba_gpu_type_pool,G2,12,2,7e-05,,1,4.0,29.8017578125
synthetic_00049,fine_tuning,fine_tuning,cluster_t4,alibaba_gpu_type_pool,T4,12,1,7e-05,T4,1,11.4,47.0
synthetic_00054,preprocessing,preprocessing,cluster_g3,alibaba_gpu_type_pool,G3,12,1,0.00025,,1,3.152,5.46875
synthetic_00148,fine_tuning,fine_tuning,cluster_t4,alibaba_gpu_type_pool,T4,12,1,7e-05,T4,1,3.152,5.46875
synthetic_00176,preprocessing,preprocessing,cluster_g2,alibaba_gpu_type_pool,G2,12,1,0.00035,,1,8.0,29.8017578125
synthetic_00237,preprocessing,preprocessing,cluster_g2,alibaba_gpu_type_pool,G2,12,5,7e-05,,1,11.3,48.0
synthetic_00260,preprocessing,preprocessing,cluster_g2,alibaba_gpu_type_pool,G2,12,1,0.00025,,1,11.908,46.0
synthetic_00290,preprocessing,preprocessing,cluster_t4,alibaba_gpu_type_pool,T4,12,2,0.00015,,1,3.152,5.46875
synthetic_00516,fine_tuning,fine_tuning,cluster_t4,alibaba_gpu_type_pool,T4,12,2,7e-05,T4,1,16.0,32.0
synthetic_00521,preprocessing,preprocessing,cluster_g3,alibaba_gpu_type_pool,G3,12,1,0.00025,,1,11.3,48.0
synthetic_00688,preprocessing,preprocessing,cluster_g2,alibaba_gpu_type_pool,G2,12,5,0.00035,,1,15.2,79.0
synthetic_00816,preprocessing,preprocessing,cluster_p100,alibaba_gpu_type_pool,P100,12,1,0.00035,,1,4.152,10.3515625
synthetic_00947,preprocessing,preprocessing,cluster_g2,alibaba_gpu_type_pool,G2,12,3,0.00025,,1,11.3,48.0
synthetic_00974,fine_tuning,fine_tuning,cluster_t4,alibaba_gpu_type_pool,T4,12,1,7e-05,T4,1,11.4,47.0
synthetic_00141,preprocessing,preprocessing,cluster_g2,alibaba_gpu_type_pool,G2,13,3,0.00015,,1,11.4,47.0
synthetic_00322,preprocessing,preprocessing,cluster_g2,alibaba_gpu_type_pool,G2,13,2,0.00025,,1,9.81,40.5859375
synthetic_00433,preprocessing,preprocessing,cluster_g3,alibaba_gpu_type_pool,G3,13,3,0.00025,,1,11.4,47.0
synthetic_00482,fine_tuning,fine_tuning,cluster_t4,alibaba_gpu_type_pool,T4,13,1,7e-05,T4,1,11.3,48.0
synthetic_00518,preprocessing,preprocessing,cluster_g2,alibaba_gpu_type_pool,G2,13,8,0.00035,,1,8.0,29.8017578125
synthetic_00554,fine_tuning,fine_tuning,cluster_t4,alibaba_gpu_type_pool,T4,13,1,7e-05,T4,1,11.3,48.0
synthetic_00623,preprocessing,preprocessing,cluster_g2,alibaba_gpu_type_pool,G2,13,2,7e-05,,1,9.81,40.5859375
synthetic_00819,preprocessing,preprocessing,cluster_p100,alibaba_gpu_type_pool,P100,13,3,7e-05,P100|T4|V100M16|V100M32,1,11.908,46.0
synthetic_00039,fine_tuning,fine_tuning,cluster_g2,alibaba_gpu_type_pool,G2,14,1,0.00035,G2,1,11.4,47.0
synthetic_00107,preprocessing,preprocessing,cluster_t4,alibaba_gpu_type_pool,T4,14,3,0.00015,,1,11.908,46.0
synthetic_00114,fine_tuning,fine_tuning,cluster_t4,alibaba_gpu_type_pool,T4,14,1,7e-05,T4,1,4.0,29.8017578125
synthetic_00325,preprocessing,preprocessing,cluster_t4,alibaba_gpu_type_pool,T4,14,1,7e-05,,1,11.4,47.0
synthetic_00416,preprocessing,preprocessing,cluster_g3,alibaba_gpu_type_pool,G3,14,1,0.00035,,1,3.152,5.46875
synthetic_00436,preprocessing,preprocessing,cluster_g2,alibaba_gpu_type_pool,G2,14,5,0.00025,,1,11.4,47.0
synthetic_00519,preprocessing,preprocessing,cluster_g2,alibaba_gpu_type_pool,G2,14,2,0.00025,,1,3.152,5.46875
synthetic_00547,preprocessing,preprocessing,cluster_p100,alibaba_gpu_type_pool,P100,14,1,0.00025,P100|T4|V100M16|V100M32,1,18.708,63.0
synthetic_00637,fine_tuning,fine_tuning,cluster_t4,alibaba_gpu_type_pool,T4,14,1,7e-05,T4,1,3.152,5.46875
synthetic_00718,preprocessing,preprocessing,cluster_g2,alibaba_gpu_type_pool,G2,14,3,0.00025,,1,1.0,6.0
synthetic_00888,preprocessing,preprocessing,cluster_g2,alibaba_gpu_type_pool,G2,14,1,0.00025,,1,3.152,5.46875
synthetic_00934,fine_tuning,fine_tuning,cluster_t4,alibaba_gpu_type_pool,T4,14,1,7e-05,T4,1,3.152,5.46875
synthetic_00013,preprocessing,preprocessing,cluster_g3,alibaba_gpu_type_pool,G3,15,1,0.00015,,1,3.152,5.46875
synthetic_00065,preprocessing,preprocessing,cluster_p100,alibaba_gpu_type_pool,P100,15,1,0.00035,,1,3.152,5.46875
synthetic_00424,fine_tuning,fine_tuning,cluster_g3,alibaba_gpu_type_pool,G3,15,5,0.00035,G3,1,4.0,24.0
synthetic_00781,training,training,cluster_v100m32,alibaba_gpu_type_pool,V100M32,15,2,0.00025,V100M16|V100M32,1,9.81,40.5859375
synthetic_00802,preprocessing,preprocessing,cluster_g2,alibaba_gpu_type_pool,G2,15,1,0.00025,,1,11.3,48.0
synthetic_00822,fine_tuning,fine_tuning,cluster_p100,alibaba_gpu_type_pool,P100,15,1,0.00025,P100,1,3.152,5.46875
synthetic_00968,preprocessing,preprocessing,cluster_g2,alibaba_gpu_type_pool,G2,15,1,0.00015,,1,3.152,5.46875
synthetic_00012,fine_tuning,fine_tuning,cluster_t4,alibaba_gpu_type_pool,T4,16,2,7e-05,T4,1,9.81,40.5859375
synthetic_00208,preprocessing,preprocessing,cluster_g2,alibaba_gpu_type_pool,G2,16,1,0.00025,,1,3.152,5.46875
synthetic_00473,preprocessing,preprocessing,cluster_g3,alibaba_gpu_type_pool,G3,16,3,7e-05,,1,4.0,14.900390625
synthetic_00699,preprocessing,preprocessing,cluster_g2,alibaba_gpu_type_pool,G2,16,1,0.00025,,1,3.152,5.46875
synthetic_00960,training,training,cluster_v100m32,alibaba_gpu_type_pool,V100M32,16,3,0.00025,V100M16|V100M32,1,11.3,48.0
synthetic_00007,preprocessing,preprocessing,cluster_t4,alibaba_gpu_type_pool,T4,17,4,0.00025,,1,8.0,29.8017578125
synthetic_00363,preprocessing,preprocessing,cluster_g3,alibaba_gpu_type_pool,G3,17,3,0.00025,,1,11.3,48.0
synthetic_00365,fine_tuning,fine_tuning,cluster_t4,alibaba_gpu_type_pool,T4,17,1,7e-05,T4,1,3.152,5.46875
synthetic_00470,preprocessing,preprocessing,cluster_g3,alibaba_gpu_type_pool,G3,17,1,0.00025,,1,11.3,48.0
synthetic_00591,preprocessing,preprocessing,cluster_g2,alibaba_gpu_type_pool,G2,17,2,0.00035,,1,11.3,48.0
synthetic_00051,preprocessing,preprocessing,cluster_g3,alibaba_gpu_type_pool,G3,18,2,0.00025,,1,11.4,47.0
synthetic_00056,preprocessing,preprocessing,cluster_g2,alibaba_gpu_type_pool,G2,18,1,0.00025,,1,11.3,48.0
synthetic_00066,preprocessing,preprocessing,cluster_t4,alibaba_gpu_type_pool,T4,18,1,0.00025,,1,11.3,48.0
synthetic_00084,fine_tuning,fine_tuning,cluster_t4,alibaba_gpu_type_pool,T4,18,1,7e-05,T4,1,3.152,5.46875
synthetic_00096,preprocessing,preprocessing,cluster_g2,alibaba_gpu_type_pool,G2,18,1,0.00015,,1,8.0,29.8017578125
synthetic_00178,training,training,cluster_v100m16,alibaba_gpu_type_pool,V100M16,18,2,0.00025,V100M16|V100M32,1,11.4,47.0
synthetic_00619,preprocessing,preprocessing,cluster_g2,alibaba_gpu_type_pool,G2,18,1,0.00035,,1,11.3,48.0
synthetic_00886,preprocessing,preprocessing,cluster_g3,alibaba_gpu_type_pool,G3,18,16,7e-05,,1,8.0,29.8017578125
synthetic_00898,preprocessing,preprocessing,cluster_g3,alibaba_gpu_type_pool,G3,18,6,0.00035,,1,24.2,91.0
synthetic_00985,preprocessing,preprocessing,cluster_g2,alibaba_gpu_type_pool,G2,18,1,0.00025,,1,3.152,5.46875
synthetic_00031,fine_tuning,fine_tuning,cluster_t4,alibaba_gpu_type_pool,T4,19,14,7e-05,T4,1,16.0,64.0
synthetic_00063,preprocessing,preprocessing,cluster_g2,alibaba_gpu_type_pool,G2,19,2,7e-05,,1,11.908,46.0
synthetic_00243,preprocessing,preprocessing,cluster_g3,alibaba_gpu_type_pool,G3,19,1,0.00035,,1,8.0,29.8017578125
synthetic_00674,preprocessing,preprocessing,cluster_g2,alibaba_gpu_type_pool,G2,19,3,0.00015,,1,15.7,57.0
synthetic_00774,fine_tuning,fine_tuning,cluster_t4,alibaba_gpu_type_pool,T4,19,1,7e-05,T4,1,11.908,46.0
synthetic_00282,preprocessing,preprocessing,cluster_g3,alibaba_gpu_type_pool,G3,20,2,0.00015,,1,11.3,48.0
synthetic_00432,fine_tuning,fine_tuning,cluster_t4,alibaba_gpu_type_pool,T4,20,1,7e-05,T4,1,3.152,5.46875
synthetic_00676,preprocessing,preprocessing,cluster_t4,alibaba_gpu_type_pool,T4,20,2,0.00035,,1,16.0,64.0
synthetic_00845,fine_tuning,fine_tuning,cluster_t4,alibaba_gpu_type_pool,T4,20,3,7e-05,T4,1,24.2,91.0
synthetic_00901,fine_tuning,fine_tuning,cluster_t4,alibaba_gpu_type_pool,T4,20,1,7e-05,T4,1,3.152,5.46875
synthetic_00093,preprocessing,preprocessing,cluster_p100,alibaba_gpu_type_pool,P100,21,1,0.00025,,1,14.2,57.0
synthetic_00098,preprocessing,preprocessing,cluster_t4,alibaba_gpu_type_pool,T4,21,11,0.00025,,1,4.0,22.3515625
synthetic_00168,preprocessing,preprocessing,cluster_t4,alibaba_gpu_type_pool,T4,21,1,0.00025,,1,8.0,29.8017578125
synthetic_00314,preprocessing,preprocessing,cluster_v100m32,alibaba_gpu_type_pool,V100M32,21,1,0.00035,,1,4.152,10.3515625
synthetic_00332,preprocessing,preprocessing,cluster_g3,alibaba_gpu_type_pool,G3,21,2,0.00035,,1,8.2,33.0
synthetic_00421,preprocessing,preprocessing,cluster_g3,alibaba_gpu_type_pool,G3,21,1,0.00035,,1,3.152,5.46875
synthetic_00568,fine_tuning,fine_tuning,cluster_t4,alibaba_gpu_type_pool,T4,21,5,7e-05,T4,1,4.0,24.0
synthetic_00068,fine_tuning,fine_tuning,cluster_g2,alibaba_gpu_type_pool,G2,22,12,0.00035,G2,1,11.3,37.0
synthetic_00434,preprocessing,preprocessing,cluster_p100,alibaba_gpu_type_pool,P100,22,9,0.00025,,1,14.2,57.0
synthetic_00240,preprocessing,preprocessing,cluster_p100,alibaba_gpu_type_pool,P100,23,1,0.00025,P100|V100M16|V100M32,1,4.0,24.0
synthetic_00942,preprocessing,preprocessing,cluster_v100m32,alibaba_gpu_type_pool,V100M32,23,1,0.00025,,1,11.908,46.0
synthetic_00943,preprocessing,preprocessing,cluster_t4,alibaba_gpu_type_pool,T4,23,1,7e-05,,1,11.3,48.0
synthetic_00790,preprocessing,preprocessing,cluster_g3,alibaba_gpu_type_pool,G3,26,5,0.00025,,1,4.0,29.8017578125
synthetic_00025,fine_tuning,fine_tuning,cluster_t4,alibaba_gpu_type_pool,T4,27,2,7e-05,T4,1,3.152,5.46875
synthetic_00073,fine_tuning,fine_tuning,cluster_g3,alibaba_gpu_type_pool,G3,27,2,0.00035,G3,1,16.0,32.0
synthetic_00127,preprocessing,preprocessing,cluster_g2,alibaba_gpu_type_pool,G2,27,1,7e-05,,1,1.0,2.0
synthetic_00311,fine_tuning,fine_tuning,cluster_t4,alibaba_gpu_type_pool,T4,27,2,7e-05,T4,1,11.4,47.0
synthetic_00331,fine_tuning,fine_tuning,cluster_t4,alibaba_gpu_type_pool,T4,27,1,7e-05,T4,1,11.3,48.0
synthetic_00333,fine_tuning,fine_tuning,cluster_t4,alibaba_gpu_type_pool,T4,27,7,7e-05,T4,1,11.4,47.0
synthetic_00501,fine_tuning,fine_tuning,cluster_t4,alibaba_gpu_type_pool,T4,27,1,7e-05,T4,1,3.152,5.46875
synthetic_00553,preprocessing,preprocessing,cluster_g3,alibaba_gpu_type_pool,G3,27,6,0.00025,,1,4.0,22.3515625
synthetic_00626,preprocessing,preprocessing,cluster_p100,alibaba_gpu_type_pool,P100,27,1,0.00015,,1,8.0,29.8017578125
synthetic_00710,preprocessing,preprocessing,cluster_g2,alibaba_gpu_type_pool,G2,27,1,7e-05,,1,11.3,48.0
synthetic_00730,preprocessing,preprocessing,cluster_p100,alibaba_gpu_type_pool,P100,27,1,0.00035,,1,3.152,5.46875
synthetic_00752,preprocessing,preprocessing,cluster_g3,alibaba_gpu_type_pool,G3,27,2,7e-05,,1,3.152,5.46875
synthetic_00764,fine_tuning,fine_tuning,cluster_t4,alibaba_gpu_type_pool,T4,27,3,7e-05,T4,1,9.81,40.5859375
synthetic_00897,fine_tuning,fine_tuning,cluster_t4,alibaba_gpu_type_pool,T4,27,4,7e-05,T4,1,18.708,63.0
synthetic_00973,preprocessing,preprocessing,cluster_g3,alibaba_gpu_type_pool,G3,27,15,0.00025,,1,12.0,15.0
synthetic_00028,fine_tuning,fine_tuning,cluster_g3,alibaba_gpu_type_pool,G3,28,1,0.00035,G3,1,11.908,46.0
synthetic_00109,preprocessing,preprocessing,cluster_g2,alibaba_gpu_type_pool,G2,28,1,0.00015,,1,3.152,5.46875
synthetic_00115,fine_tuning,fine_tuning,cluster_t4,alibaba_gpu_type_pool,T4,28,1,7e-05,T4,1,18.708,63.0
synthetic_00165,fine_tuning,fine_tuning,cluster_t4,alibaba_gpu_type_pool,T4,28,1,7e-05,T4,1,11.3,48.0
synthetic_00215,preprocessing,preprocessing,cluster_t4,alibaba_gpu_type_pool,T4,28,1,0.00025,,1,11.908,46.0
synthetic_00233,preprocessing,preprocessing,cluster_g3,alibaba_gpu_type_pool,G3,28,1,0.00035,,1,3.152,5.46875
synthetic_00246,fine_tuning,fine_tuning,cluster_g3,alibaba_gpu_type_pool,G3,28,1,0.00035,G3,1,9.81,40.5859375
synthetic_00272,preprocessing,preprocessing,cluster_g2,alibaba_gpu_type_pool,G2,28,11,7e-05,,1,4.0,22.3515625
synthetic_00302,preprocessing,preprocessing,cluster_g2,alibaba_gpu_type_pool,G2,28,1,7e-05,,1,16.4,123.0
synthetic_00310,preprocessing,preprocessing,cluster_g3,alibaba_gpu_type_pool,G3,28,1,0.00015,,1,8.0,29.8017578125
synthetic_00318,preprocessing,preprocessing,cluster_t4,alibaba_gpu_type_pool,T4,28,1,0.00025,,1,3.152,5.46875
synthetic_00403,preprocessing,preprocessing,cluster_g3,alibaba_gpu_type_pool,G3,28,1,0.00025,,1,11.3,48.0
synthetic_00481,preprocessing,preprocessing,cluster_t4,alibaba_gpu_type_pool,T4,28,8,0.00015,,1,11.4,47.0
synthetic_00532,preprocessing,preprocessing,cluster_p100,alibaba_gpu_type_pool,P100,28,1,0.00015,,1,3.152,5.46875
synthetic_00552,training,training,cluster_v100m16,alibaba_gpu_type_pool,V100M16,28,5,0.00025,V100M16|V100M32,1,4.0,24.0
synthetic_00657,preprocessing,preprocessing,cluster_v100m32,alibaba_gpu_type_pool,V100M32,28,1,0.00025,P100|V100M16|V100M32,1,11.3,48.0
synthetic_00689,fine_tuning,fine_tuning,cluster_p100,alibaba_gpu_type_pool,P100,28,5,0.00025,P100,1,4.0,14.900390625
synthetic_00770,preprocessing,preprocessing,cluster_p100,alibaba_gpu_type_pool,P100,28,2,0.00025,P100|V100M16|V100M32,1,11.3,48.0
synthetic_00772,preprocessing,preprocessing,cluster_p100,alibaba_gpu_type_pool,P100,28,1,0.00025,P100|V100M16|V100M32,1,11.4,47.0
synthetic_00808,preprocessing,preprocessing,cluster_g2,alibaba_gpu_type_pool,G2,28,2,0.00025,,1,8.0,29.8017578125
synthetic_00852,preprocessing,preprocessing,cluster_g3,alibaba_gpu_type_pool,G3,28,2,0.00035,,1,3.152,5.46875
synthetic_00909,fine_tuning,fine_tuning,cluster_t4,alibaba_gpu_type_pool,T4,28,1,7e-05,T4,1,3.152,5.46875
synthetic_00932,preprocessing,preprocessing,cluster_v100m32,alibaba_gpu_type_pool,V100M32,28,1,0.00025,,1,3.152,5.46875
synthetic_00937,preprocessing,preprocessing,cluster_t4,alibaba_gpu_type_pool,T4,28,5,0.00015,,1,4.0,24.0
synthetic_00097,fine_tuning,fine_tuning,cluster_t4,alibaba_gpu_type_pool,T4,29,1,7e-05,T4,1,8.0,29.8017578125
synthetic_00116,preprocessing,preprocessing,cluster_g3,alibaba_gpu_type_pool,G3,29,1,0.00025,,1,11.908,46.0
synthetic_00122,preprocessing,preprocessing,cluster_g2,alibaba_gpu_type_pool,G2,29,1,7e-05,,1,3.152,5.46875
synthetic_00143,fine_tuning,fine_tuning,cluster_t4,alibaba_gpu_type_pool,T4,29,10,7e-05,T4,1,14.2,57.0
synthetic_00146,preprocessing,preprocessing,cluster_g3,alibaba_gpu_type_pool,G3,29,1,7e-05,,1,12.0,16.0
synthetic_00179,fine_tuning,fine_tuning,cluster_p100,alibaba_gpu_type_pool,P100,29,1,0.00025,P100,1,11.908,46.0
synthetic_00199,fine_tuning,fine_tuning,cluster_t4,alibaba_gpu_type_pool,T4,29,1,7e-05,T4,1,3.152,5.46875
synthetic_00204,preprocessing,preprocessing,cluster_g2,alibaba_gpu_type_pool,G2,29,1,0.00015,,1,3.152,5.46875
synthetic_00207,preprocessing,preprocessing,cluster_p100,alibaba_gpu_type_pool,P100,29,1,0.00025,,1,3.152,5.46875
synthetic_00263,preprocessing,preprocessing,cluster_t4,alibaba_gpu_type_pool,T4,29,8,0.00025,,1,16.0,32.0
synthetic_00270,preprocessing,preprocessing,cluster_g3,alibaba_gpu_type_pool,G3,29,12,0.00025,,1,4.0,22.3515625
synthetic_00349,fine_tuning,fine_tuning,cluster_t4,alibaba_gpu_type_pool,T4,29,1,7e-05,T4,1,3.152,5.46875
synthetic_00358,preprocessing,preprocessing,cluster_g2,alibaba_gpu_type_pool,G2,29,1,7e-05,,1,12.0,16.0
synthetic_00359,preprocessing,preprocessing,cluster_g3,alibaba_gpu_type_pool,G3,29,1,0.00035,,1,3.152,5.46875
synthetic_00527,preprocessing,preprocessing,cluster_t4,alibaba_gpu_type_pool,T4,29,5,0.00035,,1,11.4,47.0
synthetic_00541,preprocessing,preprocessing,cluster_g2,alibaba_gpu_type_pool,G2,29,2,7e-05,G2|P100|T4|V100M16|V100M32,1,12.0,16.0
synthetic_00580,fine_tuning,fine_tuning,cluster_t4,alibaba_gpu_type_pool,T4,29,1,7e-05,T4,1,4.0,14.900390625
synthetic_00593,fine_tuning,fine_tuning,cluster_t4,alibaba_gpu_type_pool,T4,29,1,7e-05,T4,1,11.3,48.0
synthetic_00609,preprocessing,preprocessing,cluster_t4,alibaba_gpu_type_pool,T4,29,1,0.00025,,1,8.0,16.0
synthetic_00621,preprocessing,preprocessing,cluster_p100,alibaba_gpu_type_pool,P100,29,1,0.00035,,1,3.152,5.46875
synthetic_00725,preprocessing,preprocessing,cluster_p100,alibaba_gpu_type_pool,P100,29,1,0.00035,,1,4.0,14.900390625
synthetic_00754,preprocessing,preprocessing,cluster_g2,alibaba_gpu_type_pool,G2,29,2,0.00035,,1,12.0,24.0
synthetic_00801,preprocessing,preprocessing,cluster_g3,alibaba_gpu_type_pool,G3,29,2,0.00025,,1,12.0,24.0
synthetic_00805,preprocessing,preprocessing,cluster_g2,alibaba_gpu_type_pool,G2,29,1,0.00035,,1,11.3,48.0
synthetic_00807,preprocessing,preprocessing,cluster_t4,alibaba_gpu_type_pool,T4,29,1,0.00025,,1,3.152,5.46875
synthetic_00813,training,training,cluster_v100m16,alibaba_gpu_type_pool,V100M16,29,2,0.00025,V100M16|V100M32,1,11.4,47.0
synthetic_00858,preprocessing,preprocessing,cluster_g3,alibaba_gpu_type_pool,G3,29,1,0.00015,,1,3.152,5.46875
synthetic_00899,preprocessing,preprocessing,cluster_t4,alibaba_gpu_type_pool,T4,29,1,0.00025,,1,3.152,5.46875
synthetic_00939,preprocessing,preprocessing,cluster_g3,alibaba_gpu_type_pool,G3,29,1,7e-05,,1,11.908,46.0
synthetic_00949,training,training,cluster_v100m32,alibaba_gpu_type_pool,V100M32,29,2,0.00025,V100M16|V100M32,1,11.4,47.0
synthetic_00992,preprocessing,preprocessing,cluster_t4,alibaba_gpu_type_pool,T4,29,1,0.00035,,1,11.908,46.0
synthetic_00069,preprocessing,preprocessing,cluster_g3,alibaba_gpu_type_pool,G3,30,1,0.00035,,1,3.152,5.46875
synthetic_00095,preprocessing,preprocessing,cluster_g2,alibaba_gpu_type_pool,G2,30,1,0.00025,,1,8.0,29.8017578125
synthetic_00102,preprocessing,preprocessing,cluster_g2,alibaba_gpu_type_pool,G2,30,1,0.00025,,1,3.152,5.46875
synthetic_00112,fine_tuning,fine_tuning,cluster_g2,alibaba_gpu_type_pool,G2,30,5,0.00035,G2,1,8.2,33.0
synthetic_00128,fine_tuning,fine_tuning,cluster_t4,alibaba_gpu_type_pool,T4,30,1,7e-05,T4,1,4.0,14.900390625
synthetic_00132,preprocessing,preprocessing,cluster_g2,alibaba_gpu_type_pool,G2,30,1,0.00025,,1,11.4,47.0
synthetic_00158,preprocessing,preprocessing,cluster_g3,alibaba_gpu_type_pool,G3,30,11,0.00025,,1,4.0,22.3515625
synthetic_00193,preprocessing,preprocessing,cluster_g2,alibaba_gpu_type_pool,G2,30,1,0.00035,,1,18.708,63.0
synthetic_00197,fine_tuning,fine_tuning,cluster_p100,alibaba_gpu_type_pool,P100,30,11,0.00025,P100,1,4.0,22.3515625
synthetic_00275,preprocessing,preprocessing,cluster_g2,alibaba_gpu_type_pool,G2,30,1,0.00025,,1,8.0,29.8017578125
synthetic_00276,fine_tuning,fine_tuning,cluster_t4,alibaba_gpu_type_pool,T4,30,16,7e-05,T4,1,3.152,5.46875
synthetic_00287,preprocessing,preprocessing,cluster_g2,alibaba_gpu_type_pool,G2,30,1,0.00025,,1,3.152,5.46875
synthetic_00378,preprocessing,preprocessing,cluster_g2,alibaba_gpu_type_pool,G2,30,1,0.00025,,1,24.2,91.0
synthetic_00400,fine_tuning,fine_tuning,cluster_p100,alibaba_gpu_type_pool,P100,30,1,0.00025,P100,1,11.908,46.0
synthetic_00475,fine_tuning,fine_tuning,cluster_t4,alibaba_gpu_type_pool,T4,30,2,7e-05,T4,1,4.0,22.3515625
synthetic_00599,fine_tuning,fine_tuning,cluster_g2,alibaba_gpu_type_pool,G2,30,1,0.00035,G2,1,11.9,76.0
synthetic_00612,preprocessing,preprocessing,cluster_g3,alibaba_gpu_type_pool,G3,30,9,0.00025,,1,4.0,14.900390625
synthetic_00635,preprocessing,preprocessing,cluster_g2,alibaba_gpu_type_pool,G2,30,3,0.00025,,1,11.908,46.0
synthetic_00652,preprocessing,preprocessing,cluster_g2,alibaba_gpu_type_pool,G2,30,4,7e-05,,1,11.4,47.0
synthetic_00656,fine_tuning,fine_tuning,cluster_p100,alibaba_gpu_type_pool,P100,30,1,0.00025,P100,1,4.152,10.3515625
synthetic_00706,preprocessing,preprocessing,cluster_g3,alibaba_gpu_type_pool,G3,30,1,0.00025,,1,3.152,5.46875
synthetic_00803,preprocessing,preprocessing,cluster_g2,alibaba_gpu_type_pool,G2,30,1,7e-05,,1,3.152,5.46875
synthetic_00877,training,training,cluster_v100m32,alibaba_gpu_type_pool,V100M32,30,1,0.00025,V100M16|V100M32,1,11.4,47.0
synthetic_00967,preprocessing,preprocessing,cluster_p100,alibaba_gpu_type_pool,P100,30,2,0.00025,,1,11.908,46.0
synthetic_00015,preprocessing,preprocessing,cluster_g2,alibaba_gpu_type_pool,G2,31,1,0.00015,,1,9.81,40.5859375
synthetic_00023,preprocessing,preprocessing,cluster_g2,alibaba_gpu_type_pool,G2,31,1,0.00035,,1,18.708,63.0
synthetic_00048,fine_tuning,fine_tuning,cluster_t4,alibaba_gpu_type_pool,T4,31,2,7e-05,T4,1,11.908,46.0
synthetic_00077,preprocessing,preprocessing,cluster_p100,alibaba_gpu_type_pool,P100,31,1,0.00025,P100|V100M16|V100M32,1,24.2,91.0
synthetic_00249,fine_tuning,fine_tuning,cluster_t4,alibaba_gpu_type_pool,T4,31,1,7e-05,T4,1,9.81,40.5859375
synthetic_00259,preprocessing,preprocessing,cluster_t4,alibaba_gpu_type_pool,T4,31,1,0.00025,,1,3.152,5.46875
synthetic_00280,preprocessing,preprocessing,cluster_g2,alibaba_gpu_type_pool,G2,31,3,0.00035,,1,11.908,46.0
synthetic_00291,fine_tuning,fine_tuning,cluster_t4,alibaba_gpu_type_pool,T4,31,7,7e-05,T4,1,11.4,47.0
synthetic_00375,preprocessing,preprocessing,cluster_g2,alibaba_gpu_type_pool,G2,31,1,0.00015,,1,11.908,46.0
synthetic_00447,preprocessing,preprocessing,cluster_p100,alibaba_gpu_type_pool,P100,31,1,7e-05,,1,3.152,5.46875
synthetic_00644,fine_tuning,fine_tuning,cluster_t4,alibaba_gpu_type_pool,T4,31,2,7e-05,T4,1,11.908,46.0
synthetic_00867,preprocessing,preprocessing,cluster_g2,alibaba_gpu_type_pool,G2,31,1,0.00035,,1,3.152,5.46875
synthetic_00902,fine_tuning,fine_tuning,cluster_t4,alibaba_gpu_type_pool,T4,31,1,7e-05,T4,1,3.152,5.46875
synthetic_00046,preprocessing,preprocessing,cluster_g2,alibaba_gpu_type_pool,G2,32,1,0.00015,,1,3.152,5.46875
synthetic_00129,preprocessing,preprocessing,cluster_p100,alibaba_gpu_type_pool,P100,32,2,0.00025,,1,3.152,5.46875
synthetic_00167,fine_tuning,fine_tuning,cluster_t4,alibaba_gpu_type_pool,T4,32,2,7e-05,T4,1,11.3,48.0
synthetic_00175,preprocessing,preprocessing,cluster_g3,alibaba_gpu_type_pool,G3,32,1,7e-05,,1,8.0,29.8017578125
synthetic_00187,preprocessing,preprocessing,cluster_g2,alibaba_gpu_type_pool,G2,32,1,0.00025,,1,11.4,47.0
synthetic_00213,fine_tuning,fine_tuning,cluster_t4,alibaba_gpu_type_pool,T4,32,1,7e-05,T4,1,3.152,5.46875
synthetic_00214,preprocessing,preprocessing,cluster_g2,alibaba_gpu_type_pool,G2,32,2,0.00025,,1,3.152,5.46875
synthetic_00309,fine_tuning,fine_tuning,cluster_p100,alibaba_gpu_type_pool,P100,32,1,0.00025,P100,1,6.0,12.0
synthetic_00483,fine_tuning,fine_tuning,cluster_t4,alibaba_gpu_type_pool,T4,32,1,7e-05,T4,1,4.152,10.3515625
synthetic_00558,preprocessing,preprocessing,cluster_g2,alibaba_gpu_type_pool,G2,32,14,7e-05,,1,11.908,46.0
synthetic_00632,preprocessing,preprocessing,cluster_t4,alibaba_gpu_type_pool,T4,32,4,0.00035,,1,9.81,40.5859375
synthetic_00654,fine_tuning,fine_tuning,cluster_v100m32,alibaba_gpu_type_pool,V100M32,32,2,0.00025,V100M32,1,12.0,16.0
synthetic_00702,preprocessing,preprocessing,cluster_g3,alibaba_gpu_type_pool,G3,32,1,0.00025,,1,11.3,48.0
synthetic_00860,preprocessing,preprocessing,cluster_g2,alibaba_gpu_type_pool,G2,32,1,0.00025,,1,9.81,40.5859375
synthetic_00976,preprocessing,preprocessing,cluster_p100,alibaba_gpu_type_pool,P100,32,5,0.00025,,1,3.152,5.46875
synthetic_00991,fine_tuning,fine_tuning,cluster_t4,alibaba_gpu_type_pool,T4,32,1,7e-05,T4,1,11.908,46.0
synthetic_00010,preprocessing,preprocessing,cluster_g2,alibaba_gpu_type_pool,G2,33,4,7e-05,,1,18.708,63.0
synthetic_00011,fine_tuning,fine_tuning,cluster_t4,alibaba_gpu_type_pool,T4,33,1,7e-05,T4,1,1.0,2.0
synthetic_00062,preprocessing,preprocessing,cluster_p100,alibaba_gpu_type_pool,P100,33,3,0.00025,P100|V100M16|V100M32,1,11.4,47.0
synthetic_00196,fine_tuning,fine_tuning,cluster_g2,alibaba_gpu_type_pool,G2,33,2,0.00035,G2,1,4.0,30.517578125
synthetic_00265,fine_tuning,fine_tuning,cluster_t4,alibaba_gpu_type_pool,T4,33,1,7e-05,T4,1,4.152,10.3515625
synthetic_00383,preprocessing,preprocessing,cluster_g2,alibaba_gpu_type_pool,G2,33,2,0.00035,,1,4.0,24.0
synthetic_00404,fine_tuning,fine_tuning,cluster_p100,alibaba_gpu_type_pool,P100,33,1,0.00025,P100,1,3.152,5.46875
synthetic_00452,preprocessing,preprocessing,cluster_t4,alibaba_gpu_type_pool,T4,33,5,7e-05,,1,11.4,76.0
synthetic_00600,preprocessing,preprocessing,cluster_t4,alibaba_gpu_type_pool,T4,33,1,0.00015,,1,11.3,48.0
synthetic_00724,preprocessing,preprocessing,cluster_p100,alibaba_gpu_type_pool,P100,33,2,0.00025,,1,16.4,123.0
synthetic_00737,preprocessing,preprocessing,cluster_g3,alibaba_gpu_type_pool,G3,33,1,0.00025,,1,11.4,47.0
synthetic_00768,preprocessing,preprocessing,cluster_t4,alibaba_gpu_type_pool,T4,33,1,0.00035,,1,3.152,5.46875
synthetic_00786,preprocessing,preprocessing,cluster_t4,alibaba_gpu_type_pool,T4,33,1,0.00035,,1,3.152,5.46875
synthetic_00205,preprocessing,preprocessing,cluster_g2,alibaba_gpu_type_pool,G2,34,1,0.00035,,1,3.152,5.46875
synthetic_00283,fine_tuning,fine_tuning,cluster_p100,alibaba_gpu_type_pool,P100,34,2,0.00025,P100,1,3.152,5.46875
synthetic_00292,preprocessing,preprocessing,cluster_p100,alibaba_gpu_type_pool,P100,34,5,0.00025,,1,11.4,47.0
synthetic_00502,preprocessing,preprocessing,cluster_g2,alibaba_gpu_type_pool,G2,34,3,0.00035,,1,11.4,47.0
synthetic_00520,preprocessing,preprocessing,cluster_g3,alibaba_gpu_type_pool,G3,34,1,0.00025,,1,8.0,16.0
synthetic_00546,fine_tuning,fine_tuning,cluster_t4,alibaba_gpu_type_pool,T4,34,1,7e-05,T4,1,11.9,76.0
synthetic_00557,fine_tuning,fine_tuning,cluster_t4,alibaba_gpu_type_pool,T4,34,4,7e-05,T4,1,12.0,16.0
synthetic_00783,preprocessing,preprocessing,cluster_p100,alibaba_gpu_type_pool,P100,34,1,0.00025,,1,8.0,29.8017578125
synthetic_00987,preprocessing,preprocessing,cluster_t4,alibaba_gpu_type_pool,T4,34,1,0.00025,,1,18.708,63.0
synthetic_00008,preprocessing,preprocessing,cluster_t4,alibaba_gpu_type_pool,T4,35,6,0.00025,,1,4.0,14.900390625
synthetic_00133,fine_tuning,fine_tuning,cluster_t4,alibaba_gpu_type_pool,T4,35,2,7e-05,T4,1,11.4,47.0
synthetic_00425,preprocessing,preprocessing,cluster_g3,alibaba_gpu_type_pool,G3,35,2,0.00035,,1,11.908,46.0
synthetic_00534,fine_tuning,fine_tuning,cluster_p100,alibaba_gpu_type_pool,P100,35,16,0.00025,P100,1,8.0,29.8017578125
synthetic_00542,fine_tuning,fine_tuning,cluster_t4,alibaba_gpu_type_pool,T4,35,1,7e-05,T4,1,11.4,47.0
synthetic_00559,preprocessing,preprocessing,cluster_t4,alibaba_gpu_type_pool,T4,35,1,7e-05,,1,11.908,46.0
synthetic_00820,preprocessing,preprocessing,cluster_t4,alibaba_gpu_type_pool,T4,35,2,0.00025,G2|P100|T4|V100M16|V100M32,1,11.4,47.0
synthetic_00876,fine_tuning,fine_tuning,cluster_t4,alibaba_gpu_type_pool,T4,35,1,7e-05,T4,1,3.152,5.46875
synthetic_00941,preprocessing,preprocessing,cluster_t4,alibaba_gpu_type_pool,T4,35,4,0.00035,,1,9.81,40.5859375
synthetic_00076,preprocessing,preprocessing,cluster_g2,alibaba_gpu_type_pool,G2,36,2,0.00025,,1,11.908,46.0
synthetic_00090,fine_tuning,fine_tuning,cluster_g2,alibaba_gpu_type_pool,G2,36,1,0.00035,G2,1,11.3,48.0
synthetic_00209,preprocessing,preprocessing,cluster_g2,alibaba_gpu_type_pool,G2,36,1,0.00035,,1,3.152,5.46875
synthetic_00274,fine_tuning,fine_tuning,cluster_g2,alibaba_gpu_type_pool,G2,36,2,0.00035,G2,1,11.4,47.0
synthetic_00338,preprocessing,preprocessing,cluster_g2,alibaba_gpu_type_pool,G2,36,13,0.00035,,1,11.3,48.0
synthetic_00461,preprocessing,preprocessing,cluster_p100,alibaba_gpu_type_pool,P100,36,1,0.00025,,1,4.0,14.900390625
synthetic_00495,preprocessing,preprocessing,cluster_g2,alibaba_gpu_type_pool,G2,36,1,0.00025,,1,8.0,29.8017578125
synthetic_00785,preprocessing,preprocessing,cluster_p100,alibaba_gpu_type_pool,P100,36,1,0.00025,,1,4.152,10.3515625
synthetic_00972,preprocessing,preprocessing,cluster_g3,alibaba_gpu_type_pool,G3,36,1,7e-05,,1,3.152,5.46875
synthetic_00101,fine_tuning,fine_tuning,cluster_t4,alibaba_gpu_type_pool,T4,37,7,7e-05,T4,1,4.0,22.3515625
synthetic_00225,preprocessing,preprocessing,cluster_g2,alibaba_gpu_type_pool,G2,37,1,0.00035,,1,3.152,5.46875
synthetic_00228,fine_tuning,fine_tuning,cluster_p100,alibaba_gpu_type_pool,P100,37,1,0.00025,P100,1,3.152,5.46875
synthetic_00289,fine_tuning,fine_tuning,cluster_t4,alibaba_gpu_type_pool,T4,37,1,7e-05,T4,1,3.152,5.46875
synthetic_00369,fine_tuning,fine_tuning,cluster_t4,alibaba_gpu_type_pool,T4,37,1,7e-05,T4,1,11.3,48.0
synthetic_00406,fine_tuning,fine_tuning,cluster_p100,alibaba_gpu_type_pool,P100,37,1,0.00025,P100,1,3.152,5.46875
synthetic_00420,fine_tuning,fine_tuning,cluster_t4,alibaba_gpu_type_pool,T4,37,14,7e-05,T4,1,4.0,22.3515625
synthetic_00584,fine_tuning,fine_tuning,cluster_t4,alibaba_gpu_type_pool,T4,37,1,7e-05,T4,1,3.152,5.46875
synthetic_00613,fine_tuning,fine_tuning,cluster_t4,alibaba_gpu_type_pool,T4,37,2,7e-05,T4,1,12.0,16.0
synthetic_00685,fine_tuning,fine_tuning,cluster_t4,alibaba_gpu_type_pool,T4,37,1,7e-05,T4,1,11.3,48.0
synthetic_00956,preprocessing,preprocessing,cluster_g2,alibaba_gpu_type_pool,G2,37,4,0.00025,A10|G2|P100|T4|V100M16|V100M32,1,9.81,40.5859375
synthetic_00079,fine_tuning,fine_tuning,cluster_t4,alibaba_gpu_type_pool,T4,38,1,7e-05,T4,1,11.3,48.0
synthetic_00226,training,training,cluster_v100m16,alibaba_gpu_type_pool,V100M16,38,3,0.00025,V100M16|V100M32,1,9.81,40.5859375
synthetic_00317,preprocessing,preprocessing,cluster_g2,alibaba_gpu_type_pool,G2,38,2,0.00035,,1,4.0,22.3515625
synthetic_00444,preprocessing,preprocessing,cluster_g2,alibaba_gpu_type_pool,G2,38,1,0.00015,,1,8.0,29.8017578125
synthetic_00567,fine_tuning,fine_tuning,cluster_g3,alibaba_gpu_type_pool,G3,38,2,0.00035,G3,1,11.4,47.0
synthetic_00682,preprocessing,preprocessing,cluster_t4,alibaba_gpu_type_pool,T4,38,9,7e-05,,1,12.0,16.0
synthetic_00865,preprocessing,preprocessing,cluster_p100,alibaba_gpu_type_pool,P100,38,2,0.00035,,1,8.0,16.0
synthetic_00891,fine_tuning,fine_tuning,cluster_t4,alibaba_gpu_type_pool,T4,38,1,7e-05,T4,1,4.0,14.900390625
synthetic_00912,preprocessing,preprocessing,cluster_p100,alibaba_gpu_type_pool,P100,38,11,7e-05,,1,3.152,5.46875
synthetic_00969,fine_tuning,fine_tuning,cluster_g2,alibaba_gpu_type_pool,G2,38,3,0.00035,G2,1,15.7,57.0
synthetic_00070,preprocessing,preprocessing,cluster_p100,alibaba_gpu_type_pool,P100,39,2,0.00025,P100|T4|V100M16|V100M32,1,11.3,48.0
synthetic_00087,preprocessing,preprocessing,cluster_g2,alibaba_gpu_type_pool,G2,39,1,0.00025,,1,3.152,5.46875
synthetic_00106,preprocessing,preprocessing,cluster_g2,alibaba_gpu_type_pool,G2,39,1,0.00015,,1,12.0,16.0
synthetic_00108,fine_tuning,fine_tuning,cluster_g3,alibaba_gpu_type_pool,G3,39,1,0.00035,G3,1,12.0,24.0
synthetic_00284,preprocessing,preprocessing,cluster_g2,alibaba_gpu_type_pool,G2,39,1,0.00025,,1,3.152,5.46875
synthetic_00351,preprocessing,preprocessing,cluster_g2,alibaba_gpu_type_pool,G2,39,1,0.00035,,1,8.2,33.0
synthetic_00396,fine_tuning,fine_tuning,cluster_g2,alibaba_gpu_type_pool,G2,39,2,0.00035,G2,1,11.4,47.0
synthetic_00503,preprocessing,preprocessing,cluster_g2,alibaba_gpu_type_pool,G2,39,9,0.00025,,1,14.2,57.0
synthetic_00515,preprocessing,preprocessing,cluster_p100,alibaba_gpu_type_pool,P100,39,2,0.00025,,1,3.152,5.46875
synthetic_00574,preprocessing,preprocessing,cluster_p100,alibaba_gpu_type_pool,P100,39,3,0.00035,,1,15.7,57.0
synthetic_00594,preprocessing,preprocessing,cluster_g2,alibaba_gpu_type_pool,G2,39,1,0.00035,,1,3.152,5.46875
synthetic_00597,fine_tuning,fine_tuning,cluster_g2,alibaba_gpu_type_pool,G2,39,2,0.00035,G2,1,15.4,88.0
synthetic_00668,preprocessing,preprocessing,cluster_g3,alibaba_gpu_type_pool,G3,39,1,0.00025,,1,2.0,16.0
synthetic_00698,fine_tuning,fine_tuning,cluster_g2,alibaba_gpu_type_pool,G2,39,1,0.00035,G2,1,3.152,5.46875
synthetic_00917,preprocessing,preprocessing,cluster_g2,alibaba_gpu_type_pool,G2,39,3,0.00035,,1,15.7,57.0
synthetic_00986,fine_tuning,fine_tuning,cluster_t4,alibaba_gpu_type_pool,T4,39,1,7e-05,T4,1,11.3,48.0
synthetic_00125,preprocessing,preprocessing,cluster_g2,alibaba_gpu_type_pool,G2,40,8,0.00025,,1,11.4,47.0
synthetic_00312,preprocessing,preprocessing,cluster_g2,alibaba_gpu_type_pool,G2,40,1,0.00035,,1,11.3,48.0
synthetic_00385,preprocessing,preprocessing,cluster_g2,alibaba_gpu_type_pool,G2,40,1,0.00025,,1,3.152,5.46875
synthetic_00422,fine_tuning,fine_tuning,cluster_t4,alibaba_gpu_type_pool,T4,40,1,7e-05,T4,1,11.3,48.0
synthetic_00535,fine_tuning,fine_tuning,cluster_t4,alibaba_gpu_type_pool,T4,40,9,7e-05,T4,1,6.0,12.0
synthetic_00643,fine_tuning,fine_tuning,cluster_g2,alibaba_gpu_type_pool,G2,40,2,0.00035,G2,1,11.3,48.0
synthetic_00670,preprocessing,preprocessing,cluster_g2,alibaba_gpu_type_pool,G2,40,4,0.00025,,1,4.0,29.8017578125
synthetic_00672,fine_tuning,fine_tuning,cluster_t4,alibaba_gpu_type_pool,T4,40,2,7e-05,T4,1,3.152,5.46875
synthetic_00751,preprocessing,preprocessing,cluster_g3,alibaba_gpu_type_pool,G3,40,1,0.00035,,1,15.7,57.0
synthetic_00784,fine_tuning,fine_tuning,cluster_t4,alibaba_gpu_type_pool,T4,40,1,7e-05,T4,1,11.3,48.0
synthetic_00793,preprocessing,preprocessing,cluster_p100,alibaba_gpu_type_pool,P100,40,1,7e-05,,1,3.152,5.46875
synthetic_00929,preprocessing,preprocessing,cluster_p100,alibaba_gpu_type_pool,P100,40,1,0.002,,8,64.2,257.0
synthetic_00990,fine_tuning,fine_tuning,cluster_t4,alibaba_gpu_type_pool,T4,40,1,7e-05,T4,1,11.4,47.0
synthetic_00006,fine_tuning,fine_tuning,cluster_g2,alibaba_gpu_type_pool,G2,41,2,0.00035,G2,1,18.708,63.0
synthetic_00185,fine_tuning,fine_tuning,cluster_g3,alibaba_gpu_type_pool,G3,41,2,0.00035,G3,1,11.3,48.0
synthetic_00252,preprocessing,preprocessing,cluster_g2,alibaba_gpu_type_pool,G2,41,1,0.00015,,1,3.152,5.46875
synthetic_00306,preprocessing,preprocessing,cluster_g2,alibaba_gpu_type_pool,G2,41,1,0.00025,,1,11.908,46.0
synthetic_00407,preprocessing,preprocessing,cluster_g2,alibaba_gpu_type_pool,G2,41,2,0.00035,,1,4.152,10.3515625
synthetic_00417,fine_tuning,fine_tuning,cluster_g2,alibaba_gpu_type_pool,G2,41,5,0.00035,G2,1,4.0,24.0
synthetic_00419,preprocessing,preprocessing,cluster_g2,alibaba_gpu_type_pool,G2,41,14,0.00035,,1,3.152,5.46875
synthetic_00431,fine_tuning,fine_tuning,cluster_g2,alibaba_gpu_type_pool,G2,41,3,0.00035,G2,1,11.4,47.0
synthetic_00693,fine_tuning,fine_tuning,cluster_t4,alibaba_gpu_type_pool,T4,41,1,7e-05,T4,1,3.152,5.46875
synthetic_00720,preprocessing,preprocessing,cluster_p100,alibaba_gpu_type_pool,P100,41,1,0.00035,,1,3.152,5.46875
synthetic_00800,preprocessing,preprocessing,cluster_p100,alibaba_gpu_type_pool,P100,41,1,0.00035,,1,3.152,5.46875
synthetic_00810,preprocessing,preprocessing,cluster_g3,alibaba_gpu_type_pool,G3,41,1,0.00025,,1,8.0,29.8017578125
synthetic_00840,preprocessing,preprocessing,cluster_t4,alibaba_gpu_type_pool,T4,41,1,0.00015,,1,3.152,5.46875
synthetic_00882,preprocessing,preprocessing,cluster_g2,alibaba_gpu_type_pool,G2,41,5,0.00035,,1,11.3,48.0
synthetic_00004,preprocessing,preprocessing,cluster_g2,alibaba_gpu_type_pool,G2,42,1,0.00035,,1,18.708,63.0
synthetic_00072,preprocessing,preprocessing,cluster_g2,alibaba_gpu_type_pool,G2,42,1,0.00025,,1,8.0,29.8017578125
synthetic_00277,preprocessing,preprocessing,cluster_g3,alibaba_gpu_type_pool,G3,42,1,0.00035,,1,3.152,5.46875
synthetic_00439,preprocessing,preprocessing,cluster_g2,alibaba_gpu_type_pool,G2,42,1,0.00035,,1,11.908,46.0
synthetic_00487,preprocessing,preprocessing,cluster_g2,alibaba_gpu_type_pool,G2,42,2,0.00035,,1,11.4,47.0
synthetic_00707,fine_tuning,fine_tuning,cluster_g3,alibaba_gpu_type_pool,G3,42,5,0.00035,G3,1,4.0,24.0
synthetic_00757,preprocessing,preprocessing,cluster_v100m32,alibaba_gpu_type_pool,V100M32,42,1,0.00025,A10|G2|T4|V100M16|V100M32,1,11.3,48.0
synthetic_00792,preprocessing,preprocessing,cluster_t4,alibaba_gpu_type_pool,T4,42,6,0.00025,,1,4.0,22.3515625
synthetic_00799,training,training,cluster_v100m32,alibaba_gpu_type_pool,V100M32,42,1,0.00025,V100M16|V100M32,1,11.4,47.0
synthetic_00857,fine_tuning,fine_tuning,cluster_t4,alibaba_gpu_type_pool,T4,42,1,7e-05,T4,1,11.3,48.0
synthetic_00910,preprocessing,preprocessing,cluster_g2,alibaba_gpu_type_pool,G2,42,6,0.00025,,1,4.0,14.900390625
synthetic_00918,preprocessing,preprocessing,cluster_g2,alibaba_gpu_type_pool,G2,42,1,0.00025,,1,3.152,5.46875
synthetic_00996,preprocessing,preprocessing,cluster_p100,alibaba_gpu_type_pool,P100,42,5,7e-05,,1,4.0,22.3515625
synthetic_00085,preprocessing,preprocessing,cluster_g2,alibaba_gpu_type_pool,G2,43,1,7e-05,,1,11.3,48.0
synthetic_00210,preprocessing,preprocessing,cluster_g2,alibaba_gpu_type_pool,G2,43,1,0.00025,,1,11.4,47.0
synthetic_00247,fine_tuning,fine_tuning,cluster_g3,alibaba_gpu_type_pool,G3,43,1,0.00035,G3,1,3.152,5.46875
synthetic_00273,preprocessing,preprocessing,cluster_g2,alibaba_gpu_type_pool,G2,43,13,0.00035,,1,4.0,22.3515625
synthetic_00341,fine_tuning,fine_tuning,cluster_t4,alibaba_gpu_type_pool,T4,43,1,7e-05,T4,1,11.4,47.0
synthetic_00410,preprocessing,preprocessing,cluster_g2,alibaba_gpu_type_pool,G2,43,1,0.00025,,1,11.908,46.0
synthetic_00445,fine_tuning,fine_tuning,cluster_g2,alibaba_gpu_type_pool,G2,43,1,0.00035,G2,1,9.81,40.5859375
synthetic_00477,preprocessing,preprocessing,cluster_g3,alibaba_gpu_type_pool,G3,43,1,0.00015,,1,18.708,63.0
synthetic_00539,preprocessing,preprocessing,cluster_g3,alibaba_gpu_type_pool,G3,43,6,0.00025,,1,4.0,29.8017578125
synthetic_00556,training,training,cluster_v100m32,alibaba_gpu_type_pool,V100M32,43,5,0.00025,V100M16|V100M32,1,12.0,24.0
synthetic_00827,preprocessing,preprocessing,cluster_g3,alibaba_gpu_type_pool,G3,43,2,0.00025,,1,11.4,47.0
synthetic_00841,preprocessing,preprocessing,cluster_p100,alibaba_gpu_type_pool,P100,43,1,0.00025,,1,3.152,5.46875
synthetic_00029,fine_tuning,fine_tuning,cluster_t4,alibaba_gpu_type_pool,T4,44,1,7e-05,T4,1,11.908,46.0
synthetic_00092,fine_tuning,fine_tuning,cluster_g2,alibaba_gpu_type_pool,G2,44,1,0.00035,G2,1,11.3,48.0
synthetic_00147,preprocessing,preprocessing,cluster_g2,alibaba_gpu_type_pool,G2,44,14,0.00015,,1,9.81,40.5859375
synthetic_00267,preprocessing,preprocessing,cluster_g3,alibaba_gpu_type_pool,G3,44,6,0.00025,,1,8.0,16.0
synthetic_00305,preprocessing,preprocessing,cluster_g2,alibaba_gpu_type_pool,G2,44,1,0.00015,,1,11.4,47.0
synthetic_00330,fine_tuning,fine_tuning,cluster_g2,alibaba_gpu_type_pool,G2,44,3,0.00035,G2,1,11.3,48.0
synthetic_00507,preprocessing,preprocessing,cluster_t4,alibaba_gpu_type_pool,T4,44,2,0.00035,,1,11.908,46.0
synthetic_00523,preprocessing,preprocessing,cluster_v100m32,alibaba_gpu_type_pool,V100M32,44,1,0.00025,,1,11.3,48.0
synthetic_00538,fine_tuning,fine_tuning,cluster_g3,alibaba_gpu_type_pool,G3,44,1,0.00035,G3,1,24.2,91.0
synthetic_00741,fine_tuning,fine_tuning,cluster_g2,alibaba_gpu_type_pool,G2,44,1,0.00035,G2,1,8.2,33.0
synthetic_00779,preprocessing,preprocessing,cluster_p100,alibaba_gpu_type_pool,P100,44,1,0.00025,,1,4.0,29.8017578125
synthetic_00067,preprocessing,preprocessing,cluster_g2,alibaba_gpu_type_pool,G2,45,1,0.00035,,1,3.152,5.46875
synthetic_00136,preprocessing,preprocessing,cluster_g2,alibaba_gpu_type_pool,G2,45,1,0.00025,,1,11.3,48.0
synthetic_00354,fine_tuning,fine_tuning,cluster_t4,alibaba_gpu_type_pool,T4,45,1,7e-05,T4,1,3.152,5.46875
synthetic_00474,preprocessing,preprocessing,cluster_g2,alibaba_gpu_type_pool,G2,45,5,0.00035,,1,12.0,24.0
synthetic_00884,fine_tuning,fine_tuning,cluster_t4,alibaba_gpu_type_pool,T4,45,1,7e-05,T4,1,12.0,16.0
synthetic_00998,fine_tuning,fine_tuning,cluster_g3,alibaba_gpu_type_pool,G3,45,5,0.00035,G3,1,4.0,24.0
synthetic_00030,preprocessing,preprocessing,cluster_g2,alibaba_gpu_type_pool,G2,46,1,0.00025,,1,11.908,46.0
synthetic_00086,preprocessing,preprocessing,cluster_g2,alibaba_gpu_type_pool,G2,46,7,7e-05,,1,11.908,46.0
synthetic_00089,preprocessing,preprocessing,cluster_g3,alibaba_gpu_type_pool,G3,46,2,0.00025,,1,24.2,91.0
synthetic_00145,preprocessing,preprocessing,cluster_g2,alibaba_gpu_type_pool,G2,46,1,0.00035,,1,11.908,46.0
synthetic_00256,preprocessing,preprocessing,cluster_g2,alibaba_gpu_type_pool,G2,46,1,7e-05,,1,4.152,10.3515625
synthetic_00442,preprocessing,preprocessing,cluster_g2,alibaba_gpu_type_pool,G2,46,3,0.00035,,1,3.152,5.46875
synthetic_00562,preprocessing,preprocessing,cluster_g3,alibaba_gpu_type_pool,G3,46,1,0.00025,,1,11.3,48.0
synthetic_00602,fine_tuning,fine_tuning,cluster_t4,alibaba_gpu_type_pool,T4,46,2,7e-05,T4,1,3.152,5.46875
synthetic_00605,fine_tuning,fine_tuning,cluster_g2,alibaba_gpu_type_pool,G2,46,3,0.00035,G2,1,24.2,91.0
synthetic_00638,preprocessing,preprocessing,cluster_t4,alibaba_gpu_type_pool,T4,46,1,0.00035,,1,11.3,48.0
synthetic_00665,preprocessing,preprocessing,cluster_g2,alibaba_gpu_type_pool,G2,46,1,0.00035,,1,11.3,48.0
synthetic_00740,preprocessing,preprocessing,cluster_t4,alibaba_gpu_type_pool,T4,46,1,0.00015,,1,3.152,5.46875
synthetic_00806,preprocessing,preprocessing,cluster_g2,alibaba_gpu_type_pool,G2,46,4,0.00025,,1,8.0,29.8017578125
synthetic_00952,preprocessing,preprocessing,cluster_t4,alibaba_gpu_type_pool,T4,46,2,0.00025,,1,11.4,47.0
synthetic_00022,fine_tuning,fine_tuning,cluster_g2,alibaba_gpu_type_pool,G2,47,1,0.00035,G2,1,11.3,48.0
synthetic_00094,fine_tuning,fine_tuning,cluster_t4,alibaba_gpu_type_pool,T4,47,3,7e-05,T4,1,9.81,40.5859375
synthetic_00251,preprocessing,preprocessing,cluster_g2,alibaba_gpu_type_pool,G2,47,1,0.00015,,1,11.4,47.0
synthetic_00514,preprocessing,preprocessing,cluster_p100,alibaba_gpu_type_pool,P100,47,1,0.00025,,1,3.152,5.46875
synthetic_00545,preprocessing,preprocessing,cluster_p100,alibaba_gpu_type_pool,P100,47,5,0.00025,,1,11.908,46.0
synthetic_00762,preprocessing,preprocessing,cluster_p100,alibaba_gpu_type_pool,P100,47,1,7e-05,,1,3.152,5.46875
synthetic_00787,preprocessing,preprocessing,cluster_p100,alibaba_gpu_type_pool,P100,47,6,0.00035,,1,14.9,72.0
synthetic_00811,preprocessing,preprocessing,cluster_p100,alibaba_gpu_type_pool,P100,47,3,0.00025,,1,16.0,32.0
synthetic_00854,preprocessing,preprocessing,cluster_v100m32,alibaba_gpu_type_pool,V100M32,47,1,0.00035,,1,11.3,48.0
synthetic_00036,preprocessing,preprocessing,cluster_g2,alibaba_gpu_type_pool,G2,48,2,0.00025,,1,16.0,32.0
synthetic_00060,fine_tuning,fine_tuning,cluster_t4,alibaba_gpu_type_pool,T4,48,1,7e-05,T4,1,3.152,5.46875
synthetic_00469,fine_tuning,fine_tuning,cluster_t4,alibaba_gpu_type_pool,T4,48,1,7e-05,T4,1,11.908,46.0
synthetic_00505,preprocessing,preprocessing,cluster_g3,alibaba_gpu_type_pool,G3,48,1,0.00025,,1,3.152,5.46875
synthetic_00622,preprocessing,preprocessing,cluster_g3,alibaba_gpu_type_pool,G3,48,11,7e-05,,1,4.0,29.8017578125
synthetic_00625,preprocessing,preprocessing,cluster_g2,alibaba_gpu_type_pool,G2,48,1,7e-05,,1,4.152,10.3515625
synthetic_00678,preprocessing,preprocessing,cluster_g3,alibaba_gpu_type_pool,G3,48,1,0.00025,,1,11.3,48.0
synthetic_00742,preprocessing,preprocessing,cluster_p100,alibaba_gpu_type_pool,P100,48,1,0.00025,,1,4.0,29.8017578125
synthetic_00814,preprocessing,preprocessing,cluster_g3,alibaba_gpu_type_pool,G3,48,1,7e-05,,1,6.0,6.0
synthetic_00970,fine_tuning,fine_tuning,cluster_p100,alibaba_gpu_type_pool,P100,48,1,0.00025,P100,1,3.152,5.46875
synthetic_00088,preprocessing,preprocessing,cluster_g2,alibaba_gpu_type_pool,G2,49,1,0.00025,,1,3.152,5.46875
synthetic_00268,preprocessing,preprocessing,cluster_g2,alibaba_gpu_type_pool,G2,49,5,7e-05,,1,4.0,14.900390625
synthetic_00279,fine_tuning,fine_tuning,cluster_t4,alibaba_gpu_type_pool,T4,49,2,7e-05,T4,1,11.4,76.0
synthetic_00337,preprocessing,preprocessing,cluster_g2,alibaba_gpu_type_pool,G2,49,2,0.00015,,1,4.0,22.3515625
synthetic_00384,fine_tuning,fine_tuning,cluster_t4,alibaba_gpu_type_pool,T4,49,2,7e-05,T4,1,12.0,16.0
synthetic_00440,preprocessing,preprocessing,cluster_g2,alibaba_gpu_type_pool,G2,49,2,0.00025,,1,24.2,91.0
synthetic_00510,preprocessing,preprocessing,cluster_g3,alibaba_gpu_type_pool,G3,49,3,0.00025,,1,11.3,48.0
synthetic_00522,preprocessing,preprocessing,cluster_g2,alibaba_gpu_type_pool,G2,49,2,0.00025,,1,8.0,29.8017578125
synthetic_00650,preprocessing,preprocessing,cluster_g3,alibaba_gpu_type_pool,G3,49,1,0.00025,,1,11.908,46.0
synthetic_00755,preprocessing,preprocessing,cluster_p100,alibaba_gpu_type_pool,P100,49,1,0.00035,,1,9.81,40.5859375
synthetic_00765,preprocessing,preprocessing,cluster_g3,alibaba_gpu_type_pool,G3,49,5,0.00025,,1,15.2,79.0
synthetic_00117,preprocessing,preprocessing,cluster_g2,alibaba_gpu_type_pool,G2,50,10,0.00025,,1,4.0,14.900390625
synthetic_00161,preprocessing,preprocessing,cluster_g2,alibaba_gpu_type_pool,G2,50,1,7e-05,,1,3.152,5.46875
synthetic_00219,preprocessing,preprocessing,cluster_p100,alibaba_gpu_type_pool,P100,50,1,7e-05,,1,3.152,5.46875
synthetic_00373,fine_tuning,fine_tuning,cluster_t4,alibaba_gpu_type_pool,T4,50,1,7e-05,T4,1,11.3,48.0
synthetic_00451,preprocessing,preprocessing,cluster_p100,alibaba_gpu_type_pool,P100,50,1,0.00025,P100|V100M16|V100M32,1,3.152,5.46875
synthetic_00618,fine_tuning,fine_tuning,cluster_t4,alibaba_gpu_type_pool,T4,50,1,7e-05,T4,1,3.152,5.46875
synthetic_00646,preprocessing,preprocessing,cluster_g3,alibaba_gpu_type_pool,G3,50,1,7e-05,,1,3.152,5.46875
synthetic_00661,preprocessing,preprocessing,cluster_p100,alibaba_gpu_type_pool,P100,50,4,0.00025,,1,4.0,22.3515625
synthetic_00729,fine_tuning,fine_tuning,cluster_t4,alibaba_gpu_type_pool,T4,50,1,7e-05,T4,1,3.152,5.46875
synthetic_00732,preprocessing,preprocessing,cluster_g2,alibaba_gpu_type_pool,G2,50,1,0.00025,,1,3.152,5.46875
synthetic_00157,preprocessing,preprocessing,cluster_g2,alibaba_gpu_type_pool,G2,51,1,0.00035,,1,11.3,48.0
synthetic_00159,preprocessing,preprocessing,cluster_g2,alibaba_gpu_type_pool,G2,51,1,0.00015,,1,11.4,47.0
synthetic_00586,fine_tuning,fine_tuning,cluster_t4,alibaba_gpu_type_pool,T4,51,1,7e-05,T4,1,11.3,48.0
synthetic_00687,fine_tuning,fine_tuning,cluster_g2,alibaba_gpu_type_pool,G2,51,1,0.00035,G2,1,12.0,16.0
synthetic_00695,fine_tuning,fine_tuning,cluster_t4,alibaba_gpu_type_pool,T4,51,1,7e-05,T4,1,11.4,47.0
synthetic_00945,fine_tuning,fine_tuning,cluster_v100m32,alibaba_gpu_type_pool,V100M32,51,5,0.00025,V100M32,1,4.0,24.0
synthetic_00983,preprocessing,preprocessing,cluster_g2,alibaba_gpu_type_pool,G2,51,1,0.00025,,1,3.152,5.46875
synthetic_00150,preprocessing,preprocessing,cluster_g2,alibaba_gpu_type_pool,G2,52,5,7e-05,,1,4.0,24.0
synthetic_00180,preprocessing,preprocessing,cluster_g2,alibaba_gpu_type_pool,G2,52,1,0.00025,,1,12.0,24.0
synthetic_00303,fine_tuning,fine_tuning,cluster_t4,alibaba_gpu_type_pool,T4,52,1,7e-05,T4,1,11.3,48.0
synthetic_00578,preprocessing,preprocessing,cluster_t4,alibaba_gpu_type_pool,T4,52,1,0.00015,,1,11.3,48.0
synthetic_00660,preprocessing,preprocessing,cluster_p100,alibaba_gpu_type_pool,P100,52,1,0.00025,,1,18.708,63.0
synthetic_00745,preprocessing,preprocessing,cluster_g2,alibaba_gpu_type_pool,G2,52,5,7e-05,,1,16.0,32.0
synthetic_00750,preprocessing,preprocessing,cluster_g3,alibaba_gpu_type_pool,G3,52,1,0.00025,,1,11.3,48.0
synthetic_00855,preprocessing,preprocessing,cluster_p100,alibaba_gpu_type_pool,P100,52,3,0.00025,,1,18.708,63.0
synthetic_00957,preprocessing,preprocessing,cluster_p100,alibaba_gpu_type_pool,P100,52,1,0.00025,P100|V100M16|V100M32,1,14.2,57.0
synthetic_00978,fine_tuning,fine_tuning,cluster_t4,alibaba_gpu_type_pool,T4,52,2,7e-05,T4,1,11.908,46.0
synthetic_00162,preprocessing,preprocessing,cluster_g2,alibaba_gpu_type_pool,G2,53,4,0.00035,,1,12.0,24.0
synthetic_00183,preprocessing,preprocessing,cluster_p100,alibaba_gpu_type_pool,P100,53,1,0.00025,,1,15.7,57.0
synthetic_00206,fine_tuning,fine_tuning,cluster_t4,alibaba_gpu_type_pool,T4,53,2,7e-05,T4,1,16.0,32.0
synthetic_00692,preprocessing,preprocessing,cluster_t4,alibaba_gpu_type_pool,T4,53,1,0.00035,,1,11.4,47.0
synthetic_00838,fine_tuning,fine_tuning,cluster_t4,alibaba_gpu_type_pool,T4,53,6,7e-05,T4,1,4.0,30.517578125
synthetic_00958,preprocessing,preprocessing,cluster_g2,alibaba_gpu_type_pool,G2,53,4,0.00035,,1,12.0,15.0
synthetic_00995,preprocessing,preprocessing,cluster_p100,alibaba_gpu_type_pool,P100,53,1,7e-05,,1,3.152,5.46875
synthetic_00997,preprocessing,preprocessing,cluster_g3,alibaba_gpu_type_pool,G3,53,1,0.00035,,1,3.152,5.46875
synthetic_00170,fine_tuning,fine_tuning,cluster_t4,alibaba_gpu_type_pool,T4,54,1,7e-05,T4,1,11.908,46.0
synthetic_00190,preprocessing,preprocessing,cluster_g2,alibaba_gpu_type_pool,G2,54,5,0.00025,,1,4.0,29.8017578125
synthetic_00326,preprocessing,preprocessing,cluster_g2,alibaba_gpu_type_pool,G2,54,1,0.00035,,1,14.2,57.0
synthetic_00372,fine_tuning,fine_tuning,cluster_g3,alibaba_gpu_type_pool,G3,54,5,0.00035,G3,1,4.0,24.0
synthetic_00467,fine_tuning,fine_tuning,cluster_t4,alibaba_gpu_type_pool,T4,54,15,7e-05,T4,1,8.0,29.8017578125
synthetic_00563,fine_tuning,fine_tuning,cluster_g2,alibaba_gpu_type_pool,G2,54,3,0.00035,G2,1,11.4,76.0
synthetic_00739,preprocessing,preprocessing,cluster_g3,alibaba_gpu_type_pool,G3,54,1,7e-05,,1,4.0,14.900390625
synthetic_00794,preprocessing,preprocessing,cluster_t4,alibaba_gpu_type_pool,T4,54,8,0.00035,,1,8.0,29.8017578125
synthetic_00846,preprocessing,preprocessing,cluster_g3,alibaba_gpu_type_pool,G3,54,1,0.00035,,1,11.3,48.0
synthetic_00245,preprocessing,preprocessing,cluster_g2,alibaba_gpu_type_pool,G2,55,1,0.00015,,1,1.0,2.0
synthetic_00348,preprocessing,preprocessing,cluster_g2,alibaba_gpu_type_pool,G2,55,2,0.00035,,1,6.0,6.0
synthetic_00391,preprocessing,preprocessing,cluster_g2,alibaba_gpu_type_pool,G2,55,1,7e-05,,1,3.152,5.46875
synthetic_00459,preprocessing,preprocessing,cluster_t4,alibaba_gpu_type_pool,T4,55,1,0.00025,,1,3.152,5.46875
synthetic_00460,preprocessing,preprocessing,cluster_g2,alibaba_gpu_type_pool,G2,55,3,0.00035,,1,14.2,57.0
synthetic_00734,preprocessing,preprocessing,cluster_t4,alibaba_gpu_type_pool,T4,55,1,0.00015,,1,11.3,48.0
synthetic_00763,preprocessing,preprocessing,cluster_p100,alibaba_gpu_type_pool,P100,55,1,0.00025,P100|V100M16|V100M32,1,14.2,57.0
synthetic_00849,fine_tuning,fine_tuning,cluster_t4,alibaba_gpu_type_pool,T4,55,3,7e-05,T4,1,3.152,5.46875
synthetic_00875,preprocessing,preprocessing,cluster_t4,alibaba_gpu_type_pool,T4,55,1,7e-05,,1,11.908,46.0
synthetic_00883,preprocessing,preprocessing,cluster_g3,alibaba_gpu_type_pool,G3,55,8,0.00035,,1,11.3,37.0
synthetic_00908,preprocessing,preprocessing,cluster_t4,alibaba_gpu_type_pool,T4,55,1,0.00035,,1,3.152,5.46875
synthetic_00993,fine_tuning,fine_tuning,cluster_t4,alibaba_gpu_type_pool,T4,55,1,7e-05,T4,1,11.3,48.0
synthetic_00110,preprocessing,preprocessing,cluster_g2,alibaba_gpu_type_pool,G2,56,1,0.00015,,1,4.0,22.3515625
synthetic_00242,preprocessing,preprocessing,cluster_g2,alibaba_gpu_type_pool,G2,56,1,0.00015,,1,9.81,40.5859375
synthetic_00244,training,training,cluster_v100m16,alibaba_gpu_type_pool,V100M16,56,2,0.00025,V100M16|V100M32,1,15.7,57.0
synthetic_00248,preprocessing,preprocessing,cluster_g2,alibaba_gpu_type_pool,G2,56,6,0.00025,,1,15.7,57.0
synthetic_00324,preprocessing,preprocessing,cluster_g3,alibaba_gpu_type_pool,G3,56,3,0.00025,,1,8.0,29.8017578125
synthetic_00441,preprocessing,preprocessing,cluster_g2,alibaba_gpu_type_pool,G2,56,10,0.00035,,1,8.2,33.0
synthetic_00443,fine_tuning,fine_tuning,cluster_t4,alibaba_gpu_type_pool,T4,56,1,7e-05,T4,1,11.3,48.0
synthetic_00485,preprocessing,preprocessing,cluster_t4,alibaba_gpu_type_pool,T4,56,2,7e-05,,1,11.908,46.0
synthetic_00812,preprocessing,preprocessing,cluster_t4,alibaba_gpu_type_pool,T4,56,1,0.00035,,1,11.3,48.0
synthetic_00826,preprocessing,preprocessing,cluster_t4,alibaba_gpu_type_pool,T4,56,2,0.00035,,1,11.908,46.0
synthetic_00853,preprocessing,preprocessing,cluster_p100,alibaba_gpu_type_pool,P100,56,7,0.00025,G2|P100|T4|V100M16|V100M32,1,8.0,16.0
synthetic_00169,training,training,cluster_v100m16,alibaba_gpu_type_pool,V100M16,57,5,0.00025,V100M16|V100M32,1,4.0,24.0
synthetic_00235,preprocessing,preprocessing,cluster_p100,alibaba_gpu_type_pool,P100,57,2,0.00025,P100|T4|V100M16|V100M32,1,11.4,47.0
synthetic_00319,preprocessing,preprocessing,cluster_g3,alibaba_gpu_type_pool,G3,57,2,7e-05,,1,3.152,5.46875
synthetic_00379,preprocessing,preprocessing,cluster_p100,alibaba_gpu_type_pool,P100,57,1,0.00035,,1,3.152,5.46875
synthetic_00453,preprocessing,preprocessing,cluster_g3,alibaba_gpu_type_pool,G3,57,1,0.00025,,1,11.4,47.0
synthetic_00490,preprocessing,preprocessing,cluster_g3,alibaba_gpu_type_pool,G3,57,1,0.00025,,1,11.4,47.0
synthetic_00684,fine_tuning,fine_tuning,cluster_t4,alibaba_gpu_type_pool,T4,57,2,7e-05,T4,1,3.152,5.46875
synthetic_00041,preprocessing,preprocessing,cluster_g2,alibaba_gpu_type_pool,G2,58,1,0.00025,,1,3.152,5.46875
synthetic_00155,preprocessing,preprocessing,cluster_g2,alibaba_gpu_type_pool,G2,58,1,0.00025,,1,18.708,63.0
synthetic_00186,preprocessing,preprocessing,cluster_g2,alibaba_gpu_type_pool,G2,58,1,0.00035,,1,4.0,14.900390625
synthetic_00223,preprocessing,preprocessing,cluster_g2,alibaba_gpu_type_pool,G2,58,1,0.00025,,1,3.152,5.46875
synthetic_00390,preprocessing,preprocessing,cluster_g2,alibaba_gpu_type_pool,G2,58,1,0.00025,,1,3.152,5.46875
synthetic_00395,preprocessing,preprocessing,cluster_g2,alibaba_gpu_type_pool,G2,58,1,0.00035,,1,3.152,5.46875
synthetic_00496,preprocessing,preprocessing,cluster_t4,alibaba_gpu_type_pool,T4,58,3,0.00025,,1,11.3,48.0
synthetic_00525,fine_tuning,fine_tuning,cluster_t4,alibaba_gpu_type_pool,T4,58,1,7e-05,T4,1,4.152,10.3515625
synthetic_00603,preprocessing,preprocessing,cluster_g3,alibaba_gpu_type_pool,G3,58,1,0.00025,,1,11.908,46.0
synthetic_00648,fine_tuning,fine_tuning,cluster_t4,alibaba_gpu_type_pool,T4,58,2,7e-05,T4,1,8.0,32.0
synthetic_00711,fine_tuning,fine_tuning,cluster_t4,alibaba_gpu_type_pool,T4,58,1,7e-05,T4,1,4.0,22.3515625
synthetic_00776,preprocessing,preprocessing,cluster_g3,alibaba_gpu_type_pool,G3,58,1,7e-05,,1,3.152,5.46875
synthetic_00927,fine_tuning,fine_tuning,cluster_t4,alibaba_gpu_type_pool,T4,58,1,7e-05,T4,1,3.152,5.46875
synthetic_00033,preprocessing,preprocessing,cluster_g2,alibaba_gpu_type_pool,G2,59,1,0.00035,,1,12.0,15.0
synthetic_00050,preprocessing,preprocessing,cluster_g2,alibaba_gpu_type_pool,G2,59,5,0.00025,,1,15.2,79.0
synthetic_00124,preprocessing,preprocessing,cluster_g3,alibaba_gpu_type_pool,G3,59,1,0.00025,,1,15.2,79.0
synthetic_00166,preprocessing,preprocessing,cluster_g2,alibaba_gpu_type_pool,G2,59,2,0.00035,,1,3.152,5.46875
synthetic_00216,preprocessing,preprocessing,cluster_g2,alibaba_gpu_type_pool,G2,59,1,0.00035,,1,3.152,5.46875
synthetic_00236,preprocessing,preprocessing,cluster_g2,alibaba_gpu_type_pool,G2,59,2,0.00025,,1,16.0,32.0
synthetic_00339,preprocessing,preprocessing,cluster_g2,alibaba_gpu_type_pool,G2,59,1,0.00025,,1,11.908,46.0
synthetic_00362,preprocessing,preprocessing,cluster_g2,alibaba_gpu_type_pool,G2,59,1,7e-05,,1,3.152,5.46875
synthetic_00381,preprocessing,preprocessing,cluster_g2,alibaba_gpu_type_pool,G2,59,4,0.00025,,1,11.4,47.0
synthetic_00457,preprocessing,preprocessing,cluster_g2,alibaba_gpu_type_pool,G2,59,3,0.00035,,1,15.2,79.0
synthetic_00476,preprocessing,preprocessing,cluster_p100,alibaba_gpu_type_pool,P100,59,1,0.00025,,1,3.152,5.46875
synthetic_00571,preprocessing,preprocessing,cluster_p100,alibaba_gpu_type_pool,P100,59,10,7e-05,,1,12.0,24.0
synthetic_00596,fine_tuning,fine_tuning,cluster_t4,alibaba_gpu_type_pool,T4,59,1,7e-05,T4,1,6.0,12.0
synthetic_00696,preprocessing,preprocessing,cluster_p100,alibaba_gpu_type_pool,P100,59,1,7e-05,P100|T4|V100M16|V100M32,1,11.3,48.0
synthetic_00722,fine_tuning,fine_tuning,cluster_t4,alibaba_gpu_type_pool,T4,59,1,7e-05,T4,1,8.0,29.8017578125
synthetic_00791,preprocessing,preprocessing,cluster_g2,alibaba_gpu_type_pool,G2,59,2,0.00015,,1,3.152,5.46875
synthetic_00914,preprocessing,preprocessing,cluster_g3,alibaba_gpu_type_pool,G3,59,7,0.00025,,1,12.0,24.0
synthetic_00920,preprocessing,preprocessing,cluster_t4,alibaba_gpu_type_pool,T4,59,1,0.00025,,1,12.0,24.0
synthetic_00003,preprocessing,preprocessing,cluster_g3,alibaba_gpu_type_pool,G3,60,7,0.00015,,1,4.0,29.8017578125
synthetic_00047,preprocessing,preprocessing,cluster_g2,alibaba_gpu_type_pool,G2,60,4,7e-05,,1,11.4,47.0
synthetic_00134,preprocessing,preprocessing,cluster_g2,alibaba_gpu_type_pool,G2,60,1,0.00025,,1,15.7,57.0
synthetic_00254,preprocessing,preprocessing,cluster_g2,alibaba_gpu_type_pool,G2,60,1,0.00025,,1,9.81,40.5859375
synthetic_00329,preprocessing,preprocessing,cluster_g2,alibaba_gpu_type_pool,G2,60,1,0.00035,,1,11.908,46.0
synthetic_00352,fine_tuning,fine_tuning,cluster_t4,alibaba_gpu_type_pool,T4,60,1,7e-05,T4,1,8.0,29.8017578125
synthetic_00394,fine_tuning,fine_tuning,cluster_t4,alibaba_gpu_type_pool,T4,60,1,7e-05,T4,1,11.4,76.0
synthetic_00446,preprocessing,preprocessing,cluster_t4,alibaba_gpu_type_pool,T4,60,9,0.00025,,1,12.0,15.0
synthetic_00455,preprocessing,preprocessing,cluster_t4,alibaba_gpu_type_pool,T4,60,1,0.00035,,1,15.7,57.0
synthetic_00480,fine_tuning,fine_tuning,cluster_t4,alibaba_gpu_type_pool,T4,60,3,7e-05,T4,1,9.81,40.5859375
synthetic_00537,fine_tuning,fine_tuning,cluster_t4,alibaba_gpu_type_pool,T4,60,9,7e-05,T4,1,6.0,12.0
synthetic_00551,fine_tuning,fine_tuning,cluster_t4,alibaba_gpu_type_pool,T4,60,2,7e-05,T4,1,11.3,48.0
synthetic_00585,preprocessing,preprocessing,cluster_p100,alibaba_gpu_type_pool,P100,60,2,0.00025,,1,11.4,47.0
synthetic_00615,fine_tuning,fine_tuning,cluster_p100,alibaba_gpu_type_pool,P100,60,2,0.00025,P100,1,4.0,14.900390625
synthetic_00863,fine_tuning,fine_tuning,cluster_g2,alibaba_gpu_type_pool,G2,60,4,0.00035,G2,1,15.7,57.0
synthetic_00864,preprocessing,preprocessing,cluster_p100,alibaba_gpu_type_pool,P100,60,8,0.00025,,1,16.0,64.0
synthetic_00936,fine_tuning,fine_tuning,cluster_g2,alibaba_gpu_type_pool,G2,60,4,0.00035,G2,1,12.0,24.0
synthetic_00194,preprocessing,preprocessing,cluster_g2,alibaba_gpu_type_pool,G2,61,1,7e-05,,1,3.152,5.46875
synthetic_00288,preprocessing,preprocessing,cluster_g2,alibaba_gpu_type_pool,G2,61,2,0.00035,,1,8.0,16.0
synthetic_00428,preprocessing,preprocessing,cluster_g2,alibaba_gpu_type_pool,G2,61,3,0.00035,,1,9.81,40.5859375
synthetic_00694,fine_tuning,fine_tuning,cluster_t4,alibaba_gpu_type_pool,T4,61,1,7e-05,T4,1,11.3,48.0
synthetic_00715,preprocessing,preprocessing,cluster_g3,alibaba_gpu_type_pool,G3,61,1,0.00025,,1,3.152,5.46875
synthetic_00723,preprocessing,preprocessing,cluster_t4,alibaba_gpu_type_pool,T4,61,4,0.00025,,1,8.0,16.0
synthetic_00836,preprocessing,preprocessing,cluster_g2,alibaba_gpu_type_pool,G2,61,1,7e-05,,1,14.2,57.0
synthetic_00916,fine_tuning,fine_tuning,cluster_t4,alibaba_gpu_type_pool,T4,61,5,7e-05,T4,1,12.0,16.0
synthetic_00931,fine_tuning,fine_tuning,cluster_t4,alibaba_gpu_type_pool,T4,61,5,7e-05,T4,1,4.0,24.0
synthetic_00016,preprocessing,preprocessing,cluster_g2,alibaba_gpu_type_pool,G2,62,1,0.00025,,1,3.152,5.46875
synthetic_00271,preprocessing,preprocessing,cluster_g2,alibaba_gpu_type_pool,G2,62,1,0.00025,,1,3.152,5.46875
synthetic_00484,preprocessing,preprocessing,cluster_t4,alibaba_gpu_type_pool,T4,62,1,0.00035,,1,3.152,5.46875
synthetic_00497,preprocessing,preprocessing,cluster_p100,alibaba_gpu_type_pool,P100,62,1,0.00035,,1,3.152,5.46875
synthetic_00530,preprocessing,preprocessing,cluster_g2,alibaba_gpu_type_pool,G2,62,1,0.00025,,1,11.908,46.0
synthetic_00797,preprocessing,preprocessing,cluster_g2,alibaba_gpu_type_pool,G2,62,3,0.00025,,1,11.908,46.0
synthetic_00817,preprocessing,preprocessing,cluster_g3,alibaba_gpu_type_pool,G3,62,1,7e-05,,1,3.152,5.46875
synthetic_00824,preprocessing,preprocessing,cluster_g2,alibaba_gpu_type_pool,G2,62,2,0.00025,,1,8.0,32.0
synthetic_00847,fine_tuning,fine_tuning,cluster_g2,alibaba_gpu_type_pool,G2,62,4,0.00035,G2,1,11.3,48.0
synthetic_00965,preprocessing,preprocessing,cluster_g3,alibaba_gpu_type_pool,G3,62,1,0.00025,,1,11.4,47.0
synthetic_00044,preprocessing,preprocessing,cluster_g3,alibaba_gpu_type_pool,G3,63,5,7e-05,,1,4.0,29.8017578125
synthetic_00113,preprocessing,preprocessing,cluster_g2,alibaba_gpu_type_pool,G2,63,1,0.00035,,1,11.3,48.0
synthetic_00135,fine_tuning,fine_tuning,cluster_t4,alibaba_gpu_type_pool,T4,63,2,7e-05,T4,1,8.2,33.0
synthetic_00227,preprocessing,preprocessing,cluster_g2,alibaba_gpu_type_pool,G2,63,1,0.00025,,1,3.152,5.46875
synthetic_00286,preprocessing,preprocessing,cluster_g2,alibaba_gpu_type_pool,G2,63,1,0.00035,,1,3.152,5.46875
synthetic_00295,preprocessing,preprocessing,cluster_g2,alibaba_gpu_type_pool,G2,63,1,0.00025,,1,14.2,57.0
synthetic_00370,preprocessing,preprocessing,cluster_g2,alibaba_gpu_type_pool,G2,63,2,0.00025,,1,4.0,29.8017578125
synthetic_00374,preprocessing,preprocessing,cluster_g2,alibaba_gpu_type_pool,G2,63,1,0.00025,,1,11.4,47.0
synthetic_00408,preprocessing,preprocessing,cluster_g3,alibaba_gpu_type_pool,G3,63,6,0.00025,,1,9.81,40.5859375
synthetic_00465,fine_tuning,fine_tuning,cluster_t4,alibaba_gpu_type_pool,T4,63,1,7e-05,T4,1,15.7,57.0
synthetic_00508,fine_tuning,fine_tuning,cluster_t4,alibaba_gpu_type_pool,T4,63,1,7e-05,T4,1,4.0,29.8017578125
synthetic_00589,preprocessing,preprocessing,cluster_t4,alibaba_gpu_type_pool,T4,63,3,0.00025,,1,11.3,48.0
synthetic_00611,fine_tuning,fine_tuning,cluster_p100,alibaba_gpu_type_pool,P100,63,1,0.00025,P100,1,3.152,5.46875
synthetic_00664,fine_tuning,fine_tuning,cluster_p100,alibaba_gpu_type_pool,P100,63,1,0.00025,P100,1,3.152,5.46875
synthetic_00671,fine_tuning,fine_tuning,cluster_p100,alibaba_gpu_type_pool,P100,63,1,0.00025,P100,1,11.908,46.0
synthetic_00795,preprocessing,preprocessing,cluster_g2,alibaba_gpu_type_pool,G2,63,1,0.00025,,1,18.708,63.0
synthetic_00121,preprocessing,preprocessing,cluster_g2,alibaba_gpu_type_pool,G2,64,2,0.00015,,1,4.0,14.900390625
synthetic_00142,preprocessing,preprocessing,cluster_g3,alibaba_gpu_type_pool,G3,64,4,0.00035,,1,16.0,32.0
synthetic_00171,fine_tuning,fine_tuning,cluster_g2,alibaba_gpu_type_pool,G2,64,1,0.00035,G2,1,4.0,24.0
synthetic_00321,preprocessing,preprocessing,cluster_g2,alibaba_gpu_type_pool,G2,64,1,0.00025,,1,11.3,48.0
synthetic_00449,preprocessing,preprocessing,cluster_t4,alibaba_gpu_type_pool,T4,64,1,0.00025,,1,3.152,5.46875
synthetic_00466,preprocessing,preprocessing,cluster_p100,alibaba_gpu_type_pool,P100,64,3,0.00025,,1,11.908,46.0
synthetic_00491,preprocessing,preprocessing,cluster_t4,alibaba_gpu_type_pool,T4,64,1,0.00015,,1,11.3,48.0
synthetic_00506,preprocessing,preprocessing,cluster_p100,alibaba_gpu_type_pool,P100,64,1,0.00035,,1,18.708,63.0
synthetic_00531,preprocessing,preprocessing,cluster_g2,alibaba_gpu_type_pool,G2,64,2,0.00025,,1,3.152,5.46875
synthetic_00560,training,training,cluster_v100m32,alibaba_gpu_type_pool,V100M32,64,4,0.00025,V100M16|V100M32,1,15.7,57.0
synthetic_00606,fine_tuning,fine_tuning,cluster_t4,alibaba_gpu_type_pool,T4,64,2,7e-05,T4,1,11.908,46.0
synthetic_00839,training,training,cluster_v100m32,alibaba_gpu_type_pool,V100M32,64,1,0.00025,V100M16|V100M32,1,18.708,63.0
synthetic_00871,preprocessing,preprocessing,cluster_g2,alibaba_gpu_type_pool,G2,64,5,0.00025,,1,8.0,29.8017578125
synthetic_00907,fine_tuning,fine_tuning,cluster_t4,alibaba_gpu_type_pool,T4,64,1,7e-05,T4,1,12.0,24.0
synthetic_00923,fine_tuning,fine_tuning,cluster_t4,alibaba_gpu_type_pool,T4,64,5,7e-05,T4,1,12.0,24.0
synthetic_00059,preprocessing,preprocessing,cluster_g2,alibaba_gpu_type_pool,G2,65,1,7e-05,,1,3.152,5.46875
synthetic_00220,fine_tuning,fine_tuning,cluster_t4,alibaba_gpu_type_pool,T4,65,1,7e-05,T4,1,11.3,48.0
synthetic_00293,preprocessing,preprocessing,cluster_g3,alibaba_gpu_type_pool,G3,65,1,0.00035,,1,11.3,48.0
synthetic_00488,preprocessing,preprocessing,cluster_p100,alibaba_gpu_type_pool,P100,65,2,0.00025,P100|T4|V100M16|V100M32,1,11.4,47.0
synthetic_00667,preprocessing,preprocessing,cluster_v100m32,alibaba_gpu_type_pool,V100M32,65,1,0.00015,,1,3.152,5.46875
synthetic_00683,preprocessing,preprocessing,cluster_p100,alibaba_gpu_type_pool,P100,65,1,0.00025,,1,3.152,5.46875
synthetic_00703,preprocessing,preprocessing,cluster_g2,alibaba_gpu_type_pool,G2,65,1,0.00035,,1,9.81,40.5859375
synthetic_00735,preprocessing,preprocessing,cluster_g2,alibaba_gpu_type_pool,G2,65,2,0.00025,,1,8.2,33.0
synthetic_00746,preprocessing,preprocessing,cluster_g2,alibaba_gpu_type_pool,G2,65,4,0.00025,,1,4.0,22.3515625
synthetic_00830,preprocessing,preprocessing,cluster_g2,alibaba_gpu_type_pool,G2,65,2,0.00025,,1,8.0,32.0
synthetic_00837,training,training,cluster_v100m32,alibaba_gpu_type_pool,V100M32,65,5,0.00025,V100M16|V100M32,1,12.0,24.0
synthetic_00874,preprocessing,preprocessing,cluster_p100,alibaba_gpu_type_pool,P100,65,3,0.00035,,1,24.2,91.0
synthetic_00082,preprocessing,preprocessing,cluster_p100,alibaba_gpu_type_pool,P100,66,1,0.00015,,1,3.152,5.46875
synthetic_00099,fine_tuning,fine_tuning,cluster_t4,alibaba_gpu_type_pool,T4,66,1,7e-05,T4,1,11.3,48.0
synthetic_00364,fine_tuning,fine_tuning,cluster_g2,alibaba_gpu_type_pool,G2,66,1,0.00035,G2,1,4.0,24.0
synthetic_00388,fine_tuning,fine_tuning,cluster_t4,alibaba_gpu_type_pool,T4,66,1,7e-05,T4,1,3.152,5.46875
synthetic_00464,preprocessing,preprocessing,cluster_p100,alibaba_gpu_type_pool,P100,66,1,0.00025,,1,3.152,5.46875
synthetic_00540,preprocessing,preprocessing,cluster_p100,alibaba_gpu_type_pool,P100,66,1,0.00035,,1,3.152,5.46875
synthetic_00544,preprocessing,preprocessing,cluster_p100,alibaba_gpu_type_pool,P100,66,6,0.00015,,1,11.4,47.0
synthetic_00564,preprocessing,preprocessing,cluster_p100,alibaba_gpu_type_pool,P100,66,1,0.00035,,1,3.152,5.46875
synthetic_00577,fine_tuning,fine_tuning,cluster_t4,alibaba_gpu_type_pool,T4,66,8,7e-05,T4,1,11.908,46.0
synthetic_00588,training,training,cluster_v100m32,alibaba_gpu_type_pool,V100M32,66,2,0.00025,V100M16|V100M32,1,15.7,57.0
synthetic_00700,preprocessing,preprocessing,cluster_g2,alibaba_gpu_type_pool,G2,66,1,0.00025,,1,4.0,29.8017578125
synthetic_00716,preprocessing,preprocessing,cluster_v100m32,alibaba_gpu_type_pool,V100M32,66,6,0.00025,,1,4.0,24.0
synthetic_00719,fine_tuning,fine_tuning,cluster_t4,alibaba_gpu_type_pool,T4,66,1,7e-05,T4,1,3.152,5.46875
synthetic_00748,training,training,cluster_v100m32,alibaba_gpu_type_pool,V100M32,66,2,0.00025,V100M16|V100M32,1,9.81,40.5859375
synthetic_00900,preprocessing,preprocessing,cluster_g2,alibaba_gpu_type_pool,G2,66,1,0.00025,,1,3.152,5.46875
synthetic_00971,preprocessing,preprocessing,cluster_g2,alibaba_gpu_type_pool,G2,66,1,0.00035,,1,3.152,5.46875
synthetic_00053,fine_tuning,fine_tuning,cluster_t4,alibaba_gpu_type_pool,T4,67,3,7e-05,T4,1,11.3,48.0
synthetic_00057,preprocessing,preprocessing,cluster_p100,alibaba_gpu_type_pool,P100,67,1,0.00015,,1,11.4,47.0
synthetic_00262,preprocessing,preprocessing,cluster_g3,alibaba_gpu_type_pool,G3,67,4,0.00035,,1,11.4,47.0
synthetic_00264,preprocessing,preprocessing,cluster_p100,alibaba_gpu_type_pool,P100,67,2,7e-05,,1,8.0,29.8017578125
synthetic_00368,preprocessing,preprocessing,cluster_g2,alibaba_gpu_type_pool,G2,67,1,0.00015,,1,11.908,46.0
synthetic_00386,preprocessing,preprocessing,cluster_v100m32,alibaba_gpu_type_pool,V100M32,67,1,0.00035,,1,3.152,5.46875
synthetic_00413,preprocessing,preprocessing,cluster_g2,alibaba_gpu_type_pool,G2,67,1,0.00035,,1,3.152,5.46875
synthetic_00468,preprocessing,preprocessing,cluster_p100,alibaba_gpu_type_pool,P100,67,2,0.00025,,1,11.908,46.0
synthetic_00494,preprocessing,preprocessing,cluster_p100,alibaba_gpu_type_pool,P100,67,1,0.00035,,1,3.152,5.46875
synthetic_00529,preprocessing,preprocessing,cluster_g2,alibaba_gpu_type_pool,G2,67,1,0.00025,,1,24.2,91.0
synthetic_00598,preprocessing,preprocessing,cluster_g3,alibaba_gpu_type_pool,G3,67,5,0.00025,,1,11.3,48.0
synthetic_00636,preprocessing,preprocessing,cluster_g2,alibaba_gpu_type_pool,G2,67,1,0.00035,,1,11.3,48.0
synthetic_00749,preprocessing,preprocessing,cluster_g3,alibaba_gpu_type_pool,G3,67,1,0.00025,,1,11.4,47.0
synthetic_00821,training,training,cluster_v100m32,alibaba_gpu_type_pool,V100M32,67,1,0.00025,V100M16|V100M32,1,11.3,48.0
synthetic_00834,preprocessing,preprocessing,cluster_p100,alibaba_gpu_type_pool,P100,67,1,0.00035,,1,11.908,46.0
synthetic_00894,preprocessing,preprocessing,cluster_g2,alibaba_gpu_type_pool,G2,67,1,7e-05,,1,18.708,63.0
synthetic_00933,preprocessing,preprocessing,cluster_g2,alibaba_gpu_type_pool,G2,67,1,0.00025,,1,11.908,46.0
synthetic_00935,preprocessing,preprocessing,cluster_g2,alibaba_gpu_type_pool,G2,67,2,0.00035,,1,8.0,29.8017578125
synthetic_00984,preprocessing,preprocessing,cluster_g3,alibaba_gpu_type_pool,G3,67,1,0.00035,,1,3.152,5.46875
synthetic_01000,preprocessing,preprocessing,cluster_p100,alibaba_gpu_type_pool,P100,67,2,0.00025,,1,15.4,88.0
synthetic_00043,preprocessing,preprocessing,cluster_g3,alibaba_gpu_type_pool,G3,68,1,0.00035,,1,11.4,47.0
synthetic_00055,preprocessing,preprocessing,cluster_g3,alibaba_gpu_type_pool,G3,68,1,0.00025,,1,11.4,47.0
synthetic_00217,preprocessing,preprocessing,cluster_p100,alibaba_gpu_type_pool,P100,68,1,0.00035,,1,11.3,48.0
synthetic_00234,preprocessing,preprocessing,cluster_g3,alibaba_gpu_type_pool,G3,68,2,0.00025,,1,4.0,14.900390625
synthetic_00253,fine_tuning,fine_tuning,cluster_t4,alibaba_gpu_type_pool,T4,68,1,7e-05,T4,1,9.81,40.5859375
synthetic_00257,preprocessing,preprocessing,cluster_g3,alibaba_gpu_type_pool,G3,68,1,0.00025,,1,3.152,5.46875
synthetic_00334,preprocessing,preprocessing,cluster_g3,alibaba_gpu_type_pool,G3,68,1,0.00025,,1,3.152,5.46875
synthetic_00336,preprocessing,preprocessing,cluster_g2,alibaba_gpu_type_pool,G2,68,1,0.00035,,1,3.152,5.46875
synthetic_00471,preprocessing,preprocessing,cluster_g2,alibaba_gpu_type_pool,G2,68,1,0.00015,,1,12.0,24.0
synthetic_00550,preprocessing,preprocessing,cluster_p100,alibaba_gpu_type_pool,P100,68,2,0.00035,,1,11.908,46.0
synthetic_00581,preprocessing,preprocessing,cluster_g3,alibaba_gpu_type_pool,G3,68,3,0.00035,,1,15.7,57.0
synthetic_00608,preprocessing,preprocessing,cluster_g3,alibaba_gpu_type_pool,G3,68,1,7e-05,,1,3.152,5.46875
synthetic_00666,fine_tuning,fine_tuning,cluster_t4,alibaba_gpu_type_pool,T4,68,5,7e-05,T4,1,12.0,24.0
synthetic_00705,fine_tuning,fine_tuning,cluster_g2,alibaba_gpu_type_pool,G2,68,5,0.00035,G2,1,12.0,15.0
synthetic_00850,preprocessing,preprocessing,cluster_v100m32,alibaba_gpu_type_pool,V100M32,68,1,0.00025,,1,11.3,48.0
synthetic_00239,fine_tuning,fine_tuning,cluster_g3,alibaba_gpu_type_pool,G3,69,3,0.00035,G3,1,11.4,47.0
synthetic_00266,preprocessing,preprocessing,cluster_g2,alibaba_gpu_type_pool,G2,69,2,0.00025,,1,3.152,5.46875
synthetic_00367,fine_tuning,fine_tuning,cluster_g2,alibaba_gpu_type_pool,G2,69,1,0.00035,G2,1,11.3,48.0
synthetic_00393,preprocessing,preprocessing,cluster_g2,alibaba_gpu_type_pool,G2,69,1,7e-05,,1,8.0,29.8017578125
synthetic_00458,preprocessing,preprocessing,cluster_v100m32,alibaba_gpu_type_pool,V100M32,69,3,0.00035,,1,11.908,46.0
synthetic_00533,fine_tuning,fine_tuning,cluster_t4,alibaba_gpu_type_pool,T4,69,4,7e-05,T4,1,1.0,6.0
synthetic_00570,preprocessing,preprocessing,cluster_g3,alibaba_gpu_type_pool,G3,69,1,0.00035,,1,8.0,29.8017578125
synthetic_00620,preprocessing,preprocessing,cluster_p100,alibaba_gpu_type_pool,P100,69,1,0.00025,,1,11.908,46.0
synthetic_00669,preprocessing,preprocessing,cluster_v100m32,alibaba_gpu_type_pool,V100M32,69,1,0.00025,,1,18.708,63.0
synthetic_00773,fine_tuning,fine_tuning,cluster_t4,alibaba_gpu_type_pool,T4,69,1,7e-05,T4,1,11.3,48.0
synthetic_00896,preprocessing,preprocessing,cluster_g2,alibaba_gpu_type_pool,G2,69,2,0.00025,,1,3.152,5.46875
synthetic_00163,fine_tuning,fine_tuning,cluster_t4,alibaba_gpu_type_pool,T4,70,2,7e-05,T4,1,9.81,40.5859375
synthetic_00587,fine_tuning,fine_tuning,cluster_t4,alibaba_gpu_type_pool,T4,70,1,7e-05,T4,1,3.152,5.46875
synthetic_00832,fine_tuning,fine_tuning,cluster_t4,alibaba_gpu_type_pool,T4,70,1,7e-05,T4,1,3.152,5.46875
synthetic_00881,preprocessing,preprocessing,cluster_g2,alibaba_gpu_type_pool,G2,70,1,0.00025,,1,4.0,22.3515625
synthetic_00498,preprocessing,preprocessing,cluster_v100m32,alibaba_gpu_type_pool,V100M32,71,1,0.00015,,1,8.0,29.8017578125
synthetic_00761,preprocessing,preprocessing,cluster_g2,alibaba_gpu_type_pool,G2,71,1,7e-05,,1,11.908,46.0
synthetic_00001,preprocessing,preprocessing,cluster_g2,alibaba_gpu_type_pool,G2,72,1,0.00015,,1,3.152,5.46875
synthetic_00104,preprocessing,preprocessing,cluster_g2,alibaba_gpu_type_pool,G2,73,1,0.00035,,1,11.3,48.0
synthetic_00299,preprocessing,preprocessing,cluster_g2,alibaba_gpu_type_pool,G2,73,1,0.00015,,1,3.152,5.46875
synthetic_00717,fine_tuning,fine_tuning,cluster_t4,alibaba_gpu_type_pool,T4,73,1,7e-05,T4,1,3.152,5.46875
synthetic_00844,preprocessing,preprocessing,cluster_g2,alibaba_gpu_type_pool,G2,73,1,0.00035,,1,3.152,5.46875
synthetic_00493,fine_tuning,fine_tuning,cluster_g2,alibaba_gpu_type_pool,G2,74,2,0.00035,G2,1,11.908,46.0
synthetic_00673,preprocessing,preprocessing,cluster_g3,alibaba_gpu_type_pool,G3,74,1,0.00025,,1,18.708,63.0
synthetic_00230,fine_tuning,fine_tuning,cluster_t4,alibaba_gpu_type_pool,T4,75,2,7e-05,T4,1,8.0,16.0
synthetic_00524,preprocessing,preprocessing,cluster_g2,alibaba_gpu_type_pool,G2,75,1,0.00025,,1,3.152,5.46875
synthetic_00528,fine_tuning,fine_tuning,cluster_t4,alibaba_gpu_type_pool,T4,75,1,7e-05,T4,1,11.908,46.0
synthetic_00727,preprocessing,preprocessing,cluster_g2,alibaba_gpu_type_pool,G2,75,2,0.00035,,1,11.3,48.0
synthetic_00782,fine_tuning,fine_tuning,cluster_t4,alibaba_gpu_type_pool,T4,75,3,7e-05,T4,1,11.908,46.0
synthetic_00823,preprocessing,preprocessing,cluster_g2,alibaba_gpu_type_pool,G2,75,1,0.00035,,1,3.152,5.46875
synthetic_00887,preprocessing,preprocessing,cluster_g2,alibaba_gpu_type_pool,G2,75,1,0.00025,,1,11.3,48.0
synthetic_00890,fine_tuning,fine_tuning,cluster_p100,alibaba_gpu_type_pool,P100,75,1,0.00025,P100,1,8.0,29.8017578125
synthetic_00892,preprocessing,preprocessing,cluster_g2,alibaba_gpu_type_pool,G2,75,2,0.00035,,1,16.0,32.0
synthetic_00019,fine_tuning,fine_tuning,cluster_t4,alibaba_gpu_type_pool,T4,76,1,7e-05,T4,1,3.152,5.46875
synthetic_00021,fine_tuning,fine_tuning,cluster_t4,alibaba_gpu_type_pool,T4,76,2,7e-05,T4,1,14.2,57.0
synthetic_00222,fine_tuning,fine_tuning,cluster_p100,alibaba_gpu_type_pool,P100,76,2,0.00025,P100,1,3.152,5.46875
synthetic_00304,fine_tuning,fine_tuning,cluster_t4,alibaba_gpu_type_pool,T4,76,2,7e-05,T4,1,11.4,47.0
synthetic_00423,preprocessing,preprocessing,cluster_g2,alibaba_gpu_type_pool,G2,76,1,0.00025,,1,3.152,5.46875
synthetic_00633,preprocessing,preprocessing,cluster_g2,alibaba_gpu_type_pool,G2,76,2,0.00035,,1,8.0,29.8017578125
synthetic_00712,training,training,cluster_v100m16,alibaba_gpu_type_pool,V100M16,76,5,0.00025,V100M16|V100M32,1,11.3,48.0
synthetic_00713,preprocessing,preprocessing,cluster_g2,alibaba_gpu_type_pool,G2,76,1,0.00025,,1,11.3,48.0
synthetic_00859,fine_tuning,fine_tuning,cluster_p100,alibaba_gpu_type_pool,P100,76,1,0.00025,P100,1,11.908,46.0
synthetic_00913,fine_tuning,fine_tuning,cluster_t4,alibaba_gpu_type_pool,T4,76,1,7e-05,T4,1,3.152,5.46875
synthetic_00959,fine_tuning,fine_tuning,cluster_t4,alibaba_gpu_type_pool,T4,76,1,7e-05,T4,1,3.152,5.46875
synthetic_00100,fine_tuning,fine_tuning,cluster_t4,alibaba_gpu_type_pool,T4,77,2,7e-05,T4,1,11.4,47.0
synthetic_00478,preprocessing,preprocessing,cluster_v100m32,alibaba_gpu_type_pool,V100M32,77,1,0.00025,,1,3.152,5.46875
synthetic_00835,preprocessing,preprocessing,cluster_g3,alibaba_gpu_type_pool,G3,77,1,0.00035,,1,4.152,10.3515625
synthetic_00024,fine_tuning,fine_tuning,cluster_t4,alibaba_gpu_type_pool,T4,78,1,7e-05,T4,1,11.4,47.0
synthetic_00075,preprocessing,preprocessing,cluster_t4,alibaba_gpu_type_pool,T4,78,12,0.00025,P100|T4|V100M16|V100M32,1,18.708,63.0
synthetic_00221,preprocessing,preprocessing,cluster_g2,alibaba_gpu_type_pool,G2,78,3,7e-05,,1,11.4,47.0
synthetic_00342,fine_tuning,fine_tuning,cluster_p100,alibaba_gpu_type_pool,P100,78,1,0.00025,P100,1,11.908,46.0
synthetic_00353,fine_tuning,fine_tuning,cluster_p100,alibaba_gpu_type_pool,P100,78,2,0.00025,P100,1,3.152,5.46875
synthetic_00649,preprocessing,preprocessing,cluster_g2,alibaba_gpu_type_pool,G2,78,1,0.00035,,1,3.152,5.46875
synthetic_00796,preprocessing,preprocessing,cluster_g2,alibaba_gpu_type_pool,G2,78,1,0.00025,,1,3.152,5.46875
synthetic_00938,preprocessing,preprocessing,cluster_g2,alibaba_gpu_type_pool,G2,78,1,0.00035,,1,11.3,48.0
synthetic_00035,preprocessing,preprocessing,cluster_g2,alibaba_gpu_type_pool,G2,79,7,7e-05,,1,11.908,46.0
synthetic_00164,preprocessing,preprocessing,cluster_g2,alibaba_gpu_type_pool,G2,79,1,0.00025,,1,3.152,5.46875
synthetic_00188,preprocessing,preprocessing,cluster_g3,alibaba_gpu_type_pool,G3,79,1,0.00035,,1,4.152,10.3515625
synthetic_00201,preprocessing,preprocessing,cluster_g2,alibaba_gpu_type_pool,G2,79,6,0.00035,,1,12.0,24.0
synthetic_00211,preprocessing,preprocessing,cluster_g2,alibaba_gpu_type_pool,G2,79,2,0.00025,,1,11.908,46.0
synthetic_00323,preprocessing,preprocessing,cluster_g2,alibaba_gpu_type_pool,G2,79,1,0.00035,,1,4.0,22.3515625
synthetic_00397,preprocessing,preprocessing,cluster_g2,alibaba_gpu_type_pool,G2,79,2,0.00035,,1,4.0,30.517578125
synthetic_00798,preprocessing,preprocessing,cluster_g2,alibaba_gpu_type_pool,G2,79,1,0.00035,,1,3.152,5.46875
synthetic_00842,preprocessing,preprocessing,cluster_g2,alibaba_gpu_type_pool,G2,79,1,0.00025,,1,3.152,5.46875
synthetic_00895,preprocessing,preprocessing,cluster_g2,alibaba_gpu_type_pool,G2,79,1,0.00025,,1,11.4,76.0
synthetic_00903,preprocessing,preprocessing,cluster_g2,alibaba_gpu_type_pool,G2,79,5,0.00035,,1,3.152,5.46875
synthetic_00980,fine_tuning,fine_tuning,cluster_t4,alibaba_gpu_type_pool,T4,79,1,7e-05,T4,1,11.3,48.0
synthetic_00138,fine_tuning,fine_tuning,cluster_p100,alibaba_gpu_type_pool,P100,80,1,0.00025,P100,1,11.908,46.0
synthetic_00160,preprocessing,preprocessing,cluster_t4,alibaba_gpu_type_pool,T4,80,1,7e-05,,1,3.152,5.46875
synthetic_00202,fine_tuning,fine_tuning,cluster_t4,alibaba_gpu_type_pool,T4,80,7,7e-05,T4,1,4.0,14.900390625
synthetic_00360,preprocessing,preprocessing,cluster_g2,alibaba_gpu_type_pool,G2,80,2,0.00025,,1,3.152,5.46875
synthetic_00590,preprocessing,preprocessing,cluster_g2,alibaba_gpu_type_pool,G2,80,1,0.00015,,1,3.152,5.46875
synthetic_00614,fine_tuning,fine_tuning,cluster_t4,alibaba_gpu_type_pool,T4,80,1,7e-05,T4,1,3.152,5.46875
synthetic_00828,preprocessing,preprocessing,cluster_g2,alibaba_gpu_type_pool,G2,80,1,0.00035,,1,3.152,5.46875
synthetic_00925,preprocessing,preprocessing,cluster_g2,alibaba_gpu_type_pool,G2,80,2,0.00035,,1,11.908,46.0
synthetic_00950,preprocessing,preprocessing,cluster_g2,alibaba_gpu_type_pool,G2,80,4,0.00025,,1,11.9,76.0
synthetic_00979,preprocessing,preprocessing,cluster_g2,alibaba_gpu_type_pool,G2,80,2,0.00035,,1,11.3,37.0
synthetic_00061,fine_tuning,fine_tuning,cluster_t4,alibaba_gpu_type_pool,T4,81,2,7e-05,T4,1,11.4,47.0
synthetic_00071,preprocessing,preprocessing,cluster_g2,alibaba_gpu_type_pool,G2,81,1,0.00025,,1,11.908,46.0
synthetic_00131,fine_tuning,fine_tuning,cluster_t4,alibaba_gpu_type_pool,T4,81,15,7e-05,T4,1,11.4,47.0
synthetic_00642,preprocessing,preprocessing,cluster_g2,alibaba_gpu_type_pool,G2,81,1,0.0028,,8,64.2,257.0
synthetic_00878,preprocessing,preprocessing,cluster_g2,alibaba_gpu_type_pool,G2,81,4,0.00035,,1,16.0,32.0
synthetic_00963,fine_tuning,fine_tuning,cluster_g2,alibaba_gpu_type_pool,G2,81,1,0.00035,G2,1,3.152,5.46875
synthetic_00032,preprocessing,preprocessing,cluster_g2,alibaba_gpu_type_pool,G2,82,2,7e-05,,1,11.908,46.0
synthetic_00123,preprocessing,preprocessing,cluster_g2,alibaba_gpu_type_pool,G2,82,1,0.00025,,1,11.3,48.0
synthetic_00377,preprocessing,preprocessing,cluster_g2,alibaba_gpu_type_pool,G2,82,1,0.00025,,1,11.3,48.0
synthetic_00456,preprocessing,preprocessing,cluster_g3,alibaba_gpu_type_pool,G3,82,1,0.00025,,1,8.0,29.8017578125
synthetic_00640,fine_tuning,fine_tuning,cluster_g3,alibaba_gpu_type_pool,G3,82,10,0.00035,G3,1,1.0,6.0
synthetic_00769,fine_tuning,fine_tuning,cluster_t4,alibaba_gpu_type_pool,T4,82,14,7e-05,T4,1,8.0,16.0
synthetic_00831,preprocessing,preprocessing,cluster_t4,alibaba_gpu_type_pool,T4,82,1,0.00035,,1,3.152,5.46875
synthetic_00300,preprocessing,preprocessing,cluster_g3,alibaba_gpu_type_pool,G3,83,2,0.00025,,1,3.152,5.46875
synthetic_00418,preprocessing,preprocessing,cluster_g3,alibaba_gpu_type_pool,G3,83,13,0.00025,,1,9.81,40.5859375
synthetic_00954,preprocessing,preprocessing,cluster_t4,alibaba_gpu_type_pool,T4,83,11,0.00035,,1,11.908,46.0
synthetic_00479,preprocessing,preprocessing,cluster_g3,alibaba_gpu_type_pool,G3,84,1,0.00035,,1,9.81,40.5859375
synthetic_00977,preprocessing,preprocessing,cluster_g3,alibaba_gpu_type_pool,G3,84,9,0.00025,,1,11.908,46.0
synthetic_00616,preprocessing,preprocessing,cluster_g2,alibaba_gpu_type_pool,G2,85,1,0.00035,,1,8.0,29.8017578125
synthetic_00982,preprocessing,preprocessing,cluster_p100,alibaba_gpu_type_pool,P100,85,4,0.00025,,1,11.4,47.0
synthetic_00189,preprocessing,preprocessing,cluster_g2,alibaba_gpu_type_pool,G2,86,4,7e-05,,1,11.4,47.0
synthetic_00851,preprocessing,preprocessing,cluster_g2,alibaba_gpu_type_pool,G2,86,1,7e-05,,1,4.0,14.900390625
synthetic_00120,fine_tuning,fine_tuning,cluster_g2,alibaba_gpu_type_pool,G2,87,4,0.00035,G2,1,16.0,32.0
synthetic_00340,preprocessing,preprocessing,cluster_g2,alibaba_gpu_type_pool,G2,87,4,0.00025,,1,1.0,6.0
synthetic_00344,preprocessing,preprocessing,cluster_v100m32,alibaba_gpu_type_pool,V100M32,87,2,0.00025,,1,3.152,5.46875
synthetic_00509,preprocessing,preprocessing,cluster_g3,alibaba_gpu_type_pool,G3,87,2,7e-05,,1,18.708,63.0
synthetic_00680,preprocessing,preprocessing,cluster_g2,alibaba_gpu_type_pool,G2,87,2,0.00015,,1,11.3,48.0
synthetic_00014,preprocessing,preprocessing,cluster_p100,alibaba_gpu_type_pool,P100,88,4,0.00035,,1,11.908,46.0
synthetic_00040,preprocessing,preprocessing,cluster_p100,alibaba_gpu_type_pool,P100,88,1,0.00015,,1,3.152,5.46875
synthetic_00154,preprocessing,preprocessing,cluster_g3,alibaba_gpu_type_pool,G3,88,1,0.00025,,1,4.152,10.3515625
synthetic_00156,preprocessing,preprocessing,cluster_g2,alibaba_gpu_type_pool,G2,88,2,7e-05,,1,11.3,48.0
synthetic_00173,training,training,cluster_v100m32,alibaba_gpu_type_pool,V100M32,88,1,0.00025,V100M16|V100M32,1,18.708,63.0
synthetic_00195,preprocessing,preprocessing,cluster_v100m32,alibaba_gpu_type_pool,V100M32,88,1,0.00035,,1,3.152,5.46875
synthetic_00231,preprocessing,preprocessing,cluster_g2,alibaba_gpu_type_pool,G2,88,1,0.00025,,1,8.0,29.8017578125
synthetic_00255,preprocessing,preprocessing,cluster_g2,alibaba_gpu_type_pool,G2,88,1,7e-05,,1,11.3,48.0
synthetic_00298,fine_tuning,fine_tuning,cluster_t4,alibaba_gpu_type_pool,T4,88,1,7e-05,T4,1,11.3,48.0
synthetic_00316,preprocessing,preprocessing,cluster_g2,alibaba_gpu_type_pool,G2,88,2,0.00015,,1,11.3,48.0
synthetic_00355,fine_tuning,fine_tuning,cluster_t4,alibaba_gpu_type_pool,T4,88,1,7e-05,T4,1,3.152,5.46875
synthetic_00429,preprocessing,preprocessing,cluster_g2,alibaba_gpu_type_pool,G2,88,4,7e-05,,1,16.4,123.0
synthetic_00472,fine_tuning,fine_tuning,cluster_t4,alibaba_gpu_type_pool,T4,88,1,7e-05,T4,1,3.152,5.46875
synthetic_00511,preprocessing,preprocessing,cluster_g2,alibaba_gpu_type_pool,G2,88,3,0.00025,G2|P100|T4|V100M16|V100M32,1,3.152,5.46875
synthetic_00573,preprocessing,preprocessing,cluster_g3,alibaba_gpu_type_pool,G3,88,1,0.00025,,1,3.152,5.46875
synthetic_00641,preprocessing,preprocessing,cluster_t4,alibaba_gpu_type_pool,T4,88,2,0.00035,,1,4.0,24.0
synthetic_00647,preprocessing,preprocessing,cluster_g2,alibaba_gpu_type_pool,G2,88,1,0.00025,,1,11.3,48.0
synthetic_00731,preprocessing,preprocessing,cluster_v100m32,alibaba_gpu_type_pool,V100M32,88,1,0.00025,,1,11.3,48.0
synthetic_00825,fine_tuning,fine_tuning,cluster_t4,alibaba_gpu_type_pool,T4,88,1,7e-05,T4,1,3.152,5.46875
synthetic_00893,preprocessing,preprocessing,cluster_v100m32,alibaba_gpu_type_pool,V100M32,88,1,0.00035,,1,11.3,48.0
synthetic_00922,preprocessing,preprocessing,cluster_v100m32,alibaba_gpu_type_pool,V100M32,88,1,0.00056,,8,64.2,257.0
synthetic_00989,preprocessing,preprocessing,cluster_v100m32,alibaba_gpu_type_pool,V100M32,88,5,7e-05,,1,8.0,29.8017578125
synthetic_00994,preprocessing,preprocessing,cluster_t4,alibaba_gpu_type_pool,T4,88,4,0.00025,,1,3.152,5.46875
synthetic_00034,fine_tuning,fine_tuning,cluster_t4,alibaba_gpu_type_pool,T4,89,1,7e-05,T4,1,11.908,46.0
synthetic_00074,preprocessing,preprocessing,cluster_v100m32,alibaba_gpu_type_pool,V100M32,89,1,7e-05,,1,11.3,48.0
synthetic_00080,preprocessing,preprocessing,cluster_g3,alibaba_gpu_type_pool,G3,89,1,0.00015,,1,3.152,5.46875
synthetic_00126,fine_tuning,fine_tuning,cluster_t4,alibaba_gpu_type_pool,T4,89,2,7e-05,T4,1,3.152,5.46875
synthetic_00130,preprocessing,preprocessing,cluster_t4,alibaba_gpu_type_pool,T4,89,2,0.00025,,1,12.0,32.0
synthetic_00139,preprocessing,preprocessing,cluster_p100,alibaba_gpu_type_pool,P100,89,1,0.00025,,1,11.4,76.0
synthetic_00153,fine_tuning,fine_tuning,cluster_t4,alibaba_gpu_type_pool,T4,89,1,7e-05,T4,1,3.152,5.46875
synthetic_00174,preprocessing,preprocessing,cluster_v100m32,alibaba_gpu_type_pool,V100M32,89,5,0.00015,,1,12.0,24.0
synthetic_00181,preprocessing,preprocessing,cluster_g2,alibaba_gpu_type_pool,G2,89,1,0.00015,,1,8.0,29.8017578125
synthetic_00203,preprocessing,preprocessing,cluster_p100,alibaba_gpu_type_pool,P100,89,1,0.00035,,1,3.152,5.46875
synthetic_00212,fine_tuning,fine_tuning,cluster_g2,alibaba_gpu_type_pool,G2,89,3,0.00035,G2,1,15.7,57.0
synthetic_00241,preprocessing,preprocessing,cluster_g3,alibaba_gpu_type_pool,G3,89,2,7e-05,,1,11.908,46.0
synthetic_00261,fine_tuning,fine_tuning,cluster_t4,alibaba_gpu_type_pool,T4,89,6,7e-05,T4,1,4.0,22.3515625
synthetic_00269,preprocessing,preprocessing,cluster_g3,alibaba_gpu_type_pool,G3,89,1,0.00035,,1,3.152,5.46875
synthetic_00409,preprocessing,preprocessing,cluster_t4,alibaba_gpu_type_pool,T4,89,1,0.00035,,1,18.708,63.0
synthetic_00415,preprocessing,preprocessing,cluster_v100m32,alibaba_gpu_type_pool,V100M32,89,1,0.00025,,1,3.152,5.46875
synthetic_00427,preprocessing,preprocessing,cluster_g3,alibaba_gpu_type_pool,G3,89,1,0.00025,,1,18.708,63.0
synthetic_00543,preprocessing,preprocessing,cluster_v100m32,alibaba_gpu_type_pool,V100M32,89,7,0.00025,,1,11.4,47.0
synthetic_00639,preprocessing,preprocessing,cluster_p100,alibaba_gpu_type_pool,P100,89,3,0.00025,,1,4.0,22.3515625
synthetic_00690,preprocessing,preprocessing,cluster_g2,alibaba_gpu_type_pool,G2,89,2,0.00025,,1,3.152,5.46875
synthetic_00704,preprocessing,preprocessing,cluster_t4,alibaba_gpu_type_pool,T4,89,4,0.00035,,1,11.908,46.0
synthetic_00714,preprocessing,preprocessing,cluster_p100,alibaba_gpu_type_pool,P100,89,2,0.00015,,1,8.0,29.8017578125
synthetic_00777,fine_tuning,fine_tuning,cluster_p100,alibaba_gpu_type_pool,P100,89,6,0.00025,P100,1,4.0,22.3515625
synthetic_00870,preprocessing,preprocessing,cluster_t4,alibaba_gpu_type_pool,T4,89,1,0.00025,,1,11.3,48.0
synthetic_00872,preprocessing,preprocessing,cluster_t4,alibaba_gpu_type_pool,T4,89,1,0.00025,,1,11.3,48.0
synthetic_00885,preprocessing,preprocessing,cluster_g2,alibaba_gpu_type_pool,G2,89,1,0.00025,,1,4.0,14.900390625
synthetic_00928,fine_tuning,fine_tuning,cluster_t4,alibaba_gpu_type_pool,T4,89,1,7e-05,T4,1,3.152,5.46875
synthetic_00999,preprocessing,preprocessing,cluster_g2,alibaba_gpu_type_pool,G2,89,1,0.00025,,1,8.0,29.8017578125
synthetic_00026,preprocessing,preprocessing,cluster_v100m16,alibaba_gpu_type_pool,V100M16,90,2,0.00025,G2|P100|T4|V100M16|V100M32,1,4.0,14.900390625
synthetic_00152,preprocessing,preprocessing,cluster_g3,alibaba_gpu_type_pool,G3,90,4,0.00035,,1,11.908,46.0
synthetic_00238,preprocessing,preprocessing,cluster_g2,alibaba_gpu_type_pool,G2,90,2,7e-05,,1,6.0,12.0
synthetic_00250,training,training,cluster_v100m16,alibaba_gpu_type_pool,V100M16,90,1,0.00025,V100M16|V100M32,1,11.3,48.0
synthetic_00301,fine_tuning,fine_tuning,cluster_t4,alibaba_gpu_type_pool,T4,90,4,7e-05,T4,1,8.0,16.0
synthetic_00604,preprocessing,preprocessing,cluster_v100m32,alibaba_gpu_type_pool,V100M32,90,1,0.00025,,1,3.152,5.46875
synthetic_00760,preprocessing,preprocessing,cluster_t4,alibaba_gpu_type_pool,T4,90,2,0.00025,,1,11.4,47.0
synthetic_00771,preprocessing,preprocessing,cluster_g2,alibaba_gpu_type_pool,G2,90,4,0.00035,,1,11.3,48.0
synthetic_00818,preprocessing,preprocessing,cluster_p100,alibaba_gpu_type_pool,P100,90,1,0.00035,,1,11.908,46.0
synthetic_00833,preprocessing,preprocessing,cluster_t4,alibaba_gpu_type_pool,T4,90,1,0.00025,,1,3.152,5.46875
synthetic_00946,preprocessing,preprocessing,cluster_t4,alibaba_gpu_type_pool,T4,90,6,0.00025,,1,11.4,47.0
synthetic_00953,preprocessing,preprocessing,cluster_v100m16,alibaba_gpu_type_pool,V100M16,90,1,0.00035,,1,3.152,5.46875
synthetic_00200,preprocessing,preprocessing,cluster_g3,alibaba_gpu_type_pool,G3,91,5,0.00025,,1,16.0,32.0
synthetic_00229,preprocessing,preprocessing,cluster_g3,alibaba_gpu_type_pool,G3,91,1,7e-05,,1,3.152,5.46875
synthetic_00389,preprocessing,preprocessing,cluster_t4,alibaba_gpu_type_pool,T4,91,1,0.00035,,1,11.908,46.0
synthetic_00392,preprocessing,preprocessing,cluster_g2,alibaba_gpu_type_pool,G2,91,1,0.00015,,1,11.4,47.0
synthetic_00414,preprocessing,preprocessing,cluster_g2,alibaba_gpu_type_pool,G2,91,2,0.00035,,1,11.3,48.0
synthetic_00454,fine_tuning,fine_tuning,cluster_g2,alibaba_gpu_type_pool,G2,91,5,0.00035,G2,1,8.2,33.0
synthetic_00517,fine_tuning,fine_tuning,cluster_t4,alibaba_gpu_type_pool,T4,91,1,7e-05,T4,1,3.152,5.46875
synthetic_00579,preprocessing,preprocessing,cluster_g2,alibaba_gpu_type_pool,G2,91,3,0.00015,,1,4.0,14.900390625
synthetic_00630,preprocessing,preprocessing,cluster_v100m16,alibaba_gpu_type_pool,V100M16,91,1,0.00025,,1,3.152,5.46875
synthetic_00753,preprocessing,preprocessing,cluster_v100m16,alibaba_gpu_type_pool,V100M16,91,1,0.00025,,1,24.2,91.0
synthetic_00758,preprocessing,preprocessing,cluster_v100m32,alibaba_gpu_type_pool,V100M32,91,5,0.00025,,1,4.0,24.0
synthetic_00759,fine_tuning,fine_tuning,cluster_t4,alibaba_gpu_type_pool,T4,91,1,7e-05,T4,1,18.708,63.0
synthetic_00856,preprocessing,preprocessing,cluster_v100m32,alibaba_gpu_type_pool,V100M32,91,1,0.00025,,1,9.81,40.5859375
synthetic_00869,training,training,cluster_v100m32,alibaba_gpu_type_pool,V100M32,91,2,0.00025,V100M16|V100M32,1,8.0,32.0
synthetic_00906,preprocessing,preprocessing,cluster_g2,alibaba_gpu_type_pool,G2,91,1,0.00025,,1,3.152,5.46875
synthetic_00915,preprocessing,preprocessing,cluster_v100m32,alibaba_gpu_type_pool,V100M32,91,1,0.00025,,1,15.2,79.0
synthetic_00955,preprocessing,preprocessing,cluster_g3,alibaba_gpu_type_pool,G3,91,1,0.00035,,1,3.152,5.46875
synthetic_00962,fine_tuning,fine_tuning,cluster_t4,alibaba_gpu_type_pool,T4,91,1,7e-05,T4,1,3.152,5.46875
synthetic_00009,preprocessing,preprocessing,cluster_p100,alibaba_gpu_type_pool,P100,92,1,0.00025,,1,18.708,63.0
synthetic_00105,preprocessing,preprocessing,cluster_g3,alibaba_gpu_type_pool,G3,92,1,0.00015,,1,9.81,40.5859375
synthetic_00285,fine_tuning,fine_tuning,cluster_t4,alibaba_gpu_type_pool,T4,92,1,7e-05,T4,1,11.3,48.0
synthetic_00327,preprocessing,preprocessing,cluster_p100,alibaba_gpu_type_pool,P100,92,1,0.00035,,1,3.152,5.46875
synthetic_00380,preprocessing,preprocessing,cluster_p100,alibaba_gpu_type_pool,P100,92,1,0.00025,,1,11.908,46.0
synthetic_00401,preprocessing,preprocessing,cluster_g2,alibaba_gpu_type_pool,G2,92,1,7e-05,,1,8.0,29.8017578125
synthetic_00747,preprocessing,preprocessing,cluster_v100m16,alibaba_gpu_type_pool,V100M16,92,1,0.00035,,1,9.81,40.5859375
synthetic_00780,fine_tuning,fine_tuning,cluster_t4,alibaba_gpu_type_pool,T4,92,1,7e-05,T4,1,11.3,48.0
synthetic_00020,preprocessing,preprocessing,cluster_g2,alibaba_gpu_type_pool,G2,93,1,0.00025,,1,14.2,57.0
synthetic_00149,preprocessing,preprocessing,cluster_v100m32,alibaba_gpu_type_pool,V100M32,93,1,0.00025,,1,3.152,5.46875
synthetic_00315,preprocessing,preprocessing,cluster_g2,alibaba_gpu_type_pool,G2,93,2,0.00025,,1,11.4,76.0
synthetic_00356,preprocessing,preprocessing,cluster_g3,alibaba_gpu_type_pool,G3,93,1,0.00035,,1,11.3,48.0
synthetic_00435,preprocessing,preprocessing,cluster_v100m16,alibaba_gpu_type_pool,V100M16,93,1,0.00035,,1,8.0,29.8017578125
synthetic_00561,preprocessing,preprocessing,cluster_p100,alibaba_gpu_type_pool,P100,93,2,0.00035,,1,18.708,63.0
synthetic_00691,preprocessing,preprocessing,cluster_v100m32,alibaba_gpu_type_pool,V100M32,93,1,0.00025,,1,3.152,5.46875
synthetic_00868,preprocessing,preprocessing,cluster_v100m32,alibaba_gpu_type_pool,V100M32,93,1,0.00035,,1,11.3,48.0
synthetic_00951,preprocessing,preprocessing,cluster_p100,alibaba_gpu_type_pool,P100,93,1,7e-05,,1,9.81,40.5859375
synthetic_00981,preprocessing,preprocessing,cluster_v100m16,alibaba_gpu_type_pool,V100M16,93,2,0.00025,,1,11.9,76.0
synthetic_00258,preprocessing,preprocessing,cluster_v100m16,alibaba_gpu_type_pool,V100M16,94,1,0.00015,,1,3.152,5.46875
synthetic_00778,preprocessing,preprocessing,cluster_v100m32,alibaba_gpu_type_pool,V100M32,94,1,0.00035,,1,3.152,5.46875
synthetic_00789,fine_tuning,fine_tuning,cluster_g2,alibaba_gpu_type_pool,G2,94,2,0.00035,G2,1,16.0,32.0
synthetic_00921,fine_tuning,fine_tuning,cluster_p100,alibaba_gpu_type_pool,P100,94,1,0.00025,P100,1,4.152,10.3515625
synthetic_00988,preprocessing,preprocessing,cluster_g3,alibaba_gpu_type_pool,G3,94,1,0.00025,,1,11.908,46.0
synthetic_00376,preprocessing,preprocessing,cluster_p100,alibaba_gpu_type_pool,P100,95,1,0.00015,,1,8.0,29.8017578125
synthetic_00438,preprocessing,preprocessing,cluster_g2,alibaba_gpu_type_pool,G2,95,1,0.00025,,1,16.4,83.0
synthetic_00627,fine_tuning,fine_tuning,cluster_g3,alibaba_gpu_type_pool,G3,95,1,0.00035,G3,1,11.3,48.0
synthetic_00629,fine_tuning,fine_tuning,cluster_p100,alibaba_gpu_type_pool,P100,95,1,0.00025,P100,1,3.152,5.46875
synthetic_00645,fine_tuning,fine_tuning,cluster_t4,alibaba_gpu_type_pool,T4,95,1,7e-05,T4,1,3.152,5.46875
synthetic_00677,fine_tuning,fine_tuning,cluster_t4,alibaba_gpu_type_pool,T4,95,1,7e-05,T4,1,11.3,48.0
synthetic_00728,preprocessing,preprocessing,cluster_v100m32,alibaba_gpu_type_pool,V100M32,95,1,0.00025,,1,11.3,48.0
synthetic_00862,fine_tuning,fine_tuning,cluster_t4,alibaba_gpu_type_pool,T4,95,1,7e-05,T4,1,3.152,5.46875
