scenario_id,seed,target_gpu_utilization,cheap_block_pressure,cheap_window_share,restricted_gpu_share,multi_gpu_share,window_min,window_max,cheap_block_start,cheap_block_length,max_jobs,price_contrast,contracted_power_ratio,cpu_per_gpu,memory_gb_per_gpu,cpu_jitter,memory_jitter,power_jitter,num_jobs,job_gpu_slots,global_gpu_slot_utilization,cheap_block_pressure_actual,global_utilization_target_met,cheap_pressure_target_met,restricted_gpu_share_actual,multi_gpu_share_actual,mean_duration_slots,median_window_width_slots,mean_window_width_slots,assignment_density_proxy,status,gurobi_status,classification,build_s,runtime_s,first_solution_s,mip_gap,objective,best_bound,num_vars,num_constraints,assignment_vars,cheap_block_gpu_utilization,renewable_cost,grid_cost,energy_cost,peak_load,peak_grid_import,contracted_power,peak_over_contracted,peak_cost,total_cost,pue,pue_min,pue_max,baseline_energy_mwh,flexible_energy_mwh,it_energy_mwh,total_energy_mwh,renewable_available_mwh,renewable_energy_mwh,renewable_curtailment_mwh,grid_energy_mwh,battery_charge_mwh,battery_discharge_mwh,max_power_utilization,mean_power_utilization,max_gpu_utilization,mean_gpu_utilization,max_cpu_utilization,mean_cpu_utilization,max_memory_utilization,mean_memory_utilization
0,101,0.6,1.1,0.75,0.25,0.2,4,10,5,5,60,1.5,0.7,8.0,48.0,0.2,0.2,0.1,43,116.0,0.6041666666666666,1.9333333333333333,True,True,0.23255813953488372,0.13953488372093023,2.255813953488372,9.0,8.372093023255815,423.0,solved_or_feasible,optimal,easy_or_medium,0.03255605697631836,2.7178778648376465,0.0734548568725586,0.009981139070772062,0.521558746575089,0.5163529961919455,1155,348,1121,0.9333333333333333,0.092862,0.428696746575089,0.521558746575089,0.0031535112725817834,0.0022363858417359665,0.0022511999999999996,0.0,0.0,0.521558746575089,1.2,1.2,1.2,0.0,0.006315125599770189,0.006315125599770189,0.007578150719724227,0.0026532,0.0026531999999999997,6.776263578034403e-19,0.004924950719724227,0.0,0.0,0.9966401357932402,0.549774490277599,1.0,0.59765625,0.9878693149318858,0.5778108706790339,0.9917115279066433,0.589214579192454
0,102,0.6,1.1,0.75,0.25,0.2,4,10,5,5,60,1.5,0.7,8.0,48.0,0.2,0.2,0.1,47,116.0,0.6041666666666666,1.8666666666666667,True,True,0.19148936170212766,0.14893617021276595,2.148936170212766,7.0,7.808510638297872,431.0,solved_or_feasible,optimal,easy_or_medium,0.0183260440826416,0.9133589267730713,0.09747505187988281,0.007829284680830502,0.6407013413672136,0.6356851081702597,1191,352,1157,0.7833333333333333,0.09286199999999999,0.5478393413672136,0.6407013413672136,0.0031082402256293576,0.002208271355266572,0.0022511999999999996,0.0,0.0,0.6407013413672136,1.2,1.2,1.2,0.0,0.00722457683483109,0.00722457683483109,0.008669492201797307,0.0026532,0.0026531999999999997,9.215718466126788e-19,0.006016292201797307,0.0,0.0,0.9988058494665751,0.6692901678800447,1.0,0.625,0.9938015306771149,0.6179076491606776,0.9994525601153442,0.6250412372486002
0,103,0.6,1.1,0.75,0.25,0.2,4,10,5,5,60,1.5,0.7,8.0,48.0,0.2,0.2,0.1,45,116.0,0.6041666666666666,1.9333333333333333,True,True,0.24444444444444444,0.13333333333333333,2.2888888888888888,8.0,8.088888888888889,430.0,solved_or_feasible,optimal,proof_harder_than_feasibility,0.01862192153930664,3.2243289947509766,0.10081315040588379,0.009177207432684166,0.5572619543084734,0.5521478457594415,1173,350,1139,0.95,0.092862,0.46439995430847325,0.5572619543084733,0.0031835096531436288,0.002242366178168871,0.0022511999999999996,0.0,0.0,0.5572619543084733,1.2,1.2,1.2,0.0,0.0066643815048224204,0.0066643815048224204,0.007997257805786905,0.0026532,0.0026532,2.168404344971009e-19,0.005344057805786905,0.0,0.0,0.9970228583736905,0.6144409549411736,1.0,0.59375,0.9942185389181865,0.6002100714610937,0.9990044637516453,0.5848458593538377
0,104,0.6,1.1,0.75,0.25,0.2,4,10,5,5,60,1.5,0.7,8.0,48.0,0.2,0.2,0.1,43,117.0,0.609375,1.8833333333333333,True,True,0.27906976744186046,0.11627906976744186,2.2093023255813953,8.0,8.279069767441861,432.0,solved_or_feasible,optimal,easy_or_medium,0.016419649124145508,0.8134181499481201,0.07407307624816895,0.009808416996305231,0.4894766465968857,0.48467565553711034,1067,348,1033,0.9333333333333333,0.092862,0.39661464659688583,0.48947664659688583,0.0029977841699219856,0.001850991280820892,0.0022511999999999996,0.0,0.0,0.48947664659688583,1.2,1.2,1.2,0.0,0.0060310141315768695,0.0060310141315768695,0.007237216957892242,0.0026532,0.0026532,3.5236570605778894e-19,0.004584016957892243,0.0,0.0,0.9952235051618223,0.5233056799162602,1.0,0.5859375,0.9989155079192169,0.5840774124026438,0.9963246077664696,0.5716400160512444
0,105,0.6,1.1,0.75,0.25,0.2,4,10,5,5,60,1.5,0.7,8.0,48.0,0.2,0.2,0.1,42,117.0,0.609375,1.9333333333333333,True,True,0.19047619047619047,0.21428571428571427,2.2142857142857144,8.0,7.928571428571429,430.0,solved_or_feasible,optimal,optimization_hard_runtime,0.017108917236328125,11.80144190788269,0.07214188575744629,0.009950624847337787,0.5149390214526692,0.5098150564309385,1116,347,1082,0.9,0.09286200000000003,0.4220770214526691,0.5149390214526691,0.0031703325774310367,0.0019362906986959828,0.0022511999999999996,0.0,0.0,0.5149390214526691,1.2,1.2,1.2,0.0,0.006337727603277825,0.006337727603277825,0.007605273123933391,0.0026532,0.0026532,2.710505431213761e-20,0.004952073123933389,0.0,0.0,1.0031349243242005,0.6149988579454411,1.0,0.62109375,0.9973176316039938,0.6115182889835804,0.9970535611599497,0.6119480307209404
1,1101,0.6,1.1,0.75,0.25,0.45,4,10,5,5,60,1.5,0.7,8.0,48.0,0.2,0.2,0.1,37,117.0,0.609375,1.9333333333333333,True,True,0.24324324324324326,0.2702702702702703,2.27027027027027,8.0,7.891891891891892,398.0,solved_or_feasible,optimal,easy_or_medium,0.014342784881591797,0.49479198455810547,0.06391096115112305,0.005347773105193703,0.43399170512143664,0.43167081595291107,887,342,853,0.9,0.09286200000000001,0.34112970512143664,0.43399170512143664,0.002876063743256191,0.0017556703515442776,0.0022511999999999996,0.0,0.0,0.43399170512143664,1.2,1.2,1.2,0.0,0.005416823316166936,0.005416823316166936,0.006500187979400323,0.0026532,0.0026532,2.168404344971009e-19,0.003846987979400322,0.0,0.0,0.9965738959050714,0.5218545258486682,1.0,0.58984375,0.9976871212525071,0.5959765573782597,0.9998528286509952,0.5793185305054634
1,1102,0.6,1.1,0.75,0.25,0.45,4,10,5,5,60,1.5,0.7,8.0,48.0,0.2,0.2,0.1,40,118.0,0.6145833333333334,1.9333333333333333,True,True,0.15,0.4,2.075,8.0,7.925,456.0,solved_or_feasible,optimal,easy_or_medium,0.028242111206054688,0.22142815589904785,0.03386807441711426,0.008565204534707016,0.5278585092201712,0.5233372931233149,995,345,961,0.8666666666666667,0.09286200000000001,0.4349965092201712,0.5278585092201712,0.0030823576207844997,0.0021109173537743196,0.0022511999999999996,0.0,0.0,0.5278585092201712,1.2,1.2,1.2,0.0,0.006156582288185252,0.006156582288185252,0.0073878987458223045,0.0026532,0.0026532,8.131516293641283e-20,0.004734698745822303,0.0,0.0,0.9998330079549369,0.562830911936848,1.0,0.58984375,0.993652888926676,0.586335574865269,0.9950544409750751,0.5648290075538069
1,1103,0.6,1.1,0.75,0.25,0.45,4,10,5,5,60,1.5,0.7,8.0,48.0,0.2,0.2,0.1,43,118.0,0.6145833333333334,1.9,True,True,0.16279069767441862,0.32558139534883723,2.0930232558139537,8.0,8.418604651162791,490.0,solved_or_feasible,optimal,easy_or_medium,0.017668962478637695,0.7903809547424316,0.0887148380279541,0.009973176703020404,0.5110413292567529,0.5059446237775289,1169,348,1135,0.85,0.09286200000000003,0.4181793292567529,0.5110413292567529,0.0031712091611908492,0.0020430643836840076,0.0022511999999999996,0.0,0.0,0.5110413292567529,1.2,1.2,1.2,0.0,0.006253509015915324,0.006253509015915324,0.007504210819098388,0.0026532,0.0026532,1.0842021724855044e-19,0.004851010819098387,0.0,0.0,0.9974540908124128,0.6126339194121586,1.0,0.62890625,0.9954092650315056,0.611718518727272,0.9997903632812584,0.6111889353116791
1,1104,0.6,1.1,0.75,0.25,0.45,4,10,5,5,60,1.5,0.7,8.0,48.0,0.2,0.2,0.1,43,117.0,0.609375,1.9166666666666667,True,True,0.16279069767441862,0.18604651162790697,2.2093023255813953,8.0,8.0,413.0,solved_or_feasible,optimal,easy_or_medium,0.018035173416137695,1.4972169399261475,0.10066604614257812,0.009234037521211928,0.4960953948144131,0.4915144313245964,1185,348,1151,0.9666666666666667,0.0928619999999999,0.40323339481441317,0.49609539481441306,0.002915203992661292,0.002015266284627093,0.0022511999999999996,0.0,0.0,0.49609539481441306,1.2,1.2,1.2,0.0,0.006036416931560759,0.006036416931560759,0.007243700317872911,0.0026532,0.002653199999999997,3.0899761915836876e-18,0.00459050031787291,0.0,0.0,0.9967157466001146,0.5508939670658153,1.0,0.57421875,0.9968863457931292,0.563872958365224,0.9959960234917696,0.5768812407075877
1,1105,0.6,1.1,0.75,0.25,0.45,4,10,5,5,60,1.5,0.7,8.0,48.0,0.2,0.2,0.1,43,116.0,0.6041666666666666,1.8833333333333333,True,True,0.23255813953488372,0.20930232558139536,2.2093023255813953,9.0,8.69767441860465,463.0,solved_or_feasible,optimal,proof_harder_than_feasibility,0.01875615119934082,3.1246700286865234,0.07677483558654785,0.00955724657611154,0.4511243528939378,0.4468128462168417,1187,348,1153,0.8166666666666667,0.09286200000000001,0.3582623528939377,0.4511243528939377,0.0031395779108411436,0.0018858486584308319,0.0022511999999999996,0.0,0.0,0.4511243528939377,1.2,1.2,1.2,0.0,0.005808599227099445,0.005808599227099445,0.006970319072519334,0.0026532,0.0026532,2.0328790734103208e-19,0.004317119072519334,0.0,0.0,0.9938719517040796,0.5486662399867118,1.0,0.59375,0.9996498068106229,0.5830756936086742,0.9991930959051908,0.5886242808501255
2,2101,0.6,1.1,0.75,0.5,0.2,4,10,5,5,60,1.5,0.7,8.0,48.0,0.2,0.2,0.1,42,116.0,0.6041666666666666,1.9166666666666667,True,True,0.40476190476190477,0.16666666666666666,2.357142857142857,8.0,7.928571428571429,403.0,solved_or_feasible,optimal,easy_or_medium,0.016479969024658203,0.6369540691375732,0.06590008735656738,0.009740320110563768,0.5025713341291463,0.49767612845633535,975,347,941,0.9833333333333333,0.0928619992303831,0.4097093348987632,0.5025713341291463,0.003193323437192166,0.0018355372014632945,0.0022511999999999996,0.0,0.0,0.5025713341291463,1.2,1.2,1.2,0.0,0.006240069706164695,0.006240069706164695,0.007488083647397634,0.0026532,0.002653199978010946,2.1989054342283747e-11,0.004834883647397634,0.0,0.0,0.9992678272014917,0.5488608886396991,1.0,0.58984375,0.9963161102569772,0.5694223714632032,0.9972199942655959,0.5700003075102038
2,2102,0.6,1.1,0.75,0.5,0.2,4,10,5,5,60,1.5,0.7,8.0,48.0,0.2,0.2,0.1,53,117.0,0.609375,1.95,True,True,0.39622641509433965,0.11320754716981132,1.9622641509433962,9.0,8.226415094339623,496.0,solved_or_feasible,optimal,easy_or_medium,0.03300809860229492,1.9970779418945312,0.0737309455871582,0.009878423587651257,0.5632206157613513,0.5576568839455629,1182,358,1148,0.9833333333333333,0.09286200000000001,0.4703586157613513,0.5632206157613513,0.0031424703987038448,0.0020284506086707408,0.0022511999999999996,0.0,0.0,0.5632206157613513,1.2,1.2,1.2,0.0,0.006667765233642783,0.006667765233642783,0.008001318280371338,0.0026532,0.0026532,2.710505431213761e-19,0.00534811828037134,0.0,0.0,1.0023236657940924,0.6165695560245947,1.0,0.60546875,0.9967221032774953,0.5961863810512069,0.9903228667186227,0.5969070427499866
2,2103,0.6,1.1,0.75,0.5,0.2,4,10,5,5,60,1.5,0.7,8.0,48.0,0.2,0.2,0.1,48,117.0,0.609375,1.9166666666666667,True,True,0.375,0.14583333333333334,2.1458333333333335,7.0,7.520833333333333,420.0,solved_or_feasible,optimal,easy_or_medium,0.016618967056274414,2.8583900928497314,0.09556412696838379,0.009855010121747812,0.5807544927591687,0.5750311513547766,1004,353,970,0.9333333333333333,0.09286200000000004,0.4878924927591687,0.5807544927591687,0.0031661797648389793,0.0022123823912826275,0.0022511999999999996,0.0,0.0,0.5807544927591687,1.2,1.2,1.2,0.0,0.006828747667232425,0.006828747667232425,0.008194497200678908,0.0026532,0.0026532000000000005,2.168404344971009e-19,0.005541297200678908,0.0,0.0,0.9953623335065351,0.6022450933187671,1.0,0.59765625,0.9981235408695318,0.5870390703383481,0.99619680533453,0.5951292907905801
2,2104,0.6,1.1,0.75,0.5,0.2,4,10,5,5,60,1.5,0.7,8.0,48.0,0.2,0.2,0.1,43,118.0,0.6145833333333334,1.8666666666666667,True,True,0.3953488372093023,0.11627906976744186,2.395348837209302,8.0,7.27906976744186,355.0,solved_or_feasible,optimal,easy_or_medium,0.015013933181762695,1.0229542255401611,0.06765413284301758,0.008655483415535762,0.4984998932998834,0.49418513574077993,882,348,848,0.8666666666666667,0.092862,0.4056378932998834,0.4984998932998834,0.003086457208855553,0.001955631052560257,0.0022511999999999996,0.0,0.0,0.4984998932998834,1.2,1.2,1.2,0.0,0.006062087160605882,0.006062087160605882,0.007274504592727058,0.0026532,0.0026531999999999997,5.149960319306146e-19,0.004621304592727058,0.0,0.0,0.9985309155732006,0.5862367347385544,1.0,0.60546875,0.9984807170923462,0.5960177569825703,0.9993599969364472,0.6184493140335156
2,2105,0.6,1.1,0.75,0.5,0.2,4,10,5,5,60,1.5,0.7,8.0,48.0,0.2,0.2,0.1,42,117.0,0.609375,1.9,True,True,0.42857142857142855,0.16666666666666666,2.1904761904761907,8.0,7.690476190476191,394.0,solved_or_feasible,optimal,easy_or_medium,0.014982938766479492,0.3175220489501953,0.05186605453491211,0.00852672223056698,0.5460898744861404,0.5414335178134719,906,347,872,0.8166666666666667,0.092862,0.4532278744861402,0.5460898744861402,0.003032394460202686,0.002047542520551357,0.0022511999999999996,0.0,0.0,0.5460898744861402,1.2,1.2,1.2,0.0,0.006394393935752893,0.006394393935752893,0.007673272722903471,0.0026532,0.0026531999999999997,5.963111948670274e-19,0.0050200727229034675,0.0,0.0,1.0006892139307182,0.5725150570272499,1.0,0.58984375,0.9882484689109561,0.5780194589253562,0.9992287124275937,0.5912732255402795
3,3101,0.6,1.1,0.75,0.5,0.45,4,10,5,5,60,1.5,0.7,8.0,48.0,0.2,0.2,0.1,39,117.0,0.609375,1.95,True,True,0.46153846153846156,0.28205128205128205,2.128205128205128,8.0,8.307692307692308,453.0,solved_or_feasible,optimal,easy_or_medium,0.014167070388793945,0.4714198112487793,0.06786298751831055,0.004084374538735106,0.5161333953980198,0.5140253132992653,789,344,755,0.7833333333333333,0.09286200000000003,0.4232713953980198,0.5161333953980198,0.002936954877803136,0.0018920089516586986,0.0022511999999999996,0.0,0.0,0.5161333953980198,1.2,1.2,1.2,0.0,0.006160015283341445,0.006160015283341445,0.007392018340009733,0.0026532,0.0026532,5.421010862427522e-20,0.004738818340009731,0.0,0.0,0.991149216622375,0.5811713280743596,1.0,0.5859375,0.9992277923701063,0.5802271821166343,0.9785396086205437,0.598152401137148
3,3102,0.6,1.1,0.75,0.5,0.45,4,10,5,5,60,1.5,0.7,8.0,48.0,0.2,0.2,0.1,36,117.0,0.609375,1.9333333333333333,True,True,0.3333333333333333,0.4166666666666667,2.2222222222222223,8.0,7.833333333333333,428.0,solved_or_feasible,optimal,easy_or_medium,0.01306295394897461,0.20608282089233398,0.0575098991394043,0.009059652348499576,0.5114589893637363,0.506825348729586,761,341,727,0.7333333333333333,0.092862,0.4185969893637364,0.5114589893637365,0.002857752775521185,0.0017607589256371172,0.0022511999999999996,0.0,0.0,0.5114589893637365,1.2,1.2,1.2,0.0,0.006049745712784619,0.006049745712784619,0.007259694855341543,0.0026532,0.0026532,2.168404344971009e-19,0.004606494855341542,0.0,0.0,0.9799253858168911,0.5594406826081038,1.0,0.578125,0.9860408960364888,0.5568251206055794,0.999928287800512,0.5889167277923151
3,3103,0.6,1.1,0.75,0.5,0.45,4,10,5,5,60,1.5,0.7,8.0,48.0,0.2,0.2,0.1,38,117.0,0.609375,1.9166666666666667,True,True,0.39473684210526316,0.4473684210526316,2.236842105263158,8.0,8.026315789473685,457.0,solved_or_feasible,optimal,easy_or_medium,0.014317035675048828,0.41808104515075684,0.05545401573181152,0.009423413913800019,0.44140144296435563,0.4372419344651539,732,343,698,0.95,0.09286199999999999,0.34853944296435563,0.44140144296435563,0.0030406327056617852,0.0017180664174841907,0.0022511999999999996,0.0,0.0,0.44140144296435563,1.2,1.2,1.2,0.0,0.005672382965023023,0.005672382965023023,0.006806859558027628,0.0026532,0.0026531999999999997,5.421010862427522e-19,0.004153659558027627,0.0,0.0,0.9958186206756453,0.5561435546433823,1.0,0.6015625,0.9977647181763389,0.6042215567547293,0.9989867326046937,0.5870915906340645
3,3104,0.6,1.1,0.75,0.5,0.45,4,10,5,5,60,1.5,0.7,8.0,48.0,0.2,0.2,0.1,42,116.0,0.6041666666666666,1.9,True,True,0.42857142857142855,0.2619047619047619,2.119047619047619,8.5,8.619047619047619,464.0,solved_or_feasible,optimal,easy_or_medium,0.015252113342285156,0.2718639373779297,0.09352278709411621,0.009626731288036176,0.5906604198028457,0.584974290658925,965,347,931,0.8,0.09286200000000003,0.49779841980284556,0.5906604198028456,0.00284172805557287,0.00194496511792101,0.0022511999999999996,0.0,0.0,0.5906604198028456,1.2,1.2,1.2,0.0,0.006637566175650928,0.006637566175650928,0.007965079410781116,0.0026532,0.0026532,1.0842021724855044e-19,0.005311879410781113,0.0,0.0,0.9888122899390617,0.5900371489944903,1.0,0.5859375,0.9970312000651091,0.5917235599406074,0.9984517444387834,0.5794578691957624
3,3105,0.6,1.1,0.75,0.5,0.45,4,10,5,5,60,1.5,0.7,8.0,48.0,0.2,0.2,0.1,40,117.0,0.609375,1.9,True,True,0.425,0.3,2.125,8.0,8.125,468.0,solved_or_feasible,optimal,easy_or_medium,0.014008045196533203,0.8929381370544434,0.09928679466247559,0.00701959605967483,0.5307426487787226,0.5270170497726541,785,345,751,0.8166666666666667,0.09286200000000003,0.43788064877872257,0.5307426487787226,0.0031419616256185886,0.001952463282694294,0.0022511999999999996,0.0,0.0,0.5307426487787226,1.2,1.2,1.2,0.0,0.006282402009046057,0.006282402009046057,0.007538882410855268,0.0026532,0.0026532,8.131516293641283e-20,0.004885682410855267,0.0,0.0,0.999195742453559,0.6150098425345291,1.0,0.6171875,0.9972176145636084,0.6113935561323214,0.9993619607833572,0.601836386063376
4,4101,0.6,1.5,0.75,0.25,0.2,4,10,5,5,60,1.5,0.7,8.0,48.0,0.2,0.2,0.1,38,117.0,0.609375,1.8833333333333333,True,True,0.3684210526315789,0.18421052631578946,2.526315789473684,8.0,7.7105263157894735,374.0,solved_or_feasible,optimal,easy_or_medium,0.014439105987548828,0.37626194953918457,0.12347292900085449,0.009916752139266101,0.6416909697487627,0.6353274794517589,826,343,792,0.7,0.092862,0.5488289697487626,0.6416909697487626,0.0030067408472238145,0.002134848936747286,0.0022511999999999996,0.0,0.0,0.6416909697487626,1.2,1.2,1.2,0.0,0.007219051204412847,0.007219051204412847,0.008662861445295416,0.0026532,0.0026532,2.710505431213761e-19,0.0060096614452954155,0.0,0.0,0.9874939067138837,0.6464073318140836,1.0,0.609375,0.9993743358509917,0.5994149201708461,0.9950570068828273,0.6025284493650753
4,4102,0.6,1.5,0.75,0.25,0.2,4,10,5,5,60,1.5,0.7,8.0,48.0,0.2,0.2,0.1,41,117.0,0.609375,1.8833333333333333,True,True,0.14634146341463414,0.17073170731707318,2.4634146341463414,8.0,7.780487804878049,403.0,solved_or_feasible,optimal,easy_or_medium,0.017444849014282227,0.9027419090270996,0.1073460578918457,0.008074458032398393,0.5281284448449161,0.5238640938813,1092,346,1058,0.9,0.09286200000000001,0.43526644484491595,0.528128444844916,0.003081463007455698,0.0019386683036243411,0.0022511999999999996,0.0,0.0,0.528128444844916,1.2,1.2,1.2,0.0,0.006396735452885354,0.006396735452885354,0.007676082543462424,0.0026532,0.0026532,5.421010862427522e-20,0.005022882543462418,0.0,0.0,0.9999039558496097,0.5824517778094394,1.0,0.6015625,0.9951474056577643,0.5917436439661774,0.9987913884407099,0.5904351568810011
4,4103,0.6,1.5,0.75,0.25,0.2,4,10,5,5,60,1.5,0.7,8.0,48.0,0.2,0.2,0.1,45,117.0,0.609375,1.95,True,True,0.2,0.15555555555555556,2.088888888888889,9.0,8.377777777777778,463.0,solved_or_feasible,optimal,easy_or_medium,0.018328189849853516,0.8285877704620361,0.08684992790222168,0.009766178291028877,0.550083819512352,0.5447116028559842,1220,350,1186,0.9666666666666667,0.09286200000000001,0.457221819512352,0.5500838195123521,0.003111511271827151,0.0019544146817965665,0.0022511999999999996,0.0,0.0,0.5500838195123521,1.2,1.2,1.2,0.0,0.006565346582917949,0.006565346582917949,0.007878415899501539,0.0026532,0.0026532,5.421010862427522e-20,0.0052252158995015376,0.0,0.0,1.000238286826303,0.5810278579779025,1.0,0.60546875,0.9927118374241155,0.5913832717100529,0.9911363963127688,0.5840073036572446
4,4104,0.6,1.5,0.75,0.25,0.2,4,10,5,5,60,1.5,0.7,8.0,48.0,0.2,0.2,0.1,35,117.0,0.609375,1.95,True,True,0.2571428571428571,0.22857142857142856,2.4857142857142858,8.0,8.0,393.0,solved_or_feasible,optimal,easy_or_medium,0.01395726203918457,0.9181439876556396,0.09836697578430176,0.00969636532423145,0.5453496008624628,0.5400616919030765,799,340,765,0.95,0.092862,0.45248760086246276,0.5453496008624628,0.0031552369303751377,0.0019408614743528587,0.0022511999999999996,0.0,0.0,0.5453496008624628,1.2,1.2,1.2,0.0,0.006566991375285256,0.006566991375285256,0.007880389650342306,0.0026532,0.0026532,2.710505431213761e-19,0.005227189650342306,0.0,0.0,0.999727479412308,0.5907554804129996,1.0,0.5859375,0.9986528863202067,0.5735255620961608,0.999250406744153,0.5868464619051088
4,4105,0.6,1.5,0.75,0.25,0.2,4,10,5,5,60,1.5,0.7,8.0,48.0,0.2,0.2,0.1,43,117.0,0.609375,1.9,True,True,0.20930232558139536,0.20930232558139536,2.2325581395348837,8.0,7.930232558139535,409.0,solved_or_feasible,optimal,easy_or_medium,0.04455709457397461,0.8274199962615967,0.11605119705200195,0.006809275288716003,0.437728143856926,0.4347475324237855,1128,348,1094,0.95,0.09286200000000003,0.34486614385692593,0.43772814385692593,0.0029461969623813646,0.001742473102614242,0.0022511999999999996,0.0,0.0,0.43772814385692593,1.2,1.2,1.2,0.0,0.00560286204450749,0.00560286204450749,0.006723434453408987,0.0026532,0.0026532,1.8973538018496328e-19,0.004070234453408986,0.0,0.0,0.9954115863359236,0.5450273555658371,1.0,0.59765625,0.9933245852083337,0.5959822128040437,0.9983497402759428,0.6039433104791881
5,5101,0.6,1.5,0.75,0.25,0.45,4,10,5,5,60,1.5,0.7,8.0,48.0,0.2,0.2,0.1,41,116.0,0.6041666666666666,1.9333333333333333,True,True,0.24390243902439024,0.2682926829268293,2.1463414634146343,9.0,8.536585365853659,446.0,solved_or_feasible,optimal,easy_or_medium,0.017768144607543945,0.5308289527893066,0.07351398468017578,0.009583965806040687,0.5308388073868562,0.5257512664083411,1111,346,1077,0.8666666666666667,0.092862,0.4379768073868561,0.5308388073868562,0.0030345160952068664,0.0019356403752721252,0.0022511999999999996,0.0,0.0,0.5308388073868562,1.2,1.2,1.2,0.0,0.006333602150331685,0.006333602150331685,0.007600322580398022,0.0026532,0.0026532,3.7947076036992655e-19,0.004947122580398021,0.0,0.0,0.9998373781585651,0.58708822415918,1.0,0.6171875,0.9828654845397302,0.5951358086221592,0.9990302761666873,0.6079541771716492
5,5102,0.6,1.5,0.75,0.25,0.45,4,10,5,5,60,1.5,0.7,8.0,48.0,0.2,0.2,0.1,43,116.0,0.6041666666666666,1.9333333333333333,True,True,0.23255813953488372,0.20930232558139536,2.046511627906977,9.0,8.720930232558139,470.0,solved_or_feasible,optimal,easy_or_medium,0.017565011978149414,0.5338449478149414,0.09875297546386719,0.009874220573633581,0.6430797269122192,0.6367298158422559,1185,348,1151,0.6666666666666666,0.09286200000000003,0.550217726912219,0.643079726912219,0.0029996497806286902,0.0021472106179198395,0.0022511999999999996,0.0,0.0,0.643079726912219,1.2,1.2,1.2,0.0,0.007084724785740027,0.007084724785740027,0.00850166974288803,0.0026532,0.0026532,1.3552527156068805e-19,0.005848469742888031,0.0,0.0,0.9964148459611465,0.6321699525203417,1.0,0.59765625,0.979599352265448,0.5899297445179243,0.9992324010368403,0.6188265392015636
5,5103,0.6,1.5,0.75,0.25,0.45,4,10,5,5,60,1.5,0.7,8.0,48.0,0.2,0.2,0.1,42,117.0,0.609375,1.95,True,True,0.19047619047619047,0.2857142857142857,2.0714285714285716,8.5,8.261904761904763,459.0,solved_or_feasible,optimal,easy_or_medium,0.017543792724609375,0.5557539463043213,0.08058714866638184,0.009041461873633534,0.4275553989681806,0.42368967312954364,1091,347,1057,0.8833333333333333,0.092862,0.3346933989681807,0.4275553989681807,0.003099471974624218,0.0019389881823595146,0.0022511999999999996,0.0,0.0,0.4275553989681807,1.2,1.2,1.2,0.0,0.005567381366297805,0.005567381366297805,0.006680857639557366,0.0026532,0.0026532,1.6263032587282567e-19,0.00402765763955736,0.0,0.0,1.0006967732571157,0.4952510148336244,1.0,0.5859375,0.9812257137522691,0.5717455163084326,0.987861112450969,0.5739414539416388
5,5104,0.6,1.5,0.75,0.25,0.45,4,10,5,5,60,1.5,0.7,8.0,48.0,0.2,0.2,0.1,45,116.0,0.6041666666666666,1.9166666666666667,True,True,0.1111111111111111,0.2222222222222222,2.0444444444444443,8.0,8.533333333333333,506.0,solved_or_feasible,optimal,easy_or_medium,0.01971292495727539,1.1050670146942139,0.09924101829528809,0.008452385258456442,0.4860411721353731,0.4819329648970132,1311,350,1277,0.9666666666666667,0.092862,0.3931791721353731,0.4860411721353731,0.0031548832889088463,0.0018392733277237266,0.0022511999999999996,0.0,0.0,0.4860411721353731,1.2,1.2,1.2,0.0,0.006097683073942783,0.006097683073942783,0.007317219688731341,0.0026532,0.0026532,4.336808689942018e-19,0.0046640196887313395,0.0,0.0,0.997533943968835,0.562903222494695,1.0,0.58984375,0.9936032820109028,0.6080864607300047,0.9861200212197515,0.5821633386863507
5,5105,0.6,1.5,0.75,0.25,0.45,4,10,5,5,60,1.5,0.7,8.0,48.0,0.2,0.2,0.1,36,117.0,0.609375,1.95,True,True,0.2222222222222222,0.3888888888888889,2.388888888888889,8.0,8.027777777777779,416.0,solved_or_feasible,optimal,easy_or_medium,0.01610708236694336,0.5876071453094482,0.09618306159973145,0.009990608839118946,0.5001307199338194,0.4951341095425337,860,341,826,0.9,0.09286200000000001,0.4072687199338193,0.5001307199338193,0.0031541515188920543,0.0018777788220976268,0.0022511999999999996,0.0,0.0,0.5001307199338193,1.2,1.2,1.2,0.0,0.0061075717466304545,0.0061075717466304545,0.007329086095956547,0.0026532,0.0026532,2.168404344971009e-19,0.004675886095956545,0.0,0.0,0.9991906266782551,0.519489296713316,1.0,0.6015625,0.9935881909595987,0.5912713823204728,0.9791047852732082,0.6008978795887008
6,6101,0.6,1.5,0.75,0.5,0.2,4,10,5,5,60,1.5,0.7,8.0,48.0,0.2,0.2,0.1,43,116.0,0.6041666666666666,1.8666666666666667,True,True,0.4186046511627907,0.16279069767441862,2.1627906976744184,7.0,7.534883720930233,393.0,solved_or_feasible,optimal,easy_or_medium,0.014820098876953125,0.6494400501251221,0.11213302612304688,0.00985601907168491,0.5060853781451732,0.5010973910062735,880,348,846,0.9,0.09286200000000003,0.4132233781451729,0.506085378145173,0.003160627424826492,0.0018649069019539655,0.0022511999999999996,0.0,0.0,0.506085378145173,1.2,1.2,1.2,0.0,0.0062095931329057075,0.0062095931329057075,0.0074515117594868485,0.0026532,0.0026532,5.421010862427522e-20,0.004798311759486848,0.0,0.0,0.9977676289739142,0.5796417566245247,1.0,0.59765625,0.9997566525393747,0.5881078913274613,0.9925701537081023,0.5972922052499297
6,6102,0.6,1.5,0.75,0.5,0.2,4,10,5,5,60,1.5,0.7,8.0,48.0,0.2,0.2,0.1,45,116.0,0.6041666666666666,1.9333333333333333,True,True,0.35555555555555557,0.13333333333333333,2.2888888888888888,8.0,8.044444444444444,404.0,solved_or_feasible,optimal,easy_or_medium,0.03038620948791504,0.6672308444976807,0.031175851821899414,0.009223265807529123,0.45590857660697837,0.45170361062099995,1022,350,988,0.9666666666666667,0.09286200000000003,0.36304657660697826,0.45590857660697826,0.003164780313909324,0.001719622976439272,0.0022511999999999996,0.0,0.0,0.45590857660697826,1.2,1.2,1.2,0.0,0.005810281748317062,0.005810281748317062,0.006972338097980474,0.0026532,0.0026532,0.0,0.004319138097980473,0.0,0.0,0.999512068066302,0.558853396657106,1.0,0.6171875,0.9999337994707078,0.6108699473063703,0.9998693630484846,0.6152885409690267
6,6103,0.6,1.5,0.75,0.5,0.2,4,10,5,5,60,1.5,0.7,8.0,48.0,0.2,0.2,0.1,42,117.0,0.609375,1.9333333333333333,True,True,0.5238095238095238,0.19047619047619047,2.1904761904761907,8.0,7.904761904761905,411.0,solved_or_feasible,optimal,easy_or_medium,0.01640605926513672,0.43918800354003906,0.09386396408081055,0.009542400456672423,0.5400862011679091,0.5349324823552419,770,347,736,0.9833333333333333,0.09286155533313784,0.4472246458347711,0.540086201167909,0.003161222940888188,0.0019225072775613042,0.0022511999999999996,0.0,0.0,0.540086201167909,1.2,1.2,1.2,0.0,0.006461763994058855,0.006461763994058855,0.007754116792870625,0.0026532,0.0026531872952325094,1.2704767490974954e-08,0.0051006361132861005,0.0,0.0,1.0014911668622402,0.5587696655338581,1.0,0.5859375,0.9974387528799599,0.5691309272135072,0.9944432230863839,0.5786623726324961
6,6104,0.6,1.5,0.75,0.5,0.2,4,10,5,5,60,1.5,0.7,8.0,48.0,0.2,0.2,0.1,47,118.0,0.6145833333333334,1.9333333333333333,True,True,0.3404255319148936,0.1276595744680851,2.148936170212766,8.0,8.0,445.0,solved_or_feasible,optimal,easy_or_medium,0.017518997192382812,1.327064037322998,0.11435699462890625,0.009542446194210925,0.5233620330749527,0.5183678790342421,1103,352,1069,0.8,0.092862,0.43050003307495266,0.5233620330749527,0.003067416044859007,0.0019374109945339197,0.0022511999999999996,0.0,0.0,0.5233620330749527,1.2,1.2,1.2,0.0,0.006291657245056455,0.006291657245056455,0.007549988694067746,0.0026532,0.0026532,3.5236570605778894e-19,0.004896724438680408,0.0,0.0,1.0016119661677252,0.6098938003575768,1.0,0.61328125,0.9886353174171454,0.6008309582906939,0.9885211068677252,0.6106839827474884
6,6105,0.6,1.5,0.75,0.5,0.2,4,10,5,5,60,1.5,0.7,8.0,48.0,0.2,0.2,0.1,37,116.0,0.6041666666666666,1.8333333333333333,True,True,0.3783783783783784,0.13513513513513514,2.5135135135135136,8.0,7.648648648648648,327.0,solved_or_feasible,optimal,easy_or_medium,0.015798091888427734,0.681555986404419,0.06630587577819824,0.008833012405817412,0.523279196609132,0.5186570649737774,802,342,768,0.8166666666666667,0.09286199999999983,0.43041719660913214,0.5232791966091319,0.002984877431968922,0.0021320312976585193,0.0022511999999999996,0.0,0.0,0.5232791966091319,1.2,1.2,1.2,0.0,0.00629978010447545,0.00629978010447545,0.0075597361253705395,0.0026532,0.0026531999999999953,4.960224939121183e-18,0.004906536125370544,0.0,0.0,0.9936747119007608,0.5793542125856745,1.0,0.5859375,0.9975529403322774,0.5883605607935489,0.994547207377766,0.5916809950121558
7,7101,0.6,1.5,0.75,0.5,0.45,4,10,5,5,60,1.5,0.7,8.0,48.0,0.2,0.2,0.1,43,116.0,0.6041666666666666,1.8833333333333333,True,True,0.4883720930232558,0.20930232558139536,2.13953488372093,9.0,8.0,432.0,solved_or_feasible,optimal,easy_or_medium,0.01595783233642578,0.8447082042694092,0.09578919410705566,0.0067353793504896994,0.5771169604659141,0.5732298588075746,878,348,844,0.8833333333333333,0.09283279312268447,0.4842841673432297,0.5771169604659142,0.0031402410908141928,0.0019730233488404227,0.0022511999999999996,0.0,0.0,0.5771169604659142,1.2,1.2,1.2,0.0,0.006730501703250277,0.006730501703250277,0.008076602043900332,0.0026532,0.002652365517790985,8.344822090154469e-07,0.005424236526109341,0.0,0.0,0.9999170673986278,0.6520518135031009,1.0,0.60546875,0.9989499328370716,0.5941069967094317,0.9991735693877888,0.6121213773379421
7,7102,0.6,1.5,0.75,0.5,0.45,4,10,5,5,60,1.5,0.7,8.0,48.0,0.2,0.2,0.1,38,116.0,0.6041666666666666,1.9166666666666667,True,True,0.5789473684210527,0.2631578947368421,2.289473684210526,8.0,8.078947368421053,412.0,solved_or_feasible,optimal,easy_or_medium,0.015096187591552734,0.432081937789917,0.07261490821838379,0.00987713173439077,0.601436748449841,0.5954962784554982,666,343,632,0.8666666666666667,0.09286200000000001,0.5085747484498411,0.6014367484498411,0.002802543832416897,0.0018911911050057421,0.0022511999999999996,0.0,0.0,0.6014367484498411,1.2,1.2,1.2,0.0,0.00680945020954352,0.00680945020954352,0.008171340251452225,0.0026532,0.0026532,9.486769009248164e-20,0.00551814025145222,0.0,0.0,0.9857106252012515,0.5871699153671079,1.0,0.58984375,0.9892666360204408,0.6253125232026476,0.9971854000223125,0.5801373756173434
7,7103,0.6,1.5,0.75,0.5,0.45,4,10,5,5,60,1.5,0.7,8.0,48.0,0.2,0.2,0.1,49,117.0,0.609375,1.9166666666666667,True,True,0.5714285714285714,0.30612244897959184,1.8979591836734695,8.0,7.857142857142857,499.0,solved_or_feasible,optimal,easy_or_medium,0.017017126083374023,0.38923096656799316,0.05036187171936035,0.009604123213875833,0.6342608785146967,0.6281693588877004,795,354,761,0.7333333333333333,0.092862,0.5413988785146967,0.6342608785146967,0.002962463169144262,0.0022502438138902936,0.0022511999999999996,0.0,0.0,0.6342608785146967,1.2,1.2,1.2,0.0,0.0069989190322635834,0.0069989190322635834,0.0083987028387163,0.0026532,0.0026531999999999997,3.2526065174565133e-19,0.005745502838716299,0.0,0.0,0.9943173473086311,0.6422101363605226,1.0,0.6015625,0.9867277958498142,0.5995337750526257,0.997968316722722,0.5936324030050583
7,7104,0.6,1.5,0.75,0.5,0.45,4,10,5,5,60,1.5,0.7,8.0,48.0,0.2,0.2,0.1,41,116.0,0.6041666666666666,1.9333333333333333,True,True,0.4634146341463415,0.2682926829268293,2.1707317073170733,9.0,8.487804878048781,455.0,solved_or_feasible,optimal,easy_or_medium,0.014874935150146484,0.34809303283691406,0.09034490585327148,0.009605627785810613,0.5627639769302597,0.5573582756366051,820,346,786,0.9166666666666666,0.09286200000000001,0.4699019769302596,0.5627639769302596,0.0030445875176286544,0.002158964013150443,0.0022511999999999996,0.0,0.0,0.5627639769302596,1.2,1.2,1.2,0.0,0.006652141444924228,0.006652141444924228,0.007982569733909074,0.0026532,0.0026532,1.0842021724855044e-19,0.005329369733909074,0.0,0.0,0.9997954620444713,0.5982828724778937,1.0,0.6171875,0.9982598693542517,0.606895366416794,0.9875699840493813,0.5943474652377533
7,7105,0.6,1.5,0.75,0.5,0.45,4,10,5,5,60,1.5,0.7,8.0,48.0,0.2,0.2,0.1,39,118.0,0.6145833333333334,1.9666666666666666,True,True,0.4358974358974359,0.28205128205128205,2.2564102564102564,8.0,7.948717948717949,430.0,solved_or_feasible,optimal,easy_or_medium,0.0140380859375,0.31150197982788086,0.08912515640258789,0.007046299686732294,0.4992149654943527,0.49569734723937775,790,344,756,0.9666666666666667,0.092862,0.40635296549435274,0.49921496549435274,0.0030981897220047597,0.0020785476541191057,0.0022511999999999996,0.0,0.0,0.49921496549435274,1.2,1.2,1.2,0.0,0.006165776549224313,0.006165776549224313,0.007398931859069176,0.0026532,0.0026532,2.168404344971009e-19,0.004745731859069173,0.0,0.0,0.9962261058948954,0.5680622132078357,1.0,0.59765625,0.9970640568473981,0.5837579316228882,0.9977138652387297,0.5908563480001913
8,8101,0.6,1.9,0.75,0.25,0.2,4,10,5,5,60,1.5,0.7,8.0,48.0,0.2,0.2,0.1,40,116.0,0.6041666666666666,1.9333333333333333,True,True,0.2,0.1,2.525,8.0,7.925,374.0,solved_or_feasible,optimal,easy_or_medium,0.02059197425842285,0.6543350219726562,0.08598899841308594,0.009961884947956174,0.4621026103312863,0.4574991972930158,1095,345,1061,0.95,0.09286200000000001,0.3692406103312862,0.4621026103312862,0.002991329670687011,0.0019289651013130265,0.0022511999999999996,0.0,0.0,0.4621026103312862,1.2,1.2,1.2,0.0,0.005761447991517593,0.005761447991517593,0.006913737589821112,0.0026532,0.0026532,2.168404344971009e-19,0.004260537589821105,0.0,0.0,0.9980302197580363,0.5636083550485257,1.0,0.58203125,0.9897467144512093,0.5786813433417117,0.9903162232295596,0.5926214759823237
8,8102,0.6,1.9,0.75,0.25,0.2,4,10,5,5,60,1.5,0.7,8.0,48.0,0.2,0.2,0.1,37,116.0,0.6041666666666666,1.9333333333333333,True,True,0.32432432432432434,0.13513513513513514,2.4594594594594597,8.0,8.135135135135135,362.0,solved_or_feasible,optimal,easy_or_medium,0.015552997589111328,0.31154298782348633,0.11345911026000977,0.007287491243168162,0.5508593291542727,0.5468449466168435,890,342,856,0.9333333333333333,0.092862,0.4579973291542726,0.5508593291542726,0.00291015989627743,0.0021601027515873324,0.0022511999999999996,0.0,0.0,0.5508593291542726,1.2,1.2,1.2,0.0,0.0064697864417187145,0.0064697864417187145,0.007763743730062456,0.0026532,0.0026532,2.710505431213761e-19,0.005110543730062456,0.0,0.0,0.9996075976754755,0.5373539543395122,1.0,0.59375,0.9981973334017987,0.5897369819715653,0.992861615742608,0.5822380105803053
8,8103,0.6,1.9,0.75,0.25,0.2,4,10,5,5,60,1.5,0.7,8.0,48.0,0.2,0.2,0.1,48,117.0,0.609375,1.95,True,True,0.10416666666666667,0.16666666666666666,2.1041666666666665,8.0,8.395833333333334,486.0,solved_or_feasible,optimal,proof_harder_than_feasibility,0.03046393394470215,4.3982648849487305,0.1195518970489502,0.009631441177016215,0.5851636022274602,0.5795276334136755,1471,353,1437,0.8666666666666667,0.092862,0.49230160222746033,0.5851636022274603,0.003193389329397175,0.0020559633971583475,0.0022511999999999996,0.0,0.0,0.5851636022274603,1.2,1.2,1.2,0.0,0.006877347284056309,0.006877347284056309,0.00825281674086757,0.0026532,0.0026532,2.710505431213761e-19,0.00559961674086756,0.0,0.0,1.0019678371260243,0.6171506313991288,1.0,0.609375,0.9945826043837864,0.5885677422041493,0.9985851224344796,0.5974325006481218
8,8104,0.6,1.9,0.75,0.25,0.2,4,10,5,5,60,1.5,0.7,8.0,48.0,0.2,0.2,0.1,41,118.0,0.6145833333333334,1.9666666666666666,True,True,0.21951219512195122,0.1951219512195122,2.1951219512195124,8.0,8.341463414634147,424.0,solved_or_feasible,optimal,easy_or_medium,0.01774311065673828,0.830327033996582,0.11388206481933594,0.003111189611883486,0.6401721528311701,0.6381804558794647,1090,346,1056,0.6666666666666666,0.09286200000000001,0.5473101528311699,0.6401721528311699,0.002818955332340511,0.0021917793776453005,0.0022511999999999996,0.0,0.0,0.6401721528311699,1.2,1.2,1.2,0.0,0.00708864732187969,0.00708864732187969,0.008506376786255628,0.0026532,0.0026532,1.0842021724855044e-19,0.005853176786255626,0.0,0.0,0.9929788243548106,0.6364662780529255,1.0,0.625,0.99633082356908,0.6043667268602715,0.9846671747596959,0.6004463152446227
8,8105,0.6,1.9,0.75,0.25,0.2,4,10,5,5,60,1.5,0.7,8.0,48.0,0.2,0.2,0.1,44,118.0,0.6145833333333334,1.9666666666666666,True,True,0.22727272727272727,0.13636363636363635,2.272727272727273,8.5,8.318181818181818,430.0,solved_or_feasible,optimal,easy_or_medium,0.033577919006347656,0.4976649284362793,0.06608295440673828,0.006115962588360152,0.47565981870791296,0.4727507010519092,1158,349,1124,0.9166666666666666,0.092862,0.3827978187079129,0.4756598187079129,0.0031722954815394467,0.0016649543173475976,0.0022511999999999996,0.0,0.0,0.4756598187079129,1.2,1.2,1.2,0.0,0.005946589790987313,0.005946589790987313,0.007135907749184775,0.0026532,0.0026532,3.5236570605778894e-19,0.004482707749184776,0.0,0.0,1.0024028230579864,0.5838396404233983,1.0,0.6171875,0.9898693495832215,0.5985225403638321,0.9958448299308564,0.6061149086823137
9,9101,0.6,1.9,0.75,0.25,0.45,4,10,5,5,60,1.5,0.7,8.0,48.0,0.2,0.2,0.1,34,116.0,0.6041666666666666,1.9333333333333333,True,True,0.38235294117647056,0.29411764705882354,2.411764705882353,8.0,8.058823529411764,365.0,solved_or_feasible,optimal,easy_or_medium,0.013023138046264648,0.6577939987182617,0.08996987342834473,0.009976160918345812,0.4156786875594399,0.4115318100820201,719,339,685,0.9,0.09286200000000003,0.3228166875594398,0.4156786875594398,0.0030890357053421718,0.0015718498774846012,0.0022511999999999996,0.0,0.0,0.4156786875594398,1.2,1.2,1.2,0.0,0.005431031899787382,0.005431031899787382,0.006517238279744857,0.0026532,0.0026532,0.0,0.003864038279744857,0.0,0.0,0.9879206480265419,0.5315285446220144,1.0,0.57421875,0.995692097025113,0.5757306311740712,0.9900533721176865,0.5721200201668561
9,9102,0.6,1.9,0.75,0.25,0.45,4,10,5,5,60,1.5,0.7,8.0,48.0,0.2,0.2,0.1,42,117.0,0.609375,1.95,True,True,0.2857142857142857,0.2857142857142857,2.142857142857143,9.0,8.30952380952381,453.0,solved_or_feasible,optimal,easy_or_medium,0.017560720443725586,0.8773329257965088,0.07732081413269043,0.009724287154823225,0.5182088945380345,0.5131696824413632,1078,347,1044,0.8666666666666667,0.092862,0.4253468945380346,0.5182088945380345,0.0031427267835101055,0.0020113186226170896,0.0022511999999999996,0.0,0.0,0.5182088945380345,1.2,1.2,1.2,0.0,0.006280368459512853,0.006280368459512853,0.007536442151415423,0.0026532,0.0026531999999999997,7.182839392716467e-19,0.004883242151415421,0.0,0.0,0.9989375178628057,0.6077305054721078,1.0,0.6171875,0.990856186909939,0.5994662385944816,0.9997010790352562,0.6112343486152155
9,9103,0.6,1.9,0.75,0.25,0.45,4,10,5,5,60,1.5,0.7,8.0,48.0,0.2,0.2,0.1,35,121.0,0.6302083333333334,2.0166666666666666,True,True,0.14285714285714285,0.37142857142857144,2.342857142857143,8.0,8.114285714285714,406.0,solved_or_feasible,optimal,easy_or_medium,0.01726388931274414,0.5036258697509766,0.10056781768798828,0.007461635659018046,0.48389788701172387,0.4802872172826737,971,340,937,0.9666666666666667,0.09286200000000003,0.39103588701172376,0.48389788701172376,0.003084945254303672,0.002164868790896974,0.0022511999999999996,0.0,0.0,0.48389788701172376,1.2,1.2,1.2,0.0,0.005935154728559562,0.005935154728559562,0.007122185674271475,0.0026532,0.0026532,1.0842021724855044e-19,0.004468985674271475,0.0,0.0,0.9950288605782359,0.5676159753006682,1.0,0.625,0.9985282557058828,0.6057754212492945,0.9771845828370402,0.5762085938084054
9,9104,0.6,1.9,0.75,0.25,0.45,4,10,5,5,60,1.5,0.7,8.0,48.0,0.2,0.2,0.1,43,116.0,0.6041666666666666,1.9333333333333333,True,True,0.20930232558139536,0.3023255813953488,2.0697674418604652,8.0,8.116279069767442,488.0,solved_or_feasible,optimal,easy_or_medium,0.020971059799194336,1.9774961471557617,0.08235001564025879,0.009764876402055147,0.46618278278518793,0.46163056553052445,1072,348,1038,0.9333333333333333,0.092862,0.3733207827851879,0.4661827827851879,0.0027678304817847403,0.0020516718592333808,0.0022511999999999996,0.0,0.0,0.4661827827851879,1.2,1.2,1.2,0.0,0.0056866292200623385,0.0056866292200623385,0.006823955064074804,0.0026532,0.0026531999999999997,5.21772295508649e-19,0.0041707550640748044,0.0,0.0,0.9926469971762121,0.5381904613342929,1.0,0.578125,0.9960805506873306,0.5869924230425971,0.992337705868302,0.5742235651769647
9,9105,0.6,1.9,0.75,0.25,0.45,4,10,5,5,60,1.5,0.7,8.0,48.0,0.2,0.2,0.1,29,116.0,0.6041666666666666,1.9333333333333333,True,True,0.20689655172413793,0.4482758620689655,2.4482758620689653,9.0,8.206896551724139,383.0,solved_or_feasible,optimal,easy_or_medium,0.017589807510375977,0.587440013885498,0.06405186653137207,0.009969025323890502,0.42165758417399696,0.4174540690393559,717,334,683,0.8833333333333333,0.09286200000000006,0.3287955841739969,0.42165758417399696,0.0028968235830086255,0.002018245633807068,0.0022511999999999996,0.0,0.0,0.42165758417399696,1.2,1.2,1.2,0.0,0.005333971754148534,0.005333971754148534,0.00640076610497824,0.0026532,0.002653200000000002,5.421010862427522e-20,0.0037475661049782387,0.0,0.0,0.9956386923563093,0.5053511346782247,1.0,0.5703125,0.9939552820256672,0.5462166520815234,0.9979471276447868,0.5932982505056613
10,10101,0.6,1.9,0.75,0.5,0.2,4,10,5,5,60,1.5,0.7,8.0,48.0,0.2,0.2,0.1,47,116.0,0.6041666666666666,1.9333333333333333,True,True,0.425531914893617,0.10638297872340426,2.276595744680851,8.0,8.340425531914894,432.0,solved_or_feasible,optimal,proof_harder_than_feasibility,0.01894092559814453,3.492586135864258,0.1106269359588623,0.00959345376835281,0.5827936858439935,0.5772026815623612,1053,352,1019,0.8833333333333333,0.092862,0.4899316858439935,0.5827936858439935,0.0031490939867052335,0.0021199567123062085,0.0022511999999999996,0.0,0.0,0.5827936858439935,1.2,1.2,1.2,0.0,0.0068570202605542675,0.0068570202605542675,0.008228424312665121,0.0026532,0.0026531999999999997,7.250602028496811e-19,0.00557522431266512,0.0,0.0,0.9998092908084335,0.6548014154365245,1.0,0.62109375,0.9955589641195031,0.6061452268974648,0.9967738030387118,0.6088028911476983
10,10102,0.6,1.9,0.75,0.5,0.2,4,10,5,5,60,1.5,0.7,8.0,48.0,0.2,0.2,0.1,44,116.0,0.6041666666666666,1.9333333333333333,True,True,0.6136363636363636,0.20454545454545456,2.2045454545454546,8.0,8.295454545454545,473.0,solved_or_feasible,optimal,easy_or_medium,0.017073869705200195,0.6562871932983398,0.002783060073852539,0.006282097731291407,0.4905798742569412,0.48749800354185446,843,349,809,0.9333333333333333,0.09286200000000003,0.3977178742569412,0.4905798742569413,0.0029362771206017553,0.0016534276765550232,0.0022511999999999996,0.0,0.0,0.4905798742569413,1.2,1.2,1.2,0.0,0.005998811461691406,0.005998811461691406,0.007198573754029687,0.0026532,0.0026532,0.0,0.004545373754029687,0.0,0.0,0.9994331208454156,0.544615866824417,1.0,0.609375,0.9957484275754604,0.6018448246087564,0.9991368819873436,0.6058752999737659
10,10103,0.6,1.9,0.75,0.5,0.2,4,10,5,5,60,1.5,0.7,8.0,48.0,0.2,0.2,0.1,51,116.0,0.6041666666666666,1.9333333333333333,True,True,0.4117647058823529,0.058823529411764705,2.0980392156862746,9.0,8.196078431372548,437.0,solved_or_feasible,optimal,easy_or_medium,0.018612146377563477,0.906790018081665,0.12237215042114258,0.00992403224367926,0.5446981215210615,0.5392925198000149,1182,356,1148,0.85,0.092862,0.45183612152106145,0.5446981215210615,0.0031244327960693167,0.002024022220343458,0.0022511999999999996,0.0,0.0,0.5446981215210615,1.2,1.2,1.2,0.0,0.006491657290193036,0.006491657290193036,0.007789988748231643,0.0026532,0.0026531999999999997,3.1170812458958252e-19,0.005136788748231642,0.0,0.0,0.999622367598467,0.5554319265584448,1.0,0.5625,0.9884931904896204,0.5578595842873479,0.9994786480391683,0.5697014730659995
10,10104,0.6,1.9,0.75,0.5,0.2,4,10,5,5,60,1.5,0.7,8.0,48.0,0.2,0.2,0.1,47,118.0,0.6145833333333334,1.9666666666666666,True,True,0.40425531914893614,0.1276595744680851,2.25531914893617,9.0,8.382978723404255,441.0,solved_or_feasible,optimal,easy_or_medium,0.01965785026550293,1.5024619102478027,0.11635184288024902,0.009360027282595398,0.5867560215484671,0.5812639691785463,1132,352,1098,0.9,0.09286199999999961,0.4938940215484675,0.5867560215484671,0.00317929590768588,0.002091746239558268,0.0022511999999999996,0.0,0.0,0.5867560215484671,1.2,1.2,1.2,0.0,0.006897079340162085,0.006897079340162085,0.008276495208194502,0.0026532,0.002653199999999989,1.1492543028346347e-17,0.005623295208194512,0.0,0.0,0.9998560942135063,0.6309175212147469,1.0,0.61328125,0.9975949097451233,0.6034804136878056,0.9991853105336724,0.6149889011522173
10,10105,0.6,1.9,0.75,0.5,0.2,4,10,5,5,60,1.5,0.7,8.0,48.0,0.2,0.2,0.1,47,116.0,0.6041666666666666,1.9333333333333333,True,True,0.425531914893617,0.19148936170212766,1.9787234042553192,8.0,8.212765957446809,494.0,solved_or_feasible,optimal,proof_harder_than_feasibility,0.017596960067749023,4.078208923339844,0.056242942810058594,0.009970728335745721,0.49501417951698884,0.4900785276106829,920,352,886,0.95,0.092862,0.4021521795169889,0.4950141795169889,0.0029953737567832944,0.0020841700146687634,0.0022511999999999996,0.0,0.0,0.4950141795169889,1.2,1.2,1.2,0.0,0.006056543988198064,0.006056543988198064,0.007267852785837677,0.0026532,0.0026531999999999997,5.963111948670274e-19,0.004614338911448194,0.0,0.0,1.0031256898284726,0.5830952655642518,1.0,0.59765625,0.9985189265236873,0.5943148737754966,0.9903841008964118,0.6039442460918425
11,11101,0.6,1.9,0.75,0.5,0.45,4,10,5,5,60,1.5,0.7,8.0,48.0,0.2,0.2,0.1,38,118.0,0.6145833333333334,1.9666666666666666,True,True,0.5,0.18421052631578946,2.473684210526316,8.0,7.894736842105263,374.0,solved_or_feasible,optimal,easy_or_medium,0.016032934188842773,0.7472639083862305,0.11526799201965332,0.008302930710441596,0.58745252974693,0.5825749520967676,714,343,680,0.8833333333333333,0.092862,0.4945905297469301,0.5874525297469301,0.0031079376430985274,0.0020856029589555293,0.0022511999999999996,0.0,0.0,0.5874525297469301,1.2,1.2,1.2,0.0,0.006886413086797449,0.006886413086797449,0.008263695704156939,0.0026532,0.0026531999999999997,6.911788849595091e-19,0.0056104957041569386,0.0,0.0,0.9990158090459447,0.6191375899623357,1.0,0.60546875,0.9928589300705086,0.5957197843838817,0.9941563155468821,0.5859186063682622
11,11102,0.6,1.9,0.75,0.5,0.45,4,10,5,5,60,1.5,0.7,8.0,48.0,0.2,0.2,0.1,33,117.0,0.609375,1.95,True,True,0.3333333333333333,0.36363636363636365,2.4545454545454546,8.0,8.090909090909092,390.0,solved_or_feasible,optimal,easy_or_medium,0.01562809944152832,0.6101229190826416,0.0525360107421875,0.009348523386217415,0.476423962525608,0.47197010197018296,742,338,708,0.9333333333333333,0.09286200000000003,0.38356196252560804,0.47642396252560804,0.003000622003219987,0.0016985381818793843,0.0022511999999999996,0.0,0.0,0.47642396252560804,1.2,1.2,1.2,0.0,0.005924109202007567,0.005924109202007567,0.00710893104240908,0.0026532,0.0026532,1.8973538018496328e-19,0.004455731042409074,0.0,0.0,1.0012308068316191,0.5456444130340907,1.0,0.57421875,0.9960378024621531,0.556190299250183,0.9989766655342133,0.5754701092071144
11,11103,0.6,1.9,0.75,0.5,0.45,4,10,5,5,60,1.5,0.7,8.0,48.0,0.2,0.2,0.1,40,119.0,0.6197916666666666,1.9833333333333334,True,True,0.3,0.25,2.2,8.0,8.125,419.0,solved_or_feasible,optimal,easy_or_medium,0.019063711166381836,0.5056948661804199,0.06391286849975586,0.008267790868509296,0.5360333994055004,0.5316015873606796,995,345,961,0.8833333333333333,0.09286200000000001,0.44317139940550043,0.5360333994055004,0.003093529401285276,0.00187123591061814,0.0022511999999999996,0.0,0.0,0.5360333994055004,1.2,1.2,1.2,0.0,0.006483131157567234,0.006483131157567234,0.007779757389080681,0.0026532,0.0026532,1.4907779871675686e-19,0.00512655738908068,0.0,0.0,0.9990136313867061,0.5692458610175973,1.0,0.59765625,0.9900566750012458,0.5554133147260745,0.998493577154879,0.5980219264494318
11,11104,0.6,1.9,0.75,0.5,0.45,4,10,5,5,60,1.5,0.7,8.0,48.0,0.2,0.2,0.1,41,117.0,0.609375,1.95,True,True,0.4146341463414634,0.3170731707317073,2.268292682926829,9.0,8.170731707317072,449.0,solved_or_feasible,optimal,easy_or_medium,0.01754593849182129,1.4394340515136719,0.12603282928466797,0.009855291316714197,0.437318552927774,0.4330086511904669,873,346,839,0.9666666666666667,0.092862,0.344456552927774,0.437318552927774,0.003043371912737427,0.0018914776459123444,0.0022511999999999996,0.0,0.0,0.437318552927774,1.2,1.2,1.2,0.0,0.005609983822337832,0.005609983822337832,0.006731980586805398,0.0026532,0.0026531999999999997,3.7947076036992655e-19,0.004078752908847228,0.0,0.0,0.9991153992149368,0.5519731841395074,1.0,0.6015625,0.9978372907424511,0.5996218975798737,0.9986276444292222,0.5849436718067156
11,11105,0.6,1.9,0.75,0.5,0.45,4,10,5,5,60,1.5,0.7,8.0,48.0,0.2,0.2,0.1,30,116.0,0.6041666666666666,1.9333333333333333,True,True,0.4666666666666667,0.4,2.5,8.0,7.766666666666667,368.0,solved_or_feasible,optimal,easy_or_medium,0.01169586181640625,0.646820068359375,0.10695004463195801,0.00925071920092661,0.46960321496798435,0.46525904749046315,559,335,525,0.7,0.092862,0.37674121496798435,0.46960321496798435,0.002949273225259719,0.002025369330005915,0.0022511999999999996,0.0,0.0,0.46960321496798435,1.2,1.2,1.2,0.0,0.005785919863238549,0.005785919863238549,0.006943103835886259,0.0026532,0.0026531999999999997,5.692061405548898e-19,0.004289903835886258,0.0,0.0,0.9859401449477219,0.5499885479056001,1.0,0.5703125,0.9994955103014165,0.5866779658445889,0.9775239719787333,0.5946551241581575
12,12101,0.75,1.1,0.75,0.25,0.2,4,10,5,5,60,1.5,0.7,8.0,48.0,0.2,0.2,0.1,60,140.0,0.7291666666666666,2.2666666666666666,False,True,0.31666666666666665,0.11666666666666667,2.0166666666666666,8.0,8.216666666666667,563.0,solved_or_feasible,optimal,easy_or_medium,0.022803783416748047,2.9488298892974854,0.11285090446472168,0.009992687404296003,0.657691033749935,0.6511189328410636,1404,365,1370,0.75,0.09286200000000003,0.564829033749935,0.657691033749935,0.0031637265361368987,0.001947127503852385,0.0022511999999999996,0.0,0.0,0.657691033749935,1.2,1.2,1.2,0.0,0.007378897259148923,0.007378897259148923,0.008854676710978707,0.0026532,0.0026532000000000005,1.6263032587282567e-19,0.006201476710978707,0.0,0.0,0.9977401579143059,0.6797886456026214,1.0,0.72265625,0.9971530274694362,0.7000839360435387,0.9950164806270912,0.7319595667826164
12,12102,0.75,1.1,0.75,0.25,0.2,4,10,5,5,60,1.5,0.7,8.0,48.0,0.2,0.2,0.1,60,136.0,0.7083333333333334,2.2,False,True,0.11666666666666667,0.08333333333333333,2.033333333333333,8.0,8.066666666666666,538.0,solved_or_feasible,optimal,proof_harder_than_feasibility,0.02805495262145996,3.4136080741882324,0.13894104957580566,0.009797248111735756,0.6376345302327954,0.6313874665354946,1718,365,1684,0.8333333333333334,0.092862,0.5447725302327953,0.6376345302327953,0.0030362625855911455,0.0020288349251492404,0.0022511999999999996,0.0,0.0,0.6376345302327953,1.2,1.2,1.2,0.0,0.007217898902596916,0.007217898902596916,0.0086614786831163,0.0026532,0.0026532,3.5236570605778894e-19,0.006008226055600488,0.0,0.0,1.0019223337867542,0.7007956259021264,1.0,0.7109375,0.9986076047378936,0.6932317148108813,0.9994358231526546,0.6885970173224152
12,12103,0.75,1.1,0.75,0.25,0.2,4,10,5,5,60,1.5,0.7,8.0,48.0,0.2,0.2,0.1,60,137.0,0.7135416666666666,2.2,False,True,0.18333333333333332,0.13333333333333333,1.9166666666666667,9.0,8.383333333333333,587.0,solved_or_feasible,optimal,proof_harder_than_feasibility,0.026064157485961914,5.763979911804199,0.1190500259399414,0.009771967939401932,0.6106071509979641,0.6046403174948425,1621,365,1587,0.9666666666666667,0.09286199999999997,0.517745150997964,0.610607150997964,0.003135187023831364,0.001998575700779495,0.0022511999999999996,0.0,0.0,0.610607150997964,1.2,1.2,1.2,0.0,0.007027207796264118,0.007027207796264118,0.008432649355516941,0.0026532,0.0026531999999999997,6.776263578034403e-19,0.005779449355516941,0.0,0.0,0.9989911676696754,0.6650065652247107,1.0,0.69921875,0.9925130974064891,0.6703502782350395,0.998864335766438,0.715604565173958
12,12104,0.75,1.1,0.75,0.25,0.2,4,10,5,5,60,1.5,0.7,8.0,48.0,0.2,0.2,0.1,60,130.0,0.6770833333333334,2.1,False,True,0.16666666666666666,0.11666666666666667,1.95,9.0,8.366666666666667,606.0,solved_or_feasible,optimal,optimization_hard_runtime,0.02527594566345215,33.69709801673889,0.1805129051208496,0.00876903594766555,0.6700849205762917,0.6642089218197695,1702,365,1668,0.8833333333333333,0.09286200000000003,0.5772229205762917,0.6700849205762917,0.0030780400336360056,0.002009275230815094,0.0022511999999999996,0.0,0.0,0.6700849205762917,1.2,1.2,1.2,0.0,0.007518443252995487,0.007518443252995487,0.009022131903594584,0.0026532,0.0026532,0.0,0.006368931903594582,0.0,0.0,0.9769229727246166,0.6907541182776042,1.0,0.68359375,0.9988993512141868,0.6779722919237694,0.9996582020018486,0.6724292677860599
12,12105,0.75,1.1,0.75,0.25,0.2,4,10,5,5,60,1.5,0.7,8.0,48.0,0.2,0.2,0.1,57,144.0,0.75,2.35,True,True,0.2807017543859649,0.14035087719298245,2.1578947368421053,9.0,8.456140350877194,559.0,solved_or_feasible,optimal,easy_or_medium,0.025223255157470703,2.2957980632781982,0.13366389274597168,0.0085261108741999,0.6760645687482041,0.6703003672769388,1524,362,1490,0.9666666666666667,0.09284648865461498,0.5832180800935891,0.6760645687482041,0.003144153931081985,0.002189530996811558,0.0022511999999999996,0.0,0.0,0.6760645687482041,1.2,1.2,1.2,0.0,0.007550368731720465,0.007550368731720465,0.009060442478064559,0.0026532,0.0026527568187032858,4.431812967149273e-07,0.006407499818966562,0.0,0.0,0.9968793124576784,0.6989093925889553,1.0,0.75,0.9972233372254365,0.7341260550592561,0.986980186419153,0.7420238277268398
13,13101,0.75,1.1,0.75,0.25,0.45,4,10,5,5,60,1.5,0.7,8.0,48.0,0.2,0.2,0.1,51,145.0,0.7552083333333334,2.4,True,True,0.29411764705882354,0.3137254901960784,2.0980392156862746,8.0,8.392156862745098,597.0,solved_or_feasible,optimal,proof_harder_than_feasibility,0.022029876708984375,8.626091957092285,0.26424503326416016,0.008391530681434676,0.6163786482007879,0.6112062878630298,1229,356,1195,0.9166666666666666,0.092862,0.5235166482007878,0.6163786482007878,0.0031337879244997197,0.0021208524306453,0.0022511999999999996,0.0,0.0,0.6163786482007878,1.2,1.2,1.2,0.0,0.007131050701761959,0.007131050701761959,0.00855726084211435,0.0026532,0.0026532,2.981555974335137e-19,0.00590406084211435,0.0,0.0,0.9853320404309864,0.6716591454557613,1.0,0.74609375,0.9981390115798228,0.736987093638743,0.9999427685281917,0.720476573133267
13,13102,0.75,1.1,0.75,0.25,0.45,4,10,5,5,60,1.5,0.7,8.0,48.0,0.2,0.2,0.1,59,145.0,0.7552083333333334,2.3666666666666667,True,True,0.15254237288135594,0.22033898305084745,1.9661016949152543,8.0,8.338983050847459,660.0,solved_or_feasible,optimal,proof_harder_than_feasibility,0.0370028018951416,4.2979841232299805,0.1546931266784668,0.009996070724143002,0.681728583234069,0.6749139761013915,1613,364,1579,0.95,0.092862,0.5888665832340692,0.6817285832340692,0.00319428062480318,0.0021366466299304397,0.0022511999999999996,0.0,0.0,0.6817285832340692,1.2,1.2,1.2,0.0,0.007550436889580582,0.007550436889580582,0.009060524267496699,0.0026532,0.0026532,3.6591823321385775e-19,0.006407324267496696,0.0,0.0,1.0007198527047125,0.6808035266187762,1.0,0.74609375,0.9888210801304845,0.7278568444923358,0.9958367598845346,0.7231864095141911
13,13103,0.75,1.1,0.75,0.25,0.45,4,10,5,5,60,1.5,0.7,8.0,48.0,0.2,0.2,0.1,55,146.0,0.7604166666666666,2.3833333333333333,True,True,0.14545454545454545,0.21818181818181817,2.109090909090909,8.0,8.0,576.0,solved_or_feasible,optimal,proof_harder_than_feasibility,0.02376699447631836,7.2562830448150635,0.5803279876708984,0.007957206247770653,0.7188036185129794,0.7130839498688277,1442,360,1408,0.9333333333333333,0.092862,0.6259416185129794,0.7188036185129794,0.003149260714176706,0.0021402953369423594,0.0022511999999999996,0.0,0.0,0.7188036185129794,1.2,1.2,1.2,0.0,0.007952072296484675,0.007952072296484675,0.00954248675578161,0.0026532,0.0026531999999999997,3.7947076036992655e-19,0.006889286755781611,0.0,0.0,1.0013080062164852,0.7473159683487189,1.0,0.76953125,0.9959217662473029,0.7481729749967532,0.9978801864546648,0.7659048977645488
13,13104,0.75,1.1,0.75,0.25,0.45,4,10,5,5,60,1.5,0.7,8.0,48.0,0.2,0.2,0.1,47,144.0,0.75,2.4,True,True,0.2127659574468085,0.3191489361702128,2.276595744680851,8.0,7.8936170212765955,517.0,solved_or_feasible,optimal,proof_harder_than_feasibility,0.021492958068847656,5.209687948226929,0.2005758285522461,0.009939873630350935,0.5957480871678197,0.5898264264658483,1237,352,1203,0.95,0.092862,0.5028860871678196,0.5957480871678196,0.0029331601761046827,0.0020371877379044873,0.0022511999999999996,0.0,0.0,0.5957480871678196,1.2,1.2,1.2,0.0,0.006778232256168313,0.006778232256168313,0.008133878707401976,0.0026532,0.0026531999999999997,5.149960319306146e-19,0.005480678707401973,0.0,0.0,0.9921769662116244,0.6422404686510284,1.0,0.734375,0.9978185988352657,0.7349833403404615,0.999129416344565,0.719678532320008
13,13105,0.75,1.1,0.75,0.25,0.45,4,10,5,5,60,1.5,0.7,8.0,48.0,0.2,0.2,0.1,54,145.0,0.7552083333333334,2.3666666666666667,True,True,0.2222222222222222,0.25925925925925924,2.0,9.0,8.407407407407407,599.0,solved_or_feasible,optimal,proof_harder_than_feasibility,0.02461695671081543,4.814375162124634,1.0467901229858398,0.007995068038878226,0.5993271427371348,0.594535481453405,1383,359,1349,0.8666666666666667,0.08753812513286227,0.5117890176042725,0.5993271427371348,0.0029828353746444475,0.002222388033518758,0.0022511999999999996,0.0,0.0,0.5993271427371348,1.2,1.2,1.2,0.0,0.0063657387364836554,0.0063657387364836554,0.0076388864837803865,0.0026532,0.0025010892895103503,0.00015211071048965003,0.005137797194270034,0.0,0.0,0.998048269130412,0.6474332975171565,1.0,0.76953125,0.9951079501015027,0.7682213663396772,0.9999285956890649,0.7610436482854259
14,14101,0.75,1.1,0.75,0.5,0.2,4,10,5,5,60,1.5,0.7,8.0,48.0,0.2,0.2,0.1,59,144.0,0.75,2.3833333333333333,True,True,0.2711864406779661,0.15254237288135594,1.8983050847457628,8.0,8.40677966101695,606.0,solved_or_feasible,optimal,easy_or_medium,0.02716803550720215,0.8316998481750488,0.17603182792663574,0.008365729475373155,0.5970511307823735,0.5920563625392825,1539,364,1505,0.9666666666666667,0.092862,0.5041891307823734,0.5970511307823734,0.0030678430127207825,0.0019269006075759568,0.0022511999999999996,0.0,0.0,0.5970511307823734,1.2,1.2,1.2,0.0,0.006783790903280412,0.006783790903280412,0.008140549083936494,0.0026532,0.0026532,4.607859233063394e-19,0.005487108067470912,0.0,0.0,1.0028692436378623,0.6635418173081887,1.0,0.74609375,0.9975134962462378,0.740365912213191,0.9998539995467025,0.7265478798296429
14,14102,0.75,1.1,0.75,0.5,0.2,4,10,5,5,60,1.5,0.7,8.0,48.0,0.2,0.2,0.1,60,143.0,0.7447916666666666,2.3333333333333335,False,True,0.48333333333333334,0.15,1.9833333333333334,8.0,8.166666666666666,567.0,solved_or_feasible,optimal,easy_or_medium,0.021944046020507812,0.9334821701049805,0.11794114112854004,0.006065840858467377,0.673319298287185,0.66923505057684,1235,365,1201,0.85,0.092862,0.580457298287185,0.673319298287185,0.002918180490400546,0.002237156158654249,0.0022511999999999996,0.0,0.0,0.673319298287185,1.2,1.2,1.2,0.0,0.007328447117865539,0.007328447117865539,0.008794136541438645,0.0026532,0.0026532,3.2526065174565133e-19,0.006140936541438645,0.0,0.0,0.9996707487568137,0.6976468502341073,1.0,0.75390625,0.996802879120007,0.7534605214443267,0.9994913598667671,0.7429849011705378
14,14103,0.75,1.1,0.75,0.5,0.2,4,10,5,5,60,1.5,0.7,8.0,48.0,0.2,0.2,0.1,60,142.0,0.7395833333333334,2.25,False,True,0.5,0.1,2.183333333333333,8.0,7.866666666666666,527.0,solved_or_feasible,optimal,proof_harder_than_feasibility,0.021358013153076172,3.3194069862365723,0.1905350685119629,0.009990380224422217,0.7144948489750773,0.7073567737654252,1178,365,1144,0.95,0.092862,0.6216328489750771,0.7144948489750771,0.0031524409703442783,0.0021980922051795396,0.0022511999999999996,0.0,0.0,0.7144948489750771,1.2,1.2,1.2,0.0,0.00791692786450131,0.00791692786450131,0.00950031343740157,0.0026532,0.0026532,3.2526065174565133e-19,0.0068471134374015665,0.0,0.0,0.9918978249358879,0.7301766320400038,1.0,0.734375,0.9973935891775274,0.7262751239299357,0.9967974186460958,0.7253753598538433
14,14104,0.75,1.1,0.75,0.5,0.2,4,10,5,5,60,1.5,0.7,8.0,48.0,0.2,0.2,0.1,51,144.0,0.75,2.25,True,True,0.35294117647058826,0.2549019607843137,2.176470588235294,8.0,7.803921568627451,519.0,solved_or_feasible,optimal,proof_harder_than_feasibility,0.020409107208251953,3.0495481491088867,0.1655590534210205,0.009952513494373302,0.601381618500321,0.5953963598269285,1135,356,1101,0.9666666666666667,0.09286200000000001,0.5085196185003209,0.6013816185003209,0.0031291818347614357,0.0021465071082080885,0.0022511999999999996,0.0,0.0,0.6013816185003209,1.2,1.2,1.2,0.0,0.006926347869121763,0.006926347869121763,0.008311617442946114,0.0026532,0.0026532,2.710505431213761e-19,0.0056584174429461075,0.0,0.0,0.998608326231453,0.6702516811851631,1.0,0.75,0.9905897288419292,0.7156363369643316,0.9987682313071247,0.730079981964139
14,14105,0.75,1.1,0.75,0.5,0.2,4,10,5,5,60,1.5,0.7,8.0,48.0,0.2,0.2,0.1,60,129.0,0.671875,2.1166666666666667,False,True,0.36666666666666664,0.15,1.85,9.0,8.683333333333334,610.0,solved_or_feasible,optimal,proof_harder_than_feasibility,0.02272486686706543,5.548557996749878,0.1533808708190918,0.009746146181046066,0.6841503369116946,0.6774825077183413,1446,365,1412,0.8666666666666667,0.09286199999999992,0.5912883369116946,0.6841503369116945,0.003124995685692972,0.002205256715799725,0.0022511999999999996,0.0,0.0,0.6841503369116945,1.2,1.2,1.2,0.0,0.0075559404287724235,0.0075559404287724235,0.009067128514526908,0.0026532,0.002653199999999998,2.3852447794681098e-18,0.006413928514526908,0.0,0.0,0.9992695730809259,0.7315513217044873,1.0,0.6796875,0.9904968007072997,0.6663321436694674,0.999516668443423,0.6719342151309287
15,15101,0.75,1.1,0.75,0.5,0.45,4,10,5,5,60,1.5,0.7,8.0,48.0,0.2,0.2,0.1,56,145.0,0.7552083333333334,2.316666666666667,True,True,0.3392857142857143,0.17857142857142858,2.125,8.0,7.642857142857143,526.0,solved_or_feasible,optimal,easy_or_medium,0.02447795867919922,1.681149959564209,0.14769291877746582,0.006725611381139247,0.6644643298562933,0.6599954009970508,1196,361,1162,0.9,0.09286199999999999,0.5716023298562932,0.6644643298562932,0.003100390966889411,0.0022023220733596656,0.0022511999999999996,0.0,0.0,0.6644643298562932,1.2,1.2,1.2,0.0,0.0073529729130415375,0.0073529729130415375,0.008823567495649843,0.0026532,0.0026531999999999997,6.505213034913027e-19,0.006170367495649844,0.0,0.0,0.9982849535012568,0.704354852689087,1.0,0.73828125,0.9982644305135722,0.7244576736353364,0.9964787159705629,0.7157510612975397
15,15102,0.75,1.1,0.75,0.5,0.45,4,10,5,5,60,1.5,0.7,8.0,48.0,0.2,0.2,0.1,60,145.0,0.7552083333333334,2.3333333333333335,True,True,0.38333333333333336,0.2,1.8666666666666667,8.0,8.116666666666667,616.0,solved_or_feasible,optimal,proof_harder_than_feasibility,0.022050857543945312,3.5754151344299316,0.5256390571594238,0.00998876878347868,0.6655634371927746,0.6589152779079186,1332,365,1298,0.9166666666666666,0.09286200000000006,0.5727014371927743,0.6655634371927743,0.003059688912231272,0.002237860404687138,0.0022511999999999996,0.0,0.0,0.6655634371927743,1.2,1.2,1.2,0.0,0.0074048734868493345,0.0074048734868493345,0.0088858481842192,0.0026532,0.0026532000000000014,2.710505431213761e-19,0.0062326481842191975,0.0,0.0,0.9954342778328669,0.6989218045159822,1.0,0.7578125,0.9997580107766055,0.7583635772712948,0.9966420967324711,0.7574398401751379
15,15103,0.75,1.1,0.75,0.5,0.45,4,10,5,5,60,1.5,0.7,8.0,48.0,0.2,0.2,0.1,50,145.0,0.7552083333333334,2.4166666666666665,True,True,0.5,0.32,2.28,8.0,8.0,530.0,solved_or_feasible,optimal,easy_or_medium,0.019845008850097656,0.5103509426116943,0.10784101486206055,0.009328340088007207,0.6708888199469062,0.6646305408731996,959,355,925,0.9666666666666667,0.092862,0.5780268199469062,0.6708888199469062,0.0031064735750927362,0.002184273826073066,0.0022511999999999996,0.0,0.0,0.6708888199469062,1.2,1.2,1.2,0.0,0.007565341294364422,0.007565341294364422,0.009078409553237306,0.0026532,0.0026532,2.168404344971009e-19,0.006425209553237299,0.0,0.0,0.9978336869086364,0.696867615315381,1.0,0.75,0.996161460981515,0.7403332068474946,0.9961925127599622,0.75017116673953
15,15104,0.75,1.1,0.75,0.5,0.45,4,10,5,5,60,1.5,0.7,8.0,48.0,0.2,0.2,0.1,53,145.0,0.7552083333333334,2.3833333333333333,True,True,0.4339622641509434,0.32075471698113206,2.018867924528302,9.0,8.39622641509434,624.0,solved_or_feasible,optimal,optimization_hard_runtime,0.020346879959106445,20.04833698272705,0.10776901245117188,0.009838668484788598,0.7764970482957887,0.7688573512581895,1157,358,1123,0.8666666666666667,0.09285679754543569,0.6836402507503528,0.7764970482957885,0.003165979730389915,0.002228709271246192,0.0022511999999999996,0.0,0.0,0.7764970482957885,1.2,1.2,1.2,0.0,0.008363358975340577,0.008363358975340577,0.010036030770408693,0.0026532,0.00265305135844102,1.4864155898070398e-07,0.007382830770408692,0.0,0.0,0.9982860112623753,0.7494686402806043,1.0,0.75390625,0.9975228337678271,0.7443735950825373,0.9926165981255792,0.7304934186396486
15,15105,0.75,1.1,0.75,0.5,0.45,4,10,5,5,60,1.5,0.7,8.0,48.0,0.2,0.2,0.1,53,145.0,0.7552083333333334,2.3833333333333333,True,True,0.49056603773584906,0.24528301886792453,2.0,9.0,8.20754716981132,575.0,solved_or_feasible,optimal,easy_or_medium,0.01990818977355957,0.47127795219421387,0.1571331024169922,0.004323664482891332,0.6891205567731226,0.6861410306973723,1027,358,993,0.9666666666666667,0.09286199999999997,0.5962585567731226,0.6891205567731226,0.0030621204370248557,0.002182037691050966,0.0022511999999999996,0.0,0.0,0.6891205567731226,1.2,1.2,1.2,0.0,0.007569141050891347,0.007569141050891347,0.009082969261069617,0.0026532,0.002653199999999999,1.3552527156068805e-18,0.006429769261069615,0.0,0.0,0.9993718581846802,0.7078693028632501,1.0,0.73046875,0.9962764504361463,0.7056129931114312,0.9912916788616615,0.7248845684315006
16,16101,0.75,1.5,0.75,0.25,0.2,4,10,5,5,60,1.5,0.7,8.0,48.0,0.2,0.2,0.1,60,135.0,0.703125,2.25,False,True,0.3,0.15,1.9666666666666666,8.0,7.95,559.0,solved_or_feasible,optimal,easy_or_medium,0.023247957229614258,2.227292060852051,0.13582205772399902,0.009946988908776381,0.6101897960840332,0.6041202449501368,1468,365,1434,0.9833333333333333,0.09286199999999174,0.5173277960840414,0.6101897960840332,0.0031150327472226806,0.0018380478256639849,0.0022511999999999996,0.0,0.0,0.6101897960840332,1.2,1.2,1.2,0.0,0.00701649864793651,0.00701649864793651,0.00841979837752381,0.0026532,0.0026531999999997637,2.3635607360183997e-16,0.00576659837752404,0.0,0.0,0.9978008034947843,0.6743328047286623,1.0,0.69140625,0.9964418395556729,0.7054649248516347,0.9990925382102688,0.6796441513710605
16,16102,0.75,1.5,0.75,0.25,0.2,4,10,5,5,60,1.5,0.7,8.0,48.0,0.2,0.2,0.1,48,145.0,0.7552083333333334,2.3333333333333335,True,True,0.1875,0.20833333333333334,2.375,8.5,8.270833333333334,492.0,solved_or_feasible,optimal,proof_harder_than_feasibility,0.03557300567626953,4.806695222854614,0.14873218536376953,0.00948845729116583,0.5558059727958162,0.5505322315607682,1286,353,1252,0.95,0.09286200000000003,0.46294397279581617,0.5558059727958162,0.0030983366966081467,0.002206759066347564,0.0022511999999999996,0.0,0.0,0.5558059727958162,1.2,1.2,1.2,0.0,0.006537037472372812,0.006537037472372812,0.007844444966847374,0.0026532,0.002653200000000001,5.963111948670274e-19,0.005191244966847373,0.0,0.0,0.9987932624784353,0.6493805956596677,1.0,0.734375,0.9953270227467236,0.7434584505259854,0.9998231530252829,0.7236125622686899
16,16103,0.75,1.5,0.75,0.25,0.2,4,10,5,5,60,1.5,0.7,8.0,48.0,0.2,0.2,0.1,60,133.0,0.6927083333333334,2.183333333333333,False,True,0.23333333333333334,0.08333333333333333,1.9833333333333334,8.0,8.133333333333333,541.0,solved_or_feasible,optimal,easy_or_medium,0.024040937423706055,1.4349620342254639,0.14164113998413086,0.009808243762261469,0.6975145303114155,0.6906731377704018,1570,365,1536,0.95,0.092862,0.6046525303114156,0.6975145303114156,0.0031964354582870213,0.0021263646094853194,0.0022511999999999996,0.0,0.0,0.6975145303114156,1.2,1.2,1.2,0.0,0.007793032839447631,0.007793032839447631,0.009351639407337157,0.0026532,0.0026531999999999997,4.0657581468206416e-19,0.006698439407337146,0.0,0.0,1.0001789272518682,0.733701070881452,1.0,0.69140625,0.9951538547251393,0.6720889072779426,0.9982377266003647,0.6754526255595503
16,16104,0.75,1.5,0.75,0.25,0.2,4,10,5,5,60,1.5,0.7,8.0,48.0,0.2,0.2,0.1,60,130.0,0.6770833333333334,2.1666666666666665,False,True,0.15,0.13333333333333333,1.95,8.5,8.266666666666667,590.0,solved_or_feasible,optimal,easy_or_medium,0.03085803985595703,2.6147470474243164,0.15321707725524902,0.009506951683356902,0.5630933288425681,0.5577400277720412,1716,365,1682,1.0,0.09284417745790022,0.47024915138466794,0.5630933288425681,0.0031764748257229196,0.0015944190204122285,0.0022511999999999996,0.0,0.0,0.5630933288425681,1.2,1.2,1.2,0.0,0.006738008156920961,0.006738008156920961,0.008085609788305154,0.0026532,0.002652690784511435,5.092154885653509e-07,0.005432711327560017,0.0,0.0,0.9995988281437044,0.6411921728343687,1.0,0.66796875,0.9949175922678046,0.6438637016768737,0.9988640897875719,0.6651809217045836
16,16105,0.75,1.5,0.75,0.25,0.2,4,10,5,5,60,1.5,0.7,8.0,48.0,0.2,0.2,0.1,59,144.0,0.75,2.3,True,True,0.11864406779661017,0.11864406779661017,2.169491525423729,8.0,7.508474576271187,499.0,solved_or_feasible,optimal,optimization_hard_runtime,0.02751016616821289,15.902992010116577,0.5709249973297119,0.0064078250169443286,0.660974473409108,0.6567390646428355,1534,364,1500,0.8333333333333334,0.092862,0.5681124734091079,0.6609744734091079,0.003156788259718559,0.0020322957921159726,0.0022511999999999996,0.0,0.0,0.6609744734091079,1.2,1.2,1.2,0.0,0.007305869149513897,0.007305869149513897,0.008767042979416675,0.0026532,0.0026532,2.710505431213761e-19,0.006113842979416671,0.0,0.0,1.0011574295536656,0.6890579891139705,1.0,0.7734375,0.9980940738809272,0.7658894745104758,0.9967260529688656,0.7534600778023484
17,17101,0.75,1.5,0.75,0.25,0.45,4,10,5,5,60,1.5,0.7,8.0,48.0,0.2,0.2,0.1,58,144.0,0.75,2.35,True,True,0.22413793103448276,0.1896551724137931,1.9827586206896552,8.5,8.413793103448276,596.0,solved_or_feasible,optimal,easy_or_medium,0.024956941604614258,1.0060791969299316,0.21866512298583984,0.007949599368142954,0.6413022980657233,0.6362042017222314,1546,363,1512,0.85,0.09286199999999989,0.5484402980657233,0.6413022980657231,0.003177640360786781,0.002231151175551039,0.0022511999999999996,0.0,0.0,0.6413022980657231,1.2,1.2,1.2,0.0,0.007343490491415434,0.007343490491415434,0.008812188589698521,0.0026532,0.0026531999999999966,3.74049749507499e-18,0.006158988589698519,0.0,0.0,0.9998547304123863,0.6663709913578992,1.0,0.76171875,0.9993075751403341,0.7434477486017068,0.9945663899918052,0.7270310254690726
17,17102,0.75,1.5,0.75,0.25,0.45,4,10,5,5,60,1.5,0.7,8.0,48.0,0.2,0.2,0.1,47,144.0,0.75,2.3666666666666667,True,True,0.14893617021276595,0.2765957446808511,2.297872340425532,8.0,7.9787234042553195,504.0,solved_or_feasible,optimal,easy_or_medium,0.04505610466003418,1.1652519702911377,0.1323859691619873,0.008588845564874907,0.6594676161674219,0.6538035506571237,1229,352,1195,0.8333333333333334,0.092862,0.5666056161674218,0.6594676161674218,0.0031185986025824464,0.002037408126514805,0.0022511999999999996,0.0,0.0,0.6594676161674218,1.2,1.2,1.2,0.0,0.007348224526927628,0.007348224526927628,0.008817869432313153,0.0026532,0.0026532,1.6263032587282567e-19,0.006164669432313137,0.0,0.0,1.0022563754450926,0.6524784942133603,1.0,0.75390625,0.991082902758565,0.7466127718344517,0.995437422486715,0.7370351228430685
17,17103,0.75,1.5,0.75,0.25,0.45,4,10,5,5,60,1.5,0.7,8.0,48.0,0.2,0.2,0.1,52,144.0,0.75,2.3333333333333335,True,True,0.09615384615384616,0.3076923076923077,2.076923076923077,8.0,8.038461538461538,569.0,solved_or_feasible,optimal,easy_or_medium,0.06954717636108398,1.5502851009368896,0.22319793701171875,0.009317217089369868,0.6701702359046503,0.6639261143298925,1473,357,1439,0.9666666666666667,0.09286199999999999,0.5773082359046504,0.6701702359046504,0.003116648830834768,0.002198103089618696,0.0022511999999999996,0.0,0.0,0.6701702359046504,1.2,1.2,1.2,0.0,0.007560994362452199,0.007560994362452199,0.009073193234942638,0.0026532,0.0026531999999999997,5.827586677109586e-19,0.006419993234942639,0.0,0.0,0.998834217142993,0.687160253038795,1.0,0.7265625,0.9975033388524308,0.7242760428282016,0.9993527546396649,0.7112837374542194
17,17104,0.75,1.5,0.75,0.25,0.45,4,10,5,5,60,1.5,0.7,8.0,48.0,0.2,0.2,0.1,52,145.0,0.7552083333333334,2.3666666666666667,True,True,0.17307692307692307,0.21153846153846154,2.173076923076923,8.0,7.980769230769231,536.0,solved_or_feasible,optimal,easy_or_medium,0.023611783981323242,1.5775201320648193,0.2343912124633789,0.009974511913677797,0.605634692005295,0.5995937815545516,1435,357,1401,0.8833333333333333,0.09286199999999999,0.5127726920052951,0.6056346920052951,0.003138684412815437,0.0021413868046352836,0.0022511999999999996,0.0,0.0,0.6056346920052951,1.2,1.2,1.2,0.0,0.0068979933734091056,0.0068979933734091056,0.008277592048090924,0.0026532,0.0026532,5.827586677109586e-19,0.005624392048090925,0.0,0.0,0.9988594010487042,0.6879615242952015,1.0,0.76953125,0.9970188721022433,0.7515015824805136,0.9841808883655956,0.7469771020817211
17,17105,0.75,1.5,0.75,0.25,0.45,4,10,5,5,60,1.5,0.7,8.0,48.0,0.2,0.2,0.1,53,145.0,0.7552083333333334,2.3833333333333333,True,True,0.2641509433962264,0.22641509433962265,2.0377358490566038,8.0,8.150943396226415,545.0,solved_or_feasible,optimal,easy_or_medium,0.02460002899169922,0.4320249557495117,0.13956594467163086,0.0069804684356987445,0.6677577315604681,0.6630964697926165,1260,358,1226,0.9833333333333333,0.092862,0.5748957315604681,0.6677577315604681,0.0031600642088769524,0.0020656971007621027,0.0022511999999999996,0.0,0.0,0.6677577315604681,1.2,1.2,1.2,0.0,0.007498214776256819,0.007498214776256819,0.008997857731508184,0.0026532,0.0026531999999999997,3.7947076036992655e-19,0.006344657731508183,0.0,0.0,0.9995852306009737,0.6925675760384418,1.0,0.734375,0.9997475798167914,0.696960562756886,0.9980419844882803,0.7193871291707208
18,18101,0.75,1.5,0.75,0.5,0.2,4,10,5,5,60,1.5,0.7,8.0,48.0,0.2,0.2,0.1,60,142.0,0.7395833333333334,2.35,False,True,0.35,0.11666666666666667,2.066666666666667,8.5,8.133333333333333,555.0,solved_or_feasible,optimal,proof_harder_than_feasibility,0.02500605583190918,7.06191086769104,0.36867594718933105,0.006959648311279598,0.6178420217171036,0.6135420585340225,1364,365,1330,0.95,0.092862,0.5249800217171037,0.6178420217171037,0.0031654630225487245,0.0022482362432956825,0.0022511999999999996,0.0,0.0,0.6178420217171037,1.2,1.2,1.2,0.0,0.007075199038977106,0.007075199038977106,0.008490238846772526,0.0026532,0.0026531999999999997,4.404571325722362e-19,0.005837038846772526,0.0,0.0,0.9997361830924606,0.6662235426121106,1.0,0.7265625,0.9969218772607936,0.7274192655150249,0.9980091783994025,0.7238613572784212
18,18102,0.75,1.5,0.75,0.5,0.2,4,10,5,5,60,1.5,0.7,8.0,48.0,0.2,0.2,0.1,60,140.0,0.7291666666666666,2.316666666666667,False,True,0.35,0.13333333333333333,2.033333333333333,8.0,8.166666666666666,551.0,solved_or_feasible,optimal,easy_or_medium,0.025705814361572266,1.0077190399169922,0.1506669521331787,0.008618015347699277,0.7152340785525693,0.7090701802864057,1431,365,1397,0.8833333333333333,0.092862,0.6223720785525693,0.7152340785525693,0.0030872059232675618,0.0022185014619436768,0.0022511999999999996,0.0,0.0,0.7152340785525693,1.2,1.2,1.2,0.0,0.007841690177146147,0.007841690177146147,0.009410028212575375,0.0026532,0.0026532,2.710505431213761e-19,0.006756828212575373,0.0,0.0,0.9948920935175252,0.727141615226415,1.0,0.73828125,0.9997291564029467,0.7240201039018621,0.9971460930360231,0.7185879722504301
18,18103,0.75,1.5,0.75,0.5,0.2,4,10,5,5,60,1.5,0.7,8.0,48.0,0.2,0.2,0.1,60,132.0,0.6875,2.183333333333333,False,True,0.5166666666666667,0.05,2.0833333333333335,8.0,8.35,542.0,solved_or_feasible,optimal,easy_or_medium,0.024757862091064453,2.5648860931396484,0.09071707725524902,0.009852196769232907,0.5675002598086648,0.561909135582439,1289,365,1255,0.9833333333333333,0.0928611866476256,0.47463907316103915,0.5675002598086647,0.003192467458674967,0.0022210651163408627,0.0022511999999999996,0.0,0.0,0.5675002598086647,1.2,1.2,1.2,0.0,0.006746257940535528,0.006746257940535528,0.008095509528642634,0.0026532,0.002653176761360732,2.323863926834949e-08,0.005442309528642633,0.0,0.0,1.0001135437562976,0.6395465295857378,1.0,0.6796875,0.9967169950197705,0.6726416525947402,0.9986058363648188,0.6837923108060902
18,18104,0.75,1.5,0.75,0.5,0.2,4,10,5,5,60,1.5,0.7,8.0,48.0,0.2,0.2,0.1,60,138.0,0.71875,2.2666666666666666,False,True,0.31666666666666665,0.15,2.0166666666666666,8.0,8.116666666666667,567.0,solved_or_feasible,optimal,easy_or_medium,0.02520585060119629,1.6261701583862305,0.25627613067626953,0.009012755861452731,0.6404991610550951,0.6347264984870402,1387,365,1353,0.9166666666666666,0.0928575258638609,0.5476416351912341,0.640499161055095,0.0031472267357486186,0.0021314001910290414,0.0022511999999999996,0.0,0.0,0.640499161055095,1.2,1.2,1.2,0.0,0.0073271269395212306,0.0073271269395212306,0.008792552327425478,0.0026532,0.0026530721675388823,1.2783246111804482e-07,0.006139352327425476,0.0,0.0,1.0007609075066544,0.7017114660638947,1.0,0.734375,0.9999504874095035,0.7170368603497277,0.9984225826925597,0.7171679371671524
18,18105,0.75,1.5,0.75,0.5,0.2,4,10,5,5,60,1.5,0.7,8.0,48.0,0.2,0.2,0.1,60,141.0,0.734375,2.316666666666667,False,True,0.36666666666666664,0.08333333333333333,2.1166666666666667,8.0,8.25,528.0,solved_or_feasible,optimal,easy_or_medium,0.023407697677612305,2.02775502204895,0.33661389350891113,0.008427813350526532,0.6599930280186045,0.6544307299658149,1411,365,1377,0.9,0.09286200000000001,0.5671310280186046,0.6599930280186046,0.003142594461220731,0.002147262202095964,0.0022511999999999996,0.0,0.0,0.6599930280186046,1.2,1.2,1.2,0.0,0.007409785956902018,0.007409785956902018,0.008891743148282422,0.0026532,0.0026532,2.303929616531697e-19,0.0062385431482824185,0.0,0.0,0.9976824470315944,0.7069515552178269,1.0,0.734375,0.9819065091774262,0.7278978755394621,0.9983666642864324,0.7351526237601395
19,19101,0.75,1.5,0.75,0.5,0.45,4,10,5,5,60,1.5,0.7,8.0,48.0,0.2,0.2,0.1,58,144.0,0.75,2.3833333333333333,True,True,0.41379310344827586,0.22413793103448276,1.9827586206896552,8.0,7.844827586206897,614.0,solved_or_feasible,optimal,proof_harder_than_feasibility,0.021172046661376953,3.1980440616607666,0.41715002059936523,0.008337658087324734,0.7614113408807657,0.7550629534566904,1163,363,1129,0.9666666666666667,0.09286200000000001,0.6685493408807657,0.7614113408807657,0.003196112632644223,0.0022404955198114186,0.0022511999999999996,0.0,0.0,0.7614113408807657,1.2,1.2,1.2,0.0,0.008254825913970433,0.008254825913970433,0.009905791096764519,0.0026532,0.0026532000000000005,6.505213034913027e-19,0.0072525910967645175,0.0,0.0,0.9977746055785381,0.7557526088020303,1.0,0.75390625,0.9984537250262573,0.7328521788199933,0.9981743241885699,0.7362999542481521
19,19102,0.75,1.5,0.75,0.5,0.45,4,10,5,5,60,1.5,0.7,8.0,48.0,0.2,0.2,0.1,52,144.0,0.75,2.4,True,True,0.4230769230769231,0.2692307692307692,2.1153846153846154,8.5,8.115384615384615,577.0,solved_or_feasible,optimal,easy_or_medium,0.03667306900024414,0.9003391265869141,0.12406802177429199,0.009978940087154865,0.6002802716983013,0.5942901108315229,1103,357,1069,0.9,0.09286199999999994,0.5074182716983012,0.6002802716983011,0.0028781525473214067,0.0021398247540035985,0.0022511999999999996,0.0,0.0,0.6002802716983011,1.2,1.2,1.2,0.0,0.006807621627444173,0.006807621627444173,0.008169145952933006,0.0026532,0.0026531999999999984,2.1141942363467336e-18,0.005515945952932999,0.0,0.0,0.9998974302921747,0.6329626873415052,1.0,0.73046875,0.9966556662311218,0.729869316526355,0.9987628614136795,0.7215929128787504
19,19103,0.75,1.5,0.75,0.5,0.45,4,10,5,5,60,1.5,0.7,8.0,48.0,0.2,0.2,0.1,48,145.0,0.7552083333333334,2.3833333333333333,True,True,0.4166666666666667,0.3333333333333333,2.0416666666666665,8.0,8.041666666666666,543.0,solved_or_feasible,optimal,easy_or_medium,0.018575191497802734,0.9586288928985596,0.40651702880859375,0.009792582325480434,0.648528999368671,0.6421782257518919,972,353,938,0.8666666666666667,0.09286200000000001,0.5556669993686709,0.6485289993686709,0.003060160731055044,0.00219470347651195,0.0022511999999999996,0.0,0.0,0.6485289993686709,1.2,1.2,1.2,0.0,0.007071114450155298,0.007071114450155298,0.008485337340186357,0.0026532,0.0026532,1.0842021724855044e-19,0.005832137340186358,0.0,0.0,0.9926626683014845,0.6745981321281237,1.0,0.7265625,0.9974552891458652,0.7412802579554761,0.9960504544612804,0.7232588832234217
19,19104,0.75,1.5,0.75,0.5,0.45,4,10,5,5,60,1.5,0.7,8.0,48.0,0.2,0.2,0.1,46,144.0,0.75,2.35,True,True,0.5217391304347826,0.2826086956521739,2.3043478260869565,8.0,8.152173913043478,505.0,solved_or_feasible,optimal,easy_or_medium,0.01800990104675293,0.9045460224151611,0.10653400421142578,0.00798459066403353,0.6393991656807778,0.6342938250718922,822,351,788,0.7833333333333333,0.09286200000000001,0.5465371656807778,0.6393991656807778,0.0031306937847137444,0.0020396681946511456,0.0022511999999999996,0.0,0.0,0.6393991656807778,1.2,1.2,1.2,0.0,0.006999900849030889,0.006999900849030889,0.008399881018837065,0.0026532,0.0026532,1.0842021724855044e-19,0.005746681018837066,0.0,0.0,0.9967190829144194,0.7105822437464617,1.0,0.75390625,0.9805778723386716,0.7562198646815091,0.9962066458858926,0.7360640723118719
19,19105,0.75,1.5,0.75,0.5,0.45,4,10,5,5,60,1.5,0.7,8.0,48.0,0.2,0.2,0.1,60,139.0,0.7239583333333334,2.3,False,True,0.45,0.21666666666666667,1.7333333333333334,9.0,8.716666666666667,688.0,solved_or_feasible,optimal,easy_or_medium,0.022493839263916016,1.1769959926605225,0.13535404205322266,0.007733735375466104,0.5956919920851024,0.5910850678530319,1283,365,1249,0.9333333333333333,0.0928618610107553,0.502830131074347,0.5956919920851024,0.0031961210351274553,0.00198144875165017,0.0022511999999999996,0.0,0.0,0.5956919920851024,1.2,1.2,1.2,0.0,0.006775112007611481,0.006775112007611481,0.008130134409133776,0.0026532,0.0026531960288787232,3.97112127740757e-09,0.005476876337485728,0.0,0.0,1.0007386043966713,0.6534610721864216,1.0,0.6953125,0.9998806212189004,0.6766144395520396,0.9991488165873861,0.7024207434106544
20,20101,0.75,1.9,0.75,0.25,0.2,4,10,5,5,60,1.5,0.7,8.0,48.0,0.2,0.2,0.1,58,145.0,0.7552083333333334,2.4166666666666665,True,True,0.3275862068965517,0.10344827586206896,2.1724137931034484,8.0,8.068965517241379,523.0,solved_or_feasible,optimal,proof_harder_than_feasibility,0.027159690856933594,5.080384969711304,0.3667418956756592,0.008329225511549397,0.7065022557465509,0.7006176391340195,1408,363,1374,0.9833333333333333,0.09286200000000003,0.6136402557465508,0.7065022557465508,0.003184292745898709,0.0022513950399804016,0.0022511999999999996,1.9503998040194467e-07,0.00015603198432155574,0.7066582877308724,1.2,1.2,1.2,0.0,0.007862263425073429,0.007862263425073429,0.009434716110088115,0.0026532,0.0026532,1.6263032587282567e-19,0.0067815161100881075,0.0,0.0,1.0030594606263536,0.7324461738663115,1.0,0.73828125,0.9938893033781291,0.7329095088449307,0.9987800407286587,0.7363088669380412
20,20102,0.75,1.9,0.75,0.25,0.2,4,10,5,5,60,1.5,0.7,8.0,48.0,0.2,0.2,0.1,60,145.0,0.7552083333333334,2.4,True,True,0.2833333333333333,0.08333333333333333,2.183333333333333,8.0,8.25,533.0,solved_or_feasible,optimal,proof_harder_than_feasibility,0.03692126274108887,3.670370101928711,0.8619520664215088,0.008040482809578708,0.6630608065162978,0.6577294774997982,1531,365,1497,0.9666666666666667,0.09286199999999997,0.5701988065162978,0.6630608065162978,0.003163419641862673,0.0021346655982499834,0.0022511999999999996,0.0,0.0,0.6630608065162978,1.2,1.2,1.2,0.0,0.007463807464299249,0.007463807464299249,0.008956568957159098,0.0026532,0.0026531999999999997,7.724940478959219e-19,0.006303368957159099,0.0,0.0,0.9995126464752406,0.7317803465180504,1.0,0.7421875,0.99921484934386,0.7395150313658663,0.9981156216830757,0.7371582368095377
20,20103,0.75,1.9,0.75,0.25,0.2,4,10,5,5,60,1.5,0.7,8.0,48.0,0.2,0.2,0.1,60,135.0,0.703125,2.216666666666667,False,True,0.15,0.11666666666666667,1.9666666666666666,8.5,8.4,580.0,solved_or_feasible,optimal,proof_harder_than_feasibility,0.028138160705566406,6.4221179485321045,0.16522598266601562,0.009741906291200165,0.636139921126789,0.6299427056270803,1743,365,1709,0.8833333333333333,0.09286138062692464,0.5432785404998641,0.6361399211267887,0.003174498637490149,0.00202993732649394,0.0022511999999999996,0.0,0.0,0.6361399211267887,1.2,1.2,1.2,0.0,0.0072648314377449525,0.0072648314377449525,0.008717797725293942,0.0026532,0.0026531823036264187,1.769637358181521e-08,0.006064381043688756,0.0,0.0,1.0015625198584477,0.6942213126953594,1.0,0.71484375,0.999918761751267,0.697837854241221,0.9980455997854275,0.7038955881265789
20,20104,0.75,1.9,0.75,0.25,0.2,4,10,5,5,60,1.5,0.7,8.0,48.0,0.2,0.2,0.1,60,134.0,0.6979166666666666,2.2333333333333334,False,True,0.25,0.03333333333333333,2.15,8.0,8.15,505.0,solved_or_feasible,optimal,easy_or_medium,0.027486324310302734,0.6032378673553467,0.25296902656555176,0.007186226965822946,0.61451765273611,0.6101015894090436,1594,365,1560,0.9,0.09286200000000001,0.5216556527361099,0.6145176527361099,0.0031189984394521066,0.002202520837201746,0.0022511999999999996,0.0,0.0,0.6145176527361099,1.2,1.2,1.2,0.0,0.007001520949154476,0.007001520949154476,0.00840182513898537,0.0026532,0.0026532,1.6263032587282567e-19,0.00574862513898537,0.0,0.0,0.9993450392804661,0.6357695632441556,1.0,0.671875,0.9929894818773843,0.6707693010017148,0.9984068374111376,0.6686492132783033
20,20105,0.75,1.9,0.75,0.25,0.2,4,10,5,5,60,1.5,0.7,8.0,48.0,0.2,0.2,0.1,60,141.0,0.734375,2.2666666666666666,False,True,0.26666666666666666,0.13333333333333333,2.05,8.0,8.066666666666666,545.0,solved_or_feasible,optimal,optimization_hard_runtime,0.026355981826782227,18.312789916992188,0.20812487602233887,0.009741812609363111,0.7457741227614407,0.7385089310085866,1476,365,1442,0.8,0.09286199999999999,0.652912122761441,0.745774122761441,0.003087883292572603,0.0021908273969590544,0.0022511999999999996,0.0,0.0,0.745774122761441,1.2,1.2,1.2,0.0,0.008123882019285805,0.008123882019285805,0.009748658423142965,0.0026532,0.0026531999999999997,7.047314121155779e-19,0.007095458423142964,0.0,0.0,1.0003315607536585,0.7449978974352457,1.0,0.7265625,0.9959547407095999,0.7210004707856861,0.9975363387418898,0.7113280272755567
21,21101,0.75,1.9,0.75,0.25,0.45,4,10,5,5,60,1.5,0.7,8.0,48.0,0.2,0.2,0.1,50,144.0,0.75,2.35,True,True,0.34,0.24,2.22,9.0,8.16,519.0,solved_or_feasible,optimal,easy_or_medium,0.02319812774658203,0.642146110534668,0.10150814056396484,0.008894292937519676,0.6260921907588254,0.6205235434083229,1142,355,1108,0.9666666666666667,0.09286200000000003,0.5332301907588253,0.6260921907588253,0.0031501156683696905,0.001842559452327596,0.0022511999999999996,0.0,0.0,0.6260921907588253,1.2,1.2,1.2,0.0,0.007207405597727887,0.007207405597727887,0.008648886717273464,0.0026532,0.0026532,1.0842021724855044e-19,0.005995686717273465,0.0,0.0,0.997691026783463,0.6707600179029265,1.0,0.7265625,0.9990455457166378,0.7133718137300028,0.9971074025079011,0.7271349711365624
21,21102,0.75,1.9,0.75,0.25,0.45,4,10,5,5,60,1.5,0.7,8.0,48.0,0.2,0.2,0.1,60,144.0,0.75,2.3666666666666667,True,True,0.25,0.18333333333333332,2.0166666666666666,9.0,8.4,644.0,solved_or_feasible,optimal,proof_harder_than_feasibility,0.038935184478759766,8.05087399482727,0.3373229503631592,0.009991539466206562,0.70210215139943,0.6950870700444141,1502,365,1468,0.85,0.092862,0.6092401513994299,0.7021021513994299,0.0031701076893931404,0.00222157687915939,0.0022511999999999996,0.0,0.0,0.7021021513994299,1.2,1.2,1.2,0.0,0.007781721523125962,0.007781721523125962,0.009338065827751154,0.0026532,0.0026532,3.5236570605778894e-19,0.006684865827751152,0.0,0.0,0.9992595420587718,0.7449753992944179,1.0,0.765625,0.9989993191135219,0.7461915122409648,0.9961871996131729,0.7573989425450106
21,21103,0.75,1.9,0.75,0.25,0.45,4,10,5,5,60,1.5,0.7,8.0,48.0,0.2,0.2,0.1,51,145.0,0.7552083333333334,2.3833333333333333,True,True,0.19607843137254902,0.23529411764705882,2.196078431372549,8.0,7.882352941176471,515.0,solved_or_feasible,optimal,easy_or_medium,0.022497892379760742,1.2526350021362305,0.2038710117340088,0.008500502431598804,0.7104050112788036,0.7043662117530082,1270,356,1236,0.9166666666666666,0.092862,0.6175430112788036,0.7104050112788036,0.003053016323664255,0.0022005171707435165,0.0022511999999999996,0.0,0.0,0.7104050112788036,1.2,1.2,1.2,0.0,0.007818714042680027,0.007818714042680027,0.009382456851216033,0.0026532,0.0026531999999999997,3.7947076036992655e-19,0.006729256851216032,0.0,0.0,0.9960889359835472,0.743875793989247,1.0,0.75390625,0.9986668167442085,0.7397588192399738,0.9969558863380764,0.7523185950411717
21,21104,0.75,1.9,0.75,0.25,0.45,4,10,5,5,60,1.5,0.7,8.0,48.0,0.2,0.2,0.1,52,144.0,0.75,2.4,True,True,0.25,0.28846153846153844,2.1346153846153846,8.0,8.26923076923077,583.0,solved_or_feasible,optimal,proof_harder_than_feasibility,0.023973941802978516,6.874939203262329,0.767376184463501,0.009995889565724943,0.6658977005268556,0.659241460650319,1321,357,1287,1.0,0.09286200000000001,0.5730357005268556,0.6658977005268556,0.003121634670976672,0.0019488622347354433,0.0022511999999999996,0.0,0.0,0.6658977005268556,1.2,1.2,1.2,0.0,0.007528336795054963,0.007528336795054963,0.009034004154065953,0.0026532,0.0026531999999999997,2.439454888092385e-19,0.006380804154065953,0.0,0.0,0.9986231950479676,0.6928643435188868,1.0,0.75,0.9979539698141494,0.7390418446151698,0.9994764622365938,0.7360668314454621
21,21105,0.75,1.9,0.75,0.25,0.45,4,10,5,5,60,1.5,0.7,8.0,48.0,0.2,0.2,0.1,46,144.0,0.75,2.4,True,True,0.2826086956521739,0.32608695652173914,2.3260869565217392,9.0,8.41304347826087,552.0,solved_or_feasible,optimal,easy_or_medium,0.023360729217529297,1.3956940174102783,0.20586609840393066,0.008493882002761088,0.5808293355313149,0.5758958396915698,1131,351,1097,1.0,0.0928576191857203,0.48797171634559444,0.5808293355313148,0.0031703087349877483,0.0020744610543966943,0.0022511999999999996,0.0,0.0,0.5808293355313148,1.2,1.2,1.2,0.0,0.006869362981683835,0.006869362981683835,0.008243235578020602,0.0026532,0.002653074833877723,1.2516612227744968e-07,0.005590160744142879,0.0,0.0,0.9946321358605846,0.6648192887057057,1.0,0.71484375,0.9985540865524225,0.700181155137377,0.9961145044435629,0.6944349191775825
22,22101,0.75,1.9,0.75,0.5,0.2,4,10,5,5,60,1.5,0.7,8.0,48.0,0.2,0.2,0.1,59,144.0,0.75,2.3833333333333333,True,True,0.423728813559322,0.1016949152542373,2.169491525423729,8.0,8.186440677966102,551.0,solved_or_feasible,optimal,easy_or_medium,0.02615499496459961,1.7195429801940918,0.1767280101776123,0.007238503160613678,0.7145365056523754,0.7093643308978368,1267,364,1233,1.0,0.09286200000000001,0.6216745056523754,0.7145365056523754,0.0031667776878529365,0.002208881036150023,0.0022511999999999996,0.0,0.0,0.7145365056523754,1.2,1.2,1.2,0.0,0.007916754060805302,0.007916754060805302,0.009500104872966363,0.0026532,0.0026531999999999997,3.5236570605778894e-19,0.00684690487296635,0.0,0.0,1.0020067603522826,0.6992385300798796,1.0,0.75390625,0.9988319216028749,0.731734757206846,0.9946496256348261,0.7329885904859537
22,22102,0.75,1.9,0.75,0.5,0.2,4,10,5,5,60,1.5,0.7,8.0,48.0,0.2,0.2,0.1,58,144.0,0.75,2.35,True,True,0.5517241379310345,0.13793103448275862,2.189655172413793,8.0,8.224137931034482,547.0,solved_or_feasible,optimal,easy_or_medium,0.02405524253845215,1.5454020500183105,0.1361219882965088,0.008174457484278216,0.6843534077941721,0.6787591899579377,1075,363,1041,0.95,0.0928449174704788,0.5915084903236933,0.6843534077941722,0.0031922807588137918,0.0022212764924647538,0.0022511999999999996,0.0,0.0,0.6843534077941722,1.2,1.2,1.2,0.0,0.007665116320960036,0.007665116320960036,0.009198139585152042,0.0026532,0.002652711927727965,4.880722720349679e-07,0.006544939585152043,0.0,0.0,1.002903503840137,0.7193821269769709,1.0,0.7421875,0.999650367865024,0.7101439701417538,0.9986200185775305,0.739120725808108
22,22103,0.75,1.9,0.75,0.5,0.2,4,10,5,5,60,1.5,0.7,8.0,48.0,0.2,0.2,0.1,60,140.0,0.7291666666666666,2.316666666666667,False,True,0.4666666666666667,0.08333333333333333,2.1333333333333333,8.0,8.033333333333333,534.0,solved_or_feasible,optimal,easy_or_medium,0.028897762298583984,2.323198080062866,0.24852204322814941,0.009005590460858567,0.6089349277921678,0.6034511092151591,1265,365,1231,0.9833333333333333,0.0928581466743442,0.5160767811178235,0.6089349277921677,0.0031860065381299598,0.0021427942943923017,0.0022511999999999996,0.0,0.0,0.6089349277921677,1.2,1.2,1.2,0.0,0.007066111969910915,0.007066111969910915,0.008479334363893098,0.0026532,0.0026530899049812626,1.1009501873750433e-07,0.005826134363893097,0.0,0.0,1.0009312450844512,0.6621853068789658,1.0,0.71484375,0.9996105007867809,0.7033420374512475,0.9984859957194887,0.7031042022772752
22,22104,0.75,1.9,0.75,0.5,0.2,4,10,5,5,60,1.5,0.7,8.0,48.0,0.2,0.2,0.1,57,145.0,0.7552083333333334,2.3333333333333335,True,True,0.43859649122807015,0.10526315789473684,2.1403508771929824,7.0,8.035087719298245,517.0,solved_or_feasible,optimal,easy_or_medium,0.027338027954101562,1.1520700454711914,0.3152940273284912,0.004764736902170694,0.7080509292483094,0.7046772528571037,1229,362,1195,0.95,0.092862,0.6151889292483095,0.7080509292483095,0.003132792572678281,0.0021853029144072843,0.0022511999999999996,0.0,0.0,0.7080509292483095,1.2,1.2,1.2,0.0,0.007774257933429488,0.007774257933429488,0.009329109520115387,0.0026532,0.0026532,4.0657581468206416e-19,0.00667590952011538,0.0,0.0,1.0014243131011094,0.7347456393085086,1.0,0.765625,0.99126814374459,0.74667201141031,0.997429077444069,0.7560526884086862
22,22105,0.75,1.9,0.75,0.5,0.2,4,10,5,5,60,1.5,0.7,8.0,48.0,0.2,0.2,0.1,60,136.0,0.7083333333333334,2.216666666666667,False,True,0.6,0.13333333333333333,1.9666666666666666,8.0,8.366666666666667,588.0,solved_or_feasible,optimal,easy_or_medium,0.02508091926574707,1.5840160846710205,0.12087607383728027,0.009951794326540631,0.6781667172146103,0.6714177415257853,1074,365,1040,0.8833333333333333,0.09286199999999997,0.5853047172146102,0.6781667172146102,0.0031198239075133313,0.0021208550928403674,0.0022511999999999996,0.0,0.0,0.6781667172146102,1.2,1.2,1.2,0.0,0.007596893595115719,0.007596893595115719,0.009116272314138862,0.0026532,0.0026531999999999997,7.589415207398531e-19,0.006463072314138862,0.0,0.0,0.9981976860292562,0.6941692814557443,1.0,0.69921875,0.9930889901240927,0.6713530596638555,0.9977363709369227,0.684557409540768
23,23101,0.75,1.9,0.75,0.5,0.45,4,10,5,5,60,1.5,0.7,8.0,48.0,0.2,0.2,0.1,53,144.0,0.75,2.3666666666666667,True,True,0.5849056603773585,0.24528301886792453,2.1132075471698113,9.0,8.358490566037736,575.0,solved_or_feasible,optimal,easy_or_medium,0.02296304702758789,0.6791539192199707,0.09348392486572266,0.004372273469967815,0.691560989928443,0.6885372961593141,977,358,943,0.95,0.09286200000000001,0.5986989899284428,0.6915609899284428,0.0031991895690614493,0.002245905663541663,0.0022511999999999996,0.0,0.0,0.6915609899284428,1.2,1.2,1.2,0.0,0.007665718668904294,0.007665718668904294,0.009198862402685153,0.0026532,0.0026532,2.168404344971009e-19,0.006545662402685152,0.0,0.0,0.9999965982019257,0.6890767674109096,1.0,0.71875,0.9985822386369736,0.6953131476513054,0.9995951928054208,0.7002017251843436
23,23102,0.75,1.9,0.75,0.5,0.45,4,10,5,5,60,1.5,0.7,8.0,48.0,0.2,0.2,0.1,54,144.0,0.75,2.3666666666666667,True,True,0.46296296296296297,0.2962962962962963,1.9074074074074074,8.5,8.296296296296296,597.0,solved_or_feasible,optimal,easy_or_medium,0.023231983184814453,1.7168660163879395,0.195267915725708,0.005932029417469737,0.6946506590579089,0.6905299709135126,1074,359,1040,0.9166666666666666,0.09286199999999944,0.6017886590579093,0.6946506590579088,0.0031671127310940184,0.0022041386214726568,0.0022511999999999996,0.0,0.0,0.6946506590579088,1.2,1.2,1.2,0.0,0.007685173300076243,0.007685173300076243,0.009222207960091492,0.0026532,0.002653199999999984,1.610040226140974e-17,0.006569007960091504,0.0,0.0,1.0000386083846977,0.672421524488392,1.0,0.72265625,0.9974585575547603,0.7064454042782708,0.9958564656334432,0.70647993559773
23,23103,0.75,1.9,0.75,0.5,0.45,4,10,5,5,60,1.5,0.7,8.0,48.0,0.2,0.2,0.1,60,143.0,0.7447916666666666,2.316666666666667,False,True,0.2833333333333333,0.25,1.8166666666666667,9.0,8.6,660.0,solved_or_feasible,optimal,easy_or_medium,0.026180028915405273,0.9453239440917969,0.17326593399047852,0.009211502351097557,0.6418503050556857,0.6359378994616126,1532,365,1498,0.95,0.09286070273033203,0.5489896023253538,0.6418503050556859,0.0030613250555787085,0.002127739518659514,0.0022511999999999996,0.0,0.0,0.6418503050556859,1.2,1.2,1.2,0.0,0.007234365904515251,0.007234365904515251,0.008681239085418301,0.0026532,0.0026531629351523433,3.7064847656852976e-08,0.006028039085418301,0.0,0.0,0.9978311949309228,0.6842373180195775,1.0,0.75,0.9984068458589032,0.7371692710862079,0.999741995837919,0.7204609212713925
23,23104,0.75,1.9,0.75,0.5,0.45,4,10,5,5,60,1.5,0.7,8.0,48.0,0.2,0.2,0.1,52,144.0,0.75,2.3333333333333335,True,True,0.4230769230769231,0.3076923076923077,2.076923076923077,8.0,8.173076923076923,559.0,solved_or_feasible,optimal,proof_harder_than_feasibility,0.02585005760192871,9.243143081665039,0.4981398582458496,0.009758052915723346,0.7632295617625975,0.7557819273120737,1130,357,1096,0.9166666666666666,0.092862,0.6703675617625974,0.7632295617625974,0.002999843875500028,0.0022380154500492573,0.0022511999999999996,0.0,0.0,0.7632295617625974,1.2,1.2,1.2,0.0,0.008119523351929461,0.008119523351929461,0.009743428022315353,0.0026532,0.0026531999999999997,5.963111948670274e-19,0.007090228022315354,0.0,0.0,0.9993715185492105,0.7139134964261703,1.0,0.74609375,0.9947303622422339,0.7197531555288925,0.9986243004807509,0.7284471300434487
23,23105,0.75,1.9,0.75,0.5,0.45,4,10,5,5,60,1.5,0.7,8.0,48.0,0.2,0.2,0.1,49,146.0,0.7604166666666666,2.4166666666666665,True,True,0.5918367346938775,0.24489795918367346,2.163265306122449,8.0,8.122448979591837,536.0,solved_or_feasible,optimal,easy_or_medium,0.019530057907104492,0.796349048614502,0.5913310050964355,0.007275333550873414,0.7249750358782231,0.7197006006761526,798,354,764,0.9166666666666666,0.092862,0.6321130358782232,0.7249750358782232,0.0031305438809029348,0.002246607621445114,0.0022511999999999996,0.0,0.0,0.7249750358782232,1.2,1.2,1.2,0.0,0.00781444651414097,0.00781444651414097,0.009377335816969163,0.0026532,0.0026532,2.981555974335137e-19,0.0067241358169691625,0.0,0.0,0.9996822769832829,0.741982744980207,1.0,0.75390625,0.9932242215060043,0.7544928833744297,0.9872373167554245,0.7337368018153307
24,24101,0.85,1.1,0.75,0.25,0.2,4,10,5,5,60,1.5,0.7,8.0,48.0,0.2,0.2,0.1,60,152.0,0.7916666666666666,2.45,False,True,0.3,0.13333333333333333,2.15,8.0,7.966666666666667,567.0,solved_or_feasible,optimal,easy_or_medium,0.03826308250427246,2.1751339435577393,0.22493791580200195,0.009957590148089146,0.7229321930062962,0.7157335305234802,1465,365,1431,0.95,0.09286200000000001,0.6300701930062961,0.7229321930062961,0.0031937157834249757,0.002242993968076916,0.0022511999999999996,0.0,0.0,0.7229321930062961,1.2,1.2,1.2,0.0,0.007958273856701111,0.007958273856701111,0.009549928628041333,0.0026532,0.0026532,2.168404344971009e-19,0.006896728628041325,0.0,0.0,1.0005868554027382,0.7373320127659386,1.0,0.796875,0.9932574054382219,0.7655243509260928,0.998484402127573,0.7790638184184159
24,24102,0.85,1.1,0.75,0.25,0.2,4,10,5,5,60,1.5,0.7,8.0,48.0,0.2,0.2,0.1,60,135.0,0.703125,2.2333333333333334,False,True,0.23333333333333334,0.1,2.05,8.0,8.283333333333333,546.0,solved_or_feasible,optimal,easy_or_medium,0.04536890983581543,2.4276368618011475,0.1658618450164795,0.006728463509615693,0.6393144074513284,0.6350128037896206,1590,365,1556,0.9166666666666666,0.092862,0.5464524074513284,0.6393144074513284,0.0032076109503856253,0.0019703486453819595,0.0022511999999999996,0.0,0.0,0.6393144074513284,1.2,1.2,1.2,0.0,0.007298312625686605,0.007298312625686605,0.008757975150823926,0.0026532,0.0026531999999999997,5.421010862427522e-19,0.006104775150823926,0.0,0.0,1.00249682101528,0.6698742303349983,1.0,0.703125,0.9956931736086535,0.6870090155106086,0.9941496875721793,0.6938199443944502
24,24103,0.85,1.1,0.75,0.25,0.2,4,10,5,5,60,1.5,0.7,8.0,48.0,0.2,0.2,0.1,60,152.0,0.7916666666666666,2.5166666666666666,False,True,0.25,0.16666666666666666,2.066666666666667,8.0,8.5,623.0,solved_or_feasible,optimal,easy_or_medium,0.02667093276977539,6.246112823486328,1.9301488399505615,0.009187097706674783,0.7357660366071105,0.7290064821395481,1577,365,1543,0.9666666666666667,0.09286199999999997,0.6429040366071104,0.7357660366071104,0.003142203335549648,0.002213325480392117,0.0022511999999999996,0.0,0.0,0.7357660366071104,1.2,1.2,1.2,0.0,0.007886483786705227,0.007886483786705227,0.009463780544046271,0.0026532,0.0026531999999999997,8.673617379884035e-19,0.006810580544046272,0.0,0.0,0.9978648554161977,0.7749102723165537,1.0,0.80078125,0.9977021375919479,0.7989663563411686,0.9961531706158339,0.7953128038530213
24,24104,0.85,1.1,0.75,0.25,0.2,4,10,5,5,60,1.5,0.7,8.0,48.0,0.2,0.2,0.1,60,145.0,0.7552083333333334,2.3666666666666667,False,True,0.18333333333333332,0.1,2.183333333333333,8.0,7.966666666666667,527.0,solved_or_feasible,optimal,easy_or_medium,0.0278470516204834,7.876919984817505,3.1782050132751465,0.00931549132881374,0.6860939913970286,0.6797026887694184,1647,365,1613,0.95,0.09286199999999117,0.5932319913970376,0.6860939913970288,0.0031947969391233413,0.0022259097797272713,0.0022511999999999996,0.0,0.0,0.6860939913970288,1.2,1.2,1.2,0.0,0.007665170316551562,0.007665170316551562,0.009198204379861874,0.0026532,0.0026531999999997473,2.5282239409646357e-16,0.0065447829021296295,0.0,0.0,0.9950120322120805,0.7074223638390915,1.0,0.76953125,0.9954432115355973,0.7505975418091442,0.9992345979566659,0.7626953811465229
24,24105,0.85,1.1,0.75,0.25,0.2,4,10,5,5,60,1.5,0.7,8.0,48.0,0.2,0.2,0.1,60,151.0,0.7864583333333334,2.4833333333333334,False,True,0.26666666666666666,0.16666666666666666,2.066666666666667,8.0,7.916666666666667,582.0,solved_or_feasible,optimal,proof_harder_than_feasibility,0.026852846145629883,5.8850178718566895,0.21511602401733398,0.00750117333144453,0.6088951672940024,0.6043277391034512,1425,365,1391,1.0,0.0928423317135032,0.5160528355804991,0.6088951672940023,0.003188475550664236,0.0020699222501733695,0.0022511999999999996,0.0,0.0,0.6088951672940023,1.2,1.2,1.2,0.0,0.0070889244098581855,0.0070889244098581855,0.008506709291829824,0.0026532,0.0026526380489572347,5.61951042766021e-07,0.0058538374839723,0.0,0.0,1.0009288377206642,0.6904814239994304,1.0,0.75,0.9976253527424961,0.7269942521392512,0.9992428755419206,0.7357941232171346
25,25101,0.85,1.1,0.75,0.25,0.45,4,10,5,5,60,1.5,0.7,8.0,48.0,0.2,0.2,0.1,60,164.0,0.8541666666666666,2.6666666666666665,True,True,0.13333333333333333,0.25,2.1,8.5,8.083333333333334,631.0,solved_or_feasible,optimal,easy_or_medium,0.02243185043334961,1.9154820442199707,0.5020978450775146,0.0012286227868686856,0.7501371139459012,0.7492154783944314,1575,365,1541,0.8333333333333334,0.092862,0.6572751139459013,0.7501371139459013,0.0031707250008086805,0.002250060439291445,0.0022511999999999996,0.0,0.0,0.7501371139459013,1.2,1.2,1.2,0.0,0.008141945915030625,0.008141945915030625,0.00977033509803675,0.0026532,0.0026532,2.168404344971009e-19,0.00711713509803675,0.0,0.0,0.9978697417515475,0.7814931255446063,1.0,0.87890625,0.9924165811417349,0.8412263613505976,0.9941555470506085,0.8422836022196272
25,25102,0.85,1.1,0.75,0.25,0.45,4,10,5,5,60,1.5,0.7,8.0,48.0,0.2,0.2,0.1,60,153.0,0.796875,2.5,False,True,0.2,0.23333333333333334,2.033333333333333,8.0,8.166666666666666,651.0,solved_or_feasible,optimal,proof_harder_than_feasibility,0.027247905731201172,3.2630090713500977,0.21169805526733398,0.009967555543288053,0.6530606670096687,0.6465512485381131,1555,365,1521,0.9333333333333333,0.09285661776492873,0.56020404924474,0.6530606670096687,0.0031660821073749472,0.0021513944385913447,0.0022511999999999996,0.0,0.0,0.6530606670096687,1.2,1.2,1.2,0.0,0.007391581001106011,0.007391581001106011,0.008869897201327213,0.0026532,0.0026530462218551064,1.537781448935423e-07,0.006216655938548523,0.0,0.0,1.001300272823855,0.7018343852271773,1.0,0.8046875,0.9992723757034309,0.7610155107873444,0.9989231896482549,0.7897622792503219
25,25103,0.85,1.1,0.75,0.25,0.45,4,10,5,5,60,1.5,0.7,8.0,48.0,0.2,0.2,0.1,60,141.0,0.734375,2.283333333333333,False,True,0.11666666666666667,0.15,1.9666666666666666,8.0,8.35,579.0,solved_or_feasible,optimal,proof_harder_than_feasibility,0.04369711875915527,5.876415014266968,0.19658803939819336,0.008674779082163797,0.6006777658631186,0.5954670189446883,1754,365,1720,0.9833333333333333,0.092862,0.5078157658631186,0.6006777658631186,0.0031797699994140813,0.0018602164818917572,0.0022511999999999996,0.0,0.0,0.6006777658631186,1.2,1.2,1.2,0.0,0.0069825007226323324,0.0069825007226323324,0.008379000867158799,0.0026532,0.0026531999999999997,4.472333961502706e-19,0.005725800867158798,0.0,0.0,1.003348793289228,0.6778310858308398,1.0,0.73828125,0.9945410369851704,0.7174276860294027,0.9990896337804256,0.719602964802274
25,25104,0.85,1.1,0.75,0.25,0.45,4,10,5,5,60,1.5,0.7,8.0,48.0,0.2,0.2,0.1,60,153.0,0.796875,2.433333333333333,False,True,0.2,0.3,1.9166666666666667,8.0,7.433333333333334,605.0,solved_or_feasible,optimal,easy_or_medium,0.0241091251373291,1.2110188007354736,0.16398096084594727,0.006711897450403415,0.6189760915571992,0.6148215875064158,1387,365,1353,0.9666666666666667,0.092862,0.5261140915571992,0.6189760915571992,0.0030884637240813917,0.0020821739794900517,0.0022511999999999996,0.0,0.0,0.6189760915571992,1.2,1.2,1.2,0.0,0.007129259274996271,0.007129259274996271,0.008555111129995525,0.0026532,0.0026532,1.6263032587282567e-19,0.005901911129995517,0.0,0.0,1.000643837759887,0.6650831039395315,1.0,0.7734375,0.995905514215762,0.7461286485012473,0.9997197636588776,0.7586499454598555
25,25105,0.85,1.1,0.75,0.25,0.45,4,10,5,5,60,1.5,0.7,8.0,48.0,0.2,0.2,0.1,60,149.0,0.7760416666666666,2.3333333333333335,False,True,0.31666666666666665,0.2833333333333333,1.7333333333333334,8.0,7.9,654.0,solved_or_feasible,optimal,proof_harder_than_feasibility,0.022195816040039062,4.895220041275024,0.16321802139282227,0.009662456280937969,0.6365351344610702,0.6303846415530592,1326,365,1292,0.9333333333333333,0.09286200000000003,0.5436731344610702,0.6365351344610702,0.0029177083341201363,0.0021116593511822076,0.0022511999999999996,0.0,0.0,0.6365351344610702,1.2,1.2,1.2,0.0,0.007091159814540856,0.007091159814540856,0.008509391777449027,0.0026532,0.0026532,1.0842021724855044e-19,0.005856191777449027,0.0,0.0,1.0001044436925435,0.6561759257105787,1.0,0.75,0.9998720968846844,0.763547313597092,0.9974664593829523,0.7314096423568324
26,26101,0.85,1.1,0.75,0.5,0.2,4,10,5,5,60,1.5,0.7,8.0,48.0,0.2,0.2,0.1,60,147.0,0.765625,2.35,False,True,0.45,0.18333333333333332,2.1,9.0,8.333333333333334,632.0,solved_or_feasible,optimal,proof_harder_than_feasibility,0.025951147079467773,6.583619832992554,0.20530080795288086,0.00790313806215264,0.6532335125135623,0.6480709178773427,1280,365,1246,1.0,0.09286199999999997,0.5603715125135624,0.6532335125135624,0.0031634522006493927,0.0022109072539626537,0.0022511999999999996,0.0,0.0,0.6532335125135624,1.2,1.2,1.2,0.0,0.007445887770921006,0.007445887770921006,0.008935065325105206,0.0026532,0.0026531999999999997,9.215718466126788e-19,0.006281865325105206,0.0,0.0,0.9986985455111972,0.7015324279676625,1.0,0.7734375,0.9936894562140182,0.7565183368534124,0.9986487345655898,0.7465598386117596
26,26102,0.85,1.1,0.75,0.5,0.2,4,10,5,5,60,1.5,0.7,8.0,48.0,0.2,0.2,0.1,60,138.0,0.71875,2.2666666666666666,False,True,0.5,0.1,2.0,8.0,8.05,542.0,solved_or_feasible,optimal,easy_or_medium,0.024636030197143555,1.001209020614624,0.1533048152923584,0.008181565268280741,0.6730275027887954,0.6675210843473809,1166,365,1132,1.0,0.092862,0.5801655027887954,0.6730275027887954,0.003071338872962405,0.002123064441351929,0.0022511999999999996,0.0,0.0,0.6730275027887954,1.2,1.2,1.2,0.0,0.007454111448709224,0.007454111448709224,0.008944933738451068,0.0026532,0.0026531999999999997,4.87890977618477e-19,0.0062917337384510675,0.0,0.0,0.9962069452820383,0.7004347327653183,1.0,0.7265625,0.9919748169169587,0.739590402724993,0.9962485480907616,0.7060456638130115
26,26103,0.85,1.1,0.75,0.5,0.2,4,10,5,5,60,1.5,0.7,8.0,48.0,0.2,0.2,0.1,60,142.0,0.7395833333333334,2.25,False,True,0.48333333333333334,0.21666666666666667,1.9,8.0,8.083333333333334,610.0,solved_or_feasible,optimal,proof_harder_than_feasibility,0.022501707077026367,3.8256309032440186,0.1825098991394043,0.009805398379846265,0.6664570901049588,0.6599222128334066,1261,365,1227,0.9166666666666666,0.092862,0.5735950901049587,0.6664570901049587,0.00305674336782272,0.002221443559362232,0.0022511999999999996,0.0,0.0,0.6664570901049587,1.2,1.2,1.2,0.0,0.007479500370592025,0.007479500370592025,0.00897540044471043,0.0026532,0.0026531999999999997,2.710505431213761e-19,0.006322200444710429,0.0,0.0,1.0012353070247,0.6788776407418733,1.0,0.734375,0.9998384844547488,0.7250548459121899,0.9909346929380188,0.7133304369686283
26,26104,0.85,1.1,0.75,0.5,0.2,4,10,5,5,60,1.5,0.7,8.0,48.0,0.2,0.2,0.1,60,130.0,0.6770833333333334,2.066666666666667,False,True,0.4,0.1,1.95,8.0,7.833333333333333,538.0,solved_or_feasible,optimal,easy_or_medium,0.02540302276611328,1.2642309665679932,0.11346197128295898,0.00993540698340028,0.6634592135814449,0.6568674762776265,1279,365,1245,0.8666666666666667,0.092862,0.5705972135814449,0.6634592135814449,0.003103039460632467,0.0022217793402903576,0.0022511999999999996,0.0,0.0,0.6634592135814449,1.2,1.2,1.2,0.0,0.007436055138905093,0.007436055138905093,0.00892326616668611,0.0026532,0.0026531999999999997,6.776263578034403e-19,0.00627006616668611,0.0,0.0,0.9975318496980026,0.6742158670293595,1.0,0.68359375,0.9990252746107945,0.6668027216602344,0.9993367690985006,0.6819484709136692
26,26105,0.85,1.1,0.75,0.5,0.2,4,10,5,5,60,1.5,0.7,8.0,48.0,0.2,0.2,0.1,60,138.0,0.71875,2.2333333333333334,False,True,0.4166666666666667,0.06666666666666667,2.0833333333333335,8.0,8.083333333333334,532.0,solved_or_feasible,optimal,proof_harder_than_feasibility,0.02811717987060547,4.150824069976807,0.1736750602722168,0.0083354205524635,0.6310073736156072,0.6257476617848157,1368,365,1334,1.0,0.09282754043182592,0.5381798331837813,0.6310073736156072,0.003144776868847643,0.002123313546571284,0.0022511999999999996,0.0,0.0,0.6310073736156072,1.2,1.2,1.2,0.0,0.007197550489028518,0.007197550489028518,0.008637060586834222,0.0026532,0.002652215440909312,9.84559090688367e-07,0.005984845145924908,0.0,0.0,1.0019309134586314,0.6829427763872318,1.0,0.71484375,0.989576162026629,0.7051096081766421,0.9998485572957111,0.7190997821343414
27,27101,0.85,1.1,0.75,0.5,0.45,4,10,5,5,60,1.5,0.7,8.0,48.0,0.2,0.2,0.1,60,151.0,0.7864583333333334,2.4166666666666665,False,True,0.45,0.23333333333333334,1.9,8.0,8.066666666666666,632.0,solved_or_feasible,optimal,easy_or_medium,0.025096893310546875,1.1999709606170654,0.2113358974456787,0.009338364197813427,0.6211043620920195,0.6153042633539536,1229,365,1195,0.9666666666666667,0.092862,0.5282423620920196,0.6211043620920196,0.0031333271747920528,0.0020026810686922464,0.0022511999999999996,0.0,0.0,0.6211043620920196,1.2,1.2,1.2,0.0,0.007128269871004983,0.007128269871004983,0.008553923845205981,0.0026532,0.0026532,3.2526065174565133e-19,0.0059006056303590225,0.0,0.0,1.000557676634409,0.693291107611242,1.0,0.765625,0.9979297354263238,0.7510826461447097,0.985083763425151,0.7332489149377721
27,27102,0.85,1.1,0.75,0.5,0.45,4,10,5,5,60,1.5,0.7,8.0,48.0,0.2,0.2,0.1,60,151.0,0.7864583333333334,2.433333333333333,False,True,0.4666666666666667,0.18333333333333332,1.9833333333333334,7.5,7.7,560.0,solved_or_feasible,optimal,easy_or_medium,0.024118900299072266,2.868288993835449,0.265366792678833,0.008796980909129,0.6960226008275388,0.6898997032957366,1207,365,1173,0.9,0.092862,0.6031606008275388,0.6960226008275388,0.0031345721215140007,0.0022160546391334565,0.0022511999999999996,0.0,0.0,0.6960226008275388,1.2,1.2,1.2,0.0,0.007493940444238107,0.007493940444238107,0.008992728533085729,0.0026532,0.0026531999999999997,6.2341624917916505e-19,0.006339528533085728,0.0,0.0,0.9893650412769982,0.7027829826978653,1.0,0.765625,0.9989039297523745,0.7569598032851287,0.9957469518714479,0.7567196875696782
27,27103,0.85,1.1,0.75,0.5,0.45,4,10,5,5,60,1.5,0.7,8.0,48.0,0.2,0.2,0.1,60,152.0,0.7916666666666666,2.45,False,True,0.38333333333333336,0.23333333333333334,2.0,8.0,7.85,602.0,solved_or_feasible,optimal,easy_or_medium,0.024110078811645508,0.8174610137939453,0.15961217880249023,0.00979579877054938,0.6214672298582025,0.6153794619320208,1285,365,1251,0.9166666666666666,0.092862,0.5286052298582027,0.6214672298582027,0.003084959362984801,0.0021318716821117955,0.0022511999999999996,0.0,0.0,0.6214672298582027,1.2,1.2,1.2,0.0,0.007052302156665452,0.007052302156665452,0.008462762587998541,0.0026532,0.0026532,1.3552527156068805e-19,0.005809562587998534,0.0,0.0,0.9994082747376251,0.6680826054179589,1.0,0.77734375,0.9953724717355903,0.7739615692544735,0.9940039072040414,0.7695831133385092
27,27104,0.85,1.1,0.75,0.5,0.45,4,10,5,5,60,1.5,0.7,8.0,48.0,0.2,0.2,0.1,60,163.0,0.8489583333333334,2.6333333333333333,False,True,0.36666666666666664,0.26666666666666666,2.15,8.0,7.7,599.0,solved_or_feasible,optimal,optimization_hard_runtime,0.02326822280883789,54.9159619808197,13.18358588218689,0.007853886808065534,0.6483341928082537,0.6432422494441391,1251,365,1217,0.9666666666666667,0.09286200000000003,0.5554721928082536,0.6483341928082536,0.0030063421888230253,0.0021025720369156633,0.0022511999999999996,0.0,0.0,0.6483341928082536,1.2,1.2,1.2,0.0,0.007289216674589097,0.007289216674589097,0.008747060009506915,0.0026532,0.0026532,0.0,0.006093860009506915,0.0,0.0,0.9989528320723208,0.7181772168313985,1.0,0.85546875,0.999086545103275,0.8404420745442143,0.9983430250865654,0.8344541829481817
27,27105,0.85,1.1,0.75,0.5,0.45,4,10,5,5,60,1.5,0.7,8.0,48.0,0.2,0.2,0.1,60,148.0,0.7708333333333334,2.3666666666666667,False,True,0.4,0.25,1.9166666666666667,9.0,8.566666666666666,679.0,solved_or_feasible,optimal,easy_or_medium,0.02460789680480957,1.7212550640106201,0.1715099811553955,0.009472479742880676,0.6480116975894032,0.6418734199108379,1314,365,1280,0.95,0.09286199999999997,0.5551496975894032,0.6480116975894032,0.003107247679589007,0.0021838047678389085,0.0022511999999999996,0.0,0.0,0.6480116975894032,1.2,1.2,1.2,0.0,0.007318687035694703,0.007318687035694703,0.008782424442833643,0.0026532,0.0026531999999999997,8.402566836762659e-19,0.006129224442833643,0.0,0.0,0.9995217081737975,0.6466776809203683,1.0,0.734375,0.998157180985634,0.7136291877911016,0.9999787618356901,0.7076225578760592
28,28101,0.85,1.5,0.75,0.25,0.2,4,10,5,5,60,1.5,0.7,8.0,48.0,0.2,0.2,0.1,60,134.0,0.6979166666666666,2.2333333333333334,False,True,0.2,0.1,2.0166666666666666,9.0,8.566666666666666,560.0,solved_or_feasible,optimal,easy_or_medium,0.03203010559082031,2.0704550743103027,0.21491718292236328,0.005437645577976243,0.7118540622093449,0.7079832521158078,1726,365,1692,0.7833333333333333,0.092862,0.6189920622093448,0.7118540622093448,0.003173739215439741,0.00225144174695834,0.0022511999999999996,2.417469583404497e-07,0.00019339756667235974,0.7120474597760171,1.2,1.2,1.2,0.0,0.007833599038596753,0.007833599038596753,0.009400318846316102,0.0026532,0.0026532,2.168404344971009e-19,0.0067471188463161,0.0,0.0,1.0010186409990793,0.7279596091531355,1.0,0.70703125,0.9892048350221866,0.6927126359565823,0.9994949559674567,0.6962169566211309
28,28102,0.85,1.5,0.75,0.25,0.2,4,10,5,5,60,1.5,0.7,8.0,48.0,0.2,0.2,0.1,60,150.0,0.78125,2.4166666666666665,False,True,0.18333333333333332,0.13333333333333333,2.15,8.0,7.55,530.0,solved_or_feasible,optimal,proof_harder_than_feasibility,0.02552199363708496,6.072542190551758,0.2341470718383789,0.009451638397389588,0.6241719784410441,0.6182725306030361,1484,365,1450,1.0,0.092862,0.5313099784410441,0.6241719784410441,0.003124226291032453,0.0020369206749529163,0.0022511999999999996,0.0,0.0,0.6241719784410441,1.2,1.2,1.2,0.0,0.007158871582379805,0.007158871582379805,0.008590645898855765,0.0026532,0.0026532,3.2526065174565133e-19,0.0059374458988557645,0.0,0.0,1.0002213072076784,0.7248476013329891,1.0,0.79296875,0.99816696785025,0.7807680159934065,0.9941318548013477,0.7594771009829363
28,28103,0.85,1.5,0.75,0.25,0.2,4,10,5,5,60,1.5,0.7,8.0,48.0,0.2,0.2,0.1,60,144.0,0.75,2.35,False,True,0.2,0.16666666666666666,2.0,8.0,8.016666666666667,599.0,solved_or_feasible,optimal,optimization_hard_runtime,0.02911686897277832,11.893234014511108,0.26024293899536133,0.009992972311083047,0.6246160159244124,0.6183742453722207,1573,365,1539,0.9,0.092862,0.5317540159244124,0.6246160159244124,0.0031926697889289716,0.0019069173695604729,0.0022511999999999996,0.0,0.0,0.6246160159244124,1.2,1.2,1.2,0.0,0.007198496979721262,0.007198496979721262,0.008638196375665515,0.0026532,0.0026532,1.6263032587282567e-19,0.0059849963756655085,0.0,0.0,1.002501311738029,0.6806387235971136,1.0,0.75,0.9987618175236691,0.7381172531971216,0.9982980894649232,0.7317157100527116
28,28104,0.85,1.5,0.75,0.25,0.2,4,10,5,5,60,1.5,0.7,8.0,48.0,0.2,0.2,0.1,60,123.0,0.640625,2.0166666666666666,False,True,0.25,0.11666666666666667,1.8166666666666667,9.0,8.566666666666666,573.0,solved_or_feasible,optimal,optimization_hard_runtime,0.030775070190429688,21.5255229473114,0.1549360752105713,0.009959444538464717,0.5194179138284151,0.5142447999233559,1657,365,1623,0.8833333333333333,0.09286200000000003,0.426555913828415,0.5194179138284151,0.003104997059410371,0.0019296673020981984,0.0022511999999999996,0.0,0.0,0.5194179138284151,1.2,1.2,1.2,0.0,0.006313091146963195,0.006313091146963195,0.0075757093763558336,0.0026532,0.0026532,0.0,0.00492250937635583,0.0,0.0,1.0035091658915947,0.5958421991318291,1.0,0.6328125,0.9972903350922366,0.6352057452059225,0.9991918412205766,0.6267633193385934
28,28105,0.85,1.5,0.75,0.25,0.2,4,10,5,5,60,1.5,0.7,8.0,48.0,0.2,0.2,0.1,60,140.0,0.7291666666666666,2.3,False,True,0.23333333333333334,0.16666666666666666,1.9833333333333334,9.0,8.266666666666667,594.0,solved_or_feasible,optimal,easy_or_medium,0.02921915054321289,0.9956991672515869,0.24950504302978516,0.009909239125520502,0.6704681856576654,0.6638243560799297,1538,365,1504,0.8833333333333333,0.09286200000000003,0.5776061856576653,0.6704681856576653,0.0031808906760196496,0.002118844796369328,0.0022511999999999996,0.0,0.0,0.6704681856576653,1.2,1.2,1.2,0.0,0.007563043249288248,0.007563043249288248,0.009075651899145897,0.0026532,0.0026532000000000014,4.87890977618477e-19,0.006422451899145897,0.0,0.0,0.9999332521588017,0.6983238664739303,1.0,0.734375,0.9898961683817398,0.7278516012916426,0.9980605646802543,0.6977689415065401
29,29101,0.85,1.5,0.75,0.25,0.45,4,10,5,5,60,1.5,0.7,8.0,48.0,0.2,0.2,0.1,58,165.0,0.859375,2.7333333333333334,True,True,0.13793103448275862,0.20689655172413793,2.189655172413793,8.0,7.913793103448276,567.0,solved_or_feasible,optimal,easy_or_medium,0.02911686897277832,8.827460050582886,5.609982013702393,0.007959262425377995,0.7261787909768831,0.7203989434117544,1585,363,1551,0.9166666666666666,0.09286199999994368,0.6333167909769394,0.7261787909768831,0.0031196273067296792,0.0022474058793980475,0.0022511999999999996,0.0,0.0,0.7261787909768831,1.2,1.2,1.2,0.0,0.007941700288155204,0.007941700288155204,0.009530040345786243,0.0026532,0.002653199999998391,1.6093897048374828e-15,0.006876840345786244,0.0,0.0,0.9998678451629563,0.7542114331862848,1.0,0.85546875,0.9983999537082044,0.8357488705198748,0.9938956624240891,0.8352298216910099
29,29102,0.85,1.5,0.75,0.25,0.45,4,10,5,5,60,1.5,0.7,8.0,48.0,0.2,0.2,0.1,60,151.0,0.7864583333333334,2.4833333333333334,False,True,0.2,0.2,1.9833333333333334,9.0,8.5,671.0,solved_or_feasible,optimal,optimization_hard_runtime,0.029583215713500977,34.35794520378113,0.2392871379852295,0.00854547347205172,0.6005856453682116,0.5954533566680225,1606,365,1572,0.9833333333333333,0.092862,0.5077236453682115,0.6005856453682115,0.0030554088914296848,0.0020814998473151457,0.0022511999999999996,0.0,0.0,0.6005856453682115,1.2,1.2,1.2,0.0,0.006945206898589252,0.006945206898589252,0.0083342482783071,0.0026532,0.0026531999999999997,7.047314121155779e-19,0.005681048278307101,0.0,0.0,0.995545431930276,0.6644275641587571,1.0,0.7578125,0.9971820000977641,0.7487512513883792,0.9992065377837317,0.7334654157502158
29,29103,0.85,1.5,0.75,0.25,0.45,4,10,5,5,60,1.5,0.7,8.0,48.0,0.2,0.2,0.1,60,153.0,0.796875,2.55,False,True,0.21666666666666667,0.25,1.95,8.0,8.366666666666667,632.0,solved_or_feasible,optimal,easy_or_medium,0.026741981506347656,2.9951541423797607,0.1970810890197754,0.00998791150257758,0.7365076088026786,0.7291514359849824,1589,365,1555,0.95,0.09286200000000006,0.6436456088026786,0.7365076088026787,0.0030795181781580706,0.002203325511188879,0.0022511999999999996,0.0,0.0,0.7365076088026787,1.2,1.2,1.2,0.0,0.00802818102838622,0.00802818102838622,0.009633817234063462,0.0026532,0.0026532000000000014,1.6263032587282567e-19,0.006980617234063461,0.0,0.0,1.0013006905915478,0.7274103363673945,1.0,0.78125,0.9974127205182604,0.7527897675950433,0.9979303154020037,0.7583183724639838
29,29104,0.85,1.5,0.75,0.25,0.45,4,10,5,5,60,1.5,0.7,8.0,48.0,0.2,0.2,0.1,60,160.0,0.8333333333333334,2.6,False,True,0.15,0.23333333333333334,2.1,7.5,7.866666666666666,603.0,solved_or_feasible,optimal,easy_or_medium,0.023715972900390625,2.764068126678467,0.6185951232910156,0.008118748841001314,0.7570258614902967,0.7508797586547143,1547,365,1513,0.9833333333333333,0.092862,0.6625575649295343,0.7554195649295343,0.0031593201250299657,0.0022532078707009524,0.0022511999999999996,2.0078707009527942e-06,0.0016062965607622354,0.7570258614902966,1.2,1.2,1.2,0.0,0.0081657599071417,0.0081657599071417,0.009798911888570037,0.0026532,0.0026531999999999997,5.963111948670274e-19,0.007145711888570038,0.0,0.0,0.9998864811039649,0.7794563118664903,1.0,0.8359375,0.9994187512485322,0.8241998965856894,0.9973196188176727,0.8121665895006289
29,29105,0.85,1.5,0.75,0.25,0.45,4,10,5,5,60,1.5,0.7,8.0,48.0,0.2,0.2,0.1,54,164.0,0.8541666666666666,2.6,True,True,0.37037037037037035,0.42592592592592593,2.0925925925925926,8.0,8.055555555555555,666.0,solved_or_feasible,time_limit,optimization_hard_gap,0.024108171463012695,60.01694393157959,0.2250080108642578,0.03174172330251144,0.8044549188892749,0.7789201334445472,1132,359,1098,0.9666666666666667,0.09286200000000006,0.6904817937505126,0.7833437937505126,0.003099227565168203,0.002277588906423453,0.0022511999999999996,2.638890642345324e-05,0.021111125138762593,0.8044549188892751,1.2,1.2,1.2,0.0,0.008369080870113892,0.008369080870113892,0.010042897044136669,0.0026532,0.0026532000000000014,2.710505431213761e-19,0.00738949368078039,0.0,0.0,0.9963968629694198,0.7673689762834683,1.0,0.8515625,0.9987500896140956,0.8114990909557499,0.9995473835163505,0.8186913519123163
30,30101,0.85,1.5,0.75,0.5,0.2,4,10,5,5,60,1.5,0.7,8.0,48.0,0.2,0.2,0.1,60,155.0,0.8072916666666666,2.566666666666667,False,True,0.4,0.15,2.216666666666667,8.0,8.666666666666666,612.0,solved_or_feasible,optimal,proof_harder_than_feasibility,0.028592824935913086,5.981312990188599,0.4597458839416504,0.00726971613231864,0.6201962191176162,0.6156875686582939,1465,365,1431,1.0,0.09286199999999999,0.5273342191176164,0.6201962191176164,0.0031893750070781787,0.0021432323655801223,0.0022511999999999996,0.0,0.0,0.6201962191176164,1.2,1.2,1.2,0.0,0.007169980875954343,0.007169980875954343,0.008603977051145212,0.0026532,0.0026531999999999997,8.605854744103691e-19,0.0059507770511452104,0.0,0.0,0.999364996019232,0.6846262102461596,1.0,0.79296875,0.9996760598789511,0.7894472547703588,0.999172562982198,0.7848180264515519
30,30102,0.85,1.5,0.75,0.5,0.2,4,10,5,5,60,1.5,0.7,8.0,48.0,0.2,0.2,0.1,60,140.0,0.7291666666666666,2.283333333333333,False,True,0.31666666666666665,0.15,1.9833333333333334,8.0,8.066666666666666,570.0,solved_or_feasible,optimal,proof_harder_than_feasibility,0.028051137924194336,3.6597800254821777,0.19349098205566406,0.009439324749674665,0.6134779708269077,0.6076871530335011,1422,365,1388,0.95,0.09286200000000008,0.5206159708269076,0.6134779708269077,0.003064309507423377,0.0021664651584865262,0.0022511999999999996,0.0,0.0,0.6134779708269077,1.2,1.2,1.2,0.0,0.006967982777320246,0.006967982777320246,0.008361579332784294,0.0026532,0.0026532000000000027,3.7947076036992655e-19,0.005708379332784291,0.0,0.0,0.9987515745762728,0.630484492011206,1.0,0.71484375,0.9961956753314976,0.721442992370118,0.9978394906404335,0.7158398078984294
30,30103,0.85,1.5,0.75,0.5,0.2,4,10,5,5,60,1.5,0.7,8.0,48.0,0.2,0.2,0.1,60,158.0,0.8229166666666666,2.5833333333333335,False,True,0.3,0.15,2.1666666666666665,8.5,8.166666666666666,586.0,solved_or_feasible,optimal,optimization_hard_runtime,0.022984027862548828,14.489156007766724,0.24935293197631836,0.006537367391498076,0.7920556182687741,0.786877659697651,1523,365,1489,0.9666666666666667,0.092862,0.6991936182687742,0.7920556182687742,0.003197766381410602,0.00224944127040408,0.0022511999999999996,0.0,0.0,0.7920556182687742,1.2,1.2,1.2,0.0,0.008543368558684192,0.008543368558684192,0.010252042270421032,0.0026532,0.0026532,3.7947076036992655e-19,0.007598842270421031,0.0,0.0,1.000641618746816,0.7744375901898679,1.0,0.8203125,0.9973138657778924,0.7861804187669155,0.9917429193637113,0.7920651249291304
30,30104,0.85,1.5,0.75,0.5,0.2,4,10,5,5,60,1.5,0.7,8.0,48.0,0.2,0.2,0.1,60,151.0,0.7864583333333334,2.5166666666666666,False,True,0.43333333333333335,0.15,2.1166666666666667,8.0,7.866666666666666,568.0,solved_or_feasible,optimal,proof_harder_than_feasibility,0.028560161590576172,4.564743995666504,0.17959094047546387,0.007942224327755697,0.6462126116561087,0.641080246130911,1288,365,1254,0.9666666666666667,0.092862,0.5533506116561084,0.6462126116561084,0.00297162555202453,0.0020607417199316014,0.0022511999999999996,0.0,0.0,0.6462126116561084,1.2,1.2,1.2,0.0,0.007219292472277044,0.007219292472277044,0.008663150966732452,0.0026532,0.0026532,4.336808689942018e-19,0.006009950966732451,0.0,0.0,1.0032779038723487,0.7293040592122683,1.0,0.7890625,0.9985149985725377,0.7585147038577501,0.9963399420643079,0.77289603130073
30,30105,0.85,1.5,0.75,0.5,0.2,4,10,5,5,60,1.5,0.7,8.0,48.0,0.2,0.2,0.1,60,145.0,0.7552083333333334,2.3333333333333335,False,True,0.5166666666666667,0.11666666666666667,2.05,8.0,7.866666666666666,530.0,solved_or_feasible,optimal,easy_or_medium,0.022134780883789062,1.3785970211029053,0.29237890243530273,0.007593001645678423,0.6818838620827392,0.6767063167957834,1172,365,1138,0.9666666666666667,0.092862,0.5890218620827392,0.6818838620827392,0.003119561104698707,0.002075460249509489,0.0022511999999999996,0.0,0.0,0.6818838620827392,1.2,1.2,1.2,0.0,0.007591688633715882,0.007591688633715882,0.009110026360459059,0.0026532,0.0026532,3.7947076036992655e-19,0.006456826360459057,0.0,0.0,0.9996125488335125,0.728612404321749,1.0,0.74609375,0.9995215489930677,0.7494574953496995,0.9959875725722717,0.7256707412892228
31,31101,0.85,1.5,0.75,0.5,0.45,4,10,5,5,60,1.5,0.7,8.0,48.0,0.2,0.2,0.1,60,151.0,0.7864583333333334,2.5,False,True,0.4666666666666667,0.21666666666666667,2.0,9.0,8.366666666666667,626.0,solved_or_feasible,optimal,easy_or_medium,0.025762081146240234,1.376662015914917,0.22180700302124023,0.009391445452068065,0.6816824835407193,0.6752804996809163,1278,365,1244,0.9833333333333333,0.0928618725507397,0.5888206109899796,0.6816824835407194,0.0031469267004154188,0.0021453166182772354,0.0022511999999999996,0.0,0.0,0.6816824835407194,1.2,1.2,1.2,0.0,0.007647951680591068,0.007647951680591068,0.00917754201670928,0.0026532,0.0026531963585925624,3.6414074378976306e-09,0.006524286993200185,0.0,0.0,1.000201151982532,0.725922565877447,1.0,0.7578125,0.9954297429928408,0.7377437902212223,0.9999784227758907,0.7426109154336603
31,31102,0.85,1.5,0.75,0.5,0.45,4,10,5,5,60,1.5,0.7,8.0,48.0,0.2,0.2,0.1,60,156.0,0.8125,2.5166666666666666,False,True,0.4166666666666667,0.2,2.1,8.5,8.083333333333334,605.0,solved_or_feasible,time_limit,optimization_hard_gap,0.02542710304260254,60.04283905029297,22.07335090637207,0.056383418055843876,0.8098881629604996,0.7642239000898183,1354,365,1320,0.9333333333333333,0.09286199999999999,0.6899332391535187,0.7827952391535187,0.0030464800510161577,0.0022850661547587255,0.0022511999999999996,3.386615475872582e-05,0.027092923806980654,0.8098881629604994,1.2,1.2,1.2,0.0,0.00824497609914476,0.00824497609914476,0.00989397131897371,0.0026532,0.0026531999999999997,7.318364664277155e-19,0.00724077131897371,0.0,0.0,0.999834493103682,0.7584255457640201,1.0,0.81640625,0.9982649369680063,0.7897550999581036,0.9968550645760669,0.8191042014732515
31,31103,0.85,1.5,0.75,0.5,0.45,4,10,5,5,60,1.5,0.7,8.0,48.0,0.2,0.2,0.1,60,145.0,0.7552083333333334,2.3666666666666667,False,True,0.43333333333333335,0.21666666666666667,1.9833333333333334,8.0,8.35,635.0,solved_or_feasible,optimal,easy_or_medium,0.02501201629638672,1.201240062713623,0.22347307205200195,0.006392075472744697,0.7497237146162028,0.7449314240486695,1241,365,1207,0.9333333333333333,0.092862,0.6568617146162028,0.7497237146162028,0.0031876558014207078,0.0022436395268969713,0.0022511999999999996,0.0,0.0,0.7497237146162028,1.2,1.2,1.2,0.0,0.008191511378903955,0.008191511378903955,0.009829813654684745,0.0026532,0.0026532,3.7947076036992655e-19,0.0071766136546847405,0.0,0.0,0.99778546551787,0.7774222444679648,1.0,0.78125,0.9988190501672334,0.7533965873665166,0.9930435237697836,0.7358694529211376
31,31104,0.85,1.5,0.75,0.5,0.45,4,10,5,5,60,1.5,0.7,8.0,48.0,0.2,0.2,0.1,60,152.0,0.7916666666666666,2.45,False,True,0.38333333333333336,0.2833333333333333,1.9333333333333333,8.0,7.7,633.0,solved_or_feasible,optimal,proof_harder_than_feasibility,0.02899789810180664,8.847903966903687,0.3247110843658447,0.00860861349619133,0.600981664644656,0.5958080457754324,1234,365,1200,0.95,0.092862,0.5081196646446561,0.6009816646446561,0.0030424722484053627,0.00218507527703485,0.0022511999999999996,0.0,0.0,0.6009816646446561,1.2,1.2,1.2,0.0,0.006857555643738789,0.006857555643738789,0.008229066772486547,0.0026532,0.0026531999999999997,4.607859233063394e-19,0.005575866772486547,0.0,0.0,0.9988884150963635,0.6452505857906553,1.0,0.78125,0.9997091685525492,0.7532580497239595,0.9997657396347642,0.7741183672010464
31,31105,0.85,1.5,0.75,0.5,0.45,4,10,5,5,60,1.5,0.7,8.0,48.0,0.2,0.2,0.1,60,145.0,0.7552083333333334,2.4,False,True,0.35,0.25,1.85,8.0,8.033333333333333,633.0,solved_or_feasible,optimal,proof_harder_than_feasibility,0.026633024215698242,4.59728217124939,0.824998140335083,0.009345829228358339,0.7775763484766912,0.7703092527118176,1347,365,1313,0.95,0.09286199999999993,0.6847143484766913,0.7775763484766912,0.0031223190201852863,0.002248140565870544,0.0022511999999999996,0.0,0.0,0.7775763484766912,1.2,1.2,1.2,0.0,0.008307697269109236,0.008307697269109236,0.009969236722931082,0.0026532,0.002653199999999998,2.2768245622195593e-18,0.007316036722931083,0.0,0.0,0.9931067780521541,0.7886579559408883,1.0,0.7734375,0.9992609282258653,0.7533024253807223,0.9981031037413031,0.7647656146689914
32,32101,0.85,1.9,0.75,0.25,0.2,4,10,5,5,60,1.5,0.7,8.0,48.0,0.2,0.2,0.1,60,138.0,0.71875,2.3,False,True,0.1,0.1,2.0166666666666666,8.0,8.266666666666667,562.0,solved_or_feasible,optimal,proof_harder_than_feasibility,0.030318021774291992,5.586498975753784,0.6229679584503174,0.006312033205772145,0.695559169015209,0.6911687764438057,1807,365,1773,0.9333333333333333,0.09286200000000001,0.602697169015209,0.695559169015209,0.003163083258010754,0.0022275849151590153,0.0022511999999999996,0.0,0.0,0.695559169015209,1.2,1.2,1.2,0.0,0.007487182273229193,0.007487182273229193,0.00898461872787503,0.0026532,0.0026532,2.710505431213761e-19,0.0063314187278750295,0.0,0.0,0.9962456403473534,0.739414380366002,1.0,0.71875,0.9974878820334024,0.696751793974892,0.9999089555642978,0.7116226572940259
32,32102,0.85,1.9,0.75,0.25,0.2,4,10,5,5,60,1.5,0.7,8.0,48.0,0.2,0.2,0.1,60,130.0,0.6770833333333334,2.1666666666666665,False,True,0.23333333333333334,0.03333333333333333,2.1,8.0,8.266666666666667,512.0,solved_or_feasible,optimal,easy_or_medium,0.06043696403503418,1.4462671279907227,0.20766305923461914,0.009729346355079077,0.6213391516236305,0.6152939278135132,1688,365,1654,0.9833333333333333,0.092862,0.5284771516236305,0.6213391516236305,0.0031713266870520957,0.001987017184871912,0.0022511999999999996,0.0,0.0,0.6213391516236305,1.2,1.2,1.2,0.0,0.007143484964143037,0.007143484964143037,0.008572181956971646,0.0026532,0.0026532,4.0657581468206416e-19,0.00591898195697164,0.0,0.0,0.996869789554546,0.6211191033853013,1.0,0.6796875,0.9995016561057751,0.651134688220472,0.9964100197140766,0.6621364634908246
32,32103,0.85,1.9,0.75,0.25,0.2,4,10,5,5,60,1.5,0.7,8.0,48.0,0.2,0.2,0.1,60,133.0,0.6927083333333334,2.2,False,True,0.11666666666666667,0.1,2.066666666666667,8.0,8.2,546.0,solved_or_feasible,optimal,easy_or_medium,0.034333229064941406,1.6012458801269531,0.19616079330444336,0.002226695910522289,0.6561021499279456,0.6546412099538161,1782,365,1748,0.8166666666666667,0.09286199999999999,0.5632401499279454,0.6561021499279454,0.0031969422152935026,0.002110255934122529,0.0022511999999999996,0.0,0.0,0.6561021499279454,1.2,1.2,1.2,0.0,0.007412595718950112,0.007412595718950112,0.008895114862740134,0.0026532,0.0026531999999999997,6.911788849595091e-19,0.006241914862740134,0.0,0.0,0.9993514378427888,0.6961225699183349,1.0,0.6875,0.9918787768686416,0.6595210294831803,0.9999171827192163,0.6966320297039299
32,32104,0.85,1.9,0.75,0.25,0.2,4,10,5,5,60,1.5,0.7,8.0,48.0,0.2,0.2,0.1,60,143.0,0.7447916666666666,2.3333333333333335,False,True,0.15,0.11666666666666667,2.0833333333333335,8.0,8.333333333333334,564.0,solved_or_feasible,optimal,proof_harder_than_feasibility,0.033724069595336914,3.0370991230010986,0.23868012428283691,0.0052630212011272855,0.6475264102373303,0.6441184650119613,1707,365,1673,0.9333333333333333,0.092862,0.5546644102373303,0.6475264102373303,0.0031393219808908274,0.002155540663882675,0.0022511999999999996,0.0,0.0,0.6475264102373303,1.2,1.2,1.2,0.0,0.007354297399430328,0.007354297399430328,0.008825156879316395,0.0026532,0.0026531999999999997,5.963111948670274e-19,0.006171956879316393,0.0,0.0,0.9997605265738736,0.7090671472933198,1.0,0.74609375,0.9947979643614318,0.7345335720534354,0.9994300002769633,0.7438579672500474
32,32105,0.85,1.9,0.75,0.25,0.2,4,10,5,5,60,1.5,0.7,8.0,48.0,0.2,0.2,0.1,60,145.0,0.7552083333333334,2.4,False,True,0.18333333333333332,0.15,2.0166666666666666,8.0,7.95,594.0,solved_or_feasible,optimal,easy_or_medium,0.04735994338989258,2.330721139907837,0.1909351348876953,0.009895856814287132,0.6605723141527322,0.6540353851163945,1563,365,1529,0.9666666666666667,0.092862,0.5677103141527322,0.6605723141527322,0.003135244430637484,0.002146783903027645,0.0022511999999999996,0.0,0.0,0.6605723141527322,1.2,1.2,1.2,0.0,0.007469600810951467,0.007469600810951467,0.00896352097314176,0.0026532,0.0026531999999999997,4.0657581468206416e-19,0.006310320973141747,0.0,0.0,1.0023294772856983,0.6973531475779822,1.0,0.7578125,0.9949948929129298,0.7369662734116686,0.9972377795103622,0.7302216998446079
33,33101,0.85,1.9,0.75,0.25,0.45,4,10,5,5,60,1.5,0.7,8.0,48.0,0.2,0.2,0.1,58,152.0,0.7916666666666666,2.533333333333333,False,True,0.15517241379310345,0.1724137931034483,2.0344827586206895,8.0,8.10344827586207,559.0,solved_or_feasible,optimal,easy_or_medium,0.022291898727416992,1.4434621334075928,0.827815055847168,0.006708925211637905,0.6661952454887485,0.6617257914104158,1597,363,1563,0.9166666666666666,0.092862,0.5733332454887486,0.6661952454887486,0.003198557922578298,0.0022027912463199384,0.0022511999999999996,0.0,0.0,0.6661952454887486,1.2,1.2,1.2,0.0,0.007356804792272567,0.007356804792272567,0.00882816575072708,0.0026532,0.0026531999999999997,6.505213034913027e-19,0.006174965750727079,0.0,0.0,0.999725189977271,0.7285136938746974,1.0,0.82421875,0.9989690131979172,0.8032126983118906,0.9992086908999592,0.789718589930546
33,33102,0.85,1.9,0.75,0.25,0.45,4,10,5,5,60,1.5,0.7,8.0,48.0,0.2,0.2,0.1,60,153.0,0.796875,2.4833333333333334,False,True,0.1,0.21666666666666667,1.9833333333333334,8.0,7.933333333333334,585.0,solved_or_feasible,optimal,easy_or_medium,0.023246049880981445,1.8331000804901123,0.24161100387573242,0.00751858503478257,0.7129313528354562,0.7075711178352002,1657,365,1623,0.9333333333333333,0.092862,0.6200693528354563,0.7129313528354563,0.003179614989329872,0.0022369359439056258,0.0022511999999999996,0.0,0.0,0.7129313528354563,1.2,1.2,1.2,0.0,0.007781848982027919,0.007781848982027919,0.009338218778433502,0.0026532,0.0026532,3.6591823321385775e-19,0.006685018778433501,0.0,0.0,0.9990300583351479,0.7367474968143473,1.0,0.79296875,0.9917049990183786,0.7704194197059306,0.9942084783442441,0.7798666042775851
33,33103,0.85,1.9,0.75,0.25,0.45,4,10,5,5,60,1.5,0.7,8.0,48.0,0.2,0.2,0.1,60,142.0,0.7395833333333334,2.35,False,True,0.25,0.21666666666666667,1.85,8.0,8.116666666666667,615.0,solved_or_feasible,optimal,easy_or_medium,0.02596306800842285,2.0007259845733643,0.15572595596313477,0.006954117283695704,0.6856535765340687,0.6808854611468653,1517,365,1483,0.9333333333333333,0.09286199999999997,0.5927915765340686,0.6856535765340686,0.0032011545642689587,0.0022311390369776493,0.0022511999999999996,0.0,0.0,0.6856535765340686,1.2,1.2,1.2,0.0,0.007650752003001943,0.007650752003001943,0.009180902403602332,0.0026532,0.0026531999999999997,9.486769009248164e-19,0.006527702403602331,0.0,0.0,1.001399030447684,0.7257513965674733,1.0,0.7265625,0.9995740884302347,0.7224290221965095,0.9994292448538502,0.7009322905270912
33,33104,0.85,1.9,0.75,0.25,0.45,4,10,5,5,60,1.5,0.7,8.0,48.0,0.2,0.2,0.1,60,155.0,0.8072916666666666,2.5833333333333335,False,True,0.2,0.2,2.0833333333333335,8.0,8.333333333333334,647.0,solved_or_feasible,optimal,optimization_hard_runtime,0.031520843505859375,16.841827869415283,0.2730228900909424,0.009434304172556434,0.668704830438818,0.6623960656668004,1633,365,1599,0.95,0.092862,0.5758428304388181,0.6687048304388181,0.0031449833011816778,0.0020488817863850892,0.0022511999999999996,0.0,0.0,0.6687048304388181,1.2,1.2,1.2,0.0,0.007535398653799432,0.007535398653799432,0.009042478384559318,0.0026532,0.0026532,3.5236570605778894e-19,0.0063892783845593114,0.0,0.0,1.0000583605829858,0.681534941528241,1.0,0.80859375,0.987561341207206,0.8089818497717116,0.9947973240392708,0.7780022478758108
33,33105,0.85,1.9,0.75,0.25,0.45,4,10,5,5,60,1.5,0.7,8.0,48.0,0.2,0.2,0.1,60,156.0,0.8125,2.5166666666666666,False,True,0.21666666666666667,0.23333333333333334,2.0,8.0,7.933333333333334,597.0,solved_or_feasible,optimal,proof_harder_than_feasibility,0.02410602569580078,4.33932089805603,0.26526880264282227,0.009587357502680768,0.6003662007253283,0.5946102753264484,1530,365,1496,1.0,0.09286200000000001,0.5075042007253283,0.6003662007253283,0.0031599221162158984,0.0019791671828619955,0.0022511999999999996,0.0,0.0,0.6003662007253283,1.2,1.2,1.2,0.0,0.007027584839898109,0.007027584839898109,0.008433101807877732,0.0026532,0.0026532,2.710505431213761e-19,0.005779901807877729,0.0,0.0,0.9999623890291583,0.6938565374962586,1.0,0.8203125,0.9996243375162877,0.7929263882184292,0.9946393276266886,0.798997116389112
34,34101,0.85,1.9,0.75,0.5,0.2,4,10,5,5,60,1.5,0.7,8.0,48.0,0.2,0.2,0.1,60,144.0,0.75,2.3666666666666667,False,True,0.4,0.1,2.1,8.0,8.066666666666666,550.0,solved_or_feasible,optimal,optimization_hard_runtime,0.024169921875,17.39657998085022,0.2577669620513916,0.009159461033234432,0.734188688875305,0.7274639161885101,1312,365,1278,0.9,0.09286199999999994,0.6413266888753049,0.7341886888753049,0.0031039923842624472,0.0022481805932992064,0.0022511999999999996,0.0,0.0,0.7341886888753049,1.2,1.2,1.2,0.0,0.007901384941146946,0.007901384941146946,0.009481661929376337,0.0026532,0.002653199999999998,2.2768245622195593e-18,0.0068284619293763355,0.0,0.0,0.9940929738504561,0.7403995949515165,1.0,0.75390625,0.9940239936412435,0.7516896544334766,0.9995903337417245,0.7398898266219545
34,34102,0.85,1.9,0.75,0.5,0.2,4,10,5,5,60,1.5,0.7,8.0,48.0,0.2,0.2,0.1,60,153.0,0.796875,2.4833333333333334,False,True,0.38333333333333336,0.11666666666666667,2.25,8.0,8.05,577.0,solved_or_feasible,optimal,optimization_hard_runtime,0.031008005142211914,14.619343996047974,1.8385169506072998,0.009536249481320555,0.6527333232055017,0.6465086953906426,1289,365,1255,0.9833333333333333,0.092862,0.5598713232055019,0.6527333232055019,0.0031374249449301573,0.002141035171960012,0.0022511999999999996,0.0,0.0,0.6527333232055019,1.2,1.2,1.2,0.0,0.007395205927081653,0.007395205927081653,0.008874247112497983,0.0026532,0.0026531999999999997,5.21772295508649e-19,0.006221047112497983,0.0,0.0,0.9989715108862056,0.7366774391105972,1.0,0.79296875,0.9998944638364576,0.7891057857984722,0.9985687161962064,0.7685435232833049
34,34103,0.85,1.9,0.75,0.5,0.2,4,10,5,5,60,1.5,0.7,8.0,48.0,0.2,0.2,0.1,60,136.0,0.7083333333333334,2.25,False,True,0.31666666666666665,0.11666666666666667,2.0166666666666666,8.0,8.166666666666666,565.0,solved_or_feasible,optimal,proof_harder_than_feasibility,0.03276801109313965,7.217156887054443,0.17969608306884766,0.009576163059932414,0.5927259215210765,0.587049881446742,1451,365,1417,0.95,0.092862,0.4998639215210764,0.5927259215210764,0.0032005466732683515,0.002019601235941616,0.0022511999999999996,0.0,0.0,0.5927259215210764,1.2,1.2,1.2,0.0,0.00696563002234764,0.00696563002234764,0.008358756026817168,0.0026532,0.0026531999999999997,3.3881317890172014e-19,0.005705556026817163,0.0,0.0,0.9985425160394795,0.6826554556128822,1.0,0.6953125,0.9944773624222547,0.6599049806072174,0.9981574124656518,0.6926125131574932
34,34104,0.85,1.9,0.75,0.5,0.2,4,10,5,5,60,1.5,0.7,8.0,48.0,0.2,0.2,0.1,60,146.0,0.7604166666666666,2.433333333333333,False,True,0.5,0.16666666666666666,2.0833333333333335,8.0,8.333333333333334,584.0,solved_or_feasible,time_limit,optimization_hard_gap,0.024883031845092773,60.01577806472778,0.441180944442749,0.013276793309574875,0.6962112794325492,0.6869678261757286,1204,365,1170,0.9833333333333333,0.092862,0.6033492794325493,0.6962112794325493,0.0031910861304538718,0.002212741845296025,0.0022511999999999996,0.0,0.0,0.6962112794325493,1.2,1.2,1.2,0.0,0.007744419923697168,0.007744419923697168,0.009293303908436601,0.0026532,0.0026531999999999997,5.014435047745458e-19,0.006639830684868985,0.0,0.0,1.0024760099175893,0.6903578075721839,1.0,0.76171875,0.9970983827991071,0.7404010968153607,0.9977332931576074,0.7523239123515553
34,34105,0.85,1.9,0.75,0.5,0.2,4,10,5,5,60,1.5,0.7,8.0,48.0,0.2,0.2,0.1,60,147.0,0.765625,2.4166666666666665,False,True,0.43333333333333335,0.15,2.033333333333333,9.0,8.216666666666667,579.0,solved_or_feasible,optimal,proof_harder_than_feasibility,0.028975963592529297,4.669756174087524,0.17073416709899902,0.009017662566771785,0.6055091069632846,0.6000488301555824,1254,365,1220,0.9833333333333333,0.092862,0.5126471069632845,0.6055091069632845,0.0030660347454783423,0.0021154522608338414,0.0022511999999999996,0.0,0.0,0.6055091069632845,1.2,1.2,1.2,0.0,0.00690524061303153,0.00690524061303153,0.008286288735637836,0.0026532,0.0026531999999999997,6.505213034913027e-19,0.005633088735637836,0.0,0.0,1.0006287296982144,0.6570511150187572,1.0,0.74609375,0.9978582937752459,0.722600666282643,0.9998063185440893,0.7408870891634105
35,35101,0.85,1.9,0.75,0.5,0.45,4,10,5,5,60,1.5,0.7,8.0,48.0,0.2,0.2,0.1,60,152.0,0.7916666666666666,2.5,False,True,0.5166666666666667,0.15,2.1166666666666667,7.0,7.95,574.0,solved_or_feasible,optimal,proof_harder_than_feasibility,0.024893760681152344,3.1926801204681396,0.17396116256713867,0.009972792100508662,0.6956412519600337,0.6887037663776987,1094,365,1060,0.9833333333333333,0.09286199999999999,0.6027792519600337,0.6956412519600337,0.003145934372650458,0.002088427427155353,0.0022511999999999996,0.0,0.0,0.6956412519600337,1.2,1.2,1.2,0.0,0.007688158583072802,0.007688158583072802,0.009225790299687363,0.0026532,0.0026531999999999997,5.421010862427522e-19,0.0065725902996873605,0.0,0.0,0.9986403992780991,0.7336960848270081,1.0,0.79296875,0.9999016449260577,0.7737439280998017,0.9989468650442301,0.7876045952877389
35,35102,0.85,1.9,0.75,0.5,0.45,4,10,5,5,60,1.5,0.7,8.0,48.0,0.2,0.2,0.1,60,151.0,0.7864583333333334,2.5166666666666666,False,True,0.38333333333333336,0.21666666666666667,2.05,8.0,8.25,626.0,solved_or_feasible,optimal,optimization_hard_runtime,0.024869918823242188,13.603184938430786,7.385885953903198,0.008372636176289649,0.739372501916582,0.7331820049592814,1423,365,1389,0.9666666666666667,0.092862,0.6465105019165821,0.7393725019165821,0.0031508980738007364,0.0021979745216842966,0.0022511999999999996,0.0,0.0,0.7393725019165821,1.2,1.2,1.2,0.0,0.008012896147657846,0.008012896147657846,0.009615475377189413,0.0026532,0.0026531999999999997,6.2341624917916505e-19,0.006962275377189406,0.0,0.0,0.9993793940534421,0.7402166668855232,1.0,0.8046875,0.9989036664410579,0.7855824969692512,0.9946405415914183,0.7974557840615277
35,35103,0.85,1.9,0.75,0.5,0.45,4,10,5,5,60,1.5,0.7,8.0,48.0,0.2,0.2,0.1,60,158.0,0.8229166666666666,2.5833333333333335,False,True,0.4,0.23333333333333334,1.9833333333333334,9.0,8.716666666666667,635.0,solved_or_feasible,optimal,easy_or_medium,0.021352052688598633,1.960705041885376,0.2150120735168457,0.009632087254400708,0.5708967038322963,0.5653977769677339,1435,365,1401,0.8833333333333333,0.092862,0.47803470383229646,0.5708967038322965,0.0030093656314821578,0.0017967042091272367,0.0022511999999999996,0.0,0.0,0.5708967038322965,1.2,1.2,1.2,0.0,0.006447478673661475,0.006447478673661475,0.007736974408393771,0.0026532,0.0026532,2.981555974335137e-19,0.005083774408393769,0.0,0.0,0.9963047716550476,0.6353153104868765,1.0,0.83984375,0.9979207859436208,0.8023979084224896,0.9948060602938466,0.8263889811804465
35,35104,0.85,1.9,0.75,0.5,0.45,4,10,5,5,60,1.5,0.7,8.0,48.0,0.2,0.2,0.1,60,152.0,0.7916666666666666,2.5166666666666666,False,True,0.4166666666666667,0.2833333333333333,1.9666666666666666,9.0,8.333333333333334,684.0,solved_or_feasible,optimal,easy_or_medium,0.04690194129943848,5.279958009719849,1.6328470706939697,0.009810228970190224,0.7080433057563404,0.7010972388060603,1245,365,1211,1.0,0.092862,0.6151813057563406,0.7080433057563406,0.0031256513192232456,0.0021220304495264295,0.0022511999999999996,0.0,0.0,0.7080433057563406,1.2,1.2,1.2,0.0,0.007799072887229677,0.007799072887229677,0.00935888746467561,0.0026532,0.0026532,5.149960319306146e-19,0.006705687464675611,0.0,0.0,0.999239187142827,0.7435333436143903,1.0,0.7734375,0.996365147110696,0.7595566417388862,0.9850021310554694,0.7581285399679278
35,35105,0.85,1.9,0.75,0.5,0.45,4,10,5,5,60,1.5,0.7,8.0,48.0,0.2,0.2,0.1,60,143.0,0.7447916666666666,2.35,False,True,0.31666666666666665,0.26666666666666666,1.8666666666666667,9.0,8.766666666666667,693.0,solved_or_feasible,optimal,optimization_hard_runtime,0.028501033782958984,14.470945119857788,1.6085000038146973,0.009546094336849604,0.7132266499557064,0.706418121071674,1469,365,1435,0.8833333333333333,0.092862,0.6203646499557064,0.7132266499557064,0.003149231682754747,0.002223294900647874,0.0022511999999999996,0.0,0.0,0.7132266499557064,1.2,1.2,1.2,0.0,0.007881705839136291,0.007881705839136291,0.009458047006963548,0.0026532,0.0026531999999999997,3.2526065174565133e-19,0.006804847006963547,0.0,0.0,0.998512702080864,0.7202515832985084,1.0,0.73828125,0.9987744511135128,0.7256539680442547,0.9997753902165335,0.7127443963348302
