job_id,assigned_cluster,start_hour,end_hour,start_slot,end_slot,duration,duration_h,power,gpus,gpu_count_required,gpu_type_required,cpu_required,memory_required_gb,slot_minutes
synthetic_00001,cluster_a10,76,77,76,77,1,0.25,0.00015,1,1,,3.152,5.46875,15
synthetic_00002,cluster_p100,13,20,13,20,7,1.75,0.00025,1,1,,11.908,46.0,15
synthetic_00003,cluster_a10,67,74,67,74,7,1.75,0.00015,1,1,,4.0,29.8017578125,15
synthetic_00004,cluster_g2,49,50,49,50,1,0.25,0.00035,1,1,,18.708,63.0,15
synthetic_00005,cluster_t4,13,14,13,14,1,0.25,7e-05,1,1,T4,3.152,5.46875,15
synthetic_00006,cluster_g2,48,50,48,50,2,0.5,0.00035,1,1,G2,18.708,63.0,15
synthetic_00007,cluster_v100m32,12,16,12,16,4,1.0,0.00025,1,1,,8.0,29.8017578125,15
synthetic_00008,cluster_v100m32,32,38,32,38,6,1.5,0.00025,1,1,,4.0,14.900390625,15
synthetic_00009,cluster_v100m16,85,86,85,86,1,0.25,0.00025,1,1,,18.708,63.0,15
synthetic_00010,cluster_t4,25,29,25,29,4,1.0,7e-05,1,1,,18.708,63.0,15
synthetic_00011,cluster_t4,41,42,41,42,1,0.25,7e-05,1,1,T4,1.0,2.0,15
synthetic_00012,cluster_t4,19,21,19,21,2,0.5,7e-05,1,1,T4,9.81,40.5859375,15
synthetic_00013,cluster_a10,16,17,16,17,1,0.25,0.00015,1,1,,3.152,5.46875,15
synthetic_00014,cluster_g3,84,88,84,88,4,1.0,0.00035,1,1,,11.908,46.0,15
synthetic_00015,cluster_a10,29,30,29,30,1,0.25,0.00015,1,1,,9.81,40.5859375,15
synthetic_00016,cluster_v100m16,66,67,66,67,1,0.25,0.00025,1,1,,3.152,5.46875,15
synthetic_00017,cluster_v100m16,7,8,7,8,1,0.25,0.00025,1,1,,4.0,29.8017578125,15
synthetic_00018,cluster_g3,8,9,8,9,1,0.25,0.00035,1,1,,11.4,47.0,15
synthetic_00019,cluster_t4,80,81,80,81,1,0.25,7e-05,1,1,T4,3.152,5.46875,15
synthetic_00020,cluster_v100m16,94,95,94,95,1,0.25,0.00025,1,1,,14.2,57.0,15
synthetic_00021,cluster_t4,82,84,82,84,2,0.5,7e-05,1,1,T4,14.2,57.0,15
synthetic_00022,cluster_g2,50,51,50,51,1,0.25,0.00035,1,1,G2,11.3,48.0,15
synthetic_00023,cluster_g3,28,29,28,29,1,0.25,0.00035,1,1,,18.708,63.0,15
synthetic_00024,cluster_t4,81,82,81,82,1,0.25,7e-05,1,1,T4,11.4,47.0,15
synthetic_00025,cluster_t4,24,26,24,26,2,0.5,7e-05,1,1,T4,3.152,5.46875,15
synthetic_00026,cluster_p100,88,90,88,90,2,0.5,0.00025,1,1,G2|P100|T4|V100M16|V100M32,4.0,14.900390625,15
synthetic_00027,cluster_v100m32,3,6,3,6,3,0.75,0.00025,1,1,,24.2,91.0,15
synthetic_00028,cluster_g3,23,24,23,24,1,0.25,0.00035,1,1,G3,11.908,46.0,15
synthetic_00029,cluster_t4,52,53,52,53,1,0.25,7e-05,1,1,T4,11.908,46.0,15
synthetic_00030,cluster_v100m16,54,55,54,55,1,0.25,0.00025,1,1,,11.908,46.0,15
synthetic_00031,cluster_t4,14,28,14,28,14,3.5,7e-05,1,1,T4,16.0,64.0,15
synthetic_00032,cluster_t4,84,86,84,86,2,0.5,7e-05,1,1,,11.908,46.0,15
synthetic_00033,cluster_g3,61,62,61,62,1,0.25,0.00035,1,1,,12.0,15.0,15
synthetic_00034,cluster_t4,92,93,92,93,1,0.25,7e-05,1,1,T4,11.908,46.0,15
synthetic_00035,cluster_t4,78,85,78,85,7,1.75,7e-05,1,1,,11.908,46.0,15
synthetic_00036,cluster_p100,49,51,49,51,2,0.5,0.00025,1,1,,16.0,32.0,15
synthetic_00037,cluster_a10,3,4,3,4,1,0.25,0.00015,1,1,,3.152,5.46875,15
synthetic_00038,cluster_t4,15,17,15,17,2,0.5,7e-05,1,1,,4.0,29.8017578125,15
synthetic_00039,cluster_g2,8,9,8,9,1,0.25,0.00035,1,1,G2,11.4,47.0,15
synthetic_00040,cluster_a10,87,88,87,88,1,0.25,0.00015,1,1,,3.152,5.46875,15
synthetic_00041,cluster_p100,65,66,65,66,1,0.25,0.00025,1,1,,3.152,5.46875,15
synthetic_00042,cluster_v100m16,5,21,5,21,16,4.0,0.00025,1,1,,12.0,15.0,15
synthetic_00043,cluster_g2,73,74,73,74,1,0.25,0.00035,1,1,,11.4,47.0,15
synthetic_00044,cluster_t4,66,71,66,71,5,1.25,7e-05,1,1,,4.0,29.8017578125,15
synthetic_00045,cluster_g2,6,21,6,21,15,3.75,0.00035,1,1,,11.908,46.0,15
synthetic_00046,cluster_a10,37,38,37,38,1,0.25,0.00015,1,1,,3.152,5.46875,15
synthetic_00047,cluster_t4,62,66,62,66,4,1.0,7e-05,1,1,,11.4,47.0,15
synthetic_00048,cluster_t4,28,30,28,30,2,0.5,7e-05,1,1,T4,11.908,46.0,15
synthetic_00049,cluster_t4,12,13,12,13,1,0.25,7e-05,1,1,T4,11.4,47.0,15
synthetic_00050,cluster_p100,61,66,61,66,5,1.25,0.00025,1,1,,15.2,79.0,15
synthetic_00051,cluster_v100m32,17,19,17,19,2,0.5,0.00025,1,1,,11.4,47.0,15
synthetic_00052,cluster_v100m32,2,4,2,4,2,0.5,0.00025,1,1,V100M16|V100M32,11.4,47.0,15
synthetic_00053,cluster_t4,73,76,73,76,3,0.75,7e-05,1,1,T4,11.3,48.0,15
synthetic_00054,cluster_v100m16,9,10,9,10,1,0.25,0.00025,1,1,,3.152,5.46875,15
synthetic_00055,cluster_p100,71,72,71,72,1,0.25,0.00025,1,1,,11.4,47.0,15
synthetic_00056,cluster_v100m32,14,15,14,15,1,0.25,0.00025,1,1,,11.3,48.0,15
synthetic_00057,cluster_a10,75,76,75,76,1,0.25,0.00015,1,1,,11.4,47.0,15
synthetic_00058,cluster_t4,5,7,5,7,2,0.5,7e-05,1,1,T4,11.908,46.0,15
synthetic_00059,cluster_t4,62,63,62,63,1,0.25,7e-05,1,1,,3.152,5.46875,15
synthetic_00060,cluster_t4,50,51,50,51,1,0.25,7e-05,1,1,T4,3.152,5.46875,15
synthetic_00061,cluster_t4,83,85,83,85,2,0.5,7e-05,1,1,T4,11.4,47.0,15
synthetic_00062,cluster_v100m16,40,43,40,43,3,0.75,0.00025,1,1,P100|V100M16|V100M32,11.4,47.0,15
synthetic_00063,cluster_t4,17,19,17,19,2,0.5,7e-05,1,1,,11.908,46.0,15
synthetic_00064,cluster_p100,11,12,11,12,1,0.25,0.00025,1,1,P100,3.152,5.46875,15
synthetic_00065,cluster_g3,16,17,16,17,1,0.25,0.00035,1,1,,3.152,5.46875,15
synthetic_00066,cluster_p100,12,13,12,13,1,0.25,0.00025,1,1,,11.3,48.0,15
synthetic_00067,cluster_g2,51,52,51,52,1,0.25,0.00035,1,1,,3.152,5.46875,15
synthetic_00068,cluster_g2,17,29,17,29,12,3.0,0.00035,1,1,G2,11.3,37.0,15
synthetic_00069,cluster_g3,28,29,28,29,1,0.25,0.00035,1,1,,3.152,5.46875,15
synthetic_00070,cluster_v100m16,41,43,41,43,2,0.5,0.00025,1,1,P100|T4|V100M16|V100M32,11.3,48.0,15
synthetic_00071,cluster_v100m32,80,81,80,81,1,0.25,0.00025,1,1,,11.908,46.0,15
synthetic_00072,cluster_v100m16,48,49,48,49,1,0.25,0.00025,1,1,,8.0,29.8017578125,15
synthetic_00073,cluster_g3,20,22,20,22,2,0.5,0.00035,1,1,G3,16.0,32.0,15
synthetic_00074,cluster_t4,83,84,83,84,1,0.25,7e-05,1,1,,11.3,48.0,15
synthetic_00075,cluster_v100m32,74,86,74,86,12,3.0,0.00025,1,1,P100|T4|V100M16|V100M32,18.708,63.0,15
synthetic_00076,cluster_v100m32,32,34,32,34,2,0.5,0.00025,1,1,,11.908,46.0,15
synthetic_00077,cluster_v100m32,35,36,35,36,1,0.25,0.00025,1,1,P100|V100M16|V100M32,24.2,91.0,15
synthetic_00078,cluster_a10,5,6,5,6,1,0.25,0.00015,1,1,,11.908,46.0,15
synthetic_00079,cluster_t4,43,44,43,44,1,0.25,7e-05,1,1,T4,11.3,48.0,15
synthetic_00080,cluster_a10,83,84,83,84,1,0.25,0.00015,1,1,,3.152,5.46875,15
synthetic_00081,cluster_t4,5,6,5,6,1,0.25,7e-05,1,1,,3.152,5.46875,15
synthetic_00082,cluster_a10,69,70,69,70,1,0.25,0.00015,1,1,,3.152,5.46875,15
synthetic_00083,cluster_p100,7,8,7,8,1,0.25,0.00025,1,1,,24.2,91.0,15
synthetic_00084,cluster_t4,23,24,23,24,1,0.25,7e-05,1,1,T4,3.152,5.46875,15
synthetic_00085,cluster_t4,46,47,46,47,1,0.25,7e-05,1,1,,11.3,48.0,15
synthetic_00086,cluster_t4,50,57,50,57,7,1.75,7e-05,1,1,,11.908,46.0,15
synthetic_00087,cluster_p100,37,38,37,38,1,0.25,0.00025,1,1,,3.152,5.46875,15
synthetic_00088,cluster_v100m32,49,50,49,50,1,0.25,0.00025,1,1,,3.152,5.46875,15
synthetic_00089,cluster_v100m16,45,47,45,47,2,0.5,0.00025,1,1,,24.2,91.0,15
synthetic_00090,cluster_g2,38,39,38,39,1,0.25,0.00035,1,1,G2,11.3,48.0,15
synthetic_00091,cluster_g2,1,2,1,2,1,0.25,0.00035,1,1,,8.0,29.8017578125,15
synthetic_00092,cluster_g2,49,50,49,50,1,0.25,0.00035,1,1,G2,11.3,48.0,15
synthetic_00093,cluster_p100,15,16,15,16,1,0.25,0.00025,1,1,,14.2,57.0,15
synthetic_00094,cluster_t4,49,52,49,52,3,0.75,7e-05,1,1,T4,9.81,40.5859375,15
synthetic_00095,cluster_v100m16,23,24,23,24,1,0.25,0.00025,1,1,,8.0,29.8017578125,15
synthetic_00096,cluster_a10,21,22,21,22,1,0.25,0.00015,1,1,,8.0,29.8017578125,15
synthetic_00097,cluster_t4,35,36,35,36,1,0.25,7e-05,1,1,T4,8.0,29.8017578125,15
synthetic_00098,cluster_v100m32,17,28,17,28,11,2.75,0.00025,1,1,,4.0,22.3515625,15
synthetic_00099,cluster_t4,68,69,68,69,1,0.25,7e-05,1,1,T4,11.3,48.0,15
synthetic_00100,cluster_t4,79,81,79,81,2,0.5,7e-05,1,1,T4,11.4,47.0,15
synthetic_00101,cluster_t4,33,40,33,40,7,1.75,7e-05,1,1,T4,4.0,22.3515625,15
synthetic_00102,cluster_v100m16,34,35,34,35,1,0.25,0.00025,1,1,,3.152,5.46875,15
synthetic_00103,cluster_g2,12,13,12,13,1,0.25,0.00035,1,1,,3.152,5.46875,15
synthetic_00104,cluster_g2,78,79,78,79,1,0.25,0.00035,1,1,,11.3,48.0,15
synthetic_00105,cluster_a10,93,94,93,94,1,0.25,0.00015,1,1,,9.81,40.5859375,15
synthetic_00106,cluster_a10,42,43,42,43,1,0.25,0.00015,1,1,,12.0,16.0,15
synthetic_00107,cluster_a10,18,21,18,21,3,0.75,0.00015,1,1,,11.908,46.0,15
synthetic_00108,cluster_g3,34,35,34,35,1,0.25,0.00035,1,1,G3,12.0,24.0,15
synthetic_00109,cluster_a10,28,29,28,29,1,0.25,0.00015,1,1,,3.152,5.46875,15
synthetic_00110,cluster_a10,55,56,55,56,1,0.25,0.00015,1,1,,4.0,22.3515625,15
synthetic_00111,cluster_v100m32,11,12,11,12,1,0.25,0.00025,1,1,,3.152,5.46875,15
synthetic_00112,cluster_g2,28,33,28,33,5,1.25,0.00035,1,1,G2,8.2,33.0,15
synthetic_00113,cluster_g3,60,61,60,61,1,0.25,0.00035,1,1,,11.3,48.0,15
synthetic_00114,cluster_t4,17,18,17,18,1,0.25,7e-05,1,1,T4,4.0,29.8017578125,15
synthetic_00115,cluster_t4,23,24,23,24,1,0.25,7e-05,1,1,T4,18.708,63.0,15
synthetic_00116,cluster_v100m16,28,29,28,29,1,0.25,0.00025,1,1,,11.908,46.0,15
synthetic_00117,cluster_v100m16,54,64,54,64,10,2.5,0.00025,1,1,,4.0,14.900390625,15
synthetic_00118,cluster_g2,9,10,9,10,1,0.25,0.00035,1,1,G2,3.152,5.46875,15
synthetic_00119,cluster_t4,3,4,3,4,1,0.25,7e-05,1,1,T4,3.152,5.46875,15
synthetic_00120,cluster_g2,80,84,80,84,4,1.0,0.00035,1,1,G2,16.0,32.0,15
synthetic_00121,cluster_a10,64,66,64,66,2,0.5,0.00015,1,1,,4.0,14.900390625,15
synthetic_00122,cluster_t4,32,33,32,33,1,0.25,7e-05,1,1,,3.152,5.46875,15
synthetic_00123,cluster_v100m32,81,82,81,82,1,0.25,0.00025,1,1,,11.3,48.0,15
synthetic_00124,cluster_v100m32,63,64,63,64,1,0.25,0.00025,1,1,,15.2,79.0,15
synthetic_00125,cluster_p100,40,48,40,48,8,2.0,0.00025,1,1,,11.4,47.0,15
synthetic_00126,cluster_t4,83,85,83,85,2,0.5,7e-05,1,1,T4,3.152,5.46875,15
synthetic_00127,cluster_t4,21,22,21,22,1,0.25,7e-05,1,1,,1.0,2.0,15
synthetic_00128,cluster_t4,25,26,25,26,1,0.25,7e-05,1,1,T4,4.0,14.900390625,15
synthetic_00129,cluster_v100m32,30,32,30,32,2,0.5,0.00025,1,1,,3.152,5.46875,15
synthetic_00130,cluster_p100,86,88,86,88,2,0.5,0.00025,1,1,,12.0,32.0,15
synthetic_00131,cluster_t4,81,96,81,96,15,3.75,7e-05,1,1,T4,11.4,47.0,15
synthetic_00132,cluster_v100m32,24,25,24,25,1,0.25,0.00025,1,1,,11.4,47.0,15
synthetic_00133,cluster_t4,29,31,29,31,2,0.5,7e-05,1,1,T4,11.4,47.0,15
synthetic_00134,cluster_v100m32,61,62,61,62,1,0.25,0.00025,1,1,,15.7,57.0,15
synthetic_00135,cluster_t4,68,70,68,70,2,0.5,7e-05,1,1,T4,8.2,33.0,15
synthetic_00136,cluster_p100,43,44,43,44,1,0.25,0.00025,1,1,,11.3,48.0,15
synthetic_00137,cluster_a10,10,12,10,12,2,0.5,0.00015,1,1,,6.0,6.0,15
synthetic_00138,cluster_p100,79,80,79,80,1,0.25,0.00025,1,1,P100,11.908,46.0,15
synthetic_00139,cluster_v100m16,86,87,86,87,1,0.25,0.00025,1,1,,11.4,76.0,15
synthetic_00140,cluster_g2,4,5,4,5,1,0.25,0.00035,1,1,,11.4,47.0,15
synthetic_00141,cluster_a10,14,17,14,17,3,0.75,0.00015,1,1,,11.4,47.0,15
synthetic_00142,cluster_g3,68,72,68,72,4,1.0,0.00035,1,1,,16.0,32.0,15
synthetic_00143,cluster_t4,36,46,36,46,10,2.5,7e-05,1,1,T4,14.2,57.0,15
synthetic_00144,cluster_p100,9,12,9,12,3,0.75,0.00025,1,1,,9.81,40.5859375,15
synthetic_00145,cluster_g3,49,50,49,50,1,0.25,0.00035,1,1,,11.908,46.0,15
synthetic_00146,cluster_t4,31,32,31,32,1,0.25,7e-05,1,1,,12.0,16.0,15
synthetic_00147,cluster_a10,46,60,46,60,14,3.5,0.00015,1,1,,9.81,40.5859375,15
synthetic_00148,cluster_t4,19,20,19,20,1,0.25,7e-05,1,1,T4,3.152,5.46875,15
synthetic_00149,cluster_v100m32,88,89,88,89,1,0.25,0.00025,1,1,,3.152,5.46875,15
synthetic_00150,cluster_t4,54,59,54,59,5,1.25,7e-05,1,1,,4.0,24.0,15
synthetic_00151,cluster_t4,2,4,2,4,2,0.5,7e-05,1,1,T4,3.152,5.46875,15
synthetic_00152,cluster_g3,84,88,84,88,4,1.0,0.00035,1,1,,11.908,46.0,15
synthetic_00153,cluster_t4,86,87,86,87,1,0.25,7e-05,1,1,T4,3.152,5.46875,15
synthetic_00154,cluster_p100,87,88,87,88,1,0.25,0.00025,1,1,,4.152,10.3515625,15
synthetic_00155,cluster_p100,66,67,66,67,1,0.25,0.00025,1,1,,18.708,63.0,15
synthetic_00156,cluster_t4,90,92,90,92,2,0.5,7e-05,1,1,,11.3,48.0,15
synthetic_00157,cluster_g2,49,50,49,50,1,0.25,0.00035,1,1,,11.3,48.0,15
synthetic_00158,cluster_v100m32,25,36,25,36,11,2.75,0.00025,1,1,,4.0,22.3515625,15
synthetic_00159,cluster_a10,59,60,59,60,1,0.25,0.00015,1,1,,11.4,47.0,15
synthetic_00160,cluster_t4,83,84,83,84,1,0.25,7e-05,1,1,,3.152,5.46875,15
synthetic_00161,cluster_t4,52,53,52,53,1,0.25,7e-05,1,1,,3.152,5.46875,15
synthetic_00162,cluster_g3,50,54,50,54,4,1.0,0.00035,1,1,,12.0,24.0,15
synthetic_00163,cluster_t4,75,77,75,77,2,0.5,7e-05,1,1,T4,9.81,40.5859375,15
synthetic_00164,cluster_v100m32,84,85,84,85,1,0.25,0.00025,1,1,,3.152,5.46875,15
synthetic_00165,cluster_t4,33,34,33,34,1,0.25,7e-05,1,1,T4,11.3,48.0,15
synthetic_00166,cluster_g2,64,66,64,66,2,0.5,0.00035,1,1,,3.152,5.46875,15
synthetic_00167,cluster_t4,34,36,34,36,2,0.5,7e-05,1,1,T4,11.3,48.0,15
synthetic_00168,cluster_v100m32,17,18,17,18,1,0.25,0.00025,1,1,,8.0,29.8017578125,15
synthetic_00169,cluster_v100m32,64,69,64,69,5,1.25,0.00025,1,1,V100M16|V100M32,4.0,24.0,15
synthetic_00170,cluster_t4,59,60,59,60,1,0.25,7e-05,1,1,T4,11.908,46.0,15
synthetic_00171,cluster_g2,68,69,68,69,1,0.25,0.00035,1,1,G2,4.0,24.0,15
synthetic_00172,cluster_v100m32,3,4,3,4,1,0.25,0.00025,1,1,,12.0,16.0,15
synthetic_00173,cluster_v100m32,81,82,81,82,1,0.25,0.00025,1,1,V100M16|V100M32,18.708,63.0,15
synthetic_00174,cluster_a10,86,91,86,91,5,1.25,0.00015,1,1,,12.0,24.0,15
synthetic_00175,cluster_t4,27,28,27,28,1,0.25,7e-05,1,1,,8.0,29.8017578125,15
synthetic_00176,cluster_g2,19,20,19,20,1,0.25,0.00035,1,1,,8.0,29.8017578125,15
synthetic_00177,cluster_g2,0,1,0,1,1,0.25,0.00035,1,1,G2,11.3,48.0,15
synthetic_00178,cluster_v100m16,16,18,16,18,2,0.5,0.00025,1,1,V100M16|V100M32,11.4,47.0,15
synthetic_00179,cluster_p100,28,29,28,29,1,0.25,0.00025,1,1,P100,11.908,46.0,15
synthetic_00180,cluster_p100,58,59,58,59,1,0.25,0.00025,1,1,,12.0,24.0,15
synthetic_00181,cluster_a10,90,91,90,91,1,0.25,0.00015,1,1,,8.0,29.8017578125,15
synthetic_00182,cluster_v100m32,7,10,7,10,3,0.75,0.00025,1,1,V100M16|V100M32,15.7,57.0,15
synthetic_00183,cluster_p100,56,57,56,57,1,0.25,0.00025,1,1,,15.7,57.0,15
synthetic_00184,cluster_g3,9,10,9,10,1,0.25,0.00035,1,1,,3.152,5.46875,15
synthetic_00185,cluster_g3,45,47,45,47,2,0.5,0.00035,1,1,G3,11.3,48.0,15
synthetic_00186,cluster_g2,57,58,57,58,1,0.25,0.00035,1,1,,4.0,14.900390625,15
synthetic_00187,cluster_v100m16,34,35,34,35,1,0.25,0.00025,1,1,,11.4,47.0,15
synthetic_00188,cluster_g2,83,84,83,84,1,0.25,0.00035,1,1,,4.152,10.3515625,15
synthetic_00189,cluster_t4,83,87,83,87,4,1.0,7e-05,1,1,,11.4,47.0,15
synthetic_00190,cluster_p100,58,63,58,63,5,1.25,0.00025,1,1,,4.0,29.8017578125,15
synthetic_00191,cluster_t4,2,5,2,5,3,0.75,7e-05,1,1,T4,11.4,76.0,15
synthetic_00192,cluster_g2,12,13,12,13,1,0.25,0.00035,1,1,,15.2,79.0,15
synthetic_00193,cluster_g3,32,33,32,33,1,0.25,0.00035,1,1,,18.708,63.0,15
synthetic_00194,cluster_t4,68,69,68,69,1,0.25,7e-05,1,1,,3.152,5.46875,15
synthetic_00195,cluster_g3,85,86,85,86,1,0.25,0.00035,1,1,,3.152,5.46875,15
synthetic_00196,cluster_g2,40,42,40,42,2,0.5,0.00035,1,1,G2,4.0,30.517578125,15
synthetic_00197,cluster_p100,36,47,36,47,11,2.75,0.00025,1,1,P100,4.0,22.3515625,15
synthetic_00198,cluster_v100m32,10,11,10,11,1,0.25,0.00025,1,1,,18.708,63.0,15
synthetic_00199,cluster_t4,33,34,33,34,1,0.25,7e-05,1,1,T4,3.152,5.46875,15
synthetic_00200,cluster_p100,88,93,88,93,5,1.25,0.00025,1,1,,16.0,32.0,15
synthetic_00201,cluster_g2,77,83,77,83,6,1.5,0.00035,1,1,,12.0,24.0,15
synthetic_00202,cluster_t4,78,85,78,85,7,1.75,7e-05,1,1,T4,4.0,14.900390625,15
synthetic_00203,cluster_g2,90,91,90,91,1,0.25,0.00035,1,1,,3.152,5.46875,15
synthetic_00204,cluster_a10,35,36,35,36,1,0.25,0.00015,1,1,,3.152,5.46875,15
synthetic_00205,cluster_g2,32,33,32,33,1,0.25,0.00035,1,1,,3.152,5.46875,15
synthetic_00206,cluster_t4,55,57,55,57,2,0.5,7e-05,1,1,T4,16.0,32.0,15
synthetic_00207,cluster_v100m32,26,27,26,27,1,0.25,0.00025,1,1,,3.152,5.46875,15
synthetic_00208,cluster_v100m16,18,19,18,19,1,0.25,0.00025,1,1,,3.152,5.46875,15
synthetic_00209,cluster_g3,42,43,42,43,1,0.25,0.00035,1,1,,3.152,5.46875,15
synthetic_00210,cluster_v100m16,48,49,48,49,1,0.25,0.00025,1,1,,11.4,47.0,15
synthetic_00211,cluster_p100,76,78,76,78,2,0.5,0.00025,1,1,,11.908,46.0,15
synthetic_00212,cluster_g2,85,88,85,88,3,0.75,0.00035,1,1,G2,15.7,57.0,15
synthetic_00213,cluster_t4,25,26,25,26,1,0.25,7e-05,1,1,T4,3.152,5.46875,15
synthetic_00214,cluster_v100m16,33,35,33,35,2,0.5,0.00025,1,1,,3.152,5.46875,15
synthetic_00215,cluster_v100m16,23,24,23,24,1,0.25,0.00025,1,1,,11.908,46.0,15
synthetic_00216,cluster_g2,61,62,61,62,1,0.25,0.00035,1,1,,3.152,5.46875,15
synthetic_00217,cluster_g2,69,70,69,70,1,0.25,0.00035,1,1,,11.3,48.0,15
synthetic_00218,cluster_v100m16,6,7,6,7,1,0.25,0.00025,1,1,,3.152,5.46875,15
synthetic_00219,cluster_t4,54,55,54,55,1,0.25,7e-05,1,1,,3.152,5.46875,15
synthetic_00220,cluster_t4,71,72,71,72,1,0.25,7e-05,1,1,T4,11.3,48.0,15
synthetic_00221,cluster_t4,79,82,79,82,3,0.75,7e-05,1,1,,11.4,47.0,15
synthetic_00222,cluster_p100,78,80,78,80,2,0.5,0.00025,1,1,P100,3.152,5.46875,15
synthetic_00223,cluster_p100,60,61,60,61,1,0.25,0.00025,1,1,,3.152,5.46875,15
synthetic_00224,cluster_v100m16,6,7,6,7,1,0.25,0.00025,1,1,,3.152,5.46875,15
synthetic_00225,cluster_g2,40,41,40,41,1,0.25,0.00035,1,1,,3.152,5.46875,15
synthetic_00226,cluster_v100m16,41,44,41,44,3,0.75,0.00025,1,1,V100M16|V100M32,9.81,40.5859375,15
synthetic_00227,cluster_v100m32,71,72,71,72,1,0.25,0.00025,1,1,,3.152,5.46875,15
synthetic_00228,cluster_p100,45,46,45,46,1,0.25,0.00025,1,1,P100,3.152,5.46875,15
synthetic_00229,cluster_t4,88,89,88,89,1,0.25,7e-05,1,1,,3.152,5.46875,15
synthetic_00230,cluster_t4,80,82,80,82,2,0.5,7e-05,1,1,T4,8.0,16.0,15
synthetic_00231,cluster_p100,84,85,84,85,1,0.25,0.00025,1,1,,8.0,29.8017578125,15
synthetic_00232,cluster_p100,3,4,3,4,1,0.25,0.00025,1,1,,18.708,63.0,15
synthetic_00233,cluster_g3,22,23,22,23,1,0.25,0.00035,1,1,,3.152,5.46875,15
synthetic_00234,cluster_p100,74,76,74,76,2,0.5,0.00025,1,1,,4.0,14.900390625,15
synthetic_00235,cluster_v100m32,60,62,60,62,2,0.5,0.00025,1,1,P100|T4|V100M16|V100M32,11.4,47.0,15
synthetic_00236,cluster_p100,62,64,62,64,2,0.5,0.00025,1,1,,16.0,32.0,15
synthetic_00237,cluster_t4,11,16,11,16,5,1.25,7e-05,1,1,,11.3,48.0,15
synthetic_00238,cluster_t4,91,93,91,93,2,0.5,7e-05,1,1,,6.0,12.0,15
synthetic_00239,cluster_g3,74,77,74,77,3,0.75,0.00035,1,1,G3,11.4,47.0,15
synthetic_00240,cluster_v100m32,22,23,22,23,1,0.25,0.00025,1,1,P100|V100M16|V100M32,4.0,24.0,15
synthetic_00241,cluster_t4,84,86,84,86,2,0.5,7e-05,1,1,,11.908,46.0,15
synthetic_00242,cluster_a10,56,57,56,57,1,0.25,0.00015,1,1,,9.81,40.5859375,15
synthetic_00243,cluster_g2,14,15,14,15,1,0.25,0.00035,1,1,,8.0,29.8017578125,15
synthetic_00244,cluster_v100m32,57,59,57,59,2,0.5,0.00025,1,1,V100M16|V100M32,15.7,57.0,15
synthetic_00245,cluster_a10,61,62,61,62,1,0.25,0.00015,1,1,,1.0,2.0,15
synthetic_00246,cluster_g3,24,25,24,25,1,0.25,0.00035,1,1,G3,9.81,40.5859375,15
synthetic_00247,cluster_g3,47,48,47,48,1,0.25,0.00035,1,1,G3,3.152,5.46875,15
synthetic_00248,cluster_p100,61,67,61,67,6,1.5,0.00025,1,1,,15.7,57.0,15
synthetic_00249,cluster_t4,37,38,37,38,1,0.25,7e-05,1,1,T4,9.81,40.5859375,15
synthetic_00250,cluster_v100m16,90,91,90,91,1,0.25,0.00025,1,1,V100M16|V100M32,11.3,48.0,15
synthetic_00251,cluster_a10,51,52,51,52,1,0.25,0.00015,1,1,,11.4,47.0,15
synthetic_00252,cluster_a10,44,45,44,45,1,0.25,0.00015,1,1,,3.152,5.46875,15
synthetic_00253,cluster_t4,75,76,75,76,1,0.25,7e-05,1,1,T4,9.81,40.5859375,15
synthetic_00254,cluster_p100,62,63,62,63,1,0.25,0.00025,1,1,,9.81,40.5859375,15
synthetic_00255,cluster_t4,91,92,91,92,1,0.25,7e-05,1,1,,11.3,48.0,15
synthetic_00256,cluster_t4,49,50,49,50,1,0.25,7e-05,1,1,,4.152,10.3515625,15
synthetic_00257,cluster_v100m32,73,74,73,74,1,0.25,0.00025,1,1,,3.152,5.46875,15
synthetic_00258,cluster_a10,88,89,88,89,1,0.25,0.00015,1,1,,3.152,5.46875,15
synthetic_00259,cluster_v100m32,29,30,29,30,1,0.25,0.00025,1,1,,3.152,5.46875,15
synthetic_00260,cluster_v100m32,14,15,14,15,1,0.25,0.00025,1,1,,11.908,46.0,15
synthetic_00261,cluster_t4,88,94,88,94,6,1.5,7e-05,1,1,T4,4.0,22.3515625,15
synthetic_00262,cluster_g2,75,79,75,79,4,1.0,0.00035,1,1,,11.4,47.0,15
synthetic_00263,cluster_p100,28,36,28,36,8,2.0,0.00025,1,1,,16.0,32.0,15
synthetic_00264,cluster_t4,69,71,69,71,2,0.5,7e-05,1,1,,8.0,29.8017578125,15
synthetic_00265,cluster_t4,41,42,41,42,1,0.25,7e-05,1,1,T4,4.152,10.3515625,15
synthetic_00266,cluster_v100m32,72,74,72,74,2,0.5,0.00025,1,1,,3.152,5.46875,15
synthetic_00267,cluster_v100m32,47,53,47,53,6,1.5,0.00025,1,1,,8.0,16.0,15
synthetic_00268,cluster_t4,50,55,50,55,5,1.25,7e-05,1,1,,4.0,14.900390625,15
synthetic_00269,cluster_g2,88,89,88,89,1,0.25,0.00035,1,1,,3.152,5.46875,15
synthetic_00270,cluster_v100m32,22,34,22,34,12,3.0,0.00025,1,1,,4.0,22.3515625,15
synthetic_00271,cluster_v100m16,67,68,67,68,1,0.25,0.00025,1,1,,3.152,5.46875,15
synthetic_00272,cluster_t4,29,40,29,40,11,2.75,7e-05,1,1,,4.0,22.3515625,15
synthetic_00273,cluster_g3,47,60,47,60,13,3.25,0.00035,1,1,,4.0,22.3515625,15
synthetic_00274,cluster_g2,38,40,38,40,2,0.5,0.00035,1,1,G2,11.4,47.0,15
synthetic_00275,cluster_v100m32,32,33,32,33,1,0.25,0.00025,1,1,,8.0,29.8017578125,15
synthetic_00276,cluster_t4,31,47,31,47,16,4.0,7e-05,1,1,T4,3.152,5.46875,15
synthetic_00277,cluster_g2,48,49,48,49,1,0.25,0.00035,1,1,,3.152,5.46875,15
synthetic_00278,cluster_v100m32,2,3,2,3,1,0.25,0.00025,1,1,,3.152,5.46875,15
synthetic_00279,cluster_t4,54,56,54,56,2,0.5,7e-05,1,1,T4,11.4,76.0,15
synthetic_00280,cluster_g3,35,38,35,38,3,0.75,0.00035,1,1,,11.908,46.0,15
synthetic_00281,cluster_t4,1,2,1,2,1,0.25,7e-05,1,1,T4,11.908,46.0,15
synthetic_00282,cluster_a10,17,19,17,19,2,0.5,0.00015,1,1,,11.3,48.0,15
synthetic_00283,cluster_p100,39,41,39,41,2,0.5,0.00025,1,1,P100,3.152,5.46875,15
synthetic_00284,cluster_v100m16,41,42,41,42,1,0.25,0.00025,1,1,,3.152,5.46875,15
synthetic_00285,cluster_t4,95,96,95,96,1,0.25,7e-05,1,1,T4,11.3,48.0,15
synthetic_00286,cluster_g2,69,70,69,70,1,0.25,0.00035,1,1,,3.152,5.46875,15
synthetic_00287,cluster_p100,29,30,29,30,1,0.25,0.00025,1,1,,3.152,5.46875,15
synthetic_00288,cluster_g2,63,65,63,65,2,0.5,0.00035,1,1,,8.0,16.0,15
synthetic_00289,cluster_t4,43,44,43,44,1,0.25,7e-05,1,1,T4,3.152,5.46875,15
synthetic_00290,cluster_a10,12,14,12,14,2,0.5,0.00015,1,1,,3.152,5.46875,15
synthetic_00291,cluster_t4,33,40,33,40,7,1.75,7e-05,1,1,T4,11.4,47.0,15
synthetic_00292,cluster_v100m32,30,35,30,35,5,1.25,0.00025,1,1,,11.4,47.0,15
synthetic_00293,cluster_g3,72,73,72,73,1,0.25,0.00035,1,1,,11.3,48.0,15
synthetic_00294,cluster_t4,12,13,12,13,1,0.25,7e-05,1,1,T4,11.3,48.0,15
synthetic_00295,cluster_v100m16,65,66,65,66,1,0.25,0.00025,1,1,,14.2,57.0,15
synthetic_00296,cluster_g3,2,3,2,3,1,0.25,0.00035,1,1,,8.0,29.8017578125,15
synthetic_00297,cluster_v100m16,1,2,1,2,1,0.25,0.00025,1,1,,3.152,5.46875,15
synthetic_00298,cluster_t4,86,87,86,87,1,0.25,7e-05,1,1,T4,11.3,48.0,15
synthetic_00299,cluster_a10,74,75,74,75,1,0.25,0.00015,1,1,,3.152,5.46875,15
synthetic_00300,cluster_v100m32,78,80,78,80,2,0.5,0.00025,1,1,,3.152,5.46875,15
synthetic_00301,cluster_t4,92,96,92,96,4,1.0,7e-05,1,1,T4,8.0,16.0,15
synthetic_00302,cluster_t4,23,24,23,24,1,0.25,7e-05,1,1,,16.4,123.0,15
synthetic_00303,cluster_t4,56,57,56,57,1,0.25,7e-05,1,1,T4,11.3,48.0,15
synthetic_00304,cluster_t4,81,83,81,83,2,0.5,7e-05,1,1,T4,11.4,47.0,15
synthetic_00305,cluster_a10,48,49,48,49,1,0.25,0.00015,1,1,,11.4,47.0,15
synthetic_00306,cluster_p100,41,42,41,42,1,0.25,0.00025,1,1,,11.908,46.0,15
synthetic_00307,cluster_v100m16,4,5,4,5,1,0.25,0.00025,1,1,,11.4,47.0,15
synthetic_00308,cluster_t4,14,15,14,15,1,0.25,7e-05,1,1,T4,1.0,2.0,15
synthetic_00309,cluster_p100,34,35,34,35,1,0.25,0.00025,1,1,P100,6.0,12.0,15
synthetic_00310,cluster_a10,26,27,26,27,1,0.25,0.00015,1,1,,8.0,29.8017578125,15
synthetic_00311,cluster_t4,23,25,23,25,2,0.5,7e-05,1,1,T4,11.4,47.0,15
synthetic_00312,cluster_g3,48,49,48,49,1,0.25,0.00035,1,1,,11.3,48.0,15
synthetic_00313,cluster_g3,12,16,12,16,4,1.0,0.00035,1,1,,11.908,46.0,15
synthetic_00314,cluster_g3,18,19,18,19,1,0.25,0.00035,1,1,,4.152,10.3515625,15
synthetic_00315,cluster_v100m16,93,95,93,95,2,0.5,0.00025,1,1,,11.4,76.0,15
synthetic_00316,cluster_a10,81,83,81,83,2,0.5,0.00015,1,1,,11.3,48.0,15
synthetic_00317,cluster_g2,33,35,33,35,2,0.5,0.00035,1,1,,4.0,22.3515625,15
synthetic_00318,cluster_v100m16,22,23,22,23,1,0.25,0.00025,1,1,,3.152,5.46875,15
synthetic_00319,cluster_t4,58,60,58,60,2,0.5,7e-05,1,1,,3.152,5.46875,15
synthetic_00320,cluster_a10,2,3,2,3,1,0.25,0.00015,1,1,,11.3,48.0,15
synthetic_00321,cluster_p100,67,68,67,68,1,0.25,0.00025,1,1,,11.3,48.0,15
synthetic_00322,cluster_v100m16,19,21,19,21,2,0.5,0.00025,1,1,,9.81,40.5859375,15
synthetic_00323,cluster_g2,80,81,80,81,1,0.25,0.00035,1,1,,4.0,22.3515625,15
synthetic_00324,cluster_v100m32,56,59,56,59,3,0.75,0.00025,1,1,,8.0,29.8017578125,15
synthetic_00325,cluster_t4,16,17,16,17,1,0.25,7e-05,1,1,,11.4,47.0,15
synthetic_00326,cluster_g2,56,57,56,57,1,0.25,0.00035,1,1,,14.2,57.0,15
synthetic_00327,cluster_g2,85,86,85,86,1,0.25,0.00035,1,1,,3.152,5.46875,15
synthetic_00328,cluster_g3,15,16,15,16,1,0.25,0.00035,1,1,G3,3.152,5.46875,15
synthetic_00329,cluster_g3,65,66,65,66,1,0.25,0.00035,1,1,,11.908,46.0,15
synthetic_00330,cluster_g2,52,55,52,55,3,0.75,0.00035,1,1,G2,11.3,48.0,15
synthetic_00331,cluster_t4,25,26,25,26,1,0.25,7e-05,1,1,T4,11.3,48.0,15
synthetic_00332,cluster_g2,19,21,19,21,2,0.5,0.00035,1,1,,8.2,33.0,15
synthetic_00333,cluster_t4,25,32,25,32,7,1.75,7e-05,1,1,T4,11.4,47.0,15
synthetic_00334,cluster_v100m32,67,68,67,68,1,0.25,0.00025,1,1,,3.152,5.46875,15
synthetic_00335,cluster_g2,7,8,7,8,1,0.25,0.00035,1,1,,3.152,5.46875,15
synthetic_00336,cluster_g2,73,74,73,74,1,0.25,0.00035,1,1,,3.152,5.46875,15
synthetic_00337,cluster_a10,52,54,52,54,2,0.5,0.00015,1,1,,4.0,22.3515625,15
synthetic_00338,cluster_g2,38,51,38,51,13,3.25,0.00035,1,1,,11.3,48.0,15
synthetic_00339,cluster_v100m32,56,57,56,57,1,0.25,0.00025,1,1,,11.908,46.0,15
synthetic_00340,cluster_p100,84,88,84,88,4,1.0,0.00025,1,1,,1.0,6.0,15
synthetic_00341,cluster_t4,45,46,45,46,1,0.25,7e-05,1,1,T4,11.4,47.0,15
synthetic_00342,cluster_p100,77,78,77,78,1,0.25,0.00025,1,1,P100,11.908,46.0,15
synthetic_00343,cluster_t4,8,11,8,11,3,0.75,7e-05,1,1,,11.3,48.0,15
synthetic_00344,cluster_v100m16,80,82,80,82,2,0.5,0.00025,1,1,,3.152,5.46875,15
synthetic_00345,cluster_t4,15,16,15,16,1,0.25,7e-05,1,1,,11.908,46.0,15
synthetic_00346,cluster_t4,3,7,3,7,4,1.0,7e-05,1,1,T4,11.4,47.0,15
synthetic_00347,cluster_p100,6,17,6,17,11,2.75,0.00025,1,1,,14.2,57.0,15
synthetic_00348,cluster_g2,57,59,57,59,2,0.5,0.00035,1,1,,6.0,6.0,15
synthetic_00349,cluster_t4,26,27,26,27,1,0.25,7e-05,1,1,T4,3.152,5.46875,15
synthetic_00350,cluster_t4,9,11,9,11,2,0.5,7e-05,1,1,T4,11.4,47.0,15
synthetic_00351,cluster_g2,40,41,40,41,1,0.25,0.00035,1,1,,8.2,33.0,15
synthetic_00352,cluster_t4,68,69,68,69,1,0.25,7e-05,1,1,T4,8.0,29.8017578125,15
synthetic_00353,cluster_p100,83,85,83,85,2,0.5,0.00025,1,1,P100,3.152,5.46875,15
synthetic_00354,cluster_t4,52,53,52,53,1,0.25,7e-05,1,1,T4,3.152,5.46875,15
synthetic_00355,cluster_t4,85,86,85,86,1,0.25,7e-05,1,1,T4,3.152,5.46875,15
synthetic_00356,cluster_g3,95,96,95,96,1,0.25,0.00035,1,1,,11.3,48.0,15
synthetic_00357,cluster_g3,10,21,10,21,11,2.75,0.00035,1,1,,3.152,5.46875,15
synthetic_00358,cluster_t4,30,31,30,31,1,0.25,7e-05,1,1,,12.0,16.0,15
synthetic_00359,cluster_g2,23,24,23,24,1,0.25,0.00035,1,1,,3.152,5.46875,15
synthetic_00360,cluster_v100m32,78,80,78,80,2,0.5,0.00025,1,1,,3.152,5.46875,15
synthetic_00361,cluster_t4,5,10,5,10,5,1.25,7e-05,1,1,P100|T4|V100M16|V100M32,11.9,76.0,15
synthetic_00362,cluster_t4,65,66,65,66,1,0.25,7e-05,1,1,,3.152,5.46875,15
synthetic_00363,cluster_p100,19,22,19,22,3,0.75,0.00025,1,1,,11.3,48.0,15
synthetic_00364,cluster_g2,66,67,66,67,1,0.25,0.00035,1,1,G2,4.0,24.0,15
synthetic_00365,cluster_t4,20,21,20,21,1,0.25,7e-05,1,1,T4,3.152,5.46875,15
synthetic_00366,cluster_v100m16,3,11,3,11,8,2.0,0.00025,1,1,,16.0,64.0,15
synthetic_00367,cluster_g2,73,74,73,74,1,0.25,0.00035,1,1,G2,11.3,48.0,15
synthetic_00368,cluster_a10,71,72,71,72,1,0.25,0.00015,1,1,,11.908,46.0,15
synthetic_00369,cluster_t4,39,40,39,40,1,0.25,7e-05,1,1,T4,11.3,48.0,15
synthetic_00370,cluster_p100,66,68,66,68,2,0.5,0.00025,1,1,,4.0,29.8017578125,15
synthetic_00371,cluster_t4,11,16,11,16,5,1.25,7e-05,1,1,T4,4.0,24.0,15
synthetic_00372,cluster_g3,58,63,58,63,5,1.25,0.00035,1,1,G3,4.0,24.0,15
synthetic_00373,cluster_t4,46,47,46,47,1,0.25,7e-05,1,1,T4,11.3,48.0,15
synthetic_00374,cluster_v100m32,71,72,71,72,1,0.25,0.00025,1,1,,11.4,47.0,15
synthetic_00375,cluster_a10,25,26,25,26,1,0.25,0.00015,1,1,,11.908,46.0,15
synthetic_00376,cluster_a10,89,90,89,90,1,0.25,0.00015,1,1,,8.0,29.8017578125,15
synthetic_00377,cluster_v100m16,81,82,81,82,1,0.25,0.00025,1,1,,11.3,48.0,15
synthetic_00378,cluster_v100m32,27,28,27,28,1,0.25,0.00025,1,1,,24.2,91.0,15
synthetic_00379,cluster_g3,55,56,55,56,1,0.25,0.00035,1,1,,3.152,5.46875,15
synthetic_00380,cluster_v100m32,89,90,89,90,1,0.25,0.00025,1,1,,11.908,46.0,15
synthetic_00381,cluster_p100,57,61,57,61,4,1.0,0.00025,1,1,,11.4,47.0,15
synthetic_00382,cluster_t4,4,11,4,11,7,1.75,7e-05,1,1,,8.0,29.8017578125,15
synthetic_00383,cluster_g2,37,39,37,39,2,0.5,0.00035,1,1,,4.0,24.0,15
synthetic_00384,cluster_t4,54,56,54,56,2,0.5,7e-05,1,1,T4,12.0,16.0,15
synthetic_00385,cluster_v100m16,46,47,46,47,1,0.25,0.00025,1,1,,3.152,5.46875,15
synthetic_00386,cluster_g3,72,73,72,73,1,0.25,0.00035,1,1,,3.152,5.46875,15
synthetic_00387,cluster_t4,4,5,4,5,1,0.25,7e-05,1,1,,3.152,5.46875,15
synthetic_00388,cluster_t4,60,61,60,61,1,0.25,7e-05,1,1,T4,3.152,5.46875,15
synthetic_00389,cluster_g2,91,92,91,92,1,0.25,0.00035,1,1,,11.908,46.0,15
synthetic_00390,cluster_v100m32,62,63,62,63,1,0.25,0.00025,1,1,,3.152,5.46875,15
synthetic_00391,cluster_t4,51,52,51,52,1,0.25,7e-05,1,1,,3.152,5.46875,15
synthetic_00392,cluster_a10,92,93,92,93,1,0.25,0.00015,1,1,,11.4,47.0,15
synthetic_00393,cluster_t4,72,73,72,73,1,0.25,7e-05,1,1,,8.0,29.8017578125,15
synthetic_00394,cluster_t4,64,65,64,65,1,0.25,7e-05,1,1,T4,11.4,76.0,15
synthetic_00395,cluster_g3,53,54,53,54,1,0.25,0.00035,1,1,,3.152,5.46875,15
synthetic_00396,cluster_g2,44,46,44,46,2,0.5,0.00035,1,1,G2,11.4,47.0,15
synthetic_00397,cluster_g2,81,83,81,83,2,0.5,0.00035,1,1,,4.0,30.517578125,15
synthetic_00398,cluster_v100m32,11,12,11,12,1,0.25,0.00025,1,1,,3.152,5.46875,15
synthetic_00399,cluster_t4,2,3,2,3,1,0.25,7e-05,1,1,T4,8.0,29.8017578125,15
synthetic_00400,cluster_p100,25,26,25,26,1,0.25,0.00025,1,1,P100,11.908,46.0,15
synthetic_00401,cluster_t4,90,91,90,91,1,0.25,7e-05,1,1,,8.0,29.8017578125,15
synthetic_00402,cluster_g2,13,15,13,15,2,0.5,0.00035,1,1,,11.4,47.0,15
synthetic_00403,cluster_p100,31,32,31,32,1,0.25,0.00025,1,1,,11.3,48.0,15
synthetic_00404,cluster_p100,37,38,37,38,1,0.25,0.00025,1,1,P100,3.152,5.46875,15
synthetic_00405,cluster_v100m16,10,11,10,11,1,0.25,0.00025,1,1,P100|V100M16|V100M32,11.4,47.0,15
synthetic_00406,cluster_p100,42,43,42,43,1,0.25,0.00025,1,1,P100,3.152,5.46875,15
synthetic_00407,cluster_g3,44,46,44,46,2,0.5,0.00035,1,1,,4.152,10.3515625,15
synthetic_00408,cluster_v100m16,70,76,70,76,6,1.5,0.00025,1,1,,9.81,40.5859375,15
synthetic_00409,cluster_g3,87,88,87,88,1,0.25,0.00035,1,1,,18.708,63.0,15
synthetic_00410,cluster_p100,40,41,40,41,1,0.25,0.00025,1,1,,11.908,46.0,15
synthetic_00411,cluster_g3,5,6,5,6,1,0.25,0.00035,1,1,,3.152,5.46875,15
synthetic_00412,cluster_p100,2,3,2,3,1,0.25,0.00025,1,1,P100,4.0,22.3515625,15
synthetic_00413,cluster_g2,71,72,71,72,1,0.25,0.00035,1,1,,3.152,5.46875,15
synthetic_00414,cluster_g2,94,96,94,96,2,0.5,0.00035,1,1,,11.3,48.0,15
synthetic_00415,cluster_p100,83,84,83,84,1,0.25,0.00025,1,1,,3.152,5.46875,15
synthetic_00416,cluster_g2,19,20,19,20,1,0.25,0.00035,1,1,,3.152,5.46875,15
synthetic_00417,cluster_g2,44,49,44,49,5,1.25,0.00035,1,1,G2,4.0,24.0,15
synthetic_00418,cluster_p100,83,96,83,96,13,3.25,0.00025,1,1,,9.81,40.5859375,15
synthetic_00419,cluster_g2,42,56,42,56,14,3.5,0.00035,1,1,,3.152,5.46875,15
synthetic_00420,cluster_t4,39,53,39,53,14,3.5,7e-05,1,1,T4,4.0,22.3515625,15
synthetic_00421,cluster_g3,21,22,21,22,1,0.25,0.00035,1,1,,3.152,5.46875,15
synthetic_00422,cluster_t4,42,43,42,43,1,0.25,7e-05,1,1,T4,11.3,48.0,15
synthetic_00423,cluster_v100m32,77,78,77,78,1,0.25,0.00025,1,1,,3.152,5.46875,15
synthetic_00424,cluster_g3,19,24,19,24,5,1.25,0.00035,1,1,G3,4.0,24.0,15
synthetic_00425,cluster_g2,29,31,29,31,2,0.5,0.00035,1,1,,11.908,46.0,15
synthetic_00426,cluster_a10,8,9,8,9,1,0.25,0.00015,1,1,,12.0,16.0,15
synthetic_00427,cluster_v100m16,87,88,87,88,1,0.25,0.00025,1,1,,18.708,63.0,15
synthetic_00428,cluster_g2,62,65,62,65,3,0.75,0.00035,1,1,,9.81,40.5859375,15
synthetic_00429,cluster_t4,87,91,87,91,4,1.0,7e-05,1,1,,16.4,123.0,15
synthetic_00430,cluster_t4,4,5,4,5,1,0.25,7e-05,1,1,,3.152,5.46875,15
synthetic_00431,cluster_g2,46,49,46,49,3,0.75,0.00035,1,1,G2,11.4,47.0,15
synthetic_00432,cluster_t4,23,24,23,24,1,0.25,7e-05,1,1,T4,3.152,5.46875,15
synthetic_00433,cluster_p100,16,19,16,19,3,0.75,0.00025,1,1,,11.4,47.0,15
synthetic_00434,cluster_v100m32,16,25,16,25,9,2.25,0.00025,1,1,,14.2,57.0,15
synthetic_00435,cluster_g3,90,91,90,91,1,0.25,0.00035,1,1,,8.0,29.8017578125,15
synthetic_00436,cluster_v100m16,18,23,18,23,5,1.25,0.00025,1,1,,11.4,47.0,15
synthetic_00437,cluster_t4,5,6,5,6,1,0.25,7e-05,1,1,,11.3,48.0,15
synthetic_00438,cluster_v100m16,92,93,92,93,1,0.25,0.00025,1,1,,16.4,83.0,15
synthetic_00439,cluster_g3,47,48,47,48,1,0.25,0.00035,1,1,,11.908,46.0,15
synthetic_00440,cluster_v100m16,51,53,51,53,2,0.5,0.00025,1,1,,24.2,91.0,15
synthetic_00441,cluster_g2,57,67,57,67,10,2.5,0.00035,1,1,,8.2,33.0,15
synthetic_00442,cluster_g2,50,53,50,53,3,0.75,0.00035,1,1,,3.152,5.46875,15
synthetic_00443,cluster_t4,62,63,62,63,1,0.25,7e-05,1,1,T4,11.3,48.0,15
synthetic_00444,cluster_a10,43,44,43,44,1,0.25,0.00015,1,1,,8.0,29.8017578125,15
synthetic_00445,cluster_g2,49,50,49,50,1,0.25,0.00035,1,1,G2,9.81,40.5859375,15
synthetic_00446,cluster_v100m32,56,65,56,65,9,2.25,0.00025,1,1,,12.0,15.0,15
synthetic_00447,cluster_t4,35,36,35,36,1,0.25,7e-05,1,1,,3.152,5.46875,15
synthetic_00448,cluster_v100m16,4,9,4,9,5,1.25,0.00025,1,1,,9.81,40.5859375,15
synthetic_00449,cluster_v100m16,66,67,66,67,1,0.25,0.00025,1,1,,3.152,5.46875,15
synthetic_00450,cluster_g2,8,9,8,9,1,0.25,0.00035,1,1,G2,11.4,47.0,15
synthetic_00451,cluster_v100m32,48,49,48,49,1,0.25,0.00025,1,1,P100|V100M16|V100M32,3.152,5.46875,15
synthetic_00452,cluster_t4,35,40,35,40,5,1.25,7e-05,1,1,,11.4,76.0,15
synthetic_00453,cluster_v100m16,52,53,52,53,1,0.25,0.00025,1,1,,11.4,47.0,15
synthetic_00454,cluster_g2,88,93,88,93,5,1.25,0.00035,1,1,G2,8.2,33.0,15
synthetic_00455,cluster_g2,58,59,58,59,1,0.25,0.00035,1,1,,15.7,57.0,15
synthetic_00456,cluster_v100m16,76,77,76,77,1,0.25,0.00025,1,1,,8.0,29.8017578125,15
synthetic_00457,cluster_g3,53,56,53,56,3,0.75,0.00035,1,1,,15.2,79.0,15
synthetic_00458,cluster_g3,74,77,74,77,3,0.75,0.00035,1,1,,11.908,46.0,15
synthetic_00459,cluster_p100,59,60,59,60,1,0.25,0.00025,1,1,,3.152,5.46875,15
synthetic_00460,cluster_g2,51,54,51,54,3,0.75,0.00035,1,1,,14.2,57.0,15
synthetic_00461,cluster_v100m16,36,37,36,37,1,0.25,0.00025,1,1,,4.0,14.900390625,15
synthetic_00462,cluster_v100m32,4,7,4,7,3,0.75,0.00025,1,1,,12.0,32.0,15
synthetic_00463,cluster_v100m32,9,10,9,10,1,0.25,0.00025,1,1,,11.908,46.0,15
synthetic_00464,cluster_v100m16,59,60,59,60,1,0.25,0.00025,1,1,,3.152,5.46875,15
synthetic_00465,cluster_t4,62,63,62,63,1,0.25,7e-05,1,1,T4,15.7,57.0,15
synthetic_00466,cluster_p100,62,65,62,65,3,0.75,0.00025,1,1,,11.908,46.0,15
synthetic_00467,cluster_t4,52,67,52,67,15,3.75,7e-05,1,1,T4,8.0,29.8017578125,15
synthetic_00468,cluster_p100,67,69,67,69,2,0.5,0.00025,1,1,,11.908,46.0,15
synthetic_00469,cluster_t4,47,48,47,48,1,0.25,7e-05,1,1,T4,11.908,46.0,15
synthetic_00470,cluster_p100,13,14,13,14,1,0.25,0.00025,1,1,,11.3,48.0,15
synthetic_00471,cluster_a10,70,71,70,71,1,0.25,0.00015,1,1,,12.0,24.0,15
synthetic_00472,cluster_t4,95,96,95,96,1,0.25,7e-05,1,1,T4,3.152,5.46875,15
synthetic_00473,cluster_t4,20,23,20,23,3,0.75,7e-05,1,1,,4.0,14.900390625,15
synthetic_00474,cluster_g3,50,55,50,55,5,1.25,0.00035,1,1,,12.0,24.0,15
synthetic_00475,cluster_t4,25,27,25,27,2,0.5,7e-05,1,1,T4,4.0,22.3515625,15
synthetic_00476,cluster_v100m32,60,61,60,61,1,0.25,0.00025,1,1,,3.152,5.46875,15
synthetic_00477,cluster_a10,40,41,40,41,1,0.25,0.00015,1,1,,18.708,63.0,15
synthetic_00478,cluster_v100m32,78,79,78,79,1,0.25,0.00025,1,1,,3.152,5.46875,15
synthetic_00479,cluster_g3,82,83,82,83,1,0.25,0.00035,1,1,,9.81,40.5859375,15
synthetic_00480,cluster_t4,53,56,53,56,3,0.75,7e-05,1,1,T4,9.81,40.5859375,15
synthetic_00481,cluster_a10,31,39,31,39,8,2.0,0.00015,1,1,,11.4,47.0,15
synthetic_00482,cluster_t4,15,16,15,16,1,0.25,7e-05,1,1,T4,11.3,48.0,15
synthetic_00483,cluster_t4,32,33,32,33,1,0.25,7e-05,1,1,T4,4.152,10.3515625,15
synthetic_00484,cluster_g2,60,61,60,61,1,0.25,0.00035,1,1,,3.152,5.46875,15
synthetic_00485,cluster_t4,56,58,56,58,2,0.5,7e-05,1,1,,11.908,46.0,15
synthetic_00486,cluster_p100,8,9,8,9,1,0.25,0.00025,1,1,,9.81,40.5859375,15
synthetic_00487,cluster_g3,41,43,41,43,2,0.5,0.00035,1,1,,11.4,47.0,15
synthetic_00488,cluster_p100,70,72,70,72,2,0.5,0.00025,1,1,P100|T4|V100M16|V100M32,11.4,47.0,15
synthetic_00489,cluster_v100m32,2,5,2,5,3,0.75,0.00025,1,1,V100M16|V100M32,15.7,57.0,15
synthetic_00490,cluster_v100m32,59,60,59,60,1,0.25,0.00025,1,1,,11.4,47.0,15
synthetic_00491,cluster_a10,63,64,63,64,1,0.25,0.00015,1,1,,11.3,48.0,15
synthetic_00492,cluster_t4,11,12,11,12,1,0.25,7e-05,1,1,,14.2,57.0,15
synthetic_00493,cluster_g2,77,79,77,79,2,0.5,0.00035,1,1,G2,11.908,46.0,15
synthetic_00494,cluster_g2,66,67,66,67,1,0.25,0.00035,1,1,,3.152,5.46875,15
synthetic_00495,cluster_v100m16,40,41,40,41,1,0.25,0.00025,1,1,,8.0,29.8017578125,15
synthetic_00496,cluster_p100,59,62,59,62,3,0.75,0.00025,1,1,,11.3,48.0,15
synthetic_00497,cluster_g2,62,63,62,63,1,0.25,0.00035,1,1,,3.152,5.46875,15
synthetic_00498,cluster_a10,79,80,79,80,1,0.25,0.00015,1,1,,8.0,29.8017578125,15
synthetic_00499,cluster_g2,4,5,4,5,1,0.25,0.00035,1,1,,3.152,5.46875,15
synthetic_00500,cluster_t4,5,17,5,17,12,3.0,7e-05,1,1,T4,4.152,10.3515625,15
synthetic_00501,cluster_t4,21,22,21,22,1,0.25,7e-05,1,1,T4,3.152,5.46875,15
synthetic_00502,cluster_g2,32,35,32,35,3,0.75,0.00035,1,1,,11.4,47.0,15
synthetic_00503,cluster_p100,32,41,32,41,9,2.25,0.00025,1,1,,14.2,57.0,15
synthetic_00504,cluster_g3,1,2,1,2,1,0.25,0.00035,1,1,,3.152,5.46875,15
synthetic_00505,cluster_v100m32,41,42,41,42,1,0.25,0.00025,1,1,,3.152,5.46875,15
synthetic_00506,cluster_g3,64,65,64,65,1,0.25,0.00035,1,1,,18.708,63.0,15
synthetic_00507,cluster_g3,46,48,46,48,2,0.5,0.00035,1,1,,11.908,46.0,15
synthetic_00508,cluster_t4,65,66,65,66,1,0.25,7e-05,1,1,T4,4.0,29.8017578125,15
synthetic_00509,cluster_t4,84,86,84,86,2,0.5,7e-05,1,1,,18.708,63.0,15
synthetic_00510,cluster_v100m16,53,56,53,56,3,0.75,0.00025,1,1,,11.3,48.0,15
synthetic_00511,cluster_v100m32,83,86,83,86,3,0.75,0.00025,1,1,G2|P100|T4|V100M16|V100M32,3.152,5.46875,15
synthetic_00512,cluster_v100m32,1,2,1,2,1,0.25,0.00025,1,1,,11.3,48.0,15
synthetic_00513,cluster_v100m32,4,8,4,8,4,1.0,0.00025,1,1,,11.908,46.0,15
synthetic_00514,cluster_v100m32,47,48,47,48,1,0.25,0.00025,1,1,,3.152,5.46875,15
synthetic_00515,cluster_v100m32,40,42,40,42,2,0.5,0.00025,1,1,,3.152,5.46875,15
synthetic_00516,cluster_t4,19,21,19,21,2,0.5,7e-05,1,1,T4,16.0,32.0,15
synthetic_00517,cluster_t4,88,89,88,89,1,0.25,7e-05,1,1,T4,3.152,5.46875,15
synthetic_00518,cluster_g2,16,24,16,24,8,2.0,0.00035,1,1,,8.0,29.8017578125,15
synthetic_00519,cluster_v100m32,14,16,14,16,2,0.5,0.00025,1,1,,3.152,5.46875,15
synthetic_00520,cluster_p100,32,33,32,33,1,0.25,0.00025,1,1,,8.0,16.0,15
synthetic_00521,cluster_v100m16,12,13,12,13,1,0.25,0.00025,1,1,,11.3,48.0,15
synthetic_00522,cluster_v100m32,54,56,54,56,2,0.5,0.00025,1,1,,8.0,29.8017578125,15
synthetic_00523,cluster_v100m16,39,40,39,40,1,0.25,0.00025,1,1,,11.3,48.0,15
synthetic_00524,cluster_p100,78,79,78,79,1,0.25,0.00025,1,1,,3.152,5.46875,15
synthetic_00525,cluster_t4,64,65,64,65,1,0.25,7e-05,1,1,T4,4.152,10.3515625,15
synthetic_00526,cluster_g2,12,13,12,13,1,0.25,0.00035,1,1,G2,11.3,48.0,15
synthetic_00527,cluster_g2,25,30,25,30,5,1.25,0.00035,1,1,,11.4,47.0,15
synthetic_00528,cluster_t4,79,80,79,80,1,0.25,7e-05,1,1,T4,11.908,46.0,15
synthetic_00529,cluster_p100,73,74,73,74,1,0.25,0.00025,1,1,,24.2,91.0,15
synthetic_00530,cluster_p100,64,65,64,65,1,0.25,0.00025,1,1,,11.908,46.0,15
synthetic_00531,cluster_v100m16,68,70,68,70,2,0.5,0.00025,1,1,,3.152,5.46875,15
synthetic_00532,cluster_a10,25,26,25,26,1,0.25,0.00015,1,1,,3.152,5.46875,15
synthetic_00533,cluster_t4,76,80,76,80,4,1.0,7e-05,1,1,T4,1.0,6.0,15
synthetic_00534,cluster_p100,31,47,31,47,16,4.0,0.00025,1,1,P100,8.0,29.8017578125,15
synthetic_00535,cluster_t4,36,45,36,45,9,2.25,7e-05,1,1,T4,6.0,12.0,15
synthetic_00536,cluster_v100m32,9,10,9,10,1,0.25,0.00025,1,1,,3.152,5.46875,15
synthetic_00537,cluster_t4,63,72,63,72,9,2.25,7e-05,1,1,T4,6.0,12.0,15
synthetic_00538,cluster_g3,42,43,42,43,1,0.25,0.00035,1,1,G3,24.2,91.0,15
synthetic_00539,cluster_p100,43,49,43,49,6,1.5,0.00025,1,1,,4.0,29.8017578125,15
synthetic_00540,cluster_g2,70,71,70,71,1,0.25,0.00035,1,1,,3.152,5.46875,15
synthetic_00541,cluster_t4,27,29,27,29,2,0.5,7e-05,1,1,G2|P100|T4|V100M16|V100M32,12.0,16.0,15
synthetic_00542,cluster_t4,32,33,32,33,1,0.25,7e-05,1,1,T4,11.4,47.0,15
synthetic_00543,cluster_v100m16,87,94,87,94,7,1.75,0.00025,1,1,,11.4,47.0,15
synthetic_00544,cluster_a10,72,78,72,78,6,1.5,0.00015,1,1,,11.4,47.0,15
synthetic_00545,cluster_v100m32,45,50,45,50,5,1.25,0.00025,1,1,,11.908,46.0,15
synthetic_00546,cluster_t4,31,32,31,32,1,0.25,7e-05,1,1,T4,11.9,76.0,15
synthetic_00547,cluster_v100m32,15,16,15,16,1,0.25,0.00025,1,1,P100|T4|V100M16|V100M32,18.708,63.0,15
synthetic_00548,cluster_v100m16,11,13,11,13,2,0.5,0.00025,1,1,,16.0,32.0,15
synthetic_00549,cluster_g2,13,15,13,15,2,0.5,0.00035,1,1,G2,11.3,48.0,15
synthetic_00550,cluster_g3,74,76,74,76,2,0.5,0.00035,1,1,,11.908,46.0,15
synthetic_00551,cluster_t4,64,66,64,66,2,0.5,7e-05,1,1,T4,11.3,48.0,15
synthetic_00552,cluster_v100m16,23,28,23,28,5,1.25,0.00025,1,1,V100M16|V100M32,4.0,24.0,15
synthetic_00553,cluster_p100,22,28,22,28,6,1.5,0.00025,1,1,,4.0,22.3515625,15
synthetic_00554,cluster_t4,19,20,19,20,1,0.25,7e-05,1,1,T4,11.3,48.0,15
synthetic_00555,cluster_t4,6,8,6,8,2,0.5,7e-05,1,1,T4,11.3,48.0,15
synthetic_00556,cluster_v100m16,38,43,38,43,5,1.25,0.00025,1,1,V100M16|V100M32,12.0,24.0,15
synthetic_00557,cluster_t4,40,44,40,44,4,1.0,7e-05,1,1,T4,12.0,16.0,15
synthetic_00558,cluster_t4,28,42,28,42,14,3.5,7e-05,1,1,,11.908,46.0,15
synthetic_00559,cluster_t4,33,34,33,34,1,0.25,7e-05,1,1,,11.908,46.0,15
synthetic_00560,cluster_v100m32,62,66,62,66,4,1.0,0.00025,1,1,V100M16|V100M32,15.7,57.0,15
synthetic_00561,cluster_g3,87,89,87,89,2,0.5,0.00035,1,1,,18.708,63.0,15
synthetic_00562,cluster_v100m16,43,44,43,44,1,0.25,0.00025,1,1,,11.3,48.0,15
synthetic_00563,cluster_g2,56,59,56,59,3,0.75,0.00035,1,1,G2,11.4,76.0,15
synthetic_00564,cluster_g2,61,62,61,62,1,0.25,0.00035,1,1,,3.152,5.46875,15
synthetic_00565,cluster_g3,4,6,4,6,2,0.5,0.00035,1,1,,11.4,47.0,15
synthetic_00566,cluster_t4,6,7,6,7,1,0.25,7e-05,1,1,,3.152,5.46875,15
synthetic_00567,cluster_g3,34,36,34,36,2,0.5,0.00035,1,1,G3,11.4,47.0,15
synthetic_00568,cluster_t4,24,29,24,29,5,1.25,7e-05,1,1,T4,4.0,24.0,15
synthetic_00569,cluster_v100m32,12,15,12,15,3,0.75,0.00025,1,1,,16.0,64.0,15
synthetic_00570,cluster_g2,75,76,75,76,1,0.25,0.00035,1,1,,8.0,29.8017578125,15
synthetic_00571,cluster_t4,59,69,59,69,10,2.5,7e-05,1,1,,12.0,24.0,15
synthetic_00572,cluster_t4,5,6,5,6,1,0.25,7e-05,1,1,,3.152,5.46875,15
synthetic_00573,cluster_p100,93,94,93,94,1,0.25,0.00025,1,1,,3.152,5.46875,15
synthetic_00574,cluster_g2,39,42,39,42,3,0.75,0.00035,1,1,,15.7,57.0,15
synthetic_00575,cluster_p100,1,2,1,2,1,0.25,0.00025,1,1,P100,11.908,46.0,15
synthetic_00576,cluster_g3,1,2,1,2,1,0.25,0.00035,1,1,,4.0,14.900390625,15
synthetic_00577,cluster_t4,71,79,71,79,8,2.0,7e-05,1,1,T4,11.908,46.0,15
synthetic_00578,cluster_a10,58,59,58,59,1,0.25,0.00015,1,1,,11.3,48.0,15
synthetic_00579,cluster_a10,92,95,92,95,3,0.75,0.00015,1,1,,4.0,14.900390625,15
synthetic_00580,cluster_t4,23,24,23,24,1,0.25,7e-05,1,1,T4,4.0,14.900390625,15
synthetic_00581,cluster_g3,76,79,76,79,3,0.75,0.00035,1,1,,15.7,57.0,15
synthetic_00582,cluster_t4,7,18,7,18,11,2.75,7e-05,1,1,,12.0,24.0,15
synthetic_00583,cluster_g3,9,13,9,13,4,1.0,0.00035,1,1,,12.0,24.0,15
synthetic_00584,cluster_t4,37,38,37,38,1,0.25,7e-05,1,1,T4,3.152,5.46875,15
synthetic_00585,cluster_p100,60,62,60,62,2,0.5,0.00025,1,1,,11.4,47.0,15
synthetic_00586,cluster_t4,51,52,51,52,1,0.25,7e-05,1,1,T4,11.3,48.0,15
synthetic_00587,cluster_t4,75,76,75,76,1,0.25,7e-05,1,1,T4,3.152,5.46875,15
synthetic_00588,cluster_v100m32,59,61,59,61,2,0.5,0.00025,1,1,V100M16|V100M32,15.7,57.0,15
synthetic_00589,cluster_v100m16,65,68,65,68,3,0.75,0.00025,1,1,,11.3,48.0,15
synthetic_00590,cluster_a10,81,82,81,82,1,0.25,0.00015,1,1,,3.152,5.46875,15
synthetic_00591,cluster_g3,16,18,16,18,2,0.5,0.00035,1,1,,11.3,48.0,15
synthetic_00592,cluster_p100,1,3,1,3,2,0.5,0.00025,1,1,P100|V100M16|V100M32,11.4,47.0,15
synthetic_00593,cluster_t4,21,22,21,22,1,0.25,7e-05,1,1,T4,11.3,48.0,15
synthetic_00594,cluster_g3,35,36,35,36,1,0.25,0.00035,1,1,,3.152,5.46875,15
synthetic_00595,cluster_v100m32,14,16,14,16,2,0.5,0.00025,1,1,P100|V100M16|V100M32,11.4,47.0,15
synthetic_00596,cluster_t4,64,65,64,65,1,0.25,7e-05,1,1,T4,6.0,12.0,15
synthetic_00597,cluster_g2,34,36,34,36,2,0.5,0.00035,1,1,G2,15.4,88.0,15
synthetic_00598,cluster_p100,69,74,69,74,5,1.25,0.00025,1,1,,11.3,48.0,15
synthetic_00599,cluster_g2,24,25,24,25,1,0.25,0.00035,1,1,G2,11.9,76.0,15
synthetic_00600,cluster_a10,33,34,33,34,1,0.25,0.00015,1,1,,11.3,48.0,15
synthetic_00601,cluster_v100m16,4,6,4,6,2,0.5,0.00025,1,1,,11.908,46.0,15
synthetic_00602,cluster_t4,46,48,46,48,2,0.5,7e-05,1,1,T4,3.152,5.46875,15
synthetic_00603,cluster_v100m16,59,60,59,60,1,0.25,0.00025,1,1,,11.908,46.0,15
synthetic_00604,cluster_v100m16,86,87,86,87,1,0.25,0.00025,1,1,,3.152,5.46875,15
synthetic_00605,cluster_g2,46,49,46,49,3,0.75,0.00035,1,1,G2,24.2,91.0,15
synthetic_00606,cluster_t4,61,63,61,63,2,0.5,7e-05,1,1,T4,11.908,46.0,15
synthetic_00607,cluster_a10,8,9,8,9,1,0.25,0.00015,1,1,,4.0,29.8017578125,15
synthetic_00608,cluster_t4,71,72,71,72,1,0.25,7e-05,1,1,,3.152,5.46875,15
synthetic_00609,cluster_v100m32,29,30,29,30,1,0.25,0.00025,1,1,,8.0,16.0,15
synthetic_00610,cluster_t4,10,11,10,11,1,0.25,7e-05,1,1,T4,11.3,48.0,15
synthetic_00611,cluster_p100,62,63,62,63,1,0.25,0.00025,1,1,P100,3.152,5.46875,15
synthetic_00612,cluster_v100m16,26,35,26,35,9,2.25,0.00025,1,1,,4.0,14.900390625,15
synthetic_00613,cluster_t4,44,46,44,46,2,0.5,7e-05,1,1,T4,12.0,16.0,15
synthetic_00614,cluster_t4,84,85,84,85,1,0.25,7e-05,1,1,T4,3.152,5.46875,15
synthetic_00615,cluster_p100,63,65,63,65,2,0.5,0.00025,1,1,P100,4.0,14.900390625,15
synthetic_00616,cluster_g3,84,85,84,85,1,0.25,0.00035,1,1,,8.0,29.8017578125,15
synthetic_00617,cluster_g3,9,10,9,10,1,0.25,0.00035,1,1,G3,11.3,48.0,15
synthetic_00618,cluster_t4,50,51,50,51,1,0.25,7e-05,1,1,T4,3.152,5.46875,15
synthetic_00619,cluster_g3,23,24,23,24,1,0.25,0.00035,1,1,,11.3,48.0,15
synthetic_00620,cluster_p100,74,75,74,75,1,0.25,0.00025,1,1,,11.908,46.0,15
synthetic_00621,cluster_g3,37,38,37,38,1,0.25,0.00035,1,1,,3.152,5.46875,15
synthetic_00622,cluster_t4,46,57,46,57,11,2.75,7e-05,1,1,,4.0,29.8017578125,15
synthetic_00623,cluster_t4,13,15,13,15,2,0.5,7e-05,1,1,,9.81,40.5859375,15
synthetic_00624,cluster_t4,13,14,13,14,1,0.25,7e-05,1,1,T4,11.4,47.0,15
synthetic_00625,cluster_t4,50,51,50,51,1,0.25,7e-05,1,1,,4.152,10.3515625,15
synthetic_00626,cluster_a10,24,25,24,25,1,0.25,0.00015,1,1,,8.0,29.8017578125,15
synthetic_00627,cluster_g3,90,91,90,91,1,0.25,0.00035,1,1,G3,11.3,48.0,15
synthetic_00628,cluster_g3,7,8,7,8,1,0.25,0.00035,1,1,,4.0,24.0,15
synthetic_00629,cluster_p100,89,90,89,90,1,0.25,0.00025,1,1,P100,3.152,5.46875,15
synthetic_00630,cluster_v100m32,87,88,87,88,1,0.25,0.00025,1,1,,3.152,5.46875,15
synthetic_00631,cluster_g2,10,11,10,11,1,0.25,0.00035,1,1,,11.3,48.0,15
synthetic_00632,cluster_g3,33,37,33,37,4,1.0,0.00035,1,1,,9.81,40.5859375,15
synthetic_00633,cluster_g3,77,79,77,79,2,0.5,0.00035,1,1,,8.0,29.8017578125,15
synthetic_00634,cluster_t4,11,16,11,16,5,1.25,7e-05,1,1,,15.2,79.0,15
synthetic_00635,cluster_v100m16,26,29,26,29,3,0.75,0.00025,1,1,,11.908,46.0,15
synthetic_00636,cluster_g2,64,65,64,65,1,0.25,0.00035,1,1,,11.3,48.0,15
synthetic_00637,cluster_t4,19,20,19,20,1,0.25,7e-05,1,1,T4,3.152,5.46875,15
synthetic_00638,cluster_g3,53,54,53,54,1,0.25,0.00035,1,1,,11.3,48.0,15
synthetic_00639,cluster_p100,83,86,83,86,3,0.75,0.00025,1,1,,4.0,22.3515625,15
synthetic_00640,cluster_g3,78,88,78,88,10,2.5,0.00035,1,1,G3,1.0,6.0,15
synthetic_00641,cluster_g3,85,87,85,87,2,0.5,0.00035,1,1,,4.0,24.0,15
synthetic_00642,cluster_g2,83,84,83,84,1,0.25,0.0028,8,8,,64.2,257.0,15
synthetic_00643,cluster_g2,41,43,41,43,2,0.5,0.00035,1,1,G2,11.3,48.0,15
synthetic_00644,cluster_t4,27,29,27,29,2,0.5,7e-05,1,1,T4,11.908,46.0,15
synthetic_00645,cluster_t4,90,91,90,91,1,0.25,7e-05,1,1,T4,3.152,5.46875,15
synthetic_00646,cluster_t4,50,51,50,51,1,0.25,7e-05,1,1,,3.152,5.46875,15
synthetic_00647,cluster_v100m32,93,94,93,94,1,0.25,0.00025,1,1,,11.3,48.0,15
synthetic_00648,cluster_t4,63,65,63,65,2,0.5,7e-05,1,1,T4,8.0,32.0,15
synthetic_00649,cluster_g3,75,76,75,76,1,0.25,0.00035,1,1,,3.152,5.46875,15
synthetic_00650,cluster_v100m16,43,44,43,44,1,0.25,0.00025,1,1,,11.908,46.0,15
synthetic_00651,cluster_v100m16,16,17,16,17,1,0.25,0.00025,1,1,,3.152,5.46875,15
synthetic_00652,cluster_t4,30,34,30,34,4,1.0,7e-05,1,1,,11.4,47.0,15
synthetic_00653,cluster_t4,1,3,1,3,2,0.5,7e-05,1,1,,11.908,46.0,15
synthetic_00654,cluster_v100m32,26,28,26,28,2,0.5,0.00025,1,1,V100M32,12.0,16.0,15
synthetic_00655,cluster_g3,7,8,7,8,1,0.25,0.00035,1,1,,11.3,48.0,15
synthetic_00656,cluster_p100,26,27,26,27,1,0.25,0.00025,1,1,P100,4.152,10.3515625,15
synthetic_00657,cluster_v100m32,21,22,21,22,1,0.25,0.00025,1,1,P100|V100M16|V100M32,11.3,48.0,15
synthetic_00658,cluster_v100m32,13,18,13,18,5,1.25,0.00025,1,1,,15.7,57.0,15
synthetic_00659,cluster_g3,10,11,10,11,1,0.25,0.00035,1,1,,16.0,32.0,15
synthetic_00660,cluster_p100,54,55,54,55,1,0.25,0.00025,1,1,,18.708,63.0,15
synthetic_00661,cluster_v100m16,48,52,48,52,4,1.0,0.00025,1,1,,4.0,22.3515625,15
synthetic_00662,cluster_t4,5,13,5,13,8,2.0,7e-05,1,1,T4,11.908,46.0,15
synthetic_00663,cluster_v100m16,12,13,12,13,1,0.25,0.00025,1,1,,3.152,5.46875,15
synthetic_00664,cluster_p100,67,68,67,68,1,0.25,0.00025,1,1,P100,3.152,5.46875,15
synthetic_00665,cluster_g3,52,53,52,53,1,0.25,0.00035,1,1,,11.3,48.0,15
synthetic_00666,cluster_t4,74,79,74,79,5,1.25,7e-05,1,1,T4,12.0,24.0,15
synthetic_00667,cluster_a10,63,64,63,64,1,0.25,0.00015,1,1,,3.152,5.46875,15
synthetic_00668,cluster_p100,44,45,44,45,1,0.25,0.00025,1,1,,2.0,16.0,15
synthetic_00669,cluster_p100,72,73,72,73,1,0.25,0.00025,1,1,,18.708,63.0,15
synthetic_00670,cluster_v100m16,41,45,41,45,4,1.0,0.00025,1,1,,4.0,29.8017578125,15
synthetic_00671,cluster_p100,66,67,66,67,1,0.25,0.00025,1,1,P100,11.908,46.0,15
synthetic_00672,cluster_t4,44,46,44,46,2,0.5,7e-05,1,1,T4,3.152,5.46875,15
synthetic_00673,cluster_p100,74,75,74,75,1,0.25,0.00025,1,1,,18.708,63.0,15
synthetic_00674,cluster_a10,20,23,20,23,3,0.75,0.00015,1,1,,15.7,57.0,15
synthetic_00675,cluster_t4,1,2,1,2,1,0.25,7e-05,1,1,T4,3.152,5.46875,15
synthetic_00676,cluster_g3,13,15,13,15,2,0.5,0.00035,1,1,,16.0,64.0,15
synthetic_00677,cluster_t4,92,93,92,93,1,0.25,7e-05,1,1,T4,11.3,48.0,15
synthetic_00678,cluster_v100m16,43,44,43,44,1,0.25,0.00025,1,1,,11.3,48.0,15
synthetic_00679,cluster_g3,7,9,7,9,2,0.5,0.00035,1,1,,11.3,48.0,15
synthetic_00680,cluster_a10,85,87,85,87,2,0.5,0.00015,1,1,,11.3,48.0,15
synthetic_00681,cluster_g2,10,24,10,24,14,3.5,0.00035,1,1,G2,11.4,47.0,15
synthetic_00682,cluster_t4,40,49,40,49,9,2.25,7e-05,1,1,,12.0,16.0,15
synthetic_00683,cluster_v100m32,67,68,67,68,1,0.25,0.00025,1,1,,3.152,5.46875,15
synthetic_00684,cluster_t4,59,61,59,61,2,0.5,7e-05,1,1,T4,3.152,5.46875,15
synthetic_00685,cluster_t4,31,32,31,32,1,0.25,7e-05,1,1,T4,11.3,48.0,15
synthetic_00686,cluster_p100,8,10,8,10,2,0.5,0.00025,1,1,,3.152,5.46875,15
synthetic_00687,cluster_g2,56,57,56,57,1,0.25,0.00035,1,1,G2,12.0,16.0,15
synthetic_00688,cluster_g2,14,19,14,19,5,1.25,0.00035,1,1,,15.2,79.0,15
synthetic_00689,cluster_p100,24,29,24,29,5,1.25,0.00025,1,1,P100,4.0,14.900390625,15
synthetic_00690,cluster_p100,83,85,83,85,2,0.5,0.00025,1,1,,3.152,5.46875,15
synthetic_00691,cluster_p100,86,87,86,87,1,0.25,0.00025,1,1,,3.152,5.46875,15
synthetic_00692,cluster_g2,55,56,55,56,1,0.25,0.00035,1,1,,11.4,47.0,15
synthetic_00693,cluster_t4,37,38,37,38,1,0.25,7e-05,1,1,T4,3.152,5.46875,15
synthetic_00694,cluster_t4,63,64,63,64,1,0.25,7e-05,1,1,T4,11.3,48.0,15
synthetic_00695,cluster_t4,47,48,47,48,1,0.25,7e-05,1,1,T4,11.4,47.0,15
synthetic_00696,cluster_t4,54,55,54,55,1,0.25,7e-05,1,1,P100|T4|V100M16|V100M32,11.3,48.0,15
synthetic_00697,cluster_a10,15,16,15,16,1,0.25,0.00015,1,1,,16.0,32.0,15
synthetic_00698,cluster_g2,38,39,38,39,1,0.25,0.00035,1,1,G2,3.152,5.46875,15
synthetic_00699,cluster_v100m32,17,18,17,18,1,0.25,0.00025,1,1,,3.152,5.46875,15
synthetic_00700,cluster_p100,69,70,69,70,1,0.25,0.00025,1,1,,4.0,29.8017578125,15
synthetic_00701,cluster_g3,8,10,8,10,2,0.5,0.00035,1,1,,11.4,47.0,15
synthetic_00702,cluster_v100m16,35,36,35,36,1,0.25,0.00025,1,1,,11.3,48.0,15
synthetic_00703,cluster_g2,70,71,70,71,1,0.25,0.00035,1,1,,9.81,40.5859375,15
synthetic_00704,cluster_g3,83,87,83,87,4,1.0,0.00035,1,1,,11.908,46.0,15
synthetic_00705,cluster_g2,75,80,75,80,5,1.25,0.00035,1,1,G2,12.0,15.0,15
synthetic_00706,cluster_v100m32,24,25,24,25,1,0.25,0.00025,1,1,,3.152,5.46875,15
synthetic_00707,cluster_g3,40,45,40,45,5,1.25,0.00035,1,1,G3,4.0,24.0,15
synthetic_00708,cluster_a10,9,10,9,10,1,0.25,0.00015,1,1,,8.2,33.0,15
synthetic_00709,cluster_v100m32,7,9,7,9,2,0.5,0.00025,1,1,,11.3,37.0,15
synthetic_00710,cluster_t4,22,23,22,23,1,0.25,7e-05,1,1,,11.3,48.0,15
synthetic_00711,cluster_t4,57,58,57,58,1,0.25,7e-05,1,1,T4,4.0,22.3515625,15
synthetic_00712,cluster_v100m16,80,85,80,85,5,1.25,0.00025,1,1,V100M16|V100M32,11.3,48.0,15
synthetic_00713,cluster_v100m16,80,81,80,81,1,0.25,0.00025,1,1,,11.3,48.0,15
synthetic_00714,cluster_a10,82,84,82,84,2,0.5,0.00015,1,1,,8.0,29.8017578125,15
synthetic_00715,cluster_v100m16,61,62,61,62,1,0.25,0.00025,1,1,,3.152,5.46875,15
synthetic_00716,cluster_v100m16,74,80,74,80,6,1.5,0.00025,1,1,,4.0,24.0,15
synthetic_00717,cluster_t4,78,79,78,79,1,0.25,7e-05,1,1,T4,3.152,5.46875,15
synthetic_00718,cluster_v100m32,19,22,19,22,3,0.75,0.00025,1,1,,1.0,6.0,15
synthetic_00719,cluster_t4,67,68,67,68,1,0.25,7e-05,1,1,T4,3.152,5.46875,15
synthetic_00720,cluster_g2,45,46,45,46,1,0.25,0.00035,1,1,,3.152,5.46875,15
synthetic_00721,cluster_g2,10,12,10,12,2,0.5,0.00035,1,1,G2,16.0,32.0,15
synthetic_00722,cluster_t4,60,61,60,61,1,0.25,7e-05,1,1,T4,8.0,29.8017578125,15
synthetic_00723,cluster_v100m32,68,72,68,72,4,1.0,0.00025,1,1,,8.0,16.0,15
synthetic_00724,cluster_p100,29,31,29,31,2,0.5,0.00025,1,1,,16.4,123.0,15
synthetic_00725,cluster_g2,26,27,26,27,1,0.25,0.00035,1,1,,4.0,14.900390625,15
synthetic_00726,cluster_t4,12,18,12,18,6,1.5,7e-05,1,1,,8.0,32.0,15
synthetic_00727,cluster_g3,80,82,80,82,2,0.5,0.00035,1,1,,11.3,48.0,15
synthetic_00728,cluster_v100m16,89,90,89,90,1,0.25,0.00025,1,1,,11.3,48.0,15
synthetic_00729,cluster_t4,45,46,45,46,1,0.25,7e-05,1,1,T4,3.152,5.46875,15
synthetic_00730,cluster_g2,23,24,23,24,1,0.25,0.00035,1,1,,3.152,5.46875,15
synthetic_00731,cluster_v100m16,80,81,80,81,1,0.25,0.00025,1,1,,11.3,48.0,15
synthetic_00732,cluster_v100m32,57,58,57,58,1,0.25,0.00025,1,1,,3.152,5.46875,15
synthetic_00733,cluster_a10,11,13,11,13,2,0.5,0.00015,1,1,,11.3,48.0,15
synthetic_00734,cluster_a10,57,58,57,58,1,0.25,0.00015,1,1,,11.3,48.0,15
synthetic_00735,cluster_p100,72,74,72,74,2,0.5,0.00025,1,1,,8.2,33.0,15
synthetic_00736,cluster_t4,7,10,7,10,3,0.75,7e-05,1,1,,24.2,91.0,15
synthetic_00737,cluster_p100,30,31,30,31,1,0.25,0.00025,1,1,,11.4,47.0,15
synthetic_00738,cluster_t4,10,13,10,13,3,0.75,7e-05,1,1,T4,16.0,32.0,15
synthetic_00739,cluster_t4,61,62,61,62,1,0.25,7e-05,1,1,,4.0,14.900390625,15
synthetic_00740,cluster_a10,43,44,43,44,1,0.25,0.00015,1,1,,3.152,5.46875,15
synthetic_00741,cluster_g2,44,45,44,45,1,0.25,0.00035,1,1,G2,8.2,33.0,15
synthetic_00742,cluster_v100m16,45,46,45,46,1,0.25,0.00025,1,1,,4.0,29.8017578125,15
synthetic_00743,cluster_g3,7,9,7,9,2,0.5,0.00035,1,1,,11.908,46.0,15
synthetic_00744,cluster_v100m32,3,7,3,7,4,1.0,0.00025,1,1,V100M16|V100M32,11.4,47.0,15
synthetic_00745,cluster_t4,48,53,48,53,5,1.25,7e-05,1,1,,16.0,32.0,15
synthetic_00746,cluster_v100m32,71,75,71,75,4,1.0,0.00025,1,1,,4.0,22.3515625,15
synthetic_00747,cluster_g3,90,91,90,91,1,0.25,0.00035,1,1,,9.81,40.5859375,15
synthetic_00748,cluster_v100m32,70,72,70,72,2,0.5,0.00025,1,1,V100M16|V100M32,9.81,40.5859375,15
synthetic_00749,cluster_v100m16,65,66,65,66,1,0.25,0.00025,1,1,,11.4,47.0,15
synthetic_00750,cluster_p100,48,49,48,49,1,0.25,0.00025,1,1,,11.3,48.0,15
synthetic_00751,cluster_g3,40,41,40,41,1,0.25,0.00035,1,1,,15.7,57.0,15
synthetic_00752,cluster_t4,24,26,24,26,2,0.5,7e-05,1,1,,3.152,5.46875,15
synthetic_00753,cluster_v100m16,89,90,89,90,1,0.25,0.00025,1,1,,24.2,91.0,15
synthetic_00754,cluster_g3,25,27,25,27,2,0.5,0.00035,1,1,,12.0,24.0,15
synthetic_00755,cluster_g3,51,52,51,52,1,0.25,0.00035,1,1,,9.81,40.5859375,15
synthetic_00756,cluster_g2,6,9,6,9,3,0.75,0.00035,1,1,G2,8.0,16.0,15
synthetic_00757,cluster_v100m32,47,48,47,48,1,0.25,0.00025,1,1,A10|G2|T4|V100M16|V100M32,11.3,48.0,15
synthetic_00758,cluster_p100,90,95,90,95,5,1.25,0.00025,1,1,,4.0,24.0,15
synthetic_00759,cluster_t4,87,88,87,88,1,0.25,7e-05,1,1,T4,18.708,63.0,15
synthetic_00760,cluster_v100m16,92,94,92,94,2,0.5,0.00025,1,1,,11.4,47.0,15
synthetic_00761,cluster_t4,74,75,74,75,1,0.25,7e-05,1,1,,11.908,46.0,15
synthetic_00762,cluster_t4,43,44,43,44,1,0.25,7e-05,1,1,,3.152,5.46875,15
synthetic_00763,cluster_p100,55,56,55,56,1,0.25,0.00025,1,1,P100|V100M16|V100M32,14.2,57.0,15
synthetic_00764,cluster_t4,23,26,23,26,3,0.75,7e-05,1,1,T4,9.81,40.5859375,15
synthetic_00765,cluster_v100m32,46,51,46,51,5,1.25,0.00025,1,1,,15.2,79.0,15
synthetic_00766,cluster_g3,7,13,7,13,6,1.5,0.00035,1,1,,11.3,48.0,15
synthetic_00767,cluster_v100m16,10,12,10,12,2,0.5,0.00025,1,1,,3.152,5.46875,15
synthetic_00768,cluster_g2,35,36,35,36,1,0.25,0.00035,1,1,,3.152,5.46875,15
synthetic_00769,cluster_t4,78,92,78,92,14,3.5,7e-05,1,1,T4,8.0,16.0,15
synthetic_00770,cluster_v100m32,25,27,25,27,2,0.5,0.00025,1,1,P100|V100M16|V100M32,11.3,48.0,15
synthetic_00771,cluster_g3,87,91,87,91,4,1.0,0.00035,1,1,,11.3,48.0,15
synthetic_00772,cluster_v100m16,22,23,22,23,1,0.25,0.00025,1,1,P100|V100M16|V100M32,11.4,47.0,15
synthetic_00773,cluster_t4,76,77,76,77,1,0.25,7e-05,1,1,T4,11.3,48.0,15
synthetic_00774,cluster_t4,23,24,23,24,1,0.25,7e-05,1,1,T4,11.908,46.0,15
synthetic_00775,cluster_t4,1,2,1,2,1,0.25,7e-05,1,1,T4,8.0,29.8017578125,15
synthetic_00776,cluster_t4,58,59,58,59,1,0.25,7e-05,1,1,,3.152,5.46875,15
synthetic_00777,cluster_p100,85,91,85,91,6,1.5,0.00025,1,1,P100,4.0,22.3515625,15
synthetic_00778,cluster_g3,89,90,89,90,1,0.25,0.00035,1,1,,3.152,5.46875,15
synthetic_00779,cluster_v100m16,46,47,46,47,1,0.25,0.00025,1,1,,4.0,29.8017578125,15
synthetic_00780,cluster_t4,88,89,88,89,1,0.25,7e-05,1,1,T4,11.3,48.0,15
synthetic_00781,cluster_v100m32,12,14,12,14,2,0.5,0.00025,1,1,V100M16|V100M32,9.81,40.5859375,15
synthetic_00782,cluster_t4,78,81,78,81,3,0.75,7e-05,1,1,T4,11.908,46.0,15
synthetic_00783,cluster_v100m32,31,32,31,32,1,0.25,0.00025,1,1,,8.0,29.8017578125,15
synthetic_00784,cluster_t4,36,37,36,37,1,0.25,7e-05,1,1,T4,11.3,48.0,15
synthetic_00785,cluster_v100m16,36,37,36,37,1,0.25,0.00025,1,1,,4.152,10.3515625,15
synthetic_00786,cluster_g2,34,35,34,35,1,0.25,0.00035,1,1,,3.152,5.46875,15
synthetic_00787,cluster_g3,47,53,47,53,6,1.5,0.00035,1,1,,14.9,72.0,15
synthetic_00788,cluster_p100,10,11,10,11,1,0.25,0.00025,1,1,P100,11.908,46.0,15
synthetic_00789,cluster_g2,86,88,86,88,2,0.5,0.00035,1,1,G2,16.0,32.0,15
synthetic_00790,cluster_p100,19,24,19,24,5,1.25,0.00025,1,1,,4.0,29.8017578125,15
synthetic_00791,cluster_a10,65,67,65,67,2,0.5,0.00015,1,1,,3.152,5.46875,15
synthetic_00792,cluster_p100,41,47,41,47,6,1.5,0.00025,1,1,,4.0,22.3515625,15
synthetic_00793,cluster_t4,45,46,45,46,1,0.25,7e-05,1,1,,3.152,5.46875,15
synthetic_00794,cluster_g2,55,63,55,63,8,2.0,0.00035,1,1,,8.0,29.8017578125,15
synthetic_00795,cluster_p100,68,69,68,69,1,0.25,0.00025,1,1,,18.708,63.0,15
synthetic_00796,cluster_p100,81,82,81,82,1,0.25,0.00025,1,1,,3.152,5.46875,15
synthetic_00797,cluster_v100m16,61,64,61,64,3,0.75,0.00025,1,1,,11.908,46.0,15
synthetic_00798,cluster_g2,81,82,81,82,1,0.25,0.00035,1,1,,3.152,5.46875,15
synthetic_00799,cluster_v100m32,49,50,49,50,1,0.25,0.00025,1,1,V100M16|V100M32,11.4,47.0,15
synthetic_00800,cluster_g3,34,35,34,35,1,0.25,0.00035,1,1,,3.152,5.46875,15
synthetic_00801,cluster_p100,22,24,22,24,2,0.5,0.00025,1,1,,12.0,24.0,15
synthetic_00802,cluster_p100,10,11,10,11,1,0.25,0.00025,1,1,,11.3,48.0,15
synthetic_00803,cluster_t4,28,29,28,29,1,0.25,7e-05,1,1,,3.152,5.46875,15
synthetic_00804,cluster_t4,16,17,16,17,1,0.25,7e-05,1,1,T4,3.152,5.46875,15
synthetic_00805,cluster_g3,28,29,28,29,1,0.25,0.00035,1,1,,11.3,48.0,15
synthetic_00806,cluster_p100,53,57,53,57,4,1.0,0.00025,1,1,,8.0,29.8017578125,15
synthetic_00807,cluster_p100,24,25,24,25,1,0.25,0.00025,1,1,,3.152,5.46875,15
synthetic_00808,cluster_p100,24,26,24,26,2,0.5,0.00025,1,1,,8.0,29.8017578125,15
synthetic_00809,cluster_t4,11,12,11,12,1,0.25,7e-05,1,1,,11.3,48.0,15
synthetic_00810,cluster_v100m32,42,43,42,43,1,0.25,0.00025,1,1,,8.0,29.8017578125,15
synthetic_00811,cluster_v100m32,51,54,51,54,3,0.75,0.00025,1,1,,16.0,32.0,15
synthetic_00812,cluster_g2,55,56,55,56,1,0.25,0.00035,1,1,,11.3,48.0,15
synthetic_00813,cluster_v100m32,24,26,24,26,2,0.5,0.00025,1,1,V100M16|V100M32,11.4,47.0,15
synthetic_00814,cluster_t4,45,46,45,46,1,0.25,7e-05,1,1,,6.0,6.0,15
synthetic_00815,cluster_v100m32,3,5,3,5,2,0.5,0.00025,1,1,,11.4,76.0,15
synthetic_00816,cluster_g3,20,21,20,21,1,0.25,0.00035,1,1,,4.152,10.3515625,15
synthetic_00817,cluster_t4,61,62,61,62,1,0.25,7e-05,1,1,,3.152,5.46875,15
synthetic_00818,cluster_g2,88,89,88,89,1,0.25,0.00035,1,1,,11.908,46.0,15
synthetic_00819,cluster_t4,15,18,15,18,3,0.75,7e-05,1,1,P100|T4|V100M16|V100M32,11.908,46.0,15
synthetic_00820,cluster_v100m16,40,42,40,42,2,0.5,0.00025,1,1,G2|P100|T4|V100M16|V100M32,11.4,47.0,15
synthetic_00821,cluster_v100m32,66,67,66,67,1,0.25,0.00025,1,1,V100M16|V100M32,11.3,48.0,15
synthetic_00822,cluster_p100,17,18,17,18,1,0.25,0.00025,1,1,P100,3.152,5.46875,15
synthetic_00823,cluster_g3,76,77,76,77,1,0.25,0.00035,1,1,,3.152,5.46875,15
synthetic_00824,cluster_v100m16,70,72,70,72,2,0.5,0.00025,1,1,,8.0,32.0,15
synthetic_00825,cluster_t4,92,93,92,93,1,0.25,7e-05,1,1,T4,3.152,5.46875,15
synthetic_00826,cluster_g3,57,59,57,59,2,0.5,0.00035,1,1,,11.908,46.0,15
synthetic_00827,cluster_p100,42,44,42,44,2,0.5,0.00025,1,1,,11.4,47.0,15
synthetic_00828,cluster_g3,76,77,76,77,1,0.25,0.00035,1,1,,3.152,5.46875,15
synthetic_00829,cluster_t4,10,11,10,11,1,0.25,7e-05,1,1,T4,3.152,5.46875,15
synthetic_00830,cluster_v100m32,66,68,66,68,2,0.5,0.00025,1,1,,8.0,32.0,15
synthetic_00831,cluster_g3,80,81,80,81,1,0.25,0.00035,1,1,,3.152,5.46875,15
synthetic_00832,cluster_t4,74,75,74,75,1,0.25,7e-05,1,1,T4,3.152,5.46875,15
synthetic_00833,cluster_p100,84,85,84,85,1,0.25,0.00025,1,1,,3.152,5.46875,15
synthetic_00834,cluster_g2,75,76,75,76,1,0.25,0.00035,1,1,,11.908,46.0,15
synthetic_00835,cluster_g2,80,81,80,81,1,0.25,0.00035,1,1,,4.152,10.3515625,15
synthetic_00836,cluster_t4,58,59,58,59,1,0.25,7e-05,1,1,,14.2,57.0,15
synthetic_00837,cluster_v100m32,69,74,69,74,5,1.25,0.00025,1,1,V100M16|V100M32,12.0,24.0,15
synthetic_00838,cluster_t4,55,61,55,61,6,1.5,7e-05,1,1,T4,4.0,30.517578125,15
synthetic_00839,cluster_v100m32,62,63,62,63,1,0.25,0.00025,1,1,V100M16|V100M32,18.708,63.0,15
synthetic_00840,cluster_a10,40,41,40,41,1,0.25,0.00015,1,1,,3.152,5.46875,15
synthetic_00841,cluster_p100,39,40,39,40,1,0.25,0.00025,1,1,,3.152,5.46875,15
synthetic_00842,cluster_v100m32,82,83,82,83,1,0.25,0.00025,1,1,,3.152,5.46875,15
synthetic_00843,cluster_v100m16,4,5,4,5,1,0.25,0.00025,1,1,,3.152,5.46875,15
synthetic_00844,cluster_g2,77,78,77,78,1,0.25,0.00035,1,1,,3.152,5.46875,15
synthetic_00845,cluster_t4,22,25,22,25,3,0.75,7e-05,1,1,T4,24.2,91.0,15
synthetic_00846,cluster_g3,57,58,57,58,1,0.25,0.00035,1,1,,11.3,48.0,15
synthetic_00847,cluster_g2,69,73,69,73,4,1.0,0.00035,1,1,G2,11.3,48.0,15
synthetic_00848,cluster_g2,1,2,1,2,1,0.25,0.00035,1,1,G2,3.152,5.46875,15
synthetic_00849,cluster_t4,55,58,55,58,3,0.75,7e-05,1,1,T4,3.152,5.46875,15
synthetic_00850,cluster_v100m32,74,75,74,75,1,0.25,0.00025,1,1,,11.3,48.0,15
synthetic_00851,cluster_t4,84,85,84,85,1,0.25,7e-05,1,1,,4.0,14.900390625,15
synthetic_00852,cluster_g2,24,26,24,26,2,0.5,0.00035,1,1,,3.152,5.46875,15
synthetic_00853,cluster_v100m32,59,66,59,66,7,1.75,0.00025,1,1,G2|P100|T4|V100M16|V100M32,8.0,16.0,15
synthetic_00854,cluster_g3,49,50,49,50,1,0.25,0.00035,1,1,,11.3,48.0,15
synthetic_00855,cluster_v100m16,51,54,51,54,3,0.75,0.00025,1,1,,18.708,63.0,15
synthetic_00856,cluster_v100m32,89,90,89,90,1,0.25,0.00025,1,1,,9.81,40.5859375,15
synthetic_00857,cluster_t4,39,40,39,40,1,0.25,7e-05,1,1,T4,11.3,48.0,15
synthetic_00858,cluster_a10,24,25,24,25,1,0.25,0.00015,1,1,,3.152,5.46875,15
synthetic_00859,cluster_p100,78,79,78,79,1,0.25,0.00025,1,1,P100,11.908,46.0,15
synthetic_00860,cluster_p100,36,37,36,37,1,0.25,0.00025,1,1,,9.81,40.5859375,15
synthetic_00861,cluster_a10,1,6,1,6,5,1.25,0.00015,1,1,,4.0,24.0,15
synthetic_00862,cluster_t4,92,93,92,93,1,0.25,7e-05,1,1,T4,3.152,5.46875,15
synthetic_00863,cluster_g2,60,64,60,64,4,1.0,0.00035,1,1,G2,15.7,57.0,15
synthetic_00864,cluster_v100m32,67,75,67,75,8,2.0,0.00025,1,1,,16.0,64.0,15
synthetic_00865,cluster_g2,36,38,36,38,2,0.5,0.00035,1,1,,8.0,16.0,15
synthetic_00866,cluster_g2,4,5,4,5,1,0.25,0.00035,1,1,,3.152,5.46875,15
synthetic_00867,cluster_g3,29,30,29,30,1,0.25,0.00035,1,1,,3.152,5.46875,15
synthetic_00868,cluster_g3,90,91,90,91,1,0.25,0.00035,1,1,,11.3,48.0,15
synthetic_00869,cluster_v100m32,88,90,88,90,2,0.5,0.00025,1,1,V100M16|V100M32,8.0,32.0,15
synthetic_00870,cluster_v100m16,93,94,93,94,1,0.25,0.00025,1,1,,11.3,48.0,15
synthetic_00871,cluster_p100,70,75,70,75,5,1.25,0.00025,1,1,,8.0,29.8017578125,15
synthetic_00872,cluster_v100m32,90,91,90,91,1,0.25,0.00025,1,1,,11.3,48.0,15
synthetic_00873,cluster_p100,7,8,7,8,1,0.25,0.00025,1,1,,4.0,14.900390625,15
synthetic_00874,cluster_g2,64,67,64,67,3,0.75,0.00035,1,1,,24.2,91.0,15
synthetic_00875,cluster_t4,56,57,56,57,1,0.25,7e-05,1,1,,11.908,46.0,15
synthetic_00876,cluster_t4,32,33,32,33,1,0.25,7e-05,1,1,T4,3.152,5.46875,15
synthetic_00877,cluster_v100m16,30,31,30,31,1,0.25,0.00025,1,1,V100M16|V100M32,11.4,47.0,15
synthetic_00878,cluster_g2,73,77,73,77,4,1.0,0.00035,1,1,,16.0,32.0,15
synthetic_00879,cluster_v100m32,4,5,4,5,1,0.25,0.00025,1,1,,3.152,5.46875,15
synthetic_00880,cluster_v100m32,3,4,3,4,1,0.25,0.00025,1,1,V100M32,11.3,48.0,15
synthetic_00881,cluster_p100,76,77,76,77,1,0.25,0.00025,1,1,,4.0,22.3515625,15
synthetic_00882,cluster_g2,41,46,41,46,5,1.25,0.00035,1,1,,11.3,48.0,15
synthetic_00883,cluster_g3,58,66,58,66,8,2.0,0.00035,1,1,,11.3,37.0,15
synthetic_00884,cluster_t4,42,43,42,43,1,0.25,7e-05,1,1,T4,12.0,16.0,15
synthetic_00885,cluster_p100,95,96,95,96,1,0.25,0.00025,1,1,,4.0,14.900390625,15
synthetic_00886,cluster_t4,10,26,10,26,16,4.0,7e-05,1,1,,8.0,29.8017578125,15
synthetic_00887,cluster_v100m32,76,77,76,77,1,0.25,0.00025,1,1,,11.3,48.0,15
synthetic_00888,cluster_v100m32,15,16,15,16,1,0.25,0.00025,1,1,,3.152,5.46875,15
synthetic_00889,cluster_p100,7,9,7,9,2,0.5,0.00025,1,1,,3.152,5.46875,15
synthetic_00890,cluster_p100,79,80,79,80,1,0.25,0.00025,1,1,P100,8.0,29.8017578125,15
synthetic_00891,cluster_t4,40,41,40,41,1,0.25,7e-05,1,1,T4,4.0,14.900390625,15
synthetic_00892,cluster_g2,78,80,78,80,2,0.5,0.00035,1,1,,16.0,32.0,15
synthetic_00893,cluster_g2,82,83,82,83,1,0.25,0.00035,1,1,,11.3,48.0,15
synthetic_00894,cluster_t4,60,61,60,61,1,0.25,7e-05,1,1,,18.708,63.0,15
synthetic_00895,cluster_p100,79,80,79,80,1,0.25,0.00025,1,1,,11.4,76.0,15
synthetic_00896,cluster_v100m32,73,75,73,75,2,0.5,0.00025,1,1,,3.152,5.46875,15
synthetic_00897,cluster_t4,26,30,26,30,4,1.0,7e-05,1,1,T4,18.708,63.0,15
synthetic_00898,cluster_g3,21,27,21,27,6,1.5,0.00035,1,1,,24.2,91.0,15
synthetic_00899,cluster_v100m16,27,28,27,28,1,0.25,0.00025,1,1,,3.152,5.46875,15
synthetic_00900,cluster_v100m32,70,71,70,71,1,0.25,0.00025,1,1,,3.152,5.46875,15
synthetic_00901,cluster_t4,23,24,23,24,1,0.25,7e-05,1,1,T4,3.152,5.46875,15
synthetic_00902,cluster_t4,33,34,33,34,1,0.25,7e-05,1,1,T4,3.152,5.46875,15
synthetic_00903,cluster_g2,79,84,79,84,5,1.25,0.00035,1,1,,3.152,5.46875,15
synthetic_00904,cluster_t4,3,4,3,4,1,0.25,7e-05,1,1,T4,16.0,64.0,15
synthetic_00905,cluster_g2,2,4,2,4,2,0.5,0.00035,1,1,,11.3,48.0,15
synthetic_00906,cluster_v100m32,90,91,90,91,1,0.25,0.00025,1,1,,3.152,5.46875,15
synthetic_00907,cluster_t4,62,63,62,63,1,0.25,7e-05,1,1,T4,12.0,24.0,15
synthetic_00908,cluster_g3,50,51,50,51,1,0.25,0.00035,1,1,,3.152,5.46875,15
synthetic_00909,cluster_t4,24,25,24,25,1,0.25,7e-05,1,1,T4,3.152,5.46875,15
synthetic_00910,cluster_v100m32,35,41,35,41,6,1.5,0.00025,1,1,,4.0,14.900390625,15
synthetic_00911,cluster_g2,15,16,15,16,1,0.25,0.00035,1,1,,3.152,5.46875,15
synthetic_00912,cluster_t4,41,52,41,52,11,2.75,7e-05,1,1,,3.152,5.46875,15
synthetic_00913,cluster_t4,79,80,79,80,1,0.25,7e-05,1,1,T4,3.152,5.46875,15
synthetic_00914,cluster_v100m16,65,72,65,72,7,1.75,0.00025,1,1,,12.0,24.0,15
synthetic_00915,cluster_v100m32,86,87,86,87,1,0.25,0.00025,1,1,,15.2,79.0,15
synthetic_00916,cluster_t4,55,60,55,60,5,1.25,7e-05,1,1,T4,12.0,16.0,15
synthetic_00917,cluster_g3,42,45,42,45,3,0.75,0.00035,1,1,,15.7,57.0,15
synthetic_00918,cluster_p100,43,44,43,44,1,0.25,0.00025,1,1,,3.152,5.46875,15
synthetic_00919,cluster_v100m32,10,11,10,11,1,0.25,0.00025,1,1,,11.908,46.0,15
synthetic_00920,cluster_v100m32,64,65,64,65,1,0.25,0.00025,1,1,,12.0,24.0,15
synthetic_00921,cluster_p100,86,87,86,87,1,0.25,0.00025,1,1,P100,4.152,10.3515625,15
synthetic_00922,cluster_t4,84,85,84,85,1,0.25,0.00056,8,8,,64.2,257.0,15
synthetic_00923,cluster_t4,67,72,67,72,5,1.25,7e-05,1,1,T4,12.0,24.0,15
synthetic_00924,cluster_g2,7,9,7,9,2,0.5,0.00035,1,1,G2,11.4,47.0,15
synthetic_00925,cluster_g3,81,83,81,83,2,0.5,0.00035,1,1,,11.908,46.0,15
synthetic_00926,cluster_v100m16,0,1,0,1,1,0.25,0.00025,1,1,,3.152,5.46875,15
synthetic_00927,cluster_t4,55,56,55,56,1,0.25,7e-05,1,1,T4,3.152,5.46875,15
synthetic_00928,cluster_t4,89,90,89,90,1,0.25,7e-05,1,1,T4,3.152,5.46875,15
synthetic_00929,cluster_v100m16,36,37,36,37,1,0.25,0.002,8,8,,64.2,257.0,15
synthetic_00930,cluster_t4,15,18,15,18,3,0.75,7e-05,1,1,T4,11.3,48.0,15
synthetic_00931,cluster_t4,68,73,68,73,5,1.25,7e-05,1,1,T4,4.0,24.0,15
synthetic_00932,cluster_p100,21,22,21,22,1,0.25,0.00025,1,1,,3.152,5.46875,15
synthetic_00933,cluster_p100,71,72,71,72,1,0.25,0.00025,1,1,,11.908,46.0,15
synthetic_00934,cluster_t4,14,15,14,15,1,0.25,7e-05,1,1,T4,3.152,5.46875,15
synthetic_00935,cluster_g2,74,76,74,76,2,0.5,0.00035,1,1,,8.0,29.8017578125,15
synthetic_00936,cluster_g2,65,69,65,69,4,1.0,0.00035,1,1,G2,12.0,24.0,15
synthetic_00937,cluster_a10,26,31,26,31,5,1.25,0.00015,1,1,,4.0,24.0,15
synthetic_00938,cluster_g3,74,75,74,75,1,0.25,0.00035,1,1,,11.3,48.0,15
synthetic_00939,cluster_t4,29,30,29,30,1,0.25,7e-05,1,1,,11.908,46.0,15
synthetic_00940,cluster_a10,13,15,13,15,2,0.5,0.00015,1,1,,11.908,46.0,15
synthetic_00941,cluster_g3,39,43,39,43,4,1.0,0.00035,1,1,,9.81,40.5859375,15
synthetic_00942,cluster_v100m16,24,25,24,25,1,0.25,0.00025,1,1,,11.908,46.0,15
synthetic_00943,cluster_t4,23,24,23,24,1,0.25,7e-05,1,1,,11.3,48.0,15
synthetic_00944,cluster_t4,2,3,2,3,1,0.25,7e-05,1,1,T4,4.0,14.900390625,15
synthetic_00945,cluster_v100m32,52,57,52,57,5,1.25,0.00025,1,1,V100M32,4.0,24.0,15
synthetic_00946,cluster_v100m16,87,93,87,93,6,1.5,0.00025,1,1,,11.4,47.0,15
synthetic_00947,cluster_v100m32,16,19,16,19,3,0.75,0.00025,1,1,,11.3,48.0,15
synthetic_00948,cluster_v100m16,4,5,4,5,1,0.25,0.00025,1,1,,3.152,5.46875,15
synthetic_00949,cluster_v100m16,28,30,28,30,2,0.5,0.00025,1,1,V100M16|V100M32,11.4,47.0,15
synthetic_00950,cluster_v100m16,78,82,78,82,4,1.0,0.00025,1,1,,11.9,76.0,15
synthetic_00951,cluster_t4,92,93,92,93,1,0.25,7e-05,1,1,,9.81,40.5859375,15
synthetic_00952,cluster_v100m16,40,42,40,42,2,0.5,0.00025,1,1,,11.4,47.0,15
synthetic_00953,cluster_g3,87,88,87,88,1,0.25,0.00035,1,1,,3.152,5.46875,15
synthetic_00954,cluster_g3,80,91,80,91,11,2.75,0.00035,1,1,,11.908,46.0,15
synthetic_00955,cluster_g3,86,87,86,87,1,0.25,0.00035,1,1,,3.152,5.46875,15
synthetic_00956,cluster_v100m32,31,35,31,35,4,1.0,0.00025,1,1,A10|G2|P100|T4|V100M16|V100M32,9.81,40.5859375,15
synthetic_00957,cluster_v100m32,56,57,56,57,1,0.25,0.00025,1,1,P100|V100M16|V100M32,14.2,57.0,15
synthetic_00958,cluster_g3,52,56,52,56,4,1.0,0.00035,1,1,,12.0,15.0,15
synthetic_00959,cluster_t4,79,80,79,80,1,0.25,7e-05,1,1,T4,3.152,5.46875,15
synthetic_00960,cluster_v100m16,12,15,12,15,3,0.75,0.00025,1,1,V100M16|V100M32,11.3,48.0,15
synthetic_00961,cluster_g2,1,2,1,2,1,0.25,0.00035,1,1,,3.152,5.46875,15
synthetic_00962,cluster_t4,87,88,87,88,1,0.25,7e-05,1,1,T4,3.152,5.46875,15
synthetic_00963,cluster_g2,77,78,77,78,1,0.25,0.00035,1,1,G2,3.152,5.46875,15
synthetic_00964,cluster_t4,4,5,4,5,1,0.25,7e-05,1,1,,3.152,5.46875,15
synthetic_00965,cluster_v100m16,60,61,60,61,1,0.25,0.00025,1,1,,11.4,47.0,15
synthetic_00966,cluster_t4,4,7,4,7,3,0.75,7e-05,1,1,,15.7,57.0,15
synthetic_00967,cluster_v100m16,35,37,35,37,2,0.5,0.00025,1,1,,11.908,46.0,15
synthetic_00968,cluster_a10,7,8,7,8,1,0.25,0.00015,1,1,,3.152,5.46875,15
synthetic_00969,cluster_g2,42,45,42,45,3,0.75,0.00035,1,1,G2,15.7,57.0,15
synthetic_00970,cluster_p100,46,47,46,47,1,0.25,0.00025,1,1,P100,3.152,5.46875,15
synthetic_00971,cluster_g3,68,69,68,69,1,0.25,0.00035,1,1,,3.152,5.46875,15
synthetic_00972,cluster_t4,38,39,38,39,1,0.25,7e-05,1,1,,3.152,5.46875,15
synthetic_00973,cluster_v100m16,25,40,25,40,15,3.75,0.00025,1,1,,12.0,15.0,15
synthetic_00974,cluster_t4,16,17,16,17,1,0.25,7e-05,1,1,T4,11.4,47.0,15
synthetic_00975,cluster_g2,8,13,8,13,5,1.25,0.00035,1,1,,4.0,24.0,15
synthetic_00976,cluster_p100,27,32,27,32,5,1.25,0.00025,1,1,,3.152,5.46875,15
synthetic_00977,cluster_p100,80,89,80,89,9,2.25,0.00025,1,1,,11.908,46.0,15
synthetic_00978,cluster_t4,50,52,50,52,2,0.5,7e-05,1,1,T4,11.908,46.0,15
synthetic_00979,cluster_g2,78,80,78,80,2,0.5,0.00035,1,1,,11.3,37.0,15
synthetic_00980,cluster_t4,76,77,76,77,1,0.25,7e-05,1,1,T4,11.3,48.0,15
synthetic_00981,cluster_v100m32,91,93,91,93,2,0.5,0.00025,1,1,,11.9,76.0,15
synthetic_00982,cluster_p100,82,86,82,86,4,1.0,0.00025,1,1,,11.4,47.0,15
synthetic_00983,cluster_p100,53,54,53,54,1,0.25,0.00025,1,1,,3.152,5.46875,15
synthetic_00984,cluster_g3,68,69,68,69,1,0.25,0.00035,1,1,,3.152,5.46875,15
synthetic_00985,cluster_v100m32,20,21,20,21,1,0.25,0.00025,1,1,,3.152,5.46875,15
synthetic_00986,cluster_t4,34,35,34,35,1,0.25,7e-05,1,1,T4,11.3,48.0,15
synthetic_00987,cluster_v100m32,35,36,35,36,1,0.25,0.00025,1,1,,18.708,63.0,15
synthetic_00988,cluster_p100,93,94,93,94,1,0.25,0.00025,1,1,,11.908,46.0,15
synthetic_00989,cluster_t4,83,88,83,88,5,1.25,7e-05,1,1,,8.0,29.8017578125,15
synthetic_00990,cluster_t4,36,37,36,37,1,0.25,7e-05,1,1,T4,11.4,47.0,15
synthetic_00991,cluster_t4,27,28,27,28,1,0.25,7e-05,1,1,T4,11.908,46.0,15
synthetic_00992,cluster_g2,32,33,32,33,1,0.25,0.00035,1,1,,11.908,46.0,15
synthetic_00993,cluster_t4,62,63,62,63,1,0.25,7e-05,1,1,T4,11.3,48.0,15
synthetic_00994,cluster_v100m16,81,85,81,85,4,1.0,0.00025,1,1,,3.152,5.46875,15
synthetic_00995,cluster_t4,48,49,48,49,1,0.25,7e-05,1,1,,3.152,5.46875,15
synthetic_00996,cluster_t4,42,47,42,47,5,1.25,7e-05,1,1,,4.0,22.3515625,15
synthetic_00997,cluster_g3,50,51,50,51,1,0.25,0.00035,1,1,,3.152,5.46875,15
synthetic_00998,cluster_g3,42,47,42,47,5,1.25,0.00035,1,1,G3,4.0,24.0,15
synthetic_00999,cluster_v100m16,94,95,94,95,1,0.25,0.00025,1,1,,8.0,29.8017578125,15
synthetic_01000,cluster_v100m32,68,70,68,70,2,0.5,0.00025,1,1,,15.4,88.0,15
synthetic_01001,cluster_g3,23,24,23,24,1,0.25,0.00035,1,1,,6.0,6.0,15
synthetic_01002,cluster_g2,65,67,65,67,2,0.5,0.00035,1,1,,4.0,22.3515625,15
synthetic_01003,cluster_p100,40,41,40,41,1,0.25,0.00025,1,1,P100,8.0,29.8017578125,15
synthetic_01004,cluster_v100m32,43,44,43,44,1,0.25,0.00025,1,1,,11.9,76.0,15
synthetic_01005,cluster_g2,41,42,41,42,1,0.25,0.00035,1,1,,11.3,48.0,15
synthetic_01006,cluster_t4,46,51,46,51,5,1.25,7e-05,1,1,T4,11.4,47.0,15
synthetic_01007,cluster_t4,63,64,63,64,1,0.25,7e-05,1,1,T4,3.152,5.46875,15
synthetic_01008,cluster_a10,94,95,94,95,1,0.25,0.00015,1,1,,3.152,5.46875,15
synthetic_01009,cluster_v100m16,55,56,55,56,1,0.25,0.00025,1,1,,12.0,16.0,15
synthetic_01010,cluster_g2,17,19,17,19,2,0.5,0.00035,1,1,,4.0,29.8017578125,15
synthetic_01011,cluster_g2,16,17,16,17,1,0.25,0.00035,1,1,,4.0,29.8017578125,15
synthetic_01012,cluster_v100m32,46,47,46,47,1,0.25,0.00025,1,1,,8.0,29.8017578125,15
synthetic_01013,cluster_v100m16,83,88,83,88,5,1.25,0.00025,1,1,,12.0,16.0,15
synthetic_01014,cluster_t4,16,17,16,17,1,0.25,7e-05,1,1,,11.4,47.0,15
synthetic_01015,cluster_g2,84,86,84,86,2,0.5,0.00035,1,1,,8.0,29.8017578125,15
synthetic_01016,cluster_v100m32,64,65,64,65,1,0.25,0.00025,1,1,,4.0,24.0,15
synthetic_01017,cluster_g2,19,26,19,26,7,1.75,0.00035,1,1,,11.3,48.0,15
synthetic_01018,cluster_a10,4,5,4,5,1,0.25,0.00015,1,1,,4.0,29.8017578125,15
synthetic_01019,cluster_v100m16,8,9,8,9,1,0.25,0.00025,1,1,,11.4,47.0,15
synthetic_01020,cluster_t4,65,66,65,66,1,0.25,7e-05,1,1,T4,4.0,22.3515625,15
synthetic_01021,cluster_g2,48,61,48,61,13,3.25,0.00035,1,1,,11.908,46.0,15
synthetic_01022,cluster_v100m16,28,29,28,29,1,0.25,0.00025,1,1,,4.0,14.900390625,15
synthetic_01023,cluster_v100m32,62,68,62,68,6,1.5,0.00025,1,1,,8.0,16.0,15
synthetic_01024,cluster_v100m32,63,65,63,65,2,0.5,0.00025,1,1,,8.2,33.0,15
synthetic_01025,cluster_g2,30,31,30,31,1,0.25,0.00035,1,1,,3.152,5.46875,15
synthetic_01026,cluster_t4,35,41,35,41,6,1.5,7e-05,1,1,,11.908,46.0,15
synthetic_01027,cluster_t4,9,10,9,10,1,0.25,7e-05,1,1,T4,3.152,5.46875,15
synthetic_01028,cluster_g2,67,68,67,68,1,0.25,0.00035,1,1,,3.152,5.46875,15
synthetic_01029,cluster_t4,60,67,60,67,7,1.75,7e-05,1,1,T4,1.0,6.0,15
synthetic_01030,cluster_g3,82,83,82,83,1,0.25,0.00035,1,1,,8.0,29.8017578125,15
synthetic_01031,cluster_p100,41,42,41,42,1,0.25,0.00025,1,1,,3.152,5.46875,15
synthetic_01032,cluster_a10,47,48,47,48,1,0.25,0.00015,1,1,,11.4,76.0,15
synthetic_01033,cluster_v100m32,53,54,53,54,1,0.25,0.00025,1,1,V100M16|V100M32,11.3,48.0,15
synthetic_01034,cluster_t4,72,73,72,73,1,0.25,7e-05,1,1,T4,11.3,48.0,15
synthetic_01035,cluster_g3,84,88,84,88,4,1.0,0.00035,1,1,,4.0,29.8017578125,15
synthetic_01036,cluster_p100,0,5,0,5,5,1.25,0.00025,1,1,,4.0,14.900390625,15
synthetic_01037,cluster_v100m32,61,62,61,62,1,0.25,0.00025,1,1,,8.0,29.8017578125,15
synthetic_01038,cluster_t4,52,53,52,53,1,0.25,7e-05,1,1,,11.908,46.0,15
synthetic_01039,cluster_p100,65,66,65,66,1,0.25,0.00025,1,1,,11.908,46.0,15
synthetic_01040,cluster_t4,63,64,63,64,1,0.25,7e-05,1,1,T4,3.152,5.46875,15
synthetic_01041,cluster_v100m16,49,50,49,50,1,0.25,0.00025,1,1,,11.3,48.0,15
synthetic_01042,cluster_t4,52,54,52,54,2,0.5,7e-05,1,1,T4,11.3,48.0,15
synthetic_01043,cluster_t4,38,39,38,39,1,0.25,7e-05,1,1,T4,14.2,57.0,15
synthetic_01044,cluster_v100m32,58,62,58,62,4,1.0,0.00025,1,1,,11.908,46.0,15
synthetic_01045,cluster_v100m32,85,86,85,86,1,0.25,0.00025,1,1,G2|P100|T4|V100M16|V100M32,3.152,5.46875,15
synthetic_01046,cluster_t4,8,12,8,12,4,1.0,7e-05,1,1,T4,11.4,47.0,15
synthetic_01047,cluster_g2,56,61,56,61,5,1.25,0.00035,1,1,,11.4,47.0,15
synthetic_01048,cluster_v100m16,5,7,5,7,2,0.5,0.00025,1,1,,4.152,10.3515625,15
synthetic_01049,cluster_p100,71,72,71,72,1,0.25,0.00025,1,1,,4.0,22.3515625,15
synthetic_01050,cluster_p100,51,52,51,52,1,0.25,0.00025,1,1,,8.0,32.0,15
synthetic_01051,cluster_v100m32,59,60,59,60,1,0.25,0.00025,1,1,,11.908,46.0,15
synthetic_01052,cluster_t4,46,47,46,47,1,0.25,7e-05,1,1,T4,12.0,24.0,15
synthetic_01053,cluster_p100,5,8,5,8,3,0.75,0.00025,1,1,,15.7,57.0,15
synthetic_01054,cluster_t4,16,17,16,17,1,0.25,7e-05,1,1,,3.152,5.46875,15
synthetic_01055,cluster_g2,1,2,1,2,1,0.25,0.00035,1,1,G2,11.3,48.0,15
synthetic_01056,cluster_t4,37,43,37,43,6,1.5,7e-05,1,1,T4,16.0,32.0,15
synthetic_01057,cluster_g2,29,36,29,36,7,1.75,0.00035,1,1,,12.0,15.0,15
synthetic_01058,cluster_v100m16,8,11,8,11,3,0.75,0.00025,1,1,,11.3,48.0,15
synthetic_01059,cluster_p100,32,33,32,33,1,0.25,0.00025,1,1,P100,3.152,5.46875,15
synthetic_01060,cluster_t4,3,5,3,5,2,0.5,7e-05,1,1,,3.152,5.46875,15
synthetic_01061,cluster_v100m16,8,9,8,9,1,0.25,0.00025,1,1,V100M16|V100M32,11.3,48.0,15
synthetic_01062,cluster_g2,50,61,50,61,11,2.75,0.00035,1,1,G2,12.0,24.0,15
synthetic_01063,cluster_p100,57,58,57,58,1,0.25,0.00025,1,1,,11.908,46.0,15
synthetic_01064,cluster_t4,18,20,18,20,2,0.5,7e-05,1,1,,3.152,5.46875,15
synthetic_01065,cluster_p100,43,45,43,45,2,0.5,0.00025,1,1,,11.908,46.0,15
synthetic_01066,cluster_p100,25,27,25,27,2,0.5,0.00025,1,1,P100,4.152,10.3515625,15
synthetic_01067,cluster_v100m32,64,66,64,66,2,0.5,0.00025,1,1,,11.3,48.0,15
synthetic_01068,cluster_t4,1,8,1,8,7,1.75,7e-05,1,1,,6.0,8.0,15
synthetic_01069,cluster_g3,23,24,23,24,1,0.25,0.00035,1,1,,11.908,46.0,15
synthetic_01070,cluster_t4,66,74,66,74,8,2.0,7e-05,1,1,T4,8.0,16.0,15
synthetic_01071,cluster_t4,16,19,16,19,3,0.75,7e-05,1,1,T4,12.0,15.0,15
synthetic_01072,cluster_t4,62,63,62,63,1,0.25,7e-05,1,1,T4,11.3,48.0,15
synthetic_01073,cluster_t4,47,48,47,48,1,0.25,7e-05,1,1,T4,4.0,14.900390625,15
synthetic_01074,cluster_g3,58,70,58,70,12,3.0,0.00035,1,1,,2.0,16.0,15
synthetic_01075,cluster_g3,9,10,9,10,1,0.25,0.00035,1,1,,6.0,12.0,15
synthetic_01076,cluster_v100m16,68,69,68,69,1,0.25,0.00025,1,1,,3.152,5.46875,15
synthetic_01077,cluster_v100m16,49,50,49,50,1,0.25,0.00025,1,1,,11.4,47.0,15
synthetic_01078,cluster_g2,25,26,25,26,1,0.25,0.00035,1,1,,3.152,5.46875,15
synthetic_01079,cluster_g2,32,33,32,33,1,0.25,0.00035,1,1,,11.4,47.0,15
synthetic_01080,cluster_v100m32,73,81,73,81,8,2.0,0.00025,1,1,V100M16|V100M32,4.0,30.517578125,15
synthetic_01081,cluster_t4,39,42,39,42,3,0.75,7e-05,1,1,,18.708,63.0,15
synthetic_01082,cluster_v100m32,2,3,2,3,1,0.25,0.00025,1,1,,3.152,5.46875,15
synthetic_01083,cluster_v100m32,50,51,50,51,1,0.25,0.00025,1,1,P100|V100M16|V100M32,14.2,57.0,15
synthetic_01084,cluster_v100m32,67,73,67,73,6,1.5,0.00025,1,1,,8.0,32.0,15
synthetic_01085,cluster_v100m32,36,37,36,37,1,0.25,0.00025,1,1,,6.0,6.0,15
synthetic_01086,cluster_v100m32,70,71,70,71,1,0.25,0.00025,1,1,,6.0,6.0,15
synthetic_01087,cluster_p100,40,41,40,41,1,0.25,0.00025,1,1,P100,11.908,46.0,15
synthetic_01088,cluster_a10,31,32,31,32,1,0.25,0.00015,1,1,,16.4,123.0,15
synthetic_01089,cluster_t4,8,9,8,9,1,0.25,7e-05,1,1,T4,11.4,47.0,15
synthetic_01090,cluster_p100,77,78,77,78,1,0.25,0.00025,1,1,P100|V100M16|V100M32,11.4,47.0,15
synthetic_01091,cluster_g2,82,90,82,90,8,2.0,0.00035,1,1,,11.4,47.0,15
synthetic_01092,cluster_t4,45,48,45,48,3,0.75,7e-05,1,1,,11.4,47.0,15
synthetic_01093,cluster_t4,79,93,79,93,14,3.5,7e-05,1,1,T4,16.0,64.0,15
synthetic_01094,cluster_t4,11,12,11,12,1,0.25,7e-05,1,1,T4,3.152,5.46875,15
synthetic_01095,cluster_v100m32,9,10,9,10,1,0.25,0.00025,1,1,V100M32,11.3,48.0,15
synthetic_01096,cluster_v100m16,93,94,93,94,1,0.25,0.00025,1,1,,3.152,5.46875,15
synthetic_01097,cluster_p100,75,80,75,80,5,1.25,0.00025,1,1,,4.0,24.0,15
synthetic_01098,cluster_g2,14,17,14,17,3,0.75,0.00035,1,1,,15.7,57.0,15
synthetic_01099,cluster_v100m32,83,84,83,84,1,0.25,0.00025,1,1,V100M16|V100M32,18.708,63.0,15
synthetic_01100,cluster_t4,71,83,71,83,12,3.0,7e-05,1,1,,12.0,24.0,15
synthetic_01101,cluster_t4,90,91,90,91,1,0.25,7e-05,1,1,T4,3.152,5.46875,15
synthetic_01102,cluster_a10,61,63,61,63,2,0.5,0.00015,1,1,,6.0,6.0,15
synthetic_01103,cluster_v100m32,69,70,69,70,1,0.25,0.00025,1,1,V100M16|V100M32,3.152,5.46875,15
synthetic_01104,cluster_p100,69,70,69,70,1,0.25,0.00025,1,1,,3.152,5.46875,15
synthetic_01105,cluster_g3,72,73,72,73,1,0.25,0.00035,1,1,G3,12.0,16.0,15
synthetic_01106,cluster_t4,36,39,36,39,3,0.75,7e-05,1,1,,24.2,91.0,15
synthetic_01107,cluster_p100,21,23,21,23,2,0.5,0.00025,1,1,,9.81,40.5859375,15
synthetic_01108,cluster_g3,52,55,52,55,3,0.75,0.00035,1,1,,11.4,47.0,15
synthetic_01109,cluster_g2,67,68,67,68,1,0.25,0.00035,1,1,,3.152,5.46875,15
synthetic_01110,cluster_p100,93,94,93,94,1,0.25,0.00025,1,1,P100,3.152,5.46875,15
synthetic_01111,cluster_v100m16,77,78,77,78,1,0.25,0.00025,1,1,A10|G2|T4|V100M16|V100M32,11.3,48.0,15
synthetic_01112,cluster_v100m32,33,34,33,34,1,0.25,0.00025,1,1,V100M16|V100M32,11.4,47.0,15
synthetic_01113,cluster_g2,11,13,11,13,2,0.5,0.00035,1,1,,3.152,5.46875,15
synthetic_01114,cluster_g3,51,52,51,52,1,0.25,0.00035,1,1,,3.152,5.46875,15
synthetic_01115,cluster_a10,62,63,62,63,1,0.25,0.00015,1,1,,11.3,48.0,15
synthetic_01116,cluster_g2,9,11,9,11,2,0.5,0.00035,1,1,G2,11.4,47.0,15
synthetic_01117,cluster_v100m32,21,22,21,22,1,0.25,0.00025,1,1,,4.152,10.3515625,15
synthetic_01118,cluster_p100,30,31,30,31,1,0.25,0.00025,1,1,P100,4.152,10.3515625,15
synthetic_01119,cluster_p100,8,9,8,9,1,0.25,0.00025,1,1,,3.152,5.46875,15
synthetic_01120,cluster_p100,63,65,63,65,2,0.5,0.00025,1,1,,24.2,91.0,15
synthetic_01121,cluster_v100m32,40,41,40,41,1,0.25,0.00025,1,1,,11.908,46.0,15
synthetic_01122,cluster_g2,21,36,21,36,15,3.75,0.00035,1,1,G2,11.4,47.0,15
synthetic_01123,cluster_v100m32,2,3,2,3,1,0.25,0.00025,1,1,V100M16|V100M32,11.3,48.0,15
synthetic_01124,cluster_p100,61,62,61,62,1,0.25,0.00025,1,1,,11.908,46.0,15
synthetic_01125,cluster_t4,0,3,0,3,3,0.75,7e-05,1,1,T4,4.0,14.900390625,15
synthetic_01126,cluster_t4,66,68,66,68,2,0.5,7e-05,1,1,T4,3.152,5.46875,15
synthetic_01127,cluster_v100m32,15,27,15,27,12,3.0,0.00025,1,1,,12.0,15.0,15
synthetic_01128,cluster_v100m16,64,65,64,65,1,0.25,0.00025,1,1,V100M16|V100M32,11.3,48.0,15
synthetic_01129,cluster_a10,80,81,80,81,1,0.25,0.00015,1,1,,3.152,5.46875,15
synthetic_01130,cluster_t4,33,35,33,35,2,0.5,7e-05,1,1,T4,11.908,46.0,15
synthetic_01131,cluster_t4,33,34,33,34,1,0.25,7e-05,1,1,T4,24.2,91.0,15
synthetic_01132,cluster_t4,6,8,6,8,2,0.5,7e-05,1,1,,11.3,48.0,15
synthetic_01133,cluster_g3,21,22,21,22,1,0.25,0.00035,1,1,,11.3,48.0,15
synthetic_01134,cluster_g2,9,14,9,14,5,1.25,0.00035,1,1,,4.0,30.517578125,15
synthetic_01135,cluster_t4,64,65,64,65,1,0.25,7e-05,1,1,,8.0,29.8017578125,15
synthetic_01136,cluster_t4,27,28,27,28,1,0.25,7e-05,1,1,,3.152,5.46875,15
synthetic_01137,cluster_v100m16,43,44,43,44,1,0.25,0.00025,1,1,,8.0,29.8017578125,15
synthetic_01138,cluster_t4,26,27,26,27,1,0.25,7e-05,1,1,T4,12.0,24.0,15
synthetic_01139,cluster_v100m32,36,37,36,37,1,0.25,0.00025,1,1,V100M16|V100M32,3.152,5.46875,15
synthetic_01140,cluster_v100m32,9,11,9,11,2,0.5,0.00025,1,1,,11.908,46.0,15
synthetic_01141,cluster_t4,62,67,62,67,5,1.25,7e-05,1,1,,11.908,46.0,15
synthetic_01142,cluster_t4,88,89,88,89,1,0.25,7e-05,1,1,T4,3.152,5.46875,15
synthetic_01143,cluster_t4,71,72,71,72,1,0.25,7e-05,1,1,T4,11.3,48.0,15
synthetic_01144,cluster_v100m32,61,64,61,64,3,0.75,0.00025,1,1,,15.7,57.0,15
synthetic_01145,cluster_p100,51,52,51,52,1,0.25,0.00025,1,1,,3.152,5.46875,15
synthetic_01146,cluster_v100m16,33,34,33,34,1,0.25,0.00025,1,1,V100M16|V100M32,11.3,48.0,15
synthetic_01147,cluster_t4,65,67,65,67,2,0.5,7e-05,1,1,T4,11.4,47.0,15
synthetic_01148,cluster_t4,5,6,5,6,1,0.25,7e-05,1,1,T4,12.0,24.0,15
synthetic_01149,cluster_a10,50,51,50,51,1,0.25,0.00015,1,1,,11.908,46.0,15
synthetic_01150,cluster_g3,60,65,60,65,5,1.25,0.00035,1,1,G3,11.9,76.0,15
synthetic_01151,cluster_g2,71,72,71,72,1,0.25,0.00035,1,1,G2,11.3,48.0,15
synthetic_01152,cluster_p100,1,2,1,2,1,0.25,0.00025,1,1,,11.908,46.0,15
synthetic_01153,cluster_v100m16,0,5,0,5,5,1.25,0.00025,1,1,,8.0,64.0,15
synthetic_01154,cluster_t4,17,18,17,18,1,0.25,7e-05,1,1,T4,3.152,5.46875,15
synthetic_01155,cluster_p100,80,81,80,81,1,0.25,0.00025,1,1,P100,3.152,5.46875,15
synthetic_01156,cluster_t4,23,29,23,29,6,1.5,7e-05,1,1,,11.908,46.0,15
synthetic_01157,cluster_g2,25,27,25,27,2,0.5,0.00035,1,1,,11.908,46.0,15
synthetic_01158,cluster_t4,84,85,84,85,1,0.25,7e-05,1,1,T4,11.3,48.0,15
synthetic_01159,cluster_g2,85,87,85,87,2,0.5,0.00035,1,1,G2|P100|T4|V100M16|V100M32,12.0,16.0,15
synthetic_01160,cluster_p100,10,11,10,11,1,0.25,0.00025,1,1,,24.2,91.0,15
synthetic_01161,cluster_t4,57,59,57,59,2,0.5,7e-05,1,1,T4,4.0,14.900390625,15
synthetic_01162,cluster_p100,17,18,17,18,1,0.25,0.00025,1,1,P100,3.152,5.46875,15
synthetic_01163,cluster_g2,18,23,18,23,5,1.25,0.00035,1,1,G2,11.4,47.0,15
synthetic_01164,cluster_g3,54,55,54,55,1,0.25,0.00035,1,1,,3.152,5.46875,15
synthetic_01165,cluster_t4,56,57,56,57,1,0.25,7e-05,1,1,,11.4,47.0,15
synthetic_01166,cluster_a10,77,78,77,78,1,0.25,0.00015,1,1,,3.152,5.46875,15
synthetic_01167,cluster_v100m16,40,41,40,41,1,0.25,0.00025,1,1,,11.3,48.0,15
synthetic_01168,cluster_g2,57,58,57,58,1,0.25,0.00035,1,1,G2,11.9,76.0,15
synthetic_01169,cluster_v100m16,42,43,42,43,1,0.25,0.00025,1,1,V100M16|V100M32,11.3,48.0,15
synthetic_01170,cluster_t4,92,93,92,93,1,0.25,7e-05,1,1,T4,11.908,46.0,15
synthetic_01171,cluster_t4,31,32,31,32,1,0.25,7e-05,1,1,T4,3.152,5.46875,15
synthetic_01172,cluster_v100m32,48,49,48,49,1,0.25,0.00025,1,1,,3.152,5.46875,15
synthetic_01173,cluster_g2,25,26,25,26,1,0.25,0.00035,1,1,G2,11.3,48.0,15
synthetic_01174,cluster_v100m16,62,63,62,63,1,0.25,0.00025,1,1,,3.152,5.46875,15
synthetic_01175,cluster_p100,42,43,42,43,1,0.25,0.00025,1,1,,4.0,22.3515625,15
synthetic_01176,cluster_t4,43,45,43,45,2,0.5,7e-05,1,1,T4,11.3,48.0,15
synthetic_01177,cluster_v100m32,13,27,13,27,14,3.5,0.00025,1,1,V100M16|V100M32,11.4,47.0,15
synthetic_01178,cluster_t4,3,4,3,4,1,0.25,7e-05,1,1,,3.152,5.46875,15
synthetic_01179,cluster_g3,66,67,66,67,1,0.25,0.00035,1,1,,8.0,29.8017578125,15
synthetic_01180,cluster_v100m16,0,1,0,1,1,0.25,0.00025,1,1,,3.152,5.46875,15
synthetic_01181,cluster_a10,9,10,9,10,1,0.25,0.00015,1,1,,3.152,5.46875,15
synthetic_01182,cluster_g2,83,88,83,88,5,1.25,0.00035,1,1,,4.0,24.0,15
synthetic_01183,cluster_t4,42,43,42,43,1,0.25,7e-05,1,1,,11.3,48.0,15
synthetic_01184,cluster_p100,55,60,55,60,5,1.25,0.00025,1,1,P100,6.0,8.0,15
synthetic_01185,cluster_t4,72,74,72,74,2,0.5,7e-05,1,1,T4,16.0,32.0,15
synthetic_01186,cluster_p100,5,6,5,6,1,0.25,0.00025,1,1,,3.152,5.46875,15
synthetic_01187,cluster_g2,35,36,35,36,1,0.25,0.00035,1,1,G2,11.3,48.0,15
synthetic_01188,cluster_g2,25,26,25,26,1,0.25,0.00035,1,1,,8.0,29.8017578125,15
synthetic_01189,cluster_g2,26,27,26,27,1,0.25,0.00035,1,1,G2,12.0,16.0,15
synthetic_01190,cluster_g3,26,28,26,28,2,0.5,0.00035,1,1,,4.0,32.0,15
synthetic_01191,cluster_g3,34,35,34,35,1,0.25,0.00035,1,1,,8.2,33.0,15
synthetic_01192,cluster_t4,80,86,80,86,6,1.5,7e-05,1,1,T4,12.0,24.0,15
synthetic_01193,cluster_p100,7,8,7,8,1,0.25,0.00025,1,1,P100,3.152,5.46875,15
synthetic_01194,cluster_p100,1,2,1,2,1,0.25,0.00025,1,1,P100,4.0,14.900390625,15
synthetic_01195,cluster_g3,25,27,25,27,2,0.5,0.00035,1,1,,11.3,48.0,15
synthetic_01196,cluster_g3,34,44,34,44,10,2.5,0.00035,1,1,,4.0,22.3515625,15
synthetic_01197,cluster_t4,31,32,31,32,1,0.25,7e-05,1,1,T4,11.3,48.0,15
synthetic_01198,cluster_g2,32,33,32,33,1,0.25,0.00035,1,1,,3.152,5.46875,15
synthetic_01199,cluster_v100m16,77,78,77,78,1,0.25,0.00025,1,1,,11.3,48.0,15
synthetic_01200,cluster_g2,56,57,56,57,1,0.25,0.00035,1,1,,3.152,5.46875,15
synthetic_01201,cluster_g2,91,92,91,92,1,0.25,0.00035,1,1,,3.152,5.46875,15
synthetic_01202,cluster_p100,43,59,43,59,16,4.0,0.00025,1,1,,8.0,29.8017578125,15
synthetic_01203,cluster_g2,66,67,66,67,1,0.25,0.00035,1,1,,11.4,76.0,15
synthetic_01204,cluster_t4,90,91,90,91,1,0.25,7e-05,1,1,T4,11.3,48.0,15
synthetic_01205,cluster_g2,33,35,33,35,2,0.5,0.00035,1,1,,11.908,46.0,15
synthetic_01206,cluster_v100m32,60,62,60,62,2,0.5,0.00025,1,1,,6.0,6.0,15
synthetic_01207,cluster_v100m32,12,14,12,14,2,0.5,0.00025,1,1,,24.2,91.0,15
synthetic_01208,cluster_p100,65,66,65,66,1,0.25,0.00025,1,1,,11.908,46.0,15
synthetic_01209,cluster_t4,10,11,10,11,1,0.25,7e-05,1,1,T4,4.0,29.8017578125,15
synthetic_01210,cluster_v100m16,9,11,9,11,2,0.5,0.00025,1,1,,8.0,16.0,15
synthetic_01211,cluster_t4,17,20,17,20,3,0.75,7e-05,1,1,,4.0,14.900390625,15
synthetic_01212,cluster_g3,46,56,46,56,10,2.5,0.00035,1,1,G3,1.0,6.0,15
synthetic_01213,cluster_g2,19,22,19,22,3,0.75,0.0007,2,2,,30.2,157.0,15
synthetic_01214,cluster_v100m32,87,90,87,90,3,0.75,0.00025,1,1,,6.0,23.0,15
synthetic_01215,cluster_g3,42,44,42,44,2,0.5,0.00035,1,1,,3.152,5.46875,15
synthetic_01216,cluster_t4,92,93,92,93,1,0.25,7e-05,1,1,T4,11.4,47.0,15
synthetic_01217,cluster_g2,14,16,14,16,2,0.5,0.00035,1,1,,4.0,29.8017578125,15
synthetic_01218,cluster_v100m32,60,61,60,61,1,0.25,0.00025,1,1,,3.152,5.46875,15
synthetic_01219,cluster_v100m32,36,37,36,37,1,0.25,0.00025,1,1,,3.152,5.46875,15
synthetic_01220,cluster_t4,10,15,10,15,5,1.25,7e-05,1,1,T4,4.0,24.0,15
synthetic_01221,cluster_g3,57,62,57,62,5,1.25,0.00035,1,1,,9.81,40.5859375,15
synthetic_01222,cluster_g2,29,30,29,30,1,0.25,0.00035,1,1,,4.0,22.3515625,15
synthetic_01223,cluster_t4,53,55,53,55,2,0.5,7e-05,1,1,,9.81,40.5859375,15
synthetic_01224,cluster_g3,83,84,83,84,1,0.25,0.00035,1,1,,4.152,10.3515625,15
synthetic_01225,cluster_g3,52,53,52,53,1,0.25,0.00035,1,1,,11.3,48.0,15
synthetic_01226,cluster_t4,14,15,14,15,1,0.25,7e-05,1,1,,3.152,5.46875,15
synthetic_01227,cluster_g2,95,96,95,96,1,0.25,0.00035,1,1,G2,12.0,16.0,15
synthetic_01228,cluster_g2,46,47,46,47,1,0.25,0.00035,1,1,,6.0,6.0,15
synthetic_01229,cluster_t4,1,4,1,4,3,0.75,7e-05,1,1,,11.3,48.0,15
synthetic_01230,cluster_t4,9,10,9,10,1,0.25,7e-05,1,1,T4,12.0,15.0,15
synthetic_01231,cluster_g3,15,16,15,16,1,0.25,0.00035,1,1,,11.908,46.0,15
synthetic_01232,cluster_t4,68,69,68,69,1,0.25,7e-05,1,1,,11.3,48.0,15
synthetic_01233,cluster_p100,91,95,91,95,4,1.0,0.00025,1,1,,11.908,46.0,15
synthetic_01234,cluster_g2,38,39,38,39,1,0.25,0.00035,1,1,,3.152,5.46875,15
synthetic_01235,cluster_v100m32,48,49,48,49,1,0.25,0.00025,1,1,,4.0,22.3515625,15
synthetic_01236,cluster_v100m32,85,86,85,86,1,0.25,0.00025,1,1,,4.152,10.3515625,15
synthetic_01237,cluster_t4,76,77,76,77,1,0.25,7e-05,1,1,T4,8.0,29.8017578125,15
synthetic_01238,cluster_p100,95,96,95,96,1,0.25,0.00025,1,1,P100,3.152,5.46875,15
synthetic_01239,cluster_v100m16,67,72,67,72,5,1.25,0.00025,1,1,,11.908,46.0,15
synthetic_01240,cluster_g2,71,72,71,72,1,0.25,0.00035,1,1,,3.152,5.46875,15
synthetic_01241,cluster_v100m16,9,15,9,15,6,1.5,0.00025,1,1,,11.908,46.0,15
synthetic_01242,cluster_t4,85,88,85,88,3,0.75,7e-05,1,1,,24.2,91.0,15
synthetic_01243,cluster_p100,62,63,62,63,1,0.25,0.00025,1,1,,11.3,48.0,15
synthetic_01244,cluster_p100,37,38,37,38,1,0.25,0.00025,1,1,,11.3,48.0,15
synthetic_01245,cluster_g2,62,63,62,63,1,0.25,0.00035,1,1,,18.708,63.0,15
synthetic_01246,cluster_v100m32,3,7,3,7,4,1.0,0.00025,1,1,,4.0,22.3515625,15
synthetic_01247,cluster_g3,32,38,32,38,6,1.5,0.00035,1,1,G3,11.4,47.0,15
synthetic_01248,cluster_g3,95,96,95,96,1,0.25,0.00035,1,1,,11.4,47.0,15
synthetic_01249,cluster_g2,14,15,14,15,1,0.25,0.00035,1,1,,3.152,5.46875,15
synthetic_01250,cluster_t4,1,2,1,2,1,0.25,7e-05,1,1,T4,24.2,91.0,15
synthetic_01251,cluster_v100m32,31,33,31,33,2,0.5,0.00025,1,1,,16.0,32.0,15
synthetic_01252,cluster_v100m16,74,78,74,78,4,1.0,0.00025,1,1,V100M16,11.3,48.0,15
synthetic_01253,cluster_p100,14,15,14,15,1,0.25,0.00025,1,1,P100,8.0,29.8017578125,15
synthetic_01254,cluster_t4,24,25,24,25,1,0.25,7e-05,1,1,T4,11.9,76.0,15
synthetic_01255,cluster_p100,27,28,27,28,1,0.25,0.00025,1,1,P100,3.152,5.46875,15
synthetic_01256,cluster_v100m16,4,5,4,5,1,0.25,0.00025,1,1,,11.3,48.0,15
synthetic_01257,cluster_v100m16,58,62,58,62,4,1.0,0.00025,1,1,,8.0,29.8017578125,15
synthetic_01258,cluster_g3,41,45,41,45,4,1.0,0.00035,1,1,,8.0,29.8017578125,15
synthetic_01259,cluster_p100,39,40,39,40,1,0.25,0.00025,1,1,,3.152,5.46875,15
synthetic_01260,cluster_p100,81,82,81,82,1,0.25,0.00025,1,1,,11.4,47.0,15
synthetic_01261,cluster_v100m16,1,2,1,2,1,0.25,0.00025,1,1,,8.2,33.0,15
synthetic_01262,cluster_t4,11,12,11,12,1,0.25,7e-05,1,1,T4,3.152,5.46875,15
synthetic_01263,cluster_v100m16,46,47,46,47,1,0.25,0.00025,1,1,,3.152,5.46875,15
synthetic_01264,cluster_p100,44,46,44,46,2,0.5,0.00025,1,1,,11.908,46.0,15
synthetic_01265,cluster_g2,23,24,23,24,1,0.25,0.00035,1,1,,3.152,5.46875,15
synthetic_01266,cluster_v100m32,92,93,92,93,1,0.25,0.00025,1,1,,11.908,46.0,15
synthetic_01267,cluster_p100,93,95,93,95,2,0.5,0.00025,1,1,,11.908,46.0,15
synthetic_01268,cluster_t4,64,65,64,65,1,0.25,7e-05,1,1,T4,6.0,12.0,15
synthetic_01269,cluster_a10,41,43,41,43,2,0.5,0.00015,1,1,,16.0,64.0,15
synthetic_01270,cluster_p100,83,92,83,92,9,2.25,0.00025,1,1,P100|V100M16|V100M32,16.0,64.0,15
synthetic_01271,cluster_p100,41,42,41,42,1,0.25,0.00025,1,1,,3.152,5.46875,15
synthetic_01272,cluster_t4,33,42,33,42,9,2.25,7e-05,1,1,T4,11.4,47.0,15
synthetic_01273,cluster_v100m32,92,93,92,93,1,0.25,0.00025,1,1,,11.3,48.0,15
synthetic_01274,cluster_p100,68,70,68,70,2,0.5,0.00025,1,1,,11.4,47.0,15
synthetic_01275,cluster_t4,38,39,38,39,1,0.25,7e-05,1,1,T4,3.152,5.46875,15
synthetic_01276,cluster_v100m32,13,14,13,14,1,0.25,0.00025,1,1,V100M32,11.3,48.0,15
synthetic_01277,cluster_g3,78,79,78,79,1,0.25,0.00035,1,1,,3.152,5.46875,15
synthetic_01278,cluster_g2,49,53,49,53,4,1.0,0.00035,1,1,,4.0,14.900390625,15
synthetic_01279,cluster_t4,44,45,44,45,1,0.25,7e-05,1,1,T4,11.3,48.0,15
synthetic_01280,cluster_t4,24,28,24,28,4,1.0,7e-05,1,1,,4.0,14.900390625,15
synthetic_01281,cluster_p100,29,31,29,31,2,0.5,0.00025,1,1,P100|V100M16|V100M32,18.708,63.0,15
synthetic_01282,cluster_g2,69,70,69,70,1,0.25,0.00035,1,1,,11.3,48.0,15
synthetic_01283,cluster_p100,35,37,35,37,2,0.5,0.00025,1,1,,8.0,29.8017578125,15
synthetic_01284,cluster_t4,69,70,69,70,1,0.25,7e-05,1,1,T4,3.152,5.46875,15
synthetic_01285,cluster_t4,36,37,36,37,1,0.25,7e-05,1,1,T4,12.0,16.0,15
synthetic_01286,cluster_t4,59,60,59,60,1,0.25,7e-05,1,1,T4,3.152,5.46875,15
synthetic_01287,cluster_p100,67,71,67,71,4,1.0,0.00025,1,1,,6.0,18.0,15
synthetic_01288,cluster_v100m32,50,51,50,51,1,0.25,0.00025,1,1,G2|P100|T4|V100M16|V100M32,3.152,5.46875,15
synthetic_01289,cluster_p100,84,91,84,91,7,1.75,0.00025,1,1,,24.2,91.0,15
synthetic_01290,cluster_t4,23,36,23,36,13,3.25,7e-05,1,1,,11.3,48.0,15
synthetic_01291,cluster_p100,29,30,29,30,1,0.25,0.00025,1,1,P100,11.908,46.0,15
synthetic_01292,cluster_t4,48,49,48,49,1,0.25,7e-05,1,1,T4,11.4,47.0,15
synthetic_01293,cluster_t4,8,9,8,9,1,0.25,7e-05,1,1,,11.4,47.0,15
synthetic_01294,cluster_g3,67,68,67,68,1,0.25,0.00035,1,1,,11.4,47.0,15
synthetic_01295,cluster_v100m16,91,92,91,92,1,0.25,0.00025,1,1,,3.152,5.46875,15
synthetic_01296,cluster_p100,63,64,63,64,1,0.25,0.00025,1,1,,11.4,76.0,15
synthetic_01297,cluster_t4,58,59,58,59,1,0.25,7e-05,1,1,T4,11.3,48.0,15
synthetic_01298,cluster_v100m16,6,7,6,7,1,0.25,0.00025,1,1,,11.3,48.0,15
synthetic_01299,cluster_g2,77,78,77,78,1,0.25,0.00035,1,1,,12.0,24.0,15
synthetic_01300,cluster_g2,76,77,76,77,1,0.25,0.00035,1,1,,3.152,5.46875,15
synthetic_01301,cluster_v100m16,5,7,5,7,2,0.5,0.00025,1,1,,18.708,63.0,15
synthetic_01302,cluster_t4,38,39,38,39,1,0.25,7e-05,1,1,,11.908,46.0,15
synthetic_01303,cluster_t4,22,24,22,24,2,0.5,7e-05,1,1,,3.152,5.46875,15
synthetic_01304,cluster_t4,8,9,8,9,1,0.25,7e-05,1,1,,8.0,29.8017578125,15
synthetic_01305,cluster_t4,46,47,46,47,1,0.25,7e-05,1,1,T4,4.152,10.3515625,15
synthetic_01306,cluster_t4,41,43,41,43,2,0.5,7e-05,1,1,T4,11.4,47.0,15
synthetic_01307,cluster_t4,31,36,31,36,5,1.25,7e-05,1,1,T4,11.3,48.0,15
synthetic_01308,cluster_a10,22,23,22,23,1,0.25,0.00015,1,1,,3.152,5.46875,15
synthetic_01309,cluster_p100,84,86,84,86,2,0.5,0.00025,1,1,,3.152,5.46875,15
synthetic_01310,cluster_g3,6,7,6,7,1,0.25,0.00035,1,1,,3.152,5.46875,15
synthetic_01311,cluster_v100m16,65,68,65,68,3,0.75,0.00025,1,1,P100|V100M16|V100M32,18.708,63.0,15
synthetic_01312,cluster_t4,51,53,51,53,2,0.5,7e-05,1,1,T4,11.4,47.0,15
synthetic_01313,cluster_t4,23,24,23,24,1,0.25,7e-05,1,1,T4,4.152,10.3515625,15
synthetic_01314,cluster_t4,7,8,7,8,1,0.25,7e-05,1,1,,8.0,29.8017578125,15
synthetic_01315,cluster_g2,89,90,89,90,1,0.25,0.00035,1,1,,11.4,47.0,15
synthetic_01316,cluster_v100m16,38,39,38,39,1,0.25,0.00025,1,1,,11.908,46.0,15
synthetic_01317,cluster_v100m16,3,4,3,4,1,0.25,0.00025,1,1,,3.152,5.46875,15
synthetic_01318,cluster_g3,48,50,48,50,2,0.5,0.00035,1,1,,11.908,46.0,15
synthetic_01319,cluster_v100m16,57,63,57,63,6,1.5,0.00025,1,1,P100|V100M16|V100M32,8.0,16.0,15
synthetic_01320,cluster_t4,72,74,72,74,2,0.5,7e-05,1,1,T4,9.81,40.5859375,15
synthetic_01321,cluster_g2,24,25,24,25,1,0.25,0.00035,1,1,,4.0,29.8017578125,15
synthetic_01322,cluster_g2,64,67,64,67,3,0.75,0.00035,1,1,G2,11.4,76.0,15
synthetic_01323,cluster_v100m16,21,26,21,26,5,1.25,0.00025,1,1,,16.0,32.0,15
synthetic_01324,cluster_t4,43,44,43,44,1,0.25,7e-05,1,1,T4,3.152,5.46875,15
synthetic_01325,cluster_v100m16,11,12,11,12,1,0.25,0.00025,1,1,P100|V100M16|V100M32,3.152,5.46875,15
synthetic_01326,cluster_v100m16,85,86,85,86,1,0.25,0.00025,1,1,,9.81,40.5859375,15
synthetic_01327,cluster_t4,32,34,32,34,2,0.5,7e-05,1,1,,8.0,16.0,15
synthetic_01328,cluster_g2,3,4,3,4,1,0.25,0.00035,1,1,G2,8.2,33.0,15
synthetic_01329,cluster_p100,45,46,45,46,1,0.25,0.00025,1,1,,3.152,5.46875,15
synthetic_01330,cluster_g3,92,93,92,93,1,0.25,0.00035,1,1,,11.908,46.0,15
synthetic_01331,cluster_v100m32,77,78,77,78,1,0.25,0.00025,1,1,P100|V100M16|V100M32,3.152,5.46875,15
synthetic_01332,cluster_v100m32,38,47,38,47,9,2.25,0.00025,1,1,,11.4,47.0,15
synthetic_01333,cluster_p100,13,14,13,14,1,0.25,0.00025,1,1,,4.0,22.3515625,15
synthetic_01334,cluster_t4,85,90,85,90,5,1.25,7e-05,1,1,T4,4.0,24.0,15
synthetic_01335,cluster_g2,9,15,9,15,6,1.5,0.00035,1,1,G2,15.2,79.0,15
synthetic_01336,cluster_t4,20,21,20,21,1,0.25,7e-05,1,1,T4,8.0,29.8017578125,15
synthetic_01337,cluster_t4,77,81,77,81,4,1.0,7e-05,1,1,,3.152,5.46875,15
synthetic_01338,cluster_p100,45,46,45,46,1,0.25,0.00025,1,1,,6.0,6.0,15
synthetic_01339,cluster_g3,78,79,78,79,1,0.25,0.00035,1,1,,11.3,48.0,15
synthetic_01340,cluster_t4,49,50,49,50,1,0.25,7e-05,1,1,T4,3.152,5.46875,15
synthetic_01341,cluster_p100,41,42,41,42,1,0.25,0.00025,1,1,P100,3.152,5.46875,15
synthetic_01342,cluster_p100,90,91,90,91,1,0.25,0.00025,1,1,,3.152,5.46875,15
synthetic_01343,cluster_g2,90,94,90,94,4,1.0,0.00035,1,1,,4.0,14.900390625,15
synthetic_01344,cluster_t4,68,70,68,70,2,0.5,7e-05,1,1,T4,11.908,46.0,15
synthetic_01345,cluster_g2,21,22,21,22,1,0.25,0.00035,1,1,G2,11.3,48.0,15
synthetic_01346,cluster_t4,41,42,41,42,1,0.25,7e-05,1,1,,3.152,5.46875,15
synthetic_01347,cluster_v100m16,47,48,47,48,1,0.25,0.00025,1,1,,8.0,29.8017578125,15
synthetic_01348,cluster_v100m32,24,33,24,33,9,2.25,0.00025,1,1,P100|V100M16|V100M32,16.0,64.0,15
synthetic_01349,cluster_v100m32,59,62,59,62,3,0.75,0.00025,1,1,,11.4,47.0,15
synthetic_01350,cluster_t4,53,54,53,54,1,0.25,7e-05,1,1,,11.3,48.0,15
synthetic_01351,cluster_p100,21,22,21,22,1,0.25,0.00025,1,1,,3.152,5.46875,15
synthetic_01352,cluster_p100,25,38,25,38,13,3.25,0.00025,1,1,P100|V100M16|V100M32,18.708,63.0,15
synthetic_01353,cluster_g3,74,75,74,75,1,0.25,0.00035,1,1,,12.0,16.0,15
synthetic_01354,cluster_t4,6,7,6,7,1,0.25,7e-05,1,1,T4,4.0,29.8017578125,15
synthetic_01355,cluster_v100m32,49,50,49,50,1,0.25,0.00025,1,1,,11.3,48.0,15
synthetic_01356,cluster_t4,91,92,91,92,1,0.25,7e-05,1,1,,16.4,123.0,15
synthetic_01357,cluster_g3,13,14,13,14,1,0.25,0.00035,1,1,,3.152,5.46875,15
synthetic_01358,cluster_v100m32,33,34,33,34,1,0.25,0.00025,1,1,,3.152,5.46875,15
synthetic_01359,cluster_t4,81,82,81,82,1,0.25,7e-05,1,1,,3.152,5.46875,15
synthetic_01360,cluster_t4,7,8,7,8,1,0.25,7e-05,1,1,,3.152,5.46875,15
synthetic_01361,cluster_g2,19,21,19,21,2,0.5,0.00035,1,1,,11.908,46.0,15
synthetic_01362,cluster_t4,93,94,93,94,1,0.25,0.00028,4,4,,32.2,129.0,15
synthetic_01363,cluster_t4,52,63,52,63,11,2.75,7e-05,1,1,T4,11.908,46.0,15
synthetic_01364,cluster_t4,59,62,59,62,3,0.75,7e-05,1,1,,1.0,2.0,15
synthetic_01365,cluster_g2,9,10,9,10,1,0.25,0.00035,1,1,G2,11.4,47.0,15
synthetic_01366,cluster_t4,70,71,70,71,1,0.25,7e-05,1,1,T4,11.3,48.0,15
synthetic_01367,cluster_p100,47,48,47,48,1,0.25,0.00025,1,1,,3.152,5.46875,15
synthetic_01368,cluster_g2,46,48,46,48,2,0.5,0.00035,1,1,,15.7,57.0,15
synthetic_01369,cluster_t4,33,34,33,34,1,0.25,7e-05,1,1,,3.152,5.46875,15
synthetic_01370,cluster_g2,73,74,73,74,1,0.25,0.00035,1,1,,8.0,29.8017578125,15
synthetic_01371,cluster_t4,28,29,28,29,1,0.25,7e-05,1,1,T4,11.3,48.0,15
synthetic_01372,cluster_v100m16,69,71,69,71,2,0.5,0.00025,1,1,,4.0,29.8017578125,15
synthetic_01373,cluster_p100,59,64,59,64,5,1.25,0.00025,1,1,,9.81,40.5859375,15
synthetic_01374,cluster_v100m16,61,62,61,62,1,0.25,0.00025,1,1,,3.152,5.46875,15
synthetic_01375,cluster_a10,1,2,1,2,1,0.25,0.00015,1,1,,3.152,5.46875,15
synthetic_01376,cluster_v100m16,74,75,74,75,1,0.25,0.00025,1,1,,3.152,5.46875,15
synthetic_01377,cluster_v100m32,1,2,1,2,1,0.25,0.00025,1,1,,3.152,5.46875,15
synthetic_01378,cluster_t4,90,93,90,93,3,0.75,7e-05,1,1,,18.708,63.0,15
synthetic_01379,cluster_t4,66,67,66,67,1,0.25,7e-05,1,1,T4,11.3,48.0,15
synthetic_01380,cluster_t4,84,85,84,85,1,0.25,7e-05,1,1,T4,3.152,5.46875,15
synthetic_01381,cluster_v100m16,77,79,77,79,2,0.5,0.00025,1,1,P100|T4|V100M16|V100M32,9.81,40.5859375,15
synthetic_01382,cluster_t4,56,57,56,57,1,0.25,7e-05,1,1,T4,11.3,48.0,15
synthetic_01383,cluster_g3,15,16,15,16,1,0.25,0.00035,1,1,,3.152,5.46875,15
synthetic_01384,cluster_t4,39,40,39,40,1,0.25,7e-05,1,1,T4,3.152,5.46875,15
synthetic_01385,cluster_t4,11,16,11,16,5,1.25,7e-05,1,1,,16.0,32.0,15
synthetic_01386,cluster_p100,35,38,35,38,3,0.75,0.00025,1,1,,18.708,63.0,15
synthetic_01387,cluster_v100m32,42,43,42,43,1,0.25,0.00025,1,1,,8.0,29.8017578125,15
synthetic_01388,cluster_t4,67,68,67,68,1,0.25,7e-05,1,1,T4,11.9,76.0,15
synthetic_01389,cluster_g3,26,27,26,27,1,0.25,0.00035,1,1,,6.0,22.3515625,15
synthetic_01390,cluster_p100,33,36,33,36,3,0.75,0.00025,1,1,,9.81,40.5859375,15
synthetic_01391,cluster_t4,66,67,66,67,1,0.25,7e-05,1,1,,11.3,48.0,15
synthetic_01392,cluster_p100,41,42,41,42,1,0.25,0.00025,1,1,,3.152,5.46875,15
synthetic_01393,cluster_v100m16,38,39,38,39,1,0.25,0.002,8,8,,64.2,257.0,15
synthetic_01394,cluster_v100m16,5,7,5,7,2,0.5,0.00025,1,1,G2|P100|T4|V100M16|V100M32,8.2,33.0,15
synthetic_01395,cluster_v100m32,74,75,74,75,1,0.25,0.00025,1,1,P100|V100M16|V100M32,18.708,63.0,15
synthetic_01396,cluster_v100m32,42,45,42,45,3,0.75,0.00025,1,1,,15.7,57.0,15
synthetic_01397,cluster_g2,58,62,58,62,4,1.0,0.00035,1,1,,4.0,14.900390625,15
synthetic_01398,cluster_g3,83,84,83,84,1,0.25,0.00035,1,1,,3.152,5.46875,15
synthetic_01399,cluster_g3,66,74,66,74,8,2.0,0.00035,1,1,,11.4,47.0,15
synthetic_01400,cluster_v100m32,67,72,67,72,5,1.25,0.00025,1,1,,11.908,46.0,15
synthetic_01401,cluster_t4,57,58,57,58,1,0.25,7e-05,1,1,T4,11.3,48.0,15
synthetic_01402,cluster_g2,62,65,62,65,3,0.75,0.00035,1,1,,15.7,57.0,15
synthetic_01403,cluster_t4,21,22,21,22,1,0.25,7e-05,1,1,,18.708,63.0,15
synthetic_01404,cluster_g3,23,32,23,32,9,2.25,0.00035,1,1,,14.2,57.0,15
synthetic_01405,cluster_t4,19,20,19,20,1,0.25,7e-05,1,1,T4,11.3,48.0,15
synthetic_01406,cluster_v100m32,47,48,47,48,1,0.25,0.00025,1,1,,11.3,48.0,15
synthetic_01407,cluster_v100m32,80,81,80,81,1,0.25,0.00025,1,1,,4.152,10.3515625,15
synthetic_01408,cluster_t4,2,3,2,3,1,0.25,7e-05,1,1,,3.152,5.46875,15
synthetic_01409,cluster_p100,80,87,80,87,7,1.75,0.00025,1,1,P100,8.0,29.8017578125,15
synthetic_01410,cluster_v100m16,42,43,42,43,1,0.25,0.00025,1,1,,18.708,63.0,15
synthetic_01411,cluster_g2,3,11,3,11,8,2.0,0.00035,1,1,G2,2.0,16.0,15
synthetic_01412,cluster_g2,20,21,20,21,1,0.25,0.00035,1,1,,11.908,46.0,15
synthetic_01413,cluster_g2,45,46,45,46,1,0.25,0.00035,1,1,G2,3.152,5.46875,15
synthetic_01414,cluster_v100m32,63,64,63,64,1,0.25,0.00025,1,1,,3.152,5.46875,15
synthetic_01415,cluster_g2,59,60,59,60,1,0.25,0.0028,8,8,G2,64.2,257.0,15
synthetic_01416,cluster_p100,95,96,95,96,1,0.25,0.00025,1,1,,14.2,57.0,15
synthetic_01417,cluster_t4,40,47,40,47,7,1.75,7e-05,1,1,T4,12.0,16.0,15
synthetic_01418,cluster_t4,69,70,69,70,1,0.25,7e-05,1,1,,4.152,10.3515625,15
synthetic_01419,cluster_v100m32,20,21,20,21,1,0.25,0.00025,1,1,,3.152,5.46875,15
synthetic_01420,cluster_p100,68,69,68,69,1,0.25,0.00025,1,1,P100|V100M16|V100M32,8.0,32.0,15
synthetic_01421,cluster_p100,93,94,93,94,1,0.25,0.00025,1,1,,4.152,10.3515625,15
synthetic_01422,cluster_g2,46,49,46,49,3,0.75,0.00035,1,1,,11.4,47.0,15
synthetic_01423,cluster_v100m32,32,35,32,35,3,0.75,0.00025,1,1,,9.81,40.5859375,15
synthetic_01424,cluster_t4,35,38,35,38,3,0.75,7e-05,1,1,,4.152,10.3515625,15
synthetic_01425,cluster_p100,23,35,23,35,12,3.0,0.00025,1,1,,12.0,24.0,15
synthetic_01426,cluster_t4,42,50,42,50,8,2.0,7e-05,1,1,T4,1.0,2.0,15
synthetic_01427,cluster_g2,49,52,49,52,3,0.75,0.00035,1,1,,11.3,48.0,15
synthetic_01428,cluster_v100m32,61,62,61,62,1,0.25,0.00025,1,1,,11.4,76.0,15
synthetic_01429,cluster_p100,32,34,32,34,2,0.5,0.00025,1,1,,8.0,29.8017578125,15
synthetic_01430,cluster_g3,68,69,68,69,1,0.25,0.00035,1,1,,11.4,47.0,15
synthetic_01431,cluster_v100m32,71,72,71,72,1,0.25,0.00025,1,1,G2|P100|T4|V100M16|V100M32,3.152,5.46875,15
synthetic_01432,cluster_p100,59,62,59,62,3,0.75,0.00025,1,1,,11.908,46.0,15
synthetic_01433,cluster_v100m32,27,32,27,32,5,1.25,0.00025,1,1,,11.3,48.0,15
synthetic_01434,cluster_p100,1,2,1,2,1,0.25,0.00025,1,1,,3.152,5.46875,15
synthetic_01435,cluster_t4,72,73,72,73,1,0.25,7e-05,1,1,,11.3,48.0,15
synthetic_01436,cluster_t4,61,65,61,65,4,1.0,7e-05,1,1,T4,4.0,22.3515625,15
synthetic_01437,cluster_t4,30,31,30,31,1,0.25,7e-05,1,1,T4,3.152,5.46875,15
synthetic_01438,cluster_g3,87,88,87,88,1,0.25,0.00035,1,1,,3.152,5.46875,15
synthetic_01439,cluster_t4,36,37,36,37,1,0.25,7e-05,1,1,,11.4,47.0,15
synthetic_01440,cluster_v100m16,38,40,38,40,2,0.5,0.00025,1,1,,3.152,5.46875,15
synthetic_01441,cluster_v100m32,7,9,7,9,2,0.5,0.00025,1,1,,4.0,24.0,15
synthetic_01442,cluster_p100,49,50,49,50,1,0.25,0.00025,1,1,,3.152,5.46875,15
synthetic_01443,cluster_t4,3,4,3,4,1,0.25,7e-05,1,1,,11.908,46.0,15
synthetic_01444,cluster_g2,75,76,75,76,1,0.25,0.00035,1,1,,4.0,14.900390625,15
synthetic_01445,cluster_t4,54,61,54,61,7,1.75,7e-05,1,1,,8.0,29.8017578125,15
synthetic_01446,cluster_t4,27,28,27,28,1,0.25,7e-05,1,1,T4,3.152,5.46875,15
synthetic_01447,cluster_t4,75,77,75,77,2,0.5,7e-05,1,1,T4,11.3,48.0,15
synthetic_01448,cluster_p100,54,55,54,55,1,0.25,0.00025,1,1,,4.0,14.900390625,15
synthetic_01449,cluster_t4,52,53,52,53,1,0.25,7e-05,1,1,T4,3.152,5.46875,15
synthetic_01450,cluster_v100m32,50,53,50,53,3,0.75,0.00025,1,1,,24.2,91.0,15
synthetic_01451,cluster_t4,64,65,64,65,1,0.25,7e-05,1,1,,3.152,5.46875,15
synthetic_01452,cluster_g2,21,23,21,23,2,0.5,0.00035,1,1,G2,11.3,48.0,15
synthetic_01453,cluster_t4,0,1,0,1,1,0.25,7e-05,1,1,T4,4.0,14.900390625,15
synthetic_01454,cluster_g2,50,52,50,52,2,0.5,0.00035,1,1,,4.152,10.3515625,15
synthetic_01455,cluster_v100m16,78,81,78,81,3,0.75,0.00025,1,1,,11.4,47.0,15
synthetic_01456,cluster_g2,83,86,83,86,3,0.75,0.00035,1,1,,11.908,46.0,15
synthetic_01457,cluster_p100,42,43,42,43,1,0.25,0.00025,1,1,P100|V100M16|V100M32,11.3,48.0,15
synthetic_01458,cluster_t4,33,36,33,36,3,0.75,7e-05,1,1,,15.7,57.0,15
synthetic_01459,cluster_g3,68,69,68,69,1,0.25,0.00035,1,1,,3.152,5.46875,15
synthetic_01460,cluster_v100m32,73,75,73,75,2,0.5,0.00025,1,1,,3.152,5.46875,15
synthetic_01461,cluster_p100,7,8,7,8,1,0.25,0.00025,1,1,P100,3.152,5.46875,15
synthetic_01462,cluster_g2,75,76,75,76,1,0.25,0.0014,4,4,G2,32.2,129.0,15
synthetic_01463,cluster_v100m32,37,41,37,41,4,1.0,0.00025,1,1,,4.0,30.517578125,15
synthetic_01464,cluster_g2,11,13,11,13,2,0.5,0.00035,1,1,G2,8.0,16.0,15
synthetic_01465,cluster_t4,79,80,79,80,1,0.25,7e-05,1,1,T4,9.81,40.5859375,15
synthetic_01466,cluster_t4,18,20,18,20,2,0.5,7e-05,1,1,T4,3.152,5.46875,15
synthetic_01467,cluster_p100,91,92,91,92,1,0.25,0.00025,1,1,,11.3,48.0,15
synthetic_01468,cluster_g2,11,14,11,14,3,0.75,0.00035,1,1,,24.2,91.0,15
synthetic_01469,cluster_g2,82,88,82,88,6,1.5,0.00035,1,1,,12.0,24.0,15
synthetic_01470,cluster_g3,76,78,76,78,2,0.5,0.00035,1,1,,8.0,29.8017578125,15
synthetic_01471,cluster_v100m32,51,58,51,58,7,1.75,0.00025,1,1,,16.0,64.0,15
synthetic_01472,cluster_t4,84,85,84,85,1,0.25,7e-05,1,1,,11.3,48.0,15
synthetic_01473,cluster_v100m16,16,18,16,18,2,0.5,0.00025,1,1,G2|P100|T4|V100M16|V100M32,8.0,16.0,15
synthetic_01474,cluster_p100,57,58,57,58,1,0.25,0.00025,1,1,,3.152,5.46875,15
synthetic_01475,cluster_p100,66,67,66,67,1,0.25,0.00025,1,1,,11.908,46.0,15
synthetic_01476,cluster_g2,2,4,2,4,2,0.5,0.00035,1,1,,11.3,48.0,15
synthetic_01477,cluster_g3,24,25,24,25,1,0.25,0.00035,1,1,,11.908,46.0,15
synthetic_01478,cluster_t4,42,48,42,48,6,1.5,7e-05,1,1,T4,3.152,5.46875,15
synthetic_01479,cluster_t4,14,15,14,15,1,0.25,7e-05,1,1,,11.908,46.0,15
synthetic_01480,cluster_g2,1,2,1,2,1,0.25,0.00035,1,1,,11.3,37.0,15
synthetic_01481,cluster_g2,8,9,8,9,1,0.25,0.00035,1,1,,3.152,5.46875,15
synthetic_01482,cluster_p100,18,27,18,27,9,2.25,0.00025,1,1,,11.4,47.0,15
synthetic_01483,cluster_g3,14,15,14,15,1,0.25,0.00035,1,1,,12.0,16.0,15
synthetic_01484,cluster_p100,87,88,87,88,1,0.25,0.00025,1,1,P100,11.908,46.0,15
synthetic_01485,cluster_g3,84,85,84,85,1,0.25,0.00035,1,1,,11.3,48.0,15
synthetic_01486,cluster_p100,27,28,27,28,1,0.25,0.00025,1,1,,3.152,5.46875,15
synthetic_01487,cluster_p100,8,9,8,9,1,0.25,0.00025,1,1,P100,4.0,29.8017578125,15
synthetic_01488,cluster_t4,42,43,42,43,1,0.25,7e-05,1,1,T4,11.908,46.0,15
synthetic_01489,cluster_t4,41,42,41,42,1,0.25,7e-05,1,1,,11.908,46.0,15
synthetic_01490,cluster_v100m32,38,39,38,39,1,0.25,0.00025,1,1,,11.908,46.0,15
synthetic_01491,cluster_g2,93,94,93,94,1,0.25,0.00035,1,1,G2,11.3,48.0,15
synthetic_01492,cluster_v100m16,58,59,58,59,1,0.25,0.00025,1,1,,4.0,29.8017578125,15
synthetic_01493,cluster_t4,78,79,78,79,1,0.25,7e-05,1,1,,12.0,15.0,15
synthetic_01494,cluster_v100m32,20,22,20,22,2,0.5,0.00025,1,1,,11.3,48.0,15
synthetic_01495,cluster_v100m32,53,60,53,60,7,1.75,0.00025,1,1,,11.3,48.0,15
synthetic_01496,cluster_p100,18,29,18,29,11,2.75,0.00025,1,1,,4.0,22.3515625,15
synthetic_01497,cluster_t4,76,78,76,78,2,0.5,7e-05,1,1,T4,3.152,5.46875,15
synthetic_01498,cluster_p100,2,3,2,3,1,0.25,0.00025,1,1,,8.0,29.8017578125,15
synthetic_01499,cluster_a10,7,8,7,8,1,0.25,0.00015,1,1,,11.3,48.0,15
synthetic_01500,cluster_g2,8,9,8,9,1,0.25,0.00035,1,1,,3.152,5.46875,15
synthetic_01501,cluster_v100m32,81,82,81,82,1,0.25,0.00025,1,1,,3.152,5.46875,15
synthetic_01502,cluster_g2,22,26,22,26,4,1.0,0.00035,1,1,G2,16.0,32.0,15
synthetic_01503,cluster_t4,36,41,36,41,5,1.25,7e-05,1,1,,16.0,32.0,15
synthetic_01504,cluster_v100m16,87,89,87,89,2,0.5,0.00025,1,1,,11.908,46.0,15
synthetic_01505,cluster_v100m16,12,13,12,13,1,0.25,0.00025,1,1,,3.152,5.46875,15
synthetic_01506,cluster_g2,42,43,42,43,1,0.25,0.00035,1,1,,3.152,5.46875,15
synthetic_01507,cluster_v100m16,67,68,67,68,1,0.25,0.00025,1,1,,11.3,48.0,15
synthetic_01508,cluster_g3,40,41,40,41,1,0.25,0.00035,1,1,,11.4,47.0,15
synthetic_01509,cluster_t4,67,68,67,68,1,0.25,7e-05,1,1,T4,12.0,16.0,15
synthetic_01510,cluster_g2,1,2,1,2,1,0.25,0.00035,1,1,,11.4,47.0,15
synthetic_01511,cluster_t4,69,70,69,70,1,0.25,7e-05,1,1,,4.0,22.3515625,15
synthetic_01512,cluster_t4,46,47,46,47,1,0.25,7e-05,1,1,,11.9,76.0,15
synthetic_01513,cluster_t4,79,81,79,81,2,0.5,7e-05,1,1,T4,11.4,47.0,15
synthetic_01514,cluster_t4,49,57,49,57,8,2.0,7e-05,1,1,T4,4.0,14.900390625,15
synthetic_01515,cluster_g2,47,48,47,48,1,0.25,0.00035,1,1,,8.0,32.0,15
synthetic_01516,cluster_t4,9,10,9,10,1,0.25,7e-05,1,1,,11.3,48.0,15
synthetic_01517,cluster_t4,69,70,69,70,1,0.25,7e-05,1,1,T4,11.3,48.0,15
synthetic_01518,cluster_t4,46,47,46,47,1,0.25,7e-05,1,1,T4,12.0,24.0,15
synthetic_01519,cluster_t4,44,45,44,45,1,0.25,7e-05,1,1,,3.152,5.46875,15
synthetic_01520,cluster_a10,19,20,19,20,1,0.25,0.00015,1,1,,11.3,48.0,15
synthetic_01521,cluster_g2,71,72,71,72,1,0.25,0.00035,1,1,,4.152,10.3515625,15
synthetic_01522,cluster_t4,11,12,11,12,1,0.25,7e-05,1,1,,11.3,48.0,15
synthetic_01523,cluster_t4,42,43,42,43,1,0.25,7e-05,1,1,T4,3.152,5.46875,15
synthetic_01524,cluster_v100m32,88,89,88,89,1,0.25,0.00025,1,1,,3.152,5.46875,15
synthetic_01525,cluster_v100m32,36,37,36,37,1,0.25,0.00025,1,1,,4.0,24.0,15
synthetic_01526,cluster_v100m16,0,3,0,3,3,0.75,0.00025,1,1,,18.708,63.0,15
synthetic_01527,cluster_v100m32,71,73,71,73,2,0.5,0.00025,1,1,V100M32,12.0,16.0,15
synthetic_01528,cluster_a10,30,31,30,31,1,0.25,0.00015,1,1,A10|T4,11.908,46.0,15
synthetic_01529,cluster_t4,84,87,84,87,3,0.75,7e-05,1,1,,4.0,14.900390625,15
synthetic_01530,cluster_g3,33,34,33,34,1,0.25,0.00035,1,1,,4.152,10.3515625,15
synthetic_01531,cluster_v100m32,56,58,56,58,2,0.5,0.00025,1,1,,4.0,30.517578125,15
synthetic_01532,cluster_v100m16,70,71,70,71,1,0.25,0.00025,1,1,P100|V100M16|V100M32,11.3,48.0,15
synthetic_01533,cluster_p100,33,34,33,34,1,0.25,0.00025,1,1,P100,11.908,46.0,15
synthetic_01534,cluster_v100m16,65,66,65,66,1,0.25,0.00025,1,1,,1.0,2.0,15
synthetic_01535,cluster_v100m32,82,83,82,83,1,0.25,0.00025,1,1,,11.3,48.0,15
synthetic_01536,cluster_g3,28,29,28,29,1,0.25,0.00035,1,1,,3.152,5.46875,15
synthetic_01537,cluster_g2,64,66,64,66,2,0.5,0.00035,1,1,,11.3,48.0,15
synthetic_01538,cluster_g3,83,84,83,84,1,0.25,0.00035,1,1,,11.3,48.0,15
synthetic_01539,cluster_g2,70,71,70,71,1,0.25,0.00035,1,1,,3.152,5.46875,15
synthetic_01540,cluster_v100m16,61,65,61,65,4,1.0,0.00025,1,1,P100|V100M16|V100M32,11.4,47.0,15
synthetic_01541,cluster_g2,52,53,52,53,1,0.25,0.0028,8,8,,64.2,257.0,15
synthetic_01542,cluster_p100,78,79,78,79,1,0.25,0.00025,1,1,,3.152,5.46875,15
synthetic_01543,cluster_v100m32,92,93,92,93,1,0.25,0.00025,1,1,,18.708,63.0,15
synthetic_01544,cluster_g3,14,21,14,21,7,1.75,0.00035,1,1,,11.4,47.0,15
synthetic_01545,cluster_v100m16,19,20,19,20,1,0.25,0.00025,1,1,,4.0,14.900390625,15
synthetic_01546,cluster_g3,14,15,14,15,1,0.25,0.00035,1,1,,8.0,29.8017578125,15
synthetic_01547,cluster_t4,38,39,38,39,1,0.25,7e-05,1,1,,3.152,5.46875,15
synthetic_01548,cluster_p100,79,80,79,80,1,0.25,0.00025,1,1,,8.0,29.8017578125,15
synthetic_01549,cluster_v100m16,8,9,8,9,1,0.25,0.00025,1,1,,3.152,5.46875,15
synthetic_01550,cluster_t4,8,11,8,11,3,0.75,7e-05,1,1,T4,11.4,47.0,15
synthetic_01551,cluster_t4,61,62,61,62,1,0.25,7e-05,1,1,,8.0,16.0,15
synthetic_01552,cluster_v100m32,8,9,8,9,1,0.25,0.00025,1,1,,11.3,48.0,15
synthetic_01553,cluster_g3,14,15,14,15,1,0.25,0.00035,1,1,,11.3,48.0,15
synthetic_01554,cluster_v100m16,2,3,2,3,1,0.25,0.00025,1,1,,11.4,47.0,15
synthetic_01555,cluster_g2,45,60,45,60,15,3.75,0.00035,1,1,G2,11.4,47.0,15
synthetic_01556,cluster_g2,64,65,64,65,1,0.25,0.00035,1,1,G2,11.3,48.0,15
synthetic_01557,cluster_t4,6,7,6,7,1,0.25,7e-05,1,1,,3.152,5.46875,15
synthetic_01558,cluster_p100,46,47,46,47,1,0.25,0.00025,1,1,P100,3.152,5.46875,15
synthetic_01559,cluster_t4,33,39,33,39,6,1.5,7e-05,1,1,G2|P100|T4|V100M16|V100M32,6.0,32.0,15
synthetic_01560,cluster_t4,36,37,36,37,1,0.25,7e-05,1,1,,3.152,5.46875,15
synthetic_01561,cluster_g2,77,84,77,84,7,1.75,0.00035,1,1,,4.0,30.517578125,15
synthetic_01562,cluster_t4,84,86,84,86,2,0.5,7e-05,1,1,T4,24.2,91.0,15
synthetic_01563,cluster_g3,87,90,87,90,3,0.75,0.00035,1,1,,9.81,40.5859375,15
synthetic_01564,cluster_g3,62,64,62,64,2,0.5,0.00035,1,1,,4.0,30.517578125,15
synthetic_01565,cluster_v100m32,89,91,89,91,2,0.5,0.00025,1,1,,3.152,5.46875,15
synthetic_01566,cluster_g2,44,47,44,47,3,0.75,0.00035,1,1,,11.3,48.0,15
synthetic_01567,cluster_v100m32,4,5,4,5,1,0.25,0.00025,1,1,,18.708,63.0,15
synthetic_01568,cluster_g2,87,88,87,88,1,0.25,0.0028,8,8,,88.0,320.0,15
synthetic_01569,cluster_t4,12,13,12,13,1,0.25,7e-05,1,1,,11.3,48.0,15
synthetic_01570,cluster_g2,17,20,17,20,3,0.75,0.00035,1,1,,3.152,5.46875,15
synthetic_01571,cluster_t4,16,17,16,17,1,0.25,7e-05,1,1,,9.81,40.5859375,15
synthetic_01572,cluster_v100m16,68,69,68,69,1,0.25,0.00025,1,1,,3.152,5.46875,15
synthetic_01573,cluster_g3,51,56,51,56,5,1.25,0.00035,1,1,,12.0,16.0,15
synthetic_01574,cluster_p100,35,36,35,36,1,0.25,0.00025,1,1,,3.152,5.46875,15
synthetic_01575,cluster_v100m16,81,84,81,84,3,0.75,0.00025,1,1,,11.4,47.0,15
synthetic_01576,cluster_t4,73,74,73,74,1,0.25,7e-05,1,1,T4,11.3,48.0,15
synthetic_01577,cluster_t4,14,15,14,15,1,0.25,7e-05,1,1,T4,4.152,10.3515625,15
synthetic_01578,cluster_g2,77,79,77,79,2,0.5,0.00035,1,1,,11.3,48.0,15
synthetic_01579,cluster_a10,34,35,34,35,1,0.25,0.00015,1,1,,3.152,5.46875,15
synthetic_01580,cluster_p100,74,75,74,75,1,0.25,0.00025,1,1,P100,4.0,14.900390625,15
synthetic_01581,cluster_g3,1,6,1,6,5,1.25,0.00035,1,1,G3,4.0,24.0,15
synthetic_01582,cluster_t4,4,5,4,5,1,0.25,7e-05,1,1,,8.0,29.8017578125,15
synthetic_01583,cluster_t4,83,84,83,84,1,0.25,7e-05,1,1,,11.4,47.0,15
synthetic_01584,cluster_g3,30,32,30,32,2,0.5,0.00035,1,1,,11.4,47.0,15
synthetic_01585,cluster_p100,86,87,86,87,1,0.25,0.00025,1,1,,11.3,48.0,15
synthetic_01586,cluster_p100,77,78,77,78,1,0.25,0.00025,1,1,,11.3,48.0,15
synthetic_01587,cluster_t4,53,58,53,58,5,1.25,7e-05,1,1,T4,4.0,24.0,15
synthetic_01588,cluster_t4,50,53,50,53,3,0.75,7e-05,1,1,T4,6.0,32.0,15
synthetic_01589,cluster_g2,40,43,40,43,3,0.75,0.00035,1,1,,15.7,57.0,15
synthetic_01590,cluster_g3,52,53,52,53,1,0.25,0.00035,1,1,,3.152,5.46875,15
synthetic_01591,cluster_t4,16,17,16,17,1,0.25,7e-05,1,1,,11.3,48.0,15
synthetic_01592,cluster_t4,76,81,76,81,5,1.25,7e-05,1,1,T4,4.0,24.0,15
synthetic_01593,cluster_t4,95,96,95,96,1,0.25,7e-05,1,1,,12.0,24.0,15
synthetic_01594,cluster_t4,3,10,3,10,7,1.75,7e-05,1,1,T4,4.0,29.8017578125,15
synthetic_01595,cluster_g3,91,96,91,96,5,1.25,0.00035,1,1,,15.2,79.0,15
synthetic_01596,cluster_g2,75,76,75,76,1,0.25,0.00035,1,1,,18.708,63.0,15
synthetic_01597,cluster_g3,69,70,69,70,1,0.25,0.00035,1,1,,3.152,5.46875,15
synthetic_01598,cluster_v100m32,11,12,11,12,1,0.25,0.00025,1,1,,12.0,16.0,15
synthetic_01599,cluster_v100m32,84,85,84,85,1,0.25,0.00025,1,1,,11.4,47.0,15
synthetic_01600,cluster_p100,71,72,71,72,1,0.25,0.00025,1,1,,4.0,22.3515625,15
synthetic_01601,cluster_g3,0,2,0,2,2,0.5,0.00035,1,1,,11.4,47.0,15
synthetic_01602,cluster_g3,81,86,81,86,5,1.25,0.00035,1,1,,4.0,14.900390625,15
synthetic_01603,cluster_t4,43,45,43,45,2,0.5,7e-05,1,1,,11.908,46.0,15
synthetic_01604,cluster_v100m16,15,17,15,17,2,0.5,0.00025,1,1,,6.0,18.0,15
synthetic_01605,cluster_t4,49,50,49,50,1,0.25,7e-05,1,1,,3.152,5.46875,15
synthetic_01606,cluster_a10,41,42,41,42,1,0.25,0.00015,1,1,,3.152,5.46875,15
synthetic_01607,cluster_t4,78,82,78,82,4,1.0,7e-05,1,1,,11.4,47.0,15
synthetic_01608,cluster_p100,68,69,68,69,1,0.25,0.00025,1,1,,8.0,29.8017578125,15
synthetic_01609,cluster_t4,47,57,47,57,10,2.5,7e-05,1,1,T4,14.2,57.0,15
synthetic_01610,cluster_t4,43,46,43,46,3,0.75,7e-05,1,1,T4,11.908,46.0,15
synthetic_01611,cluster_g2,14,15,14,15,1,0.25,0.00035,1,1,,11.908,46.0,15
synthetic_01612,cluster_t4,79,93,79,93,14,3.5,7e-05,1,1,T4,8.0,16.0,15
synthetic_01613,cluster_g3,77,79,77,79,2,0.5,0.00035,1,1,,8.0,29.8017578125,15
synthetic_01614,cluster_v100m32,36,37,36,37,1,0.25,0.00025,1,1,,3.152,5.46875,15
synthetic_01615,cluster_a10,84,85,84,85,1,0.25,0.00015,1,1,,3.152,5.46875,15
synthetic_01616,cluster_v100m32,74,76,74,76,2,0.5,0.00025,1,1,,24.2,91.0,15
synthetic_01617,cluster_t4,18,19,18,19,1,0.25,7e-05,1,1,,11.4,47.0,15
synthetic_01618,cluster_p100,24,25,24,25,1,0.25,0.00025,1,1,P100,3.152,5.46875,15
synthetic_01619,cluster_g3,92,93,92,93,1,0.25,0.00035,1,1,,18.708,63.0,15
synthetic_01620,cluster_g3,8,9,8,9,1,0.25,0.00035,1,1,G3,12.0,24.0,15
synthetic_01621,cluster_g3,13,14,13,14,1,0.25,0.00035,1,1,,6.0,12.0,15
synthetic_01622,cluster_v100m32,17,19,17,19,2,0.5,0.00025,1,1,,24.2,91.0,15
synthetic_01623,cluster_t4,88,96,88,96,8,2.0,7e-05,1,1,,11.908,46.0,15
synthetic_01624,cluster_g2,27,34,27,34,7,1.75,0.00035,1,1,,12.0,16.0,15
synthetic_01625,cluster_t4,62,64,62,64,2,0.5,7e-05,1,1,,3.152,5.46875,15
synthetic_01626,cluster_g2,53,54,53,54,1,0.25,0.00035,1,1,,11.908,46.0,15
synthetic_01627,cluster_v100m16,23,24,23,24,1,0.25,0.00025,1,1,,11.3,48.0,15
synthetic_01628,cluster_t4,70,76,70,76,6,1.5,7e-05,1,1,T4,3.152,5.46875,15
synthetic_01629,cluster_g3,70,73,70,73,3,0.75,0.00035,1,1,,15.7,57.0,15
synthetic_01630,cluster_t4,10,11,10,11,1,0.25,7e-05,1,1,,11.3,48.0,15
synthetic_01631,cluster_t4,84,86,84,86,2,0.5,7e-05,1,1,T4,11.908,46.0,15
synthetic_01632,cluster_g2,6,8,6,8,2,0.5,0.00035,1,1,G2,11.4,47.0,15
synthetic_01633,cluster_g2,3,4,3,4,1,0.25,0.00035,1,1,G2,12.0,16.0,15
synthetic_01634,cluster_g3,49,50,49,50,1,0.25,0.00035,1,1,,8.0,29.8017578125,15
synthetic_01635,cluster_v100m16,91,92,91,92,1,0.25,0.00025,1,1,,3.152,5.46875,15
synthetic_01636,cluster_g3,46,48,46,48,2,0.5,0.00035,1,1,,8.0,16.0,15
synthetic_01637,cluster_p100,45,50,45,50,5,1.25,0.00025,1,1,,15.7,57.0,15
synthetic_01638,cluster_t4,57,64,57,64,7,1.75,7e-05,1,1,,16.0,64.0,15
synthetic_01639,cluster_v100m32,68,73,68,73,5,1.25,0.00025,1,1,,4.0,24.0,15
synthetic_01640,cluster_a10,23,24,23,24,1,0.25,0.00015,1,1,,6.0,6.0,15
synthetic_01641,cluster_v100m16,60,61,60,61,1,0.25,0.00025,1,1,,3.152,5.46875,15
synthetic_01642,cluster_g2,47,48,47,48,1,0.25,0.00035,1,1,,3.152,5.46875,15
synthetic_01643,cluster_t4,33,34,33,34,1,0.25,7e-05,1,1,T4,11.3,48.0,15
synthetic_01644,cluster_t4,23,24,23,24,1,0.25,7e-05,1,1,T4,4.152,10.3515625,15
synthetic_01645,cluster_g2,4,6,4,6,2,0.5,0.00035,1,1,,4.0,14.900390625,15
synthetic_01646,cluster_v100m32,54,56,54,56,2,0.5,0.00025,1,1,,9.81,40.5859375,15
synthetic_01647,cluster_v100m32,76,77,76,77,1,0.25,0.00025,1,1,,6.0,6.0,15
synthetic_01648,cluster_v100m16,59,60,59,60,1,0.25,0.00025,1,1,,4.0,29.8017578125,15
synthetic_01649,cluster_a10,46,47,46,47,1,0.25,0.00015,1,1,,3.152,5.46875,15
synthetic_01650,cluster_v100m16,28,30,28,30,2,0.5,0.00025,1,1,,6.0,18.0,15
synthetic_01651,cluster_v100m32,31,32,31,32,1,0.25,0.00025,1,1,,3.152,5.46875,15
synthetic_01652,cluster_g3,7,11,7,11,4,1.0,0.00035,1,1,,16.0,32.0,15
synthetic_01653,cluster_v100m32,68,73,68,73,5,1.25,0.00025,1,1,V100M16|V100M32,4.0,24.0,15
synthetic_01654,cluster_t4,40,45,40,45,5,1.25,7e-05,1,1,T4,4.0,22.3515625,15
synthetic_01655,cluster_a10,66,69,66,69,3,0.75,0.00015,1,1,,15.7,57.0,15
synthetic_01656,cluster_t4,55,57,55,57,2,0.5,7e-05,1,1,T4,8.0,29.8017578125,15
synthetic_01657,cluster_g2,52,55,52,55,3,0.75,0.00035,1,1,,15.7,57.0,15
synthetic_01658,cluster_v100m32,3,5,3,5,2,0.5,0.00025,1,1,,3.152,5.46875,15
synthetic_01659,cluster_g3,76,81,76,81,5,1.25,0.00035,1,1,,11.4,47.0,15
synthetic_01660,cluster_v100m32,17,18,17,18,1,0.25,0.00025,1,1,,11.3,48.0,15
synthetic_01661,cluster_p100,56,57,56,57,1,0.25,0.00025,1,1,P100,3.152,5.46875,15
synthetic_01662,cluster_t4,3,5,3,5,2,0.5,7e-05,1,1,T4,12.0,16.0,15
synthetic_01663,cluster_g3,22,23,22,23,1,0.25,0.00035,1,1,,3.152,5.46875,15
synthetic_01664,cluster_p100,56,57,56,57,1,0.25,0.00025,1,1,,1.0,2.0,15
synthetic_01665,cluster_g2,16,21,16,21,5,1.25,0.00035,1,1,,16.0,32.0,15
synthetic_01666,cluster_g3,7,9,7,9,2,0.5,0.00035,1,1,,24.2,91.0,15
synthetic_01667,cluster_t4,34,38,34,38,4,1.0,7e-05,1,1,T4,11.908,46.0,15
synthetic_01668,cluster_t4,87,88,87,88,1,0.25,7e-05,1,1,T4,4.0,29.8017578125,15
synthetic_01669,cluster_t4,26,35,26,35,9,2.25,7e-05,1,1,,24.2,91.0,15
synthetic_01670,cluster_g2,32,33,32,33,1,0.25,0.00035,1,1,,3.152,5.46875,15
synthetic_01671,cluster_p100,9,11,9,11,2,0.5,0.00025,1,1,,11.908,46.0,15
synthetic_01672,cluster_g2,36,41,36,41,5,1.25,0.00035,1,1,,4.0,22.3515625,15
synthetic_01673,cluster_g2,38,48,38,48,10,2.5,0.00035,1,1,G2|P100|T4|V100M16|V100M32,11.4,47.0,15
synthetic_01674,cluster_t4,57,58,57,58,1,0.25,7e-05,1,1,T4,11.3,48.0,15
synthetic_01675,cluster_g3,65,74,65,74,9,2.25,0.00035,1,1,,12.0,15.0,15
synthetic_01676,cluster_g3,75,76,75,76,1,0.25,0.00035,1,1,,8.0,29.8017578125,15
synthetic_01677,cluster_g2,28,32,28,32,4,1.0,0.00035,1,1,,4.0,14.900390625,15
synthetic_01678,cluster_g2,3,4,3,4,1,0.25,0.00035,1,1,G2,11.3,48.0,15
synthetic_01679,cluster_v100m32,82,83,82,83,1,0.25,0.00025,1,1,,3.152,5.46875,15
synthetic_01680,cluster_v100m16,37,38,37,38,1,0.25,0.00025,1,1,P100|V100M16|V100M32,18.708,63.0,15
synthetic_01681,cluster_g3,43,44,43,44,1,0.25,0.00035,1,1,,3.152,5.46875,15
synthetic_01682,cluster_t4,1,2,1,2,1,0.25,7e-05,1,1,,4.0,14.900390625,15
synthetic_01683,cluster_g2,79,80,79,80,1,0.25,0.00035,1,1,,18.708,63.0,15
synthetic_01684,cluster_g2,5,6,5,6,1,0.25,0.00035,1,1,,3.152,5.46875,15
synthetic_01685,cluster_v100m32,66,67,66,67,1,0.25,0.00025,1,1,,3.152,5.46875,15
synthetic_01686,cluster_p100,74,75,74,75,1,0.25,0.00025,1,1,P100,11.908,46.0,15
synthetic_01687,cluster_t4,45,46,45,46,1,0.25,7e-05,1,1,T4,4.0,14.900390625,15
synthetic_01688,cluster_g3,33,34,33,34,1,0.25,0.00035,1,1,,11.3,48.0,15
synthetic_01689,cluster_p100,61,62,61,62,1,0.25,0.00025,1,1,P100,8.0,29.8017578125,15
synthetic_01690,cluster_t4,93,94,93,94,1,0.25,7e-05,1,1,,4.0,22.3515625,15
synthetic_01691,cluster_g2,64,65,64,65,1,0.25,0.00035,1,1,,3.152,5.46875,15
synthetic_01692,cluster_g2,74,75,74,75,1,0.25,0.00035,1,1,,11.908,46.0,15
synthetic_01693,cluster_t4,52,64,52,64,12,3.0,7e-05,1,1,T4,4.0,29.8017578125,15
synthetic_01694,cluster_t4,38,46,38,46,8,2.0,7e-05,1,1,,11.4,47.0,15
synthetic_01695,cluster_g3,45,47,45,47,2,0.5,0.00035,1,1,,11.908,46.0,15
synthetic_01696,cluster_t4,82,83,82,83,1,0.25,7e-05,1,1,T4,3.152,5.46875,15
synthetic_01697,cluster_g2,71,72,71,72,1,0.25,0.00035,1,1,G2,9.81,40.5859375,15
synthetic_01698,cluster_t4,86,87,86,87,1,0.25,7e-05,1,1,T4,4.152,10.3515625,15
synthetic_01699,cluster_t4,36,37,36,37,1,0.25,7e-05,1,1,,3.152,5.46875,15
synthetic_01700,cluster_v100m32,68,69,68,69,1,0.25,0.00025,1,1,,9.81,40.5859375,15
synthetic_01701,cluster_v100m32,80,82,80,82,2,0.5,0.00025,1,1,,11.908,46.0,15
synthetic_01702,cluster_g2,16,17,16,17,1,0.25,0.00035,1,1,,15.7,57.0,15
synthetic_01703,cluster_g3,8,9,8,9,1,0.25,0.00035,1,1,,11.908,46.0,15
synthetic_01704,cluster_g3,69,70,69,70,1,0.25,0.00035,1,1,,3.152,5.46875,15
synthetic_01705,cluster_t4,3,4,3,4,1,0.25,7e-05,1,1,T4,3.152,5.46875,15
synthetic_01706,cluster_p100,62,67,62,67,5,1.25,0.00025,1,1,P100,4.0,22.3515625,15
synthetic_01707,cluster_t4,81,82,81,82,1,0.25,7e-05,1,1,T4,3.152,5.46875,15
synthetic_01708,cluster_v100m32,18,20,18,20,2,0.5,0.00025,1,1,,16.0,32.0,15
synthetic_01709,cluster_v100m16,3,4,3,4,1,0.25,0.00025,1,1,,3.152,5.46875,15
synthetic_01710,cluster_v100m16,73,76,73,76,3,0.75,0.00025,1,1,,4.0,14.900390625,15
synthetic_01711,cluster_t4,26,27,26,27,1,0.25,7e-05,1,1,,11.908,46.0,15
synthetic_01712,cluster_v100m32,59,60,59,60,1,0.25,0.00025,1,1,,16.4,123.0,15
synthetic_01713,cluster_g2,78,79,78,79,1,0.25,0.00035,1,1,,3.152,5.46875,15
synthetic_01714,cluster_v100m16,45,46,45,46,1,0.25,0.00025,1,1,,8.0,29.8017578125,15
synthetic_01715,cluster_v100m32,14,15,14,15,1,0.25,0.00025,1,1,,18.708,63.0,15
synthetic_01716,cluster_p100,44,49,44,49,5,1.25,0.00025,1,1,,8.0,32.0,15
synthetic_01717,cluster_g3,80,81,80,81,1,0.25,0.00035,1,1,,4.0,22.3515625,15
synthetic_01718,cluster_v100m32,93,95,93,95,2,0.5,0.00025,1,1,,12.0,24.0,15
synthetic_01719,cluster_t4,8,9,8,9,1,0.25,7e-05,1,1,T4,3.152,5.46875,15
synthetic_01720,cluster_g2,25,29,25,29,4,1.0,0.00035,1,1,G2,24.2,91.0,15
synthetic_01721,cluster_t4,79,80,79,80,1,0.25,7e-05,1,1,T4,3.152,5.46875,15
synthetic_01722,cluster_v100m16,95,96,95,96,1,0.25,0.00025,1,1,P100|V100M16|V100M32,3.152,5.46875,15
synthetic_01723,cluster_p100,74,75,74,75,1,0.25,0.00025,1,1,P100,3.152,5.46875,15
synthetic_01724,cluster_g2,27,28,27,28,1,0.25,0.00035,1,1,,3.152,5.46875,15
synthetic_01725,cluster_g3,12,13,12,13,1,0.25,0.00035,1,1,,9.81,40.5859375,15
synthetic_01726,cluster_g2,18,19,18,19,1,0.25,0.00035,1,1,,11.3,48.0,15
synthetic_01727,cluster_g2,74,75,74,75,1,0.25,0.00035,1,1,,3.152,5.46875,15
synthetic_01728,cluster_t4,22,23,22,23,1,0.25,7e-05,1,1,T4,11.3,48.0,15
synthetic_01729,cluster_v100m16,80,81,80,81,1,0.25,0.00025,1,1,V100M16|V100M32,11.3,48.0,15
synthetic_01730,cluster_t4,68,69,68,69,1,0.25,7e-05,1,1,T4,18.708,63.0,15
synthetic_01731,cluster_p100,48,49,48,49,1,0.25,0.00025,1,1,P100|V100M16|V100M32,24.2,91.0,15
synthetic_01732,cluster_v100m32,39,40,39,40,1,0.25,0.00025,1,1,,3.152,5.46875,15
synthetic_01733,cluster_t4,3,8,3,8,5,1.25,7e-05,1,1,T4,4.0,24.0,15
synthetic_01734,cluster_v100m32,56,57,56,57,1,0.25,0.00025,1,1,,15.7,57.0,15
synthetic_01735,cluster_v100m32,76,77,76,77,1,0.25,0.00025,1,1,V100M16|V100M32,11.3,48.0,15
synthetic_01736,cluster_t4,48,49,48,49,1,0.25,7e-05,1,1,T4,6.0,12.0,15
synthetic_01737,cluster_g3,90,91,90,91,1,0.25,0.00035,1,1,,11.3,48.0,15
synthetic_01738,cluster_t4,45,46,45,46,1,0.25,7e-05,1,1,,3.152,5.46875,15
synthetic_01739,cluster_t4,15,16,15,16,1,0.25,7e-05,1,1,,11.3,48.0,15
synthetic_01740,cluster_p100,18,19,18,19,1,0.25,0.00025,1,1,P100,3.152,5.46875,15
synthetic_01741,cluster_t4,43,44,43,44,1,0.25,7e-05,1,1,T4,11.3,48.0,15
synthetic_01742,cluster_v100m16,19,25,19,25,6,1.5,0.00025,1,1,,4.0,24.0,15
synthetic_01743,cluster_g3,67,68,67,68,1,0.25,0.00035,1,1,,11.3,48.0,15
synthetic_01744,cluster_g2,79,82,79,82,3,0.75,0.00035,1,1,,11.908,46.0,15
synthetic_01745,cluster_t4,24,25,24,25,1,0.25,7e-05,1,1,T4,11.9,76.0,15
synthetic_01746,cluster_p100,64,70,64,70,6,1.5,0.00025,1,1,,11.3,48.0,15
synthetic_01747,cluster_p100,93,94,93,94,1,0.25,0.00025,1,1,,8.0,29.8017578125,15
synthetic_01748,cluster_g2,15,16,15,16,1,0.25,0.00035,1,1,,3.152,5.46875,15
synthetic_01749,cluster_p100,80,81,80,81,1,0.25,0.00025,1,1,,11.3,48.0,15
synthetic_01750,cluster_g2,0,2,0,2,2,0.5,0.00035,1,1,,11.3,48.0,15
synthetic_01751,cluster_t4,7,10,7,10,3,0.75,7e-05,1,1,T4,4.0,14.900390625,15
synthetic_01752,cluster_v100m16,88,91,88,91,3,0.75,0.00025,1,1,,1.0,2.0,15
synthetic_01753,cluster_v100m32,11,12,11,12,1,0.25,0.00025,1,1,V100M16|V100M32,12.0,24.0,15
synthetic_01754,cluster_v100m16,83,88,83,88,5,1.25,0.00025,1,1,A10|G2|T4|V100M16|V100M32,4.0,24.0,15
synthetic_01755,cluster_v100m32,79,84,79,84,5,1.25,0.00025,1,1,,3.152,5.46875,15
synthetic_01756,cluster_t4,88,91,88,91,3,0.75,7e-05,1,1,T4,11.908,46.0,15
synthetic_01757,cluster_t4,82,88,82,88,6,1.5,7e-05,1,1,T4,11.4,47.0,15
synthetic_01758,cluster_g2,71,72,71,72,1,0.25,0.00035,1,1,,11.3,48.0,15
synthetic_01759,cluster_v100m16,30,32,30,32,2,0.5,0.00025,1,1,,11.3,48.0,15
synthetic_01760,cluster_p100,90,91,90,91,1,0.25,0.00025,1,1,,3.152,5.46875,15
synthetic_01761,cluster_p100,74,75,74,75,1,0.25,0.00025,1,1,,3.152,5.46875,15
synthetic_01762,cluster_g3,56,57,56,57,1,0.25,0.00035,1,1,,11.4,76.0,15
synthetic_01763,cluster_p100,12,13,12,13,1,0.25,0.00025,1,1,,3.152,5.46875,15
synthetic_01764,cluster_g2,27,29,27,29,2,0.5,0.00035,1,1,G2,11.4,47.0,15
synthetic_01765,cluster_t4,86,87,86,87,1,0.25,7e-05,1,1,T4,3.152,5.46875,15
synthetic_01766,cluster_g2,75,77,75,77,2,0.5,0.00035,1,1,,11.3,48.0,15
synthetic_01767,cluster_p100,10,11,10,11,1,0.25,0.00025,1,1,P100|V100M16|V100M32,18.708,63.0,15
synthetic_01768,cluster_v100m32,40,41,40,41,1,0.25,0.00025,1,1,,3.152,5.46875,15
synthetic_01769,cluster_t4,61,62,61,62,1,0.25,7e-05,1,1,T4,4.0,22.3515625,15
synthetic_01770,cluster_v100m32,65,74,65,74,9,2.25,0.00025,1,1,,14.2,57.0,15
synthetic_01771,cluster_t4,0,1,0,1,1,0.25,7e-05,1,1,T4,3.152,5.46875,15
synthetic_01772,cluster_p100,20,25,20,25,5,1.25,0.00025,1,1,,16.0,32.0,15
synthetic_01773,cluster_t4,19,21,19,21,2,0.5,7e-05,1,1,,3.152,5.46875,15
synthetic_01774,cluster_p100,11,14,11,14,3,0.75,0.00025,1,1,,4.0,29.8017578125,15
synthetic_01775,cluster_v100m16,52,54,52,54,2,0.5,0.00025,1,1,,3.152,5.46875,15
synthetic_01776,cluster_g2,29,34,29,34,5,1.25,0.00035,1,1,,4.0,14.900390625,15
synthetic_01777,cluster_t4,19,20,19,20,1,0.25,7e-05,1,1,,11.3,48.0,15
synthetic_01778,cluster_v100m16,68,69,68,69,1,0.25,0.00025,1,1,V100M16|V100M32,11.4,47.0,15
synthetic_01779,cluster_p100,6,7,6,7,1,0.25,0.00025,1,1,,3.152,5.46875,15
synthetic_01780,cluster_t4,72,73,72,73,1,0.25,7e-05,1,1,T4,3.152,5.46875,15
synthetic_01781,cluster_a10,49,50,49,50,1,0.25,0.00015,1,1,,11.4,47.0,15
synthetic_01782,cluster_p100,12,14,12,14,2,0.5,0.00025,1,1,P100,11.908,46.0,15
synthetic_01783,cluster_t4,30,31,30,31,1,0.25,7e-05,1,1,,8.0,29.8017578125,15
synthetic_01784,cluster_g2,60,63,60,63,3,0.75,0.00035,1,1,G2,11.4,47.0,15
synthetic_01785,cluster_p100,45,47,45,47,2,0.5,0.00025,1,1,P100,3.152,5.46875,15
synthetic_01786,cluster_v100m32,34,35,34,35,1,0.25,0.00025,1,1,,3.152,5.46875,15
synthetic_01787,cluster_p100,22,23,22,23,1,0.25,0.00025,1,1,P100,8.0,29.8017578125,15
synthetic_01788,cluster_v100m32,88,89,88,89,1,0.25,0.00025,1,1,V100M16|V100M32,18.708,63.0,15
synthetic_01789,cluster_p100,69,70,69,70,1,0.25,0.00025,1,1,,11.3,48.0,15
synthetic_01790,cluster_p100,30,31,30,31,1,0.25,0.00025,1,1,,16.4,123.0,15
synthetic_01791,cluster_t4,41,42,41,42,1,0.25,7e-05,1,1,T4,11.4,47.0,15
synthetic_01792,cluster_v100m32,14,15,14,15,1,0.25,0.00025,1,1,,3.152,5.46875,15
synthetic_01793,cluster_t4,62,78,62,78,16,4.0,7e-05,1,1,T4,11.908,46.0,15
synthetic_01794,cluster_g3,92,93,92,93,1,0.25,0.00035,1,1,G3,8.0,16.0,15
synthetic_01795,cluster_p100,47,48,47,48,1,0.25,0.00025,1,1,,4.0,29.8017578125,15
synthetic_01796,cluster_v100m16,66,71,66,71,5,1.25,0.00025,1,1,V100M16|V100M32,11.3,48.0,15
synthetic_01797,cluster_v100m32,93,95,93,95,2,0.5,0.00025,1,1,,2.0,8.0,15
synthetic_01798,cluster_g3,18,20,18,20,2,0.5,0.00035,1,1,,11.4,76.0,15
synthetic_01799,cluster_v100m16,2,4,2,4,2,0.5,0.00025,1,1,,3.152,5.46875,15
synthetic_01800,cluster_v100m32,40,42,40,42,2,0.5,0.00025,1,1,,16.0,32.0,15
synthetic_01801,cluster_g2,25,27,25,27,2,0.5,0.00035,1,1,G2,18.708,63.0,15
synthetic_01802,cluster_p100,88,89,88,89,1,0.25,0.00025,1,1,,18.708,63.0,15
synthetic_01803,cluster_g2,55,56,55,56,1,0.25,0.00035,1,1,G2,11.3,48.0,15
synthetic_01804,cluster_g3,32,42,32,42,10,2.5,0.00035,1,1,G3,1.0,6.0,15
synthetic_01805,cluster_v100m16,80,81,80,81,1,0.25,0.00025,1,1,V100M16|V100M32,18.708,63.0,15
synthetic_01806,cluster_t4,60,66,60,66,6,1.5,7e-05,1,1,,11.4,47.0,15
synthetic_01807,cluster_v100m32,72,73,72,73,1,0.25,0.00025,1,1,,4.0,22.3515625,15
synthetic_01808,cluster_p100,20,21,20,21,1,0.25,0.00025,1,1,,3.152,5.46875,15
synthetic_01809,cluster_p100,15,16,15,16,1,0.25,0.00025,1,1,,3.152,5.46875,15
synthetic_01810,cluster_p100,14,18,14,18,4,1.0,0.00025,1,1,,11.908,46.0,15
synthetic_01811,cluster_v100m16,44,46,44,46,2,0.5,0.00025,1,1,,11.908,46.0,15
synthetic_01812,cluster_p100,56,61,56,61,5,1.25,0.00025,1,1,,4.0,24.0,15
synthetic_01813,cluster_v100m16,56,60,56,60,4,1.0,0.00025,1,1,,8.0,16.0,15
synthetic_01814,cluster_p100,49,50,49,50,1,0.25,0.00025,1,1,,3.152,5.46875,15
synthetic_01815,cluster_v100m16,48,49,48,49,1,0.25,0.00025,1,1,,12.0,24.0,15
synthetic_01816,cluster_v100m32,71,72,71,72,1,0.25,0.00025,1,1,,3.152,5.46875,15
synthetic_01817,cluster_t4,28,29,28,29,1,0.25,7e-05,1,1,T4,8.0,29.8017578125,15
synthetic_01818,cluster_g3,63,64,63,64,1,0.25,0.00035,1,1,,3.152,5.46875,15
synthetic_01819,cluster_g2,46,49,46,49,3,0.75,0.00035,1,1,,8.0,29.8017578125,15
synthetic_01820,cluster_g3,88,89,88,89,1,0.25,0.00035,1,1,,3.152,5.46875,15
synthetic_01821,cluster_t4,44,46,44,46,2,0.5,7e-05,1,1,,3.152,5.46875,15
synthetic_01822,cluster_p100,12,13,12,13,1,0.25,0.00025,1,1,,12.0,16.0,15
synthetic_01823,cluster_p100,75,83,75,83,8,2.0,0.00025,1,1,,18.708,63.0,15
synthetic_01824,cluster_g2,88,90,88,90,2,0.5,0.00035,1,1,,3.152,5.46875,15
synthetic_01825,cluster_p100,56,57,56,57,1,0.25,0.00025,1,1,,3.152,5.46875,15
synthetic_01826,cluster_g2,60,68,60,68,8,2.0,0.00035,1,1,,8.0,29.8017578125,15
synthetic_01827,cluster_v100m32,87,88,87,88,1,0.25,0.00025,1,1,,3.152,5.46875,15
synthetic_01828,cluster_t4,11,24,11,24,13,3.25,7e-05,1,1,T4,12.0,15.0,15
synthetic_01829,cluster_g2,61,62,61,62,1,0.25,0.00035,1,1,,3.152,5.46875,15
synthetic_01830,cluster_g3,67,68,67,68,1,0.25,0.00035,1,1,,8.0,29.8017578125,15
synthetic_01831,cluster_t4,57,59,57,59,2,0.5,7e-05,1,1,,4.152,10.3515625,15
synthetic_01832,cluster_t4,4,5,4,5,1,0.25,7e-05,1,1,T4,18.708,63.0,15
synthetic_01833,cluster_t4,80,81,80,81,1,0.25,7e-05,1,1,T4,11.3,48.0,15
synthetic_01834,cluster_t4,2,5,2,5,3,0.75,7e-05,1,1,T4,11.3,48.0,15
synthetic_01835,cluster_g2,68,70,68,70,2,0.5,0.00035,1,1,,4.152,10.3515625,15
synthetic_01836,cluster_g3,23,24,23,24,1,0.25,0.00035,1,1,,11.3,48.0,15
synthetic_01837,cluster_g3,15,20,15,20,5,1.25,0.00035,1,1,,9.81,40.5859375,15
synthetic_01838,cluster_t4,91,92,91,92,1,0.25,7e-05,1,1,,11.3,48.0,15
synthetic_01839,cluster_g3,43,44,43,44,1,0.25,0.00035,1,1,,3.152,5.46875,15
synthetic_01840,cluster_p100,5,6,5,6,1,0.25,0.00025,1,1,,3.152,5.46875,15
synthetic_01841,cluster_g3,12,23,12,23,11,2.75,0.0028,8,8,G3,88.0,320.0,15
synthetic_01842,cluster_g3,8,13,8,13,5,1.25,0.00035,1,1,G3,4.0,24.0,15
synthetic_01843,cluster_v100m16,72,74,72,74,2,0.5,0.00025,1,1,,11.908,46.0,15
synthetic_01844,cluster_v100m16,2,5,2,5,3,0.75,0.00025,1,1,,9.81,40.5859375,15
synthetic_01845,cluster_t4,85,91,85,91,6,1.5,7e-05,1,1,T4,11.4,47.0,15
synthetic_01846,cluster_v100m16,87,88,87,88,1,0.25,0.00025,1,1,,3.152,5.46875,15
synthetic_01847,cluster_g2,45,46,45,46,1,0.25,0.00035,1,1,,11.908,46.0,15
synthetic_01848,cluster_p100,6,13,6,13,7,1.75,0.00025,1,1,,8.0,16.0,15
synthetic_01849,cluster_g2,38,39,38,39,1,0.25,0.00035,1,1,G2,11.4,47.0,15
synthetic_01850,cluster_t4,89,96,89,96,7,1.75,7e-05,1,1,,9.81,40.5859375,15
synthetic_01851,cluster_v100m16,67,71,67,71,4,1.0,0.00025,1,1,,8.0,29.8017578125,15
synthetic_01852,cluster_t4,67,70,67,70,3,0.75,7e-05,1,1,,15.7,57.0,15
synthetic_01853,cluster_t4,22,23,22,23,1,0.25,7e-05,1,1,T4,11.908,46.0,15
synthetic_01854,cluster_g2,39,40,39,40,1,0.25,0.00035,1,1,,3.152,5.46875,15
synthetic_01855,cluster_p100,46,47,46,47,1,0.25,0.00025,1,1,,11.4,47.0,15
synthetic_01856,cluster_t4,5,6,5,6,1,0.25,7e-05,1,1,,6.0,12.0,15
synthetic_01857,cluster_v100m16,42,53,42,53,11,2.75,0.00025,1,1,,14.2,57.0,15
synthetic_01858,cluster_g2,57,61,57,61,4,1.0,0.00035,1,1,G2,8.0,16.0,15
synthetic_01859,cluster_v100m16,38,39,38,39,1,0.25,0.00025,1,1,,4.0,14.900390625,15
synthetic_01860,cluster_t4,3,8,3,8,5,1.25,7e-05,1,1,T4,4.0,24.0,15
synthetic_01861,cluster_g2,86,87,86,87,1,0.25,0.00035,1,1,,4.152,10.3515625,15
synthetic_01862,cluster_g2,46,47,46,47,1,0.25,0.00035,1,1,,11.3,48.0,15
synthetic_01863,cluster_t4,0,1,0,1,1,0.25,7e-05,1,1,,8.0,29.8017578125,15
synthetic_01864,cluster_g2,63,65,63,65,2,0.5,0.00035,1,1,,4.0,14.900390625,15
synthetic_01865,cluster_t4,55,70,55,70,15,3.75,7e-05,1,1,T4,3.152,5.46875,15
synthetic_01866,cluster_v100m32,28,30,28,30,2,0.5,0.00025,1,1,,9.81,40.5859375,15
synthetic_01867,cluster_v100m32,71,73,71,73,2,0.5,0.00025,1,1,V100M16|V100M32,11.4,47.0,15
synthetic_01868,cluster_p100,18,19,18,19,1,0.25,0.00025,1,1,,3.152,5.46875,15
synthetic_01869,cluster_v100m16,15,16,15,16,1,0.25,0.00025,1,1,,11.4,47.0,15
synthetic_01870,cluster_t4,59,60,59,60,1,0.25,7e-05,1,1,T4,4.152,10.3515625,15
synthetic_01871,cluster_v100m32,95,96,95,96,1,0.25,0.00025,1,1,,8.0,29.8017578125,15
synthetic_01872,cluster_t4,42,43,42,43,1,0.25,7e-05,1,1,T4,11.4,47.0,15
synthetic_01873,cluster_v100m32,1,8,1,8,7,1.75,0.00025,1,1,,3.152,5.46875,15
synthetic_01874,cluster_g3,63,64,63,64,1,0.25,0.00035,1,1,,11.3,48.0,15
synthetic_01875,cluster_t4,44,45,44,45,1,0.25,7e-05,1,1,T4,11.3,48.0,15
synthetic_01876,cluster_v100m16,81,85,81,85,4,1.0,0.00025,1,1,,11.3,48.0,15
synthetic_01877,cluster_t4,20,21,20,21,1,0.25,7e-05,1,1,T4,11.3,48.0,15
synthetic_01878,cluster_v100m32,42,44,42,44,2,0.5,0.00025,1,1,,9.81,40.5859375,15
synthetic_01879,cluster_v100m32,79,88,79,88,9,2.25,0.00025,1,1,,11.4,47.0,15
synthetic_01880,cluster_g3,39,51,39,51,12,3.0,0.00035,1,1,,11.908,46.0,15
synthetic_01881,cluster_t4,94,95,94,95,1,0.25,7e-05,1,1,T4,11.3,48.0,15
synthetic_01882,cluster_t4,16,17,16,17,1,0.25,7e-05,1,1,T4,11.3,48.0,15
synthetic_01883,cluster_t4,83,84,83,84,1,0.25,7e-05,1,1,T4,9.81,40.5859375,15
synthetic_01884,cluster_t4,82,83,82,83,1,0.25,7e-05,1,1,,4.152,10.3515625,15
synthetic_01885,cluster_t4,64,65,64,65,1,0.25,7e-05,1,1,T4,3.152,5.46875,15
synthetic_01886,cluster_v100m16,42,47,42,47,5,1.25,0.00025,1,1,,11.3,48.0,15
synthetic_01887,cluster_t4,54,55,54,55,1,0.25,7e-05,1,1,T4,4.152,10.3515625,15
synthetic_01888,cluster_v100m32,3,4,3,4,1,0.25,0.00025,1,1,,12.0,32.0,15
synthetic_01889,cluster_g2,61,64,61,64,3,0.75,0.00035,1,1,G2,15.7,57.0,15
synthetic_01890,cluster_g2,56,57,56,57,1,0.25,0.00035,1,1,G2,11.4,47.0,15
synthetic_01891,cluster_v100m32,13,14,13,14,1,0.25,0.00025,1,1,,4.0,22.3515625,15
synthetic_01892,cluster_t4,58,61,58,61,3,0.75,7e-05,1,1,,4.0,14.900390625,15
synthetic_01893,cluster_v100m16,73,74,73,74,1,0.25,0.00025,1,1,,3.152,5.46875,15
synthetic_01894,cluster_g2,25,28,25,28,3,0.75,0.00035,1,1,,11.908,46.0,15
synthetic_01895,cluster_t4,69,70,69,70,1,0.25,7e-05,1,1,T4,11.908,46.0,15
synthetic_01896,cluster_t4,56,65,56,65,9,2.25,7e-05,1,1,,11.908,46.0,15
synthetic_01897,cluster_v100m16,12,16,12,16,4,1.0,0.00025,1,1,,12.0,24.0,15
synthetic_01898,cluster_t4,16,17,16,17,1,0.25,7e-05,1,1,T4,3.152,5.46875,15
synthetic_01899,cluster_g3,78,79,78,79,1,0.25,0.00035,1,1,,11.3,48.0,15
synthetic_01900,cluster_a10,32,33,32,33,1,0.25,0.00015,1,1,,3.152,5.46875,15
synthetic_01901,cluster_p100,67,68,67,68,1,0.25,0.00025,1,1,,3.152,5.46875,15
synthetic_01902,cluster_v100m32,88,89,88,89,1,0.25,0.00025,1,1,,11.4,47.0,15
synthetic_01903,cluster_v100m16,25,27,25,27,2,0.5,0.00025,1,1,,12.0,24.0,15
synthetic_01904,cluster_g2,75,77,75,77,2,0.5,0.00035,1,1,,3.152,5.46875,15
synthetic_01905,cluster_v100m32,25,27,25,27,2,0.5,0.00025,1,1,,18.708,63.0,15
synthetic_01906,cluster_t4,71,72,71,72,1,0.25,7e-05,1,1,T4,8.0,29.8017578125,15
synthetic_01907,cluster_v100m32,11,12,11,12,1,0.25,0.00025,1,1,,15.7,57.0,15
synthetic_01908,cluster_t4,5,10,5,10,5,1.25,7e-05,1,1,,4.0,14.900390625,15
synthetic_01909,cluster_p100,4,5,4,5,1,0.25,0.00025,1,1,,15.7,57.0,15
synthetic_01910,cluster_g2,30,35,30,35,5,1.25,0.00035,1,1,,4.0,24.0,15
synthetic_01911,cluster_t4,22,24,22,24,2,0.5,7e-05,1,1,T4,12.0,16.0,15
synthetic_01912,cluster_v100m32,59,60,59,60,1,0.25,0.00025,1,1,,3.152,5.46875,15
synthetic_01913,cluster_t4,73,74,73,74,1,0.25,7e-05,1,1,,4.152,10.3515625,15
synthetic_01914,cluster_g2,80,81,80,81,1,0.25,0.00035,1,1,,3.152,5.46875,15
synthetic_01915,cluster_g3,82,83,82,83,1,0.25,0.00035,1,1,,1.0,2.0,15
synthetic_01916,cluster_t4,47,52,47,52,5,1.25,7e-05,1,1,T4,4.0,14.900390625,15
synthetic_01917,cluster_t4,39,40,39,40,1,0.25,7e-05,1,1,P100|T4|V100M16|V100M32,14.2,57.0,15
synthetic_01918,cluster_g2,61,62,61,62,1,0.25,0.00035,1,1,,9.81,40.5859375,15
synthetic_01919,cluster_t4,68,72,68,72,4,1.0,7e-05,1,1,,8.0,32.0,15
synthetic_01920,cluster_g3,26,27,26,27,1,0.25,0.0028,8,8,,64.2,257.0,15
synthetic_01921,cluster_t4,80,87,80,87,7,1.75,7e-05,1,1,,11.3,48.0,15
synthetic_01922,cluster_g3,50,58,50,58,8,2.0,0.00035,1,1,,8.0,16.0,15
synthetic_01923,cluster_t4,77,78,77,78,1,0.25,7e-05,1,1,T4,4.0,22.3515625,15
synthetic_01924,cluster_g2,92,94,92,94,2,0.5,0.00035,1,1,,11.4,47.0,15
synthetic_01925,cluster_v100m16,23,33,23,33,10,2.5,0.00025,1,1,V100M16|V100M32,14.2,57.0,15
synthetic_01926,cluster_v100m32,80,81,80,81,1,0.25,0.00025,1,1,,3.152,5.46875,15
synthetic_01927,cluster_v100m16,71,72,71,72,1,0.25,0.00025,1,1,,3.152,5.46875,15
synthetic_01928,cluster_g3,44,45,44,45,1,0.25,0.00035,1,1,,4.0,22.3515625,15
synthetic_01929,cluster_g3,83,84,83,84,1,0.25,0.00035,1,1,,3.152,5.46875,15
synthetic_01930,cluster_g2,39,40,39,40,1,0.25,0.00035,1,1,,18.708,63.0,15
synthetic_01931,cluster_g2,56,57,56,57,1,0.25,0.00035,1,1,,11.4,47.0,15
synthetic_01932,cluster_v100m16,46,47,46,47,1,0.25,0.00025,1,1,G2|P100|T4|V100M16|V100M32,11.3,48.0,15
synthetic_01933,cluster_t4,3,5,3,5,2,0.5,7e-05,1,1,,11.4,47.0,15
synthetic_01934,cluster_g2,26,27,26,27,1,0.25,0.00035,1,1,,11.908,46.0,15
synthetic_01935,cluster_v100m32,70,71,70,71,1,0.25,0.00025,1,1,,3.152,5.46875,15
synthetic_01936,cluster_g3,62,66,62,66,4,1.0,0.00035,1,1,,12.0,15.0,15
synthetic_01937,cluster_g3,75,76,75,76,1,0.25,0.00035,1,1,,11.3,48.0,15
synthetic_01938,cluster_t4,7,8,7,8,1,0.25,7e-05,1,1,T4,9.81,40.5859375,15
synthetic_01939,cluster_v100m32,61,62,61,62,1,0.25,0.00025,1,1,,3.152,5.46875,15
synthetic_01940,cluster_p100,22,23,22,23,1,0.25,0.00025,1,1,,3.152,5.46875,15
synthetic_01941,cluster_p100,70,71,70,71,1,0.25,0.00025,1,1,,11.3,48.0,15
synthetic_01942,cluster_t4,89,92,89,92,3,0.75,7e-05,1,1,T4,8.2,33.0,15
synthetic_01943,cluster_p100,32,33,32,33,1,0.25,0.00025,1,1,,8.0,29.8017578125,15
synthetic_01944,cluster_g3,7,13,7,13,6,1.5,0.00035,1,1,,14.2,57.0,15
synthetic_01945,cluster_t4,67,68,67,68,1,0.25,7e-05,1,1,,18.708,63.0,15
synthetic_01946,cluster_v100m32,82,86,82,86,4,1.0,0.00025,1,1,,11.3,48.0,15
synthetic_01947,cluster_v100m16,36,39,36,39,3,0.75,0.00025,1,1,,11.4,47.0,15
synthetic_01948,cluster_v100m32,3,4,3,4,1,0.25,0.00025,1,1,,11.3,48.0,15
synthetic_01949,cluster_v100m16,45,46,45,46,1,0.25,0.00025,1,1,V100M16|V100M32,18.708,63.0,15
synthetic_01950,cluster_p100,64,66,64,66,2,0.5,0.00025,1,1,,3.152,5.46875,15
synthetic_01951,cluster_t4,95,96,95,96,1,0.25,7e-05,1,1,,3.152,5.46875,15
synthetic_01952,cluster_p100,29,30,29,30,1,0.25,0.00025,1,1,,11.908,46.0,15
synthetic_01953,cluster_t4,21,23,21,23,2,0.5,7e-05,1,1,T4,3.152,5.46875,15
synthetic_01954,cluster_v100m32,59,64,59,64,5,1.25,0.00025,1,1,V100M16|V100M32,12.0,24.0,15
synthetic_01955,cluster_v100m32,6,7,6,7,1,0.25,0.00025,1,1,,18.708,63.0,15
synthetic_01956,cluster_g3,18,19,18,19,1,0.25,0.00035,1,1,,3.152,5.46875,15
synthetic_01957,cluster_t4,41,47,41,47,6,1.5,7e-05,1,1,T4,11.4,47.0,15
synthetic_01958,cluster_v100m16,48,49,48,49,1,0.25,0.00025,1,1,,3.152,5.46875,15
synthetic_01959,cluster_v100m32,73,77,73,77,4,1.0,0.00025,1,1,,11.4,47.0,15
synthetic_01960,cluster_p100,90,91,90,91,1,0.25,0.00025,1,1,,18.708,63.0,15
synthetic_01961,cluster_g2,17,22,17,22,5,1.25,0.00035,1,1,G2,12.0,15.0,15
synthetic_01962,cluster_v100m32,31,32,31,32,1,0.25,0.00025,1,1,P100|V100M16|V100M32,3.152,5.46875,15
synthetic_01963,cluster_t4,32,34,32,34,2,0.5,7e-05,1,1,T4,4.0,29.8017578125,15
synthetic_01964,cluster_v100m16,47,48,47,48,1,0.25,0.00025,1,1,,11.908,46.0,15
synthetic_01965,cluster_t4,87,91,87,91,4,1.0,7e-05,1,1,T4,15.7,57.0,15
synthetic_01966,cluster_v100m16,12,13,12,13,1,0.25,0.00025,1,1,V100M16|V100M32,3.152,5.46875,15
synthetic_01967,cluster_t4,76,77,76,77,1,0.25,7e-05,1,1,T4,12.0,24.0,15
synthetic_01968,cluster_g3,47,48,47,48,1,0.25,0.00035,1,1,,4.152,10.3515625,15
synthetic_01969,cluster_g2,67,78,67,78,11,2.75,0.00035,1,1,G2,11.4,47.0,15
synthetic_01970,cluster_t4,15,18,15,18,3,0.75,7e-05,1,1,T4,11.4,47.0,15
synthetic_01971,cluster_v100m16,74,75,74,75,1,0.25,0.00025,1,1,,6.0,6.0,15
synthetic_01972,cluster_t4,69,70,69,70,1,0.25,7e-05,1,1,,3.152,5.46875,15
synthetic_01973,cluster_g2,27,28,27,28,1,0.25,0.00035,1,1,,3.152,5.46875,15
synthetic_01974,cluster_g3,15,16,15,16,1,0.25,0.00035,1,1,,3.152,5.46875,15
synthetic_01975,cluster_g3,67,68,67,68,1,0.25,0.00035,1,1,,11.3,48.0,15
synthetic_01976,cluster_t4,38,39,38,39,1,0.25,7e-05,1,1,T4,11.3,48.0,15
synthetic_01977,cluster_t4,53,54,53,54,1,0.25,7e-05,1,1,,3.152,5.46875,15
synthetic_01978,cluster_t4,3,5,3,5,2,0.5,7e-05,1,1,T4,8.0,29.8017578125,15
synthetic_01979,cluster_g2,87,88,87,88,1,0.25,0.00035,1,1,G2,8.2,33.0,15
synthetic_01980,cluster_v100m32,57,58,57,58,1,0.25,0.00025,1,1,,11.3,48.0,15
synthetic_01981,cluster_g3,1,3,1,3,2,0.5,0.00035,1,1,G3,11.3,48.0,15
synthetic_01982,cluster_t4,12,14,12,14,2,0.5,7e-05,1,1,T4,4.152,10.3515625,15
synthetic_01983,cluster_g3,61,63,61,63,2,0.5,0.00035,1,1,,4.0,14.900390625,15
synthetic_01984,cluster_g2,85,86,85,86,1,0.25,0.00035,1,1,G2,11.4,47.0,15
synthetic_01985,cluster_p100,16,21,16,21,5,1.25,0.00025,1,1,,15.2,79.0,15
synthetic_01986,cluster_v100m16,86,88,86,88,2,0.5,0.00025,1,1,,8.0,16.0,15
synthetic_01987,cluster_v100m16,66,69,66,69,3,0.75,0.00025,1,1,,11.4,76.0,15
synthetic_01988,cluster_t4,4,9,4,9,5,1.25,7e-05,1,1,T4,15.2,79.0,15
synthetic_01989,cluster_g2,56,58,56,58,2,0.5,0.00035,1,1,,11.4,76.0,15
synthetic_01990,cluster_g2,69,71,69,71,2,0.5,0.00035,1,1,,3.152,5.46875,15
synthetic_01991,cluster_v100m16,62,66,62,66,4,1.0,0.00025,1,1,,11.4,47.0,15
synthetic_01992,cluster_p100,72,76,72,76,4,1.0,0.00025,1,1,,6.0,16.0,15
synthetic_01993,cluster_t4,92,93,92,93,1,0.25,7e-05,1,1,,3.152,5.46875,15
synthetic_01994,cluster_t4,83,84,83,84,1,0.25,7e-05,1,1,T4,11.3,48.0,15
synthetic_01995,cluster_g3,86,87,86,87,1,0.25,0.00035,1,1,,8.0,29.8017578125,15
synthetic_01996,cluster_g3,43,45,43,45,2,0.5,0.00035,1,1,,11.3,48.0,15
synthetic_01997,cluster_v100m32,76,90,76,90,14,3.5,0.00025,1,1,,11.4,47.0,15
synthetic_01998,cluster_v100m16,14,16,14,16,2,0.5,0.00025,1,1,,18.708,63.0,15
synthetic_01999,cluster_p100,84,85,84,85,1,0.25,0.00025,1,1,,11.3,48.0,15
synthetic_02000,cluster_t4,70,76,70,76,6,1.5,7e-05,1,1,T4,16.0,32.0,15
synthetic_02001,cluster_g3,0,1,0,1,1,0.25,0.00035,1,1,,11.4,47.0,15
synthetic_02002,cluster_t4,65,68,65,68,3,0.75,7e-05,1,1,T4,15.7,57.0,15
synthetic_02003,cluster_p100,21,22,21,22,1,0.25,0.00025,1,1,,6.0,12.0,15
synthetic_02004,cluster_g2,21,22,21,22,1,0.25,0.00035,1,1,G2,11.3,48.0,15
synthetic_02005,cluster_t4,28,30,28,30,2,0.5,7e-05,1,1,T4,11.3,48.0,15
synthetic_02006,cluster_p100,79,80,79,80,1,0.25,0.00025,1,1,,11.3,48.0,15
synthetic_02007,cluster_v100m16,64,66,64,66,2,0.5,0.00025,1,1,,12.0,16.0,15
synthetic_02008,cluster_g2,4,5,4,5,1,0.25,0.00035,1,1,G2,11.3,48.0,15
synthetic_02009,cluster_t4,77,80,77,80,3,0.75,7e-05,1,1,T4,9.81,40.5859375,15
synthetic_02010,cluster_v100m16,67,68,67,68,1,0.25,0.00025,1,1,,11.908,46.0,15
synthetic_02011,cluster_g3,50,51,50,51,1,0.25,0.00035,1,1,,11.908,46.0,15
synthetic_02012,cluster_t4,2,3,2,3,1,0.25,7e-05,1,1,T4,3.152,5.46875,15
synthetic_02013,cluster_t4,35,36,35,36,1,0.25,7e-05,1,1,,3.152,5.46875,15
synthetic_02014,cluster_g3,12,13,12,13,1,0.25,0.00035,1,1,,4.0,22.3515625,15
synthetic_02015,cluster_a10,23,24,23,24,1,0.25,0.00015,1,1,,3.152,5.46875,15
synthetic_02016,cluster_v100m16,62,69,62,69,7,1.75,0.00025,1,1,,4.0,29.8017578125,15
synthetic_02017,cluster_g2,69,74,69,74,5,1.25,0.00035,1,1,,9.81,40.5859375,15
synthetic_02018,cluster_p100,81,82,81,82,1,0.25,0.00025,1,1,,9.81,40.5859375,15
synthetic_02019,cluster_p100,65,67,65,67,2,0.5,0.00025,1,1,P100,4.0,14.900390625,15
synthetic_02020,cluster_t4,5,6,5,6,1,0.25,7e-05,1,1,,3.152,5.46875,15
synthetic_02021,cluster_g2,38,41,38,41,3,0.75,0.00035,1,1,G2,15.7,57.0,15
synthetic_02022,cluster_g3,13,15,13,15,2,0.5,0.00035,1,1,,8.0,15.625,15
synthetic_02023,cluster_t4,74,75,74,75,1,0.25,7e-05,1,1,T4,3.152,5.46875,15
synthetic_02024,cluster_t4,95,96,95,96,1,0.25,7e-05,1,1,,3.152,5.46875,15
synthetic_02025,cluster_p100,29,30,29,30,1,0.25,0.00025,1,1,P100|V100M16|V100M32,11.4,47.0,15
synthetic_02026,cluster_g2,23,24,23,24,1,0.25,0.00035,1,1,,18.708,63.0,15
synthetic_02027,cluster_v100m32,85,86,85,86,1,0.25,0.00025,1,1,,3.152,5.46875,15
synthetic_02028,cluster_t4,60,65,60,65,5,1.25,7e-05,1,1,T4,4.0,24.0,15
synthetic_02029,cluster_v100m16,88,93,88,93,5,1.25,0.00025,1,1,,11.4,47.0,15
synthetic_02030,cluster_g2,43,44,43,44,1,0.25,0.00035,1,1,,3.152,5.46875,15
synthetic_02031,cluster_g2,18,19,18,19,1,0.25,0.00035,1,1,,4.0,22.3515625,15
synthetic_02032,cluster_p100,78,79,78,79,1,0.25,0.00025,1,1,,3.152,5.46875,15
synthetic_02033,cluster_g3,69,78,69,78,9,2.25,0.00035,1,1,,4.152,10.3515625,15
synthetic_02034,cluster_p100,1,2,1,2,1,0.25,0.00025,1,1,,3.152,5.46875,15
synthetic_02035,cluster_p100,30,31,30,31,1,0.25,0.00025,1,1,,3.152,5.46875,15
synthetic_02036,cluster_t4,62,63,62,63,1,0.25,7e-05,1,1,T4,8.0,29.8017578125,15
synthetic_02037,cluster_v100m32,52,55,52,55,3,0.75,0.00025,1,1,,11.9,76.0,15
synthetic_02038,cluster_v100m16,27,28,27,28,1,0.25,0.00025,1,1,V100M16|V100M32,11.3,48.0,15
synthetic_02039,cluster_g2,66,70,66,70,4,1.0,0.00035,1,1,,11.908,46.0,15
synthetic_02040,cluster_p100,92,94,92,94,2,0.5,0.00025,1,1,P100,3.152,5.46875,15
synthetic_02041,cluster_t4,45,46,45,46,1,0.25,7e-05,1,1,T4,3.152,5.46875,15
synthetic_02042,cluster_v100m16,94,96,94,96,2,0.5,0.00025,1,1,,3.152,5.46875,15
synthetic_02043,cluster_t4,88,93,88,93,5,1.25,7e-05,1,1,T4,15.2,79.0,15
synthetic_02044,cluster_t4,87,88,87,88,1,0.25,7e-05,1,1,T4,11.4,47.0,15
synthetic_02045,cluster_p100,6,11,6,11,5,1.25,0.00025,1,1,,8.0,16.0,15
synthetic_02046,cluster_a10,91,92,91,92,1,0.25,0.00015,1,1,,11.4,47.0,15
synthetic_02047,cluster_g3,93,95,93,95,2,0.5,0.00035,1,1,G3,8.0,16.0,15
synthetic_02048,cluster_v100m16,31,32,31,32,1,0.25,0.00025,1,1,V100M16|V100M32,11.3,48.0,15
synthetic_02049,cluster_g2,32,33,32,33,1,0.25,0.00035,1,1,,11.908,46.0,15
synthetic_02050,cluster_v100m32,82,83,82,83,1,0.25,0.00025,1,1,,4.0,14.900390625,15
synthetic_02051,cluster_g2,24,25,24,25,1,0.25,0.00035,1,1,G2,11.908,46.0,15
synthetic_02052,cluster_v100m32,62,63,62,63,1,0.25,0.00025,1,1,,3.152,5.46875,15
synthetic_02053,cluster_t4,52,54,52,54,2,0.5,7e-05,1,1,,11.4,47.0,15
synthetic_02054,cluster_g3,94,95,94,95,1,0.25,0.00035,1,1,,18.708,63.0,15
synthetic_02055,cluster_t4,43,56,43,56,13,3.25,7e-05,1,1,,12.0,24.0,15
synthetic_02056,cluster_t4,38,50,38,50,12,3.0,7e-05,1,1,T4,4.0,22.3515625,15
synthetic_02057,cluster_g2,85,87,85,87,2,0.5,0.00035,1,1,,3.152,5.46875,15
synthetic_02058,cluster_t4,34,35,34,35,1,0.25,7e-05,1,1,T4,3.152,5.46875,15
synthetic_02059,cluster_p100,5,6,5,6,1,0.25,0.00025,1,1,P100,11.908,46.0,15
synthetic_02060,cluster_g2,17,18,17,18,1,0.25,0.00035,1,1,,6.0,6.0,15
synthetic_02061,cluster_g3,23,24,23,24,1,0.25,0.00035,1,1,,3.152,5.46875,15
synthetic_02062,cluster_t4,73,75,73,75,2,0.5,7e-05,1,1,T4,11.908,46.0,15
synthetic_02063,cluster_v100m32,76,77,76,77,1,0.25,0.00025,1,1,,3.152,5.46875,15
synthetic_02064,cluster_t4,30,31,30,31,1,0.25,7e-05,1,1,,3.152,5.46875,15
synthetic_02065,cluster_g3,6,12,6,12,6,1.5,0.00035,1,1,,14.2,57.0,15
synthetic_02066,cluster_t4,51,52,51,52,1,0.25,7e-05,1,1,,3.152,5.46875,15
synthetic_02067,cluster_v100m32,74,75,74,75,1,0.25,0.00025,1,1,,1.0,2.0,15
synthetic_02068,cluster_v100m16,84,85,84,85,1,0.25,0.00025,1,1,V100M16|V100M32,11.3,48.0,15
synthetic_02069,cluster_g3,95,96,95,96,1,0.25,0.00035,1,1,,3.152,5.46875,15
synthetic_02070,cluster_t4,79,81,79,81,2,0.5,7e-05,1,1,T4,18.708,63.0,15
synthetic_02071,cluster_g2,20,22,20,22,2,0.5,0.00035,1,1,,3.152,5.46875,15
synthetic_02072,cluster_g2,2,3,2,3,1,0.25,0.00035,1,1,,3.152,5.46875,15
synthetic_02073,cluster_t4,13,14,13,14,1,0.25,7e-05,1,1,T4,11.908,46.0,15
synthetic_02074,cluster_p100,34,35,34,35,1,0.25,0.00025,1,1,P100|V100M16|V100M32,11.3,48.0,15
synthetic_02075,cluster_t4,10,11,10,11,1,0.25,7e-05,1,1,,3.152,5.46875,15
synthetic_02076,cluster_p100,74,75,74,75,1,0.25,0.00025,1,1,,3.152,5.46875,15
synthetic_02077,cluster_g2,22,23,22,23,1,0.25,0.00035,1,1,G2,11.3,48.0,15
synthetic_02078,cluster_t4,51,59,51,59,8,2.0,7e-05,1,1,T4,14.2,57.0,15
synthetic_02079,cluster_t4,3,4,3,4,1,0.25,7e-05,1,1,,11.3,48.0,15
synthetic_02080,cluster_v100m16,77,78,77,78,1,0.25,0.00025,1,1,,3.152,5.46875,15
synthetic_02081,cluster_g3,37,43,37,43,6,1.5,0.00035,1,1,,11.908,46.0,15
synthetic_02082,cluster_g2,84,85,84,85,1,0.25,0.00035,1,1,,6.0,22.3515625,15
synthetic_02083,cluster_a10,54,55,54,55,1,0.25,0.00015,1,1,,3.152,5.46875,15
synthetic_02084,cluster_v100m16,51,52,51,52,1,0.25,0.00025,1,1,P100|V100M16|V100M32,18.708,63.0,15
synthetic_02085,cluster_t4,25,26,25,26,1,0.25,7e-05,1,1,,4.0,14.900390625,15
synthetic_02086,cluster_v100m32,74,75,74,75,1,0.25,0.00025,1,1,,3.152,5.46875,15
synthetic_02087,cluster_p100,77,81,77,81,4,1.0,0.00025,1,1,,11.4,47.0,15
synthetic_02088,cluster_p100,45,46,45,46,1,0.25,0.00025,1,1,,15.7,57.0,15
synthetic_02089,cluster_g3,52,56,52,56,4,1.0,0.00035,1,1,,4.0,29.8017578125,15
synthetic_02090,cluster_g2,52,53,52,53,1,0.25,0.00035,1,1,,3.152,5.46875,15
synthetic_02091,cluster_g3,68,70,68,70,2,0.5,0.00035,1,1,,11.3,48.0,15
synthetic_02092,cluster_p100,91,96,91,96,5,1.25,0.00025,1,1,P100|T4|V100M16|V100M32,15.2,79.0,15
synthetic_02093,cluster_v100m32,7,17,7,17,10,2.5,0.00025,1,1,,12.0,24.0,15
synthetic_02094,cluster_g2,50,55,50,55,5,1.25,0.00035,1,1,,8.0,16.0,15
synthetic_02095,cluster_g2,4,5,4,5,1,0.25,0.0014,4,4,G2,32.2,129.0,15
synthetic_02096,cluster_v100m16,24,27,24,27,3,0.75,0.00025,1,1,,12.0,16.0,15
synthetic_02097,cluster_v100m16,78,79,78,79,1,0.25,0.00025,1,1,,3.152,5.46875,15
synthetic_02098,cluster_g3,94,95,94,95,1,0.25,0.00035,1,1,,3.152,5.46875,15
synthetic_02099,cluster_g3,26,30,26,30,4,1.0,0.00035,1,1,,8.0,29.8017578125,15
synthetic_02100,cluster_v100m16,67,72,67,72,5,1.25,0.00025,1,1,,4.0,24.0,15
synthetic_02101,cluster_t4,47,50,47,50,3,0.75,7e-05,1,1,,11.908,46.0,15
synthetic_02102,cluster_v100m16,51,53,51,53,2,0.5,0.00025,1,1,,9.81,40.5859375,15
synthetic_02103,cluster_t4,91,93,91,93,2,0.5,7e-05,1,1,T4,11.3,48.0,15
synthetic_02104,cluster_t4,90,91,90,91,1,0.25,7e-05,1,1,T4,11.4,47.0,15
synthetic_02105,cluster_v100m16,74,75,74,75,1,0.25,0.00025,1,1,,6.0,6.0,15
synthetic_02106,cluster_t4,91,92,91,92,1,0.25,7e-05,1,1,,8.0,29.8017578125,15
synthetic_02107,cluster_t4,60,61,60,61,1,0.25,7e-05,1,1,,3.152,5.46875,15
synthetic_02108,cluster_v100m16,78,79,78,79,1,0.25,0.00025,1,1,,3.152,5.46875,15
synthetic_02109,cluster_t4,74,75,74,75,1,0.25,7e-05,1,1,T4,3.152,5.46875,15
synthetic_02110,cluster_g2,38,40,38,40,2,0.5,0.00035,1,1,,6.0,23.0,15
synthetic_02111,cluster_t4,83,84,83,84,1,0.25,7e-05,1,1,,3.152,5.46875,15
synthetic_02112,cluster_v100m32,12,15,12,15,3,0.75,0.00025,1,1,V100M16|V100M32,11.3,48.0,15
synthetic_02113,cluster_g2,66,68,66,68,2,0.5,0.00035,1,1,G2,14.2,57.0,15
synthetic_02114,cluster_v100m32,87,90,87,90,3,0.75,0.00025,1,1,,11.4,76.0,15
synthetic_02115,cluster_p100,60,61,60,61,1,0.25,0.00025,1,1,,4.0,22.3515625,15
synthetic_02116,cluster_v100m32,29,30,29,30,1,0.25,0.00025,1,1,V100M16|V100M32,11.3,48.0,15
synthetic_02117,cluster_v100m16,77,92,77,92,15,3.75,0.00025,1,1,,4.0,14.900390625,15
synthetic_02118,cluster_v100m32,8,24,8,24,16,4.0,0.00025,1,1,,16.0,64.0,15
synthetic_02119,cluster_t4,30,31,30,31,1,0.25,7e-05,1,1,T4,3.152,5.46875,15
synthetic_02120,cluster_t4,74,76,74,76,2,0.5,7e-05,1,1,T4,4.0,14.900390625,15
synthetic_02121,cluster_v100m16,34,35,34,35,1,0.25,0.00025,1,1,,3.152,5.46875,15
synthetic_02122,cluster_g2,7,8,7,8,1,0.25,0.00035,1,1,,3.152,5.46875,15
synthetic_02123,cluster_t4,5,6,5,6,1,0.25,7e-05,1,1,T4,3.152,5.46875,15
synthetic_02124,cluster_g2,18,19,18,19,1,0.25,0.00035,1,1,G2,11.3,48.0,15
synthetic_02125,cluster_t4,48,52,48,52,4,1.0,7e-05,1,1,,11.908,46.0,15
synthetic_02126,cluster_a10,60,61,60,61,1,0.25,0.00015,1,1,,11.3,48.0,15
synthetic_02127,cluster_g2,37,38,37,38,1,0.25,0.00035,1,1,G2,11.3,48.0,15
synthetic_02128,cluster_v100m16,45,47,45,47,2,0.5,0.00025,1,1,,11.3,48.0,15
synthetic_02129,cluster_v100m16,79,82,79,82,3,0.75,0.00025,1,1,,11.908,46.0,15
synthetic_02130,cluster_v100m16,13,17,13,17,4,1.0,0.00025,1,1,,6.0,12.0,15
synthetic_02131,cluster_v100m32,45,46,45,46,1,0.25,0.00025,1,1,,11.3,48.0,15
synthetic_02132,cluster_t4,56,63,56,63,7,1.75,7e-05,1,1,T4,1.0,6.0,15
synthetic_02133,cluster_p100,80,85,80,85,5,1.25,0.00025,1,1,,4.0,24.0,15
synthetic_02134,cluster_v100m32,61,76,61,76,15,3.75,0.00025,1,1,,8.0,29.8017578125,15
synthetic_02135,cluster_v100m32,65,66,65,66,1,0.25,0.00025,1,1,,3.152,5.46875,15
synthetic_02136,cluster_p100,53,61,53,61,8,2.0,0.00025,1,1,P100,8.0,29.8017578125,15
synthetic_02137,cluster_g3,95,96,95,96,1,0.25,0.00035,1,1,,4.152,10.3515625,15
synthetic_02138,cluster_t4,27,28,27,28,1,0.25,7e-05,1,1,T4,4.152,10.3515625,15
synthetic_02139,cluster_t4,32,33,32,33,1,0.25,7e-05,1,1,,12.0,15.0,15
synthetic_02140,cluster_a10,0,1,0,1,1,0.25,0.00015,1,1,,3.152,5.46875,15
synthetic_02141,cluster_v100m32,63,64,63,64,1,0.25,0.00025,1,1,,12.0,24.0,15
synthetic_02142,cluster_g2,43,44,43,44,1,0.25,0.00035,1,1,G2,11.3,48.0,15
synthetic_02143,cluster_p100,15,25,15,25,10,2.5,0.00025,1,1,,8.0,29.8017578125,15
synthetic_02144,cluster_t4,85,86,85,86,1,0.25,7e-05,1,1,,3.152,5.46875,15
synthetic_02145,cluster_t4,22,24,22,24,2,0.5,7e-05,1,1,T4,3.152,5.46875,15
synthetic_02146,cluster_t4,77,80,77,80,3,0.75,7e-05,1,1,,14.2,57.0,15
synthetic_02147,cluster_v100m16,6,19,6,19,13,3.25,0.00025,1,1,,18.708,63.0,15
synthetic_02148,cluster_g2,9,10,9,10,1,0.25,0.00035,1,1,G2,9.81,40.5859375,15
synthetic_02149,cluster_g3,48,54,48,54,6,1.5,0.00035,1,1,,15.7,57.0,15
synthetic_02150,cluster_g2,1,6,1,6,5,1.25,0.00035,1,1,,11.908,46.0,15
synthetic_02151,cluster_g2,12,14,12,14,2,0.5,0.00035,1,1,G2,1.0,6.0,15
synthetic_02152,cluster_g2,6,14,6,14,8,2.0,0.00035,1,1,,11.3,37.0,15
synthetic_02153,cluster_p100,21,22,21,22,1,0.25,0.00025,1,1,,3.152,5.46875,15
synthetic_02154,cluster_t4,70,71,70,71,1,0.25,7e-05,1,1,T4,18.708,63.0,15
synthetic_02155,cluster_t4,91,92,91,92,1,0.25,7e-05,1,1,T4,18.708,63.0,15
synthetic_02156,cluster_v100m32,18,22,18,22,4,1.0,0.00025,1,1,,16.0,32.0,15
synthetic_02157,cluster_t4,93,94,93,94,1,0.25,7e-05,1,1,,11.3,48.0,15
synthetic_02158,cluster_a10,0,1,0,1,1,0.25,0.00015,1,1,,3.152,5.46875,15
synthetic_02159,cluster_g2,52,53,52,53,1,0.25,0.00035,1,1,,8.0,29.8017578125,15
synthetic_02160,cluster_v100m16,58,59,58,59,1,0.25,0.00025,1,1,V100M16|V100M32,9.81,40.5859375,15
synthetic_02161,cluster_p100,36,52,36,52,16,4.0,0.00025,1,1,P100,3.152,5.46875,15
synthetic_02162,cluster_t4,62,63,62,63,1,0.25,7e-05,1,1,T4,14.2,57.0,15
synthetic_02163,cluster_p100,14,15,14,15,1,0.25,0.00025,1,1,P100,3.152,5.46875,15
synthetic_02164,cluster_v100m16,32,34,32,34,2,0.5,0.00025,1,1,V100M16|V100M32,6.0,32.0,15
synthetic_02165,cluster_g3,27,28,27,28,1,0.25,0.00035,1,1,,3.152,5.46875,15
synthetic_02166,cluster_t4,23,24,23,24,1,0.25,7e-05,1,1,T4,3.152,5.46875,15
synthetic_02167,cluster_v100m32,74,75,74,75,1,0.25,0.00025,1,1,,16.0,32.0,15
synthetic_02168,cluster_g2,14,15,14,15,1,0.25,0.00035,1,1,,3.152,5.46875,15
synthetic_02169,cluster_g2,11,12,11,12,1,0.25,0.00035,1,1,,3.152,5.46875,15
synthetic_02170,cluster_p100,65,66,65,66,1,0.25,0.00025,1,1,,11.3,48.0,15
synthetic_02171,cluster_p100,81,82,81,82,1,0.25,0.00025,1,1,P100,3.152,5.46875,15
synthetic_02172,cluster_g3,44,45,44,45,1,0.25,0.00035,1,1,,12.0,16.0,15
synthetic_02173,cluster_p100,35,36,35,36,1,0.25,0.00025,1,1,,3.152,5.46875,15
synthetic_02174,cluster_t4,68,72,68,72,4,1.0,7e-05,1,1,T4,4.0,22.3515625,15
synthetic_02175,cluster_t4,55,56,55,56,1,0.25,7e-05,1,1,T4,11.3,48.0,15
synthetic_02176,cluster_g2,52,53,52,53,1,0.25,0.00035,1,1,,3.152,5.46875,15
synthetic_02177,cluster_t4,14,15,14,15,1,0.25,7e-05,1,1,T4,11.4,47.0,15
synthetic_02178,cluster_t4,88,89,88,89,1,0.25,7e-05,1,1,,18.708,63.0,15
synthetic_02179,cluster_t4,93,94,93,94,1,0.25,7e-05,1,1,T4,4.0,29.8017578125,15
synthetic_02180,cluster_p100,15,17,15,17,2,0.5,0.00025,1,1,,4.0,30.517578125,15
synthetic_02181,cluster_v100m16,44,46,44,46,2,0.5,0.00025,1,1,,3.152,5.46875,15
synthetic_02182,cluster_g3,77,78,77,78,1,0.25,0.00035,1,1,,24.2,91.0,15
synthetic_02183,cluster_g3,3,6,3,6,3,0.75,0.00035,1,1,G3,11.4,47.0,15
synthetic_02184,cluster_t4,7,8,7,8,1,0.25,7e-05,1,1,T4,3.152,5.46875,15
synthetic_02185,cluster_a10,78,81,78,81,3,0.75,0.00015,1,1,,15.7,57.0,15
synthetic_02186,cluster_t4,34,39,34,39,5,1.25,7e-05,1,1,,15.9,88.0,15
synthetic_02187,cluster_t4,1,3,1,3,2,0.5,7e-05,1,1,,11.3,48.0,15
synthetic_02188,cluster_t4,92,94,92,94,2,0.5,7e-05,1,1,T4,18.708,63.0,15
synthetic_02189,cluster_g2,19,20,19,20,1,0.25,0.0014,4,4,G2,32.2,129.0,15
synthetic_02190,cluster_g2,54,60,54,60,6,1.5,0.00035,1,1,G2,9.81,40.5859375,15
synthetic_02191,cluster_p100,5,9,5,9,4,1.0,0.00025,1,1,,12.0,24.0,15
synthetic_02192,cluster_v100m32,61,63,61,63,2,0.5,0.00025,1,1,,11.908,46.0,15
synthetic_02193,cluster_t4,0,1,0,1,1,0.25,7e-05,1,1,,11.3,48.0,15
synthetic_02194,cluster_p100,25,38,25,38,13,3.25,0.00025,1,1,,8.0,29.8017578125,15
synthetic_02195,cluster_g2,8,9,8,9,1,0.25,0.00035,1,1,,8.0,29.8017578125,15
synthetic_02196,cluster_p100,23,24,23,24,1,0.25,0.00025,1,1,,11.3,48.0,15
synthetic_02197,cluster_g2,49,50,49,50,1,0.25,0.00035,1,1,,16.4,123.0,15
synthetic_02198,cluster_g3,44,45,44,45,1,0.25,0.00035,1,1,,11.3,48.0,15
synthetic_02199,cluster_t4,2,3,2,3,1,0.25,7e-05,1,1,T4,3.152,5.46875,15
synthetic_02200,cluster_p100,89,90,89,90,1,0.25,0.00025,1,1,,3.152,5.46875,15
synthetic_02201,cluster_t4,30,39,30,39,9,2.25,7e-05,1,1,,4.0,22.3515625,15
synthetic_02202,cluster_p100,91,96,91,96,5,1.25,0.00025,1,1,P100,11.908,46.0,15
synthetic_02203,cluster_g2,43,44,43,44,1,0.25,0.00035,1,1,,11.4,47.0,15
synthetic_02204,cluster_p100,39,40,39,40,1,0.25,0.00025,1,1,P100,8.0,29.8017578125,15
synthetic_02205,cluster_t4,28,32,28,32,4,1.0,7e-05,1,1,,11.4,47.0,15
synthetic_02206,cluster_v100m16,69,70,69,70,1,0.25,0.00025,1,1,V100M16|V100M32,18.708,63.0,15
synthetic_02207,cluster_p100,36,43,36,43,7,1.75,0.00025,1,1,,3.152,5.46875,15
synthetic_02208,cluster_t4,50,53,50,53,3,0.75,7e-05,1,1,,6.0,23.0,15
synthetic_02209,cluster_v100m32,53,54,53,54,1,0.25,0.00025,1,1,V100M16|V100M32,11.3,48.0,15
synthetic_02210,cluster_p100,91,94,91,94,3,0.75,0.00025,1,1,,8.2,33.0,15
synthetic_02211,cluster_t4,17,19,17,19,2,0.5,7e-05,1,1,,3.152,5.46875,15
synthetic_02212,cluster_p100,71,72,71,72,1,0.25,0.00025,1,1,,16.0,32.0,15
synthetic_02213,cluster_g2,93,94,93,94,1,0.25,0.00035,1,1,,11.908,46.0,15
synthetic_02214,cluster_g2,44,45,44,45,1,0.25,0.00035,1,1,G2,11.3,48.0,15
synthetic_02215,cluster_t4,23,24,23,24,1,0.25,7e-05,1,1,T4,11.4,47.0,15
synthetic_02216,cluster_v100m16,28,35,28,35,7,1.75,0.00025,1,1,,4.0,14.900390625,15
synthetic_02217,cluster_v100m16,83,84,83,84,1,0.25,0.00025,1,1,,11.3,48.0,15
synthetic_02218,cluster_v100m16,83,87,83,87,4,1.0,0.00025,1,1,,8.0,32.0,15
synthetic_02219,cluster_g3,64,66,64,66,2,0.5,0.00035,1,1,,16.4,123.0,15
synthetic_02220,cluster_g2,22,27,22,27,5,1.25,0.00035,1,1,,16.0,32.0,15
synthetic_02221,cluster_g2,88,93,88,93,5,1.25,0.00035,1,1,G2,4.0,24.0,15
synthetic_02222,cluster_g2,74,75,74,75,1,0.25,0.00035,1,1,G2|P100|T4|V100M16|V100M32,8.0,29.8017578125,15
synthetic_02223,cluster_g2,46,47,46,47,1,0.25,0.00035,1,1,G2,12.0,16.0,15
synthetic_02224,cluster_t4,41,43,41,43,2,0.5,7e-05,1,1,,16.0,32.0,15
synthetic_02225,cluster_g2,95,96,95,96,1,0.25,0.00035,1,1,,3.152,5.46875,15
synthetic_02226,cluster_t4,45,47,45,47,2,0.5,7e-05,1,1,T4,1.0,6.0,15
synthetic_02227,cluster_p100,29,30,29,30,1,0.25,0.00025,1,1,P100,3.152,5.46875,15
synthetic_02228,cluster_t4,10,11,10,11,1,0.25,7e-05,1,1,T4,3.152,5.46875,15
synthetic_02229,cluster_t4,27,32,27,32,5,1.25,7e-05,1,1,,4.0,24.0,15
synthetic_02230,cluster_v100m32,84,85,84,85,1,0.25,0.00025,1,1,V100M32,11.3,48.0,15
synthetic_02231,cluster_p100,89,90,89,90,1,0.25,0.00025,1,1,,11.908,46.0,15
synthetic_02232,cluster_p100,2,3,2,3,1,0.25,0.00025,1,1,,11.3,48.0,15
synthetic_02233,cluster_g3,19,20,19,20,1,0.25,0.00035,1,1,,3.152,5.46875,15
synthetic_02234,cluster_v100m16,4,6,4,6,2,0.5,0.00025,1,1,,3.152,5.46875,15
synthetic_02235,cluster_v100m16,35,36,35,36,1,0.25,0.00025,1,1,,11.908,46.0,15
synthetic_02236,cluster_v100m32,46,48,46,48,2,0.5,0.00025,1,1,,16.0,32.0,15
synthetic_02237,cluster_v100m16,30,32,30,32,2,0.5,0.00025,1,1,G2|P100|T4|V100M16|V100M32,11.4,47.0,15
synthetic_02238,cluster_g3,34,36,34,36,2,0.5,0.00035,1,1,,11.908,46.0,15
synthetic_02239,cluster_v100m32,28,29,28,29,1,0.25,0.00025,1,1,,11.908,46.0,15
synthetic_02240,cluster_g2,36,37,36,37,1,0.25,0.00035,1,1,,4.0,14.900390625,15
synthetic_02241,cluster_t4,56,57,56,57,1,0.25,7e-05,1,1,T4,3.152,5.46875,15
synthetic_02242,cluster_v100m16,87,88,87,88,1,0.25,0.00025,1,1,,11.908,46.0,15
synthetic_02243,cluster_t4,65,66,65,66,1,0.25,7e-05,1,1,T4,11.3,48.0,15
synthetic_02244,cluster_t4,11,16,11,16,5,1.25,7e-05,1,1,,12.0,24.0,15
synthetic_02245,cluster_v100m16,55,56,55,56,1,0.25,0.00025,1,1,,11.4,47.0,15
synthetic_02246,cluster_p100,64,67,64,67,3,0.75,0.00025,1,1,,11.3,48.0,15
synthetic_02247,cluster_g3,23,25,23,25,2,0.5,0.00035,1,1,,4.152,10.3515625,15
synthetic_02248,cluster_t4,64,65,64,65,1,0.25,7e-05,1,1,T4,11.3,48.0,15
synthetic_02249,cluster_t4,59,60,59,60,1,0.25,7e-05,1,1,T4,11.3,48.0,15
synthetic_02250,cluster_g2,3,4,3,4,1,0.25,0.0014,4,4,G2,32.2,129.0,15
synthetic_02251,cluster_v100m32,74,75,74,75,1,0.25,0.00025,1,1,,11.3,48.0,15
synthetic_02252,cluster_v100m32,4,5,4,5,1,0.25,0.00025,1,1,,11.3,48.0,15
synthetic_02253,cluster_t4,26,30,26,30,4,1.0,7e-05,1,1,T4,11.4,47.0,15
synthetic_02254,cluster_g2,9,10,9,10,1,0.25,0.00035,1,1,,3.152,5.46875,15
synthetic_02255,cluster_v100m16,80,81,80,81,1,0.25,0.001,4,4,V100M16|V100M32,32.0,128.0,15
synthetic_02256,cluster_t4,29,30,29,30,1,0.25,7e-05,1,1,T4,3.152,5.46875,15
synthetic_02257,cluster_t4,13,14,13,14,1,0.25,7e-05,1,1,T4,3.152,5.46875,15
synthetic_02258,cluster_g2,70,71,70,71,1,0.25,0.00035,1,1,G2,11.3,48.0,15
synthetic_02259,cluster_v100m16,36,37,36,37,1,0.25,0.00025,1,1,,3.152,5.46875,15
synthetic_02260,cluster_t4,22,24,22,24,2,0.5,7e-05,1,1,,11.908,46.0,15
synthetic_02261,cluster_t4,15,24,15,24,9,2.25,7e-05,1,1,,12.0,24.0,15
synthetic_02262,cluster_t4,82,84,82,84,2,0.5,7e-05,1,1,,3.152,5.46875,15
synthetic_02263,cluster_g2,12,13,12,13,1,0.25,0.00035,1,1,,11.4,47.0,15
synthetic_02264,cluster_a10,95,96,95,96,1,0.25,0.00015,1,1,,11.3,48.0,15
synthetic_02265,cluster_p100,19,22,19,22,3,0.75,0.00025,1,1,,9.81,40.5859375,15
synthetic_02266,cluster_g2,74,75,74,75,1,0.25,0.00035,1,1,,3.152,5.46875,15
synthetic_02267,cluster_g2,39,41,39,41,2,0.5,0.00035,1,1,,3.152,5.46875,15
synthetic_02268,cluster_v100m32,63,64,63,64,1,0.25,0.00025,1,1,,11.3,48.0,15
synthetic_02269,cluster_p100,39,40,39,40,1,0.25,0.00025,1,1,,12.0,16.0,15
synthetic_02270,cluster_g2,72,73,72,73,1,0.25,0.00035,1,1,,1.0,2.0,15
synthetic_02271,cluster_p100,23,24,23,24,1,0.25,0.00025,1,1,P100|V100M16|V100M32,11.3,48.0,15
synthetic_02272,cluster_g3,53,54,53,54,1,0.25,0.00035,1,1,,9.81,40.5859375,15
synthetic_02273,cluster_v100m16,21,22,21,22,1,0.25,0.00025,1,1,,3.152,5.46875,15
synthetic_02274,cluster_t4,82,83,82,83,1,0.25,7e-05,1,1,T4,4.152,10.3515625,15
synthetic_02275,cluster_v100m16,45,46,45,46,1,0.25,0.00025,1,1,,11.3,48.0,15
synthetic_02276,cluster_g3,37,38,37,38,1,0.25,0.00035,1,1,,11.908,46.0,15
synthetic_02277,cluster_t4,64,65,64,65,1,0.25,7e-05,1,1,T4,11.3,48.0,15
synthetic_02278,cluster_v100m32,55,56,55,56,1,0.25,0.00025,1,1,V100M16|V100M32,3.152,5.46875,15
synthetic_02279,cluster_p100,89,90,89,90,1,0.25,0.00025,1,1,,8.0,32.0,15
synthetic_02280,cluster_g2,49,50,49,50,1,0.25,0.00035,1,1,G2,3.152,5.46875,15
synthetic_02281,cluster_v100m32,84,85,84,85,1,0.25,0.00025,1,1,,3.152,5.46875,15
synthetic_02282,cluster_v100m16,85,86,85,86,1,0.25,0.00025,1,1,,3.152,5.46875,15
synthetic_02283,cluster_g3,53,54,53,54,1,0.25,0.00035,1,1,,3.152,5.46875,15
synthetic_02284,cluster_g2,45,46,45,46,1,0.25,0.00035,1,1,G2,3.152,5.46875,15
synthetic_02285,cluster_g3,82,83,82,83,1,0.25,0.00035,1,1,,11.3,48.0,15
synthetic_02286,cluster_g2,24,25,24,25,1,0.25,0.00035,1,1,,3.152,5.46875,15
synthetic_02287,cluster_t4,31,32,31,32,1,0.25,7e-05,1,1,,4.152,10.3515625,15
synthetic_02288,cluster_v100m16,48,62,48,62,14,3.5,0.00025,1,1,V100M16|V100M32,11.4,47.0,15
synthetic_02289,cluster_v100m32,34,35,34,35,1,0.25,0.00025,1,1,,4.0,22.3515625,15
synthetic_02290,cluster_t4,1,4,1,4,3,0.75,7e-05,1,1,,15.7,57.0,15
synthetic_02291,cluster_g3,1,2,1,2,1,0.25,0.00035,1,1,,3.152,5.46875,15
synthetic_02292,cluster_t4,86,87,86,87,1,0.25,7e-05,1,1,T4,12.0,24.0,15
synthetic_02293,cluster_v100m32,45,48,45,48,3,0.75,0.00025,1,1,P100|T4|V100M16|V100M32,11.908,46.0,15
synthetic_02294,cluster_t4,89,93,89,93,4,1.0,7e-05,1,1,T4,8.0,29.8017578125,15
synthetic_02295,cluster_v100m32,27,38,27,38,11,2.75,0.00025,1,1,,12.0,24.0,15
synthetic_02296,cluster_p100,50,54,50,54,4,1.0,0.00025,1,1,P100,3.152,5.46875,15
synthetic_02297,cluster_g2,93,96,93,96,3,0.75,0.00035,1,1,G2,11.4,76.0,15
synthetic_02298,cluster_v100m16,87,91,87,91,4,1.0,0.00025,1,1,,6.0,18.0,15
synthetic_02299,cluster_p100,15,18,15,18,3,0.75,0.00025,1,1,,8.0,29.8017578125,15
synthetic_02300,cluster_t4,29,43,29,43,14,3.5,7e-05,1,1,T4,4.0,22.3515625,15
synthetic_02301,cluster_p100,13,14,13,14,1,0.25,0.00025,1,1,,8.0,32.0,15
synthetic_02302,cluster_v100m32,84,85,84,85,1,0.25,0.00025,1,1,P100|T4|V100M16|V100M32,11.3,48.0,15
synthetic_02303,cluster_v100m16,79,80,79,80,1,0.25,0.00025,1,1,,11.4,47.0,15
synthetic_02304,cluster_g2,5,6,5,6,1,0.25,0.00035,1,1,G2,11.3,48.0,15
synthetic_02305,cluster_v100m16,0,1,0,1,1,0.25,0.00025,1,1,,3.152,5.46875,15
synthetic_02306,cluster_p100,16,24,16,24,8,2.0,0.00025,1,1,,11.908,46.0,15
synthetic_02307,cluster_g2,25,26,25,26,1,0.25,0.00035,1,1,,11.3,48.0,15
synthetic_02308,cluster_t4,40,41,40,41,1,0.25,7e-05,1,1,T4,3.152,5.46875,15
synthetic_02309,cluster_p100,17,19,17,19,2,0.5,0.00025,1,1,,11.4,47.0,15
synthetic_02310,cluster_g2,26,27,26,27,1,0.25,0.00035,1,1,,11.3,48.0,15
synthetic_02311,cluster_v100m32,42,43,42,43,1,0.25,0.00025,1,1,,3.152,5.46875,15
synthetic_02312,cluster_v100m32,50,53,50,53,3,0.75,0.00025,1,1,P100|T4|V100M16|V100M32,11.3,37.0,15
synthetic_02313,cluster_v100m16,38,39,38,39,1,0.25,0.00025,1,1,,11.908,46.0,15
synthetic_02314,cluster_v100m32,82,87,82,87,5,1.25,0.00025,1,1,,15.7,57.0,15
synthetic_02315,cluster_g3,76,77,76,77,1,0.25,0.00035,1,1,,11.3,48.0,15
synthetic_02316,cluster_g3,35,36,35,36,1,0.25,0.00035,1,1,,3.152,5.46875,15
synthetic_02317,cluster_v100m16,6,19,6,19,13,3.25,0.00025,1,1,,11.4,76.0,15
synthetic_02318,cluster_p100,55,57,55,57,2,0.5,0.00025,1,1,P100|V100M16|V100M32,16.0,32.0,15
synthetic_02319,cluster_t4,7,12,7,12,5,1.25,7e-05,1,1,T4,15.2,79.0,15
synthetic_02320,cluster_g3,78,79,78,79,1,0.25,0.0014,4,4,,32.2,129.0,15
synthetic_02321,cluster_v100m32,58,64,58,64,6,1.5,0.00025,1,1,,11.4,47.0,15
synthetic_02322,cluster_t4,45,49,45,49,4,1.0,7e-05,1,1,T4,3.152,5.46875,15
synthetic_02323,cluster_p100,47,48,47,48,1,0.25,0.00025,1,1,,4.0,14.900390625,15
synthetic_02324,cluster_g2,22,23,22,23,1,0.25,0.00035,1,1,G2,3.152,5.46875,15
synthetic_02325,cluster_g2,5,13,5,13,8,2.0,0.00035,1,1,G2,6.0,32.0,15
synthetic_02326,cluster_p100,11,12,11,12,1,0.25,0.00025,1,1,,4.0,14.900390625,15
synthetic_02327,cluster_t4,57,58,57,58,1,0.25,7e-05,1,1,T4,11.3,48.0,15
synthetic_02328,cluster_v100m32,39,41,39,41,2,0.5,0.00025,1,1,,3.152,5.46875,15
synthetic_02329,cluster_v100m16,92,93,92,93,1,0.25,0.00025,1,1,,8.0,29.8017578125,15
synthetic_02330,cluster_t4,7,12,7,12,5,1.25,7e-05,1,1,T4,8.0,16.0,15
synthetic_02331,cluster_v100m16,40,42,40,42,2,0.5,0.00025,1,1,V100M16|V100M32,8.0,32.0,15
synthetic_02332,cluster_g3,73,74,73,74,1,0.25,0.00035,1,1,G3,11.3,48.0,15
synthetic_02333,cluster_t4,66,67,66,67,1,0.25,7e-05,1,1,T4,11.3,48.0,15
synthetic_02334,cluster_v100m32,55,58,55,58,3,0.75,0.00025,1,1,,11.4,47.0,15
synthetic_02335,cluster_t4,73,74,73,74,1,0.25,7e-05,1,1,T4,11.9,76.0,15
synthetic_02336,cluster_g3,74,75,74,75,1,0.25,0.00035,1,1,,3.152,5.46875,15
synthetic_02337,cluster_t4,17,20,17,20,3,0.75,7e-05,1,1,,15.7,57.0,15
synthetic_02338,cluster_g3,14,15,14,15,1,0.25,0.00035,1,1,,11.908,46.0,15
synthetic_02339,cluster_v100m16,76,79,76,79,3,0.75,0.00025,1,1,,9.81,40.5859375,15
synthetic_02340,cluster_t4,49,50,49,50,1,0.25,7e-05,1,1,T4,11.908,46.0,15
synthetic_02341,cluster_v100m16,70,75,70,75,5,1.25,0.00025,1,1,,12.0,24.0,15
synthetic_02342,cluster_v100m16,22,27,22,27,5,1.25,0.00025,1,1,,4.0,22.3515625,15
synthetic_02343,cluster_g2,32,33,32,33,1,0.25,0.00035,1,1,G2,18.708,63.0,15
synthetic_02344,cluster_g2,73,87,73,87,14,3.5,0.00035,1,1,,11.908,46.0,15
synthetic_02345,cluster_v100m32,32,33,32,33,1,0.25,0.00025,1,1,,12.0,16.0,15
synthetic_02346,cluster_g2,87,90,87,90,3,0.75,0.00035,1,1,G2,15.7,57.0,15
synthetic_02347,cluster_g2,28,30,28,30,2,0.5,0.00035,1,1,G2,11.3,48.0,15
synthetic_02348,cluster_t4,46,47,46,47,1,0.25,7e-05,1,1,T4,3.152,5.46875,15
synthetic_02349,cluster_t4,78,79,78,79,1,0.25,7e-05,1,1,,1.0,2.0,15
synthetic_02350,cluster_t4,30,31,30,31,1,0.25,7e-05,1,1,T4,9.81,40.5859375,15
synthetic_02351,cluster_g2,31,32,31,32,1,0.25,0.00035,1,1,,3.152,5.46875,15
synthetic_02352,cluster_t4,62,63,62,63,1,0.25,7e-05,1,1,,3.152,5.46875,15
synthetic_02353,cluster_g2,14,19,14,19,5,1.25,0.00035,1,1,G2,11.4,47.0,15
synthetic_02354,cluster_g2,23,24,23,24,1,0.25,0.00035,1,1,G2,11.4,47.0,15
synthetic_02355,cluster_t4,18,19,18,19,1,0.25,7e-05,1,1,T4,3.152,5.46875,15
synthetic_02356,cluster_p100,64,68,64,68,4,1.0,0.00025,1,1,,9.81,40.5859375,15
synthetic_02357,cluster_t4,45,46,45,46,1,0.25,7e-05,1,1,,3.152,5.46875,15
synthetic_02358,cluster_v100m32,5,6,5,6,1,0.25,0.00025,1,1,V100M16|V100M32,11.3,48.0,15
synthetic_02359,cluster_v100m16,58,59,58,59,1,0.25,0.00025,1,1,,11.908,46.0,15
synthetic_02360,cluster_g3,25,26,25,26,1,0.25,0.00035,1,1,,16.4,123.0,15
synthetic_02361,cluster_t4,79,80,79,80,1,0.25,7e-05,1,1,T4,11.3,48.0,15
synthetic_02362,cluster_g3,39,40,39,40,1,0.25,0.00035,1,1,,3.152,5.46875,15
synthetic_02363,cluster_g2,92,94,92,94,2,0.5,0.00035,1,1,,8.0,16.0,15
synthetic_02364,cluster_t4,78,83,78,83,5,1.25,7e-05,1,1,T4,4.0,24.0,15
synthetic_02365,cluster_t4,1,2,1,2,1,0.25,7e-05,1,1,A10|G2|P100|T4|V100M16|V100M32,3.152,5.46875,15
synthetic_02366,cluster_g2,73,74,73,74,1,0.25,0.00035,1,1,,15.7,57.0,15
synthetic_02367,cluster_g2,86,87,86,87,1,0.25,0.00035,1,1,G2,18.708,63.0,15
synthetic_02368,cluster_g2,68,69,68,69,1,0.25,0.00035,1,1,G2|P100|T4|V100M16|V100M32,3.152,5.46875,15
synthetic_02369,cluster_t4,6,9,6,9,3,0.75,7e-05,1,1,T4,24.2,91.0,15
synthetic_02370,cluster_v100m32,68,69,68,69,1,0.25,0.00025,1,1,,3.152,5.46875,15
synthetic_02371,cluster_g2,67,69,67,69,2,0.5,0.00035,1,1,,9.81,40.5859375,15
synthetic_02372,cluster_v100m16,31,32,31,32,1,0.25,0.00025,1,1,,18.708,63.0,15
synthetic_02373,cluster_g2,87,88,87,88,1,0.25,0.00035,1,1,,3.152,5.46875,15
synthetic_02374,cluster_v100m16,60,64,60,64,4,1.0,0.00025,1,1,,16.0,32.0,15
synthetic_02375,cluster_t4,25,26,25,26,1,0.25,7e-05,1,1,,12.0,24.0,15
synthetic_02376,cluster_p100,84,85,84,85,1,0.25,0.00025,1,1,P100,3.152,5.46875,15
synthetic_02377,cluster_g2,19,20,19,20,1,0.25,0.00035,1,1,,11.3,48.0,15
synthetic_02378,cluster_p100,28,29,28,29,1,0.25,0.00025,1,1,P100,11.908,46.0,15
synthetic_02379,cluster_t4,26,27,26,27,1,0.25,7e-05,1,1,T4,4.0,22.3515625,15
synthetic_02380,cluster_g3,1,2,1,2,1,0.25,0.00035,1,1,,3.152,5.46875,15
synthetic_02381,cluster_t4,84,85,84,85,1,0.25,7e-05,1,1,,11.3,48.0,15
synthetic_02382,cluster_t4,15,17,15,17,2,0.5,7e-05,1,1,T4,16.0,32.0,15
synthetic_02383,cluster_v100m16,57,59,57,59,2,0.5,0.00025,1,1,,3.152,5.46875,15
synthetic_02384,cluster_g2,86,88,86,88,2,0.5,0.00035,1,1,,11.908,46.0,15
synthetic_02385,cluster_t4,81,84,81,84,3,0.75,7e-05,1,1,T4,16.0,32.0,15
synthetic_02386,cluster_v100m32,33,41,33,41,8,2.0,0.001,4,4,V100M16|V100M32,32.2,129.0,15
synthetic_02387,cluster_p100,79,80,79,80,1,0.25,0.00025,1,1,P100,4.0,22.3515625,15
synthetic_02388,cluster_p100,14,16,14,16,2,0.5,0.00025,1,1,,8.2,33.0,15
synthetic_02389,cluster_g2,34,35,34,35,1,0.25,0.00035,1,1,G2,24.2,91.0,15
synthetic_02390,cluster_t4,75,76,75,76,1,0.25,7e-05,1,1,T4,3.152,5.46875,15
synthetic_02391,cluster_t4,57,58,57,58,1,0.25,7e-05,1,1,T4,8.0,16.0,15
synthetic_02392,cluster_v100m16,76,77,76,77,1,0.25,0.00025,1,1,,3.152,5.46875,15
synthetic_02393,cluster_g3,34,35,34,35,1,0.25,0.00035,1,1,,11.3,48.0,15
synthetic_02394,cluster_v100m32,41,42,41,42,1,0.25,0.00025,1,1,,11.3,48.0,15
synthetic_02395,cluster_v100m32,10,12,10,12,2,0.5,0.00025,1,1,,3.152,5.46875,15
synthetic_02396,cluster_g2,62,63,62,63,1,0.25,0.00035,1,1,,11.908,46.0,15
synthetic_02397,cluster_t4,0,1,0,1,1,0.25,7e-05,1,1,T4,11.3,48.0,15
synthetic_02398,cluster_v100m16,59,60,59,60,1,0.25,0.00025,1,1,,3.152,5.46875,15
synthetic_02399,cluster_g3,54,55,54,55,1,0.25,0.00035,1,1,G3,11.3,48.0,15
synthetic_02400,cluster_t4,94,95,94,95,1,0.25,7e-05,1,1,T4,4.0,29.8017578125,15
synthetic_02401,cluster_g2,0,1,0,1,1,0.25,0.00035,1,1,,11.3,48.0,15
synthetic_02402,cluster_p100,41,43,41,43,2,0.5,0.00025,1,1,,8.2,33.0,15
synthetic_02403,cluster_p100,22,23,22,23,1,0.25,0.00025,1,1,,8.0,29.8017578125,15
synthetic_02404,cluster_v100m32,13,15,13,15,2,0.5,0.00025,1,1,,12.0,15.0,15
synthetic_02405,cluster_p100,20,21,20,21,1,0.25,0.00025,1,1,P100,11.908,46.0,15
synthetic_02406,cluster_p100,89,90,89,90,1,0.25,0.00025,1,1,P100,3.152,5.46875,15
synthetic_02407,cluster_g3,70,72,70,72,2,0.5,0.00035,1,1,,8.2,33.0,15
synthetic_02408,cluster_a10,36,37,36,37,1,0.25,0.00015,1,1,,3.152,5.46875,15
synthetic_02409,cluster_v100m16,43,44,43,44,1,0.25,0.00025,1,1,,11.3,48.0,15
synthetic_02410,cluster_v100m32,38,39,38,39,1,0.25,0.00025,1,1,,3.152,5.46875,15
synthetic_02411,cluster_p100,57,60,57,60,3,0.75,0.00025,1,1,,8.0,29.8017578125,15
synthetic_02412,cluster_g3,60,71,60,71,11,2.75,0.00035,1,1,,3.152,5.46875,15
synthetic_02413,cluster_a10,78,79,78,79,1,0.25,0.00015,1,1,,11.3,48.0,15
synthetic_02414,cluster_a10,85,86,85,86,1,0.25,0.00015,1,1,,11.3,48.0,15
synthetic_02415,cluster_t4,83,84,83,84,1,0.25,7e-05,1,1,T4,11.3,48.0,15
synthetic_02416,cluster_p100,38,39,38,39,1,0.25,0.00025,1,1,,11.3,48.0,15
synthetic_02417,cluster_v100m32,7,8,7,8,1,0.25,0.00025,1,1,,18.708,63.0,15
synthetic_02418,cluster_g3,10,11,10,11,1,0.25,0.00035,1,1,,11.3,48.0,15
synthetic_02419,cluster_v100m32,43,44,43,44,1,0.25,0.00025,1,1,,3.152,5.46875,15
synthetic_02420,cluster_g2,45,46,45,46,1,0.25,0.00035,1,1,,11.4,47.0,15
synthetic_02421,cluster_g2,30,31,30,31,1,0.25,0.00035,1,1,,3.152,5.46875,15
synthetic_02422,cluster_v100m16,7,8,7,8,1,0.25,0.00025,1,1,,3.152,5.46875,15
synthetic_02423,cluster_v100m32,59,60,59,60,1,0.25,0.0005,2,2,V100M32,16.2,65.0,15
synthetic_02424,cluster_g3,37,38,37,38,1,0.25,0.00035,1,1,G3,11.3,48.0,15
synthetic_02425,cluster_g2,85,87,85,87,2,0.5,0.00035,1,1,G2,18.708,63.0,15
synthetic_02426,cluster_g3,56,57,56,57,1,0.25,0.00035,1,1,G3,11.3,48.0,15
synthetic_02427,cluster_t4,9,12,9,12,3,0.75,7e-05,1,1,,15.7,57.0,15
synthetic_02428,cluster_t4,7,8,7,8,1,0.25,7e-05,1,1,,3.152,5.46875,15
synthetic_02429,cluster_g3,83,84,83,84,1,0.25,0.00035,1,1,,11.908,46.0,15
synthetic_02430,cluster_g2,64,65,64,65,1,0.25,0.00035,1,1,G2,11.3,48.0,15
synthetic_02431,cluster_p100,73,74,73,74,1,0.25,0.00025,1,1,P100,11.908,46.0,15
synthetic_02432,cluster_g3,78,79,78,79,1,0.25,0.00035,1,1,,8.0,29.8017578125,15
synthetic_02433,cluster_g2,52,53,52,53,1,0.25,0.00035,1,1,G2,11.3,48.0,15
synthetic_02434,cluster_g2,22,23,22,23,1,0.25,0.0014,4,4,,32.2,129.0,15
synthetic_02435,cluster_t4,60,62,60,62,2,0.5,7e-05,1,1,,8.0,29.8017578125,15
synthetic_02436,cluster_g2,42,43,42,43,1,0.25,0.00035,1,1,,3.152,5.46875,15
synthetic_02437,cluster_g2,35,37,35,37,2,0.5,0.00035,1,1,G2,18.708,63.0,15
synthetic_02438,cluster_g3,13,15,13,15,2,0.5,0.00035,1,1,,16.4,123.0,15
synthetic_02439,cluster_v100m32,13,14,13,14,1,0.25,0.00025,1,1,,11.908,46.0,15
synthetic_02440,cluster_t4,83,85,83,85,2,0.5,7e-05,1,1,T4,11.908,46.0,15
synthetic_02441,cluster_v100m16,84,85,84,85,1,0.25,0.00025,1,1,,11.908,46.0,15
synthetic_02442,cluster_p100,60,61,60,61,1,0.25,0.00025,1,1,P100,6.0,29.8017578125,15
synthetic_02443,cluster_g2,86,92,86,92,6,1.5,0.00035,1,1,,8.0,16.0,15
synthetic_02444,cluster_g2,50,52,50,52,2,0.5,0.00035,1,1,,8.0,29.8017578125,15
synthetic_02445,cluster_t4,65,76,65,76,11,2.75,7e-05,1,1,T4,11.908,46.0,15
synthetic_02446,cluster_g3,84,85,84,85,1,0.25,0.00035,1,1,,3.152,5.46875,15
synthetic_02447,cluster_t4,67,69,67,69,2,0.5,7e-05,1,1,T4,4.0,22.3515625,15
synthetic_02448,cluster_t4,77,78,77,78,1,0.25,7e-05,1,1,T4,11.3,48.0,15
synthetic_02449,cluster_g2,88,89,88,89,1,0.25,0.00035,1,1,G2,11.4,47.0,15
synthetic_02450,cluster_v100m16,49,54,49,54,5,1.25,0.00025,1,1,,11.3,48.0,15
synthetic_02451,cluster_g2,66,68,66,68,2,0.5,0.00035,1,1,,18.708,63.0,15
synthetic_02452,cluster_t4,87,88,87,88,1,0.25,7e-05,1,1,T4,9.81,40.5859375,15
synthetic_02453,cluster_v100m32,18,19,18,19,1,0.25,0.00025,1,1,,9.81,40.5859375,15
synthetic_02454,cluster_p100,6,22,6,22,16,4.0,0.00025,1,1,P100,8.0,29.8017578125,15
synthetic_02455,cluster_t4,69,71,69,71,2,0.5,7e-05,1,1,,3.152,5.46875,15
synthetic_02456,cluster_p100,73,76,73,76,3,0.75,0.00025,1,1,P100,4.0,14.900390625,15
synthetic_02457,cluster_v100m16,44,45,44,45,1,0.25,0.00025,1,1,,11.3,48.0,15
synthetic_02458,cluster_t4,63,64,63,64,1,0.25,7e-05,1,1,T4,11.3,48.0,15
synthetic_02459,cluster_v100m16,60,62,60,62,2,0.5,0.00025,1,1,,3.152,5.46875,15
synthetic_02460,cluster_p100,64,65,64,65,1,0.25,0.00025,1,1,,3.152,5.46875,15
synthetic_02461,cluster_v100m32,88,89,88,89,1,0.25,0.00025,1,1,,11.908,46.0,15
synthetic_02462,cluster_g2,58,60,58,60,2,0.5,0.00035,1,1,,8.0,29.8017578125,15
synthetic_02463,cluster_v100m16,13,15,13,15,2,0.5,0.00025,1,1,,3.152,5.46875,15
synthetic_02464,cluster_v100m32,36,37,36,37,1,0.25,0.00025,1,1,,18.708,63.0,15
synthetic_02465,cluster_t4,33,34,33,34,1,0.25,7e-05,1,1,,3.152,5.46875,15
synthetic_02466,cluster_p100,91,92,91,92,1,0.25,0.00025,1,1,,11.3,48.0,15
synthetic_02467,cluster_v100m32,78,80,78,80,2,0.5,0.00025,1,1,,6.0,6.0,15
synthetic_02468,cluster_v100m16,2,3,2,3,1,0.25,0.00025,1,1,,3.152,5.46875,15
synthetic_02469,cluster_v100m32,36,39,36,39,3,0.75,0.00025,1,1,,15.7,57.0,15
synthetic_02470,cluster_t4,91,92,91,92,1,0.25,7e-05,1,1,,3.152,5.46875,15
synthetic_02471,cluster_v100m16,61,65,61,65,4,1.0,0.00025,1,1,,8.0,16.0,15
synthetic_02472,cluster_g3,84,85,84,85,1,0.25,0.00035,1,1,,12.0,15.0,15
synthetic_02473,cluster_v100m16,66,68,66,68,2,0.5,0.00025,1,1,V100M16|V100M32,11.3,48.0,15
synthetic_02474,cluster_g3,46,47,46,47,1,0.25,0.00035,1,1,G3,3.152,5.46875,15
synthetic_02475,cluster_p100,21,23,21,23,2,0.5,0.00025,1,1,,3.152,5.46875,15
synthetic_02476,cluster_g3,38,44,38,44,6,1.5,0.00035,1,1,,3.152,5.46875,15
synthetic_02477,cluster_t4,10,11,10,11,1,0.25,7e-05,1,1,T4,3.152,5.46875,15
synthetic_02478,cluster_v100m16,86,87,86,87,1,0.25,0.00025,1,1,,3.152,5.46875,15
synthetic_02479,cluster_t4,36,37,36,37,1,0.25,7e-05,1,1,,12.0,24.0,15
synthetic_02480,cluster_p100,20,21,20,21,1,0.25,0.00025,1,1,P100,3.152,5.46875,15
synthetic_02481,cluster_g2,7,8,7,8,1,0.25,0.00035,1,1,,3.152,5.46875,15
synthetic_02482,cluster_v100m16,46,47,46,47,1,0.25,0.00025,1,1,V100M16|V100M32,11.3,48.0,15
synthetic_02483,cluster_t4,0,1,0,1,1,0.25,7e-05,1,1,T4,4.0,22.3515625,15
synthetic_02484,cluster_g2,92,93,92,93,1,0.25,0.00035,1,1,,3.152,5.46875,15
synthetic_02485,cluster_t4,58,59,58,59,1,0.25,7e-05,1,1,T4,9.81,40.5859375,15
synthetic_02486,cluster_v100m32,36,37,36,37,1,0.25,0.00025,1,1,P100|V100M16|V100M32,3.152,5.46875,15
synthetic_02487,cluster_g2,30,35,30,35,5,1.25,0.00035,1,1,,4.0,22.3515625,15
synthetic_02488,cluster_p100,16,17,16,17,1,0.25,0.00025,1,1,P100,4.0,22.3515625,15
synthetic_02489,cluster_t4,18,29,18,29,11,2.75,7e-05,1,1,,12.0,15.0,15
synthetic_02490,cluster_v100m32,68,69,68,69,1,0.25,0.00025,1,1,,3.152,5.46875,15
synthetic_02491,cluster_v100m32,33,34,33,34,1,0.25,0.00025,1,1,,4.152,10.3515625,15
synthetic_02492,cluster_v100m32,74,79,74,79,5,1.25,0.00025,1,1,,11.4,47.0,15
synthetic_02493,cluster_p100,77,78,77,78,1,0.25,0.00025,1,1,P100,4.152,10.3515625,15
synthetic_02494,cluster_t4,78,79,78,79,1,0.25,7e-05,1,1,T4,4.0,22.3515625,15
synthetic_02495,cluster_v100m16,81,82,81,82,1,0.25,0.00025,1,1,,16.4,123.0,15
synthetic_02496,cluster_v100m16,78,86,78,86,8,2.0,0.00025,1,1,V100M16|V100M32,16.0,64.0,15
synthetic_02497,cluster_v100m32,63,64,63,64,1,0.25,0.00025,1,1,,15.2,79.0,15
synthetic_02498,cluster_v100m16,52,53,52,53,1,0.25,0.00025,1,1,,24.2,91.0,15
synthetic_02499,cluster_p100,29,30,29,30,1,0.25,0.00025,1,1,P100,3.152,5.46875,15
synthetic_02500,cluster_g3,5,6,5,6,1,0.25,0.00035,1,1,,11.3,48.0,15
synthetic_02501,cluster_g3,20,21,20,21,1,0.25,0.00035,1,1,G3,9.81,40.5859375,15
synthetic_02502,cluster_v100m32,11,12,11,12,1,0.25,0.00025,1,1,,3.152,5.46875,15
synthetic_02503,cluster_g3,5,10,5,10,5,1.25,0.00035,1,1,,15.7,57.0,15
synthetic_02504,cluster_t4,52,53,52,53,1,0.25,7e-05,1,1,T4,3.152,5.46875,15
synthetic_02505,cluster_t4,84,85,84,85,1,0.25,7e-05,1,1,,6.0,6.0,15
synthetic_02506,cluster_v100m16,60,62,60,62,2,0.5,0.00025,1,1,,3.152,5.46875,15
synthetic_02507,cluster_g3,67,68,67,68,1,0.25,0.00035,1,1,,3.152,5.46875,15
synthetic_02508,cluster_v100m32,83,86,83,86,3,0.75,0.00025,1,1,A10|G2|T4|V100M16|V100M32,8.2,33.0,15
synthetic_02509,cluster_g3,79,82,79,82,3,0.75,0.00035,1,1,,9.81,40.5859375,15
synthetic_02510,cluster_g2,13,23,13,23,10,2.5,0.00035,1,1,,3.152,5.46875,15
synthetic_02511,cluster_t4,95,96,95,96,1,0.25,7e-05,1,1,T4,8.0,16.0,15
synthetic_02512,cluster_p100,67,68,67,68,1,0.25,0.00025,1,1,P100,4.0,22.3515625,15
synthetic_02513,cluster_t4,60,62,60,62,2,0.5,7e-05,1,1,A10|G2|T4|V100M16|V100M32,11.3,48.0,15
synthetic_02514,cluster_g3,40,41,40,41,1,0.25,0.00035,1,1,,11.3,48.0,15
synthetic_02515,cluster_g2,62,74,62,74,12,3.0,0.00035,1,1,,8.0,29.8017578125,15
synthetic_02516,cluster_v100m32,71,76,71,76,5,1.25,0.00025,1,1,,18.708,63.0,15
synthetic_02517,cluster_g3,57,58,57,58,1,0.25,0.00035,1,1,,4.152,10.3515625,15
synthetic_02518,cluster_v100m16,57,59,57,59,2,0.5,0.00025,1,1,,3.152,5.46875,15
synthetic_02519,cluster_g2,53,55,53,55,2,0.5,0.00035,1,1,,16.0,32.0,15
synthetic_02520,cluster_t4,66,67,66,67,1,0.25,7e-05,1,1,A10|T4,3.152,5.46875,15
synthetic_02521,cluster_p100,4,5,4,5,1,0.25,0.00025,1,1,,11.908,46.0,15
synthetic_02522,cluster_v100m16,43,44,43,44,1,0.25,0.00025,1,1,,3.152,5.46875,15
synthetic_02523,cluster_g2,7,13,7,13,6,1.5,0.00035,1,1,G2,15.2,79.0,15
synthetic_02524,cluster_t4,35,38,35,38,3,0.75,7e-05,1,1,T4,15.7,57.0,15
synthetic_02525,cluster_v100m32,15,18,15,18,3,0.75,0.00025,1,1,P100|V100M16|V100M32,11.4,47.0,15
synthetic_02526,cluster_g2,69,70,69,70,1,0.25,0.00035,1,1,G2,11.4,47.0,15
synthetic_02527,cluster_t4,32,34,32,34,2,0.5,0.00014,2,2,T4|V100M16|V100M32,16.2,65.0,15
synthetic_02528,cluster_g3,7,9,7,9,2,0.5,0.00035,1,1,,4.152,10.3515625,15
synthetic_02529,cluster_v100m16,30,33,30,33,3,0.75,0.00025,1,1,,11.908,46.0,15
synthetic_02530,cluster_g2,71,72,71,72,1,0.25,0.00035,1,1,G2,11.4,76.0,15
synthetic_02531,cluster_v100m32,3,6,3,6,3,0.75,0.00025,1,1,,18.708,63.0,15
synthetic_02532,cluster_p100,65,73,65,73,8,2.0,0.00025,1,1,,3.152,5.46875,15
synthetic_02533,cluster_p100,89,90,89,90,1,0.25,0.00025,1,1,,3.152,5.46875,15
synthetic_02534,cluster_v100m16,22,26,22,26,4,1.0,0.00025,1,1,,11.9,76.0,15
synthetic_02535,cluster_g3,41,43,41,43,2,0.5,0.00035,1,1,,11.3,48.0,15
synthetic_02536,cluster_g2,41,42,41,42,1,0.25,0.00035,1,1,,12.0,24.0,15
synthetic_02537,cluster_t4,1,3,1,3,2,0.5,7e-05,1,1,T4,11.908,46.0,15
synthetic_02538,cluster_v100m32,35,36,35,36,1,0.25,0.00025,1,1,,11.3,48.0,15
synthetic_02539,cluster_v100m16,42,43,42,43,1,0.25,0.00025,1,1,,8.0,29.8017578125,15
synthetic_02540,cluster_v100m16,37,38,37,38,1,0.25,0.00025,1,1,,18.708,63.0,15
synthetic_02541,cluster_t4,73,74,73,74,1,0.25,7e-05,1,1,T4,8.0,29.8017578125,15
synthetic_02542,cluster_t4,28,29,28,29,1,0.25,7e-05,1,1,T4,3.152,5.46875,15
synthetic_02543,cluster_p100,83,89,83,89,6,1.5,0.00025,1,1,,12.0,16.0,15
synthetic_02544,cluster_t4,33,34,33,34,1,0.25,7e-05,1,1,,11.908,46.0,15
synthetic_02545,cluster_v100m32,16,17,16,17,1,0.25,0.00025,1,1,,11.908,46.0,15
synthetic_02546,cluster_t4,51,52,51,52,1,0.25,7e-05,1,1,T4,11.3,48.0,15
synthetic_02547,cluster_v100m32,63,64,63,64,1,0.25,0.00025,1,1,,3.152,5.46875,15
synthetic_02548,cluster_p100,3,4,3,4,1,0.25,0.00025,1,1,,12.0,16.0,15
synthetic_02549,cluster_g3,18,19,18,19,1,0.25,0.00035,1,1,,12.0,24.0,15
synthetic_02550,cluster_g2,33,41,33,41,8,2.0,0.00035,1,1,G2,2.0,16.0,15
synthetic_02551,cluster_p100,3,9,3,9,6,1.5,0.00025,1,1,P100,4.0,22.3515625,15
synthetic_02552,cluster_v100m32,38,45,38,45,7,1.75,0.00025,1,1,,24.2,91.0,15
synthetic_02553,cluster_g3,6,7,6,7,1,0.25,0.00035,1,1,,24.2,91.0,15
synthetic_02554,cluster_t4,27,28,27,28,1,0.25,7e-05,1,1,,11.4,47.0,15
synthetic_02555,cluster_p100,92,93,92,93,1,0.25,0.00025,1,1,P100,8.0,29.8017578125,15
synthetic_02556,cluster_v100m16,20,21,20,21,1,0.25,0.00025,1,1,,3.152,5.46875,15
synthetic_02557,cluster_p100,75,76,75,76,1,0.25,0.00025,1,1,,3.152,5.46875,15
synthetic_02558,cluster_v100m32,14,15,14,15,1,0.25,0.00025,1,1,,3.152,5.46875,15
synthetic_02559,cluster_t4,22,23,22,23,1,0.25,7e-05,1,1,T4,11.4,47.0,15
synthetic_02560,cluster_t4,80,83,80,83,3,0.75,7e-05,1,1,A10|G2|T4|V100M16|V100M32,11.4,76.0,15
synthetic_02561,cluster_t4,72,73,72,73,1,0.25,7e-05,1,1,T4,3.152,5.46875,15
synthetic_02562,cluster_v100m32,29,30,29,30,1,0.25,0.00025,1,1,,4.152,10.3515625,15
synthetic_02563,cluster_g2,69,70,69,70,1,0.25,0.00035,1,1,,9.81,40.5859375,15
synthetic_02564,cluster_p100,81,82,81,82,1,0.25,0.00025,1,1,P100,11.908,46.0,15
synthetic_02565,cluster_t4,85,87,85,87,2,0.5,0.00014,2,2,T4|V100M16|V100M32,16.2,65.0,15
synthetic_02566,cluster_v100m32,32,33,32,33,1,0.25,0.00025,1,1,,3.152,5.46875,15
synthetic_02567,cluster_p100,70,71,70,71,1,0.25,0.00025,1,1,,3.152,5.46875,15
synthetic_02568,cluster_g2,56,57,56,57,1,0.25,0.00035,1,1,,3.152,5.46875,15
synthetic_02569,cluster_v100m32,77,78,77,78,1,0.25,0.00025,1,1,P100|V100M16|V100M32,11.3,48.0,15
synthetic_02570,cluster_g2,22,33,22,33,11,2.75,0.00035,1,1,G2,11.4,47.0,15
synthetic_02571,cluster_t4,71,72,71,72,1,0.25,7e-05,1,1,T4,11.3,48.0,15
synthetic_02572,cluster_g3,5,6,5,6,1,0.25,0.00035,1,1,,11.3,48.0,15
synthetic_02573,cluster_g2,54,57,54,57,3,0.75,0.00035,1,1,,3.152,5.46875,15
synthetic_02574,cluster_g3,8,9,8,9,1,0.25,0.00035,1,1,,3.152,5.46875,15
synthetic_02575,cluster_p100,80,81,80,81,1,0.25,0.00025,1,1,,11.3,48.0,15
synthetic_02576,cluster_v100m16,51,53,51,53,2,0.5,0.00025,1,1,,14.2,57.0,15
synthetic_02577,cluster_p100,10,16,10,16,6,1.5,0.00025,1,1,G2|P100|T4|V100M16|V100M32,16.4,123.0,15
synthetic_02578,cluster_g3,90,93,90,93,3,0.75,0.00035,1,1,,11.908,46.0,15
synthetic_02579,cluster_g3,5,7,5,7,2,0.5,0.00035,1,1,,11.908,46.0,15
synthetic_02580,cluster_v100m16,24,25,24,25,1,0.25,0.00025,1,1,,3.152,5.46875,15
synthetic_02581,cluster_p100,34,35,34,35,1,0.25,0.00025,1,1,P100,8.0,29.8017578125,15
synthetic_02582,cluster_p100,48,49,48,49,1,0.25,0.00025,1,1,P100,3.152,5.46875,15
synthetic_02583,cluster_p100,74,88,74,88,14,3.5,0.00025,1,1,,4.0,29.8017578125,15
synthetic_02584,cluster_t4,39,41,39,41,2,0.5,7e-05,1,1,T4,8.0,32.0,15
synthetic_02585,cluster_g3,72,73,72,73,1,0.25,0.00035,1,1,,11.4,47.0,15
synthetic_02586,cluster_g3,27,28,27,28,1,0.25,0.00035,1,1,,11.908,46.0,15
synthetic_02587,cluster_p100,28,33,28,33,5,1.25,0.00025,1,1,P100,11.908,46.0,15
synthetic_02588,cluster_a10,38,39,38,39,1,0.25,0.00015,1,1,,3.152,5.46875,15
synthetic_02589,cluster_g2,57,58,57,58,1,0.25,0.00035,1,1,G2,11.3,48.0,15
synthetic_02590,cluster_v100m16,0,3,0,3,3,0.75,0.00025,1,1,,16.0,64.0,15
synthetic_02591,cluster_t4,17,20,17,20,3,0.75,7e-05,1,1,,8.0,29.8017578125,15
synthetic_02592,cluster_v100m16,27,28,27,28,1,0.25,0.00025,1,1,,4.152,10.3515625,15
synthetic_02593,cluster_v100m32,83,86,83,86,3,0.75,0.00025,1,1,V100M16|V100M32,12.0,15.0,15
synthetic_02594,cluster_p100,64,69,64,69,5,1.25,0.00025,1,1,,4.0,14.900390625,15
synthetic_02595,cluster_t4,45,47,45,47,2,0.5,7e-05,1,1,T4,3.152,5.46875,15
synthetic_02596,cluster_g3,66,67,66,67,1,0.25,0.00035,1,1,,11.908,46.0,15
synthetic_02597,cluster_p100,41,42,41,42,1,0.25,0.00025,1,1,,3.152,5.46875,15
synthetic_02598,cluster_t4,46,47,46,47,1,0.25,7e-05,1,1,T4,12.0,16.0,15
synthetic_02599,cluster_p100,68,69,68,69,1,0.25,0.00025,1,1,,3.152,5.46875,15
synthetic_02600,cluster_g2,40,42,40,42,2,0.5,0.00035,1,1,G2,11.4,47.0,15
synthetic_02601,cluster_v100m16,88,89,88,89,1,0.25,0.00025,1,1,V100M16|V100M32,18.708,63.0,15
synthetic_02602,cluster_p100,76,78,76,78,2,0.5,0.00025,1,1,,4.0,24.0,15
synthetic_02603,cluster_g2,74,85,74,85,11,2.75,0.00035,1,1,G2,14.9,72.0,15
synthetic_02604,cluster_v100m16,89,94,89,94,5,1.25,0.00025,1,1,,4.0,29.8017578125,15
synthetic_02605,cluster_p100,84,89,84,89,5,1.25,0.00025,1,1,,12.0,24.0,15
synthetic_02606,cluster_t4,77,80,77,80,3,0.75,7e-05,1,1,,9.81,40.5859375,15
synthetic_02607,cluster_t4,89,90,89,90,1,0.25,7e-05,1,1,T4,11.3,48.0,15
synthetic_02608,cluster_v100m32,32,33,32,33,1,0.25,0.00025,1,1,,11.4,47.0,15
synthetic_02609,cluster_v100m32,9,13,9,13,4,1.0,0.00025,1,1,,11.4,47.0,15
synthetic_02610,cluster_g2,18,21,18,21,3,0.75,0.00035,1,1,,15.7,57.0,15
synthetic_02611,cluster_t4,84,85,84,85,1,0.25,7e-05,1,1,T4,3.152,5.46875,15
synthetic_02612,cluster_g2,20,21,20,21,1,0.25,0.00035,1,1,G2,11.3,48.0,15
synthetic_02613,cluster_t4,1,9,1,9,8,2.0,7e-05,1,1,T4,8.0,16.0,15
synthetic_02614,cluster_v100m32,92,93,92,93,1,0.25,0.00025,1,1,,3.152,5.46875,15
synthetic_02615,cluster_v100m32,65,66,65,66,1,0.25,0.00025,1,1,,3.152,5.46875,15
synthetic_02616,cluster_p100,46,47,46,47,1,0.25,0.00025,1,1,,3.152,5.46875,15
synthetic_02617,cluster_t4,56,57,56,57,1,0.25,7e-05,1,1,,3.152,5.46875,15
synthetic_02618,cluster_g2,49,50,49,50,1,0.25,0.00035,1,1,,11.3,48.0,15
synthetic_02619,cluster_p100,57,58,57,58,1,0.25,0.00025,1,1,,3.152,5.46875,15
synthetic_02620,cluster_g2,6,7,6,7,1,0.25,0.00035,1,1,,3.152,5.46875,15
synthetic_02621,cluster_t4,89,90,89,90,1,0.25,7e-05,1,1,T4,11.908,46.0,15
synthetic_02622,cluster_g2,53,55,53,55,2,0.5,0.00035,1,1,,3.152,5.46875,15
synthetic_02623,cluster_v100m16,24,25,24,25,1,0.25,0.00025,1,1,,4.0,24.0,15
synthetic_02624,cluster_p100,28,32,28,32,4,1.0,0.00025,1,1,,4.0,29.8017578125,15
synthetic_02625,cluster_t4,21,22,21,22,1,0.25,7e-05,1,1,T4,11.908,46.0,15
synthetic_02626,cluster_v100m32,31,32,31,32,1,0.25,0.00025,1,1,,9.81,40.5859375,15
synthetic_02627,cluster_v100m32,51,52,51,52,1,0.25,0.00025,1,1,,3.152,5.46875,15
synthetic_02628,cluster_v100m32,41,42,41,42,1,0.25,0.00025,1,1,,4.0,22.3515625,15
synthetic_02629,cluster_t4,2,3,2,3,1,0.25,7e-05,1,1,T4,11.4,47.0,15
synthetic_02630,cluster_v100m16,16,18,16,18,2,0.5,0.00025,1,1,G2|P100|T4|V100M16|V100M32,11.4,47.0,15
synthetic_02631,cluster_v100m32,76,77,76,77,1,0.25,0.00025,1,1,,3.152,5.46875,15
synthetic_02632,cluster_v100m32,4,7,4,7,3,0.75,0.00025,1,1,,8.2,33.0,15
synthetic_02633,cluster_t4,46,49,46,49,3,0.75,7e-05,1,1,T4,6.0,18.0,15
synthetic_02634,cluster_g2,51,52,51,52,1,0.25,0.00035,1,1,,3.152,5.46875,15
synthetic_02635,cluster_v100m32,43,46,43,46,3,0.75,0.00025,1,1,,9.81,40.5859375,15
synthetic_02636,cluster_t4,75,86,75,86,11,2.75,7e-05,1,1,,4.0,14.900390625,15
synthetic_02637,cluster_g2,18,19,18,19,1,0.25,0.00035,1,1,,11.3,48.0,15
synthetic_02638,cluster_v100m16,33,37,33,37,4,1.0,0.00025,1,1,,8.0,16.0,15
synthetic_02639,cluster_g2,36,37,36,37,1,0.25,0.00035,1,1,G2,3.152,5.46875,15
synthetic_02640,cluster_t4,76,77,76,77,1,0.25,7e-05,1,1,T4,9.81,40.5859375,15
synthetic_02641,cluster_g2,17,18,17,18,1,0.25,0.00035,1,1,,3.152,5.46875,15
synthetic_02642,cluster_p100,59,66,59,66,7,1.75,0.00025,1,1,,11.908,46.0,15
synthetic_02643,cluster_p100,86,87,86,87,1,0.25,0.00025,1,1,,24.2,91.0,15
synthetic_02644,cluster_t4,20,21,20,21,1,0.25,7e-05,1,1,T4,18.708,63.0,15
synthetic_02645,cluster_g2,46,54,46,54,8,2.0,0.00035,1,1,,11.4,47.0,15
synthetic_02646,cluster_p100,27,28,27,28,1,0.25,0.00025,1,1,,3.152,5.46875,15
synthetic_02647,cluster_t4,46,50,46,50,4,1.0,7e-05,1,1,T4,4.0,22.3515625,15
synthetic_02648,cluster_t4,74,75,74,75,1,0.25,7e-05,1,1,,11.3,48.0,15
synthetic_02649,cluster_v100m32,72,80,72,80,8,2.0,0.00025,1,1,,4.152,10.3515625,15
synthetic_02650,cluster_t4,30,31,30,31,1,0.25,7e-05,1,1,,3.152,5.46875,15
synthetic_02651,cluster_t4,24,25,24,25,1,0.25,7e-05,1,1,T4,3.152,5.46875,15
synthetic_02652,cluster_v100m16,54,62,54,62,8,2.0,0.00025,1,1,,11.4,47.0,15
synthetic_02653,cluster_g3,81,84,81,84,3,0.75,0.00035,1,1,,11.9,76.0,15
synthetic_02654,cluster_g3,61,62,61,62,1,0.25,0.00035,1,1,,11.3,48.0,15
synthetic_02655,cluster_p100,67,68,67,68,1,0.25,0.00025,1,1,,3.152,5.46875,15
synthetic_02656,cluster_t4,27,28,27,28,1,0.25,7e-05,1,1,T4,9.81,40.5859375,15
synthetic_02657,cluster_g2,27,28,27,28,1,0.25,0.00035,1,1,,11.3,48.0,15
synthetic_02658,cluster_g3,69,70,69,70,1,0.25,0.00035,1,1,,18.708,63.0,15
synthetic_02659,cluster_t4,76,88,76,88,12,3.0,7e-05,1,1,,2.0,16.0,15
synthetic_02660,cluster_a10,10,11,10,11,1,0.25,0.00015,1,1,,3.152,5.46875,15
synthetic_02661,cluster_t4,32,33,32,33,1,0.25,7e-05,1,1,T4,24.2,91.0,15
synthetic_02662,cluster_t4,9,14,9,14,5,1.25,7e-05,1,1,,11.908,46.0,15
synthetic_02663,cluster_t4,66,67,66,67,1,0.25,7e-05,1,1,,3.152,5.46875,15
synthetic_02664,cluster_v100m16,2,3,2,3,1,0.25,0.00025,1,1,,3.152,5.46875,15
synthetic_02665,cluster_p100,15,26,15,26,11,2.75,0.00025,1,1,,4.0,22.3515625,15
synthetic_02666,cluster_p100,45,46,45,46,1,0.25,0.00025,1,1,P100,8.0,29.8017578125,15
synthetic_02667,cluster_t4,45,46,45,46,1,0.25,7e-05,1,1,,11.3,48.0,15
synthetic_02668,cluster_v100m32,51,52,51,52,1,0.25,0.00025,1,1,,3.152,5.46875,15
synthetic_02669,cluster_p100,93,94,93,94,1,0.25,0.00025,1,1,,11.3,48.0,15
synthetic_02670,cluster_g2,56,57,56,57,1,0.25,0.00035,1,1,,3.152,5.46875,15
synthetic_02671,cluster_t4,85,86,85,86,1,0.25,7e-05,1,1,,3.152,5.46875,15
synthetic_02672,cluster_v100m16,42,43,42,43,1,0.25,0.00025,1,1,,11.4,47.0,15
synthetic_02673,cluster_v100m32,22,23,22,23,1,0.25,0.00025,1,1,,11.3,48.0,15
synthetic_02674,cluster_t4,3,4,3,4,1,0.25,7e-05,1,1,,3.152,5.46875,15
synthetic_02675,cluster_p100,79,80,79,80,1,0.25,0.00025,1,1,P100|V100M16|V100M32,3.152,5.46875,15
synthetic_02676,cluster_v100m32,57,62,57,62,5,1.25,0.00025,1,1,,11.4,47.0,15
synthetic_02677,cluster_v100m16,42,44,42,44,2,0.5,0.00025,1,1,,11.3,48.0,15
synthetic_02678,cluster_v100m16,11,12,11,12,1,0.25,0.00025,1,1,,3.152,5.46875,15
synthetic_02679,cluster_v100m32,3,4,3,4,1,0.25,0.00025,1,1,,4.152,10.3515625,15
synthetic_02680,cluster_t4,58,59,58,59,1,0.25,7e-05,1,1,T4,11.3,48.0,15
synthetic_02681,cluster_p100,51,52,51,52,1,0.25,0.00025,1,1,,9.81,40.5859375,15
synthetic_02682,cluster_v100m32,75,76,75,76,1,0.25,0.00025,1,1,,4.0,22.3515625,15
synthetic_02683,cluster_g2,32,34,32,34,2,0.5,0.00035,1,1,,11.4,47.0,15
synthetic_02684,cluster_v100m16,92,93,92,93,1,0.25,0.00025,1,1,,16.4,123.0,15
synthetic_02685,cluster_t4,4,5,4,5,1,0.25,7e-05,1,1,T4,11.4,47.0,15
synthetic_02686,cluster_g2,71,72,71,72,1,0.25,0.00035,1,1,,3.152,5.46875,15
synthetic_02687,cluster_v100m32,86,88,86,88,2,0.5,0.00025,1,1,,11.4,47.0,15
synthetic_02688,cluster_v100m32,77,78,77,78,1,0.25,0.00025,1,1,,9.81,40.5859375,15
synthetic_02689,cluster_g3,44,45,44,45,1,0.25,0.00035,1,1,,3.152,5.46875,15
synthetic_02690,cluster_g2,30,31,30,31,1,0.25,0.00035,1,1,G2,4.0,24.0,15
synthetic_02691,cluster_v100m32,52,54,52,54,2,0.5,0.00025,1,1,,11.4,47.0,15
synthetic_02692,cluster_v100m32,21,24,21,24,3,0.75,0.00025,1,1,,11.9,76.0,15
synthetic_02693,cluster_v100m32,70,71,70,71,1,0.25,0.00025,1,1,,11.3,48.0,15
synthetic_02694,cluster_v100m16,34,36,34,36,2,0.5,0.00025,1,1,,11.4,47.0,15
synthetic_02695,cluster_t4,87,88,87,88,1,0.25,7e-05,1,1,,11.4,47.0,15
synthetic_02696,cluster_p100,6,9,6,9,3,0.75,0.00025,1,1,,15.7,57.0,15
synthetic_02697,cluster_v100m32,16,18,16,18,2,0.5,0.00025,1,1,,11.4,47.0,15
synthetic_02698,cluster_t4,8,10,8,10,2,0.5,7e-05,1,1,,8.0,16.0,15
synthetic_02699,cluster_g2,85,88,85,88,3,0.75,0.00035,1,1,G2,18.708,63.0,15
synthetic_02700,cluster_g2,33,35,33,35,2,0.5,0.00035,1,1,G2,11.4,47.0,15
synthetic_02701,cluster_t4,34,35,34,35,1,0.25,7e-05,1,1,T4,4.0,22.3515625,15
synthetic_02702,cluster_g2,38,39,38,39,1,0.25,0.00035,1,1,G2,11.3,48.0,15
synthetic_02703,cluster_g3,63,64,63,64,1,0.25,0.00035,1,1,,18.708,63.0,15
synthetic_02704,cluster_g3,92,93,92,93,1,0.25,0.00035,1,1,,11.908,46.0,15
synthetic_02705,cluster_g2,60,61,60,61,1,0.25,0.00035,1,1,,8.0,29.8017578125,15
synthetic_02706,cluster_a10,64,65,64,65,1,0.25,0.00015,1,1,,4.0,22.3515625,15
synthetic_02707,cluster_v100m16,46,49,46,49,3,0.75,0.00025,1,1,,8.0,15.625,15
synthetic_02708,cluster_t4,21,35,21,35,14,3.5,7e-05,1,1,T4,16.0,32.0,15
synthetic_02709,cluster_g2,14,15,14,15,1,0.25,0.0014,4,4,,32.2,129.0,15
synthetic_02710,cluster_p100,44,45,44,45,1,0.25,0.00025,1,1,,3.152,5.46875,15
synthetic_02711,cluster_g3,35,36,35,36,1,0.25,0.00035,1,1,,11.3,48.0,15
synthetic_02712,cluster_v100m16,8,10,8,10,2,0.5,0.00025,1,1,P100|V100M16,11.3,48.0,15
synthetic_02713,cluster_t4,64,65,64,65,1,0.25,7e-05,1,1,T4,3.152,5.46875,15
synthetic_02714,cluster_g2,57,58,57,58,1,0.25,0.00035,1,1,,3.152,5.46875,15
synthetic_02715,cluster_t4,52,53,52,53,1,0.25,7e-05,1,1,T4,9.81,40.5859375,15
synthetic_02716,cluster_v100m16,81,89,81,89,8,2.0,0.00025,1,1,,16.0,64.0,15
synthetic_02717,cluster_g3,19,20,19,20,1,0.25,0.00035,1,1,G3,11.3,48.0,15
synthetic_02718,cluster_v100m32,14,25,14,25,11,2.75,0.00025,1,1,,14.2,57.0,15
synthetic_02719,cluster_v100m16,25,26,25,26,1,0.25,0.00025,1,1,,3.152,5.46875,15
synthetic_02720,cluster_v100m16,2,4,2,4,2,0.5,0.00025,1,1,,11.3,48.0,15
synthetic_02721,cluster_v100m32,83,84,83,84,1,0.25,0.00025,1,1,,11.4,47.0,15
synthetic_02722,cluster_t4,49,53,49,53,4,1.0,7e-05,1,1,,3.152,5.46875,15
synthetic_02723,cluster_v100m16,78,80,78,80,2,0.5,0.00025,1,1,,11.908,46.0,15
synthetic_02724,cluster_v100m32,23,28,23,28,5,1.25,0.00025,1,1,,4.0,24.0,15
synthetic_02725,cluster_g3,52,53,52,53,1,0.25,0.00035,1,1,,3.152,5.46875,15
synthetic_02726,cluster_t4,41,46,41,46,5,1.25,7e-05,1,1,,16.0,32.0,15
synthetic_02727,cluster_v100m16,79,80,79,80,1,0.25,0.00025,1,1,,11.3,48.0,15
synthetic_02728,cluster_t4,8,9,8,9,1,0.25,7e-05,1,1,T4,8.0,29.8017578125,15
synthetic_02729,cluster_v100m16,51,52,51,52,1,0.25,0.00025,1,1,,3.152,5.46875,15
synthetic_02730,cluster_g2,45,46,45,46,1,0.25,0.00035,1,1,,3.152,5.46875,15
synthetic_02731,cluster_t4,29,30,29,30,1,0.25,7e-05,1,1,,11.4,47.0,15
synthetic_02732,cluster_t4,62,63,62,63,1,0.25,7e-05,1,1,T4,3.152,5.46875,15
synthetic_02733,cluster_g3,69,72,69,72,3,0.75,0.00035,1,1,,14.2,57.0,15
synthetic_02734,cluster_v100m32,70,71,70,71,1,0.25,0.00025,1,1,,11.4,47.0,15
synthetic_02735,cluster_v100m16,24,25,24,25,1,0.25,0.00025,1,1,,3.152,5.46875,15
synthetic_02736,cluster_g3,76,78,76,78,2,0.5,0.00035,1,1,,11.3,48.0,15
synthetic_02737,cluster_v100m16,18,19,18,19,1,0.25,0.00025,1,1,,3.152,5.46875,15
synthetic_02738,cluster_p100,84,86,84,86,2,0.5,0.00025,1,1,,16.0,32.0,15
synthetic_02739,cluster_p100,71,73,71,73,2,0.5,0.00025,1,1,,12.0,16.0,15
synthetic_02740,cluster_v100m16,12,13,12,13,1,0.25,0.00025,1,1,,9.81,40.5859375,15
synthetic_02741,cluster_p100,40,44,40,44,4,1.0,0.00025,1,1,,11.9,76.0,15
synthetic_02742,cluster_v100m32,18,19,18,19,1,0.25,0.00025,1,1,A10|G2|P100|T4|V100M16|V100M32,3.152,5.46875,15
synthetic_02743,cluster_v100m16,88,92,88,92,4,1.0,0.00025,1,1,,11.4,47.0,15
synthetic_02744,cluster_v100m16,92,93,92,93,1,0.25,0.00025,1,1,,3.152,5.46875,15
synthetic_02745,cluster_p100,19,20,19,20,1,0.25,0.00025,1,1,,11.4,47.0,15
synthetic_02746,cluster_g2,26,27,26,27,1,0.25,0.00035,1,1,,11.3,48.0,15
synthetic_02747,cluster_p100,59,60,59,60,1,0.25,0.00025,1,1,,3.152,5.46875,15
synthetic_02748,cluster_g3,62,64,62,64,2,0.5,0.00035,1,1,,11.4,47.0,15
synthetic_02749,cluster_g3,29,30,29,30,1,0.25,0.00035,1,1,,8.0,29.8017578125,15
synthetic_02750,cluster_g2,78,80,78,80,2,0.5,0.00035,1,1,,4.152,10.3515625,15
synthetic_02751,cluster_g3,35,36,35,36,1,0.25,0.00035,1,1,,11.3,48.0,15
synthetic_02752,cluster_p100,43,44,43,44,1,0.25,0.00025,1,1,P100,3.152,5.46875,15
synthetic_02753,cluster_g3,43,47,43,47,4,1.0,0.00035,1,1,,3.152,5.46875,15
synthetic_02754,cluster_t4,22,23,22,23,1,0.25,7e-05,1,1,T4,3.152,5.46875,15
synthetic_02755,cluster_v100m16,19,20,19,20,1,0.25,0.00025,1,1,,11.3,48.0,15
synthetic_02756,cluster_t4,1,5,1,5,4,1.0,7e-05,1,1,T4,4.0,22.3515625,15
synthetic_02757,cluster_t4,81,82,81,82,1,0.25,7e-05,1,1,T4,11.4,47.0,15
synthetic_02758,cluster_g2,46,62,46,62,16,4.0,0.00035,1,1,,12.0,15.0,15
synthetic_02759,cluster_g2,60,61,60,61,1,0.25,0.00035,1,1,,8.0,29.8017578125,15
synthetic_02760,cluster_t4,12,13,12,13,1,0.25,7e-05,1,1,T4,11.3,48.0,15
synthetic_02761,cluster_p100,6,7,6,7,1,0.25,0.00025,1,1,,18.708,63.0,15
synthetic_02762,cluster_g2,91,93,91,93,2,0.5,0.00035,1,1,,18.708,63.0,15
synthetic_02763,cluster_t4,73,74,73,74,1,0.25,7e-05,1,1,T4,3.152,5.46875,15
synthetic_02764,cluster_g3,22,23,22,23,1,0.25,0.00035,1,1,,3.152,5.46875,15
synthetic_02765,cluster_g2,25,36,25,36,11,2.75,0.00035,1,1,,14.2,57.0,15
synthetic_02766,cluster_v100m16,59,60,59,60,1,0.25,0.00025,1,1,,11.3,48.0,15
synthetic_02767,cluster_t4,69,70,69,70,1,0.25,7e-05,1,1,T4,12.0,16.0,15
synthetic_02768,cluster_t4,71,72,71,72,1,0.25,7e-05,1,1,,3.152,5.46875,15
synthetic_02769,cluster_t4,73,79,73,79,6,1.5,7e-05,1,1,,4.0,22.3515625,15
synthetic_02770,cluster_v100m16,85,87,85,87,2,0.5,0.00025,1,1,,3.152,5.46875,15
synthetic_02771,cluster_g2,80,81,80,81,1,0.25,0.0028,8,8,G2,120.0,720.0,15
synthetic_02772,cluster_t4,35,36,35,36,1,0.25,7e-05,1,1,T4,3.152,5.46875,15
synthetic_02773,cluster_v100m16,71,72,71,72,1,0.25,0.00025,1,1,P100|V100M16|V100M32,3.152,5.46875,15
synthetic_02774,cluster_v100m16,1,2,1,2,1,0.25,0.00025,1,1,,11.908,46.0,15
synthetic_02775,cluster_t4,76,77,76,77,1,0.25,7e-05,1,1,T4,8.0,29.8017578125,15
synthetic_02776,cluster_g2,10,11,10,11,1,0.25,0.00035,1,1,,11.908,46.0,15
synthetic_02777,cluster_p100,42,43,42,43,1,0.25,0.00025,1,1,,4.0,29.8017578125,15
synthetic_02778,cluster_g2,33,36,33,36,3,0.75,0.00035,1,1,G2,11.3,48.0,15
synthetic_02779,cluster_t4,78,79,78,79,1,0.25,7e-05,1,1,T4,24.2,91.0,15
synthetic_02780,cluster_t4,53,56,53,56,3,0.75,7e-05,1,1,,11.4,47.0,15
synthetic_02781,cluster_p100,3,5,3,5,2,0.5,0.00025,1,1,P100|V100M16|V100M32,9.81,40.5859375,15
synthetic_02782,cluster_v100m32,78,79,78,79,1,0.25,0.00025,1,1,,14.2,57.0,15
synthetic_02783,cluster_t4,53,54,53,54,1,0.25,7e-05,1,1,T4,11.3,48.0,15
synthetic_02784,cluster_g2,26,28,26,28,2,0.5,0.00035,1,1,,11.4,47.0,15
synthetic_02785,cluster_p100,94,96,94,96,2,0.5,0.00025,1,1,,9.81,40.5859375,15
synthetic_02786,cluster_v100m16,83,84,83,84,1,0.25,0.00025,1,1,,3.152,5.46875,15
synthetic_02787,cluster_v100m32,52,54,52,54,2,0.5,0.00025,1,1,V100M16|V100M32,11.4,47.0,15
synthetic_02788,cluster_v100m16,21,22,21,22,1,0.25,0.00025,1,1,,3.152,5.46875,15
synthetic_02789,cluster_v100m32,4,5,4,5,1,0.25,0.00025,1,1,,3.152,5.46875,15
synthetic_02790,cluster_p100,60,61,60,61,1,0.25,0.00025,1,1,,18.708,63.0,15
synthetic_02791,cluster_g3,54,55,54,55,1,0.25,0.00035,1,1,,11.4,47.0,15
synthetic_02792,cluster_g2,91,92,91,92,1,0.25,0.00035,1,1,,16.0,32.0,15
synthetic_02793,cluster_p100,86,87,86,87,1,0.25,0.00025,1,1,P100,11.908,46.0,15
synthetic_02794,cluster_t4,43,44,43,44,1,0.25,7e-05,1,1,T4,4.0,14.900390625,15
synthetic_02795,cluster_t4,38,39,38,39,1,0.25,7e-05,1,1,,4.152,10.3515625,15
synthetic_02796,cluster_t4,17,18,17,18,1,0.25,7e-05,1,1,,3.152,5.46875,15
synthetic_02797,cluster_t4,42,43,42,43,1,0.25,7e-05,1,1,T4,11.908,46.0,15
synthetic_02798,cluster_g2,25,26,25,26,1,0.25,0.00035,1,1,,11.3,48.0,15
synthetic_02799,cluster_g2,91,92,91,92,1,0.25,0.00035,1,1,G2,11.3,48.0,15
synthetic_02800,cluster_g2,84,85,84,85,1,0.25,0.00035,1,1,G2,8.0,16.0,15
synthetic_02801,cluster_g3,21,22,21,22,1,0.25,0.00035,1,1,,3.152,5.46875,15
synthetic_02802,cluster_g2,52,53,52,53,1,0.25,0.00035,1,1,,8.0,29.8017578125,15
synthetic_02803,cluster_g2,63,64,63,64,1,0.25,0.00035,1,1,,4.152,10.3515625,15
synthetic_02804,cluster_g3,92,93,92,93,1,0.25,0.00035,1,1,,11.3,48.0,15
synthetic_02805,cluster_t4,85,87,85,87,2,0.5,7e-05,1,1,T4,1.0,6.0,15
synthetic_02806,cluster_g3,40,43,40,43,3,0.75,0.00035,1,1,,11.908,46.0,15
synthetic_02807,cluster_g3,26,27,26,27,1,0.25,0.00035,1,1,,3.152,5.46875,15
synthetic_02808,cluster_g3,44,45,44,45,1,0.25,0.00035,1,1,,9.81,40.5859375,15
synthetic_02809,cluster_g3,10,11,10,11,1,0.25,0.00035,1,1,,11.908,46.0,15
synthetic_02810,cluster_g2,82,83,82,83,1,0.25,0.00035,1,1,,11.3,48.0,15
synthetic_02811,cluster_t4,5,6,5,6,1,0.25,7e-05,1,1,,8.2,33.0,15
synthetic_02812,cluster_v100m16,48,49,48,49,1,0.25,0.00025,1,1,,11.3,48.0,15
synthetic_02813,cluster_v100m16,67,75,67,75,8,2.0,0.00025,1,1,,11.3,48.0,15
synthetic_02814,cluster_t4,20,21,20,21,1,0.25,7e-05,1,1,,3.152,5.46875,15
synthetic_02815,cluster_v100m16,16,17,16,17,1,0.25,0.00025,1,1,,9.81,40.5859375,15
synthetic_02816,cluster_v100m16,12,23,12,23,11,2.75,0.00025,1,1,,11.4,47.0,15
synthetic_02817,cluster_t4,39,40,39,40,1,0.25,7e-05,1,1,T4,11.4,47.0,15
synthetic_02818,cluster_p100,13,14,13,14,1,0.25,0.00025,1,1,,16.0,32.0,15
synthetic_02819,cluster_p100,24,26,24,26,2,0.5,0.00025,1,1,,16.0,32.0,15
synthetic_02820,cluster_t4,71,72,71,72,1,0.25,7e-05,1,1,,11.908,46.0,15
synthetic_02821,cluster_p100,22,26,22,26,4,1.0,0.00025,1,1,,12.0,24.0,15
synthetic_02822,cluster_g2,63,67,63,67,4,1.0,0.00035,1,1,,15.7,57.0,15
synthetic_02823,cluster_t4,20,24,20,24,4,1.0,7e-05,1,1,T4,3.152,5.46875,15
synthetic_02824,cluster_t4,54,55,54,55,1,0.25,7e-05,1,1,T4,4.0,22.3515625,15
synthetic_02825,cluster_v100m16,20,21,20,21,1,0.25,0.00025,1,1,,18.708,63.0,15
synthetic_02826,cluster_p100,43,44,43,44,1,0.25,0.00025,1,1,,3.152,5.46875,15
synthetic_02827,cluster_t4,92,93,92,93,1,0.25,7e-05,1,1,T4,9.81,40.5859375,15
synthetic_02828,cluster_g3,82,83,82,83,1,0.25,0.00035,1,1,,3.152,5.46875,15
synthetic_02829,cluster_t4,38,39,38,39,1,0.25,7e-05,1,1,T4,11.908,46.0,15
synthetic_02830,cluster_g2,21,22,21,22,1,0.25,0.00035,1,1,G2,11.3,48.0,15
synthetic_02831,cluster_v100m32,94,96,94,96,2,0.5,0.00025,1,1,P100|T4|V100M16|V100M32,11.4,47.0,15
synthetic_02832,cluster_v100m16,95,96,95,96,1,0.25,0.00025,1,1,,3.152,5.46875,15
synthetic_02833,cluster_p100,64,65,64,65,1,0.25,0.00025,1,1,,8.2,33.0,15
synthetic_02834,cluster_p100,47,52,47,52,5,1.25,0.00025,1,1,P100,4.0,14.900390625,15
synthetic_02835,cluster_g3,48,50,48,50,2,0.5,0.00035,1,1,,6.0,18.0,15
synthetic_02836,cluster_v100m16,36,37,36,37,1,0.25,0.00025,1,1,,11.3,48.0,15
synthetic_02837,cluster_g2,40,41,40,41,1,0.25,0.00035,1,1,G2,11.4,47.0,15
synthetic_02838,cluster_g3,95,96,95,96,1,0.25,0.00035,1,1,,11.3,48.0,15
synthetic_02839,cluster_p100,12,13,12,13,1,0.25,0.00025,1,1,P100,11.908,46.0,15
synthetic_02840,cluster_p100,55,56,55,56,1,0.25,0.00025,1,1,,3.152,5.46875,15
synthetic_02841,cluster_p100,27,28,27,28,1,0.25,0.00025,1,1,,14.2,57.0,15
synthetic_02842,cluster_t4,83,85,83,85,2,0.5,7e-05,1,1,T4,11.3,48.0,15
synthetic_02843,cluster_g2,39,40,39,40,1,0.25,0.00035,1,1,,11.4,47.0,15
synthetic_02844,cluster_t4,94,95,94,95,1,0.25,7e-05,1,1,,11.908,46.0,15
synthetic_02845,cluster_v100m32,44,45,44,45,1,0.25,0.00025,1,1,,16.4,123.0,15
synthetic_02846,cluster_g2,70,75,70,75,5,1.25,0.00035,1,1,G2,11.3,48.0,15
synthetic_02847,cluster_t4,51,52,51,52,1,0.25,7e-05,1,1,T4,3.152,5.46875,15
synthetic_02848,cluster_g2,80,81,80,81,1,0.25,0.00035,1,1,G2,12.0,24.0,15
synthetic_02849,cluster_p100,60,63,60,63,3,0.75,0.00025,1,1,,9.81,40.5859375,15
synthetic_02850,cluster_p100,68,69,68,69,1,0.25,0.00025,1,1,P100,11.908,46.0,15
synthetic_02851,cluster_v100m32,42,43,42,43,1,0.25,0.00025,1,1,,11.3,48.0,15
synthetic_02852,cluster_v100m32,42,47,42,47,5,1.25,0.00025,1,1,,15.7,57.0,15
synthetic_02853,cluster_t4,80,84,80,84,4,1.0,7e-05,1,1,,4.0,29.8017578125,15
synthetic_02854,cluster_v100m32,92,93,92,93,1,0.25,0.00025,1,1,,4.0,22.3515625,15
synthetic_02855,cluster_v100m32,72,77,72,77,5,1.25,0.00025,1,1,A10|G2|T4|V100M16|V100M32,4.0,24.0,15
synthetic_02856,cluster_t4,66,67,66,67,1,0.25,7e-05,1,1,T4,8.0,29.8017578125,15
synthetic_02857,cluster_p100,67,68,67,68,1,0.25,0.00025,1,1,,8.0,29.8017578125,15
synthetic_02858,cluster_g3,78,90,78,90,12,3.0,0.00035,1,1,,11.908,46.0,15
synthetic_02859,cluster_g2,86,87,86,87,1,0.25,0.00035,1,1,,11.4,47.0,15
synthetic_02860,cluster_g2,37,39,37,39,2,0.5,0.00035,1,1,G2,11.4,47.0,15
synthetic_02861,cluster_t4,82,83,82,83,1,0.25,7e-05,1,1,T4,3.152,5.46875,15
synthetic_02862,cluster_v100m16,54,56,54,56,2,0.5,0.00025,1,1,V100M16|V100M32,11.3,48.0,15
synthetic_02863,cluster_t4,38,41,38,41,3,0.75,7e-05,1,1,T4,11.4,47.0,15
synthetic_02864,cluster_t4,85,87,85,87,2,0.5,7e-05,1,1,T4,3.152,5.46875,15
synthetic_02865,cluster_v100m16,77,79,77,79,2,0.5,0.00025,1,1,,3.152,5.46875,15
synthetic_02866,cluster_g2,21,22,21,22,1,0.25,0.00035,1,1,,11.3,48.0,15
synthetic_02867,cluster_t4,86,93,86,93,7,1.75,7e-05,1,1,T4,8.0,32.0,15
synthetic_02868,cluster_v100m32,9,11,9,11,2,0.5,0.00025,1,1,V100M16|V100M32,11.3,48.0,15
synthetic_02869,cluster_g3,72,73,72,73,1,0.25,0.00035,1,1,,6.0,6.0,15
synthetic_02870,cluster_v100m16,89,90,89,90,1,0.25,0.00025,1,1,,3.152,5.46875,15
synthetic_02871,cluster_t4,45,46,45,46,1,0.25,7e-05,1,1,T4,3.152,5.46875,15
synthetic_02872,cluster_v100m16,22,23,22,23,1,0.25,0.00025,1,1,,3.152,5.46875,15
synthetic_02873,cluster_v100m16,15,24,15,24,9,2.25,0.00025,1,1,,14.2,57.0,15
synthetic_02874,cluster_t4,23,25,23,25,2,0.5,7e-05,1,1,,4.152,10.3515625,15
synthetic_02875,cluster_t4,37,39,37,39,2,0.5,7e-05,1,1,,8.0,16.0,15
synthetic_02876,cluster_v100m32,7,8,7,8,1,0.25,0.00025,1,1,,3.152,5.46875,15
synthetic_02877,cluster_v100m32,62,71,62,71,9,2.25,0.00025,1,1,,1.0,2.0,15
synthetic_02878,cluster_t4,66,67,66,67,1,0.25,7e-05,1,1,T4,3.152,5.46875,15
synthetic_02879,cluster_t4,71,72,71,72,1,0.25,7e-05,1,1,T4,3.152,5.46875,15
synthetic_02880,cluster_v100m16,70,71,70,71,1,0.25,0.00025,1,1,,3.152,5.46875,15
synthetic_02881,cluster_t4,9,10,9,10,1,0.25,7e-05,1,1,T4,3.152,5.46875,15
synthetic_02882,cluster_v100m32,17,18,17,18,1,0.25,0.00025,1,1,,18.708,63.0,15
synthetic_02883,cluster_t4,24,25,24,25,1,0.25,7e-05,1,1,,11.908,46.0,15
synthetic_02884,cluster_g2,86,87,86,87,1,0.25,0.00035,1,1,G2,3.152,5.46875,15
synthetic_02885,cluster_p100,22,25,22,25,3,0.75,0.00025,1,1,,11.9,76.0,15
synthetic_02886,cluster_t4,63,64,63,64,1,0.25,7e-05,1,1,T4,3.152,5.46875,15
synthetic_02887,cluster_g3,49,50,49,50,1,0.25,0.00035,1,1,G3,3.152,5.46875,15
synthetic_02888,cluster_v100m32,49,50,49,50,1,0.25,0.00025,1,1,,11.4,47.0,15
synthetic_02889,cluster_g3,77,78,77,78,1,0.25,0.00035,1,1,G3,9.81,40.5859375,15
synthetic_02890,cluster_t4,86,87,86,87,1,0.25,7e-05,1,1,T4,3.152,5.46875,15
synthetic_02891,cluster_v100m16,20,22,20,22,2,0.5,0.00025,1,1,,11.4,47.0,15
synthetic_02892,cluster_p100,54,55,54,55,1,0.25,0.00025,1,1,,8.0,29.8017578125,15
synthetic_02893,cluster_v100m32,52,53,52,53,1,0.25,0.00025,1,1,,3.152,5.46875,15
synthetic_02894,cluster_v100m32,32,33,32,33,1,0.25,0.00025,1,1,V100M16|V100M32,11.9,76.0,15
synthetic_02895,cluster_v100m16,19,22,19,22,3,0.75,0.00025,1,1,A10|G2|T4|V100M16|V100M32,11.4,76.0,15
synthetic_02896,cluster_t4,48,49,48,49,1,0.25,7e-05,1,1,T4,3.152,5.46875,15
synthetic_02897,cluster_p100,68,69,68,69,1,0.25,0.00025,1,1,,3.152,5.46875,15
synthetic_02898,cluster_t4,85,86,85,86,1,0.25,7e-05,1,1,,4.152,10.3515625,15
synthetic_02899,cluster_g3,30,43,30,43,13,3.25,0.00035,1,1,,4.0,22.3515625,15
synthetic_02900,cluster_v100m32,40,41,40,41,1,0.25,0.00025,1,1,V100M16|V100M32,18.708,63.0,15
synthetic_02901,cluster_v100m16,29,40,29,40,11,2.75,0.00025,1,1,,4.0,22.3515625,15
synthetic_02902,cluster_t4,9,11,9,11,2,0.5,7e-05,1,1,,18.708,63.0,15
synthetic_02903,cluster_t4,56,57,56,57,1,0.25,7e-05,1,1,T4,18.708,63.0,15
synthetic_02904,cluster_t4,93,94,93,94,1,0.25,7e-05,1,1,T4,3.152,5.46875,15
synthetic_02905,cluster_v100m32,65,68,65,68,3,0.75,0.00025,1,1,,16.0,64.0,15
synthetic_02906,cluster_t4,86,87,86,87,1,0.25,7e-05,1,1,T4,11.3,48.0,15
synthetic_02907,cluster_g2,77,79,77,79,2,0.5,0.00035,1,1,,11.3,48.0,15
synthetic_02908,cluster_g2,12,15,12,15,3,0.75,0.00035,1,1,,11.9,76.0,15
synthetic_02909,cluster_a10,45,46,45,46,1,0.25,0.00015,1,1,,11.3,48.0,15
synthetic_02910,cluster_g3,68,76,68,76,8,2.0,0.00035,1,1,,4.0,29.8017578125,15
synthetic_02911,cluster_t4,5,6,5,6,1,0.25,7e-05,1,1,T4,3.152,5.46875,15
synthetic_02912,cluster_p100,73,74,73,74,1,0.25,0.00025,1,1,P100,3.152,5.46875,15
synthetic_02913,cluster_t4,33,35,33,35,2,0.5,7e-05,1,1,T4,6.0,16.0,15
synthetic_02914,cluster_v100m16,25,27,25,27,2,0.5,0.00025,1,1,,8.2,33.0,15
synthetic_02915,cluster_p100,29,34,29,34,5,1.25,0.00025,1,1,,11.908,46.0,15
synthetic_02916,cluster_g2,37,38,37,38,1,0.25,0.00035,1,1,G2,12.0,16.0,15
synthetic_02917,cluster_t4,17,18,17,18,1,0.25,7e-05,1,1,,3.152,5.46875,15
synthetic_02918,cluster_g2,46,52,46,52,6,1.5,0.00035,1,1,,4.0,24.0,15
synthetic_02919,cluster_t4,83,84,83,84,1,0.25,7e-05,1,1,,8.0,29.8017578125,15
synthetic_02920,cluster_v100m16,67,70,67,70,3,0.75,0.00025,1,1,,3.152,5.46875,15
synthetic_02921,cluster_v100m16,9,10,9,10,1,0.25,0.00025,1,1,,3.152,5.46875,15
synthetic_02922,cluster_t4,87,88,87,88,1,0.25,7e-05,1,1,,11.908,46.0,15
synthetic_02923,cluster_v100m32,44,45,44,45,1,0.25,0.00025,1,1,,4.0,22.3515625,15
synthetic_02924,cluster_t4,9,10,9,10,1,0.25,7e-05,1,1,T4,3.152,5.46875,15
synthetic_02925,cluster_p100,34,35,34,35,1,0.25,0.00025,1,1,,11.4,76.0,15
synthetic_02926,cluster_v100m32,69,72,69,72,3,0.75,0.00025,1,1,,8.2,33.0,15
synthetic_02927,cluster_g2,29,32,29,32,3,0.75,0.00035,1,1,,15.7,57.0,15
synthetic_02928,cluster_g3,48,49,48,49,1,0.25,0.00035,1,1,G3,11.3,48.0,15
synthetic_02929,cluster_p100,24,25,24,25,1,0.25,0.00025,1,1,P100,4.0,29.8017578125,15
synthetic_02930,cluster_a10,6,7,6,7,1,0.25,0.00015,1,1,,3.152,5.46875,15
synthetic_02931,cluster_g2,49,51,49,51,2,0.5,0.00035,1,1,,11.908,46.0,15
synthetic_02932,cluster_v100m16,84,89,84,89,5,1.25,0.00025,1,1,,9.81,40.5859375,15
synthetic_02933,cluster_g3,66,67,66,67,1,0.25,0.00035,1,1,,3.152,5.46875,15
synthetic_02934,cluster_t4,82,83,82,83,1,0.25,7e-05,1,1,,11.4,76.0,15
synthetic_02935,cluster_g2,10,11,10,11,1,0.25,0.00035,1,1,G2|P100|T4|V100M16|V100M32,8.0,29.8017578125,15
synthetic_02936,cluster_t4,4,7,4,7,3,0.75,7e-05,1,1,T4,11.3,48.0,15
synthetic_02937,cluster_p100,65,66,65,66,1,0.25,0.00025,1,1,,18.708,63.0,15
synthetic_02938,cluster_p100,76,77,76,77,1,0.25,0.00025,1,1,P100,3.152,5.46875,15
synthetic_02939,cluster_t4,16,17,16,17,1,0.25,7e-05,1,1,,11.3,48.0,15
synthetic_02940,cluster_v100m16,75,76,75,76,1,0.25,0.00025,1,1,,11.4,47.0,15
synthetic_02941,cluster_t4,80,81,80,81,1,0.25,7e-05,1,1,T4,8.0,29.8017578125,15
synthetic_02942,cluster_t4,33,35,33,35,2,0.5,7e-05,1,1,T4,24.2,91.0,15
synthetic_02943,cluster_v100m32,81,83,81,83,2,0.5,0.00025,1,1,,8.2,33.0,15
synthetic_02944,cluster_p100,15,16,15,16,1,0.25,0.00025,1,1,P100,3.152,5.46875,15
synthetic_02945,cluster_v100m32,4,6,4,6,2,0.5,0.00025,1,1,,8.0,16.0,15
synthetic_02946,cluster_g2,47,63,47,63,16,4.0,0.00035,1,1,,12.0,15.0,15
synthetic_02947,cluster_t4,29,30,29,30,1,0.25,7e-05,1,1,T4,4.0,29.8017578125,15
synthetic_02948,cluster_v100m16,77,80,77,80,3,0.75,0.00025,1,1,,11.908,46.0,15
synthetic_02949,cluster_g2,18,20,18,20,2,0.5,0.00035,1,1,,3.152,5.46875,15
synthetic_02950,cluster_p100,87,88,87,88,1,0.25,0.00025,1,1,P100,3.152,5.46875,15
synthetic_02951,cluster_v100m16,63,64,63,64,1,0.25,0.00025,1,1,,3.152,5.46875,15
synthetic_02952,cluster_g2,0,2,0,2,2,0.5,0.00035,1,1,G2,11.3,48.0,15
synthetic_02953,cluster_g3,83,84,83,84,1,0.25,0.00035,1,1,,3.152,5.46875,15
synthetic_02954,cluster_t4,8,11,8,11,3,0.75,7e-05,1,1,,12.0,24.0,15
synthetic_02955,cluster_t4,45,48,45,48,3,0.75,7e-05,1,1,T4,15.7,57.0,15
synthetic_02956,cluster_p100,48,49,48,49,1,0.25,0.00025,1,1,P100,3.152,5.46875,15
synthetic_02957,cluster_g3,13,14,13,14,1,0.25,0.00035,1,1,,15.7,57.0,15
synthetic_02958,cluster_v100m32,45,48,45,48,3,0.75,0.00025,1,1,,11.4,47.0,15
synthetic_02959,cluster_v100m16,63,70,63,70,7,1.75,0.00025,1,1,,4.0,14.900390625,15
synthetic_02960,cluster_g3,27,32,27,32,5,1.25,0.00035,1,1,G3,4.0,24.0,15
synthetic_02961,cluster_g2,44,47,44,47,3,0.75,0.00035,1,1,,11.908,46.0,15
synthetic_02962,cluster_t4,74,75,74,75,1,0.25,7e-05,1,1,T4,4.152,10.3515625,15
synthetic_02963,cluster_p100,42,44,42,44,2,0.5,0.00025,1,1,,4.0,14.900390625,15
synthetic_02964,cluster_v100m16,17,22,17,22,5,1.25,0.00025,1,1,,4.0,24.0,15
synthetic_02965,cluster_t4,24,25,24,25,1,0.25,7e-05,1,1,T4,11.3,48.0,15
synthetic_02966,cluster_p100,14,15,14,15,1,0.25,0.00025,1,1,P100|V100M16|V100M32,11.4,47.0,15
synthetic_02967,cluster_t4,10,12,10,12,2,0.5,7e-05,1,1,T4,4.0,14.900390625,15
synthetic_02968,cluster_g2,15,24,15,24,9,2.25,0.00035,1,1,G2,12.0,24.0,15
synthetic_02969,cluster_p100,85,86,85,86,1,0.25,0.00025,1,1,P100,3.152,5.46875,15
synthetic_02970,cluster_g3,28,29,28,29,1,0.25,0.00035,1,1,,8.2,33.0,15
synthetic_02971,cluster_v100m32,69,70,69,70,1,0.25,0.00025,1,1,P100|V100M16|V100M32,11.3,48.0,15
synthetic_02972,cluster_t4,34,35,34,35,1,0.25,7e-05,1,1,,4.152,10.3515625,15
synthetic_02973,cluster_v100m32,48,50,48,50,2,0.5,0.00025,1,1,,16.0,32.0,15
synthetic_02974,cluster_t4,73,74,73,74,1,0.25,7e-05,1,1,,3.152,5.46875,15
synthetic_02975,cluster_t4,95,96,95,96,1,0.25,7e-05,1,1,T4,3.152,5.46875,15
synthetic_02976,cluster_v100m16,34,35,34,35,1,0.25,0.00025,1,1,,3.152,5.46875,15
synthetic_02977,cluster_t4,30,31,30,31,1,0.25,7e-05,1,1,T4,3.152,5.46875,15
synthetic_02978,cluster_g2,87,89,87,89,2,0.5,0.00035,1,1,,6.0,12.0,15
synthetic_02979,cluster_g3,40,41,40,41,1,0.25,0.00035,1,1,G3,11.3,48.0,15
synthetic_02980,cluster_g2,42,43,42,43,1,0.25,0.00035,1,1,,16.4,123.0,15
synthetic_02981,cluster_g3,91,92,91,92,1,0.25,0.00035,1,1,,11.3,48.0,15
synthetic_02982,cluster_v100m16,59,61,59,61,2,0.5,0.00025,1,1,,8.0,16.0,15
synthetic_02983,cluster_t4,92,93,92,93,1,0.25,7e-05,1,1,,3.152,5.46875,15
synthetic_02984,cluster_g2,21,22,21,22,1,0.25,0.00035,1,1,,3.152,5.46875,15
synthetic_02985,cluster_g2,36,38,36,38,2,0.5,0.00035,1,1,,3.152,5.46875,15
synthetic_02986,cluster_g2,48,49,48,49,1,0.25,0.00035,1,1,,8.0,29.8017578125,15
synthetic_02987,cluster_g3,24,25,24,25,1,0.25,0.00035,1,1,,18.708,63.0,15
synthetic_02988,cluster_v100m32,7,8,7,8,1,0.25,0.00025,1,1,,3.152,5.46875,15
synthetic_02989,cluster_t4,57,70,57,70,13,3.25,7e-05,1,1,T4,12.0,15.0,15
synthetic_02990,cluster_v100m32,30,31,30,31,1,0.25,0.00025,1,1,,3.152,5.46875,15
synthetic_02991,cluster_v100m16,37,38,37,38,1,0.25,0.00025,1,1,,18.708,63.0,15
synthetic_02992,cluster_g2,75,76,75,76,1,0.25,0.00035,1,1,,11.3,48.0,15
synthetic_02993,cluster_g3,65,66,65,66,1,0.25,0.00035,1,1,,11.3,48.0,15
synthetic_02994,cluster_v100m32,26,27,26,27,1,0.25,0.002,8,8,,88.0,320.0,15
synthetic_02995,cluster_t4,28,29,28,29,1,0.25,7e-05,1,1,T4,11.3,48.0,15
synthetic_02996,cluster_v100m32,55,56,55,56,1,0.25,0.00025,1,1,P100|V100M16|V100M32,11.3,48.0,15
synthetic_02997,cluster_v100m16,45,47,45,47,2,0.5,0.00025,1,1,,24.2,91.0,15
synthetic_02998,cluster_g2,27,28,27,28,1,0.25,0.00035,1,1,,12.0,32.0,15
synthetic_02999,cluster_v100m32,13,14,13,14,1,0.25,0.00025,1,1,,11.4,47.0,15
synthetic_03000,cluster_p100,67,72,67,72,5,1.25,0.00025,1,1,,4.0,22.3515625,15
synthetic_03001,cluster_v100m16,41,42,41,42,1,0.25,0.00025,1,1,,3.152,5.46875,15
synthetic_03002,cluster_t4,91,95,91,95,4,1.0,7e-05,1,1,,8.0,29.8017578125,15
synthetic_03003,cluster_g2,25,30,25,30,5,1.25,0.00035,1,1,,16.0,32.0,15
synthetic_03004,cluster_t4,3,4,3,4,1,0.25,7e-05,1,1,T4,12.0,15.625,15
synthetic_03005,cluster_v100m32,22,23,22,23,1,0.25,0.00025,1,1,,4.152,10.3515625,15
synthetic_03006,cluster_p100,20,31,20,31,11,2.75,0.00025,1,1,,14.2,57.0,15
synthetic_03007,cluster_g2,89,91,89,91,2,0.5,0.00035,1,1,G2,11.908,46.0,15
synthetic_03008,cluster_t4,94,96,94,96,2,0.5,7e-05,1,1,T4,4.0,29.8017578125,15
synthetic_03009,cluster_p100,81,82,81,82,1,0.25,0.00025,1,1,,3.152,5.46875,15
synthetic_03010,cluster_t4,70,75,70,75,5,1.25,7e-05,1,1,,4.0,24.0,15
synthetic_03011,cluster_t4,63,64,63,64,1,0.25,7e-05,1,1,,3.152,5.46875,15
synthetic_03012,cluster_t4,28,29,28,29,1,0.25,7e-05,1,1,,11.4,47.0,15
synthetic_03013,cluster_p100,76,77,76,77,1,0.25,0.00025,1,1,P100,4.152,10.3515625,15
synthetic_03014,cluster_g3,51,53,51,53,2,0.5,0.00035,1,1,,14.2,57.0,15
synthetic_03015,cluster_v100m32,33,35,33,35,2,0.5,0.00025,1,1,,12.0,16.0,15
synthetic_03016,cluster_t4,42,43,42,43,1,0.25,7e-05,1,1,,11.908,46.0,15
synthetic_03017,cluster_t4,85,87,85,87,2,0.5,7e-05,1,1,T4,11.4,47.0,15
synthetic_03018,cluster_t4,53,54,53,54,1,0.25,7e-05,1,1,T4,11.3,48.0,15
synthetic_03019,cluster_g3,77,78,77,78,1,0.25,0.00035,1,1,G3,11.4,47.0,15
synthetic_03020,cluster_p100,60,61,60,61,1,0.25,0.00025,1,1,,6.0,6.0,15
synthetic_03021,cluster_t4,56,60,56,60,4,1.0,7e-05,1,1,T4,11.9,76.0,15
synthetic_03022,cluster_t4,67,68,67,68,1,0.25,7e-05,1,1,T4,11.908,46.0,15
synthetic_03023,cluster_g2,57,58,57,58,1,0.25,0.00035,1,1,G2,11.3,48.0,15
synthetic_03024,cluster_p100,29,31,29,31,2,0.5,0.00025,1,1,P100,4.0,14.900390625,15
synthetic_03025,cluster_v100m32,27,28,27,28,1,0.25,0.00025,1,1,V100M16|V100M32,3.152,5.46875,15
synthetic_03026,cluster_v100m32,19,20,19,20,1,0.25,0.00025,1,1,,11.4,47.0,15
synthetic_03027,cluster_v100m32,53,54,53,54,1,0.25,0.00025,1,1,,3.152,5.46875,15
synthetic_03028,cluster_a10,45,46,45,46,1,0.25,0.00015,1,1,,4.152,10.3515625,15
synthetic_03029,cluster_p100,68,70,68,70,2,0.5,0.00025,1,1,,3.152,5.46875,15
synthetic_03030,cluster_g2,72,73,72,73,1,0.25,0.00035,1,1,G2,3.152,5.46875,15
synthetic_03031,cluster_t4,53,55,53,55,2,0.5,7e-05,1,1,,3.152,5.46875,15
synthetic_03032,cluster_p100,38,39,38,39,1,0.25,0.00025,1,1,,11.908,46.0,15
synthetic_03033,cluster_t4,78,79,78,79,1,0.25,7e-05,1,1,,11.3,48.0,15
synthetic_03034,cluster_g3,48,49,48,49,1,0.25,0.00035,1,1,,3.152,5.46875,15
synthetic_03035,cluster_g3,5,7,5,7,2,0.5,0.00035,1,1,G3,16.0,32.0,15
synthetic_03036,cluster_t4,62,63,62,63,1,0.25,7e-05,1,1,,12.0,24.0,15
synthetic_03037,cluster_t4,60,65,60,65,5,1.25,7e-05,1,1,,4.0,24.0,15
synthetic_03038,cluster_t4,13,18,13,18,5,1.25,7e-05,1,1,T4,2.0,8.0,15
synthetic_03039,cluster_g2,81,82,81,82,1,0.25,0.00035,1,1,G2,3.152,5.46875,15
synthetic_03040,cluster_g3,25,26,25,26,1,0.25,0.00035,1,1,,3.152,5.46875,15
synthetic_03041,cluster_v100m32,12,16,12,16,4,1.0,0.00025,1,1,,11.3,48.0,15
synthetic_03042,cluster_p100,52,53,52,53,1,0.25,0.00025,1,1,,18.708,63.0,15
synthetic_03043,cluster_v100m16,0,1,0,1,1,0.25,0.00025,1,1,,11.4,76.0,15
synthetic_03044,cluster_p100,23,24,23,24,1,0.25,0.00025,1,1,P100|V100M16|V100M32,3.152,5.46875,15
synthetic_03045,cluster_v100m32,81,84,81,84,3,0.75,0.00025,1,1,,24.2,91.0,15
synthetic_03046,cluster_g3,85,87,85,87,2,0.5,0.00035,1,1,,11.4,47.0,15
synthetic_03047,cluster_t4,35,38,35,38,3,0.75,7e-05,1,1,,8.0,16.0,15
synthetic_03048,cluster_p100,78,79,78,79,1,0.25,0.00025,1,1,,8.0,29.8017578125,15
synthetic_03049,cluster_t4,73,74,73,74,1,0.25,7e-05,1,1,T4,4.0,22.3515625,15
synthetic_03050,cluster_t4,71,73,71,73,2,0.5,7e-05,1,1,T4,4.0,14.900390625,15
synthetic_03051,cluster_v100m32,27,30,27,30,3,0.75,0.00025,1,1,P100|V100M16|V100M32,12.0,24.0,15
synthetic_03052,cluster_g3,16,17,16,17,1,0.25,0.00035,1,1,,11.3,48.0,15
synthetic_03053,cluster_t4,20,28,20,28,8,2.0,7e-05,1,1,T4,12.0,15.0,15
synthetic_03054,cluster_v100m32,78,80,78,80,2,0.5,0.00025,1,1,,8.2,33.0,15
synthetic_03055,cluster_t4,25,26,25,26,1,0.25,7e-05,1,1,,8.0,29.8017578125,15
synthetic_03056,cluster_t4,69,71,69,71,2,0.5,7e-05,1,1,,3.152,5.46875,15
synthetic_03057,cluster_g2,34,35,34,35,1,0.25,0.00035,1,1,G2,11.4,47.0,15
synthetic_03058,cluster_v100m16,43,44,43,44,1,0.25,0.00025,1,1,,24.2,91.0,15
synthetic_03059,cluster_t4,75,77,75,77,2,0.5,7e-05,1,1,T4,11.908,46.0,15
synthetic_03060,cluster_t4,8,10,8,10,2,0.5,7e-05,1,1,T4,11.3,48.0,15
synthetic_03061,cluster_t4,93,94,93,94,1,0.25,7e-05,1,1,,11.4,47.0,15
synthetic_03062,cluster_v100m32,85,88,85,88,3,0.75,0.00025,1,1,,15.7,57.0,15
synthetic_03063,cluster_v100m32,16,17,16,17,1,0.25,0.00025,1,1,,11.908,46.0,15
synthetic_03064,cluster_t4,27,28,27,28,1,0.25,7e-05,1,1,,11.4,47.0,15
synthetic_03065,cluster_g3,21,22,21,22,1,0.25,0.00035,1,1,,8.0,29.8017578125,15
synthetic_03066,cluster_t4,29,30,29,30,1,0.25,7e-05,1,1,T4,11.4,76.0,15
synthetic_03067,cluster_g3,51,52,51,52,1,0.25,0.00035,1,1,,3.152,5.46875,15
synthetic_03068,cluster_t4,49,50,49,50,1,0.25,7e-05,1,1,T4,11.3,48.0,15
synthetic_03069,cluster_t4,17,19,17,19,2,0.5,7e-05,1,1,T4,11.908,46.0,15
synthetic_03070,cluster_g2,6,9,6,9,3,0.75,0.00035,1,1,,11.908,46.0,15
synthetic_03071,cluster_v100m32,43,46,43,46,3,0.75,0.00025,1,1,,3.152,5.46875,15
synthetic_03072,cluster_t4,11,12,11,12,1,0.25,7e-05,1,1,T4,3.152,5.46875,15
synthetic_03073,cluster_v100m16,77,78,77,78,1,0.25,0.00025,1,1,,3.152,5.46875,15
synthetic_03074,cluster_g2,48,49,48,49,1,0.25,0.00035,1,1,,4.152,10.3515625,15
synthetic_03075,cluster_t4,83,86,83,86,3,0.75,7e-05,1,1,,3.152,5.46875,15
synthetic_03076,cluster_g3,35,36,35,36,1,0.25,0.00035,1,1,,8.0,29.8017578125,15
synthetic_03077,cluster_g3,78,79,78,79,1,0.25,0.00035,1,1,,11.4,47.0,15
synthetic_03078,cluster_v100m32,8,10,8,10,2,0.5,0.00025,1,1,,16.0,32.0,15
synthetic_03079,cluster_t4,78,79,78,79,1,0.25,7e-05,1,1,T4,11.3,48.0,15
synthetic_03080,cluster_g2,63,64,63,64,1,0.25,0.00035,1,1,,3.152,5.46875,15
synthetic_03081,cluster_t4,79,80,79,80,1,0.25,7e-05,1,1,T4,8.0,29.8017578125,15
synthetic_03082,cluster_p100,32,33,32,33,1,0.25,0.00025,1,1,,4.152,10.3515625,15
synthetic_03083,cluster_v100m32,11,12,11,12,1,0.25,0.00025,1,1,,3.152,5.46875,15
synthetic_03084,cluster_v100m16,59,60,59,60,1,0.25,0.00025,1,1,,3.152,5.46875,15
synthetic_03085,cluster_t4,81,82,81,82,1,0.25,7e-05,1,1,T4,3.152,5.46875,15
synthetic_03086,cluster_t4,19,21,19,21,2,0.5,7e-05,1,1,,4.0,22.3515625,15
synthetic_03087,cluster_p100,43,44,43,44,1,0.25,0.00025,1,1,,3.152,5.46875,15
synthetic_03088,cluster_t4,69,77,69,77,8,2.0,7e-05,1,1,T4,4.0,14.900390625,15
synthetic_03089,cluster_p100,74,75,74,75,1,0.25,0.00025,1,1,,8.0,29.8017578125,15
synthetic_03090,cluster_t4,85,87,85,87,2,0.5,7e-05,1,1,,4.152,10.3515625,15
synthetic_03091,cluster_g2,48,49,48,49,1,0.25,0.00035,1,1,,3.152,5.46875,15
synthetic_03092,cluster_p100,10,11,10,11,1,0.25,0.00025,1,1,P100,8.0,29.8017578125,15
synthetic_03093,cluster_v100m32,15,16,15,16,1,0.25,0.00025,1,1,,3.152,5.46875,15
synthetic_03094,cluster_p100,26,27,26,27,1,0.25,0.00025,1,1,,12.0,16.0,15
synthetic_03095,cluster_t4,50,57,50,57,7,1.75,7e-05,1,1,,3.152,5.46875,15
synthetic_03096,cluster_g3,29,34,29,34,5,1.25,0.00035,1,1,,11.908,46.0,15
synthetic_03097,cluster_t4,74,82,74,82,8,2.0,7e-05,1,1,T4,1.0,2.0,15
synthetic_03098,cluster_g3,24,33,24,33,9,2.25,0.00035,1,1,,1.0,2.0,15
synthetic_03099,cluster_t4,28,37,28,37,9,2.25,7e-05,1,1,T4,11.4,47.0,15
synthetic_03100,cluster_v100m32,34,35,34,35,1,0.25,0.00025,1,1,,3.152,5.46875,15
synthetic_03101,cluster_p100,16,22,16,22,6,1.5,0.00025,1,1,,4.0,29.8017578125,15
synthetic_03102,cluster_t4,66,67,66,67,1,0.25,7e-05,1,1,,11.3,48.0,15
synthetic_03103,cluster_t4,70,71,70,71,1,0.25,7e-05,1,1,,3.152,5.46875,15
synthetic_03104,cluster_t4,53,54,53,54,1,0.25,7e-05,1,1,T4,3.152,5.46875,15
synthetic_03105,cluster_t4,64,65,64,65,1,0.25,7e-05,1,1,T4,11.4,47.0,15
synthetic_03106,cluster_g2,1,6,1,6,5,1.25,0.00035,1,1,,15.2,79.0,15
synthetic_03107,cluster_g2,31,32,31,32,1,0.25,0.00035,1,1,,3.152,5.46875,15
synthetic_03108,cluster_g2,64,65,64,65,1,0.25,0.00035,1,1,,11.908,46.0,15
synthetic_03109,cluster_t4,63,67,63,67,4,1.0,7e-05,1,1,,11.4,47.0,15
synthetic_03110,cluster_g3,2,3,2,3,1,0.25,0.00035,1,1,,11.4,47.0,15
synthetic_03111,cluster_v100m32,94,95,94,95,1,0.25,0.00025,1,1,,4.152,10.3515625,15
synthetic_03112,cluster_g3,30,31,30,31,1,0.25,0.00035,1,1,,3.152,5.46875,15
synthetic_03113,cluster_t4,57,59,57,59,2,0.5,7e-05,1,1,T4,11.908,46.0,15
synthetic_03114,cluster_t4,43,44,43,44,1,0.25,7e-05,1,1,T4,11.908,46.0,15
synthetic_03115,cluster_t4,60,63,60,63,3,0.75,7e-05,1,1,T4,11.908,46.0,15
synthetic_03116,cluster_v100m16,26,29,26,29,3,0.75,0.00025,1,1,,6.0,23.0,15
synthetic_03117,cluster_t4,64,65,64,65,1,0.25,7e-05,1,1,,4.0,14.900390625,15
synthetic_03118,cluster_v100m16,33,42,33,42,9,2.25,0.00025,1,1,,4.0,22.3515625,15
synthetic_03119,cluster_t4,45,47,45,47,2,0.5,7e-05,1,1,T4,11.3,48.0,15
synthetic_03120,cluster_t4,25,27,25,27,2,0.5,7e-05,1,1,,3.152,5.46875,15
synthetic_03121,cluster_p100,54,55,54,55,1,0.25,0.00025,1,1,P100,8.0,29.8017578125,15
synthetic_03122,cluster_v100m32,88,89,88,89,1,0.25,0.00025,1,1,,12.0,48.0,15
synthetic_03123,cluster_g2,13,14,13,14,1,0.25,0.0014,4,4,,32.2,129.0,15
synthetic_03124,cluster_p100,46,47,46,47,1,0.25,0.00025,1,1,,3.152,5.46875,15
synthetic_03125,cluster_v100m16,90,93,90,93,3,0.75,0.00025,1,1,,16.0,32.0,15
synthetic_03126,cluster_t4,74,75,74,75,1,0.25,7e-05,1,1,T4,11.908,46.0,15
synthetic_03127,cluster_v100m16,36,37,36,37,1,0.25,0.00025,1,1,,3.152,5.46875,15
synthetic_03128,cluster_g2,86,93,86,93,7,1.75,0.00035,1,1,,8.0,16.0,15
synthetic_03129,cluster_t4,21,22,21,22,1,0.25,7e-05,1,1,,11.3,48.0,15
synthetic_03130,cluster_g2,18,19,18,19,1,0.25,0.00035,1,1,,4.0,29.8017578125,15
synthetic_03131,cluster_g2,55,56,55,56,1,0.25,0.00035,1,1,,3.152,5.46875,15
synthetic_03132,cluster_p100,20,21,20,21,1,0.25,0.00025,1,1,,3.152,5.46875,15
synthetic_03133,cluster_p100,62,63,62,63,1,0.25,0.00025,1,1,,11.908,46.0,15
synthetic_03134,cluster_p100,19,23,19,23,4,1.0,0.00025,1,1,,11.3,48.0,15
synthetic_03135,cluster_t4,78,90,78,90,12,3.0,7e-05,1,1,T4,9.81,40.5859375,15
synthetic_03136,cluster_t4,42,43,42,43,1,0.25,7e-05,1,1,,4.0,14.900390625,15
synthetic_03137,cluster_v100m16,93,95,93,95,2,0.5,0.00025,1,1,,8.0,29.8017578125,15
synthetic_03138,cluster_t4,37,41,37,41,4,1.0,7e-05,1,1,,11.9,76.0,15
synthetic_03139,cluster_p100,66,70,66,70,4,1.0,0.00025,1,1,,6.0,16.0,15
synthetic_03140,cluster_g3,17,19,17,19,2,0.5,0.00035,1,1,,11.3,48.0,15
synthetic_03141,cluster_p100,12,14,12,14,2,0.5,0.00025,1,1,,16.4,123.0,15
synthetic_03142,cluster_p100,18,20,18,20,2,0.5,0.00025,1,1,,4.152,10.3515625,15
synthetic_03143,cluster_t4,29,31,29,31,2,0.5,7e-05,1,1,,11.3,48.0,15
synthetic_03144,cluster_v100m32,93,94,93,94,1,0.25,0.00025,1,1,,11.908,46.0,15
synthetic_03145,cluster_g2,40,43,40,43,3,0.75,0.0007,2,2,,30.2,157.0,15
synthetic_03146,cluster_t4,70,74,70,74,4,1.0,7e-05,1,1,,11.3,48.0,15
synthetic_03147,cluster_p100,19,20,19,20,1,0.25,0.00025,1,1,,11.3,48.0,15
synthetic_03148,cluster_g3,62,63,62,63,1,0.25,0.00035,1,1,,4.0,22.3515625,15
synthetic_03149,cluster_t4,16,17,16,17,1,0.25,7e-05,1,1,,3.152,5.46875,15
synthetic_03150,cluster_g2,13,19,13,19,6,1.5,0.00035,1,1,,11.4,47.0,15
synthetic_03151,cluster_g2,28,43,28,43,15,3.75,0.00035,1,1,,3.152,5.46875,15
synthetic_03152,cluster_t4,82,89,82,89,7,1.75,7e-05,1,1,T4,4.0,14.900390625,15
synthetic_03153,cluster_v100m16,27,28,27,28,1,0.25,0.00025,1,1,A10|G2|T4|V100M16|V100M32,14.2,57.0,15
synthetic_03154,cluster_v100m32,55,56,55,56,1,0.25,0.00025,1,1,,4.0,29.8017578125,15
synthetic_03155,cluster_v100m16,34,35,34,35,1,0.25,0.00025,1,1,,3.152,5.46875,15
synthetic_03156,cluster_v100m16,61,73,61,73,12,3.0,0.00025,1,1,,8.0,29.8017578125,15
synthetic_03157,cluster_v100m32,80,81,80,81,1,0.25,0.00025,1,1,,11.3,48.0,15
synthetic_03158,cluster_v100m32,43,44,43,44,1,0.25,0.00025,1,1,,15.7,57.0,15
synthetic_03159,cluster_p100,42,43,42,43,1,0.25,0.00025,1,1,,11.3,48.0,15
synthetic_03160,cluster_v100m16,80,86,80,86,6,1.5,0.00025,1,1,,3.152,5.46875,15
synthetic_03161,cluster_t4,5,6,5,6,1,0.25,7e-05,1,1,T4,3.152,5.46875,15
synthetic_03162,cluster_t4,21,23,21,23,2,0.5,7e-05,1,1,T4,11.3,48.0,15
synthetic_03163,cluster_g2,4,5,4,5,1,0.25,0.00035,1,1,,12.0,24.0,15
synthetic_03164,cluster_v100m32,26,27,26,27,1,0.25,0.00025,1,1,V100M16|V100M32,11.3,48.0,15
synthetic_03165,cluster_t4,51,52,51,52,1,0.25,7e-05,1,1,T4,18.708,63.0,15
synthetic_03166,cluster_v100m16,6,7,6,7,1,0.25,0.00025,1,1,P100|V100M16|V100M32,3.152,5.46875,15
synthetic_03167,cluster_p100,53,56,53,56,3,0.75,0.00025,1,1,,3.152,5.46875,15
synthetic_03168,cluster_g3,80,82,80,82,2,0.5,0.00035,1,1,,8.0,16.0,15
synthetic_03169,cluster_p100,10,11,10,11,1,0.25,0.00025,1,1,,3.152,5.46875,15
synthetic_03170,cluster_t4,18,19,18,19,1,0.25,7e-05,1,1,T4,3.152,5.46875,15
synthetic_03171,cluster_g3,5,8,5,8,3,0.75,0.00035,1,1,,11.9,76.0,15
synthetic_03172,cluster_v100m32,87,90,87,90,3,0.75,0.00025,1,1,,11.4,47.0,15
synthetic_03173,cluster_g2,76,83,76,83,7,1.75,0.00035,1,1,,12.0,15.0,15
synthetic_03174,cluster_v100m32,30,31,30,31,1,0.25,0.00025,1,1,,3.152,5.46875,15
synthetic_03175,cluster_p100,10,11,10,11,1,0.25,0.00025,1,1,,18.708,63.0,15
synthetic_03176,cluster_g3,73,74,73,74,1,0.25,0.00035,1,1,,3.152,5.46875,15
synthetic_03177,cluster_v100m32,19,20,19,20,1,0.25,0.00025,1,1,P100|V100M16|V100M32,11.3,48.0,15
synthetic_03178,cluster_t4,21,22,21,22,1,0.25,7e-05,1,1,,3.152,5.46875,15
synthetic_03179,cluster_v100m32,35,37,35,37,2,0.5,0.00025,1,1,V100M16|V100M32,11.3,48.0,15
synthetic_03180,cluster_g3,88,94,88,94,6,1.5,0.00035,1,1,,11.4,76.0,15
synthetic_03181,cluster_t4,35,36,35,36,1,0.25,7e-05,1,1,,18.708,63.0,15
synthetic_03182,cluster_g3,27,28,27,28,1,0.25,0.00035,1,1,,3.152,5.46875,15
synthetic_03183,cluster_t4,68,74,68,74,6,1.5,7e-05,1,1,T4,4.0,29.8017578125,15
synthetic_03184,cluster_v100m32,84,86,84,86,2,0.5,0.00025,1,1,,11.4,47.0,15
synthetic_03185,cluster_g2,63,66,63,66,3,0.75,0.00035,1,1,,4.0,30.517578125,15
synthetic_03186,cluster_p100,17,20,17,20,3,0.75,0.00025,1,1,P100,4.0,14.900390625,15
synthetic_03187,cluster_g2,29,31,29,31,2,0.5,0.00035,1,1,,11.4,47.0,15
synthetic_03188,cluster_g3,89,90,89,90,1,0.25,0.00035,1,1,,11.3,48.0,15
synthetic_03189,cluster_p100,10,11,10,11,1,0.25,0.00025,1,1,,3.152,5.46875,15
synthetic_03190,cluster_v100m16,21,29,21,29,8,2.0,0.00025,1,1,,11.3,48.0,15
synthetic_03191,cluster_p100,71,84,71,84,13,3.25,0.00025,1,1,,11.4,76.0,15
synthetic_03192,cluster_v100m32,5,6,5,6,1,0.25,0.00025,1,1,P100|V100M16|V100M32,3.152,5.46875,15
synthetic_03193,cluster_g3,70,71,70,71,1,0.25,0.00035,1,1,,11.3,48.0,15
synthetic_03194,cluster_v100m16,64,80,64,80,16,4.0,0.00025,1,1,V100M16|V100M32,12.0,24.0,15
synthetic_03195,cluster_v100m32,51,55,51,55,4,1.0,0.00025,1,1,,11.3,48.0,15
synthetic_03196,cluster_t4,92,94,92,94,2,0.5,7e-05,1,1,,11.908,46.0,15
synthetic_03197,cluster_v100m32,26,27,26,27,1,0.25,0.00025,1,1,,11.908,46.0,15
synthetic_03198,cluster_t4,30,31,30,31,1,0.25,7e-05,1,1,T4,3.152,5.46875,15
synthetic_03199,cluster_p100,21,22,21,22,1,0.25,0.00025,1,1,,3.152,5.46875,15
synthetic_03200,cluster_p100,11,14,11,14,3,0.75,0.00025,1,1,,8.0,29.8017578125,15
synthetic_03201,cluster_g3,26,27,26,27,1,0.25,0.00035,1,1,,11.4,47.0,15
synthetic_03202,cluster_g2,5,12,5,12,7,1.75,0.00035,1,1,G2,12.0,16.0,15
synthetic_03203,cluster_g3,59,60,59,60,1,0.25,0.00035,1,1,,18.708,63.0,15
synthetic_03204,cluster_v100m16,52,56,52,56,4,1.0,0.00025,1,1,,9.81,40.5859375,15
synthetic_03205,cluster_p100,14,15,14,15,1,0.25,0.00025,1,1,P100,3.152,5.46875,15
synthetic_03206,cluster_g2,60,61,60,61,1,0.25,0.00035,1,1,G2,11.4,47.0,15
synthetic_03207,cluster_g2,24,25,24,25,1,0.25,0.00035,1,1,,11.4,47.0,15
synthetic_03208,cluster_t4,59,67,59,67,8,2.0,7e-05,1,1,T4,1.0,2.0,15
synthetic_03209,cluster_g3,94,96,94,96,2,0.5,0.00035,1,1,,16.4,123.0,15
synthetic_03210,cluster_g3,71,73,71,73,2,0.5,0.00035,1,1,,16.0,64.0,15
synthetic_03211,cluster_v100m16,27,29,27,29,2,0.5,0.00025,1,1,,11.4,47.0,15
synthetic_03212,cluster_t4,82,83,82,83,1,0.25,7e-05,1,1,,11.908,46.0,15
synthetic_03213,cluster_p100,25,26,25,26,1,0.25,0.00025,1,1,,4.152,10.3515625,15
synthetic_03214,cluster_g2,0,2,0,2,2,0.5,0.00035,1,1,,11.908,46.0,15
synthetic_03215,cluster_p100,87,96,87,96,9,2.25,0.00025,1,1,,11.908,46.0,15
synthetic_03216,cluster_v100m32,3,6,3,6,3,0.75,0.00025,1,1,P100|V100M16|V100M32,14.2,57.0,15
synthetic_03217,cluster_t4,16,17,16,17,1,0.25,7e-05,1,1,,11.3,48.0,15
synthetic_03218,cluster_v100m32,46,47,46,47,1,0.25,0.00025,1,1,V100M16|V100M32,18.708,63.0,15
synthetic_03219,cluster_g2,29,30,29,30,1,0.25,0.00035,1,1,,1.0,2.0,15
synthetic_03220,cluster_p100,66,68,66,68,2,0.5,0.00025,1,1,,16.0,32.0,15
synthetic_03221,cluster_g3,19,21,19,21,2,0.5,0.00035,1,1,G3,11.3,48.0,15
synthetic_03222,cluster_g2,21,22,21,22,1,0.25,0.00035,1,1,,3.152,5.46875,15
synthetic_03223,cluster_g2,23,24,23,24,1,0.25,0.00035,1,1,,11.3,48.0,15
synthetic_03224,cluster_v100m32,66,67,66,67,1,0.25,0.00025,1,1,,11.3,48.0,15
synthetic_03225,cluster_v100m16,3,5,3,5,2,0.5,0.00025,1,1,,8.0,32.0,15
synthetic_03226,cluster_g2,16,18,16,18,2,0.5,0.00035,1,1,,3.152,5.46875,15
synthetic_03227,cluster_g3,60,62,60,62,2,0.5,0.00035,1,1,,11.3,48.0,15
synthetic_03228,cluster_p100,90,91,90,91,1,0.25,0.00025,1,1,,3.152,5.46875,15
synthetic_03229,cluster_v100m32,74,75,74,75,1,0.25,0.00025,1,1,,11.4,47.0,15
synthetic_03230,cluster_g2,1,2,1,2,1,0.25,0.00035,1,1,,8.0,29.8017578125,15
synthetic_03231,cluster_v100m16,46,47,46,47,1,0.25,0.00025,1,1,,16.0,32.0,15
synthetic_03232,cluster_g3,26,27,26,27,1,0.25,0.00035,1,1,,8.0,29.8017578125,15
synthetic_03233,cluster_p100,52,53,52,53,1,0.25,0.00025,1,1,,11.3,48.0,15
synthetic_03234,cluster_g3,16,17,16,17,1,0.25,0.00035,1,1,,8.0,29.8017578125,15
synthetic_03235,cluster_t4,31,32,31,32,1,0.25,7e-05,1,1,,3.152,5.46875,15
synthetic_03236,cluster_t4,49,53,49,53,4,1.0,7e-05,1,1,T4,8.0,32.0,15
synthetic_03237,cluster_v100m32,91,92,91,92,1,0.25,0.00025,1,1,,11.4,47.0,15
synthetic_03238,cluster_t4,15,16,15,16,1,0.25,7e-05,1,1,T4,4.152,10.3515625,15
synthetic_03239,cluster_t4,38,41,38,41,3,0.75,7e-05,1,1,T4,11.908,46.0,15
synthetic_03240,cluster_v100m32,63,64,63,64,1,0.25,0.00025,1,1,,11.3,48.0,15
synthetic_03241,cluster_t4,69,79,69,79,10,2.5,7e-05,1,1,,4.0,22.3515625,15
synthetic_03242,cluster_t4,67,68,67,68,1,0.25,7e-05,1,1,,3.152,5.46875,15
synthetic_03243,cluster_g3,33,34,33,34,1,0.25,0.00035,1,1,,18.708,63.0,15
synthetic_03244,cluster_v100m32,29,31,29,31,2,0.5,0.00025,1,1,,3.152,5.46875,15
synthetic_03245,cluster_p100,37,38,37,38,1,0.25,0.00025,1,1,,11.3,48.0,15
synthetic_03246,cluster_v100m32,71,72,71,72,1,0.25,0.00025,1,1,,8.0,29.8017578125,15
synthetic_03247,cluster_v100m16,1,2,1,2,1,0.25,0.00025,1,1,V100M16|V100M32,11.3,48.0,15
synthetic_03248,cluster_v100m32,21,22,21,22,1,0.25,0.00025,1,1,,3.152,5.46875,15
synthetic_03249,cluster_v100m16,22,24,22,24,2,0.5,0.00025,1,1,V100M16|V100M32,15.7,57.0,15
synthetic_03250,cluster_v100m16,9,15,9,15,6,1.5,0.00025,1,1,,11.908,46.0,15
synthetic_03251,cluster_t4,15,17,15,17,2,0.5,7e-05,1,1,,11.3,48.0,15
synthetic_03252,cluster_v100m32,49,51,49,51,2,0.5,0.00025,1,1,V100M16|V100M32,6.0,32.0,15
synthetic_03253,cluster_t4,45,47,45,47,2,0.5,7e-05,1,1,T4,8.0,16.0,15
synthetic_03254,cluster_g2,3,5,3,5,2,0.5,0.00035,1,1,,8.0,16.0,15
synthetic_03255,cluster_g3,92,96,92,96,4,1.0,0.00035,1,1,,3.152,5.46875,15
synthetic_03256,cluster_t4,21,22,21,22,1,0.25,7e-05,1,1,T4,11.4,47.0,15
synthetic_03257,cluster_p100,19,21,19,21,2,0.5,0.00025,1,1,P100,4.152,10.3515625,15
synthetic_03258,cluster_t4,5,6,5,6,1,0.25,7e-05,1,1,T4,11.3,48.0,15
synthetic_03259,cluster_v100m32,13,15,13,15,2,0.5,0.00025,1,1,,11.3,48.0,15
synthetic_03260,cluster_v100m32,72,73,72,73,1,0.25,0.00025,1,1,,11.3,48.0,15
synthetic_03261,cluster_t4,60,61,60,61,1,0.25,7e-05,1,1,T4,3.152,5.46875,15
synthetic_03262,cluster_t4,60,73,60,73,13,3.25,7e-05,1,1,T4,9.81,40.5859375,15
synthetic_03263,cluster_g3,34,36,34,36,2,0.5,0.00035,1,1,,6.0,6.0,15
synthetic_03264,cluster_g2,67,69,67,69,2,0.5,0.00035,1,1,,4.0,14.900390625,15
synthetic_03265,cluster_t4,45,52,45,52,7,1.75,7e-05,1,1,T4,9.81,40.5859375,15
synthetic_03266,cluster_p100,49,50,49,50,1,0.25,0.00025,1,1,P100,4.0,22.3515625,15
synthetic_03267,cluster_p100,1,2,1,2,1,0.25,0.00025,1,1,,3.152,5.46875,15
synthetic_03268,cluster_g2,68,69,68,69,1,0.25,0.00035,1,1,,11.3,48.0,15
synthetic_03269,cluster_v100m16,50,51,50,51,1,0.25,0.00025,1,1,,11.3,48.0,15
synthetic_03270,cluster_t4,77,78,77,78,1,0.25,7e-05,1,1,T4,4.0,14.900390625,15
synthetic_03271,cluster_g3,9,14,9,14,5,1.25,0.00035,1,1,,3.152,5.46875,15
synthetic_03272,cluster_v100m32,82,90,82,90,8,2.0,0.00025,1,1,,24.2,91.0,15
synthetic_03273,cluster_t4,2,5,2,5,3,0.75,7e-05,1,1,T4,11.9,76.0,15
synthetic_03274,cluster_g3,6,8,6,8,2,0.5,0.00035,1,1,,16.0,32.0,15
synthetic_03275,cluster_t4,26,27,26,27,1,0.25,7e-05,1,1,T4,8.0,29.8017578125,15
synthetic_03276,cluster_p100,77,82,77,82,5,1.25,0.00025,1,1,,11.908,46.0,15
synthetic_03277,cluster_p100,84,85,84,85,1,0.25,0.00025,1,1,,3.152,5.46875,15
synthetic_03278,cluster_g3,4,6,4,6,2,0.5,0.00035,1,1,,12.0,16.0,15
synthetic_03279,cluster_p100,8,9,8,9,1,0.25,0.00025,1,1,P100,11.908,46.0,15
synthetic_03280,cluster_t4,50,51,50,51,1,0.25,7e-05,1,1,T4,3.152,5.46875,15
synthetic_03281,cluster_t4,41,42,41,42,1,0.25,7e-05,1,1,T4,8.0,29.8017578125,15
synthetic_03282,cluster_g2,69,70,69,70,1,0.25,0.00035,1,1,G2,11.3,48.0,15
synthetic_03283,cluster_t4,78,79,78,79,1,0.25,7e-05,1,1,T4,11.908,46.0,15
synthetic_03284,cluster_t4,7,8,7,8,1,0.25,7e-05,1,1,,11.908,46.0,15
synthetic_03285,cluster_v100m16,56,57,56,57,1,0.25,0.00025,1,1,,6.0,6.0,15
synthetic_03286,cluster_v100m16,1,6,1,6,5,1.25,0.00025,1,1,,11.908,46.0,15
synthetic_03287,cluster_g3,64,65,64,65,1,0.25,0.00035,1,1,,3.152,5.46875,15
synthetic_03288,cluster_g2,81,83,81,83,2,0.5,0.00035,1,1,,11.908,46.0,15
synthetic_03289,cluster_t4,59,60,59,60,1,0.25,7e-05,1,1,T4,9.81,40.5859375,15
synthetic_03290,cluster_t4,2,3,2,3,1,0.25,7e-05,1,1,,11.908,46.0,15
synthetic_03291,cluster_p100,40,41,40,41,1,0.25,0.00025,1,1,,3.152,5.46875,15
synthetic_03292,cluster_v100m16,40,42,40,42,2,0.5,0.00025,1,1,,11.3,48.0,15
synthetic_03293,cluster_p100,79,80,79,80,1,0.25,0.00025,1,1,,3.152,5.46875,15
synthetic_03294,cluster_t4,11,12,11,12,1,0.25,7e-05,1,1,T4,11.3,48.0,15
synthetic_03295,cluster_v100m32,22,23,22,23,1,0.25,0.00025,1,1,,3.152,5.46875,15
synthetic_03296,cluster_t4,24,25,24,25,1,0.25,7e-05,1,1,T4,11.3,48.0,15
synthetic_03297,cluster_p100,0,1,0,1,1,0.25,0.00025,1,1,,18.708,63.0,15
synthetic_03298,cluster_p100,31,32,31,32,1,0.25,0.00025,1,1,,11.3,48.0,15
synthetic_03299,cluster_g2,22,24,22,24,2,0.5,0.00035,1,1,,11.3,48.0,15
synthetic_03300,cluster_g3,57,59,57,59,2,0.5,0.00035,1,1,,24.2,91.0,15
synthetic_03301,cluster_v100m32,17,18,17,18,1,0.25,0.00025,1,1,,3.152,5.46875,15
synthetic_03302,cluster_t4,82,84,82,84,2,0.5,7e-05,1,1,,12.0,16.0,15
synthetic_03303,cluster_g3,6,7,6,7,1,0.25,0.00035,1,1,,3.152,5.46875,15
synthetic_03304,cluster_t4,46,47,46,47,1,0.25,7e-05,1,1,,12.0,16.0,15
synthetic_03305,cluster_g2,89,95,89,95,6,1.5,0.00035,1,1,G2,12.0,24.0,15
synthetic_03306,cluster_p100,93,94,93,94,1,0.25,0.00025,1,1,,3.152,5.46875,15
synthetic_03307,cluster_p100,18,20,18,20,2,0.5,0.00025,1,1,,11.908,46.0,15
synthetic_03308,cluster_t4,42,44,42,44,2,0.5,7e-05,1,1,T4,18.708,63.0,15
synthetic_03309,cluster_g2,85,86,85,86,1,0.25,0.00035,1,1,,11.3,48.0,15
synthetic_03310,cluster_p100,9,10,9,10,1,0.25,0.00025,1,1,,11.3,48.0,15
synthetic_03311,cluster_p100,93,94,93,94,1,0.25,0.00025,1,1,,24.2,91.0,15
synthetic_03312,cluster_t4,78,79,78,79,1,0.25,7e-05,1,1,,11.908,46.0,15
synthetic_03313,cluster_p100,68,69,68,69,1,0.25,0.00025,1,1,,3.152,5.46875,15
synthetic_03314,cluster_g2,9,25,9,25,16,4.0,0.00035,1,1,,3.152,5.46875,15
synthetic_03315,cluster_p100,86,87,86,87,1,0.25,0.00025,1,1,,3.152,5.46875,15
synthetic_03316,cluster_v100m16,70,76,70,76,6,1.5,0.00025,1,1,,11.4,47.0,15
synthetic_03317,cluster_t4,64,67,64,67,3,0.75,7e-05,1,1,,15.7,57.0,15
synthetic_03318,cluster_g2,11,12,11,12,1,0.25,0.00035,1,1,,8.0,29.8017578125,15
synthetic_03319,cluster_g2,21,22,21,22,1,0.25,0.00035,1,1,,9.81,40.5859375,15
synthetic_03320,cluster_g2,87,89,87,89,2,0.5,0.00035,1,1,,11.4,47.0,15
synthetic_03321,cluster_t4,44,46,44,46,2,0.5,7e-05,1,1,T4,3.152,5.46875,15
synthetic_03322,cluster_t4,12,14,12,14,2,0.5,7e-05,1,1,,11.4,47.0,15
synthetic_03323,cluster_v100m16,6,8,6,8,2,0.5,0.00025,1,1,A10|G2|T4|V100M16|V100M32,8.0,32.0,15
synthetic_03324,cluster_t4,13,15,13,15,2,0.5,7e-05,1,1,T4,4.152,10.3515625,15
synthetic_03325,cluster_v100m16,82,83,82,83,1,0.25,0.00025,1,1,V100M16|V100M32,3.152,5.46875,15
synthetic_03326,cluster_p100,79,87,79,87,8,2.0,0.00025,1,1,,3.152,5.46875,15
synthetic_03327,cluster_p100,41,42,41,42,1,0.25,0.00025,1,1,,3.152,5.46875,15
synthetic_03328,cluster_g2,37,46,37,46,9,2.25,0.00035,1,1,,12.0,24.0,15
synthetic_03329,cluster_g3,92,94,92,94,2,0.5,0.00035,1,1,,9.81,40.5859375,15
synthetic_03330,cluster_g2,49,50,49,50,1,0.25,0.00035,1,1,,12.0,48.0,15
synthetic_03331,cluster_p100,50,51,50,51,1,0.25,0.00025,1,1,,11.3,48.0,15
synthetic_03332,cluster_t4,88,91,88,91,3,0.75,7e-05,1,1,,9.81,40.5859375,15
synthetic_03333,cluster_g2,72,74,72,74,2,0.5,0.00035,1,1,,11.908,46.0,15
synthetic_03334,cluster_g2,91,92,91,92,1,0.25,0.00035,1,1,,3.152,5.46875,15
synthetic_03335,cluster_v100m16,7,10,7,10,3,0.75,0.00025,1,1,,11.9,76.0,15
synthetic_03336,cluster_v100m32,90,91,90,91,1,0.25,0.00025,1,1,V100M16|V100M32,11.908,46.0,15
synthetic_03337,cluster_t4,20,21,20,21,1,0.25,7e-05,1,1,,11.908,46.0,15
synthetic_03338,cluster_v100m32,2,7,2,7,5,1.25,0.00025,1,1,,4.0,24.0,15
synthetic_03339,cluster_g2,82,83,82,83,1,0.25,0.00035,1,1,,16.0,64.0,15
synthetic_03340,cluster_v100m32,4,5,4,5,1,0.25,0.002,8,8,,64.2,257.0,15
synthetic_03341,cluster_t4,53,58,53,58,5,1.25,7e-05,1,1,T4,15.2,79.0,15
synthetic_03342,cluster_v100m16,48,51,48,51,3,0.75,0.00025,1,1,,11.908,46.0,15
synthetic_03343,cluster_t4,66,67,66,67,1,0.25,7e-05,1,1,T4,4.152,10.3515625,15
synthetic_03344,cluster_g2,61,68,61,68,7,1.75,0.00035,1,1,,11.908,46.0,15
synthetic_03345,cluster_g3,86,87,86,87,1,0.25,0.00035,1,1,G3,24.2,91.0,15
synthetic_03346,cluster_v100m32,62,67,62,67,5,1.25,0.00025,1,1,V100M16|V100M32,4.0,24.0,15
synthetic_03347,cluster_t4,91,92,91,92,1,0.25,7e-05,1,1,T4,11.4,47.0,15
synthetic_03348,cluster_p100,70,71,70,71,1,0.25,0.00025,1,1,,4.0,29.8017578125,15
synthetic_03349,cluster_t4,44,45,44,45,1,0.25,7e-05,1,1,,11.4,47.0,15
synthetic_03350,cluster_g2,23,24,23,24,1,0.25,0.00035,1,1,,11.4,47.0,15
synthetic_03351,cluster_v100m16,8,10,8,10,2,0.5,0.00025,1,1,,11.4,47.0,15
synthetic_03352,cluster_v100m32,34,35,34,35,1,0.25,0.00025,1,1,,3.152,5.46875,15
synthetic_03353,cluster_g2,95,96,95,96,1,0.25,0.0014,4,4,G2,32.2,129.0,15
synthetic_03354,cluster_v100m16,48,51,48,51,3,0.75,0.00025,1,1,,4.0,22.3515625,15
synthetic_03355,cluster_g3,47,51,47,51,4,1.0,0.00035,1,1,,11.3,37.0,15
synthetic_03356,cluster_v100m16,26,27,26,27,1,0.25,0.00025,1,1,,11.3,48.0,15
synthetic_03357,cluster_g3,35,36,35,36,1,0.25,0.00035,1,1,,15.7,57.0,15
synthetic_03358,cluster_p100,25,26,25,26,1,0.25,0.00025,1,1,,11.908,46.0,15
synthetic_03359,cluster_t4,32,35,32,35,3,0.75,7e-05,1,1,,11.3,48.0,15
synthetic_03360,cluster_t4,50,51,50,51,1,0.25,7e-05,1,1,,3.152,5.46875,15
synthetic_03361,cluster_v100m32,75,76,75,76,1,0.25,0.00025,1,1,P100|T4|V100M16|V100M32,18.708,63.0,15
synthetic_03362,cluster_t4,31,32,31,32,1,0.25,7e-05,1,1,T4,3.152,5.46875,15
synthetic_03363,cluster_g3,90,92,90,92,2,0.5,0.00035,1,1,,11.908,46.0,15
synthetic_03364,cluster_p100,15,17,15,17,2,0.5,0.00025,1,1,P100|V100M16|V100M32,12.0,32.0,15
synthetic_03365,cluster_g2,79,80,79,80,1,0.25,0.00035,1,1,A10|G2|T4|V100M16|V100M32,11.3,48.0,15
synthetic_03366,cluster_g3,16,20,16,20,4,1.0,0.00035,1,1,,3.152,5.46875,15
synthetic_03367,cluster_v100m16,49,53,49,53,4,1.0,0.00025,1,1,,8.0,29.8017578125,15
synthetic_03368,cluster_t4,77,78,77,78,1,0.25,7e-05,1,1,T4,11.908,46.0,15
synthetic_03369,cluster_v100m16,82,83,82,83,1,0.25,0.00025,1,1,,4.152,10.3515625,15
synthetic_03370,cluster_t4,59,61,59,61,2,0.5,7e-05,1,1,T4,16.0,32.0,15
synthetic_03371,cluster_v100m16,13,27,13,27,14,3.5,0.00025,1,1,,11.908,46.0,15
synthetic_03372,cluster_g2,81,88,81,88,7,1.75,0.00035,1,1,G2,12.0,16.0,15
synthetic_03373,cluster_v100m16,91,93,91,93,2,0.5,0.00025,1,1,,8.0,29.8017578125,15
synthetic_03374,cluster_t4,60,61,60,61,1,0.25,7e-05,1,1,T4,3.152,5.46875,15
synthetic_03375,cluster_g2,6,7,6,7,1,0.25,0.00035,1,1,,3.152,5.46875,15
synthetic_03376,cluster_g2,23,24,23,24,1,0.25,0.00035,1,1,G2,11.3,48.0,15
synthetic_03377,cluster_v100m16,44,45,44,45,1,0.25,0.00025,1,1,,3.152,5.46875,15
synthetic_03378,cluster_t4,6,7,6,7,1,0.25,7e-05,1,1,T4,3.152,5.46875,15
synthetic_03379,cluster_g2,79,84,79,84,5,1.25,0.00035,1,1,,11.4,47.0,15
synthetic_03380,cluster_p100,63,64,63,64,1,0.25,0.00025,1,1,,11.908,46.0,15
synthetic_03381,cluster_t4,40,41,40,41,1,0.25,7e-05,1,1,T4,6.0,12.0,15
synthetic_03382,cluster_g3,92,93,92,93,1,0.25,0.00035,1,1,,4.152,10.3515625,15
synthetic_03383,cluster_a10,17,18,17,18,1,0.25,0.00015,1,1,,11.3,48.0,15
synthetic_03384,cluster_t4,32,33,32,33,1,0.25,7e-05,1,1,T4,4.0,14.900390625,15
synthetic_03385,cluster_g2,64,65,64,65,1,0.25,0.00035,1,1,,3.152,5.46875,15
synthetic_03386,cluster_g2,45,46,45,46,1,0.25,0.00035,1,1,,3.152,5.46875,15
synthetic_03387,cluster_p100,8,9,8,9,1,0.25,0.00025,1,1,,11.4,47.0,15
synthetic_03388,cluster_v100m32,56,58,56,58,2,0.5,0.00025,1,1,,6.0,22.3515625,15
synthetic_03389,cluster_p100,64,65,64,65,1,0.25,0.00025,1,1,,3.152,5.46875,15
synthetic_03390,cluster_t4,16,18,16,18,2,0.5,7e-05,1,1,T4,3.152,5.46875,15
synthetic_03391,cluster_p100,88,93,88,93,5,1.25,0.00025,1,1,P100,4.0,29.8017578125,15
synthetic_03392,cluster_t4,21,22,21,22,1,0.25,7e-05,1,1,T4,3.152,5.46875,15
synthetic_03393,cluster_p100,51,53,51,53,2,0.5,0.00025,1,1,,11.3,48.0,15
synthetic_03394,cluster_t4,2,3,2,3,1,0.25,7e-05,1,1,,18.708,63.0,15
synthetic_03395,cluster_g2,78,81,78,81,3,0.75,0.00035,1,1,G2,24.2,91.0,15
synthetic_03396,cluster_p100,60,61,60,61,1,0.25,0.00025,1,1,,11.4,47.0,15
synthetic_03397,cluster_g2,36,37,36,37,1,0.25,0.00035,1,1,,9.81,40.5859375,15
synthetic_03398,cluster_t4,53,54,53,54,1,0.25,7e-05,1,1,T4,9.81,40.5859375,15
synthetic_03399,cluster_g2,59,64,59,64,5,1.25,0.00035,1,1,,4.0,24.0,15
synthetic_03400,cluster_p100,32,33,32,33,1,0.25,0.00025,1,1,,3.152,5.46875,15
synthetic_03401,cluster_t4,95,96,95,96,1,0.25,7e-05,1,1,,3.152,5.46875,15
synthetic_03402,cluster_p100,79,94,79,94,15,3.75,0.00025,1,1,,12.0,15.0,15
synthetic_03403,cluster_g2,39,40,39,40,1,0.25,0.00035,1,1,G2,11.3,48.0,15
synthetic_03404,cluster_p100,57,59,57,59,2,0.5,0.00025,1,1,P100|V100M16|V100M32,12.0,32.0,15
synthetic_03405,cluster_v100m16,11,12,11,12,1,0.25,0.00025,1,1,,3.152,5.46875,15
synthetic_03406,cluster_v100m32,95,96,95,96,1,0.25,0.00025,1,1,,11.3,48.0,15
synthetic_03407,cluster_v100m32,14,16,14,16,2,0.5,0.00025,1,1,P100|V100M16|V100M32,11.4,76.0,15
synthetic_03408,cluster_g2,36,37,36,37,1,0.25,0.00035,1,1,,3.152,5.46875,15
synthetic_03409,cluster_v100m16,90,93,90,93,3,0.75,0.00025,1,1,,12.0,24.0,15
synthetic_03410,cluster_g3,68,73,68,73,5,1.25,0.00035,1,1,,11.4,47.0,15
synthetic_03411,cluster_g2,38,39,38,39,1,0.25,0.00035,1,1,,18.708,63.0,15
synthetic_03412,cluster_p100,1,5,1,5,4,1.0,0.00025,1,1,,11.4,47.0,15
synthetic_03413,cluster_t4,56,60,56,60,4,1.0,7e-05,1,1,T4,14.2,57.0,15
synthetic_03414,cluster_v100m32,69,70,69,70,1,0.25,0.00025,1,1,,3.152,5.46875,15
synthetic_03415,cluster_g2,79,81,79,81,2,0.5,0.00035,1,1,G2,24.2,91.0,15
synthetic_03416,cluster_t4,75,76,75,76,1,0.25,7e-05,1,1,,4.0,24.0,15
synthetic_03417,cluster_t4,64,65,64,65,1,0.25,7e-05,1,1,,3.152,5.46875,15
synthetic_03418,cluster_t4,47,49,47,49,2,0.5,7e-05,1,1,T4,3.152,5.46875,15
synthetic_03419,cluster_g2,41,56,41,56,15,3.75,0.00035,1,1,,12.0,15.0,15
synthetic_03420,cluster_v100m16,35,36,35,36,1,0.25,0.00025,1,1,,3.152,5.46875,15
synthetic_03421,cluster_g2,46,47,46,47,1,0.25,0.00035,1,1,,3.152,5.46875,15
synthetic_03422,cluster_v100m16,73,75,73,75,2,0.5,0.00025,1,1,,16.0,32.0,15
synthetic_03423,cluster_t4,3,5,3,5,2,0.5,7e-05,1,1,T4,3.152,5.46875,15
synthetic_03424,cluster_t4,77,81,77,81,4,1.0,7e-05,1,1,T4,11.4,47.0,15
synthetic_03425,cluster_t4,61,62,61,62,1,0.25,7e-05,1,1,T4,3.152,5.46875,15
synthetic_03426,cluster_p100,62,65,62,65,3,0.75,0.00025,1,1,,16.0,32.0,15
synthetic_03427,cluster_p100,95,96,95,96,1,0.25,0.00025,1,1,,3.152,5.46875,15
synthetic_03428,cluster_g3,54,56,54,56,2,0.5,0.00035,1,1,,3.152,5.46875,15
synthetic_03429,cluster_g3,65,67,65,67,2,0.5,0.00035,1,1,,11.4,47.0,15
synthetic_03430,cluster_v100m16,80,81,80,81,1,0.25,0.00025,1,1,,4.152,10.3515625,15
synthetic_03431,cluster_t4,93,94,93,94,1,0.25,7e-05,1,1,T4,3.152,5.46875,15
synthetic_03432,cluster_g2,73,74,73,74,1,0.25,0.00035,1,1,,3.152,5.46875,15
synthetic_03433,cluster_v100m32,47,48,47,48,1,0.25,0.00025,1,1,,11.3,48.0,15
synthetic_03434,cluster_v100m32,76,77,76,77,1,0.25,0.00025,1,1,,18.708,63.0,15
synthetic_03435,cluster_t4,88,89,88,89,1,0.25,7e-05,1,1,T4,12.0,24.0,15
synthetic_03436,cluster_p100,55,57,55,57,2,0.5,0.00025,1,1,,11.4,47.0,15
synthetic_03437,cluster_g3,61,64,61,64,3,0.75,0.00035,1,1,,12.0,24.0,15
synthetic_03438,cluster_t4,1,6,1,6,5,1.25,7e-05,1,1,,4.0,14.900390625,15
synthetic_03439,cluster_t4,92,93,92,93,1,0.25,7e-05,1,1,,3.152,5.46875,15
synthetic_03440,cluster_p100,93,94,93,94,1,0.25,0.00025,1,1,,8.0,29.8017578125,15
synthetic_03441,cluster_g2,37,38,37,38,1,0.25,0.00035,1,1,,3.152,5.46875,15
synthetic_03442,cluster_p100,74,79,74,79,5,1.25,0.00025,1,1,P100,4.0,29.8017578125,15
synthetic_03443,cluster_v100m32,33,34,33,34,1,0.25,0.00025,1,1,,3.152,5.46875,15
synthetic_03444,cluster_t4,85,86,85,86,1,0.25,7e-05,1,1,T4,3.152,5.46875,15
synthetic_03445,cluster_g2,37,43,37,43,6,1.5,0.00035,1,1,,4.0,24.0,15
synthetic_03446,cluster_v100m16,79,80,79,80,1,0.25,0.00025,1,1,,11.908,46.0,15
synthetic_03447,cluster_p100,24,28,24,28,4,1.0,0.00025,1,1,,3.152,5.46875,15
synthetic_03448,cluster_t4,26,27,26,27,1,0.25,7e-05,1,1,T4,9.81,40.5859375,15
synthetic_03449,cluster_v100m32,30,31,30,31,1,0.25,0.00025,1,1,,11.4,47.0,15
synthetic_03450,cluster_g3,66,74,66,74,8,2.0,0.00035,1,1,,12.0,24.0,15
synthetic_03451,cluster_p100,9,10,9,10,1,0.25,0.00025,1,1,P100,8.0,29.8017578125,15
synthetic_03452,cluster_t4,46,49,46,49,3,0.75,7e-05,1,1,,11.4,47.0,15
synthetic_03453,cluster_p100,4,7,4,7,3,0.75,0.00025,1,1,P100|V100M16|V100M32,11.4,76.0,15
synthetic_03454,cluster_v100m32,71,72,71,72,1,0.25,0.00025,1,1,,11.908,46.0,15
synthetic_03455,cluster_p100,55,56,55,56,1,0.25,0.00025,1,1,,3.152,5.46875,15
synthetic_03456,cluster_v100m32,47,48,47,48,1,0.25,0.00025,1,1,,11.3,48.0,15
synthetic_03457,cluster_t4,85,87,85,87,2,0.5,7e-05,1,1,T4,11.4,47.0,15
synthetic_03458,cluster_t4,20,21,20,21,1,0.25,7e-05,1,1,,4.152,10.3515625,15
synthetic_03459,cluster_g2,63,66,63,66,3,0.75,0.00035,1,1,G2,15.7,57.0,15
synthetic_03460,cluster_v100m32,13,14,13,14,1,0.25,0.00025,1,1,,11.3,48.0,15
synthetic_03461,cluster_g2,51,65,51,65,14,3.5,0.00035,1,1,G2,9.81,40.5859375,15
synthetic_03462,cluster_p100,54,55,54,55,1,0.25,0.00025,1,1,,24.2,91.0,15
synthetic_03463,cluster_t4,14,15,14,15,1,0.25,7e-05,1,1,,3.152,5.46875,15
synthetic_03464,cluster_g3,59,63,59,63,4,1.0,0.00035,1,1,,11.4,47.0,15
synthetic_03465,cluster_t4,55,56,55,56,1,0.25,7e-05,1,1,T4,3.152,5.46875,15
synthetic_03466,cluster_g3,49,51,49,51,2,0.5,0.00035,1,1,,8.0,29.8017578125,15
synthetic_03467,cluster_g3,68,69,68,69,1,0.25,0.00035,1,1,,3.152,5.46875,15
synthetic_03468,cluster_g2,93,96,93,96,3,0.75,0.00035,1,1,,11.908,46.0,15
synthetic_03469,cluster_g3,44,45,44,45,1,0.25,0.00035,1,1,,11.3,48.0,15
synthetic_03470,cluster_g3,27,37,27,37,10,2.5,0.00035,1,1,,8.0,29.8017578125,15
synthetic_03471,cluster_t4,60,61,60,61,1,0.25,0.00028,4,4,,60.2,313.0,15
synthetic_03472,cluster_g2,17,18,17,18,1,0.25,0.00035,1,1,,11.3,48.0,15
synthetic_03473,cluster_g2,15,16,15,16,1,0.25,0.00035,1,1,,18.708,63.0,15
synthetic_03474,cluster_g2,62,67,62,67,5,1.25,0.00035,1,1,,11.4,47.0,15
synthetic_03475,cluster_t4,80,93,80,93,13,3.25,7e-05,1,1,T4,14.2,57.0,15
synthetic_03476,cluster_v100m32,9,10,9,10,1,0.25,0.00025,1,1,,11.3,48.0,15
synthetic_03477,cluster_g2,1,2,1,2,1,0.25,0.00035,1,1,,4.0,29.8017578125,15
synthetic_03478,cluster_t4,91,92,91,92,1,0.25,7e-05,1,1,T4,11.3,48.0,15
synthetic_03479,cluster_t4,81,85,81,85,4,1.0,7e-05,1,1,,11.4,47.0,15
synthetic_03480,cluster_t4,79,86,79,86,7,1.75,7e-05,1,1,,9.81,40.5859375,15
synthetic_03481,cluster_v100m32,59,60,59,60,1,0.25,0.00025,1,1,,3.152,5.46875,15
synthetic_03482,cluster_v100m32,12,17,12,17,5,1.25,0.00025,1,1,,9.81,40.5859375,15
synthetic_03483,cluster_g2,39,40,39,40,1,0.25,0.00035,1,1,,11.3,48.0,15
synthetic_03484,cluster_g2,60,62,60,62,2,0.5,0.00035,1,1,,8.0,16.0,15
synthetic_03485,cluster_t4,51,52,51,52,1,0.25,7e-05,1,1,T4,3.152,5.46875,15
synthetic_03486,cluster_g2,6,7,6,7,1,0.25,0.00035,1,1,,3.152,5.46875,15
synthetic_03487,cluster_g2,46,47,46,47,1,0.25,0.00035,1,1,G2,11.9,76.0,15
synthetic_03488,cluster_p100,8,10,8,10,2,0.5,0.00025,1,1,,11.908,46.0,15
synthetic_03489,cluster_v100m16,0,2,0,2,2,0.5,0.00025,1,1,,11.908,46.0,15
synthetic_03490,cluster_g2,55,57,55,57,2,0.5,0.00035,1,1,,3.152,5.46875,15
synthetic_03491,cluster_g2,49,51,49,51,2,0.5,0.00035,1,1,,4.0,22.3515625,15
synthetic_03492,cluster_a10,60,61,60,61,1,0.25,0.00015,1,1,,15.7,57.0,15
synthetic_03493,cluster_v100m16,45,50,45,50,5,1.25,0.00025,1,1,,15.2,79.0,15
synthetic_03494,cluster_g2,39,40,39,40,1,0.25,0.00035,1,1,,3.152,5.46875,15
synthetic_03495,cluster_p100,25,26,25,26,1,0.25,0.00025,1,1,P100,3.152,5.46875,15
synthetic_03496,cluster_g2,64,68,64,68,4,1.0,0.00035,1,1,,9.81,40.5859375,15
synthetic_03497,cluster_v100m16,57,58,57,58,1,0.25,0.00025,1,1,,3.152,5.46875,15
synthetic_03498,cluster_v100m16,15,26,15,26,11,2.75,0.00025,1,1,,4.0,22.3515625,15
synthetic_03499,cluster_t4,35,36,35,36,1,0.25,7e-05,1,1,,11.3,48.0,15
synthetic_03500,cluster_g3,26,27,26,27,1,0.25,0.00035,1,1,,9.81,40.5859375,15
synthetic_03501,cluster_p100,84,85,84,85,1,0.25,0.00025,1,1,,18.708,63.0,15
synthetic_03502,cluster_v100m32,47,50,47,50,3,0.75,0.00025,1,1,,15.7,57.0,15
synthetic_03503,cluster_t4,61,62,61,62,1,0.25,7e-05,1,1,T4,11.908,46.0,15
synthetic_03504,cluster_p100,72,74,72,74,2,0.5,0.00025,1,1,,6.0,18.0,15
synthetic_03505,cluster_t4,12,25,12,25,13,3.25,7e-05,1,1,T4,12.0,15.0,15
synthetic_03506,cluster_v100m16,36,37,36,37,1,0.25,0.00025,1,1,,8.0,16.0,15
synthetic_03507,cluster_t4,19,20,19,20,1,0.25,7e-05,1,1,T4,24.2,91.0,15
synthetic_03508,cluster_t4,62,64,62,64,2,0.5,7e-05,1,1,,3.152,5.46875,15
synthetic_03509,cluster_p100,58,65,58,65,7,1.75,0.00025,1,1,,3.152,5.46875,15
synthetic_03510,cluster_p100,86,87,86,87,1,0.25,0.00025,1,1,,11.4,47.0,15
synthetic_03511,cluster_t4,37,38,37,38,1,0.25,7e-05,1,1,,3.152,5.46875,15
synthetic_03512,cluster_t4,73,74,73,74,1,0.25,7e-05,1,1,,3.152,5.46875,15
synthetic_03513,cluster_v100m16,70,73,70,73,3,0.75,0.00025,1,1,,11.908,46.0,15
synthetic_03514,cluster_g2,78,79,78,79,1,0.25,0.00035,1,1,G2,11.4,47.0,15
synthetic_03515,cluster_v100m16,59,60,59,60,1,0.25,0.00025,1,1,,11.3,48.0,15
synthetic_03516,cluster_t4,30,31,30,31,1,0.25,7e-05,1,1,T4,3.152,5.46875,15
synthetic_03517,cluster_v100m16,62,78,62,78,16,4.0,0.00025,1,1,,4.0,14.900390625,15
synthetic_03518,cluster_v100m16,45,58,45,58,13,3.25,0.00025,1,1,P100|V100M16|V100M32,18.708,63.0,15
synthetic_03519,cluster_v100m16,30,31,30,31,1,0.25,0.00025,1,1,,9.81,40.5859375,15
synthetic_03520,cluster_g2,9,10,9,10,1,0.25,0.00035,1,1,G2,3.152,5.46875,15
synthetic_03521,cluster_g2,27,28,27,28,1,0.25,0.00035,1,1,,4.152,10.3515625,15
synthetic_03522,cluster_v100m16,81,85,81,85,4,1.0,0.00025,1,1,P100|V100M16|V100M32,11.9,76.0,15
synthetic_03523,cluster_t4,66,68,66,68,2,0.5,7e-05,1,1,,16.0,64.0,15
synthetic_03524,cluster_t4,48,50,48,50,2,0.5,7e-05,1,1,T4,4.0,29.8017578125,15
synthetic_03525,cluster_g3,16,17,16,17,1,0.25,0.00035,1,1,,11.4,47.0,15
synthetic_03526,cluster_g3,13,14,13,14,1,0.25,0.00035,1,1,,3.152,5.46875,15
synthetic_03527,cluster_v100m16,22,23,22,23,1,0.25,0.00025,1,1,,11.3,48.0,15
synthetic_03528,cluster_t4,67,68,67,68,1,0.25,7e-05,1,1,,11.3,48.0,15
synthetic_03529,cluster_g2,19,20,19,20,1,0.25,0.00035,1,1,,3.152,5.46875,15
synthetic_03530,cluster_p100,54,56,54,56,2,0.5,0.00025,1,1,,11.908,46.0,15
synthetic_03531,cluster_t4,72,87,72,87,15,3.75,7e-05,1,1,T4,3.152,5.46875,15
synthetic_03532,cluster_v100m32,78,83,78,83,5,1.25,0.00025,1,1,,4.0,24.0,15
synthetic_03533,cluster_t4,77,78,77,78,1,0.25,7e-05,1,1,,3.152,5.46875,15
synthetic_03534,cluster_g3,37,50,37,50,13,3.25,0.00035,1,1,,11.908,46.0,15
synthetic_03535,cluster_p100,67,68,67,68,1,0.25,0.00025,1,1,,18.708,63.0,15
synthetic_03536,cluster_v100m32,72,73,72,73,1,0.25,0.00025,1,1,,11.3,48.0,15
synthetic_03537,cluster_t4,81,83,81,83,2,0.5,7e-05,1,1,,4.0,32.0,15
synthetic_03538,cluster_g2,30,33,30,33,3,0.75,0.00035,1,1,,15.7,57.0,15
synthetic_03539,cluster_t4,82,83,82,83,1,0.25,7e-05,1,1,T4,3.152,5.46875,15
synthetic_03540,cluster_g2,69,70,69,70,1,0.25,0.00035,1,1,,3.152,5.46875,15
synthetic_03541,cluster_t4,65,66,65,66,1,0.25,7e-05,1,1,,3.152,5.46875,15
synthetic_03542,cluster_v100m32,76,77,76,77,1,0.25,0.00025,1,1,,4.152,10.3515625,15
synthetic_03543,cluster_g3,63,64,63,64,1,0.25,0.00035,1,1,,16.4,123.0,15
synthetic_03544,cluster_v100m16,75,76,75,76,1,0.25,0.00025,1,1,,11.908,46.0,15
synthetic_03545,cluster_g3,12,17,12,17,5,1.25,0.00035,1,1,,11.908,46.0,15
synthetic_03546,cluster_p100,80,81,80,81,1,0.25,0.00025,1,1,,8.0,29.8017578125,15
synthetic_03547,cluster_g2,11,13,11,13,2,0.5,0.00035,1,1,G2,8.2,33.0,15
synthetic_03548,cluster_v100m16,4,5,4,5,1,0.25,0.00025,1,1,,11.3,48.0,15
synthetic_03549,cluster_g2,80,85,80,85,5,1.25,0.00035,1,1,G2,8.0,16.0,15
synthetic_03550,cluster_v100m32,83,88,83,88,5,1.25,0.00025,1,1,V100M16|V100M32,4.0,24.0,15
synthetic_03551,cluster_v100m16,54,56,54,56,2,0.5,0.00025,1,1,P100|T4|V100M16|V100M32,11.3,48.0,15
synthetic_03552,cluster_t4,76,77,76,77,1,0.25,7e-05,1,1,T4,11.908,46.0,15
synthetic_03553,cluster_g2,31,32,31,32,1,0.25,0.00035,1,1,G2,3.152,5.46875,15
synthetic_03554,cluster_t4,27,32,27,32,5,1.25,7e-05,1,1,T4,4.0,24.0,15
synthetic_03555,cluster_g3,73,74,73,74,1,0.25,0.00035,1,1,,11.3,48.0,15
synthetic_03556,cluster_g2,12,15,12,15,3,0.75,0.00035,1,1,,6.0,23.0,15
synthetic_03557,cluster_t4,28,30,28,30,2,0.5,7e-05,1,1,,8.0,32.0,15
synthetic_03558,cluster_t4,34,36,34,36,2,0.5,7e-05,1,1,,11.3,48.0,15
synthetic_03559,cluster_t4,87,91,87,91,4,1.0,7e-05,1,1,T4,11.4,47.0,15
synthetic_03560,cluster_t4,58,59,58,59,1,0.25,7e-05,1,1,T4,12.0,16.0,15
synthetic_03561,cluster_p100,22,23,22,23,1,0.25,0.00025,1,1,,11.908,46.0,15
synthetic_03562,cluster_v100m32,47,50,47,50,3,0.75,0.00025,1,1,,15.7,57.0,15
synthetic_03563,cluster_g3,67,69,67,69,2,0.5,0.00035,1,1,,11.3,48.0,15
synthetic_03564,cluster_t4,65,66,65,66,1,0.25,7e-05,1,1,T4,4.152,10.3515625,15
synthetic_03565,cluster_g3,9,14,9,14,5,1.25,0.00035,1,1,,4.0,24.0,15
synthetic_03566,cluster_t4,24,30,24,30,6,1.5,7e-05,1,1,T4,4.0,30.517578125,15
synthetic_03567,cluster_t4,16,17,16,17,1,0.25,7e-05,1,1,T4,11.4,47.0,15
synthetic_03568,cluster_g3,72,73,72,73,1,0.25,0.00035,1,1,,3.152,5.46875,15
synthetic_03569,cluster_t4,56,57,56,57,1,0.25,7e-05,1,1,T4,3.152,5.46875,15
synthetic_03570,cluster_g2,58,59,58,59,1,0.25,0.00035,1,1,,11.4,47.0,15
synthetic_03571,cluster_p100,61,62,61,62,1,0.25,0.00025,1,1,,11.4,76.0,15
synthetic_03572,cluster_t4,71,72,71,72,1,0.25,7e-05,1,1,T4,11.3,48.0,15
synthetic_03573,cluster_t4,70,71,70,71,1,0.25,7e-05,1,1,T4,11.3,48.0,15
synthetic_03574,cluster_v100m32,74,76,74,76,2,0.5,0.00025,1,1,,3.152,5.46875,15
synthetic_03575,cluster_v100m16,93,94,93,94,1,0.25,0.00025,1,1,V100M16|V100M32,11.908,46.0,15
synthetic_03576,cluster_g2,50,51,50,51,1,0.25,0.00035,1,1,,11.3,48.0,15
synthetic_03577,cluster_v100m32,89,91,89,91,2,0.5,0.00025,1,1,,4.0,30.517578125,15
synthetic_03578,cluster_v100m32,67,68,67,68,1,0.25,0.00025,1,1,,11.908,46.0,15
synthetic_03579,cluster_t4,56,58,56,58,2,0.5,7e-05,1,1,T4,4.0,14.900390625,15
synthetic_03580,cluster_v100m16,9,12,9,12,3,0.75,0.00025,1,1,,11.908,46.0,15
synthetic_03581,cluster_v100m16,52,57,52,57,5,1.25,0.00025,1,1,,9.81,40.5859375,15
synthetic_03582,cluster_v100m16,57,59,57,59,2,0.5,0.00025,1,1,,9.81,40.5859375,15
synthetic_03583,cluster_v100m16,93,95,93,95,2,0.5,0.00025,1,1,,15.4,88.0,15
synthetic_03584,cluster_t4,78,82,78,82,4,1.0,7e-05,1,1,,3.152,5.46875,15
synthetic_03585,cluster_p100,27,28,27,28,1,0.25,0.00025,1,1,,11.908,46.0,15
synthetic_03586,cluster_t4,86,89,86,89,3,0.75,7e-05,1,1,,15.7,57.0,15
synthetic_03587,cluster_t4,34,43,34,43,9,2.25,7e-05,1,1,,1.0,2.0,15
synthetic_03588,cluster_v100m32,57,58,57,58,1,0.25,0.00025,1,1,,18.708,63.0,15
synthetic_03589,cluster_g3,42,43,42,43,1,0.25,0.00035,1,1,,11.3,48.0,15
synthetic_03590,cluster_t4,12,19,12,19,7,1.75,7e-05,1,1,T4,4.0,22.3515625,15
synthetic_03591,cluster_p100,3,11,3,11,8,2.0,0.00025,1,1,,11.908,46.0,15
synthetic_03592,cluster_v100m16,94,95,94,95,1,0.25,0.00025,1,1,,11.4,47.0,15
synthetic_03593,cluster_v100m32,79,80,79,80,1,0.25,0.00025,1,1,,9.81,40.5859375,15
synthetic_03594,cluster_t4,61,62,61,62,1,0.25,7e-05,1,1,,3.152,5.46875,15
synthetic_03595,cluster_g3,92,93,92,93,1,0.25,0.00035,1,1,,11.908,46.0,15
synthetic_03596,cluster_g2,8,9,8,9,1,0.25,0.0028,8,8,G2,88.0,320.0,15
synthetic_03597,cluster_v100m16,89,90,89,90,1,0.25,0.00025,1,1,,1.0,2.0,15
synthetic_03598,cluster_t4,33,35,33,35,2,0.5,7e-05,1,1,T4,11.908,46.0,15
synthetic_03599,cluster_v100m16,48,50,48,50,2,0.5,0.00025,1,1,,4.0,29.8017578125,15
synthetic_03600,cluster_g2,27,31,27,31,4,1.0,0.00035,1,1,G2,11.3,48.0,15
synthetic_03601,cluster_t4,19,20,19,20,1,0.25,7e-05,1,1,A10|T4,11.3,48.0,15
synthetic_03602,cluster_g2,58,62,58,62,4,1.0,0.00035,1,1,,4.0,22.3515625,15
synthetic_03603,cluster_g2,90,91,90,91,1,0.25,0.00035,1,1,,3.152,5.46875,15
synthetic_03604,cluster_p100,42,44,42,44,2,0.5,0.00025,1,1,,11.4,47.0,15
synthetic_03605,cluster_g2,76,77,76,77,1,0.25,0.00035,1,1,,3.152,5.46875,15
synthetic_03606,cluster_g3,11,12,11,12,1,0.25,0.00035,1,1,,3.152,5.46875,15
synthetic_03607,cluster_t4,41,42,41,42,1,0.25,7e-05,1,1,T4,3.152,5.46875,15
synthetic_03608,cluster_p100,10,12,10,12,2,0.5,0.00025,1,1,,11.4,47.0,15
synthetic_03609,cluster_t4,52,53,52,53,1,0.25,7e-05,1,1,,18.708,63.0,15
synthetic_03610,cluster_v100m32,74,75,74,75,1,0.25,0.00025,1,1,,11.4,47.0,15
synthetic_03611,cluster_v100m16,54,55,54,55,1,0.25,0.00025,1,1,,3.152,5.46875,15
synthetic_03612,cluster_t4,78,80,78,80,2,0.5,7e-05,1,1,,11.4,47.0,15
synthetic_03613,cluster_v100m16,54,55,54,55,1,0.25,0.00025,1,1,,3.152,5.46875,15
synthetic_03614,cluster_v100m16,30,31,30,31,1,0.25,0.00025,1,1,,11.3,48.0,15
synthetic_03615,cluster_v100m16,59,60,59,60,1,0.25,0.00025,1,1,V100M16|V100M32,11.4,47.0,15
synthetic_03616,cluster_p100,20,21,20,21,1,0.25,0.00025,1,1,,11.3,48.0,15
synthetic_03617,cluster_g3,90,91,90,91,1,0.25,0.00035,1,1,G3,15.2,79.0,15
synthetic_03618,cluster_t4,38,42,38,42,4,1.0,7e-05,1,1,T4,12.0,16.0,15
synthetic_03619,cluster_v100m32,1,2,1,2,1,0.25,0.00025,1,1,,3.152,5.46875,15
synthetic_03620,cluster_g2,24,29,24,29,5,1.25,0.00035,1,1,,4.0,14.900390625,15
synthetic_03621,cluster_v100m32,25,26,25,26,1,0.25,0.00025,1,1,,3.152,5.46875,15
synthetic_03622,cluster_t4,73,75,73,75,2,0.5,7e-05,1,1,T4,11.908,46.0,15
synthetic_03623,cluster_v100m32,80,82,80,82,2,0.5,0.00025,1,1,,11.4,47.0,15
synthetic_03624,cluster_p100,60,70,60,70,10,2.5,0.00025,1,1,,11.4,47.0,15
synthetic_03625,cluster_g2,84,92,84,92,8,2.0,0.00035,1,1,,11.4,47.0,15
synthetic_03626,cluster_v100m16,48,49,48,49,1,0.25,0.00025,1,1,V100M16|V100M32,3.152,5.46875,15
synthetic_03627,cluster_v100m16,39,40,39,40,1,0.25,0.00025,1,1,,3.152,5.46875,15
synthetic_03628,cluster_g2,46,47,46,47,1,0.25,0.00035,1,1,,3.152,5.46875,15
synthetic_03629,cluster_g2,0,1,0,1,1,0.25,0.00035,1,1,,3.152,5.46875,15
synthetic_03630,cluster_v100m16,51,66,51,66,15,3.75,0.00025,1,1,,3.152,5.46875,15
synthetic_03631,cluster_g3,19,22,19,22,3,0.75,0.00035,1,1,,12.0,24.0,15
synthetic_03632,cluster_t4,8,9,8,9,1,0.25,7e-05,1,1,T4,11.3,48.0,15
synthetic_03633,cluster_p100,8,9,8,9,1,0.25,0.00025,1,1,,8.0,29.8017578125,15
synthetic_03634,cluster_p100,82,84,82,84,2,0.5,0.00025,1,1,,11.3,48.0,15
synthetic_03635,cluster_p100,57,58,57,58,1,0.25,0.00025,1,1,,11.908,46.0,15
synthetic_03636,cluster_t4,20,23,20,23,3,0.75,7e-05,1,1,T4,11.3,48.0,15
synthetic_03637,cluster_v100m32,4,8,4,8,4,1.0,0.00025,1,1,P100|T4|V100M16|V100M32,8.2,33.0,15
synthetic_03638,cluster_t4,54,55,54,55,1,0.25,7e-05,1,1,T4,11.4,47.0,15
synthetic_03639,cluster_g3,39,40,39,40,1,0.25,0.00035,1,1,,11.3,48.0,15
synthetic_03640,cluster_g3,86,87,86,87,1,0.25,0.00035,1,1,,3.152,5.46875,15
synthetic_03641,cluster_t4,12,17,12,17,5,1.25,7e-05,1,1,T4,4.0,24.0,15
synthetic_03642,cluster_g2,26,28,26,28,2,0.5,0.00035,1,1,,2.0,8.0,15
synthetic_03643,cluster_p100,62,63,62,63,1,0.25,0.00025,1,1,P100,3.152,5.46875,15
synthetic_03644,cluster_t4,21,23,21,23,2,0.5,7e-05,1,1,,11.908,46.0,15
synthetic_03645,cluster_t4,27,28,27,28,1,0.25,7e-05,1,1,T4,14.2,57.0,15
synthetic_03646,cluster_v100m32,74,87,74,87,13,3.25,0.00025,1,1,,4.0,22.3515625,15
synthetic_03647,cluster_g3,61,63,61,63,2,0.5,0.00035,1,1,,4.0,30.517578125,15
synthetic_03648,cluster_v100m16,48,50,48,50,2,0.5,0.00025,1,1,,11.3,48.0,15
synthetic_03649,cluster_g3,21,22,21,22,1,0.25,0.00035,1,1,,3.152,5.46875,15
synthetic_03650,cluster_t4,32,33,32,33,1,0.25,7e-05,1,1,,3.152,5.46875,15
synthetic_03651,cluster_t4,65,68,65,68,3,0.75,7e-05,1,1,T4,3.152,5.46875,15
synthetic_03652,cluster_t4,24,26,24,26,2,0.5,7e-05,1,1,T4,11.908,46.0,15
synthetic_03653,cluster_v100m16,81,83,81,83,2,0.5,0.00025,1,1,,11.3,48.0,15
synthetic_03654,cluster_p100,11,19,11,19,8,2.0,0.00025,1,1,P100,4.0,14.900390625,15
synthetic_03655,cluster_g3,38,45,38,45,7,1.75,0.00035,1,1,,24.2,91.0,15
synthetic_03656,cluster_g2,76,77,76,77,1,0.25,0.00035,1,1,G2|P100|T4|V100M16|V100M32,3.152,5.46875,15
synthetic_03657,cluster_g2,2,3,2,3,1,0.25,0.00035,1,1,,3.152,5.46875,15
synthetic_03658,cluster_v100m32,50,52,50,52,2,0.5,0.00025,1,1,,4.0,14.900390625,15
synthetic_03659,cluster_v100m16,75,76,75,76,1,0.25,0.00025,1,1,,8.0,29.8017578125,15
synthetic_03660,cluster_v100m32,8,9,8,9,1,0.25,0.00025,1,1,,3.152,5.46875,15
synthetic_03661,cluster_g2,92,94,92,94,2,0.5,0.00035,1,1,G2,8.0,16.0,15
synthetic_03662,cluster_t4,66,68,66,68,2,0.5,7e-05,1,1,T4,11.4,47.0,15
synthetic_03663,cluster_g2,62,63,62,63,1,0.25,0.00035,1,1,G2,11.3,48.0,15
synthetic_03664,cluster_v100m16,82,84,82,84,2,0.5,0.00025,1,1,V100M16|V100M32,11.3,48.0,15
synthetic_03665,cluster_t4,86,88,86,88,2,0.5,7e-05,1,1,T4,11.3,48.0,15
synthetic_03666,cluster_g2,6,7,6,7,1,0.25,0.00035,1,1,,3.152,5.46875,15
synthetic_03667,cluster_g3,67,73,67,73,6,1.5,0.00035,1,1,,11.4,47.0,15
synthetic_03668,cluster_v100m32,24,26,24,26,2,0.5,0.00025,1,1,,11.3,48.0,15
synthetic_03669,cluster_v100m32,90,91,90,91,1,0.25,0.00025,1,1,,11.3,48.0,15
synthetic_03670,cluster_v100m16,95,96,95,96,1,0.25,0.00025,1,1,,3.152,5.46875,15
synthetic_03671,cluster_g2,20,22,20,22,2,0.5,0.00035,1,1,,8.0,29.8017578125,15
synthetic_03672,cluster_t4,83,84,83,84,1,0.25,7e-05,1,1,,11.908,46.0,15
synthetic_03673,cluster_g3,29,31,29,31,2,0.5,0.00035,1,1,,8.0,16.0,15
synthetic_03674,cluster_v100m32,12,23,12,23,11,2.75,0.00025,1,1,,4.0,22.3515625,15
synthetic_03675,cluster_p100,18,19,18,19,1,0.25,0.00025,1,1,,14.2,57.0,15
synthetic_03676,cluster_g3,39,40,39,40,1,0.25,0.00035,1,1,,3.152,5.46875,15
synthetic_03677,cluster_p100,43,46,43,46,3,0.75,0.00025,1,1,,9.81,40.5859375,15
synthetic_03678,cluster_v100m32,41,42,41,42,1,0.25,0.00025,1,1,,3.152,5.46875,15
synthetic_03679,cluster_t4,17,20,17,20,3,0.75,7e-05,1,1,T4,11.908,46.0,15
synthetic_03680,cluster_g2,82,83,82,83,1,0.25,0.00035,1,1,,11.908,46.0,15
synthetic_03681,cluster_t4,56,57,56,57,1,0.25,7e-05,1,1,,11.908,46.0,15
synthetic_03682,cluster_g2,90,91,90,91,1,0.25,0.00035,1,1,G2,3.152,5.46875,15
synthetic_03683,cluster_g2,60,61,60,61,1,0.25,0.00035,1,1,,11.4,47.0,15
synthetic_03684,cluster_p100,94,95,94,95,1,0.25,0.00025,1,1,,3.152,5.46875,15
synthetic_03685,cluster_g2,5,10,5,10,5,1.25,0.00035,1,1,,8.0,16.0,15
synthetic_03686,cluster_p100,47,50,47,50,3,0.75,0.00025,1,1,,16.0,32.0,15
synthetic_03687,cluster_t4,89,90,89,90,1,0.25,7e-05,1,1,T4,11.908,46.0,15
synthetic_03688,cluster_v100m32,24,26,24,26,2,0.5,0.00025,1,1,,4.152,10.3515625,15
synthetic_03689,cluster_t4,10,22,10,22,12,3.0,7e-05,1,1,P100|T4|V100M16|V100M32,18.708,63.0,15
synthetic_03690,cluster_a10,44,45,44,45,1,0.25,0.00015,1,1,,11.3,48.0,15
synthetic_03691,cluster_v100m32,59,60,59,60,1,0.25,0.00025,1,1,,3.152,5.46875,15
synthetic_03692,cluster_v100m32,63,74,63,74,11,2.75,0.00025,1,1,,14.2,57.0,15
synthetic_03693,cluster_t4,55,56,55,56,1,0.25,7e-05,1,1,T4,18.708,63.0,15
synthetic_03694,cluster_p100,50,51,50,51,1,0.25,0.00025,1,1,P100|V100M16|V100M32,11.3,48.0,15
synthetic_03695,cluster_p100,75,76,75,76,1,0.25,0.00025,1,1,,9.81,40.5859375,15
synthetic_03696,cluster_g3,41,43,41,43,2,0.5,0.00035,1,1,,15.2,79.0,15
synthetic_03697,cluster_t4,32,33,32,33,1,0.25,7e-05,1,1,T4,4.0,29.8017578125,15
synthetic_03698,cluster_p100,94,95,94,95,1,0.25,0.00025,1,1,,11.3,48.0,15
synthetic_03699,cluster_g2,67,77,67,77,10,2.5,0.00035,1,1,,8.0,29.8017578125,15
synthetic_03700,cluster_t4,85,86,85,86,1,0.25,7e-05,1,1,T4,11.908,46.0,15
synthetic_03701,cluster_t4,45,46,45,46,1,0.25,7e-05,1,1,,11.4,47.0,15
synthetic_03702,cluster_v100m32,27,28,27,28,1,0.25,0.00025,1,1,,11.3,48.0,15
synthetic_03703,cluster_v100m16,14,15,14,15,1,0.25,0.00025,1,1,,11.4,47.0,15
synthetic_03704,cluster_g2,75,76,75,76,1,0.25,0.00035,1,1,,11.3,48.0,15
synthetic_03705,cluster_v100m32,75,76,75,76,1,0.25,0.00025,1,1,,11.3,48.0,15
synthetic_03706,cluster_v100m32,90,92,90,92,2,0.5,0.00025,1,1,V100M16|V100M32,8.0,32.0,15
synthetic_03707,cluster_g2,73,75,73,75,2,0.5,0.00035,1,1,G2,9.81,40.5859375,15
synthetic_03708,cluster_t4,57,58,57,58,1,0.25,7e-05,1,1,T4,3.152,5.46875,15
synthetic_03709,cluster_t4,74,75,74,75,1,0.25,7e-05,1,1,T4,18.708,63.0,15
synthetic_03710,cluster_t4,59,60,59,60,1,0.25,7e-05,1,1,,11.3,48.0,15
synthetic_03711,cluster_g2,47,52,47,52,5,1.25,0.00035,1,1,,11.4,47.0,15
synthetic_03712,cluster_g3,3,5,3,5,2,0.5,0.00035,1,1,,3.152,5.46875,15
synthetic_03713,cluster_p100,3,4,3,4,1,0.25,0.00025,1,1,,11.4,47.0,15
synthetic_03714,cluster_t4,3,7,3,7,4,1.0,7e-05,1,1,T4,15.7,57.0,15
synthetic_03715,cluster_v100m32,66,67,66,67,1,0.25,0.00025,1,1,,8.0,29.8017578125,15
synthetic_03716,cluster_p100,15,18,15,18,3,0.75,0.00025,1,1,P100,3.152,5.46875,15
synthetic_03717,cluster_v100m32,53,54,53,54,1,0.25,0.00025,1,1,,11.3,48.0,15
synthetic_03718,cluster_g3,28,29,28,29,1,0.25,0.00035,1,1,G3,3.152,5.46875,15
synthetic_03719,cluster_t4,86,87,86,87,1,0.25,7e-05,1,1,T4,12.0,24.0,15
synthetic_03720,cluster_p100,53,54,53,54,1,0.25,0.00025,1,1,P100,4.152,10.3515625,15
synthetic_03721,cluster_g2,30,32,30,32,2,0.5,0.00035,1,1,,3.152,5.46875,15
synthetic_03722,cluster_t4,88,89,88,89,1,0.25,7e-05,1,1,T4,8.0,29.8017578125,15
synthetic_03723,cluster_v100m16,21,22,21,22,1,0.25,0.00025,1,1,,4.152,10.3515625,15
synthetic_03724,cluster_t4,21,22,21,22,1,0.25,7e-05,1,1,T4,11.4,47.0,15
synthetic_03725,cluster_t4,35,40,35,40,5,1.25,7e-05,1,1,,8.0,8.0,15
synthetic_03726,cluster_t4,36,37,36,37,1,0.25,7e-05,1,1,T4,3.152,5.46875,15
synthetic_03727,cluster_t4,45,46,45,46,1,0.25,7e-05,1,1,,9.81,40.5859375,15
synthetic_03728,cluster_v100m16,79,80,79,80,1,0.25,0.00025,1,1,,11.908,46.0,15
synthetic_03729,cluster_g2,48,54,48,54,6,1.5,0.00035,1,1,,12.0,16.0,15
synthetic_03730,cluster_v100m16,31,32,31,32,1,0.25,0.00025,1,1,V100M16|V100M32,15.2,79.0,15
synthetic_03731,cluster_v100m16,50,51,50,51,1,0.25,0.00025,1,1,,18.708,63.0,15
synthetic_03732,cluster_p100,67,68,67,68,1,0.25,0.00025,1,1,P100,3.152,5.46875,15
synthetic_03733,cluster_g3,87,92,87,92,5,1.25,0.00035,1,1,,4.0,24.0,15
synthetic_03734,cluster_v100m16,93,94,93,94,1,0.25,0.00025,1,1,,3.152,5.46875,15
synthetic_03735,cluster_p100,22,30,22,30,8,2.0,0.00025,1,1,,11.908,46.0,15
synthetic_03736,cluster_t4,30,31,30,31,1,0.25,7e-05,1,1,,11.3,48.0,15
synthetic_03737,cluster_g2,60,65,60,65,5,1.25,0.00035,1,1,G2|P100|T4|V100M16|V100M32,11.4,47.0,15
synthetic_03738,cluster_g2,93,94,93,94,1,0.25,0.00035,1,1,,3.152,5.46875,15
synthetic_03739,cluster_v100m32,76,77,76,77,1,0.25,0.00025,1,1,,3.152,5.46875,15
synthetic_03740,cluster_g3,61,62,61,62,1,0.25,0.00035,1,1,G3,12.0,16.0,15
synthetic_03741,cluster_t4,9,11,9,11,2,0.5,7e-05,1,1,T4,4.152,10.3515625,15
synthetic_03742,cluster_p100,42,43,42,43,1,0.25,0.00025,1,1,P100,3.152,5.46875,15
synthetic_03743,cluster_v100m16,58,60,58,60,2,0.5,0.00025,1,1,,24.2,91.0,15
synthetic_03744,cluster_g2,20,22,20,22,2,0.5,0.00035,1,1,,3.152,5.46875,15
synthetic_03745,cluster_v100m16,30,33,30,33,3,0.75,0.00025,1,1,,4.0,14.900390625,15
synthetic_03746,cluster_t4,68,70,68,70,2,0.5,7e-05,1,1,T4,3.152,5.46875,15
synthetic_03747,cluster_t4,41,42,41,42,1,0.25,7e-05,1,1,,11.3,48.0,15
synthetic_03748,cluster_v100m32,68,69,68,69,1,0.25,0.00025,1,1,,9.81,40.5859375,15
synthetic_03749,cluster_g3,34,36,34,36,2,0.5,0.00035,1,1,,18.708,63.0,15
synthetic_03750,cluster_v100m32,72,73,72,73,1,0.25,0.00025,1,1,,3.152,5.46875,15
synthetic_03751,cluster_p100,39,40,39,40,1,0.25,0.00025,1,1,,3.152,5.46875,15
synthetic_03752,cluster_p100,38,43,38,43,5,1.25,0.00025,1,1,P100,4.0,29.8017578125,15
synthetic_03753,cluster_v100m32,6,15,6,15,9,2.25,0.00025,1,1,,11.4,47.0,15
synthetic_03754,cluster_t4,46,47,46,47,1,0.25,7e-05,1,1,T4,11.3,48.0,15
synthetic_03755,cluster_v100m32,43,44,43,44,1,0.25,0.00025,1,1,P100|T4|V100M16|V100M32,11.3,48.0,15
synthetic_03756,cluster_t4,75,77,75,77,2,0.5,7e-05,1,1,T4,11.908,46.0,15
synthetic_03757,cluster_g2,76,82,76,82,6,1.5,0.00035,1,1,G2,12.0,24.0,15
synthetic_03758,cluster_p100,54,56,54,56,2,0.5,0.00025,1,1,,3.152,5.46875,15
synthetic_03759,cluster_g3,2,6,2,6,4,1.0,0.00035,1,1,,11.908,46.0,15
synthetic_03760,cluster_t4,75,76,75,76,1,0.25,7e-05,1,1,,11.4,47.0,15
synthetic_03761,cluster_p100,46,47,46,47,1,0.25,0.00025,1,1,,3.152,5.46875,15
synthetic_03762,cluster_g3,28,31,28,31,3,0.75,0.00035,1,1,,11.908,46.0,15
synthetic_03763,cluster_p100,69,70,69,70,1,0.25,0.00025,1,1,,3.152,5.46875,15
synthetic_03764,cluster_g3,16,18,16,18,2,0.5,0.00035,1,1,,11.908,46.0,15
synthetic_03765,cluster_v100m32,3,9,3,9,6,1.5,0.00025,1,1,,11.3,48.0,15
synthetic_03766,cluster_v100m32,23,28,23,28,5,1.25,0.00025,1,1,,4.0,24.0,15
synthetic_03767,cluster_v100m32,54,58,54,58,4,1.0,0.00025,1,1,,11.3,48.0,15
synthetic_03768,cluster_t4,68,69,68,69,1,0.25,7e-05,1,1,T4,8.0,29.8017578125,15
synthetic_03769,cluster_p100,3,8,3,8,5,1.25,0.00025,1,1,,16.0,32.0,15
synthetic_03770,cluster_t4,0,4,0,4,4,1.0,7e-05,1,1,,12.0,24.0,15
synthetic_03771,cluster_g2,62,63,62,63,1,0.25,0.00035,1,1,,18.708,63.0,15
synthetic_03772,cluster_v100m32,1,4,1,4,3,0.75,0.00025,1,1,,15.7,57.0,15
synthetic_03773,cluster_t4,38,39,38,39,1,0.25,7e-05,1,1,T4,11.4,47.0,15
synthetic_03774,cluster_t4,48,49,48,49,1,0.25,7e-05,1,1,,11.4,47.0,15
synthetic_03775,cluster_v100m16,32,33,32,33,1,0.25,0.00025,1,1,,8.0,29.8017578125,15
synthetic_03776,cluster_g2,48,49,48,49,1,0.25,0.00035,1,1,,12.0,48.0,15
synthetic_03777,cluster_t4,22,23,22,23,1,0.25,7e-05,1,1,,3.152,5.46875,15
synthetic_03778,cluster_g3,78,79,78,79,1,0.25,0.00035,1,1,,11.3,48.0,15
synthetic_03779,cluster_v100m16,29,30,29,30,1,0.25,0.00025,1,1,,3.152,5.46875,15
synthetic_03780,cluster_a10,6,7,6,7,1,0.25,0.00015,1,1,,18.708,63.0,15
synthetic_03781,cluster_v100m32,59,61,59,61,2,0.5,0.00025,1,1,V100M16|V100M32,11.4,47.0,15
synthetic_03782,cluster_v100m16,64,65,64,65,1,0.25,0.00025,1,1,,11.908,46.0,15
synthetic_03783,cluster_g2,45,46,45,46,1,0.25,0.00035,1,1,,3.152,5.46875,15
synthetic_03784,cluster_t4,65,66,65,66,1,0.25,7e-05,1,1,T4,3.152,5.46875,15
synthetic_03785,cluster_t4,0,1,0,1,1,0.25,7e-05,1,1,,11.3,48.0,15
synthetic_03786,cluster_v100m16,69,73,69,73,4,1.0,0.00025,1,1,,18.708,63.0,15
synthetic_03787,cluster_t4,47,48,47,48,1,0.25,7e-05,1,1,T4,8.0,29.8017578125,15
synthetic_03788,cluster_t4,74,75,74,75,1,0.25,7e-05,1,1,T4,3.152,5.46875,15
synthetic_03789,cluster_g3,48,54,48,54,6,1.5,0.00035,1,1,,11.4,47.0,15
synthetic_03790,cluster_g3,53,54,53,54,1,0.25,0.00035,1,1,G3,3.152,5.46875,15
synthetic_03791,cluster_v100m16,90,95,90,95,5,1.25,0.00025,1,1,P100|V100M16|V100M32,4.0,24.0,15
synthetic_03792,cluster_t4,13,15,13,15,2,0.5,7e-05,1,1,,4.152,10.3515625,15
synthetic_03793,cluster_g2,85,86,85,86,1,0.25,0.0014,4,4,G2,32.2,129.0,15
synthetic_03794,cluster_p100,42,48,42,48,6,1.5,0.00025,1,1,,16.0,64.0,15
synthetic_03795,cluster_p100,45,48,45,48,3,0.75,0.00025,1,1,,12.0,16.0,15
synthetic_03796,cluster_v100m32,61,70,61,70,9,2.25,0.00025,1,1,,11.908,46.0,15
synthetic_03797,cluster_v100m16,39,44,39,44,5,1.25,0.00025,1,1,V100M16|V100M32,4.0,24.0,15
synthetic_03798,cluster_v100m16,68,69,68,69,1,0.25,0.00025,1,1,,11.3,48.0,15
synthetic_03799,cluster_t4,75,77,75,77,2,0.5,7e-05,1,1,,3.152,5.46875,15
synthetic_03800,cluster_g3,0,5,0,5,5,1.25,0.00035,1,1,,4.0,14.900390625,15
synthetic_03801,cluster_t4,82,83,82,83,1,0.25,7e-05,1,1,,3.152,5.46875,15
synthetic_03802,cluster_t4,59,61,59,61,2,0.5,7e-05,1,1,T4,11.3,48.0,15
synthetic_03803,cluster_g3,90,93,90,93,3,0.75,0.00035,1,1,,18.708,63.0,15
synthetic_03804,cluster_t4,92,95,92,95,3,0.75,7e-05,1,1,,15.7,57.0,15
synthetic_03805,cluster_v100m16,90,91,90,91,1,0.25,0.00025,1,1,,3.152,5.46875,15
synthetic_03806,cluster_t4,92,93,92,93,1,0.25,7e-05,1,1,T4,8.0,29.8017578125,15
synthetic_03807,cluster_t4,31,32,31,32,1,0.25,7e-05,1,1,T4,3.152,5.46875,15
synthetic_03808,cluster_p100,52,67,52,67,15,3.75,0.00025,1,1,P100,3.152,5.46875,15
synthetic_03809,cluster_g3,85,89,85,89,4,1.0,0.00035,1,1,,11.3,48.0,15
synthetic_03810,cluster_v100m32,78,79,78,79,1,0.25,0.00025,1,1,,16.4,123.0,15
synthetic_03811,cluster_t4,15,16,15,16,1,0.25,7e-05,1,1,T4,3.152,5.46875,15
synthetic_03812,cluster_p100,38,39,38,39,1,0.25,0.00025,1,1,,11.3,48.0,15
synthetic_03813,cluster_g3,64,66,64,66,2,0.5,0.00035,1,1,,11.908,46.0,15
synthetic_03814,cluster_t4,64,66,64,66,2,0.5,7e-05,1,1,T4,11.3,48.0,15
synthetic_03815,cluster_p100,84,85,84,85,1,0.25,0.00025,1,1,,11.3,48.0,15
synthetic_03816,cluster_t4,43,45,43,45,2,0.5,7e-05,1,1,T4,8.0,32.0,15
synthetic_03817,cluster_v100m16,35,37,35,37,2,0.5,0.00025,1,1,,16.0,64.0,15
synthetic_03818,cluster_p100,79,81,79,81,2,0.5,0.00025,1,1,,8.0,16.0,15
synthetic_03819,cluster_g2,81,83,81,83,2,0.5,0.00035,1,1,,8.0,29.8017578125,15
synthetic_03820,cluster_t4,37,52,37,52,15,3.75,7e-05,1,1,T4,11.3,48.0,15
synthetic_03821,cluster_g3,75,76,75,76,1,0.25,0.00035,1,1,,3.152,5.46875,15
synthetic_03822,cluster_g2,74,80,74,80,6,1.5,0.00035,1,1,G2,15.2,79.0,15
synthetic_03823,cluster_g3,14,15,14,15,1,0.25,0.00035,1,1,,11.4,47.0,15
synthetic_03824,cluster_g2,55,64,55,64,9,2.25,0.00035,1,1,,4.0,22.3515625,15
synthetic_03825,cluster_p100,19,25,19,25,6,1.5,0.00025,1,1,,4.0,22.3515625,15
synthetic_03826,cluster_t4,88,89,88,89,1,0.25,7e-05,1,1,,11.908,46.0,15
synthetic_03827,cluster_g3,81,83,81,83,2,0.5,0.00035,1,1,,11.3,48.0,15
synthetic_03828,cluster_v100m32,7,20,7,20,13,3.25,0.00025,1,1,,12.0,24.0,15
synthetic_03829,cluster_t4,22,25,22,25,3,0.75,7e-05,1,1,,4.152,10.3515625,15
synthetic_03830,cluster_p100,84,85,84,85,1,0.25,0.00025,1,1,,11.4,47.0,15
synthetic_03831,cluster_p100,93,94,93,94,1,0.25,0.00025,1,1,,4.0,29.8017578125,15
synthetic_03832,cluster_g2,34,36,34,36,2,0.5,0.00035,1,1,G2,14.2,57.0,15
synthetic_03833,cluster_t4,76,77,76,77,1,0.25,7e-05,1,1,,11.3,48.0,15
synthetic_03834,cluster_t4,85,86,85,86,1,0.25,7e-05,1,1,T4,11.4,47.0,15
synthetic_03835,cluster_g2,4,10,4,10,6,1.5,0.00035,1,1,,4.0,29.8017578125,15
synthetic_03836,cluster_g2,87,88,87,88,1,0.25,0.00035,1,1,,11.3,48.0,15
synthetic_03837,cluster_v100m16,82,83,82,83,1,0.25,0.00025,1,1,,11.4,76.0,15
synthetic_03838,cluster_p100,51,52,51,52,1,0.25,0.00025,1,1,P100,3.152,5.46875,15
synthetic_03839,cluster_t4,1,2,1,2,1,0.25,7e-05,1,1,T4,11.3,48.0,15
synthetic_03840,cluster_g2,44,53,44,53,9,2.25,0.00035,1,1,,14.2,57.0,15
synthetic_03841,cluster_v100m32,43,45,43,45,2,0.5,0.00025,1,1,,16.0,32.0,15
synthetic_03842,cluster_t4,88,90,88,90,2,0.5,7e-05,1,1,T4,12.0,16.0,15
synthetic_03843,cluster_p100,30,31,30,31,1,0.25,0.00025,1,1,,8.0,29.8017578125,15
synthetic_03844,cluster_g2,10,11,10,11,1,0.25,0.00035,1,1,,11.908,46.0,15
synthetic_03845,cluster_v100m16,14,15,14,15,1,0.25,0.00025,1,1,,11.3,37.0,15
synthetic_03846,cluster_v100m32,45,46,45,46,1,0.25,0.00025,1,1,,3.152,5.46875,15
synthetic_03847,cluster_a10,39,40,39,40,1,0.25,0.00015,1,1,,18.708,63.0,15
synthetic_03848,cluster_t4,52,53,52,53,1,0.25,7e-05,1,1,,3.152,5.46875,15
synthetic_03849,cluster_g3,94,95,94,95,1,0.25,0.00035,1,1,,11.908,46.0,15
synthetic_03850,cluster_p100,60,61,60,61,1,0.25,0.00025,1,1,,3.152,5.46875,15
synthetic_03851,cluster_g3,13,17,13,17,4,1.0,0.00035,1,1,,4.0,22.3515625,15
synthetic_03852,cluster_g3,27,28,27,28,1,0.25,0.00035,1,1,,3.152,5.46875,15
synthetic_03853,cluster_g2,75,76,75,76,1,0.25,0.00035,1,1,G2,18.708,63.0,15
synthetic_03854,cluster_t4,58,59,58,59,1,0.25,7e-05,1,1,,3.152,5.46875,15
synthetic_03855,cluster_g3,42,43,42,43,1,0.25,0.00035,1,1,,11.3,48.0,15
synthetic_03856,cluster_g2,7,8,7,8,1,0.25,0.00035,1,1,,11.4,47.0,15
synthetic_03857,cluster_v100m32,43,44,43,44,1,0.25,0.00025,1,1,,11.908,46.0,15
synthetic_03858,cluster_g2,71,72,71,72,1,0.25,0.00035,1,1,,4.0,29.8017578125,15
synthetic_03859,cluster_t4,51,52,51,52,1,0.25,7e-05,1,1,,3.152,5.46875,15
synthetic_03860,cluster_v100m16,61,62,61,62,1,0.25,0.00025,1,1,,11.3,48.0,15
synthetic_03861,cluster_t4,73,88,73,88,15,3.75,7e-05,1,1,T4,3.152,5.46875,15
synthetic_03862,cluster_t4,61,62,61,62,1,0.25,7e-05,1,1,,8.0,29.8017578125,15
synthetic_03863,cluster_v100m32,8,9,8,9,1,0.25,0.002,8,8,,64.2,257.0,15
synthetic_03864,cluster_t4,78,79,78,79,1,0.25,7e-05,1,1,,11.908,46.0,15
synthetic_03865,cluster_t4,58,61,58,61,3,0.75,7e-05,1,1,T4,6.0,32.0,15
synthetic_03866,cluster_g3,39,44,39,44,5,1.25,0.00035,1,1,,11.3,48.0,15
synthetic_03867,cluster_t4,68,70,68,70,2,0.5,7e-05,1,1,T4,11.908,46.0,15
synthetic_03868,cluster_g3,69,71,69,71,2,0.5,0.00035,1,1,,11.3,48.0,15
synthetic_03869,cluster_g2,51,52,51,52,1,0.25,0.00035,1,1,G2,3.152,5.46875,15
synthetic_03870,cluster_v100m32,94,95,94,95,1,0.25,0.00025,1,1,,11.908,46.0,15
synthetic_03871,cluster_g2,79,80,79,80,1,0.25,0.00035,1,1,,12.0,16.0,15
synthetic_03872,cluster_t4,2,3,2,3,1,0.25,7e-05,1,1,T4,3.152,5.46875,15
synthetic_03873,cluster_v100m32,16,17,16,17,1,0.25,0.00025,1,1,,4.0,14.900390625,15
synthetic_03874,cluster_p100,86,87,86,87,1,0.25,0.00025,1,1,,11.908,46.0,15
synthetic_03875,cluster_v100m32,78,79,78,79,1,0.25,0.00025,1,1,,12.0,16.0,15
synthetic_03876,cluster_t4,66,67,66,67,1,0.25,7e-05,1,1,,11.908,46.0,15
synthetic_03877,cluster_t4,34,35,34,35,1,0.25,7e-05,1,1,T4,8.0,29.8017578125,15
synthetic_03878,cluster_g2,55,57,55,57,2,0.5,0.00035,1,1,G2,12.0,23.0,15
synthetic_03879,cluster_g2,73,75,73,75,2,0.5,0.00035,1,1,,3.152,5.46875,15
synthetic_03880,cluster_v100m32,77,78,77,78,1,0.25,0.00025,1,1,,3.152,5.46875,15
synthetic_03881,cluster_v100m16,37,41,37,41,4,1.0,0.00025,1,1,,16.0,32.0,15
synthetic_03882,cluster_g2,37,38,37,38,1,0.25,0.00035,1,1,G2,11.3,48.0,15
synthetic_03883,cluster_p100,45,46,45,46,1,0.25,0.00025,1,1,,3.152,5.46875,15
synthetic_03884,cluster_p100,51,57,51,57,6,1.5,0.00025,1,1,,11.908,46.0,15
synthetic_03885,cluster_p100,34,35,34,35,1,0.25,0.00025,1,1,,3.152,5.46875,15
synthetic_03886,cluster_v100m16,20,21,20,21,1,0.25,0.00025,1,1,,4.0,24.0,15
synthetic_03887,cluster_p100,16,17,16,17,1,0.25,0.00025,1,1,,8.2,33.0,15
synthetic_03888,cluster_g3,24,26,24,26,2,0.5,0.00035,1,1,,3.152,5.46875,15
synthetic_03889,cluster_v100m32,73,74,73,74,1,0.25,0.00025,1,1,,11.3,48.0,15
synthetic_03890,cluster_v100m16,95,96,95,96,1,0.25,0.00025,1,1,,11.908,46.0,15
synthetic_03891,cluster_g3,67,68,67,68,1,0.25,0.00035,1,1,G3,11.3,48.0,15
synthetic_03892,cluster_g3,4,5,4,5,1,0.25,0.00035,1,1,,3.152,5.46875,15
synthetic_03893,cluster_p100,84,85,84,85,1,0.25,0.00025,1,1,P100,3.152,5.46875,15
synthetic_03894,cluster_t4,13,15,13,15,2,0.5,7e-05,1,1,T4,11.4,47.0,15
synthetic_03895,cluster_g2,51,57,51,57,6,1.5,0.00035,1,1,,11.4,47.0,15
synthetic_03896,cluster_v100m16,95,96,95,96,1,0.25,0.00025,1,1,V100M16|V100M32,11.3,48.0,15
synthetic_03897,cluster_g2,5,10,5,10,5,1.25,0.00035,1,1,,4.0,24.0,15
synthetic_03898,cluster_g3,90,91,90,91,1,0.25,0.00035,1,1,,3.152,5.46875,15
synthetic_03899,cluster_p100,70,75,70,75,5,1.25,0.00025,1,1,,8.0,16.0,15
synthetic_03900,cluster_g2,58,59,58,59,1,0.25,0.00035,1,1,,15.7,57.0,15
synthetic_03901,cluster_v100m32,59,63,59,63,4,1.0,0.00025,1,1,,8.0,32.0,15
synthetic_03902,cluster_g2,4,5,4,5,1,0.25,0.00035,1,1,,11.908,46.0,15
synthetic_03903,cluster_t4,78,79,78,79,1,0.25,7e-05,1,1,,11.3,48.0,15
synthetic_03904,cluster_t4,57,58,57,58,1,0.25,7e-05,1,1,T4,11.3,48.0,15
synthetic_03905,cluster_p100,36,37,36,37,1,0.25,0.00025,1,1,,11.908,46.0,15
synthetic_03906,cluster_p100,13,14,13,14,1,0.25,0.00025,1,1,P100,8.0,29.8017578125,15
synthetic_03907,cluster_t4,13,17,13,17,4,1.0,7e-05,1,1,T4,11.4,47.0,15
synthetic_03908,cluster_g3,8,18,8,18,10,2.5,0.00035,1,1,,4.0,14.900390625,15
synthetic_03909,cluster_g2,52,53,52,53,1,0.25,0.00035,1,1,,11.3,48.0,15
synthetic_03910,cluster_v100m32,44,46,44,46,2,0.5,0.00025,1,1,,8.0,16.0,15
synthetic_03911,cluster_p100,61,62,61,62,1,0.25,0.00025,1,1,,11.3,48.0,15
synthetic_03912,cluster_g2,74,75,74,75,1,0.25,0.00035,1,1,,3.152,5.46875,15
synthetic_03913,cluster_g2,0,5,0,5,5,1.25,0.00035,1,1,G2,4.0,24.0,15
synthetic_03914,cluster_v100m16,82,87,82,87,5,1.25,0.00025,1,1,V100M16|V100M32,11.9,76.0,15
synthetic_03915,cluster_t4,44,46,44,46,2,0.5,7e-05,1,1,T4,11.4,47.0,15
synthetic_03916,cluster_v100m32,56,57,56,57,1,0.25,0.00025,1,1,,14.2,57.0,15
synthetic_03917,cluster_p100,0,1,0,1,1,0.25,0.00025,1,1,,18.708,63.0,15
synthetic_03918,cluster_g2,4,5,4,5,1,0.25,0.00035,1,1,,3.152,5.46875,15
synthetic_03919,cluster_t4,43,44,43,44,1,0.25,7e-05,1,1,T4,3.152,5.46875,15
synthetic_03920,cluster_t4,72,77,72,77,5,1.25,7e-05,1,1,,11.4,76.0,15
synthetic_03921,cluster_t4,41,46,41,46,5,1.25,7e-05,1,1,,3.152,5.46875,15
synthetic_03922,cluster_t4,61,66,61,66,5,1.25,7e-05,1,1,T4,15.2,79.0,15
synthetic_03923,cluster_v100m32,19,20,19,20,1,0.25,0.00025,1,1,,3.152,5.46875,15
synthetic_03924,cluster_p100,57,58,57,58,1,0.25,0.00025,1,1,P100,3.152,5.46875,15
synthetic_03925,cluster_t4,17,19,17,19,2,0.5,7e-05,1,1,T4,11.4,47.0,15
synthetic_03926,cluster_g3,19,20,19,20,1,0.25,0.00035,1,1,,2.0,16.0,15
synthetic_03927,cluster_v100m32,74,90,74,90,16,4.0,0.00025,1,1,,12.0,15.0,15
synthetic_03928,cluster_g3,64,65,64,65,1,0.25,0.00035,1,1,,11.4,76.0,15
synthetic_03929,cluster_t4,54,55,54,55,1,0.25,7e-05,1,1,,3.152,5.46875,15
synthetic_03930,cluster_t4,58,59,58,59,1,0.25,7e-05,1,1,T4,3.152,5.46875,15
synthetic_03931,cluster_v100m32,44,45,44,45,1,0.25,0.00025,1,1,,3.152,5.46875,15
synthetic_03932,cluster_g2,83,84,83,84,1,0.25,0.00035,1,1,,3.152,5.46875,15
synthetic_03933,cluster_t4,37,38,37,38,1,0.25,7e-05,1,1,T4,3.152,5.46875,15
synthetic_03934,cluster_p100,6,7,6,7,1,0.25,0.00025,1,1,,3.152,5.46875,15
synthetic_03935,cluster_t4,20,21,20,21,1,0.25,7e-05,1,1,T4,3.152,5.46875,15
synthetic_03936,cluster_t4,46,57,46,57,11,2.75,7e-05,1,1,,4.0,29.8017578125,15
synthetic_03937,cluster_t4,22,23,22,23,1,0.25,7e-05,1,1,T4,12.0,24.0,15
synthetic_03938,cluster_g2,68,69,68,69,1,0.25,0.00035,1,1,G2,11.3,48.0,15
synthetic_03939,cluster_p100,9,13,9,13,4,1.0,0.00025,1,1,,8.0,32.0,15
synthetic_03940,cluster_v100m16,44,45,44,45,1,0.25,0.00025,1,1,G2|P100|T4|V100M16|V100M32,3.152,5.46875,15
synthetic_03941,cluster_v100m32,0,1,0,1,1,0.25,0.00025,1,1,,3.152,5.46875,15
synthetic_03942,cluster_t4,2,3,2,3,1,0.25,7e-05,1,1,T4,8.0,29.8017578125,15
synthetic_03943,cluster_t4,81,82,81,82,1,0.25,7e-05,1,1,T4,24.2,91.0,15
synthetic_03944,cluster_p100,78,79,78,79,1,0.25,0.00025,1,1,P100,3.152,5.46875,15
synthetic_03945,cluster_t4,73,74,73,74,1,0.25,7e-05,1,1,T4,3.152,5.46875,15
synthetic_03946,cluster_t4,41,42,41,42,1,0.25,7e-05,1,1,T4,3.152,5.46875,15
synthetic_03947,cluster_g2,14,16,14,16,2,0.5,0.00035,1,1,,11.4,47.0,15
synthetic_03948,cluster_v100m16,67,68,67,68,1,0.25,0.00025,1,1,,9.81,40.5859375,15
synthetic_03949,cluster_g2,14,15,14,15,1,0.25,0.00035,1,1,,9.81,40.5859375,15
synthetic_03950,cluster_v100m16,10,11,10,11,1,0.25,0.00025,1,1,,4.0,22.3515625,15
synthetic_03951,cluster_t4,80,81,80,81,1,0.25,7e-05,1,1,,3.152,5.46875,15
synthetic_03952,cluster_t4,66,73,66,73,7,1.75,7e-05,1,1,T4,11.4,47.0,15
synthetic_03953,cluster_t4,71,72,71,72,1,0.25,7e-05,1,1,T4,3.152,5.46875,15
synthetic_03954,cluster_t4,57,58,57,58,1,0.25,7e-05,1,1,T4,3.152,5.46875,15
synthetic_03955,cluster_p100,71,72,71,72,1,0.25,0.00025,1,1,,11.3,48.0,15
synthetic_03956,cluster_g3,23,24,23,24,1,0.25,0.00035,1,1,,18.708,63.0,15
synthetic_03957,cluster_g2,12,15,12,15,3,0.75,0.00035,1,1,G2,8.0,16.0,15
synthetic_03958,cluster_g2,58,59,58,59,1,0.25,0.00035,1,1,,8.2,33.0,15
synthetic_03959,cluster_v100m16,2,3,2,3,1,0.25,0.00025,1,1,,3.152,5.46875,15
synthetic_03960,cluster_v100m16,55,56,55,56,1,0.25,0.00025,1,1,,3.152,5.46875,15
synthetic_03961,cluster_g2,68,69,68,69,1,0.25,0.00035,1,1,G2,3.152,5.46875,15
synthetic_03962,cluster_g2,81,82,81,82,1,0.25,0.00035,1,1,,8.0,29.8017578125,15
synthetic_03963,cluster_g3,70,71,70,71,1,0.25,0.00035,1,1,,11.3,48.0,15
synthetic_03964,cluster_p100,15,16,15,16,1,0.25,0.00025,1,1,,11.4,76.0,15
synthetic_03965,cluster_t4,27,28,27,28,1,0.25,7e-05,1,1,T4,3.152,5.46875,15
synthetic_03966,cluster_g3,90,94,90,94,4,1.0,0.00035,1,1,,3.152,5.46875,15
synthetic_03967,cluster_p100,30,31,30,31,1,0.25,0.00025,1,1,,8.0,29.8017578125,15
synthetic_03968,cluster_v100m16,64,65,64,65,1,0.25,0.00025,1,1,,15.7,57.0,15
synthetic_03969,cluster_g3,39,40,39,40,1,0.25,0.00035,1,1,,18.708,63.0,15
synthetic_03970,cluster_v100m16,16,17,16,17,1,0.25,0.00025,1,1,,3.152,5.46875,15
synthetic_03971,cluster_t4,73,75,73,75,2,0.5,7e-05,1,1,T4,4.0,29.8017578125,15
synthetic_03972,cluster_p100,64,67,64,67,3,0.75,0.00025,1,1,,11.4,47.0,15
synthetic_03973,cluster_t4,59,60,59,60,1,0.25,7e-05,1,1,T4,4.152,10.3515625,15
synthetic_03974,cluster_g2,84,87,84,87,3,0.75,0.00035,1,1,,9.81,40.5859375,15
synthetic_03975,cluster_t4,84,85,84,85,1,0.25,7e-05,1,1,T4,11.908,46.0,15
synthetic_03976,cluster_v100m16,2,3,2,3,1,0.25,0.00025,1,1,,3.152,5.46875,15
synthetic_03977,cluster_t4,6,7,6,7,1,0.25,7e-05,1,1,T4,11.908,46.0,15
synthetic_03978,cluster_g3,67,69,67,69,2,0.5,0.00035,1,1,G3,16.0,32.0,15
synthetic_03979,cluster_g3,67,68,67,68,1,0.25,0.00035,1,1,,11.3,48.0,15
synthetic_03980,cluster_p100,68,69,68,69,1,0.25,0.00025,1,1,P100,11.908,46.0,15
synthetic_03981,cluster_g3,62,63,62,63,1,0.25,0.00035,1,1,,3.152,5.46875,15
synthetic_03982,cluster_v100m16,29,30,29,30,1,0.25,0.00025,1,1,,4.0,29.8017578125,15
synthetic_03983,cluster_t4,84,85,84,85,1,0.25,7e-05,1,1,,11.3,48.0,15
synthetic_03984,cluster_v100m16,37,38,37,38,1,0.25,0.00025,1,1,P100|V100M16|V100M32,18.708,63.0,15
synthetic_03985,cluster_t4,77,78,77,78,1,0.25,7e-05,1,1,T4,11.4,47.0,15
synthetic_03986,cluster_t4,43,44,43,44,1,0.25,7e-05,1,1,T4,3.152,5.46875,15
synthetic_03987,cluster_v100m16,69,71,69,71,2,0.5,0.00025,1,1,V100M16|V100M32,11.3,48.0,15
synthetic_03988,cluster_v100m32,76,77,76,77,1,0.25,0.00025,1,1,,12.0,24.0,15
synthetic_03989,cluster_g2,24,25,24,25,1,0.25,0.00035,1,1,,11.3,48.0,15
synthetic_03990,cluster_t4,33,34,33,34,1,0.25,7e-05,1,1,,3.152,5.46875,15
synthetic_03991,cluster_t4,32,33,32,33,1,0.25,7e-05,1,1,T4,3.152,5.46875,15
synthetic_03992,cluster_p100,84,85,84,85,1,0.25,0.00025,1,1,P100,11.908,46.0,15
synthetic_03993,cluster_g2,83,84,83,84,1,0.25,0.00035,1,1,,8.0,29.8017578125,15
synthetic_03994,cluster_g3,83,85,83,85,2,0.5,0.00035,1,1,,11.3,48.0,15
synthetic_03995,cluster_v100m32,18,19,18,19,1,0.25,0.00025,1,1,,3.152,5.46875,15
synthetic_03996,cluster_t4,19,22,19,22,3,0.75,7e-05,1,1,,11.3,48.0,15
synthetic_03997,cluster_t4,45,46,45,46,1,0.25,7e-05,1,1,,3.152,5.46875,15
synthetic_03998,cluster_a10,91,92,91,92,1,0.25,0.00015,1,1,,3.152,5.46875,15
synthetic_03999,cluster_v100m32,73,74,73,74,1,0.25,0.00025,1,1,V100M16|V100M32,11.3,48.0,15
synthetic_04000,cluster_p100,1,2,1,2,1,0.25,0.00025,1,1,,3.152,5.46875,15
synthetic_04001,cluster_g2,12,13,12,13,1,0.25,0.00035,1,1,,3.152,5.46875,15
synthetic_04002,cluster_v100m16,62,63,62,63,1,0.25,0.00025,1,1,,14.2,57.0,15
synthetic_04003,cluster_g2,51,53,51,53,2,0.5,0.00035,1,1,G2,1.0,6.0,15
synthetic_04004,cluster_p100,3,17,3,17,14,3.5,0.00025,1,1,,4.0,29.8017578125,15
synthetic_04005,cluster_g2,27,28,27,28,1,0.25,0.00035,1,1,,3.152,5.46875,15
synthetic_04006,cluster_t4,11,14,11,14,3,0.75,7e-05,1,1,T4,11.908,46.0,15
synthetic_04007,cluster_p100,42,44,42,44,2,0.5,0.00025,1,1,,14.2,57.0,15
synthetic_04008,cluster_v100m32,67,75,67,75,8,2.0,0.00025,1,1,,3.152,5.46875,15
synthetic_04009,cluster_t4,53,54,53,54,1,0.25,7e-05,1,1,,3.152,5.46875,15
synthetic_04010,cluster_v100m16,81,82,81,82,1,0.25,0.00025,1,1,,3.152,5.46875,15
synthetic_04011,cluster_t4,1,2,1,2,1,0.25,7e-05,1,1,T4,11.3,48.0,15
synthetic_04012,cluster_g2,59,60,59,60,1,0.25,0.00035,1,1,,11.3,48.0,15
synthetic_04013,cluster_p100,95,96,95,96,1,0.25,0.00025,1,1,,9.4,51.0,15
synthetic_04014,cluster_t4,12,13,12,13,1,0.25,7e-05,1,1,,11.908,46.0,15
synthetic_04015,cluster_p100,77,78,77,78,1,0.25,0.00025,1,1,P100,3.152,5.46875,15
synthetic_04016,cluster_v100m16,31,32,31,32,1,0.25,0.00025,1,1,,4.152,10.3515625,15
synthetic_04017,cluster_g2,54,55,54,55,1,0.25,0.00035,1,1,G2,4.0,24.0,15
synthetic_04018,cluster_g3,64,65,64,65,1,0.25,0.00035,1,1,,11.908,46.0,15
synthetic_04019,cluster_g3,25,36,25,36,11,2.75,0.00035,1,1,,4.0,14.900390625,15
synthetic_04020,cluster_v100m32,74,76,74,76,2,0.5,0.00025,1,1,,8.0,29.8017578125,15
synthetic_04021,cluster_p100,42,44,42,44,2,0.5,0.00025,1,1,,3.152,5.46875,15
synthetic_04022,cluster_p100,20,22,20,22,2,0.5,0.00025,1,1,,16.4,123.0,15
synthetic_04023,cluster_v100m16,89,90,89,90,1,0.25,0.00025,1,1,P100|V100M16|V100M32,3.152,5.46875,15
synthetic_04024,cluster_t4,78,80,78,80,2,0.5,7e-05,1,1,,14.2,57.0,15
synthetic_04025,cluster_t4,28,29,28,29,1,0.25,7e-05,1,1,T4,8.0,32.0,15
synthetic_04026,cluster_t4,13,17,13,17,4,1.0,7e-05,1,1,T4,18.708,63.0,15
synthetic_04027,cluster_v100m32,72,73,72,73,1,0.25,0.00025,1,1,,18.708,63.0,15
synthetic_04028,cluster_p100,45,47,45,47,2,0.5,0.00025,1,1,,11.4,47.0,15
synthetic_04029,cluster_p100,84,88,84,88,4,1.0,0.00025,1,1,,11.9,76.0,15
synthetic_04030,cluster_t4,87,90,87,90,3,0.75,7e-05,1,1,T4,11.3,48.0,15
synthetic_04031,cluster_g2,52,53,52,53,1,0.25,0.00035,1,1,,14.2,57.0,15
synthetic_04032,cluster_t4,46,47,46,47,1,0.25,7e-05,1,1,T4,11.3,48.0,15
synthetic_04033,cluster_t4,2,3,2,3,1,0.25,7e-05,1,1,T4,11.3,48.0,15
synthetic_04034,cluster_v100m16,56,57,56,57,1,0.25,0.00025,1,1,,11.908,46.0,15
synthetic_04035,cluster_t4,37,38,37,38,1,0.25,7e-05,1,1,T4,12.0,16.0,15
synthetic_04036,cluster_t4,92,96,92,96,4,1.0,7e-05,1,1,T4,4.0,14.900390625,15
synthetic_04037,cluster_v100m32,34,35,34,35,1,0.25,0.00025,1,1,,3.152,5.46875,15
synthetic_04038,cluster_t4,9,12,9,12,3,0.75,7e-05,1,1,,15.7,57.0,15
synthetic_04039,cluster_t4,49,50,49,50,1,0.25,7e-05,1,1,T4,3.152,5.46875,15
synthetic_04040,cluster_t4,35,44,35,44,9,2.25,7e-05,1,1,T4,4.0,30.517578125,15
synthetic_04041,cluster_v100m32,20,22,20,22,2,0.5,0.00025,1,1,,8.0,32.0,15
synthetic_04042,cluster_p100,63,64,63,64,1,0.25,0.00025,1,1,,3.152,5.46875,15
synthetic_04043,cluster_p100,19,20,19,20,1,0.25,0.00025,1,1,P100,3.152,5.46875,15
synthetic_04044,cluster_t4,16,18,16,18,2,0.5,7e-05,1,1,T4,11.4,47.0,15
synthetic_04045,cluster_p100,69,71,69,71,2,0.5,0.00025,1,1,,2.0,8.0,15
synthetic_04046,cluster_g2,57,71,57,71,14,3.5,0.00035,1,1,G2,16.0,64.0,15
synthetic_04047,cluster_g3,19,20,19,20,1,0.25,0.00035,1,1,,3.152,5.46875,15
synthetic_04048,cluster_t4,45,46,45,46,1,0.25,7e-05,1,1,,12.0,24.0,15
synthetic_04049,cluster_p100,88,89,88,89,1,0.25,0.00025,1,1,,3.152,5.46875,15
synthetic_04050,cluster_v100m16,41,46,41,46,5,1.25,0.00025,1,1,,9.81,40.5859375,15
synthetic_04051,cluster_v100m16,40,46,40,46,6,1.5,0.00025,1,1,,14.2,57.0,15
synthetic_04052,cluster_t4,94,95,94,95,1,0.25,7e-05,1,1,,4.0,29.8017578125,15
synthetic_04053,cluster_p100,26,27,26,27,1,0.25,0.00025,1,1,P100,3.152,5.46875,15
synthetic_04054,cluster_t4,79,80,79,80,1,0.25,7e-05,1,1,T4,12.0,16.0,15
synthetic_04055,cluster_a10,39,40,39,40,1,0.25,0.00015,1,1,,11.908,46.0,15
synthetic_04056,cluster_v100m32,55,56,55,56,1,0.25,0.00025,1,1,,9.81,40.5859375,15
synthetic_04057,cluster_g3,51,54,51,54,3,0.75,0.00035,1,1,,12.0,18.0,15
synthetic_04058,cluster_t4,31,33,31,33,2,0.5,7e-05,1,1,,8.2,33.0,15
synthetic_04059,cluster_p100,76,79,76,79,3,0.75,0.00025,1,1,,1.0,2.0,15
synthetic_04060,cluster_g3,93,94,93,94,1,0.25,0.00035,1,1,,3.152,5.46875,15
synthetic_04061,cluster_v100m32,58,61,58,61,3,0.75,0.00025,1,1,,3.152,5.46875,15
synthetic_04062,cluster_t4,13,14,13,14,1,0.25,7e-05,1,1,T4,12.0,15.0,15
synthetic_04063,cluster_g3,18,19,18,19,1,0.25,0.00035,1,1,,6.0,12.0,15
synthetic_04064,cluster_g2,79,81,79,81,2,0.5,0.00035,1,1,,11.3,37.0,15
synthetic_04065,cluster_t4,11,12,11,12,1,0.25,7e-05,1,1,,12.0,16.0,15
synthetic_04066,cluster_p100,33,35,33,35,2,0.5,0.00025,1,1,,11.4,47.0,15
synthetic_04067,cluster_p100,81,87,81,87,6,1.5,0.00025,1,1,,3.152,5.46875,15
synthetic_04068,cluster_g3,40,41,40,41,1,0.25,0.00035,1,1,,3.152,5.46875,15
synthetic_04069,cluster_t4,23,24,23,24,1,0.25,7e-05,1,1,,3.152,5.46875,15
synthetic_04070,cluster_t4,47,48,47,48,1,0.25,7e-05,1,1,,15.7,57.0,15
synthetic_04071,cluster_t4,26,28,26,28,2,0.5,7e-05,1,1,,3.152,5.46875,15
synthetic_04072,cluster_t4,43,44,43,44,1,0.25,7e-05,1,1,,3.152,5.46875,15
synthetic_04073,cluster_t4,74,75,74,75,1,0.25,7e-05,1,1,,4.0,29.8017578125,15
synthetic_04074,cluster_g3,74,78,74,78,4,1.0,0.00035,1,1,,11.9,76.0,15
synthetic_04075,cluster_t4,24,25,24,25,1,0.25,7e-05,1,1,,4.152,10.3515625,15
synthetic_04076,cluster_p100,86,88,86,88,2,0.5,0.00025,1,1,P100,3.152,5.46875,15
synthetic_04077,cluster_v100m16,56,57,56,57,1,0.25,0.00025,1,1,,4.152,10.3515625,15
synthetic_04078,cluster_p100,67,68,67,68,1,0.25,0.00025,1,1,P100,3.152,5.46875,15
synthetic_04079,cluster_g3,75,76,75,76,1,0.25,0.00035,1,1,,8.0,29.8017578125,15
synthetic_04080,cluster_p100,93,94,93,94,1,0.25,0.00025,1,1,,4.152,10.3515625,15
synthetic_04081,cluster_p100,68,72,68,72,4,1.0,0.00025,1,1,,8.0,16.0,15
synthetic_04082,cluster_g3,16,17,16,17,1,0.25,0.00035,1,1,,11.3,48.0,15
synthetic_04083,cluster_t4,82,83,82,83,1,0.25,7e-05,1,1,,11.3,48.0,15
synthetic_04084,cluster_g2,3,4,3,4,1,0.25,0.00035,1,1,,3.152,5.46875,15
synthetic_04085,cluster_t4,51,53,51,53,2,0.5,7e-05,1,1,T4,11.4,47.0,15
synthetic_04086,cluster_t4,90,91,90,91,1,0.25,7e-05,1,1,,11.4,47.0,15
synthetic_04087,cluster_v100m32,43,44,43,44,1,0.25,0.00025,1,1,,11.3,48.0,15
synthetic_04088,cluster_v100m16,14,16,14,16,2,0.5,0.00025,1,1,A10|G2|T4|V100M16|V100M32,11.4,47.0,15
synthetic_04089,cluster_t4,75,76,75,76,1,0.25,7e-05,1,1,T4,11.908,46.0,15
synthetic_04090,cluster_g2,43,44,43,44,1,0.25,0.00035,1,1,,3.152,5.46875,15
synthetic_04091,cluster_g3,19,32,19,32,13,3.25,0.00035,1,1,,3.152,5.46875,15
synthetic_04092,cluster_v100m16,34,35,34,35,1,0.25,0.00025,1,1,,11.3,48.0,15
synthetic_04093,cluster_p100,46,57,46,57,11,2.75,0.00025,1,1,,4.0,22.3515625,15
synthetic_04094,cluster_v100m32,93,95,93,95,2,0.5,0.00025,1,1,,12.0,16.0,15
synthetic_04095,cluster_v100m32,72,74,72,74,2,0.5,0.00025,1,1,P100|V100M16|V100M32,8.0,16.0,15
synthetic_04096,cluster_v100m16,17,18,17,18,1,0.25,0.00025,1,1,,4.0,22.3515625,15
synthetic_04097,cluster_g2,32,37,32,37,5,1.25,0.00035,1,1,,11.4,47.0,15
synthetic_04098,cluster_t4,17,18,17,18,1,0.25,7e-05,1,1,,3.152,5.46875,15
synthetic_04099,cluster_t4,53,56,53,56,3,0.75,7e-05,1,1,,15.7,57.0,15
synthetic_04100,cluster_t4,12,13,12,13,1,0.25,7e-05,1,1,T4,3.152,5.46875,15
synthetic_04101,cluster_g2,64,66,64,66,2,0.5,0.00035,1,1,G2,8.2,33.0,15
synthetic_04102,cluster_v100m16,57,59,57,59,2,0.5,0.00025,1,1,,11.908,46.0,15
synthetic_04103,cluster_g2,55,57,55,57,2,0.5,0.00035,1,1,G2,11.4,47.0,15
synthetic_04104,cluster_v100m32,29,30,29,30,1,0.25,0.00025,1,1,,11.3,48.0,15
synthetic_04105,cluster_v100m32,83,85,83,85,2,0.5,0.00025,1,1,,11.3,48.0,15
synthetic_04106,cluster_t4,30,45,30,45,15,3.75,7e-05,1,1,,4.0,29.8017578125,15
synthetic_04107,cluster_p100,57,58,57,58,1,0.25,0.00025,1,1,,3.152,5.46875,15
synthetic_04108,cluster_t4,1,2,1,2,1,0.25,7e-05,1,1,T4,11.3,48.0,15
synthetic_04109,cluster_g2,11,12,11,12,1,0.25,0.00035,1,1,G2,3.152,5.46875,15
synthetic_04110,cluster_v100m16,64,65,64,65,1,0.25,0.00025,1,1,,11.3,48.0,15
synthetic_04111,cluster_p100,77,78,77,78,1,0.25,0.00025,1,1,,6.0,6.0,15
synthetic_04112,cluster_t4,38,39,38,39,1,0.25,7e-05,1,1,T4,4.0,22.3515625,15
synthetic_04113,cluster_g3,83,86,83,86,3,0.75,0.00035,1,1,,15.7,57.0,15
synthetic_04114,cluster_g2,95,96,95,96,1,0.25,0.00035,1,1,G2,3.152,5.46875,15
synthetic_04115,cluster_t4,37,38,37,38,1,0.25,7e-05,1,1,T4,11.908,46.0,15
synthetic_04116,cluster_t4,8,10,8,10,2,0.5,7e-05,1,1,T4,14.2,57.0,15
synthetic_04117,cluster_t4,66,68,66,68,2,0.5,7e-05,1,1,T4,16.0,32.0,15
synthetic_04118,cluster_g3,53,54,53,54,1,0.25,0.00035,1,1,,15.7,57.0,15
synthetic_04119,cluster_t4,1,2,1,2,1,0.25,7e-05,1,1,T4,12.0,15.0,15
synthetic_04120,cluster_t4,22,23,22,23,1,0.25,7e-05,1,1,T4,11.908,46.0,15
synthetic_04121,cluster_g3,32,35,32,35,3,0.75,0.00035,1,1,,15.7,57.0,15
synthetic_04122,cluster_p100,11,13,11,13,2,0.5,0.00025,1,1,P100,3.152,5.46875,15
synthetic_04123,cluster_v100m16,62,63,62,63,1,0.25,0.00025,1,1,,11.3,48.0,15
synthetic_04124,cluster_t4,43,44,43,44,1,0.25,7e-05,1,1,,11.3,48.0,15
synthetic_04125,cluster_p100,47,48,47,48,1,0.25,0.00025,1,1,P100,3.152,5.46875,15
synthetic_04126,cluster_v100m16,20,24,20,24,4,1.0,0.00025,1,1,,9.81,40.5859375,15
synthetic_04127,cluster_v100m32,74,89,74,89,15,3.75,0.00025,1,1,,11.908,46.0,15
synthetic_04128,cluster_t4,63,64,63,64,1,0.25,7e-05,1,1,,11.3,48.0,15
synthetic_04129,cluster_t4,53,54,53,54,1,0.25,7e-05,1,1,T4,11.908,46.0,15
synthetic_04130,cluster_v100m16,65,74,65,74,9,2.25,0.00025,1,1,,16.0,64.0,15
synthetic_04131,cluster_g2,44,45,44,45,1,0.25,0.00035,1,1,,3.152,5.46875,15
synthetic_04132,cluster_t4,34,38,34,38,4,1.0,7e-05,1,1,T4,11.3,48.0,15
synthetic_04133,cluster_v100m32,22,36,22,36,14,3.5,0.00025,1,1,,3.152,5.46875,15
synthetic_04134,cluster_g2,83,84,83,84,1,0.25,0.00035,1,1,G2,11.4,47.0,15
synthetic_04135,cluster_v100m32,18,19,18,19,1,0.25,0.00025,1,1,,11.3,48.0,15
synthetic_04136,cluster_v100m32,56,71,56,71,15,3.75,0.00025,1,1,,12.0,15.0,15
synthetic_04137,cluster_g2,68,69,68,69,1,0.25,0.00035,1,1,,3.152,5.46875,15
synthetic_04138,cluster_p100,29,31,29,31,2,0.5,0.00025,1,1,P100,3.152,5.46875,15
synthetic_04139,cluster_p100,85,87,85,87,2,0.5,0.00025,1,1,,15.4,88.0,15
synthetic_04140,cluster_g2,55,56,55,56,1,0.25,0.00035,1,1,,11.4,47.0,15
synthetic_04141,cluster_g3,19,20,19,20,1,0.25,0.00035,1,1,,3.152,5.46875,15
synthetic_04142,cluster_v100m16,78,79,78,79,1,0.25,0.00025,1,1,,8.0,29.8017578125,15
synthetic_04143,cluster_t4,59,60,59,60,1,0.25,7e-05,1,1,,3.152,5.46875,15
synthetic_04144,cluster_v100m32,60,62,60,62,2,0.5,0.00025,1,1,P100|V100M16|V100M32,16.0,32.0,15
synthetic_04145,cluster_g3,12,13,12,13,1,0.25,0.00035,1,1,,3.152,5.46875,15
synthetic_04146,cluster_v100m16,17,18,17,18,1,0.25,0.00025,1,1,,8.0,29.8017578125,15
synthetic_04147,cluster_t4,20,22,20,22,2,0.5,7e-05,1,1,T4,12.0,24.0,15
synthetic_04148,cluster_t4,95,96,95,96,1,0.25,7e-05,1,1,T4,11.4,47.0,15
synthetic_04149,cluster_t4,93,94,93,94,1,0.25,7e-05,1,1,T4,3.152,5.46875,15
synthetic_04150,cluster_t4,53,58,53,58,5,1.25,7e-05,1,1,,11.908,46.0,15
synthetic_04151,cluster_t4,2,3,2,3,1,0.25,7e-05,1,1,,8.0,29.8017578125,15
synthetic_04152,cluster_g2,0,2,0,2,2,0.5,0.00035,1,1,G2,18.708,63.0,15
synthetic_04153,cluster_p100,92,94,92,94,2,0.5,0.00025,1,1,,15.7,57.0,15
synthetic_04154,cluster_p100,44,46,44,46,2,0.5,0.00025,1,1,,8.0,29.8017578125,15
synthetic_04155,cluster_v100m16,28,30,28,30,2,0.5,0.00025,1,1,,4.0,24.0,15
synthetic_04156,cluster_p100,38,40,38,40,2,0.5,0.00025,1,1,,16.0,64.0,15
synthetic_04157,cluster_t4,8,9,8,9,1,0.25,7e-05,1,1,,3.152,5.46875,15
synthetic_04158,cluster_g2,58,60,58,60,2,0.5,0.00035,1,1,G2,8.0,16.0,15
synthetic_04159,cluster_v100m16,55,58,55,58,3,0.75,0.00025,1,1,,11.3,48.0,15
synthetic_04160,cluster_g2,48,49,48,49,1,0.25,0.00035,1,1,,3.152,5.46875,15
synthetic_04161,cluster_v100m32,12,20,12,20,8,2.0,0.00025,1,1,,8.0,29.8017578125,15
synthetic_04162,cluster_g2,29,35,29,35,6,1.5,0.00035,1,1,G2,12.0,24.0,15
synthetic_04163,cluster_v100m16,24,26,24,26,2,0.5,0.00025,1,1,,3.152,5.46875,15
synthetic_04164,cluster_t4,94,95,94,95,1,0.25,7e-05,1,1,,11.908,46.0,15
synthetic_04165,cluster_p100,24,25,24,25,1,0.25,0.00025,1,1,,3.152,5.46875,15
synthetic_04166,cluster_g3,25,27,25,27,2,0.5,0.00035,1,1,,4.0,30.517578125,15
synthetic_04167,cluster_v100m16,91,92,91,92,1,0.25,0.00025,1,1,,3.152,5.46875,15
synthetic_04168,cluster_g2,43,45,43,45,2,0.5,0.00035,1,1,,6.0,6.0,15
synthetic_04169,cluster_t4,56,57,56,57,1,0.25,7e-05,1,1,,11.4,47.0,15
synthetic_04170,cluster_g3,11,13,11,13,2,0.5,0.00035,1,1,,11.908,46.0,15
synthetic_04171,cluster_g3,10,11,10,11,1,0.25,0.00035,1,1,,2.0,16.0,15
synthetic_04172,cluster_g2,56,57,56,57,1,0.25,0.00035,1,1,,11.908,46.0,15
synthetic_04173,cluster_p100,42,46,42,46,4,1.0,0.00025,1,1,P100,11.908,46.0,15
synthetic_04174,cluster_g3,75,77,75,77,2,0.5,0.00035,1,1,,11.908,46.0,15
synthetic_04175,cluster_t4,0,2,0,2,2,0.5,7e-05,1,1,T4,24.2,91.0,15
synthetic_04176,cluster_t4,45,48,45,48,3,0.75,7e-05,1,1,,11.9,76.0,15
synthetic_04177,cluster_p100,39,40,39,40,1,0.25,0.00025,1,1,P100,3.152,5.46875,15
synthetic_04178,cluster_v100m32,27,28,27,28,1,0.25,0.00025,1,1,V100M16|V100M32,18.708,63.0,15
synthetic_04179,cluster_t4,73,74,73,74,1,0.25,7e-05,1,1,T4,18.708,63.0,15
synthetic_04180,cluster_t4,77,80,77,80,3,0.75,7e-05,1,1,,24.2,91.0,15
synthetic_04181,cluster_g2,1,2,1,2,1,0.25,0.00035,1,1,,3.152,5.46875,15
synthetic_04182,cluster_v100m32,7,8,7,8,1,0.25,0.00025,1,1,,3.152,5.46875,15
synthetic_04183,cluster_t4,31,35,31,35,4,1.0,7e-05,1,1,,8.0,29.8017578125,15
synthetic_04184,cluster_g2,17,18,17,18,1,0.25,0.00035,1,1,,11.3,48.0,15
synthetic_04185,cluster_p100,74,75,74,75,1,0.25,0.00025,1,1,,11.4,47.0,15
synthetic_04186,cluster_v100m32,91,92,91,92,1,0.25,0.00025,1,1,,3.152,5.46875,15
synthetic_04187,cluster_t4,27,28,27,28,1,0.25,7e-05,1,1,,3.152,5.46875,15
synthetic_04188,cluster_p100,53,58,53,58,5,1.25,0.00025,1,1,P100,4.0,22.3515625,15
synthetic_04189,cluster_p100,24,25,24,25,1,0.25,0.00025,1,1,,18.708,63.0,15
synthetic_04190,cluster_p100,15,21,15,21,6,1.5,0.00025,1,1,P100,4.0,29.8017578125,15
synthetic_04191,cluster_g2,58,59,58,59,1,0.25,0.00035,1,1,G2,18.708,63.0,15
synthetic_04192,cluster_p100,85,86,85,86,1,0.25,0.00025,1,1,,11.3,48.0,15
synthetic_04193,cluster_g2,21,22,21,22,1,0.25,0.00035,1,1,,11.3,48.0,15
synthetic_04194,cluster_t4,38,39,38,39,1,0.25,7e-05,1,1,T4,11.3,48.0,15
synthetic_04195,cluster_t4,74,75,74,75,1,0.25,7e-05,1,1,T4,11.4,47.0,15
synthetic_04196,cluster_g3,4,8,4,8,4,1.0,0.00035,1,1,,11.908,46.0,15
synthetic_04197,cluster_t4,36,38,36,38,2,0.5,7e-05,1,1,T4,11.4,76.0,15
synthetic_04198,cluster_p100,65,69,65,69,4,1.0,0.00025,1,1,,11.9,76.0,15
synthetic_04199,cluster_g2,80,81,80,81,1,0.25,0.00035,1,1,,11.3,48.0,15
synthetic_04200,cluster_g2,68,69,68,69,1,0.25,0.00035,1,1,,3.152,5.46875,15
synthetic_04201,cluster_t4,92,95,92,95,3,0.75,7e-05,1,1,T4,4.0,14.900390625,15
synthetic_04202,cluster_t4,85,86,85,86,1,0.25,7e-05,1,1,T4,3.152,5.46875,15
synthetic_04203,cluster_g2,85,87,85,87,2,0.5,0.00035,1,1,,24.2,91.0,15
synthetic_04204,cluster_t4,38,40,38,40,2,0.5,7e-05,1,1,T4,11.908,46.0,15
synthetic_04205,cluster_t4,18,19,18,19,1,0.25,7e-05,1,1,T4,11.9,76.0,15
synthetic_04206,cluster_v100m32,84,85,84,85,1,0.25,0.00025,1,1,,11.3,48.0,15
synthetic_04207,cluster_g2,41,42,41,42,1,0.25,0.00035,1,1,G2,11.9,76.0,15
synthetic_04208,cluster_g2,13,14,13,14,1,0.25,0.00035,1,1,,3.152,5.46875,15
synthetic_04209,cluster_p100,18,19,18,19,1,0.25,0.00025,1,1,,11.3,48.0,15
synthetic_04210,cluster_v100m16,46,47,46,47,1,0.25,0.00025,1,1,,3.152,5.46875,15
synthetic_04211,cluster_t4,94,95,94,95,1,0.25,7e-05,1,1,T4,4.152,10.3515625,15
synthetic_04212,cluster_g2,54,55,54,55,1,0.25,0.00035,1,1,,3.152,5.46875,15
synthetic_04213,cluster_v100m16,71,72,71,72,1,0.25,0.00025,1,1,,16.4,123.0,15
synthetic_04214,cluster_v100m32,90,91,90,91,1,0.25,0.00025,1,1,,8.0,29.8017578125,15
synthetic_04215,cluster_v100m16,88,89,88,89,1,0.25,0.00025,1,1,V100M16|V100M32,18.708,63.0,15
synthetic_04216,cluster_v100m16,28,31,28,31,3,0.75,0.00025,1,1,,6.0,23.0,15
synthetic_04217,cluster_g2,14,15,14,15,1,0.25,0.00035,1,1,,11.908,46.0,15
synthetic_04218,cluster_p100,81,83,81,83,2,0.5,0.00025,1,1,,11.9,76.0,15
synthetic_04219,cluster_p100,91,94,91,94,3,0.75,0.00025,1,1,,4.0,14.900390625,15
synthetic_04220,cluster_t4,90,95,90,95,5,1.25,7e-05,1,1,,15.2,79.0,15
synthetic_04221,cluster_p100,5,6,5,6,1,0.25,0.00025,1,1,,3.152,5.46875,15
synthetic_04222,cluster_v100m16,86,87,86,87,1,0.25,0.00025,1,1,,8.0,29.8017578125,15
synthetic_04223,cluster_p100,39,49,39,49,10,2.5,0.00025,1,1,P100|V100M16|V100M32,24.2,91.0,15
synthetic_04224,cluster_t4,32,35,32,35,3,0.75,7e-05,1,1,T4,6.0,18.0,15
synthetic_04225,cluster_g2,2,3,2,3,1,0.25,0.00035,1,1,G2,3.152,5.46875,15
synthetic_04226,cluster_v100m32,46,47,46,47,1,0.25,0.00025,1,1,,3.152,5.46875,15
synthetic_04227,cluster_t4,80,83,80,83,3,0.75,7e-05,1,1,T4,6.0,32.0,15
synthetic_04228,cluster_t4,2,3,2,3,1,0.25,7e-05,1,1,T4,9.81,40.5859375,15
synthetic_04229,cluster_g2,63,64,63,64,1,0.25,0.00035,1,1,G2,11.4,47.0,15
synthetic_04230,cluster_v100m16,72,74,72,74,2,0.5,0.00025,1,1,,4.0,29.8017578125,15
synthetic_04231,cluster_v100m32,91,93,91,93,2,0.5,0.00025,1,1,,11.908,46.0,15
synthetic_04232,cluster_t4,6,7,6,7,1,0.25,7e-05,1,1,,3.152,5.46875,15
synthetic_04233,cluster_t4,26,27,26,27,1,0.25,7e-05,1,1,,3.152,5.46875,15
synthetic_04234,cluster_p100,60,62,60,62,2,0.5,0.00025,1,1,P100,4.152,10.3515625,15
synthetic_04235,cluster_g2,50,55,50,55,5,1.25,0.00035,1,1,,16.0,32.0,15
synthetic_04236,cluster_p100,81,82,81,82,1,0.25,0.00025,1,1,,11.3,48.0,15
synthetic_04237,cluster_g2,19,20,19,20,1,0.25,0.00035,1,1,,4.152,10.3515625,15
synthetic_04238,cluster_v100m16,76,81,76,81,5,1.25,0.00025,1,1,,4.0,24.0,15
synthetic_04239,cluster_p100,81,82,81,82,1,0.25,0.00025,1,1,P100,11.908,46.0,15
synthetic_04240,cluster_t4,43,44,43,44,1,0.25,7e-05,1,1,T4,3.152,5.46875,15
synthetic_04241,cluster_v100m16,64,65,64,65,1,0.25,0.00025,1,1,,3.152,5.46875,15
synthetic_04242,cluster_g2,6,7,6,7,1,0.25,0.00035,1,1,,24.2,91.0,15
synthetic_04243,cluster_v100m32,59,60,59,60,1,0.25,0.00025,1,1,,11.3,48.0,15
synthetic_04244,cluster_t4,52,54,52,54,2,0.5,7e-05,1,1,T4,3.152,5.46875,15
synthetic_04245,cluster_t4,80,89,80,89,9,2.25,7e-05,1,1,T4,3.152,5.46875,15
synthetic_04246,cluster_v100m32,13,15,13,15,2,0.5,0.00025,1,1,,12.0,16.0,15
synthetic_04247,cluster_g2,66,67,66,67,1,0.25,0.00035,1,1,G2,12.0,24.0,15
synthetic_04248,cluster_t4,8,10,8,10,2,0.5,7e-05,1,1,T4,4.0,14.900390625,15
synthetic_04249,cluster_p100,61,63,61,63,2,0.5,0.00025,1,1,,3.152,5.46875,15
synthetic_04250,cluster_t4,1,2,1,2,1,0.25,7e-05,1,1,T4,9.81,40.5859375,15
synthetic_04251,cluster_t4,74,76,74,76,2,0.5,7e-05,1,1,,15.2,79.0,15
synthetic_04252,cluster_t4,61,62,61,62,1,0.25,7e-05,1,1,T4,11.4,47.0,15
synthetic_04253,cluster_v100m32,39,43,39,43,4,1.0,0.00025,1,1,,3.152,5.46875,15
synthetic_04254,cluster_v100m32,81,87,81,87,6,1.5,0.00025,1,1,,11.908,46.0,15
synthetic_04255,cluster_t4,94,95,94,95,1,0.25,7e-05,1,1,T4,3.152,5.46875,15
synthetic_04256,cluster_p100,25,32,25,32,7,1.75,0.00025,1,1,P100,8.0,29.8017578125,15
synthetic_04257,cluster_v100m16,58,63,58,63,5,1.25,0.00025,1,1,,4.0,24.0,15
synthetic_04258,cluster_t4,89,91,89,91,2,0.5,7e-05,1,1,T4,12.0,32.0,15
synthetic_04259,cluster_t4,36,37,36,37,1,0.25,7e-05,1,1,,3.152,5.46875,15
synthetic_04260,cluster_g2,34,35,34,35,1,0.25,0.00035,1,1,,3.152,5.46875,15
synthetic_04261,cluster_p100,81,88,81,88,7,1.75,0.00025,1,1,,9.81,40.5859375,15
synthetic_04262,cluster_g2,18,20,18,20,2,0.5,0.00035,1,1,,11.3,48.0,15
synthetic_04263,cluster_t4,0,1,0,1,1,0.25,7e-05,1,1,,4.152,10.3515625,15
synthetic_04264,cluster_t4,15,18,15,18,3,0.75,7e-05,1,1,T4,11.908,46.0,15
synthetic_04265,cluster_g2,20,22,20,22,2,0.5,0.00035,1,1,,3.152,5.46875,15
synthetic_04266,cluster_p100,42,50,42,50,8,2.0,0.00025,1,1,,11.4,47.0,15
synthetic_04267,cluster_g3,3,8,3,8,5,1.25,0.00035,1,1,,11.3,48.0,15
synthetic_04268,cluster_p100,37,38,37,38,1,0.25,0.00025,1,1,,3.152,5.46875,15
synthetic_04269,cluster_p100,31,34,31,34,3,0.75,0.00025,1,1,,15.7,57.0,15
synthetic_04270,cluster_t4,47,48,47,48,1,0.25,7e-05,1,1,T4,3.152,5.46875,15
synthetic_04271,cluster_v100m16,2,3,2,3,1,0.25,0.00025,1,1,,3.152,5.46875,15
synthetic_04272,cluster_t4,78,79,78,79,1,0.25,7e-05,1,1,,3.152,5.46875,15
synthetic_04273,cluster_g3,81,82,81,82,1,0.25,0.00035,1,1,,4.152,10.3515625,15
synthetic_04274,cluster_t4,6,8,6,8,2,0.5,7e-05,1,1,,11.908,46.0,15
synthetic_04275,cluster_t4,39,41,39,41,2,0.5,7e-05,1,1,,8.2,33.0,15
synthetic_04276,cluster_t4,15,16,15,16,1,0.25,7e-05,1,1,T4,11.9,76.0,15
synthetic_04277,cluster_t4,40,42,40,42,2,0.5,7e-05,1,1,T4,14.2,57.0,15
synthetic_04278,cluster_v100m16,11,16,11,16,5,1.25,0.00025,1,1,,16.0,32.0,15
synthetic_04279,cluster_g3,78,79,78,79,1,0.25,0.00035,1,1,,11.908,46.0,15
synthetic_04280,cluster_t4,55,61,55,61,6,1.5,7e-05,1,1,,16.0,64.0,15
synthetic_04281,cluster_p100,67,72,67,72,5,1.25,0.00025,1,1,,11.908,46.0,15
synthetic_04282,cluster_t4,63,64,63,64,1,0.25,7e-05,1,1,T4,11.4,47.0,15
synthetic_04283,cluster_v100m16,33,34,33,34,1,0.25,0.00025,1,1,,9.81,40.5859375,15
synthetic_04284,cluster_t4,85,86,85,86,1,0.25,7e-05,1,1,,4.0,22.3515625,15
synthetic_04285,cluster_t4,9,24,9,24,15,3.75,7e-05,1,1,,11.908,46.0,15
synthetic_04286,cluster_v100m16,53,54,53,54,1,0.25,0.00025,1,1,,3.152,5.46875,15
synthetic_04287,cluster_v100m32,54,56,54,56,2,0.5,0.00025,1,1,V100M32,12.0,16.0,15
synthetic_04288,cluster_v100m32,69,81,69,81,12,3.0,0.00025,1,1,,11.908,46.0,15
synthetic_04289,cluster_v100m16,62,63,62,63,1,0.25,0.00025,1,1,A10|G2|P100|T4|V100M16|V100M32,3.152,5.46875,15
synthetic_04290,cluster_t4,86,93,86,93,7,1.75,7e-05,1,1,T4,4.0,14.900390625,15
synthetic_04291,cluster_t4,78,80,78,80,2,0.5,7e-05,1,1,T4,8.0,16.0,15
synthetic_04292,cluster_t4,34,35,34,35,1,0.25,7e-05,1,1,T4,11.4,47.0,15
synthetic_04293,cluster_t4,43,48,43,48,5,1.25,7e-05,1,1,T4,16.0,32.0,15
synthetic_04294,cluster_g3,23,24,23,24,1,0.25,0.00035,1,1,,3.152,5.46875,15
synthetic_04295,cluster_g3,8,10,8,10,2,0.5,0.00035,1,1,,3.152,5.46875,15
synthetic_04296,cluster_g3,95,96,95,96,1,0.25,0.00035,1,1,,4.0,22.3515625,15
synthetic_04297,cluster_p100,92,94,92,94,2,0.5,0.00025,1,1,,11.908,46.0,15
synthetic_04298,cluster_p100,51,52,51,52,1,0.25,0.00025,1,1,,3.152,5.46875,15
synthetic_04299,cluster_g2,21,22,21,22,1,0.25,0.00035,1,1,,8.0,29.8017578125,15
synthetic_04300,cluster_g3,91,92,91,92,1,0.25,0.00035,1,1,,9.4,51.0,15
synthetic_04301,cluster_v100m16,43,44,43,44,1,0.25,0.00025,1,1,,11.3,48.0,15
synthetic_04302,cluster_v100m32,10,11,10,11,1,0.25,0.00025,1,1,,3.152,5.46875,15
synthetic_04303,cluster_t4,50,51,50,51,1,0.25,7e-05,1,1,,12.0,18.0,15
synthetic_04304,cluster_v100m16,44,45,44,45,1,0.25,0.00025,1,1,,4.152,10.3515625,15
synthetic_04305,cluster_p100,91,92,91,92,1,0.25,0.00025,1,1,P100,3.152,5.46875,15
synthetic_04306,cluster_t4,81,84,81,84,3,0.75,7e-05,1,1,,12.0,32.0,15
synthetic_04307,cluster_p100,50,51,50,51,1,0.25,0.00025,1,1,,3.152,5.46875,15
synthetic_04308,cluster_v100m32,2,3,2,3,1,0.25,0.00025,1,1,P100|V100M16|V100M32,15.7,57.0,15
synthetic_04309,cluster_v100m16,86,89,86,89,3,0.75,0.00025,1,1,,15.7,57.0,15
synthetic_04310,cluster_p100,20,22,20,22,2,0.5,0.00025,1,1,,11.4,47.0,15
synthetic_04311,cluster_v100m32,32,34,32,34,2,0.5,0.00025,1,1,,14.2,57.0,15
synthetic_04312,cluster_v100m32,25,27,25,27,2,0.5,0.00025,1,1,,11.908,46.0,15
synthetic_04313,cluster_v100m32,72,73,72,73,1,0.25,0.00025,1,1,,3.152,5.46875,15
synthetic_04314,cluster_t4,52,53,52,53,1,0.25,7e-05,1,1,T4,11.3,48.0,15
synthetic_04315,cluster_v100m32,33,34,33,34,1,0.25,0.00025,1,1,,8.0,16.0,15
synthetic_04316,cluster_t4,84,85,84,85,1,0.25,7e-05,1,1,T4,3.152,5.46875,15
synthetic_04317,cluster_t4,8,9,8,9,1,0.25,7e-05,1,1,,3.152,5.46875,15
synthetic_04318,cluster_v100m32,23,24,23,24,1,0.25,0.00025,1,1,,11.908,46.0,15
synthetic_04319,cluster_g2,45,46,45,46,1,0.25,0.00035,1,1,,9.81,40.5859375,15
synthetic_04320,cluster_t4,71,72,71,72,1,0.25,7e-05,1,1,T4,11.908,46.0,15
synthetic_04321,cluster_g3,26,35,26,35,9,2.25,0.00035,1,1,,4.0,22.3515625,15
synthetic_04322,cluster_g3,61,62,61,62,1,0.25,0.00035,1,1,,3.152,5.46875,15
synthetic_04323,cluster_t4,15,19,15,19,4,1.0,7e-05,1,1,T4,24.2,91.0,15
synthetic_04324,cluster_v100m16,29,30,29,30,1,0.25,0.00025,1,1,,3.152,5.46875,15
synthetic_04325,cluster_g2,31,32,31,32,1,0.25,0.00035,1,1,,11.4,47.0,15
synthetic_04326,cluster_p100,65,71,65,71,6,1.5,0.00025,1,1,,9.81,40.5859375,15
synthetic_04327,cluster_t4,84,85,84,85,1,0.25,7e-05,1,1,T4,12.0,24.0,15
synthetic_04328,cluster_t4,45,46,45,46,1,0.25,7e-05,1,1,T4,11.4,47.0,15
synthetic_04329,cluster_t4,21,22,21,22,1,0.25,7e-05,1,1,,3.152,5.46875,15
synthetic_04330,cluster_g2,18,19,18,19,1,0.25,0.00035,1,1,,11.908,46.0,15
synthetic_04331,cluster_t4,10,11,10,11,1,0.25,7e-05,1,1,T4,3.152,5.46875,15
synthetic_04332,cluster_g3,63,64,63,64,1,0.25,0.00035,1,1,,8.0,29.8017578125,15
synthetic_04333,cluster_v100m32,73,79,73,79,6,1.5,0.00025,1,1,,16.0,64.0,15
synthetic_04334,cluster_t4,90,92,90,92,2,0.5,7e-05,1,1,,3.152,5.46875,15
synthetic_04335,cluster_v100m32,25,26,25,26,1,0.25,0.00025,1,1,,3.152,5.46875,15
synthetic_04336,cluster_p100,24,25,24,25,1,0.25,0.00025,1,1,,3.152,5.46875,15
synthetic_04337,cluster_g2,52,56,52,56,4,1.0,0.00035,1,1,,12.0,24.0,15
synthetic_04338,cluster_v100m32,14,15,14,15,1,0.25,0.00025,1,1,,3.152,5.46875,15
synthetic_04339,cluster_v100m16,4,5,4,5,1,0.25,0.00025,1,1,A10|G2|P100|T4|V100M16|V100M32,3.152,5.46875,15
synthetic_04340,cluster_v100m16,80,81,80,81,1,0.25,0.00025,1,1,,4.0,29.8017578125,15
synthetic_04341,cluster_p100,74,76,74,76,2,0.5,0.00025,1,1,P100,4.0,14.900390625,15
synthetic_04342,cluster_g2,59,60,59,60,1,0.25,0.0014,4,4,G2,32.2,129.0,15
synthetic_04343,cluster_g2,55,56,55,56,1,0.25,0.0028,8,8,,64.2,257.0,15
synthetic_04344,cluster_g3,39,44,39,44,5,1.25,0.00035,1,1,G3,11.9,76.0,15
synthetic_04345,cluster_p100,90,95,90,95,5,1.25,0.00025,1,1,,11.908,46.0,15
synthetic_04346,cluster_g2,9,10,9,10,1,0.25,0.00035,1,1,,3.152,5.46875,15
synthetic_04347,cluster_t4,83,86,83,86,3,0.75,7e-05,1,1,T4,16.4,123.0,15
synthetic_04348,cluster_v100m32,29,30,29,30,1,0.25,0.00025,1,1,,3.152,5.46875,15
synthetic_04349,cluster_v100m16,69,72,69,72,3,0.75,0.00025,1,1,P100|V100M16|V100M32,15.7,57.0,15
synthetic_04350,cluster_v100m32,4,5,4,5,1,0.25,0.00025,1,1,,8.0,29.8017578125,15
synthetic_04351,cluster_p100,95,96,95,96,1,0.25,0.00025,1,1,P100,11.908,46.0,15
synthetic_04352,cluster_a10,84,85,84,85,1,0.25,0.00015,1,1,,11.3,48.0,15
synthetic_04353,cluster_v100m32,14,15,14,15,1,0.25,0.00025,1,1,,11.908,46.0,15
synthetic_04354,cluster_p100,72,73,72,73,1,0.25,0.00025,1,1,,11.4,47.0,15
synthetic_04355,cluster_g3,60,61,60,61,1,0.25,0.00035,1,1,,12.0,24.0,15
synthetic_04356,cluster_g2,90,91,90,91,1,0.25,0.00035,1,1,,4.0,16.0,15
synthetic_04357,cluster_g3,44,45,44,45,1,0.25,0.00035,1,1,,3.152,5.46875,15
synthetic_04358,cluster_g2,84,85,84,85,1,0.25,0.00035,1,1,G2,11.3,48.0,15
synthetic_04359,cluster_g2,11,25,11,25,14,3.5,0.00035,1,1,,16.0,64.0,15
synthetic_04360,cluster_v100m16,73,74,73,74,1,0.25,0.00025,1,1,,3.152,5.46875,15
synthetic_04361,cluster_v100m16,83,84,83,84,1,0.25,0.00025,1,1,,4.0,24.0,15
synthetic_04362,cluster_g3,51,52,51,52,1,0.25,0.00035,1,1,,2.0,16.0,15
synthetic_04363,cluster_g2,20,21,20,21,1,0.25,0.00035,1,1,,4.0,22.3515625,15
synthetic_04364,cluster_t4,80,83,80,83,3,0.75,7e-05,1,1,T4,3.152,5.46875,15
synthetic_04365,cluster_t4,10,17,10,17,7,1.75,7e-05,1,1,,12.0,15.0,15
synthetic_04366,cluster_v100m16,86,87,86,87,1,0.25,0.00025,1,1,V100M16|V100M32,3.152,5.46875,15
synthetic_04367,cluster_g3,49,50,49,50,1,0.25,0.00035,1,1,,11.3,48.0,15
synthetic_04368,cluster_g3,80,82,80,82,2,0.5,0.00035,1,1,,3.152,5.46875,15
synthetic_04369,cluster_v100m16,46,47,46,47,1,0.25,0.00025,1,1,V100M16|V100M32,3.152,5.46875,15
synthetic_04370,cluster_v100m32,82,88,82,88,6,1.5,0.00025,1,1,,4.0,24.0,15
synthetic_04371,cluster_g2,39,40,39,40,1,0.25,0.00035,1,1,G2,12.0,16.0,15
synthetic_04372,cluster_g2,51,54,51,54,3,0.75,0.00035,1,1,,15.7,57.0,15
synthetic_04373,cluster_t4,16,23,16,23,7,1.75,7e-05,1,1,T4,4.0,22.3515625,15
synthetic_04374,cluster_t4,62,63,62,63,1,0.25,0.00014,2,2,,16.2,65.0,15
synthetic_04375,cluster_t4,7,12,7,12,5,1.25,7e-05,1,1,,3.152,5.46875,15
synthetic_04376,cluster_p100,32,33,32,33,1,0.25,0.00025,1,1,,3.152,5.46875,15
synthetic_04377,cluster_p100,8,10,8,10,2,0.5,0.00025,1,1,,4.0,22.3515625,15
synthetic_04378,cluster_v100m32,62,63,62,63,1,0.25,0.00025,1,1,,3.152,5.46875,15
synthetic_04379,cluster_g3,84,86,84,86,2,0.5,0.00035,1,1,,8.0,32.0,15
synthetic_04380,cluster_g2,9,10,9,10,1,0.25,0.00035,1,1,G2,11.4,47.0,15
synthetic_04381,cluster_g2,49,50,49,50,1,0.25,0.00035,1,1,,18.708,63.0,15
synthetic_04382,cluster_v100m16,73,75,73,75,2,0.5,0.00025,1,1,A10|G2|T4|V100M16|V100M32,11.9,76.0,15
synthetic_04383,cluster_t4,16,17,16,17,1,0.25,7e-05,1,1,,3.152,5.46875,15
synthetic_04384,cluster_t4,86,87,86,87,1,0.25,7e-05,1,1,T4,12.0,24.0,15
synthetic_04385,cluster_v100m32,67,68,67,68,1,0.25,0.00025,1,1,,11.3,48.0,15
synthetic_04386,cluster_t4,92,94,92,94,2,0.5,7e-05,1,1,T4,11.3,48.0,15
synthetic_04387,cluster_v100m32,17,18,17,18,1,0.25,0.00025,1,1,,11.3,48.0,15
synthetic_04388,cluster_t4,32,33,32,33,1,0.25,7e-05,1,1,,11.4,47.0,15
synthetic_04389,cluster_t4,90,91,90,91,1,0.25,7e-05,1,1,,11.4,47.0,15
synthetic_04390,cluster_g2,80,83,80,83,3,0.75,0.00035,1,1,G2,11.4,76.0,15
synthetic_04391,cluster_g3,60,61,60,61,1,0.25,0.00035,1,1,,11.3,48.0,15
synthetic_04392,cluster_v100m32,58,59,58,59,1,0.25,0.00025,1,1,,11.3,37.0,15
synthetic_04393,cluster_p100,56,57,56,57,1,0.25,0.00025,1,1,P100|V100M16|V100M32,18.708,63.0,15
synthetic_04394,cluster_g3,22,23,22,23,1,0.25,0.00035,1,1,,12.0,48.0,15
synthetic_04395,cluster_v100m16,69,70,69,70,1,0.25,0.00025,1,1,,1.0,2.0,15
synthetic_04396,cluster_v100m16,46,47,46,47,1,0.25,0.00025,1,1,,6.0,6.0,15
synthetic_04397,cluster_t4,60,61,60,61,1,0.25,7e-05,1,1,T4,9.81,40.5859375,15
synthetic_04398,cluster_g3,15,16,15,16,1,0.25,0.00035,1,1,G3,15.7,57.0,15
synthetic_04399,cluster_g3,70,73,70,73,3,0.75,0.00035,1,1,,3.152,5.46875,15
synthetic_04400,cluster_v100m32,70,73,70,73,3,0.75,0.001,4,4,V100M16|V100M32,32.2,129.0,15
synthetic_04401,cluster_g3,55,63,55,63,8,2.0,0.00035,1,1,,12.0,15.0,15
synthetic_04402,cluster_g3,10,12,10,12,2,0.5,0.00035,1,1,,4.152,10.3515625,15
synthetic_04403,cluster_v100m16,18,19,18,19,1,0.25,0.00025,1,1,,24.2,91.0,15
synthetic_04404,cluster_t4,6,7,6,7,1,0.25,7e-05,1,1,,3.152,5.46875,15
synthetic_04405,cluster_p100,59,60,59,60,1,0.25,0.00025,1,1,,4.152,10.3515625,15
synthetic_04406,cluster_v100m32,91,92,91,92,1,0.25,0.00025,1,1,,3.152,5.46875,15
synthetic_04407,cluster_v100m16,36,37,36,37,1,0.25,0.00025,1,1,,4.0,29.8017578125,15
synthetic_04408,cluster_g2,29,32,29,32,3,0.75,0.00035,1,1,,18.708,63.0,15
synthetic_04409,cluster_t4,23,24,23,24,1,0.25,7e-05,1,1,,24.2,91.0,15
synthetic_04410,cluster_v100m32,15,17,15,17,2,0.5,0.00025,1,1,V100M16|V100M32,16.4,123.0,15
synthetic_04411,cluster_v100m32,46,47,46,47,1,0.25,0.00025,1,1,,11.3,48.0,15
synthetic_04412,cluster_v100m32,16,17,16,17,1,0.25,0.00025,1,1,P100|V100M16|V100M32,3.152,5.46875,15
synthetic_04413,cluster_p100,5,6,5,6,1,0.25,0.00025,1,1,G2|P100|T4|V100M16|V100M32,11.3,48.0,15
synthetic_04414,cluster_g2,32,33,32,33,1,0.25,0.00035,1,1,,11.908,46.0,15
synthetic_04415,cluster_t4,48,49,48,49,1,0.25,7e-05,1,1,T4,3.152,5.46875,15
synthetic_04416,cluster_t4,18,25,18,25,7,1.75,7e-05,1,1,T4,4.0,22.3515625,15
synthetic_04417,cluster_g2,15,20,15,20,5,1.25,0.00035,1,1,,4.0,14.900390625,15
synthetic_04418,cluster_p100,81,82,81,82,1,0.25,0.00025,1,1,,3.152,5.46875,15
synthetic_04419,cluster_t4,73,76,73,76,3,0.75,7e-05,1,1,T4,3.152,5.46875,15
synthetic_04420,cluster_v100m16,45,46,45,46,1,0.25,0.00025,1,1,,18.708,63.0,15
synthetic_04421,cluster_v100m32,55,56,55,56,1,0.25,0.0005,2,2,V100M32,17.4,42.0,15
synthetic_04422,cluster_v100m32,14,17,14,17,3,0.75,0.00025,1,1,A10|G2|T4|V100M16|V100M32,11.4,47.0,15
synthetic_04423,cluster_t4,22,23,22,23,1,0.25,7e-05,1,1,T4,4.152,10.3515625,15
synthetic_04424,cluster_g2,37,49,37,49,12,3.0,0.00035,1,1,,4.0,22.3515625,15
synthetic_04425,cluster_p100,18,23,18,23,5,1.25,0.00025,1,1,,11.908,46.0,15
synthetic_04426,cluster_v100m16,49,50,49,50,1,0.25,0.00025,1,1,,3.152,5.46875,15
synthetic_04427,cluster_t4,22,23,22,23,1,0.25,7e-05,1,1,T4,11.3,48.0,15
synthetic_04428,cluster_g2,37,38,37,38,1,0.25,0.00035,1,1,,3.152,5.46875,15
synthetic_04429,cluster_p100,19,20,19,20,1,0.25,0.00025,1,1,P100,3.152,5.46875,15
synthetic_04430,cluster_t4,6,8,6,8,2,0.5,7e-05,1,1,T4,16.0,64.0,15
synthetic_04431,cluster_p100,94,95,94,95,1,0.25,0.00025,1,1,,11.4,47.0,15
synthetic_04432,cluster_t4,29,32,29,32,3,0.75,7e-05,1,1,,11.9,76.0,15
synthetic_04433,cluster_g3,15,16,15,16,1,0.25,0.00035,1,1,,11.4,47.0,15
synthetic_04434,cluster_g2,58,59,58,59,1,0.25,0.00035,1,1,,11.4,76.0,15
synthetic_04435,cluster_t4,80,81,80,81,1,0.25,7e-05,1,1,,3.152,5.46875,15
synthetic_04436,cluster_g2,45,46,45,46,1,0.25,0.00035,1,1,,3.152,5.46875,15
synthetic_04437,cluster_t4,38,39,38,39,1,0.25,7e-05,1,1,T4,11.908,46.0,15
synthetic_04438,cluster_t4,11,12,11,12,1,0.25,7e-05,1,1,,3.152,5.46875,15
synthetic_04439,cluster_v100m32,27,28,27,28,1,0.25,0.00025,1,1,V100M16|V100M32,11.9,76.0,15
synthetic_04440,cluster_p100,86,88,86,88,2,0.5,0.00025,1,1,,11.4,47.0,15
synthetic_04441,cluster_t4,29,34,29,34,5,1.25,7e-05,1,1,T4,4.0,24.0,15
synthetic_04442,cluster_p100,42,43,42,43,1,0.25,0.00025,1,1,P100,3.152,5.46875,15
synthetic_04443,cluster_g2,56,58,56,58,2,0.5,0.00035,1,1,,8.0,32.0,15
synthetic_04444,cluster_v100m32,83,84,83,84,1,0.25,0.00025,1,1,V100M16|V100M32,12.0,24.0,15
synthetic_04445,cluster_t4,93,95,93,95,2,0.5,7e-05,1,1,,14.9,72.0,15
synthetic_04446,cluster_t4,53,57,53,57,4,1.0,7e-05,1,1,,11.4,47.0,15
synthetic_04447,cluster_t4,22,23,22,23,1,0.25,7e-05,1,1,T4,4.152,10.3515625,15
synthetic_04448,cluster_g3,83,86,83,86,3,0.75,0.00035,1,1,,15.7,57.0,15
synthetic_04449,cluster_v100m32,66,69,66,69,3,0.75,0.00025,1,1,,11.9,76.0,15
synthetic_04450,cluster_t4,35,36,35,36,1,0.25,7e-05,1,1,T4,11.3,48.0,15
synthetic_04451,cluster_p100,14,15,14,15,1,0.25,0.00025,1,1,,3.152,5.46875,15
synthetic_04452,cluster_t4,58,59,58,59,1,0.25,7e-05,1,1,T4,3.152,5.46875,15
synthetic_04453,cluster_g3,60,61,60,61,1,0.25,0.00035,1,1,,3.152,5.46875,15
synthetic_04454,cluster_v100m16,39,40,39,40,1,0.25,0.00025,1,1,,11.4,47.0,15
synthetic_04455,cluster_t4,71,72,71,72,1,0.25,7e-05,1,1,T4,11.908,46.0,15
synthetic_04456,cluster_p100,62,63,62,63,1,0.25,0.00025,1,1,,11.3,48.0,15
synthetic_04457,cluster_v100m16,45,46,45,46,1,0.25,0.00025,1,1,P100|V100M16|V100M32,18.708,63.0,15
synthetic_04458,cluster_g2,16,17,16,17,1,0.25,0.00035,1,1,,3.152,5.46875,15
synthetic_04459,cluster_t4,69,70,69,70,1,0.25,7e-05,1,1,T4,4.0,29.8017578125,15
synthetic_04460,cluster_t4,84,85,84,85,1,0.25,7e-05,1,1,,11.4,47.0,15
synthetic_04461,cluster_t4,44,45,44,45,1,0.25,7e-05,1,1,T4,8.0,29.8017578125,15
synthetic_04462,cluster_v100m32,56,58,56,58,2,0.5,0.00025,1,1,,11.3,48.0,15
synthetic_04463,cluster_p100,39,40,39,40,1,0.25,0.00025,1,1,,3.152,5.46875,15
synthetic_04464,cluster_t4,76,80,76,80,4,1.0,7e-05,1,1,T4,8.0,16.0,15
synthetic_04465,cluster_p100,12,13,12,13,1,0.25,0.00025,1,1,,3.152,5.46875,15
synthetic_04466,cluster_t4,13,14,13,14,1,0.25,7e-05,1,1,T4,4.0,22.3515625,15
synthetic_04467,cluster_p100,41,42,41,42,1,0.25,0.00025,1,1,,4.152,10.3515625,15
synthetic_04468,cluster_t4,37,48,37,48,11,2.75,7e-05,1,1,,12.0,24.0,15
synthetic_04469,cluster_v100m16,73,74,73,74,1,0.25,0.00025,1,1,,3.152,5.46875,15
synthetic_04470,cluster_t4,25,26,25,26,1,0.25,7e-05,1,1,T4,4.0,22.3515625,15
synthetic_04471,cluster_v100m16,33,37,33,37,4,1.0,0.00025,1,1,,4.0,22.3515625,15
synthetic_04472,cluster_v100m16,85,87,85,87,2,0.5,0.00025,1,1,V100M16|V100M32,18.708,63.0,15
synthetic_04473,cluster_p100,45,47,45,47,2,0.5,0.00025,1,1,,11.3,48.0,15
synthetic_04474,cluster_v100m32,2,3,2,3,1,0.25,0.00025,1,1,,3.152,5.46875,15
synthetic_04475,cluster_v100m16,69,79,69,79,10,2.5,0.00025,1,1,,4.0,22.3515625,15
synthetic_04476,cluster_t4,38,40,38,40,2,0.5,7e-05,1,1,T4,4.152,10.3515625,15
synthetic_04477,cluster_t4,69,70,69,70,1,0.25,7e-05,1,1,T4,8.0,29.8017578125,15
synthetic_04478,cluster_v100m16,90,92,90,92,2,0.5,0.00025,1,1,,11.3,48.0,15
synthetic_04479,cluster_p100,37,47,37,47,10,2.5,0.00025,1,1,,11.4,47.0,15
synthetic_04480,cluster_t4,37,38,37,38,1,0.25,7e-05,1,1,T4,11.4,47.0,15
synthetic_04481,cluster_g2,72,73,72,73,1,0.25,0.00035,1,1,G2,3.152,5.46875,15
synthetic_04482,cluster_t4,68,69,68,69,1,0.25,7e-05,1,1,T4,8.0,29.8017578125,15
synthetic_04483,cluster_p100,19,24,19,24,5,1.25,0.00025,1,1,,11.908,46.0,15
synthetic_04484,cluster_v100m16,45,54,45,54,9,2.25,0.00025,1,1,P100|V100M16|V100M32,16.0,64.0,15
synthetic_04485,cluster_g2,43,44,43,44,1,0.25,0.00035,1,1,,11.4,47.0,15
synthetic_04486,cluster_t4,76,78,76,78,2,0.5,7e-05,1,1,T4,3.152,5.46875,15
synthetic_04487,cluster_v100m16,32,33,32,33,1,0.25,0.00025,1,1,,4.0,22.3515625,15
synthetic_04488,cluster_v100m16,57,59,57,59,2,0.5,0.00025,1,1,,4.0,29.8017578125,15
synthetic_04489,cluster_g2,13,15,13,15,2,0.5,0.00035,1,1,,11.3,48.0,15
synthetic_04490,cluster_p100,85,96,85,96,11,2.75,0.00025,1,1,,12.0,15.0,15
synthetic_04491,cluster_v100m32,13,18,13,18,5,1.25,0.00025,1,1,P100|V100M16|V100M32,8.0,16.0,15
synthetic_04492,cluster_v100m16,65,66,65,66,1,0.25,0.00025,1,1,,12.0,32.0,15
synthetic_04493,cluster_v100m32,8,9,8,9,1,0.25,0.00025,1,1,,3.152,5.46875,15
synthetic_04494,cluster_v100m32,35,39,35,39,4,1.0,0.00025,1,1,V100M16|V100M32,11.4,47.0,15
synthetic_04495,cluster_t4,76,77,76,77,1,0.25,7e-05,1,1,T4,11.908,46.0,15
synthetic_04496,cluster_t4,73,74,73,74,1,0.25,7e-05,1,1,T4,11.908,46.0,15
synthetic_04497,cluster_t4,37,38,37,38,1,0.25,7e-05,1,1,,3.152,5.46875,15
synthetic_04498,cluster_v100m16,51,56,51,56,5,1.25,0.00025,1,1,,15.2,79.0,15
synthetic_04499,cluster_v100m32,27,30,27,30,3,0.75,0.00025,1,1,,11.908,46.0,15
synthetic_04500,cluster_p100,73,74,73,74,1,0.25,0.00025,1,1,,4.0,14.900390625,15
synthetic_04501,cluster_v100m32,2,4,2,4,2,0.5,0.00025,1,1,,16.0,32.0,15
synthetic_04502,cluster_t4,44,45,44,45,1,0.25,7e-05,1,1,T4,12.0,15.625,15
synthetic_04503,cluster_g3,18,22,18,22,4,1.0,0.00035,1,1,,4.0,14.900390625,15
synthetic_04504,cluster_v100m16,70,71,70,71,1,0.25,0.00025,1,1,,12.0,24.0,15
synthetic_04505,cluster_g2,54,55,54,55,1,0.25,0.00035,1,1,,3.152,5.46875,15
synthetic_04506,cluster_g2,86,87,86,87,1,0.25,0.00035,1,1,,3.152,5.46875,15
synthetic_04507,cluster_t4,39,40,39,40,1,0.25,7e-05,1,1,,11.3,48.0,15
synthetic_04508,cluster_g3,33,34,33,34,1,0.25,0.00035,1,1,,14.2,57.0,15
synthetic_04509,cluster_v100m32,64,65,64,65,1,0.25,0.00025,1,1,,3.152,5.46875,15
synthetic_04510,cluster_t4,12,13,12,13,1,0.25,7e-05,1,1,T4,3.152,5.46875,15
synthetic_04511,cluster_t4,89,91,89,91,2,0.5,7e-05,1,1,,15.2,79.0,15
synthetic_04512,cluster_g2,95,96,95,96,1,0.25,0.00035,1,1,G2,11.4,47.0,15
synthetic_04513,cluster_g2,36,41,36,41,5,1.25,0.00035,1,1,,4.0,24.0,15
synthetic_04514,cluster_g2,84,86,84,86,2,0.5,0.00035,1,1,,3.152,5.46875,15
synthetic_04515,cluster_p100,48,58,48,58,10,2.5,0.00025,1,1,,11.908,46.0,15
synthetic_04516,cluster_v100m32,28,31,28,31,3,0.75,0.00025,1,1,V100M16|V100M32,15.7,57.0,15
synthetic_04517,cluster_v100m32,21,24,21,24,3,0.75,0.00025,1,1,,11.9,76.0,15
synthetic_04518,cluster_t4,9,14,9,14,5,1.25,7e-05,1,1,T4,4.0,24.0,15
synthetic_04519,cluster_p100,65,67,65,67,2,0.5,0.00025,1,1,,18.708,63.0,15
synthetic_04520,cluster_t4,49,50,49,50,1,0.25,7e-05,1,1,T4,8.0,29.8017578125,15
synthetic_04521,cluster_p100,49,50,49,50,1,0.25,0.00025,1,1,,3.152,5.46875,15
synthetic_04522,cluster_g2,26,30,26,30,4,1.0,0.00035,1,1,G2,9.81,40.5859375,15
synthetic_04523,cluster_v100m16,43,44,43,44,1,0.25,0.00025,1,1,,11.908,46.0,15
synthetic_04524,cluster_g2,6,7,6,7,1,0.25,0.00035,1,1,,14.2,57.0,15
synthetic_04525,cluster_t4,28,30,28,30,2,0.5,7e-05,1,1,T4,3.152,5.46875,15
synthetic_04526,cluster_t4,36,37,36,37,1,0.25,7e-05,1,1,,11.4,47.0,15
synthetic_04527,cluster_v100m32,32,33,32,33,1,0.25,0.00025,1,1,,3.152,5.46875,15
synthetic_04528,cluster_g2,58,59,58,59,1,0.25,0.00035,1,1,G2,9.81,40.5859375,15
synthetic_04529,cluster_g3,32,33,32,33,1,0.25,0.00035,1,1,,11.3,48.0,15
synthetic_04530,cluster_g3,57,68,57,68,11,2.75,0.0028,8,8,G3,88.0,320.0,15
synthetic_04531,cluster_g2,24,25,24,25,1,0.25,0.00035,1,1,,3.152,5.46875,15
synthetic_04532,cluster_g3,48,50,48,50,2,0.5,0.00035,1,1,,11.3,48.0,15
synthetic_04533,cluster_t4,50,51,50,51,1,0.25,7e-05,1,1,,11.908,46.0,15
synthetic_04534,cluster_v100m16,47,48,47,48,1,0.25,0.00025,1,1,,3.152,5.46875,15
synthetic_04535,cluster_t4,38,39,38,39,1,0.25,7e-05,1,1,T4,11.908,46.0,15
synthetic_04536,cluster_t4,25,38,25,38,13,3.25,7e-05,1,1,T4,11.4,47.0,15
synthetic_04537,cluster_v100m32,9,10,9,10,1,0.25,0.00025,1,1,,11.3,48.0,15
synthetic_04538,cluster_p100,11,21,11,21,10,2.5,0.00025,1,1,P100|V100M16|V100M32,24.2,91.0,15
synthetic_04539,cluster_g3,58,59,58,59,1,0.25,0.00035,1,1,G3,12.0,24.0,15
synthetic_04540,cluster_p100,65,68,65,68,3,0.75,0.00025,1,1,P100|V100M16|V100M32,11.4,47.0,15
synthetic_04541,cluster_v100m16,74,76,74,76,2,0.5,0.00025,1,1,V100M16|V100M32,15.7,57.0,15
synthetic_04542,cluster_g3,7,8,7,8,1,0.25,0.00035,1,1,,11.4,47.0,15
synthetic_04543,cluster_g2,80,81,80,81,1,0.25,0.00035,1,1,,4.0,14.900390625,15
synthetic_04544,cluster_v100m32,16,18,16,18,2,0.5,0.00025,1,1,,3.152,5.46875,15
synthetic_04545,cluster_g2,32,33,32,33,1,0.25,0.00035,1,1,G2,11.3,48.0,15
synthetic_04546,cluster_p100,91,93,91,93,2,0.5,0.00025,1,1,,3.152,5.46875,15
synthetic_04547,cluster_t4,46,49,46,49,3,0.75,7e-05,1,1,,4.0,14.900390625,15
synthetic_04548,cluster_g3,44,45,44,45,1,0.25,0.00035,1,1,,11.3,48.0,15
synthetic_04549,cluster_p100,74,82,74,82,8,2.0,0.00025,1,1,,8.0,29.8017578125,15
synthetic_04550,cluster_g3,44,45,44,45,1,0.25,0.00035,1,1,G3,11.3,48.0,15
synthetic_04551,cluster_t4,84,85,84,85,1,0.25,7e-05,1,1,T4,8.0,29.8017578125,15
synthetic_04552,cluster_g3,91,92,91,92,1,0.25,0.00035,1,1,,11.908,46.0,15
synthetic_04553,cluster_g3,64,65,64,65,1,0.25,0.00035,1,1,,11.3,48.0,15
synthetic_04554,cluster_p100,95,96,95,96,1,0.25,0.00025,1,1,P100,4.152,10.3515625,15
synthetic_04555,cluster_t4,91,92,91,92,1,0.25,7e-05,1,1,T4,11.4,47.0,15
synthetic_04556,cluster_v100m32,13,14,13,14,1,0.25,0.00025,1,1,,11.3,48.0,15
synthetic_04557,cluster_t4,9,14,9,14,5,1.25,7e-05,1,1,T4,4.0,22.3515625,15
synthetic_04558,cluster_g2,36,39,36,39,3,0.75,0.00035,1,1,,18.708,63.0,15
synthetic_04559,cluster_t4,92,93,92,93,1,0.25,7e-05,1,1,,4.0,29.8017578125,15
synthetic_04560,cluster_p100,74,75,74,75,1,0.25,0.00025,1,1,,3.152,5.46875,15
synthetic_04561,cluster_g2,21,24,21,24,3,0.75,0.00035,1,1,,15.7,57.0,15
synthetic_04562,cluster_t4,81,82,81,82,1,0.25,7e-05,1,1,,18.708,63.0,15
synthetic_04563,cluster_t4,60,61,60,61,1,0.25,7e-05,1,1,T4,3.152,5.46875,15
synthetic_04564,cluster_v100m16,50,51,50,51,1,0.25,0.00025,1,1,V100M16|V100M32,3.152,5.46875,15
synthetic_04565,cluster_g2,49,51,49,51,2,0.5,0.00035,1,1,G2,12.0,16.0,15
synthetic_04566,cluster_v100m32,62,65,62,65,3,0.75,0.00025,1,1,,11.4,47.0,15
synthetic_04567,cluster_t4,94,96,94,96,2,0.5,7e-05,1,1,,6.0,18.0,15
synthetic_04568,cluster_p100,8,9,8,9,1,0.25,0.00025,1,1,,3.152,5.46875,15
synthetic_04569,cluster_p100,21,23,21,23,2,0.5,0.00025,1,1,,16.4,123.0,15
synthetic_04570,cluster_p100,61,62,61,62,1,0.25,0.00025,1,1,,12.0,24.0,15
synthetic_04571,cluster_t4,22,23,22,23,1,0.25,7e-05,1,1,T4,3.152,5.46875,15
synthetic_04572,cluster_g2,20,21,20,21,1,0.25,0.00035,1,1,,11.908,46.0,15
synthetic_04573,cluster_g2,42,43,42,43,1,0.25,0.00035,1,1,G2,8.0,32.0,15
synthetic_04574,cluster_p100,28,29,28,29,1,0.25,0.00025,1,1,,3.152,5.46875,15
synthetic_04575,cluster_g2,94,95,94,95,1,0.25,0.00035,1,1,,3.152,5.46875,15
synthetic_04576,cluster_t4,54,55,54,55,1,0.25,7e-05,1,1,T4,3.152,5.46875,15
synthetic_04577,cluster_p100,28,29,28,29,1,0.25,0.00025,1,1,,8.0,32.0,15
synthetic_04578,cluster_g3,50,62,50,62,12,3.0,0.00035,1,1,,4.0,22.3515625,15
synthetic_04579,cluster_v100m32,56,57,56,57,1,0.25,0.00025,1,1,,4.152,10.3515625,15
synthetic_04580,cluster_t4,1,2,1,2,1,0.25,7e-05,1,1,T4,11.3,48.0,15
synthetic_04581,cluster_v100m32,52,55,52,55,3,0.75,0.00025,1,1,,15.7,57.0,15
synthetic_04582,cluster_t4,93,96,93,96,3,0.75,7e-05,1,1,T4,15.7,57.0,15
synthetic_04583,cluster_v100m16,15,19,15,19,4,1.0,0.00025,1,1,V100M16,11.3,48.0,15
synthetic_04584,cluster_t4,16,22,16,22,6,1.5,7e-05,1,1,T4,11.4,47.0,15
synthetic_04585,cluster_p100,42,44,42,44,2,0.5,0.00025,1,1,P100,3.152,5.46875,15
synthetic_04586,cluster_t4,1,4,1,4,3,0.75,7e-05,1,1,,11.3,48.0,15
synthetic_04587,cluster_p100,83,84,83,84,1,0.25,0.00025,1,1,P100,8.0,29.8017578125,15
synthetic_04588,cluster_g2,52,54,52,54,2,0.5,0.00035,1,1,,11.3,48.0,15
synthetic_04589,cluster_g2,43,44,43,44,1,0.25,0.00035,1,1,,9.81,40.5859375,15
synthetic_04590,cluster_t4,0,4,0,4,4,1.0,7e-05,1,1,T4,4.0,22.3515625,15
synthetic_04591,cluster_p100,78,79,78,79,1,0.25,0.00025,1,1,,3.152,5.46875,15
synthetic_04592,cluster_t4,2,10,2,10,8,2.0,7e-05,1,1,T4,11.908,46.0,15
synthetic_04593,cluster_t4,21,22,21,22,1,0.25,7e-05,1,1,T4,3.152,5.46875,15
synthetic_04594,cluster_t4,77,79,77,79,2,0.5,7e-05,1,1,,24.2,91.0,15
synthetic_04595,cluster_v100m32,34,35,34,35,1,0.25,0.00025,1,1,V100M16|V100M32,11.908,46.0,15
synthetic_04596,cluster_t4,50,51,50,51,1,0.25,7e-05,1,1,T4,11.3,48.0,15
synthetic_04597,cluster_t4,9,10,9,10,1,0.25,7e-05,1,1,,11.3,48.0,15
synthetic_04598,cluster_g3,21,22,21,22,1,0.25,0.00035,1,1,,11.908,46.0,15
synthetic_04599,cluster_v100m16,10,11,10,11,1,0.25,0.00025,1,1,,9.81,40.5859375,15
synthetic_04600,cluster_v100m16,8,13,8,13,5,1.25,0.00025,1,1,,12.0,24.0,15
synthetic_04601,cluster_t4,64,65,64,65,1,0.25,7e-05,1,1,,4.0,22.3515625,15
synthetic_04602,cluster_g2,83,84,83,84,1,0.25,0.00035,1,1,G2,3.152,5.46875,15
synthetic_04603,cluster_g3,68,69,68,69,1,0.25,0.00035,1,1,G3,3.152,5.46875,15
synthetic_04604,cluster_v100m32,47,48,47,48,1,0.25,0.00025,1,1,,11.3,48.0,15
synthetic_04605,cluster_g2,24,26,24,26,2,0.5,0.00035,1,1,G2,14.2,57.0,15
synthetic_04606,cluster_v100m32,21,25,21,25,4,1.0,0.00025,1,1,,11.3,48.0,15
synthetic_04607,cluster_g3,93,94,93,94,1,0.25,0.00035,1,1,,18.708,63.0,15
synthetic_04608,cluster_p100,16,17,16,17,1,0.25,0.00025,1,1,,15.7,57.0,15
synthetic_04609,cluster_v100m16,64,65,64,65,1,0.25,0.00025,1,1,,11.908,46.0,15
synthetic_04610,cluster_g2,88,94,88,94,6,1.5,0.00035,1,1,,14.2,57.0,15
synthetic_04611,cluster_p100,28,29,28,29,1,0.25,0.00025,1,1,,11.3,48.0,15
synthetic_04612,cluster_v100m16,5,6,5,6,1,0.25,0.00025,1,1,,3.152,5.46875,15
synthetic_04613,cluster_p100,38,39,38,39,1,0.25,0.00025,1,1,P100,3.152,5.46875,15
synthetic_04614,cluster_v100m16,72,73,72,73,1,0.25,0.00025,1,1,V100M16|V100M32,11.3,48.0,15
synthetic_04615,cluster_t4,85,86,85,86,1,0.25,7e-05,1,1,,3.152,5.46875,15
synthetic_04616,cluster_p100,30,31,30,31,1,0.25,0.00025,1,1,,3.152,5.46875,15
synthetic_04617,cluster_g2,87,90,87,90,3,0.75,0.00035,1,1,G2,11.3,48.0,15
synthetic_04618,cluster_v100m16,43,47,43,47,4,1.0,0.00025,1,1,,14.2,57.0,15
synthetic_04619,cluster_v100m16,87,96,87,96,9,2.25,0.00025,1,1,,11.908,46.0,15
synthetic_04620,cluster_t4,41,42,41,42,1,0.25,7e-05,1,1,T4,3.152,5.46875,15
synthetic_04621,cluster_v100m32,28,29,28,29,1,0.25,0.00025,1,1,,11.3,48.0,15
synthetic_04622,cluster_v100m32,60,61,60,61,1,0.25,0.00025,1,1,,3.152,5.46875,15
synthetic_04623,cluster_t4,54,55,54,55,1,0.25,7e-05,1,1,T4,11.4,47.0,15
synthetic_04624,cluster_g2,46,47,46,47,1,0.25,0.0028,8,8,G2,120.0,720.0,15
synthetic_04625,cluster_g2,92,93,92,93,1,0.25,0.00035,1,1,G2,11.3,48.0,15
synthetic_04626,cluster_t4,93,94,93,94,1,0.25,7e-05,1,1,,3.152,5.46875,15
synthetic_04627,cluster_g2,4,5,4,5,1,0.25,0.00035,1,1,,3.152,5.46875,15
synthetic_04628,cluster_v100m16,58,60,58,60,2,0.5,0.00025,1,1,,6.0,6.0,15
synthetic_04629,cluster_t4,7,8,7,8,1,0.25,7e-05,1,1,,3.152,5.46875,15
synthetic_04630,cluster_t4,82,83,82,83,1,0.25,7e-05,1,1,T4,3.152,5.46875,15
synthetic_04631,cluster_t4,17,18,17,18,1,0.25,7e-05,1,1,T4,18.708,63.0,15
synthetic_04632,cluster_p100,71,72,71,72,1,0.25,0.00025,1,1,P100,11.908,46.0,15
synthetic_04633,cluster_t4,11,17,11,17,6,1.5,7e-05,1,1,T4,4.152,10.3515625,15
synthetic_04634,cluster_v100m16,31,32,31,32,1,0.25,0.00025,1,1,,15.7,57.0,15
synthetic_04635,cluster_g3,19,20,19,20,1,0.25,0.00035,1,1,G3,11.3,48.0,15
synthetic_04636,cluster_g2,28,29,28,29,1,0.25,0.00035,1,1,G2,11.3,48.0,15
synthetic_04637,cluster_p100,21,22,21,22,1,0.25,0.00025,1,1,,8.0,29.8017578125,15
synthetic_04638,cluster_g2,74,79,74,79,5,1.25,0.00035,1,1,G2,4.0,24.0,15
synthetic_04639,cluster_v100m16,17,20,17,20,3,0.75,0.00025,1,1,,4.0,14.900390625,15
synthetic_04640,cluster_g3,23,28,23,28,5,1.25,0.00035,1,1,,4.0,14.900390625,15
synthetic_04641,cluster_g3,1,2,1,2,1,0.25,0.0028,8,8,,64.2,257.0,15
synthetic_04642,cluster_t4,35,36,35,36,1,0.25,7e-05,1,1,,12.0,24.0,15
synthetic_04643,cluster_t4,30,31,30,31,1,0.25,7e-05,1,1,T4,14.2,57.0,15
synthetic_04644,cluster_g2,56,66,56,66,10,2.5,0.00035,1,1,,12.0,24.0,15
synthetic_04645,cluster_v100m32,36,37,36,37,1,0.25,0.00025,1,1,,4.152,10.3515625,15
synthetic_04646,cluster_p100,82,84,82,84,2,0.5,0.00025,1,1,,11.3,48.0,15
synthetic_04647,cluster_v100m16,77,78,77,78,1,0.25,0.00025,1,1,,11.4,47.0,15
synthetic_04648,cluster_v100m16,11,12,11,12,1,0.25,0.00025,1,1,,18.708,63.0,15
synthetic_04649,cluster_g2,13,15,13,15,2,0.5,0.00035,1,1,G2,16.0,32.0,15
synthetic_04650,cluster_v100m16,8,11,8,11,3,0.75,0.00025,1,1,V100M16|V100M32,15.7,57.0,15
synthetic_04651,cluster_v100m32,32,34,32,34,2,0.5,0.00025,1,1,,11.3,48.0,15
synthetic_04652,cluster_p100,70,71,70,71,1,0.25,0.00025,1,1,P100,8.0,29.8017578125,15
synthetic_04653,cluster_p100,4,5,4,5,1,0.25,0.00025,1,1,,11.3,48.0,15
synthetic_04654,cluster_t4,68,70,68,70,2,0.5,7e-05,1,1,,8.0,32.0,15
synthetic_04655,cluster_p100,34,35,34,35,1,0.25,0.00025,1,1,,11.3,48.0,15
synthetic_04656,cluster_v100m16,57,58,57,58,1,0.25,0.00025,1,1,,11.3,48.0,15
synthetic_04657,cluster_p100,75,76,75,76,1,0.25,0.00025,1,1,,3.152,5.46875,15
synthetic_04658,cluster_v100m32,69,77,69,77,8,2.0,0.00025,1,1,V100M16|V100M32,11.4,76.0,15
synthetic_04659,cluster_g3,59,60,59,60,1,0.25,0.00035,1,1,,3.152,5.46875,15
synthetic_04660,cluster_p100,63,64,63,64,1,0.25,0.00025,1,1,P100,3.152,5.46875,15
synthetic_04661,cluster_t4,53,54,53,54,1,0.25,7e-05,1,1,T4,3.152,5.46875,15
synthetic_04662,cluster_t4,86,88,86,88,2,0.5,7e-05,1,1,,11.3,48.0,15
synthetic_04663,cluster_v100m16,71,72,71,72,1,0.25,0.00025,1,1,V100M16|V100M32,11.3,48.0,15
synthetic_04664,cluster_t4,48,49,48,49,1,0.25,7e-05,1,1,T4,11.3,48.0,15
synthetic_04665,cluster_v100m32,85,86,85,86,1,0.25,0.00025,1,1,,4.152,10.3515625,15
synthetic_04666,cluster_p100,16,17,16,17,1,0.25,0.00025,1,1,,16.4,123.0,15
synthetic_04667,cluster_t4,73,74,73,74,1,0.25,7e-05,1,1,T4,4.0,29.8017578125,15
synthetic_04668,cluster_t4,33,34,33,34,1,0.25,7e-05,1,1,T4,4.152,10.3515625,15
synthetic_04669,cluster_v100m32,52,54,52,54,2,0.5,0.00025,1,1,V100M16|V100M32,11.4,47.0,15
synthetic_04670,cluster_p100,11,12,11,12,1,0.25,0.00025,1,1,P100,11.908,46.0,15
synthetic_04671,cluster_g3,21,22,21,22,1,0.25,0.00035,1,1,,18.708,63.0,15
synthetic_04672,cluster_t4,27,30,27,30,3,0.75,7e-05,1,1,,4.0,14.900390625,15
synthetic_04673,cluster_t4,57,58,57,58,1,0.25,7e-05,1,1,T4,4.0,29.8017578125,15
synthetic_04674,cluster_g2,58,59,58,59,1,0.25,0.00035,1,1,,11.908,46.0,15
synthetic_04675,cluster_g2,47,48,47,48,1,0.25,0.00035,1,1,,3.152,5.46875,15
synthetic_04676,cluster_t4,35,36,35,36,1,0.25,7e-05,1,1,T4,11.3,48.0,15
synthetic_04677,cluster_v100m32,42,43,42,43,1,0.25,0.00025,1,1,,3.152,5.46875,15
synthetic_04678,cluster_t4,59,62,59,62,3,0.75,7e-05,1,1,,18.708,63.0,15
synthetic_04679,cluster_g3,43,49,43,49,6,1.5,0.00035,1,1,,8.0,29.8017578125,15
synthetic_04680,cluster_g2,88,89,88,89,1,0.25,0.00035,1,1,,3.152,5.46875,15
synthetic_04681,cluster_t4,13,14,13,14,1,0.25,7e-05,1,1,T4,11.4,47.0,15
synthetic_04682,cluster_t4,60,71,60,71,11,2.75,7e-05,1,1,T4,11.4,47.0,15
synthetic_04683,cluster_p100,83,84,83,84,1,0.25,0.00025,1,1,,3.152,5.46875,15
synthetic_04684,cluster_g2,33,34,33,34,1,0.25,0.00035,1,1,G2,11.3,48.0,15
synthetic_04685,cluster_v100m32,88,89,88,89,1,0.25,0.00025,1,1,,4.0,22.3515625,15
synthetic_04686,cluster_p100,87,88,87,88,1,0.25,0.00025,1,1,,3.152,5.46875,15
synthetic_04687,cluster_p100,41,43,41,43,2,0.5,0.00025,1,1,G2|P100|T4|V100M16|V100M32,11.4,47.0,15
synthetic_04688,cluster_g2,51,58,51,58,7,1.75,0.00035,1,1,,11.3,48.0,15
synthetic_04689,cluster_g2,82,85,82,85,3,0.75,0.00035,1,1,,11.3,48.0,15
synthetic_04690,cluster_t4,37,40,37,40,3,0.75,7e-05,1,1,T4,11.3,48.0,15
synthetic_04691,cluster_g2,29,30,29,30,1,0.25,0.00035,1,1,,3.152,5.46875,15
synthetic_04692,cluster_v100m16,72,73,72,73,1,0.25,0.00025,1,1,,3.152,5.46875,15
synthetic_04693,cluster_p100,70,72,70,72,2,0.5,0.00025,1,1,,16.0,32.0,15
synthetic_04694,cluster_g2,48,49,48,49,1,0.25,0.00035,1,1,,11.908,46.0,15
synthetic_04695,cluster_v100m32,26,27,26,27,1,0.25,0.00025,1,1,,3.152,5.46875,15
synthetic_04696,cluster_t4,78,79,78,79,1,0.25,7e-05,1,1,T4,4.152,10.3515625,15
synthetic_04697,cluster_g2,64,66,64,66,2,0.5,0.00035,1,1,G2,11.4,47.0,15
synthetic_04698,cluster_g2,56,67,56,67,11,2.75,0.00035,1,1,,11.908,46.0,15
synthetic_04699,cluster_v100m32,17,19,17,19,2,0.5,0.00025,1,1,,11.908,46.0,15
synthetic_04700,cluster_p100,8,9,8,9,1,0.25,0.00025,1,1,,3.152,5.46875,15
synthetic_04701,cluster_p100,29,30,29,30,1,0.25,0.00025,1,1,,11.908,46.0,15
synthetic_04702,cluster_g3,46,47,46,47,1,0.25,0.00035,1,1,,11.3,48.0,15
synthetic_04703,cluster_g2,55,56,55,56,1,0.25,0.00035,1,1,G2,11.3,48.0,15
synthetic_04704,cluster_p100,42,43,42,43,1,0.25,0.00025,1,1,P100|V100M16|V100M32,11.3,48.0,15
synthetic_04705,cluster_p100,71,72,71,72,1,0.25,0.00025,1,1,,3.152,5.46875,15
synthetic_04706,cluster_t4,27,42,27,42,15,3.75,7e-05,1,1,T4,8.0,29.8017578125,15
synthetic_04707,cluster_g3,71,75,71,75,4,1.0,0.00035,1,1,,4.0,30.517578125,15
synthetic_04708,cluster_v100m32,37,38,37,38,1,0.25,0.00025,1,1,,11.3,48.0,15
synthetic_04709,cluster_g3,78,81,78,81,3,0.75,0.00035,1,1,,6.0,29.8017578125,15
synthetic_04710,cluster_p100,86,87,86,87,1,0.25,0.00025,1,1,,11.4,47.0,15
synthetic_04711,cluster_v100m32,0,2,0,2,2,0.5,0.00025,1,1,,16.4,123.0,15
synthetic_04712,cluster_g3,33,37,33,37,4,1.0,0.00035,1,1,,11.9,76.0,15
synthetic_04713,cluster_v100m32,16,17,16,17,1,0.25,0.00025,1,1,,3.152,5.46875,15
synthetic_04714,cluster_p100,59,60,59,60,1,0.25,0.00025,1,1,P100,3.152,5.46875,15
synthetic_04715,cluster_v100m16,1,2,1,2,1,0.25,0.00025,1,1,,11.3,48.0,15
synthetic_04716,cluster_g2,29,30,29,30,1,0.25,0.00035,1,1,,8.0,29.8017578125,15
synthetic_04717,cluster_g3,13,15,13,15,2,0.5,0.00035,1,1,,11.4,47.0,15
synthetic_04718,cluster_v100m16,31,32,31,32,1,0.25,0.00025,1,1,V100M16,11.3,48.0,15
synthetic_04719,cluster_v100m32,9,10,9,10,1,0.25,0.00025,1,1,,15.7,57.0,15
synthetic_04720,cluster_t4,84,85,84,85,1,0.25,7e-05,1,1,T4,3.152,5.46875,15
synthetic_04721,cluster_p100,30,32,30,32,2,0.5,0.00025,1,1,,6.0,18.0,15
synthetic_04722,cluster_g3,12,13,12,13,1,0.25,0.00035,1,1,,3.152,5.46875,15
synthetic_04723,cluster_v100m32,51,52,51,52,1,0.25,0.00025,1,1,,9.81,40.5859375,15
synthetic_04724,cluster_g2,39,40,39,40,1,0.25,0.00035,1,1,G2,24.2,91.0,15
synthetic_04725,cluster_v100m32,84,85,84,85,1,0.25,0.00025,1,1,,8.0,29.8017578125,15
synthetic_04726,cluster_g2,47,50,47,50,3,0.75,0.00035,1,1,G2,11.3,48.0,15
synthetic_04727,cluster_g3,50,51,50,51,1,0.25,0.00035,1,1,,3.152,5.46875,15
synthetic_04728,cluster_v100m16,72,73,72,73,1,0.25,0.00025,1,1,,12.0,16.0,15
synthetic_04729,cluster_t4,37,38,37,38,1,0.25,7e-05,1,1,T4,3.152,5.46875,15
synthetic_04730,cluster_v100m16,82,83,82,83,1,0.25,0.00025,1,1,,11.3,48.0,15
synthetic_04731,cluster_g3,3,5,3,5,2,0.5,0.00035,1,1,,11.4,47.0,15
synthetic_04732,cluster_t4,32,33,32,33,1,0.25,7e-05,1,1,,9.81,40.5859375,15
synthetic_04733,cluster_v100m32,70,74,70,74,4,1.0,0.00025,1,1,P100|V100M16|V100M32,11.4,47.0,15
synthetic_04734,cluster_g3,8,10,8,10,2,0.5,0.00035,1,1,,3.152,5.46875,15
synthetic_04735,cluster_v100m32,71,72,71,72,1,0.25,0.00025,1,1,,3.152,5.46875,15
synthetic_04736,cluster_t4,24,25,24,25,1,0.25,7e-05,1,1,T4,11.908,46.0,15
synthetic_04737,cluster_g2,7,8,7,8,1,0.25,0.00035,1,1,,11.908,46.0,15
synthetic_04738,cluster_g2,41,42,41,42,1,0.25,0.00035,1,1,G2,6.0,32.0,15
synthetic_04739,cluster_t4,23,24,23,24,1,0.25,7e-05,1,1,T4,11.3,48.0,15
synthetic_04740,cluster_t4,3,4,3,4,1,0.25,7e-05,1,1,,4.152,10.3515625,15
synthetic_04741,cluster_v100m32,89,90,89,90,1,0.25,0.00025,1,1,,3.152,5.46875,15
synthetic_04742,cluster_v100m32,51,60,51,60,9,2.25,0.00025,1,1,,4.0,22.3515625,15
synthetic_04743,cluster_g2,20,21,20,21,1,0.25,0.00035,1,1,,6.0,6.0,15
synthetic_04744,cluster_g2,44,51,44,51,7,1.75,0.00035,1,1,,8.0,16.0,15
synthetic_04745,cluster_v100m16,72,74,72,74,2,0.5,0.00025,1,1,,11.4,47.0,15
synthetic_04746,cluster_p100,21,24,21,24,3,0.75,0.00025,1,1,,15.7,57.0,15
synthetic_04747,cluster_t4,7,8,7,8,1,0.25,7e-05,1,1,T4,4.152,10.3515625,15
synthetic_04748,cluster_t4,81,83,81,83,2,0.5,7e-05,1,1,T4,11.908,46.0,15
synthetic_04749,cluster_g3,70,71,70,71,1,0.25,0.00035,1,1,,11.908,46.0,15
synthetic_04750,cluster_t4,21,23,21,23,2,0.5,7e-05,1,1,,11.908,46.0,15
synthetic_04751,cluster_g2,17,30,17,30,13,3.25,0.00035,1,1,,18.708,63.0,15
synthetic_04752,cluster_v100m16,66,69,66,69,3,0.75,0.00025,1,1,,11.908,46.0,15
synthetic_04753,cluster_v100m16,82,83,82,83,1,0.25,0.00025,1,1,,11.4,47.0,15
synthetic_04754,cluster_v100m32,40,42,40,42,2,0.5,0.00025,1,1,V100M32,11.4,47.0,15
synthetic_04755,cluster_p100,5,6,5,6,1,0.25,0.00025,1,1,,3.152,5.46875,15
synthetic_04756,cluster_g2,25,26,25,26,1,0.25,0.00035,1,1,,3.152,5.46875,15
synthetic_04757,cluster_t4,88,89,88,89,1,0.25,7e-05,1,1,,3.152,5.46875,15
synthetic_04758,cluster_g2,10,12,10,12,2,0.5,0.00035,1,1,,6.0,18.0,15
synthetic_04759,cluster_v100m32,71,74,71,74,3,0.75,0.00025,1,1,,15.7,57.0,15
synthetic_04760,cluster_v100m16,5,6,5,6,1,0.25,0.00025,1,1,,15.7,57.0,15
synthetic_04761,cluster_v100m16,8,10,8,10,2,0.5,0.00025,1,1,,11.908,46.0,15
synthetic_04762,cluster_t4,24,25,24,25,1,0.25,7e-05,1,1,T4,12.0,15.0,15
synthetic_04763,cluster_t4,18,30,18,30,12,3.0,7e-05,1,1,,16.0,32.0,15
synthetic_04764,cluster_v100m16,76,78,76,78,2,0.5,0.00025,1,1,V100M16|V100M32,11.4,76.0,15
synthetic_04765,cluster_t4,49,50,49,50,1,0.25,7e-05,1,1,,8.0,29.8017578125,15
synthetic_04766,cluster_g2,21,22,21,22,1,0.25,0.00035,1,1,,18.708,63.0,15
synthetic_04767,cluster_v100m32,92,93,92,93,1,0.25,0.00025,1,1,,6.0,6.0,15
synthetic_04768,cluster_t4,67,68,67,68,1,0.25,7e-05,1,1,T4,12.0,16.0,15
synthetic_04769,cluster_v100m16,93,95,93,95,2,0.5,0.00025,1,1,,12.0,32.0,15
synthetic_04770,cluster_t4,47,50,47,50,3,0.75,7e-05,1,1,,11.3,48.0,15
synthetic_04771,cluster_t4,42,44,42,44,2,0.5,7e-05,1,1,T4,4.152,10.3515625,15
synthetic_04772,cluster_t4,57,58,57,58,1,0.25,7e-05,1,1,,11.3,48.0,15
synthetic_04773,cluster_v100m16,92,93,92,93,1,0.25,0.00025,1,1,P100|V100M16|V100M32,16.0,32.0,15
synthetic_04774,cluster_p100,80,81,80,81,1,0.25,0.00025,1,1,,3.152,5.46875,15
synthetic_04775,cluster_v100m32,25,27,25,27,2,0.5,0.00025,1,1,,11.4,76.0,15
synthetic_04776,cluster_v100m16,67,68,67,68,1,0.25,0.00025,1,1,,11.3,48.0,15
synthetic_04777,cluster_t4,7,9,7,9,2,0.5,7e-05,1,1,,3.152,5.46875,15
synthetic_04778,cluster_g3,91,94,91,94,3,0.75,0.00035,1,1,,9.81,40.5859375,15
synthetic_04779,cluster_t4,33,40,33,40,7,1.75,7e-05,1,1,T4,4.0,14.900390625,15
synthetic_04780,cluster_p100,69,70,69,70,1,0.25,0.00025,1,1,,11.3,48.0,15
synthetic_04781,cluster_v100m32,35,39,35,39,4,1.0,0.00025,1,1,,12.0,15.0,15
synthetic_04782,cluster_v100m16,82,84,82,84,2,0.5,0.00025,1,1,,9.81,40.5859375,15
synthetic_04783,cluster_v100m16,78,81,78,81,3,0.75,0.00025,1,1,,15.7,57.0,15
synthetic_04784,cluster_v100m32,46,47,46,47,1,0.25,0.00025,1,1,V100M32,18.708,63.0,15
synthetic_04785,cluster_t4,32,39,32,39,7,1.75,7e-05,1,1,,4.0,14.900390625,15
synthetic_04786,cluster_t4,7,9,7,9,2,0.5,7e-05,1,1,T4,4.0,14.900390625,15
synthetic_04787,cluster_t4,28,29,28,29,1,0.25,7e-05,1,1,,15.4,88.0,15
synthetic_04788,cluster_v100m16,90,91,90,91,1,0.25,0.00025,1,1,P100|V100M16|V100M32,8.0,16.0,15
synthetic_04789,cluster_t4,60,61,60,61,1,0.25,7e-05,1,1,T4,11.4,47.0,15
synthetic_04790,cluster_v100m16,31,32,31,32,1,0.25,0.00025,1,1,,3.152,5.46875,15
synthetic_04791,cluster_v100m32,68,69,68,69,1,0.25,0.00025,1,1,,3.152,5.46875,15
synthetic_04792,cluster_p100,77,78,77,78,1,0.25,0.00025,1,1,,11.908,46.0,15
synthetic_04793,cluster_t4,18,19,18,19,1,0.25,7e-05,1,1,T4,6.0,12.0,15
synthetic_04794,cluster_v100m16,77,78,77,78,1,0.25,0.00025,1,1,,3.152,5.46875,15
synthetic_04795,cluster_t4,73,81,73,81,8,2.0,7e-05,1,1,T4,11.908,46.0,15
synthetic_04796,cluster_g3,39,40,39,40,1,0.25,0.00035,1,1,,11.908,46.0,15
synthetic_04797,cluster_g3,30,44,30,44,14,3.5,0.00035,1,1,,11.908,46.0,15
synthetic_04798,cluster_t4,3,5,3,5,2,0.5,7e-05,1,1,T4,15.7,57.0,15
synthetic_04799,cluster_v100m32,39,40,39,40,1,0.25,0.00025,1,1,,11.3,48.0,15
synthetic_04800,cluster_v100m16,63,64,63,64,1,0.25,0.00025,1,1,,3.152,5.46875,15
synthetic_04801,cluster_p100,77,78,77,78,1,0.25,0.00025,1,1,,11.3,48.0,15
synthetic_04802,cluster_p100,48,49,48,49,1,0.25,0.00025,1,1,,3.152,5.46875,15
synthetic_04803,cluster_g2,83,84,83,84,1,0.25,0.00035,1,1,,3.152,5.46875,15
synthetic_04804,cluster_t4,18,19,18,19,1,0.25,7e-05,1,1,,15.7,57.0,15
synthetic_04805,cluster_v100m16,81,83,81,83,2,0.5,0.00025,1,1,P100|T4|V100M16|V100M32,9.81,40.5859375,15
synthetic_04806,cluster_v100m16,7,8,7,8,1,0.25,0.00025,1,1,,3.152,5.46875,15
synthetic_04807,cluster_g3,63,64,63,64,1,0.25,0.00035,1,1,,3.152,5.46875,15
synthetic_04808,cluster_v100m16,59,61,59,61,2,0.5,0.00025,1,1,,8.0,29.8017578125,15
synthetic_04809,cluster_t4,78,81,78,81,3,0.75,7e-05,1,1,T4,12.0,23.0,15
synthetic_04810,cluster_v100m16,9,10,9,10,1,0.25,0.00025,1,1,,3.152,5.46875,15
synthetic_04811,cluster_p100,34,35,34,35,1,0.25,0.00025,1,1,,3.152,5.46875,15
synthetic_04812,cluster_p100,76,77,76,77,1,0.25,0.00025,1,1,P100,3.152,5.46875,15
synthetic_04813,cluster_v100m16,93,94,93,94,1,0.25,0.00025,1,1,,3.152,5.46875,15
synthetic_04814,cluster_t4,24,26,24,26,2,0.5,7e-05,1,1,T4,4.0,14.900390625,15
synthetic_04815,cluster_t4,22,24,22,24,2,0.5,7e-05,1,1,,3.152,5.46875,15
synthetic_04816,cluster_g3,91,94,91,94,3,0.75,0.00035,1,1,,11.9,76.0,15
synthetic_04817,cluster_t4,40,42,40,42,2,0.5,7e-05,1,1,,6.0,12.0,15
synthetic_04818,cluster_g2,64,65,64,65,1,0.25,0.00035,1,1,,11.908,46.0,15
synthetic_04819,cluster_g3,10,16,10,16,6,1.5,0.00035,1,1,,3.152,5.46875,15
synthetic_04820,cluster_g3,91,92,91,92,1,0.25,0.00035,1,1,,2.0,16.0,15
synthetic_04821,cluster_t4,91,92,91,92,1,0.25,7e-05,1,1,T4,3.152,5.46875,15
synthetic_04822,cluster_v100m16,7,11,7,11,4,1.0,0.00025,1,1,,9.81,40.5859375,15
synthetic_04823,cluster_p100,0,1,0,1,1,0.25,0.00025,1,1,,8.0,29.8017578125,15
synthetic_04824,cluster_p100,56,70,56,70,14,3.5,0.00025,1,1,,9.81,40.5859375,15
synthetic_04825,cluster_g3,0,3,0,3,3,0.75,0.00035,1,1,,15.7,57.0,15
synthetic_04826,cluster_t4,22,23,22,23,1,0.25,7e-05,1,1,T4,11.9,76.0,15
synthetic_04827,cluster_t4,0,1,0,1,1,0.25,7e-05,1,1,,11.908,46.0,15
synthetic_04828,cluster_g2,48,54,48,54,6,1.5,0.00035,1,1,G2,8.0,16.0,15
synthetic_04829,cluster_g2,44,45,44,45,1,0.25,0.00035,1,1,,18.708,63.0,15
synthetic_04830,cluster_v100m16,16,17,16,17,1,0.25,0.002,8,8,,64.2,257.0,15
synthetic_04831,cluster_t4,71,72,71,72,1,0.25,7e-05,1,1,T4,11.908,46.0,15
synthetic_04832,cluster_v100m32,73,74,73,74,1,0.25,0.00025,1,1,V100M16|V100M32,11.4,47.0,15
synthetic_04833,cluster_p100,51,55,51,55,4,1.0,0.00025,1,1,,4.0,30.517578125,15
synthetic_04834,cluster_t4,61,62,61,62,1,0.25,7e-05,1,1,,4.152,10.3515625,15
synthetic_04835,cluster_g2,89,90,89,90,1,0.25,0.00035,1,1,,3.152,5.46875,15
synthetic_04836,cluster_v100m16,14,15,14,15,1,0.25,0.00025,1,1,V100M16|V100M32,18.708,63.0,15
synthetic_04837,cluster_g3,31,37,31,37,6,1.5,0.00035,1,1,,3.152,5.46875,15
synthetic_04838,cluster_t4,6,19,6,19,13,3.25,7e-05,1,1,T4,9.81,40.5859375,15
synthetic_04839,cluster_t4,10,11,10,11,1,0.25,7e-05,1,1,T4,3.152,5.46875,15
synthetic_04840,cluster_v100m32,50,55,50,55,5,1.25,0.00025,1,1,,16.0,32.0,15
synthetic_04841,cluster_g2,56,57,56,57,1,0.25,0.00035,1,1,,3.152,5.46875,15
synthetic_04842,cluster_t4,25,26,25,26,1,0.25,7e-05,1,1,T4,8.0,29.8017578125,15
synthetic_04843,cluster_v100m16,33,34,33,34,1,0.25,0.00025,1,1,,18.708,63.0,15
synthetic_04844,cluster_v100m32,57,58,57,58,1,0.25,0.00025,1,1,,3.152,5.46875,15
synthetic_04845,cluster_v100m32,69,70,69,70,1,0.25,0.00025,1,1,,3.152,5.46875,15
synthetic_04846,cluster_p100,27,28,27,28,1,0.25,0.00025,1,1,,4.0,29.8017578125,15
synthetic_04847,cluster_g2,26,31,26,31,5,1.25,0.00035,1,1,,15.2,79.0,15
synthetic_04848,cluster_g2,41,42,41,42,1,0.25,0.00035,1,1,G2,3.152,5.46875,15
synthetic_04849,cluster_t4,84,92,84,92,8,2.0,7e-05,1,1,,11.3,48.0,15
synthetic_04850,cluster_t4,46,51,46,51,5,1.25,7e-05,1,1,T4,15.2,79.0,15
synthetic_04851,cluster_g3,15,16,15,16,1,0.25,0.00035,1,1,,6.0,6.0,15
synthetic_04852,cluster_g2,28,29,28,29,1,0.25,0.00035,1,1,,3.152,5.46875,15
synthetic_04853,cluster_g3,17,20,17,20,3,0.75,0.00035,1,1,,24.2,91.0,15
synthetic_04854,cluster_g2,37,39,37,39,2,0.5,0.00035,1,1,G2,11.908,46.0,15
synthetic_04855,cluster_p100,87,88,87,88,1,0.25,0.00025,1,1,,8.0,29.8017578125,15
synthetic_04856,cluster_t4,46,59,46,59,13,3.25,7e-05,1,1,T4,4.0,22.3515625,15
synthetic_04857,cluster_t4,93,94,93,94,1,0.25,7e-05,1,1,T4,16.0,32.0,15
synthetic_04858,cluster_p100,59,60,59,60,1,0.25,0.00025,1,1,,3.152,5.46875,15
synthetic_04859,cluster_g2,84,89,84,89,5,1.25,0.00035,1,1,G2,11.4,47.0,15
synthetic_04860,cluster_p100,23,25,23,25,2,0.5,0.00025,1,1,,11.3,48.0,15
synthetic_04861,cluster_t4,24,25,24,25,1,0.25,7e-05,1,1,T4,11.3,48.0,15
synthetic_04862,cluster_v100m16,77,93,77,93,16,4.0,0.00025,1,1,,8.0,29.8017578125,15
synthetic_04863,cluster_t4,13,17,13,17,4,1.0,7e-05,1,1,T4,11.4,47.0,15
synthetic_04864,cluster_v100m16,33,34,33,34,1,0.25,0.00025,1,1,,4.152,10.3515625,15
synthetic_04865,cluster_v100m16,12,13,12,13,1,0.25,0.00025,1,1,,3.152,5.46875,15
synthetic_04866,cluster_g3,38,44,38,44,6,1.5,0.00035,1,1,,14.9,72.0,15
synthetic_04867,cluster_t4,83,85,83,85,2,0.5,7e-05,1,1,T4,8.0,29.8017578125,15
synthetic_04868,cluster_t4,48,49,48,49,1,0.25,7e-05,1,1,,12.0,24.0,15
synthetic_04869,cluster_p100,33,39,33,39,6,1.5,0.00025,1,1,P100,4.0,22.3515625,15
synthetic_04870,cluster_g3,26,27,26,27,1,0.25,0.00035,1,1,,16.0,32.0,15
synthetic_04871,cluster_v100m32,88,90,88,90,2,0.5,0.00025,1,1,,3.152,5.46875,15
synthetic_04872,cluster_t4,49,52,49,52,3,0.75,7e-05,1,1,,16.0,32.0,15
synthetic_04873,cluster_v100m32,75,77,75,77,2,0.5,0.00025,1,1,,9.81,40.5859375,15
synthetic_04874,cluster_t4,94,95,94,95,1,0.25,7e-05,1,1,,1.0,2.0,15
synthetic_04875,cluster_p100,36,37,36,37,1,0.25,0.00025,1,1,,3.152,5.46875,15
synthetic_04876,cluster_t4,90,91,90,91,1,0.25,7e-05,1,1,,11.908,46.0,15
synthetic_04877,cluster_g3,75,76,75,76,1,0.25,0.00035,1,1,,11.4,47.0,15
synthetic_04878,cluster_v100m16,26,33,26,33,7,1.75,0.00025,1,1,,3.152,5.46875,15
synthetic_04879,cluster_g3,91,96,91,96,5,1.25,0.00035,1,1,,9.81,40.5859375,15
synthetic_04880,cluster_g2,36,40,36,40,4,1.0,0.00035,1,1,G2,11.4,47.0,15
synthetic_04881,cluster_v100m32,69,72,69,72,3,0.75,0.00025,1,1,V100M16|V100M32,11.4,47.0,15
synthetic_04882,cluster_v100m16,77,79,77,79,2,0.5,0.00025,1,1,V100M16|V100M32,11.3,48.0,15
synthetic_04883,cluster_p100,21,22,21,22,1,0.25,0.00025,1,1,,3.152,5.46875,15
synthetic_04884,cluster_g2,29,30,29,30,1,0.25,0.00035,1,1,,4.0,14.900390625,15
synthetic_04885,cluster_t4,75,76,75,76,1,0.25,7e-05,1,1,T4,3.152,5.46875,15
synthetic_04886,cluster_p100,44,45,44,45,1,0.25,0.00025,1,1,,14.2,57.0,15
synthetic_04887,cluster_p100,29,39,29,39,10,2.5,0.00025,1,1,,14.9,72.0,15
synthetic_04888,cluster_p100,30,31,30,31,1,0.25,0.00025,1,1,,15.7,57.0,15
synthetic_04889,cluster_t4,73,74,73,74,1,0.25,7e-05,1,1,,11.4,47.0,15
synthetic_04890,cluster_t4,12,15,12,15,3,0.75,7e-05,1,1,,4.0,29.8017578125,15
synthetic_04891,cluster_g2,76,82,76,82,6,1.5,0.00035,1,1,,4.0,29.8017578125,15
synthetic_04892,cluster_v100m32,82,83,82,83,1,0.25,0.00025,1,1,,3.152,5.46875,15
synthetic_04893,cluster_g3,19,20,19,20,1,0.25,0.00035,1,1,,4.0,14.900390625,15
synthetic_04894,cluster_t4,0,1,0,1,1,0.25,7e-05,1,1,,3.152,5.46875,15
synthetic_04895,cluster_g3,62,63,62,63,1,0.25,0.00035,1,1,,3.152,5.46875,15
synthetic_04896,cluster_t4,82,83,82,83,1,0.25,7e-05,1,1,T4,8.0,29.8017578125,15
synthetic_04897,cluster_v100m16,74,76,74,76,2,0.5,0.00025,1,1,,11.4,47.0,15
synthetic_04898,cluster_t4,89,90,89,90,1,0.25,7e-05,1,1,T4,4.0,22.3515625,15
synthetic_04899,cluster_t4,83,84,83,84,1,0.25,7e-05,1,1,T4,11.908,46.0,15
synthetic_04900,cluster_g2,69,70,69,70,1,0.25,0.00035,1,1,G2,11.3,48.0,15
synthetic_04901,cluster_v100m16,78,85,78,85,7,1.75,0.00025,1,1,,11.908,46.0,15
synthetic_04902,cluster_p100,85,86,85,86,1,0.25,0.00025,1,1,,3.152,5.46875,15
synthetic_04903,cluster_v100m16,50,55,50,55,5,1.25,0.00025,1,1,V100M16|V100M32,16.0,32.0,15
synthetic_04904,cluster_t4,32,33,32,33,1,0.25,7e-05,1,1,T4,4.152,10.3515625,15
synthetic_04905,cluster_g2,94,95,94,95,1,0.25,0.0014,4,4,G2,32.2,129.0,15
synthetic_04906,cluster_v100m16,4,5,4,5,1,0.25,0.00025,1,1,,3.152,5.46875,15
synthetic_04907,cluster_g3,11,20,11,20,9,2.25,0.00035,1,1,,11.4,76.0,15
synthetic_04908,cluster_p100,90,91,90,91,1,0.25,0.00025,1,1,,4.152,10.3515625,15
synthetic_04909,cluster_p100,10,11,10,11,1,0.25,0.00025,1,1,P100,3.152,5.46875,15
synthetic_04910,cluster_v100m32,26,28,26,28,2,0.5,0.00025,1,1,V100M16|V100M32,11.4,47.0,15
synthetic_04911,cluster_p100,60,76,60,76,16,4.0,0.00025,1,1,,12.0,15.0,15
synthetic_04912,cluster_p100,85,86,85,86,1,0.25,0.00025,1,1,P100,3.152,5.46875,15
synthetic_04913,cluster_g3,65,68,65,68,3,0.75,0.00035,1,1,,11.4,47.0,15
synthetic_04914,cluster_v100m16,62,63,62,63,1,0.25,0.00025,1,1,,3.152,5.46875,15
synthetic_04915,cluster_g3,95,96,95,96,1,0.25,0.00035,1,1,,11.3,48.0,15
synthetic_04916,cluster_v100m16,54,55,54,55,1,0.25,0.00025,1,1,,11.908,46.0,15
synthetic_04917,cluster_g3,8,9,8,9,1,0.25,0.00035,1,1,,4.0,22.3515625,15
synthetic_04918,cluster_v100m32,87,90,87,90,3,0.75,0.00025,1,1,,4.0,14.900390625,15
synthetic_04919,cluster_t4,61,63,61,63,2,0.5,7e-05,1,1,T4,4.152,10.3515625,15
synthetic_04920,cluster_v100m32,35,36,35,36,1,0.25,0.00025,1,1,,3.152,5.46875,15
synthetic_04921,cluster_v100m32,79,80,79,80,1,0.25,0.00025,1,1,,11.3,48.0,15
synthetic_04922,cluster_v100m16,64,65,64,65,1,0.25,0.00025,1,1,,4.0,22.3515625,15
synthetic_04923,cluster_v100m32,91,94,91,94,3,0.75,0.00025,1,1,,8.0,29.8017578125,15
synthetic_04924,cluster_t4,30,38,30,38,8,2.0,7e-05,1,1,T4,4.0,14.900390625,15
synthetic_04925,cluster_t4,45,47,45,47,2,0.5,7e-05,1,1,,3.152,5.46875,15
synthetic_04926,cluster_v100m16,41,43,41,43,2,0.5,0.00025,1,1,P100|V100M16|V100M32,11.9,76.0,15
synthetic_04927,cluster_v100m16,46,47,46,47,1,0.25,0.00025,1,1,,11.908,46.0,15
synthetic_04928,cluster_t4,10,13,10,13,3,0.75,7e-05,1,1,T4,9.81,40.5859375,15
synthetic_04929,cluster_v100m32,64,65,64,65,1,0.25,0.00025,1,1,,3.152,5.46875,15
synthetic_04930,cluster_t4,54,55,54,55,1,0.25,7e-05,1,1,T4,3.152,5.46875,15
synthetic_04931,cluster_p100,14,15,14,15,1,0.25,0.00025,1,1,,3.152,5.46875,15
synthetic_04932,cluster_g2,82,83,82,83,1,0.25,0.00035,1,1,,11.3,48.0,15
synthetic_04933,cluster_t4,25,26,25,26,1,0.25,7e-05,1,1,T4,18.708,63.0,15
synthetic_04934,cluster_p100,18,19,18,19,1,0.25,0.00025,1,1,,11.4,47.0,15
synthetic_04935,cluster_t4,14,15,14,15,1,0.25,0.00056,8,8,,64.2,257.0,15
synthetic_04936,cluster_t4,0,7,0,7,7,1.75,7e-05,1,1,,6.0,18.0,15
synthetic_04937,cluster_t4,93,96,93,96,3,0.75,7e-05,1,1,T4,15.7,57.0,15
synthetic_04938,cluster_g2,10,12,10,12,2,0.5,0.00035,1,1,,16.0,32.0,15
synthetic_04939,cluster_p100,80,81,80,81,1,0.25,0.00025,1,1,,3.152,5.46875,15
synthetic_04940,cluster_v100m16,30,31,30,31,1,0.25,0.00025,1,1,,3.152,5.46875,15
synthetic_04941,cluster_g3,46,60,46,60,14,3.5,0.00035,1,1,,8.0,29.8017578125,15
synthetic_04942,cluster_g3,59,65,59,65,6,1.5,0.00035,1,1,G3,12.0,24.0,15
synthetic_04943,cluster_v100m32,74,77,74,77,3,0.75,0.00025,1,1,,9.81,40.5859375,15
synthetic_04944,cluster_t4,7,10,7,10,3,0.75,7e-05,1,1,,11.908,46.0,15
synthetic_04945,cluster_t4,32,36,32,36,4,1.0,7e-05,1,1,T4,1.0,6.0,15
synthetic_04946,cluster_g3,91,92,91,92,1,0.25,0.00035,1,1,G3,11.908,46.0,15
synthetic_04947,cluster_t4,3,11,3,11,8,2.0,7e-05,1,1,T4,8.0,16.0,15
synthetic_04948,cluster_g3,88,89,88,89,1,0.25,0.00035,1,1,G3,9.81,40.5859375,15
synthetic_04949,cluster_p100,37,38,37,38,1,0.25,0.00025,1,1,P100,3.152,5.46875,15
synthetic_04950,cluster_g3,28,29,28,29,1,0.25,0.00035,1,1,,12.0,16.0,15
synthetic_04951,cluster_v100m32,68,69,68,69,1,0.25,0.00025,1,1,P100|V100M16|V100M32,3.152,5.46875,15
synthetic_04952,cluster_v100m16,73,74,73,74,1,0.25,0.00025,1,1,,3.152,5.46875,15
synthetic_04953,cluster_g2,68,72,68,72,4,1.0,0.00035,1,1,G2,15.7,57.0,15
synthetic_04954,cluster_p100,14,15,14,15,1,0.25,0.00025,1,1,,3.152,5.46875,15
synthetic_04955,cluster_t4,4,14,4,14,10,2.5,7e-05,1,1,T4,14.2,57.0,15
synthetic_04956,cluster_g3,40,41,40,41,1,0.25,0.00035,1,1,,11.4,47.0,15
synthetic_04957,cluster_t4,71,75,71,75,4,1.0,7e-05,1,1,,8.0,16.0,15
synthetic_04958,cluster_g3,64,69,64,69,5,1.25,0.00035,1,1,,15.7,57.0,15
synthetic_04959,cluster_v100m32,63,64,63,64,1,0.25,0.00025,1,1,P100|V100M16|V100M32,18.708,63.0,15
synthetic_04960,cluster_v100m32,27,29,27,29,2,0.5,0.00025,1,1,V100M16|V100M32,11.4,47.0,15
synthetic_04961,cluster_v100m16,22,23,22,23,1,0.25,0.00025,1,1,,11.4,47.0,15
synthetic_04962,cluster_g2,56,57,56,57,1,0.25,0.00035,1,1,,3.152,5.46875,15
synthetic_04963,cluster_t4,23,36,23,36,13,3.25,7e-05,1,1,T4,18.708,63.0,15
synthetic_04964,cluster_v100m16,82,83,82,83,1,0.25,0.00025,1,1,,3.152,5.46875,15
synthetic_04965,cluster_t4,25,35,25,35,10,2.5,7e-05,1,1,T4,8.0,29.8017578125,15
synthetic_04966,cluster_p100,83,84,83,84,1,0.25,0.00025,1,1,P100,3.152,5.46875,15
synthetic_04967,cluster_v100m16,1,10,1,10,9,2.25,0.00025,1,1,,14.2,57.0,15
synthetic_04968,cluster_v100m32,86,87,86,87,1,0.25,0.00025,1,1,,11.4,47.0,15
synthetic_04969,cluster_v100m16,37,41,37,41,4,1.0,0.00025,1,1,V100M16|V100M32,11.4,47.0,15
synthetic_04970,cluster_v100m32,17,18,17,18,1,0.25,0.00025,1,1,,11.908,46.0,15
synthetic_04971,cluster_t4,40,41,40,41,1,0.25,7e-05,1,1,T4,12.0,16.0,15
synthetic_04972,cluster_t4,69,70,69,70,1,0.25,7e-05,1,1,T4,3.152,5.46875,15
synthetic_04973,cluster_t4,4,6,4,6,2,0.5,7e-05,1,1,,3.152,5.46875,15
synthetic_04974,cluster_g2,29,34,29,34,5,1.25,0.00035,1,1,,4.0,24.0,15
synthetic_04975,cluster_v100m16,79,93,79,93,14,3.5,0.00025,1,1,,8.0,29.8017578125,15
synthetic_04976,cluster_g3,21,30,21,30,9,2.25,0.00035,1,1,,11.4,76.0,15
synthetic_04977,cluster_p100,62,63,62,63,1,0.25,0.00025,1,1,,4.0,29.8017578125,15
synthetic_04978,cluster_p100,21,22,21,22,1,0.25,0.00025,1,1,,11.3,48.0,15
synthetic_04979,cluster_g2,88,92,88,92,4,1.0,0.00035,1,1,,4.0,14.900390625,15
synthetic_04980,cluster_g3,42,44,42,44,2,0.5,0.00035,1,1,,11.908,46.0,15
synthetic_04981,cluster_t4,19,21,19,21,2,0.5,7e-05,1,1,,3.152,5.46875,15
synthetic_04982,cluster_v100m32,32,33,32,33,1,0.25,0.00025,1,1,,11.3,48.0,15
synthetic_04983,cluster_t4,71,72,71,72,1,0.25,7e-05,1,1,T4,4.0,14.900390625,15
synthetic_04984,cluster_g3,69,72,69,72,3,0.75,0.00035,1,1,,8.0,29.8017578125,15
synthetic_04985,cluster_g3,52,53,52,53,1,0.25,0.00035,1,1,,9.81,40.5859375,15
synthetic_04986,cluster_g2,42,43,42,43,1,0.25,0.00035,1,1,,12.0,24.0,15
synthetic_04987,cluster_t4,34,43,34,43,9,2.25,7e-05,1,1,T4,3.152,5.46875,15
synthetic_04988,cluster_v100m16,38,39,38,39,1,0.25,0.00025,1,1,,3.152,5.46875,15
synthetic_04989,cluster_v100m32,1,2,1,2,1,0.25,0.00025,1,1,,11.3,37.0,15
synthetic_04990,cluster_t4,42,46,42,46,4,1.0,7e-05,1,1,T4,4.0,14.900390625,15
synthetic_04991,cluster_v100m32,84,85,84,85,1,0.25,0.00025,1,1,,11.908,46.0,15
synthetic_04992,cluster_v100m16,68,74,68,74,6,1.5,0.00025,1,1,,4.0,24.0,15
synthetic_04993,cluster_t4,33,34,33,34,1,0.25,7e-05,1,1,,3.152,5.46875,15
synthetic_04994,cluster_t4,37,39,37,39,2,0.5,7e-05,1,1,T4,11.4,47.0,15
synthetic_04995,cluster_v100m16,29,30,29,30,1,0.25,0.00025,1,1,,9.81,40.5859375,15
synthetic_04996,cluster_p100,59,65,59,65,6,1.5,0.00025,1,1,,24.2,91.0,15
synthetic_04997,cluster_g2,56,67,56,67,11,2.75,0.00035,1,1,G2,14.9,72.0,15
synthetic_04998,cluster_p100,84,87,84,87,3,0.75,0.00025,1,1,,11.908,46.0,15
synthetic_04999,cluster_v100m16,2,3,2,3,1,0.25,0.00025,1,1,V100M16|V100M32,11.4,47.0,15
synthetic_05000,cluster_g3,14,15,14,15,1,0.25,0.00035,1,1,,11.908,46.0,15
