job_id,category,workload_family,gpus,gpu_count_required,gpu_type_required,cpu_required,memory_required_gb,duration,duration_h,power_kw,e_kw,power,earliest_start,latest_start,slot_minutes,runtime_hours_sampled,source_trace_job
synthetic_00001,preprocessing,preprocessing,1,1,,3.152,5.46875,1,0.25,0.15,0.15,0.00015,71,82,15,0.079722,openb-pod-1081
synthetic_00002,preprocessing,preprocessing,1,1,,11.908,46.0,7,1.75,0.25,0.25,0.00025,8,15,15,1.585556,openb-pod-0237
synthetic_00003,preprocessing,preprocessing,1,1,,4.0,29.8017578125,7,1.75,0.15,0.15,0.00015,59,75,15,1.733611,openb-pod-4428
synthetic_00004,preprocessing,preprocessing,1,1,,18.708,63.0,1,0.25,0.35,0.35,0.00035,41,52,15,0.158333,openb-pod-3038
synthetic_00005,fine_tuning,fine_tuning,1,1,T4,3.152,5.46875,1,0.25,0.07,0.07,7e-05,10,19,15,0.008056,openb-pod-7084
synthetic_00006,fine_tuning,fine_tuning,1,1,G2,18.708,63.0,2,0.5,0.35,0.35,0.00035,41,53,15,0.4675,openb-pod-3709
synthetic_00007,preprocessing,preprocessing,1,1,,8.0,29.8017578125,4,1.0,0.25,0.25,0.00025,9,19,15,0.804167,openb-pod-8014
synthetic_00008,preprocessing,preprocessing,1,1,,4.0,14.900390625,6,1.5,0.25,0.25,0.00025,25,35,15,1.274722,openb-pod-3921
synthetic_00009,preprocessing,preprocessing,1,1,,18.708,63.0,1,0.25,0.25,0.25,0.00025,77,92,15,0.205833,openb-pod-4806
synthetic_00010,preprocessing,preprocessing,1,1,,18.708,63.0,4,1.0,0.07,0.07,7e-05,17,33,15,0.873056,openb-pod-3778
synthetic_00011,fine_tuning,fine_tuning,1,1,T4,1.0,2.0,1,0.25,0.07,0.07,7e-05,33,47,15,0.086944,openb-pod-2471
synthetic_00012,fine_tuning,fine_tuning,1,1,T4,9.81,40.5859375,2,0.5,0.07,0.07,7e-05,11,22,15,0.315556,openb-pod-0591
synthetic_00013,preprocessing,preprocessing,1,1,,3.152,5.46875,1,0.25,0.15,0.15,0.00015,13,23,15,0.088056,openb-pod-4956
synthetic_00014,preprocessing,preprocessing,1,1,,11.908,46.0,4,1.0,0.35,0.35,0.00035,77,88,15,0.781944,openb-pod-3791
synthetic_00015,preprocessing,preprocessing,1,1,,9.81,40.5859375,1,0.25,0.15,0.15,0.00015,26,31,15,0.023611,openb-pod-7389
synthetic_00016,preprocessing,preprocessing,1,1,,3.152,5.46875,1,0.25,0.25,0.25,0.00025,61,68,15,0.208611,openb-pod-3714
synthetic_00017,preprocessing,preprocessing,1,1,,4.0,29.8017578125,1,0.25,0.25,0.25,0.00025,1,15,15,0.015833,openb-pod-1540
synthetic_00018,preprocessing,preprocessing,1,1,,11.4,47.0,1,0.25,0.35,0.35,0.00035,3,10,15,0.2175,openb-pod-2589
synthetic_00019,fine_tuning,fine_tuning,1,1,T4,3.152,5.46875,1,0.25,0.07,0.07,7e-05,76,82,15,0.083611,openb-pod-0192
synthetic_00020,preprocessing,preprocessing,1,1,,14.2,57.0,1,0.25,0.25,0.25,0.00025,91,95,15,0.013056,openb-pod-5217
synthetic_00021,fine_tuning,fine_tuning,1,1,T4,14.2,57.0,2,0.5,0.07,0.07,7e-05,74,86,15,0.451944,openb-pod-4854
synthetic_00022,fine_tuning,fine_tuning,1,1,G2,11.3,48.0,1,0.25,0.35,0.35,0.00035,47,56,15,0.021944,openb-pod-6644
synthetic_00023,preprocessing,preprocessing,1,1,,18.708,63.0,1,0.25,0.35,0.35,0.00035,22,33,15,0.024722,openb-pod-0164
synthetic_00024,fine_tuning,fine_tuning,1,1,T4,11.4,47.0,1,0.25,0.07,0.07,7e-05,78,85,15,0.013889,openb-pod-2331
synthetic_00025,fine_tuning,fine_tuning,1,1,T4,3.152,5.46875,2,0.5,0.07,0.07,7e-05,20,32,15,0.310833,openb-pod-3864
synthetic_00026,preprocessing,preprocessing,1,1,G2|P100|T4|V100M16|V100M32,4.0,14.900390625,2,0.5,0.25,0.25,0.00025,83,94,15,0.434444,openb-pod-4095
synthetic_00027,preprocessing,preprocessing,1,1,,24.2,91.0,3,0.75,0.25,0.25,0.00025,0,7,15,0.608889,openb-pod-6122
synthetic_00028,fine_tuning,fine_tuning,1,1,G3,11.908,46.0,1,0.25,0.35,0.35,0.00035,19,30,15,0.024444,openb-pod-7981
synthetic_00029,fine_tuning,fine_tuning,1,1,T4,11.908,46.0,1,0.25,0.07,0.07,7e-05,44,58,15,0.013333,openb-pod-2353
synthetic_00030,preprocessing,preprocessing,1,1,,11.908,46.0,1,0.25,0.25,0.25,0.00025,46,59,15,0.035,openb-pod-7286
synthetic_00031,fine_tuning,fine_tuning,1,1,T4,16.0,64.0,14,3.5,0.07,0.07,7e-05,11,19,15,3.323611,openb-pod-5074
synthetic_00032,preprocessing,preprocessing,1,1,,11.908,46.0,2,0.5,0.07,0.07,7e-05,79,86,15,0.283333,openb-pod-6471
synthetic_00033,preprocessing,preprocessing,1,1,,12.0,15.0,1,0.25,0.35,0.35,0.00035,58,63,15,0.216667,openb-pod-0550
synthetic_00034,fine_tuning,fine_tuning,1,1,T4,11.908,46.0,1,0.25,0.07,0.07,7e-05,89,95,15,0.0125,openb-pod-1156
synthetic_00035,preprocessing,preprocessing,1,1,,11.908,46.0,7,1.75,0.07,0.07,7e-05,75,81,15,1.5175,openb-pod-0483
synthetic_00036,preprocessing,preprocessing,1,1,,16.0,32.0,2,0.5,0.25,0.25,0.00025,47,53,15,0.320278,openb-pod-0034
synthetic_00037,preprocessing,preprocessing,1,1,,3.152,5.46875,1,0.25,0.15,0.15,0.00015,0,8,15,0.038056,openb-pod-1831
synthetic_00038,preprocessing,preprocessing,1,1,,4.0,29.8017578125,2,0.5,0.07,0.07,7e-05,11,17,15,0.293333,openb-pod-1999
synthetic_00039,fine_tuning,fine_tuning,1,1,G2,11.4,47.0,1,0.25,0.35,0.35,0.00035,6,16,15,0.024167,openb-pod-2895
synthetic_00040,preprocessing,preprocessing,1,1,,3.152,5.46875,1,0.25,0.15,0.15,0.00015,85,89,15,0.062222,openb-pod-3225
synthetic_00041,preprocessing,preprocessing,1,1,,3.152,5.46875,1,0.25,0.25,0.25,0.00025,57,69,15,0.002778,openb-pod-7539
synthetic_00042,preprocessing,preprocessing,1,1,,12.0,15.0,16,4.0,0.25,0.25,0.00025,0,11,15,3.818611,openb-pod-5718
synthetic_00043,preprocessing,preprocessing,1,1,,11.4,47.0,1,0.25,0.35,0.35,0.00035,68,77,15,0.193333,openb-pod-3962
synthetic_00044,preprocessing,preprocessing,1,1,,4.0,29.8017578125,5,1.25,0.07,0.07,7e-05,59,73,15,1.076944,openb-pod-6607
synthetic_00045,preprocessing,preprocessing,1,1,,11.908,46.0,15,3.75,0.35,0.35,0.00035,0,8,15,3.551667,openb-pod-5382
synthetic_00046,preprocessing,preprocessing,1,1,,3.152,5.46875,1,0.25,0.15,0.15,0.00015,31,41,15,0.053056,openb-pod-1112
synthetic_00047,preprocessing,preprocessing,1,1,,11.4,47.0,4,1.0,0.07,0.07,7e-05,56,69,15,0.751389,openb-pod-4354
synthetic_00048,fine_tuning,fine_tuning,1,1,T4,11.908,46.0,2,0.5,0.07,0.07,7e-05,24,32,15,0.295,openb-pod-5051
synthetic_00049,fine_tuning,fine_tuning,1,1,T4,11.4,47.0,1,0.25,0.07,0.07,7e-05,5,18,15,0.0375,openb-pod-2358
synthetic_00050,preprocessing,preprocessing,1,1,,15.2,79.0,5,1.25,0.25,0.25,0.00025,57,64,15,1.064722,openb-pod-4510
synthetic_00051,preprocessing,preprocessing,1,1,,11.4,47.0,2,0.5,0.25,0.25,0.00025,15,19,15,0.31,openb-pod-2465
synthetic_00052,training,training,1,1,V100M16|V100M32,11.4,47.0,2,0.5,0.25,0.25,0.00025,0,9,15,0.434722,openb-pod-4480
synthetic_00053,fine_tuning,fine_tuning,1,1,T4,11.3,48.0,3,0.75,0.07,0.07,7e-05,67,81,15,0.503611,openb-pod-6625
synthetic_00054,preprocessing,preprocessing,1,1,,3.152,5.46875,1,0.25,0.25,0.25,0.00025,5,17,15,0.069167,openb-pod-5665
synthetic_00055,preprocessing,preprocessing,1,1,,11.4,47.0,1,0.25,0.25,0.25,0.00025,68,74,15,0.02,openb-pod-2810
synthetic_00056,preprocessing,preprocessing,1,1,,11.3,48.0,1,0.25,0.25,0.25,0.00025,8,20,15,0.015556,openb-pod-5643
synthetic_00057,preprocessing,preprocessing,1,1,,11.4,47.0,1,0.25,0.15,0.15,0.00015,67,80,15,0.022778,openb-pod-4573
synthetic_00058,fine_tuning,fine_tuning,1,1,T4,11.908,46.0,2,0.5,0.07,0.07,7e-05,0,12,15,0.433611,openb-pod-2354
synthetic_00059,preprocessing,preprocessing,1,1,,3.152,5.46875,1,0.25,0.07,0.07,7e-05,55,66,15,0.016667,openb-pod-1679
synthetic_00060,fine_tuning,fine_tuning,1,1,T4,3.152,5.46875,1,0.25,0.07,0.07,7e-05,48,57,15,0.050556,openb-pod-7306
synthetic_00061,fine_tuning,fine_tuning,1,1,T4,11.4,47.0,2,0.5,0.07,0.07,7e-05,81,85,15,0.313611,openb-pod-3055
synthetic_00062,preprocessing,preprocessing,1,1,P100|V100M16|V100M32,11.4,47.0,3,0.75,0.25,0.25,0.00025,33,42,15,0.735556,openb-pod-3680
synthetic_00063,preprocessing,preprocessing,1,1,,11.908,46.0,2,0.5,0.07,0.07,7e-05,13,19,15,0.259444,openb-pod-6271
synthetic_00064,fine_tuning,fine_tuning,1,1,P100,3.152,5.46875,1,0.25,0.25,0.25,0.00025,9,15,15,0.023056,openb-pod-4056
synthetic_00065,preprocessing,preprocessing,1,1,,3.152,5.46875,1,0.25,0.35,0.35,0.00035,8,18,15,0.003333,openb-pod-7144
synthetic_00066,preprocessing,preprocessing,1,1,,11.3,48.0,1,0.25,0.25,0.25,0.00025,4,19,15,0.246667,openb-pod-6657
synthetic_00067,preprocessing,preprocessing,1,1,,3.152,5.46875,1,0.25,0.35,0.35,0.00035,44,55,15,0.026389,openb-pod-8073
synthetic_00068,fine_tuning,fine_tuning,1,1,G2,11.3,37.0,12,3.0,0.35,0.35,0.00035,9,22,15,2.875278,openb-pod-0435
synthetic_00069,preprocessing,preprocessing,1,1,,3.152,5.46875,1,0.25,0.35,0.35,0.00035,25,30,15,0.059444,openb-pod-1070
synthetic_00070,preprocessing,preprocessing,1,1,P100|T4|V100M16|V100M32,11.3,48.0,2,0.5,0.25,0.25,0.00025,36,48,15,0.436944,openb-pod-6291
synthetic_00071,preprocessing,preprocessing,1,1,,11.908,46.0,1,0.25,0.25,0.25,0.00025,78,83,15,0.020833,openb-pod-3716
synthetic_00072,preprocessing,preprocessing,1,1,,8.0,29.8017578125,1,0.25,0.25,0.25,0.00025,41,50,15,0.081667,openb-pod-2971
synthetic_00073,fine_tuning,fine_tuning,1,1,G3,16.0,32.0,2,0.5,0.35,0.35,0.00035,13,27,15,0.300556,openb-pod-1952
synthetic_00074,preprocessing,preprocessing,1,1,,11.3,48.0,1,0.25,0.07,0.07,7e-05,81,89,15,0.151667,openb-pod-5648
synthetic_00075,preprocessing,preprocessing,1,1,P100|T4|V100M16|V100M32,18.708,63.0,12,3.0,0.25,0.25,0.00025,71,78,15,2.7975,openb-pod-3660
synthetic_00076,preprocessing,preprocessing,1,1,,11.908,46.0,2,0.5,0.25,0.25,0.00025,24,40,15,0.3825,openb-pod-4345
synthetic_00077,preprocessing,preprocessing,1,1,P100|V100M16|V100M32,24.2,91.0,1,0.25,0.25,0.25,0.00025,31,41,15,0.175278,openb-pod-6120
synthetic_00078,preprocessing,preprocessing,1,1,,11.908,46.0,1,0.25,0.15,0.15,0.00015,0,11,15,0.136389,openb-pod-7224
synthetic_00079,fine_tuning,fine_tuning,1,1,T4,11.3,48.0,1,0.25,0.07,0.07,7e-05,38,46,15,0.021389,openb-pod-7576
synthetic_00080,preprocessing,preprocessing,1,1,,3.152,5.46875,1,0.25,0.15,0.15,0.00015,80,89,15,0.101389,openb-pod-7480
synthetic_00081,preprocessing,preprocessing,1,1,,3.152,5.46875,1,0.25,0.07,0.07,7e-05,1,10,15,0.076667,openb-pod-0338
synthetic_00082,preprocessing,preprocessing,1,1,,3.152,5.46875,1,0.25,0.15,0.15,0.00015,65,75,15,0.013889,openb-pod-2369
synthetic_00083,preprocessing,preprocessing,1,1,,24.2,91.0,1,0.25,0.25,0.25,0.00025,2,15,15,0.1675,openb-pod-5928
synthetic_00084,fine_tuning,fine_tuning,1,1,T4,3.152,5.46875,1,0.25,0.07,0.07,7e-05,18,26,15,0.047222,openb-pod-1341
synthetic_00085,preprocessing,preprocessing,1,1,,11.3,48.0,1,0.25,0.07,0.07,7e-05,41,49,15,0.085278,openb-pod-7715
synthetic_00086,preprocessing,preprocessing,1,1,,11.908,46.0,7,1.75,0.07,0.07,7e-05,46,57,15,1.5175,openb-pod-0483
synthetic_00087,preprocessing,preprocessing,1,1,,3.152,5.46875,1,0.25,0.25,0.25,0.00025,34,42,15,0.048056,openb-pod-0264
synthetic_00088,preprocessing,preprocessing,1,1,,3.152,5.46875,1,0.25,0.25,0.25,0.00025,41,57,15,0.0475,openb-pod-4862
synthetic_00089,preprocessing,preprocessing,1,1,,24.2,91.0,2,0.5,0.25,0.25,0.00025,39,49,15,0.401667,openb-pod-6586
synthetic_00090,fine_tuning,fine_tuning,1,1,G2,11.3,48.0,1,0.25,0.35,0.35,0.00035,36,45,15,0.074444,openb-pod-4726
synthetic_00091,preprocessing,preprocessing,1,1,,8.0,29.8017578125,1,0.25,0.35,0.35,0.00035,0,4,15,0.026389,openb-pod-7106
synthetic_00092,fine_tuning,fine_tuning,1,1,G2,11.3,48.0,1,0.25,0.35,0.35,0.00035,44,56,15,0.179722,openb-pod-5877
synthetic_00093,preprocessing,preprocessing,1,1,,14.2,57.0,1,0.25,0.25,0.25,0.00025,7,21,15,0.090278,openb-pod-5321
synthetic_00094,fine_tuning,fine_tuning,1,1,T4,9.81,40.5859375,3,0.75,0.07,0.07,7e-05,47,53,15,0.628056,openb-pod-5854
synthetic_00095,preprocessing,preprocessing,1,1,,8.0,29.8017578125,1,0.25,0.25,0.25,0.00025,21,30,15,0.026944,openb-pod-6009
synthetic_00096,preprocessing,preprocessing,1,1,,8.0,29.8017578125,1,0.25,0.15,0.15,0.00015,15,23,15,0.014167,openb-pod-4855
synthetic_00097,fine_tuning,fine_tuning,1,1,T4,8.0,29.8017578125,1,0.25,0.07,0.07,7e-05,29,40,15,0.027778,openb-pod-2758
synthetic_00098,preprocessing,preprocessing,1,1,,4.0,22.3515625,11,2.75,0.25,0.25,0.00025,13,21,15,2.565278,openb-pod-4434
synthetic_00099,fine_tuning,fine_tuning,1,1,T4,11.3,48.0,1,0.25,0.07,0.07,7e-05,66,72,15,0.213333,openb-pod-4704
synthetic_00100,fine_tuning,fine_tuning,1,1,T4,11.4,47.0,2,0.5,0.07,0.07,7e-05,75,86,15,0.354167,openb-pod-2583
synthetic_00101,fine_tuning,fine_tuning,1,1,T4,4.0,22.3515625,7,1.75,0.07,0.07,7e-05,27,41,15,1.738889,openb-pod-4522
synthetic_00102,preprocessing,preprocessing,1,1,,3.152,5.46875,1,0.25,0.25,0.25,0.00025,30,39,15,0.0425,openb-pod-7844
synthetic_00103,preprocessing,preprocessing,1,1,,3.152,5.46875,1,0.25,0.35,0.35,0.00035,4,15,15,0.061111,openb-pod-0093
synthetic_00104,preprocessing,preprocessing,1,1,,11.3,48.0,1,0.25,0.35,0.35,0.00035,71,80,15,0.248333,openb-pod-7747
synthetic_00105,preprocessing,preprocessing,1,1,,9.81,40.5859375,1,0.25,0.15,0.15,0.00015,90,95,15,0.056111,openb-pod-0120
synthetic_00106,preprocessing,preprocessing,1,1,,12.0,16.0,1,0.25,0.15,0.15,0.00015,39,49,15,0.233056,openb-pod-5582
synthetic_00107,preprocessing,preprocessing,1,1,,11.908,46.0,3,0.75,0.15,0.15,0.00015,12,22,15,0.660278,openb-pod-5661
synthetic_00108,fine_tuning,fine_tuning,1,1,G3,12.0,24.0,1,0.25,0.35,0.35,0.00035,27,40,15,0.013333,openb-pod-1968
synthetic_00109,preprocessing,preprocessing,1,1,,3.152,5.46875,1,0.25,0.15,0.15,0.00015,26,31,15,0.06,openb-pod-3295
synthetic_00110,preprocessing,preprocessing,1,1,,4.0,22.3515625,1,0.25,0.15,0.15,0.00015,52,58,15,0.073889,openb-pod-6125
synthetic_00111,preprocessing,preprocessing,1,1,,3.152,5.46875,1,0.25,0.25,0.25,0.00025,5,14,15,0.016944,openb-pod-6682
synthetic_00112,fine_tuning,fine_tuning,1,1,G2,8.2,33.0,5,1.25,0.35,0.35,0.00035,25,32,15,1.206111,openb-pod-5300
synthetic_00113,preprocessing,preprocessing,1,1,,11.3,48.0,1,0.25,0.35,0.35,0.00035,58,66,15,0.101111,openb-pod-7745
synthetic_00114,fine_tuning,fine_tuning,1,1,T4,4.0,29.8017578125,1,0.25,0.07,0.07,7e-05,14,22,15,0.031944,openb-pod-0214
synthetic_00115,fine_tuning,fine_tuning,1,1,T4,18.708,63.0,1,0.25,0.07,0.07,7e-05,20,28,15,0.134722,openb-pod-2291
synthetic_00116,preprocessing,preprocessing,1,1,,11.908,46.0,1,0.25,0.25,0.25,0.00025,21,35,15,0.136667,openb-pod-7319
synthetic_00117,preprocessing,preprocessing,1,1,,4.0,14.900390625,10,2.5,0.25,0.25,0.00025,48,60,15,2.262778,openb-pod-3618
synthetic_00118,fine_tuning,fine_tuning,1,1,G2,3.152,5.46875,1,0.25,0.35,0.35,0.00035,2,12,15,0.076111,openb-pod-1450
synthetic_00119,fine_tuning,fine_tuning,1,1,T4,3.152,5.46875,1,0.25,0.07,0.07,7e-05,0,11,15,0.005556,openb-pod-7428
synthetic_00120,fine_tuning,fine_tuning,1,1,G2,16.0,32.0,4,1.0,0.35,0.35,0.00035,72,87,15,0.953889,openb-pod-1078
synthetic_00121,preprocessing,preprocessing,1,1,,4.0,14.900390625,2,0.5,0.15,0.15,0.00015,61,68,15,0.272222,openb-pod-4693
synthetic_00122,preprocessing,preprocessing,1,1,,3.152,5.46875,1,0.25,0.07,0.07,7e-05,27,39,15,0.1175,openb-pod-8086
synthetic_00123,preprocessing,preprocessing,1,1,,11.3,48.0,1,0.25,0.25,0.25,0.00025,77,85,15,0.056944,openb-pod-7707
synthetic_00124,preprocessing,preprocessing,1,1,,15.2,79.0,1,0.25,0.25,0.25,0.00025,59,66,15,0.247222,openb-pod-3656
synthetic_00125,preprocessing,preprocessing,1,1,,11.4,47.0,8,2.0,0.25,0.25,0.00025,34,47,15,1.756944,openb-pod-0732
synthetic_00126,fine_tuning,fine_tuning,1,1,T4,3.152,5.46875,2,0.5,0.07,0.07,7e-05,76,89,15,0.269167,openb-pod-4749
synthetic_00127,preprocessing,preprocessing,1,1,,1.0,2.0,1,0.25,0.07,0.07,7e-05,18,28,15,0.101667,openb-pod-3909
synthetic_00128,fine_tuning,fine_tuning,1,1,T4,4.0,14.900390625,1,0.25,0.07,0.07,7e-05,17,31,15,0.193889,openb-pod-4515
synthetic_00129,preprocessing,preprocessing,1,1,,3.152,5.46875,2,0.5,0.25,0.25,0.00025,24,36,15,0.261389,openb-pod-4267
synthetic_00130,preprocessing,preprocessing,1,1,,12.0,32.0,2,0.5,0.25,0.25,0.00025,82,91,15,0.3325,openb-pod-2092
synthetic_00131,fine_tuning,fine_tuning,1,1,T4,11.4,47.0,15,3.75,0.07,0.07,7e-05,73,81,15,3.612222,openb-pod-3061
synthetic_00132,preprocessing,preprocessing,1,1,,11.4,47.0,1,0.25,0.25,0.25,0.00025,16,32,15,0.079444,openb-pod-3841
synthetic_00133,fine_tuning,fine_tuning,1,1,T4,11.4,47.0,2,0.5,0.07,0.07,7e-05,26,35,15,0.355278,openb-pod-2042
synthetic_00134,preprocessing,preprocessing,1,1,,15.7,57.0,1,0.25,0.25,0.25,0.00025,58,66,15,0.190556,openb-pod-2733
synthetic_00135,fine_tuning,fine_tuning,1,1,T4,8.2,33.0,2,0.5,0.07,0.07,7e-05,63,71,15,0.429167,openb-pod-6338
synthetic_00136,preprocessing,preprocessing,1,1,,11.3,48.0,1,0.25,0.25,0.25,0.00025,41,46,15,0.221667,openb-pod-5917
synthetic_00137,preprocessing,preprocessing,1,1,,6.0,6.0,2,0.5,0.15,0.15,0.00015,4,17,15,0.490556,openb-pod-6358
synthetic_00138,fine_tuning,fine_tuning,1,1,P100,11.908,46.0,1,0.25,0.25,0.25,0.00025,76,86,15,0.181111,openb-pod-7507
synthetic_00139,preprocessing,preprocessing,1,1,,11.4,76.0,1,0.25,0.25,0.25,0.00025,82,89,15,0.121667,openb-pod-8043
synthetic_00140,preprocessing,preprocessing,1,1,,11.4,47.0,1,0.25,0.35,0.35,0.00035,1,6,15,0.073333,openb-pod-4472
synthetic_00141,preprocessing,preprocessing,1,1,,11.4,47.0,3,0.75,0.15,0.15,0.00015,10,22,15,0.574444,openb-pod-0921
synthetic_00142,preprocessing,preprocessing,1,1,,16.0,32.0,4,1.0,0.35,0.35,0.00035,62,73,15,0.810278,openb-pod-2997
synthetic_00143,fine_tuning,fine_tuning,1,1,T4,14.2,57.0,10,2.5,0.07,0.07,7e-05,29,40,15,2.421944,openb-pod-6087
synthetic_00144,preprocessing,preprocessing,1,1,,9.81,40.5859375,3,0.75,0.25,0.25,0.00025,4,12,15,0.518889,openb-pod-4360
synthetic_00145,preprocessing,preprocessing,1,1,,11.908,46.0,1,0.25,0.35,0.35,0.00035,45,53,15,0.031389,openb-pod-7279
synthetic_00146,preprocessing,preprocessing,1,1,,12.0,16.0,1,0.25,0.07,0.07,7e-05,29,33,15,0.15,openb-pod-2749
synthetic_00147,preprocessing,preprocessing,1,1,,9.81,40.5859375,14,3.5,0.15,0.15,0.00015,44,51,15,3.291111,openb-pod-3824
synthetic_00148,fine_tuning,fine_tuning,1,1,T4,3.152,5.46875,1,0.25,0.07,0.07,7e-05,12,21,15,0.076111,openb-pod-5134
synthetic_00149,preprocessing,preprocessing,1,1,,3.152,5.46875,1,0.25,0.25,0.25,0.00025,80,93,15,0.041667,openb-pod-1725
synthetic_00150,preprocessing,preprocessing,1,1,,4.0,24.0,5,1.25,0.07,0.07,7e-05,47,57,15,1.155833,openb-pod-5658
synthetic_00151,fine_tuning,fine_tuning,1,1,T4,3.152,5.46875,2,0.5,0.07,0.07,7e-05,0,9,15,0.310833,openb-pod-3864
synthetic_00152,preprocessing,preprocessing,1,1,,11.908,46.0,4,1.0,0.35,0.35,0.00035,79,91,15,0.796944,openb-pod-7996
synthetic_00153,fine_tuning,fine_tuning,1,1,T4,3.152,5.46875,1,0.25,0.07,0.07,7e-05,79,94,15,0.060556,openb-pod-0799
synthetic_00154,preprocessing,preprocessing,1,1,,4.152,10.3515625,1,0.25,0.25,0.25,0.00025,84,89,15,0.0075,openb-pod-0883
synthetic_00155,preprocessing,preprocessing,1,1,,18.708,63.0,1,0.25,0.25,0.25,0.00025,58,68,15,0.1475,openb-pod-4816
synthetic_00156,preprocessing,preprocessing,1,1,,11.3,48.0,2,0.5,0.07,0.07,7e-05,82,94,15,0.477778,openb-pod-6905
synthetic_00157,preprocessing,preprocessing,1,1,,11.3,48.0,1,0.25,0.35,0.35,0.00035,45,51,15,0.115556,openb-pod-7952
synthetic_00158,preprocessing,preprocessing,1,1,,4.0,22.3515625,11,2.75,0.25,0.25,0.00025,20,30,15,2.673611,openb-pod-2718
synthetic_00159,preprocessing,preprocessing,1,1,,11.4,47.0,1,0.25,0.15,0.15,0.00015,51,65,15,0.014444,openb-pod-2628
synthetic_00160,preprocessing,preprocessing,1,1,,3.152,5.46875,1,0.25,0.07,0.07,7e-05,75,86,15,0.068333,openb-pod-1060
synthetic_00161,preprocessing,preprocessing,1,1,,3.152,5.46875,1,0.25,0.07,0.07,7e-05,49,58,15,0.054722,openb-pod-0803
synthetic_00162,preprocessing,preprocessing,1,1,,12.0,24.0,4,1.0,0.35,0.35,0.00035,48,57,15,0.800278,openb-pod-7862
synthetic_00163,fine_tuning,fine_tuning,1,1,T4,9.81,40.5859375,2,0.5,0.07,0.07,7e-05,70,78,15,0.269444,openb-pod-3898
synthetic_00164,preprocessing,preprocessing,1,1,,3.152,5.46875,1,0.25,0.25,0.25,0.00025,78,86,15,0.055,openb-pod-2206
synthetic_00165,fine_tuning,fine_tuning,1,1,T4,11.3,48.0,1,0.25,0.07,0.07,7e-05,28,36,15,0.194722,openb-pod-6280
synthetic_00166,preprocessing,preprocessing,1,1,,3.152,5.46875,2,0.5,0.35,0.35,0.00035,56,67,15,0.260278,openb-pod-5451
synthetic_00167,fine_tuning,fine_tuning,1,1,T4,11.3,48.0,2,0.5,0.07,0.07,7e-05,32,36,15,0.319722,openb-pod-6963
synthetic_00168,preprocessing,preprocessing,1,1,,8.0,29.8017578125,1,0.25,0.25,0.25,0.00025,15,25,15,0.0475,openb-pod-1873
synthetic_00169,training,training,1,1,V100M16|V100M32,4.0,24.0,5,1.25,0.25,0.25,0.00025,57,72,15,1.118611,openb-pod-7070
synthetic_00170,fine_tuning,fine_tuning,1,1,T4,11.908,46.0,1,0.25,0.07,0.07,7e-05,54,65,15,0.074167,openb-pod-8047
synthetic_00171,fine_tuning,fine_tuning,1,1,G2,4.0,24.0,1,0.25,0.35,0.35,0.00035,64,70,15,0.153611,openb-pod-7040
synthetic_00172,preprocessing,preprocessing,1,1,,12.0,16.0,1,0.25,0.25,0.25,0.00025,0,6,15,0.15,openb-pod-4075
synthetic_00173,training,training,1,1,V100M16|V100M32,18.708,63.0,1,0.25,0.25,0.25,0.00025,74,88,15,0.014167,openb-pod-1323
synthetic_00174,preprocessing,preprocessing,1,1,,12.0,24.0,5,1.25,0.15,0.15,0.00015,78,91,15,1.049167,openb-pod-6750
synthetic_00175,preprocessing,preprocessing,1,1,,8.0,29.8017578125,1,0.25,0.07,0.07,7e-05,25,32,15,0.026944,openb-pod-6009
synthetic_00176,preprocessing,preprocessing,1,1,,8.0,29.8017578125,1,0.25,0.35,0.35,0.00035,12,24,15,0.079167,openb-pod-6239
synthetic_00177,fine_tuning,fine_tuning,1,1,G2,11.3,48.0,1,0.25,0.35,0.35,0.00035,0,5,15,0.016944,openb-pod-7746
synthetic_00178,training,training,1,1,V100M16|V100M32,11.4,47.0,2,0.5,0.25,0.25,0.00025,13,22,15,0.425556,openb-pod-4258
synthetic_00179,fine_tuning,fine_tuning,1,1,P100,11.908,46.0,1,0.25,0.25,0.25,0.00025,22,31,15,0.081944,openb-pod-2846
synthetic_00180,preprocessing,preprocessing,1,1,,12.0,24.0,1,0.25,0.25,0.25,0.00025,50,60,15,0.014444,openb-pod-3590
synthetic_00181,preprocessing,preprocessing,1,1,,8.0,29.8017578125,1,0.25,0.15,0.15,0.00015,87,93,15,0.1175,openb-pod-1662
synthetic_00182,training,training,1,1,V100M16|V100M32,15.7,57.0,3,0.75,0.25,0.25,0.00025,5,10,15,0.633333,openb-pod-1310
synthetic_00183,preprocessing,preprocessing,1,1,,15.7,57.0,1,0.25,0.25,0.25,0.00025,50,60,15,0.013056,openb-pod-2912
synthetic_00184,preprocessing,preprocessing,1,1,,3.152,5.46875,1,0.25,0.35,0.35,0.00035,3,12,15,0.0375,openb-pod-1354
synthetic_00185,fine_tuning,fine_tuning,1,1,G3,11.3,48.0,2,0.5,0.35,0.35,0.00035,41,52,15,0.259444,openb-pod-4738
synthetic_00186,preprocessing,preprocessing,1,1,,4.0,14.900390625,1,0.25,0.35,0.35,0.00035,55,63,15,0.0925,openb-pod-0817
synthetic_00187,preprocessing,preprocessing,1,1,,11.4,47.0,1,0.25,0.25,0.25,0.00025,32,36,15,0.023889,openb-pod-3527
synthetic_00188,preprocessing,preprocessing,1,1,,4.152,10.3515625,1,0.25,0.35,0.35,0.00035,77,85,15,0.007778,openb-pod-2372
synthetic_00189,preprocessing,preprocessing,1,1,,11.4,47.0,4,1.0,0.07,0.07,7e-05,80,86,15,0.959444,openb-pod-4207
synthetic_00190,preprocessing,preprocessing,1,1,,4.0,29.8017578125,5,1.25,0.25,0.25,0.00025,53,61,15,1.075833,openb-pod-2598
synthetic_00191,fine_tuning,fine_tuning,1,1,T4,11.4,76.0,3,0.75,0.07,0.07,7e-05,0,9,15,0.660833,openb-pod-7970
synthetic_00192,preprocessing,preprocessing,1,1,,15.2,79.0,1,0.25,0.35,0.35,0.00035,7,16,15,0.053333,openb-pod-5690
synthetic_00193,preprocessing,preprocessing,1,1,,18.708,63.0,1,0.25,0.35,0.35,0.00035,29,38,15,0.22,openb-pod-0952
synthetic_00194,preprocessing,preprocessing,1,1,,3.152,5.46875,1,0.25,0.07,0.07,7e-05,61,72,15,0.003889,openb-pod-7072
synthetic_00195,preprocessing,preprocessing,1,1,,3.152,5.46875,1,0.25,0.35,0.35,0.00035,82,88,15,0.086389,openb-pod-0042
synthetic_00196,fine_tuning,fine_tuning,1,1,G2,4.0,30.517578125,2,0.5,0.35,0.35,0.00035,33,44,15,0.264167,openb-pod-6930
synthetic_00197,fine_tuning,fine_tuning,1,1,P100,4.0,22.3515625,11,2.75,0.25,0.25,0.00025,30,43,15,2.516389,openb-pod-2076
synthetic_00198,preprocessing,preprocessing,1,1,,18.708,63.0,1,0.25,0.25,0.25,0.00025,3,15,15,0.176111,openb-pod-4365
synthetic_00199,fine_tuning,fine_tuning,1,1,T4,3.152,5.46875,1,0.25,0.07,0.07,7e-05,29,39,15,0.042222,openb-pod-0630
synthetic_00200,preprocessing,preprocessing,1,1,,16.0,32.0,5,1.25,0.25,0.25,0.00025,84,91,15,1.018056,openb-pod-0806
synthetic_00201,preprocessing,preprocessing,1,1,,12.0,24.0,6,1.5,0.35,0.35,0.00035,75,81,15,1.466944,openb-pod-2300
synthetic_00202,fine_tuning,fine_tuning,1,1,T4,4.0,14.900390625,7,1.75,0.07,0.07,7e-05,70,81,15,1.525,openb-pod-3912
synthetic_00203,preprocessing,preprocessing,1,1,,3.152,5.46875,1,0.25,0.35,0.35,0.00035,84,95,15,0.043056,openb-pod-6051
synthetic_00204,preprocessing,preprocessing,1,1,,3.152,5.46875,1,0.25,0.15,0.15,0.00015,29,41,15,0.045556,openb-pod-7827
synthetic_00205,preprocessing,preprocessing,1,1,,3.152,5.46875,1,0.25,0.35,0.35,0.00035,24,34,15,0.053889,openb-pod-3119
synthetic_00206,fine_tuning,fine_tuning,1,1,T4,16.0,32.0,2,0.5,0.07,0.07,7e-05,53,61,15,0.414167,openb-pod-0872
synthetic_00207,preprocessing,preprocessing,1,1,,3.152,5.46875,1,0.25,0.25,0.25,0.00025,21,29,15,0.030556,openb-pod-5129
synthetic_00208,preprocessing,preprocessing,1,1,,3.152,5.46875,1,0.25,0.25,0.25,0.00025,16,20,15,0.048056,openb-pod-0225
synthetic_00209,preprocessing,preprocessing,1,1,,3.152,5.46875,1,0.25,0.35,0.35,0.00035,36,46,15,0.1425,openb-pod-1282
synthetic_00210,preprocessing,preprocessing,1,1,,11.4,47.0,1,0.25,0.25,0.25,0.00025,42,54,15,0.247222,openb-pod-3206
synthetic_00211,preprocessing,preprocessing,1,1,,11.908,46.0,2,0.5,0.25,0.25,0.00025,74,83,15,0.384444,openb-pod-3186
synthetic_00212,fine_tuning,fine_tuning,1,1,G2,15.7,57.0,3,0.75,0.35,0.35,0.00035,79,90,15,0.589167,openb-pod-1324
synthetic_00213,fine_tuning,fine_tuning,1,1,T4,3.152,5.46875,1,0.25,0.07,0.07,7e-05,17,32,15,0.039167,openb-pod-1585
synthetic_00214,preprocessing,preprocessing,1,1,,3.152,5.46875,2,0.5,0.25,0.25,0.00025,30,39,15,0.259167,openb-pod-6815
synthetic_00215,preprocessing,preprocessing,1,1,,11.908,46.0,1,0.25,0.25,0.25,0.00025,21,28,15,0.1925,openb-pod-7326
synthetic_00216,preprocessing,preprocessing,1,1,,3.152,5.46875,1,0.25,0.35,0.35,0.00035,57,63,15,0.035833,openb-pod-0156
synthetic_00217,preprocessing,preprocessing,1,1,,11.3,48.0,1,0.25,0.35,0.35,0.00035,67,73,15,0.075,openb-pod-5452
synthetic_00218,preprocessing,preprocessing,1,1,,3.152,5.46875,1,0.25,0.25,0.25,0.00025,3,12,15,0.058889,openb-pod-0346
synthetic_00219,preprocessing,preprocessing,1,1,,3.152,5.46875,1,0.25,0.07,0.07,7e-05,46,62,15,0.022778,openb-pod-6649
synthetic_00220,fine_tuning,fine_tuning,1,1,T4,11.3,48.0,1,0.25,0.07,0.07,7e-05,65,75,15,0.025278,openb-pod-5352
synthetic_00221,preprocessing,preprocessing,1,1,,11.4,47.0,3,0.75,0.07,0.07,7e-05,75,81,15,0.655,openb-pod-3681
synthetic_00222,fine_tuning,fine_tuning,1,1,P100,3.152,5.46875,2,0.5,0.25,0.25,0.00025,76,81,15,0.472778,openb-pod-0989
synthetic_00223,preprocessing,preprocessing,1,1,,3.152,5.46875,1,0.25,0.25,0.25,0.00025,58,66,15,0.057778,openb-pod-1943
synthetic_00224,preprocessing,preprocessing,1,1,,3.152,5.46875,1,0.25,0.25,0.25,0.00025,4,13,15,0.068889,openb-pod-0710
synthetic_00225,preprocessing,preprocessing,1,1,,3.152,5.46875,1,0.25,0.35,0.35,0.00035,35,42,15,0.041111,openb-pod-0612
synthetic_00226,training,training,1,1,V100M16|V100M32,9.81,40.5859375,3,0.75,0.25,0.25,0.00025,37,46,15,0.611389,openb-pod-5855
synthetic_00227,preprocessing,preprocessing,1,1,,3.152,5.46875,1,0.25,0.25,0.25,0.00025,63,75,15,0.069722,openb-pod-2298
synthetic_00228,fine_tuning,fine_tuning,1,1,P100,3.152,5.46875,1,0.25,0.25,0.25,0.00025,37,50,15,0.018889,openb-pod-1162
synthetic_00229,preprocessing,preprocessing,1,1,,3.152,5.46875,1,0.25,0.07,0.07,7e-05,81,94,15,0.048333,openb-pod-5150
synthetic_00230,fine_tuning,fine_tuning,1,1,T4,8.0,16.0,2,0.5,0.07,0.07,7e-05,75,83,15,0.416944,openb-pod-6592
synthetic_00231,preprocessing,preprocessing,1,1,,8.0,29.8017578125,1,0.25,0.25,0.25,0.00025,76,89,15,0.150556,openb-pod-0408
synthetic_00232,preprocessing,preprocessing,1,1,,18.708,63.0,1,0.25,0.25,0.25,0.00025,0,11,15,0.116389,openb-pod-0719
synthetic_00233,preprocessing,preprocessing,1,1,,3.152,5.46875,1,0.25,0.35,0.35,0.00035,19,28,15,0.076111,openb-pod-8077
synthetic_00234,preprocessing,preprocessing,1,1,,4.0,14.900390625,2,0.5,0.25,0.25,0.00025,68,78,15,0.331111,openb-pod-4047
synthetic_00235,preprocessing,preprocessing,1,1,P100|T4|V100M16|V100M32,11.4,47.0,2,0.5,0.25,0.25,0.00025,53,65,15,0.34,openb-pod-2782
synthetic_00236,preprocessing,preprocessing,1,1,,16.0,32.0,2,0.5,0.25,0.25,0.00025,59,69,15,0.391944,openb-pod-6459
synthetic_00237,preprocessing,preprocessing,1,1,,11.3,48.0,5,1.25,0.07,0.07,7e-05,6,13,15,1.044444,openb-pod-5428
synthetic_00238,preprocessing,preprocessing,1,1,,6.0,12.0,2,0.5,0.07,0.07,7e-05,89,94,15,0.283611,openb-pod-1092
synthetic_00239,fine_tuning,fine_tuning,1,1,G3,11.4,47.0,3,0.75,0.35,0.35,0.00035,69,79,15,0.7225,openb-pod-3629
synthetic_00240,preprocessing,preprocessing,1,1,P100|V100M16|V100M32,4.0,24.0,1,0.25,0.25,0.25,0.00025,20,25,15,0.13,openb-pod-7777
synthetic_00241,preprocessing,preprocessing,1,1,,11.908,46.0,2,0.5,0.07,0.07,7e-05,80,90,15,0.351667,openb-pod-4304
synthetic_00242,preprocessing,preprocessing,1,1,,9.81,40.5859375,1,0.25,0.15,0.15,0.00015,51,62,15,0.020278,openb-pod-3833
synthetic_00243,preprocessing,preprocessing,1,1,,8.0,29.8017578125,1,0.25,0.35,0.35,0.00035,12,20,15,0.093333,openb-pod-4182
synthetic_00244,training,training,1,1,V100M16|V100M32,15.7,57.0,2,0.5,0.25,0.25,0.00025,53,61,15,0.368333,openb-pod-2703
synthetic_00245,preprocessing,preprocessing,1,1,,1.0,2.0,1,0.25,0.15,0.15,0.00015,55,65,15,0.067778,openb-pod-5438
synthetic_00246,fine_tuning,fine_tuning,1,1,G3,9.81,40.5859375,1,0.25,0.35,0.35,0.00035,18,28,15,0.023889,openb-pod-4208
synthetic_00247,fine_tuning,fine_tuning,1,1,G3,3.152,5.46875,1,0.25,0.35,0.35,0.00035,43,49,15,0.075556,openb-pod-1286
synthetic_00248,preprocessing,preprocessing,1,1,,15.7,57.0,6,1.5,0.25,0.25,0.00025,56,67,15,1.313056,openb-pod-0712
synthetic_00249,fine_tuning,fine_tuning,1,1,T4,9.81,40.5859375,1,0.25,0.07,0.07,7e-05,31,42,15,0.102222,openb-pod-6478
synthetic_00250,training,training,1,1,V100M16|V100M32,11.3,48.0,1,0.25,0.25,0.25,0.00025,82,93,15,0.0675,openb-pod-7711
synthetic_00251,preprocessing,preprocessing,1,1,,11.4,47.0,1,0.25,0.15,0.15,0.00015,44,59,15,0.144167,openb-pod-3076
synthetic_00252,preprocessing,preprocessing,1,1,,3.152,5.46875,1,0.25,0.15,0.15,0.00015,40,49,15,0.080556,openb-pod-7120
synthetic_00253,fine_tuning,fine_tuning,1,1,T4,9.81,40.5859375,1,0.25,0.07,0.07,7e-05,68,80,15,0.102222,openb-pod-6478
synthetic_00254,preprocessing,preprocessing,1,1,,9.81,40.5859375,1,0.25,0.25,0.25,0.00025,59,64,15,0.056111,openb-pod-0120
synthetic_00255,preprocessing,preprocessing,1,1,,11.3,48.0,1,0.25,0.07,0.07,7e-05,86,93,15,0.101389,openb-pod-7810
synthetic_00256,preprocessing,preprocessing,1,1,,4.152,10.3515625,1,0.25,0.07,0.07,7e-05,45,53,15,0.014722,openb-pod-2161
synthetic_00257,preprocessing,preprocessing,1,1,,3.152,5.46875,1,0.25,0.25,0.25,0.00025,68,79,15,0.040556,openb-pod-1567
synthetic_00258,preprocessing,preprocessing,1,1,,3.152,5.46875,1,0.25,0.15,0.15,0.00015,80,94,15,0.206944,openb-pod-4241
synthetic_00259,preprocessing,preprocessing,1,1,,3.152,5.46875,1,0.25,0.25,0.25,0.00025,22,37,15,0.026667,openb-pod-7062
synthetic_00260,preprocessing,preprocessing,1,1,,11.908,46.0,1,0.25,0.25,0.25,0.00025,12,20,15,0.245556,openb-pod-3456
synthetic_00261,fine_tuning,fine_tuning,1,1,T4,4.0,22.3515625,6,1.5,0.07,0.07,7e-05,82,90,15,1.251389,openb-pod-7149
synthetic_00262,preprocessing,preprocessing,1,1,,11.4,47.0,4,1.0,0.35,0.35,0.00035,67,81,15,0.996389,openb-pod-2388
synthetic_00263,preprocessing,preprocessing,1,1,,16.0,32.0,8,2.0,0.25,0.25,0.00025,21,36,15,1.893056,openb-pod-0375
synthetic_00264,preprocessing,preprocessing,1,1,,8.0,29.8017578125,2,0.5,0.07,0.07,7e-05,67,76,15,0.326944,openb-pod-6835
synthetic_00265,fine_tuning,fine_tuning,1,1,T4,4.152,10.3515625,1,0.25,0.07,0.07,7e-05,33,43,15,0.008333,openb-pod-1974
synthetic_00266,preprocessing,preprocessing,1,1,,3.152,5.46875,2,0.5,0.25,0.25,0.00025,69,76,15,0.258333,openb-pod-3459
synthetic_00267,preprocessing,preprocessing,1,1,,8.0,16.0,6,1.5,0.25,0.25,0.00025,44,51,15,1.498889,openb-pod-0670
synthetic_00268,preprocessing,preprocessing,1,1,,4.0,14.900390625,5,1.25,0.07,0.07,7e-05,48,55,15,1.047778,openb-pod-0358
synthetic_00269,preprocessing,preprocessing,1,1,,3.152,5.46875,1,0.25,0.35,0.35,0.00035,81,94,15,0.050278,openb-pod-0665
synthetic_00270,preprocessing,preprocessing,1,1,,4.0,22.3515625,12,3.0,0.25,0.25,0.00025,18,29,15,2.841111,openb-pod-1649
synthetic_00271,preprocessing,preprocessing,1,1,,3.152,5.46875,1,0.25,0.25,0.25,0.00025,60,74,15,0.055833,openb-pod-3159
synthetic_00272,preprocessing,preprocessing,1,1,,4.0,22.3515625,11,2.75,0.07,0.07,7e-05,27,37,15,2.565278,openb-pod-4434
synthetic_00273,preprocessing,preprocessing,1,1,,4.0,22.3515625,13,3.25,0.35,0.35,0.00035,41,52,15,3.087778,openb-pod-6868
synthetic_00274,fine_tuning,fine_tuning,1,1,G2,11.4,47.0,2,0.5,0.35,0.35,0.00035,36,46,15,0.377222,openb-pod-2962
synthetic_00275,preprocessing,preprocessing,1,1,,8.0,29.8017578125,1,0.25,0.25,0.25,0.00025,27,34,15,0.153333,openb-pod-6012
synthetic_00276,fine_tuning,fine_tuning,1,1,T4,3.152,5.46875,16,4.0,0.07,0.07,7e-05,25,36,15,3.836389,openb-pod-5293
synthetic_00277,preprocessing,preprocessing,1,1,,3.152,5.46875,1,0.25,0.35,0.35,0.00035,42,51,15,0.009167,openb-pod-0969
synthetic_00278,preprocessing,preprocessing,1,1,,3.152,5.46875,1,0.25,0.25,0.25,0.00025,0,6,15,0.107778,openb-pod-6696
synthetic_00279,fine_tuning,fine_tuning,1,1,T4,11.4,76.0,2,0.5,0.07,0.07,7e-05,49,61,15,0.361111,openb-pod-8022
synthetic_00280,preprocessing,preprocessing,1,1,,11.908,46.0,3,0.75,0.35,0.35,0.00035,27,39,15,0.628333,openb-pod-7095
synthetic_00281,fine_tuning,fine_tuning,1,1,T4,11.908,46.0,1,0.25,0.07,0.07,7e-05,0,3,15,0.012222,openb-pod-3387
synthetic_00282,preprocessing,preprocessing,1,1,,11.3,48.0,2,0.5,0.15,0.15,0.00015,11,24,15,0.276389,openb-pod-6210
synthetic_00283,fine_tuning,fine_tuning,1,1,P100,3.152,5.46875,2,0.5,0.25,0.25,0.00025,34,47,15,0.258333,openb-pod-3417
synthetic_00284,preprocessing,preprocessing,1,1,,3.152,5.46875,1,0.25,0.25,0.25,0.00025,37,47,15,0.063611,openb-pod-1915
synthetic_00285,fine_tuning,fine_tuning,1,1,T4,11.3,48.0,1,0.25,0.07,0.07,7e-05,92,95,15,0.017778,openb-pod-7665
synthetic_00286,preprocessing,preprocessing,1,1,,3.152,5.46875,1,0.25,0.35,0.35,0.00035,63,75,15,0.04,openb-pod-7333
synthetic_00287,preprocessing,preprocessing,1,1,,3.152,5.46875,1,0.25,0.25,0.25,0.00025,23,35,15,0.181389,openb-pod-0718
synthetic_00288,preprocessing,preprocessing,1,1,,8.0,16.0,2,0.5,0.35,0.35,0.00035,56,69,15,0.329167,openb-pod-4598
synthetic_00289,fine_tuning,fine_tuning,1,1,T4,3.152,5.46875,1,0.25,0.07,0.07,7e-05,37,50,15,0.048889,openb-pod-1848
synthetic_00290,preprocessing,preprocessing,1,1,,3.152,5.46875,2,0.5,0.15,0.15,0.00015,5,18,15,0.260556,openb-pod-4286
synthetic_00291,fine_tuning,fine_tuning,1,1,T4,11.4,47.0,7,1.75,0.07,0.07,7e-05,31,40,15,1.743056,openb-pod-0629
synthetic_00292,preprocessing,preprocessing,1,1,,11.4,47.0,5,1.25,0.25,0.25,0.00025,24,37,15,1.094722,openb-pod-4265
synthetic_00293,preprocessing,preprocessing,1,1,,11.3,48.0,1,0.25,0.35,0.35,0.00035,64,77,15,0.017778,openb-pod-7713
synthetic_00294,fine_tuning,fine_tuning,1,1,T4,11.3,48.0,1,0.25,0.07,0.07,7e-05,8,16,15,0.036389,openb-pod-5609
synthetic_00295,preprocessing,preprocessing,1,1,,14.2,57.0,1,0.25,0.25,0.25,0.00025,62,72,15,0.176389,openb-pod-5232
synthetic_00296,preprocessing,preprocessing,1,1,,8.0,29.8017578125,1,0.25,0.35,0.35,0.00035,0,7,15,0.066944,openb-pod-4311
synthetic_00297,preprocessing,preprocessing,1,1,,3.152,5.46875,1,0.25,0.25,0.25,0.00025,0,9,15,0.056944,openb-pod-0991
synthetic_00298,fine_tuning,fine_tuning,1,1,T4,11.3,48.0,1,0.25,0.07,0.07,7e-05,78,93,15,0.226667,openb-pod-4706
synthetic_00299,preprocessing,preprocessing,1,1,,3.152,5.46875,1,0.25,0.15,0.15,0.00015,72,80,15,0.066667,openb-pod-2318
synthetic_00300,preprocessing,preprocessing,1,1,,3.152,5.46875,2,0.5,0.25,0.25,0.00025,72,83,15,0.260556,openb-pod-4286
synthetic_00301,fine_tuning,fine_tuning,1,1,T4,8.0,16.0,4,1.0,0.07,0.07,7e-05,84,92,15,0.758056,openb-pod-5925
synthetic_00302,preprocessing,preprocessing,1,1,,16.4,123.0,1,0.25,0.07,0.07,7e-05,15,29,15,0.080833,openb-pod-7291
synthetic_00303,fine_tuning,fine_tuning,1,1,T4,11.3,48.0,1,0.25,0.07,0.07,7e-05,52,63,15,0.152222,openb-pod-5621
synthetic_00304,fine_tuning,fine_tuning,1,1,T4,11.4,47.0,2,0.5,0.07,0.07,7e-05,76,84,15,0.355278,openb-pod-2042
synthetic_00305,preprocessing,preprocessing,1,1,,11.4,47.0,1,0.25,0.15,0.15,0.00015,40,55,15,0.247222,openb-pod-3206
synthetic_00306,preprocessing,preprocessing,1,1,,11.908,46.0,1,0.25,0.25,0.25,0.00025,37,45,15,0.015,openb-pod-1208
synthetic_00307,preprocessing,preprocessing,1,1,,11.4,47.0,1,0.25,0.25,0.25,0.00025,0,7,15,0.207222,openb-pod-1391
synthetic_00308,fine_tuning,fine_tuning,1,1,T4,1.0,2.0,1,0.25,0.07,0.07,7e-05,10,18,15,0.086944,openb-pod-2471
synthetic_00309,fine_tuning,fine_tuning,1,1,P100,6.0,12.0,1,0.25,0.25,0.25,0.00025,26,38,15,0.149722,openb-pod-6003
synthetic_00310,preprocessing,preprocessing,1,1,,8.0,29.8017578125,1,0.25,0.15,0.15,0.00015,23,32,15,0.039722,openb-pod-6007
synthetic_00311,fine_tuning,fine_tuning,1,1,T4,11.4,47.0,2,0.5,0.07,0.07,7e-05,19,27,15,0.411944,openb-pod-3463
synthetic_00312,preprocessing,preprocessing,1,1,,11.3,48.0,1,0.25,0.35,0.35,0.00035,40,51,15,0.068056,openb-pod-7704
synthetic_00313,preprocessing,preprocessing,1,1,,11.908,46.0,4,1.0,0.35,0.35,0.00035,6,14,15,0.932222,openb-pod-4090
synthetic_00314,preprocessing,preprocessing,1,1,,4.152,10.3515625,1,0.25,0.35,0.35,0.00035,13,25,15,0.019722,openb-pod-2237
synthetic_00315,preprocessing,preprocessing,1,1,,11.4,76.0,2,0.5,0.25,0.25,0.00025,91,94,15,0.2525,openb-pod-6669
synthetic_00316,preprocessing,preprocessing,1,1,,11.3,48.0,2,0.5,0.15,0.15,0.00015,76,88,15,0.379167,openb-pod-5914
synthetic_00317,preprocessing,preprocessing,1,1,,4.0,22.3515625,2,0.5,0.35,0.35,0.00035,26,40,15,0.370556,openb-pod-6582
synthetic_00318,preprocessing,preprocessing,1,1,,3.152,5.46875,1,0.25,0.25,0.25,0.00025,16,28,15,0.056111,openb-pod-3305
synthetic_00319,preprocessing,preprocessing,1,1,,3.152,5.46875,2,0.5,0.07,0.07,7e-05,56,60,15,0.261389,openb-pod-4267
synthetic_00320,preprocessing,preprocessing,1,1,,11.3,48.0,1,0.25,0.15,0.15,0.00015,0,4,15,0.124722,openb-pod-7721
synthetic_00321,preprocessing,preprocessing,1,1,,11.3,48.0,1,0.25,0.25,0.25,0.00025,63,71,15,0.089444,openb-pod-4866
synthetic_00322,preprocessing,preprocessing,1,1,,9.81,40.5859375,2,0.5,0.25,0.25,0.00025,11,21,15,0.432778,openb-pod-0524
synthetic_00323,preprocessing,preprocessing,1,1,,4.0,22.3515625,1,0.25,0.35,0.35,0.00035,76,86,15,0.170556,openb-pod-7979
synthetic_00324,preprocessing,preprocessing,1,1,,8.0,29.8017578125,3,0.75,0.25,0.25,0.00025,54,62,15,0.548333,openb-pod-2336
synthetic_00325,preprocessing,preprocessing,1,1,,11.4,47.0,1,0.25,0.07,0.07,7e-05,10,20,15,0.185278,openb-pod-3176
synthetic_00326,preprocessing,preprocessing,1,1,,14.2,57.0,1,0.25,0.35,0.35,0.00035,54,60,15,0.218611,openb-pod-5296
synthetic_00327,preprocessing,preprocessing,1,1,,3.152,5.46875,1,0.25,0.35,0.35,0.00035,77,92,15,0.1,openb-pod-5434
synthetic_00328,fine_tuning,fine_tuning,1,1,G3,3.152,5.46875,1,0.25,0.35,0.35,0.00035,8,19,15,0.058611,openb-pod-1311
synthetic_00329,preprocessing,preprocessing,1,1,,11.908,46.0,1,0.25,0.35,0.35,0.00035,60,70,15,0.015278,openb-pod-7060
synthetic_00330,fine_tuning,fine_tuning,1,1,G2,11.3,48.0,3,0.75,0.35,0.35,0.00035,44,60,15,0.57,openb-pod-5157
synthetic_00331,fine_tuning,fine_tuning,1,1,T4,11.3,48.0,1,0.25,0.07,0.07,7e-05,19,27,15,0.165833,openb-pod-7605
synthetic_00332,preprocessing,preprocessing,1,1,,8.2,33.0,2,0.5,0.35,0.35,0.00035,11,24,15,0.3525,openb-pod-5020
synthetic_00333,fine_tuning,fine_tuning,1,1,T4,11.4,47.0,7,1.75,0.07,0.07,7e-05,17,32,15,1.522778,openb-pod-4169
synthetic_00334,preprocessing,preprocessing,1,1,,3.152,5.46875,1,0.25,0.25,0.25,0.00025,65,75,15,0.087222,openb-pod-3964
synthetic_00335,preprocessing,preprocessing,1,1,,3.152,5.46875,1,0.25,0.35,0.35,0.00035,5,13,15,0.078889,openb-pod-3385
synthetic_00336,preprocessing,preprocessing,1,1,,3.152,5.46875,1,0.25,0.35,0.35,0.00035,68,75,15,0.048056,openb-pod-1165
synthetic_00337,preprocessing,preprocessing,1,1,,4.0,22.3515625,2,0.5,0.15,0.15,0.00015,48,56,15,0.265833,openb-pod-2528
synthetic_00338,preprocessing,preprocessing,1,1,,11.3,48.0,13,3.25,0.35,0.35,0.00035,30,46,15,3.041389,openb-pod-6322
synthetic_00339,preprocessing,preprocessing,1,1,,11.908,46.0,1,0.25,0.25,0.25,0.00025,54,62,15,0.157222,openb-pod-7079
synthetic_00340,preprocessing,preprocessing,1,1,,1.0,6.0,4,1.0,0.25,0.25,0.00025,77,87,15,0.767778,openb-pod-6384
synthetic_00341,fine_tuning,fine_tuning,1,1,T4,11.4,47.0,1,0.25,0.07,0.07,7e-05,43,49,15,0.022222,openb-pod-4581
synthetic_00342,fine_tuning,fine_tuning,1,1,P100,11.908,46.0,1,0.25,0.25,0.25,0.00025,72,83,15,0.020278,openb-pod-7194
synthetic_00343,preprocessing,preprocessing,1,1,,11.3,48.0,3,0.75,0.07,0.07,7e-05,6,12,15,0.656667,openb-pod-6472
synthetic_00344,preprocessing,preprocessing,1,1,,3.152,5.46875,2,0.5,0.25,0.25,0.00025,73,87,15,0.26,openb-pod-3223
synthetic_00345,preprocessing,preprocessing,1,1,,11.908,46.0,1,0.25,0.07,0.07,7e-05,8,23,15,0.011944,openb-pod-3470
synthetic_00346,fine_tuning,fine_tuning,1,1,T4,11.4,47.0,4,1.0,0.07,0.07,7e-05,0,7,15,0.782778,openb-pod-5840
synthetic_00347,preprocessing,preprocessing,1,1,,14.2,57.0,11,2.75,0.25,0.25,0.00025,1,14,15,2.660833,openb-pod-6071
synthetic_00348,preprocessing,preprocessing,1,1,,6.0,6.0,2,0.5,0.35,0.35,0.00035,53,60,15,0.475,openb-pod-2516
synthetic_00349,fine_tuning,fine_tuning,1,1,T4,3.152,5.46875,1,0.25,0.07,0.07,7e-05,24,29,15,0.083611,openb-pod-5139
synthetic_00350,fine_tuning,fine_tuning,1,1,T4,11.4,47.0,2,0.5,0.07,0.07,7e-05,2,11,15,0.283889,openb-pod-2428
synthetic_00351,preprocessing,preprocessing,1,1,,8.2,33.0,1,0.25,0.35,0.35,0.00035,32,47,15,0.093333,openb-pod-5614
synthetic_00352,fine_tuning,fine_tuning,1,1,T4,8.0,29.8017578125,1,0.25,0.07,0.07,7e-05,60,70,15,0.169444,openb-pod-3637
synthetic_00353,fine_tuning,fine_tuning,1,1,P100,3.152,5.46875,2,0.5,0.25,0.25,0.00025,78,85,15,0.376389,openb-pod-4041
synthetic_00354,fine_tuning,fine_tuning,1,1,T4,3.152,5.46875,1,0.25,0.07,0.07,7e-05,45,56,15,0.042222,openb-pod-1676
synthetic_00355,fine_tuning,fine_tuning,1,1,T4,3.152,5.46875,1,0.25,0.07,0.07,7e-05,80,88,15,0.0275,openb-pod-1622
synthetic_00356,preprocessing,preprocessing,1,1,,11.3,48.0,1,0.25,0.35,0.35,0.00035,91,95,15,0.0575,openb-pod-6001
synthetic_00357,preprocessing,preprocessing,1,1,,3.152,5.46875,11,2.75,0.35,0.35,0.00035,6,12,15,2.708333,openb-pod-5311
synthetic_00358,preprocessing,preprocessing,1,1,,12.0,16.0,1,0.25,0.07,0.07,7e-05,23,37,15,0.15,openb-pod-2888
synthetic_00359,preprocessing,preprocessing,1,1,,3.152,5.46875,1,0.25,0.35,0.35,0.00035,19,30,15,0.039167,openb-pod-4059
synthetic_00360,preprocessing,preprocessing,1,1,,3.152,5.46875,2,0.5,0.25,0.25,0.00025,75,81,15,0.271944,openb-pod-5291
synthetic_00361,preprocessing,preprocessing,1,1,P100|T4|V100M16|V100M32,11.9,76.0,5,1.25,0.07,0.07,7e-05,0,8,15,1.130833,openb-pod-2529
synthetic_00362,preprocessing,preprocessing,1,1,,3.152,5.46875,1,0.25,0.07,0.07,7e-05,58,70,15,0.073889,openb-pod-1063
synthetic_00363,preprocessing,preprocessing,1,1,,11.3,48.0,3,0.75,0.25,0.25,0.00025,11,23,15,0.64,openb-pod-4839
synthetic_00364,fine_tuning,fine_tuning,1,1,G2,4.0,24.0,1,0.25,0.35,0.35,0.00035,58,72,15,0.212778,openb-pod-4119
synthetic_00365,fine_tuning,fine_tuning,1,1,T4,3.152,5.46875,1,0.25,0.07,0.07,7e-05,17,24,15,0.041111,openb-pod-0068
synthetic_00366,preprocessing,preprocessing,1,1,,16.0,64.0,8,2.0,0.25,0.25,0.00025,0,8,15,1.903333,openb-pod-2709
synthetic_00367,fine_tuning,fine_tuning,1,1,G2,11.3,48.0,1,0.25,0.35,0.35,0.00035,69,81,15,0.243333,openb-pod-5830
synthetic_00368,preprocessing,preprocessing,1,1,,11.908,46.0,1,0.25,0.15,0.15,0.00015,64,79,15,0.008889,openb-pod-3603
synthetic_00369,fine_tuning,fine_tuning,1,1,T4,11.3,48.0,1,0.25,0.07,0.07,7e-05,37,47,15,0.034722,openb-pod-7940
synthetic_00370,preprocessing,preprocessing,1,1,,4.0,29.8017578125,2,0.5,0.25,0.25,0.00025,62,73,15,0.357778,openb-pod-6278
synthetic_00371,fine_tuning,fine_tuning,1,1,T4,4.0,24.0,5,1.25,0.07,0.07,7e-05,3,13,15,1.167222,openb-pod-1982
synthetic_00372,fine_tuning,fine_tuning,1,1,G3,4.0,24.0,5,1.25,0.35,0.35,0.00035,54,65,15,1.091389,openb-pod-5256
synthetic_00373,fine_tuning,fine_tuning,1,1,T4,11.3,48.0,1,0.25,0.07,0.07,7e-05,39,54,15,0.075,openb-pod-7600
synthetic_00374,preprocessing,preprocessing,1,1,,11.4,47.0,1,0.25,0.25,0.25,0.00025,63,76,15,0.2,openb-pod-0725
synthetic_00375,preprocessing,preprocessing,1,1,,11.908,46.0,1,0.25,0.15,0.15,0.00015,20,32,15,0.014167,openb-pod-3365
synthetic_00376,preprocessing,preprocessing,1,1,,8.0,29.8017578125,1,0.25,0.15,0.15,0.00015,83,95,15,0.015556,openb-pod-0265
synthetic_00377,preprocessing,preprocessing,1,1,,11.3,48.0,1,0.25,0.25,0.25,0.00025,75,85,15,0.124722,openb-pod-6741
synthetic_00378,preprocessing,preprocessing,1,1,,24.2,91.0,1,0.25,0.25,0.25,0.00025,24,33,15,0.032222,openb-pod-0983
synthetic_00379,preprocessing,preprocessing,1,1,,3.152,5.46875,1,0.25,0.35,0.35,0.00035,53,62,15,0.053056,openb-pod-0842
synthetic_00380,preprocessing,preprocessing,1,1,,11.908,46.0,1,0.25,0.25,0.25,0.00025,84,93,15,0.028333,openb-pod-1489
synthetic_00381,preprocessing,preprocessing,1,1,,11.4,47.0,4,1.0,0.25,0.25,0.00025,54,60,15,0.9825,openb-pod-2893
synthetic_00382,preprocessing,preprocessing,1,1,,8.0,29.8017578125,7,1.75,0.07,0.07,7e-05,0,9,15,1.525556,openb-pod-4507
synthetic_00383,preprocessing,preprocessing,1,1,,4.0,24.0,2,0.5,0.35,0.35,0.00035,29,40,15,0.313611,openb-pod-6652
synthetic_00384,fine_tuning,fine_tuning,1,1,T4,12.0,16.0,2,0.5,0.07,0.07,7e-05,49,59,15,0.266667,openb-pod-5971
synthetic_00385,preprocessing,preprocessing,1,1,,3.152,5.46875,1,0.25,0.25,0.25,0.00025,39,49,15,0.071111,openb-pod-3114
synthetic_00386,preprocessing,preprocessing,1,1,,3.152,5.46875,1,0.25,0.35,0.35,0.00035,67,75,15,0.057778,openb-pod-3490
synthetic_00387,preprocessing,preprocessing,1,1,,3.152,5.46875,1,0.25,0.07,0.07,7e-05,0,6,15,0.019167,openb-pod-1584
synthetic_00388,fine_tuning,fine_tuning,1,1,T4,3.152,5.46875,1,0.25,0.07,0.07,7e-05,58,68,15,0.081667,openb-pod-7327
synthetic_00389,preprocessing,preprocessing,1,1,,11.908,46.0,1,0.25,0.35,0.35,0.00035,83,94,15,0.028333,openb-pod-5061
synthetic_00390,preprocessing,preprocessing,1,1,,3.152,5.46875,1,0.25,0.25,0.25,0.00025,57,68,15,0.055,openb-pod-1378
synthetic_00391,preprocessing,preprocessing,1,1,,3.152,5.46875,1,0.25,0.07,0.07,7e-05,49,57,15,0.014722,openb-pod-3817
synthetic_00392,preprocessing,preprocessing,1,1,,11.4,47.0,1,0.25,0.15,0.15,0.00015,89,94,15,0.105833,openb-pod-3422
synthetic_00393,preprocessing,preprocessing,1,1,,8.0,29.8017578125,1,0.25,0.07,0.07,7e-05,69,79,15,0.014167,openb-pod-4855
synthetic_00394,fine_tuning,fine_tuning,1,1,T4,11.4,76.0,1,0.25,0.07,0.07,7e-05,60,72,15,0.013611,openb-pod-7528
synthetic_00395,preprocessing,preprocessing,1,1,,3.152,5.46875,1,0.25,0.35,0.35,0.00035,49,60,15,0.039444,openb-pod-1149
synthetic_00396,fine_tuning,fine_tuning,1,1,G2,11.4,47.0,2,0.5,0.35,0.35,0.00035,39,46,15,0.359722,openb-pod-4150
synthetic_00397,preprocessing,preprocessing,1,1,,4.0,30.517578125,2,0.5,0.35,0.35,0.00035,78,83,15,0.265833,openb-pod-0159
synthetic_00398,preprocessing,preprocessing,1,1,,3.152,5.46875,1,0.25,0.25,0.25,0.00025,4,16,15,0.063333,openb-pod-3311
synthetic_00399,fine_tuning,fine_tuning,1,1,T4,8.0,29.8017578125,1,0.25,0.07,0.07,7e-05,0,10,15,0.0175,openb-pod-1001
synthetic_00400,fine_tuning,fine_tuning,1,1,P100,11.908,46.0,1,0.25,0.25,0.25,0.00025,22,30,15,0.012222,openb-pod-5063
synthetic_00401,preprocessing,preprocessing,1,1,,8.0,29.8017578125,1,0.25,0.07,0.07,7e-05,84,94,15,0.075833,openb-pod-3509
synthetic_00402,preprocessing,preprocessing,1,1,,11.4,47.0,2,0.5,0.35,0.35,0.00035,8,18,15,0.316389,openb-pod-3565
synthetic_00403,preprocessing,preprocessing,1,1,,11.3,48.0,1,0.25,0.25,0.25,0.00025,24,33,15,0.105278,openb-pod-6207
synthetic_00404,fine_tuning,fine_tuning,1,1,P100,3.152,5.46875,1,0.25,0.25,0.25,0.00025,33,41,15,0.105,openb-pod-8059
synthetic_00405,preprocessing,preprocessing,1,1,P100|V100M16|V100M32,11.4,47.0,1,0.25,0.25,0.25,0.00025,3,13,15,0.078333,openb-pod-0644
synthetic_00406,fine_tuning,fine_tuning,1,1,P100,3.152,5.46875,1,0.25,0.25,0.25,0.00025,37,50,15,0.024722,openb-pod-7971
synthetic_00407,preprocessing,preprocessing,1,1,,4.152,10.3515625,2,0.5,0.35,0.35,0.00035,40,52,15,0.271111,openb-pod-1069
synthetic_00408,preprocessing,preprocessing,1,1,,9.81,40.5859375,6,1.5,0.25,0.25,0.00025,62,77,15,1.4475,openb-pod-6551
synthetic_00409,preprocessing,preprocessing,1,1,,18.708,63.0,1,0.25,0.35,0.35,0.00035,79,89,15,0.009167,openb-pod-3689
synthetic_00410,preprocessing,preprocessing,1,1,,11.908,46.0,1,0.25,0.25,0.25,0.00025,32,45,15,0.036389,openb-pod-7435
synthetic_00411,preprocessing,preprocessing,1,1,,3.152,5.46875,1,0.25,0.35,0.35,0.00035,0,12,15,0.045556,openb-pod-0894
synthetic_00412,fine_tuning,fine_tuning,1,1,P100,4.0,22.3515625,1,0.25,0.25,0.25,0.00025,0,6,15,0.142778,openb-pod-6123
synthetic_00413,preprocessing,preprocessing,1,1,,3.152,5.46875,1,0.25,0.35,0.35,0.00035,66,75,15,0.061667,openb-pod-0580
synthetic_00414,preprocessing,preprocessing,1,1,,11.3,48.0,2,0.5,0.35,0.35,0.00035,87,94,15,0.475833,openb-pod-6984
synthetic_00415,preprocessing,preprocessing,1,1,,3.152,5.46875,1,0.25,0.25,0.25,0.00025,75,89,15,0.055833,openb-pod-2352
synthetic_00416,preprocessing,preprocessing,1,1,,3.152,5.46875,1,0.25,0.35,0.35,0.00035,14,24,15,0.067778,openb-pod-3132
synthetic_00417,fine_tuning,fine_tuning,1,1,G2,4.0,24.0,5,1.25,0.35,0.35,0.00035,41,48,15,1.114444,openb-pod-2890
synthetic_00418,preprocessing,preprocessing,1,1,,9.81,40.5859375,13,3.25,0.25,0.25,0.00025,77,83,15,3.2275,openb-pod-6538
synthetic_00419,preprocessing,preprocessing,1,1,,3.152,5.46875,14,3.5,0.35,0.35,0.00035,40,49,15,3.462778,openb-pod-4903
synthetic_00420,fine_tuning,fine_tuning,1,1,T4,4.0,22.3515625,14,3.5,0.07,0.07,7e-05,37,46,15,3.390556,openb-pod-5950
synthetic_00421,preprocessing,preprocessing,1,1,,3.152,5.46875,1,0.25,0.35,0.35,0.00035,13,26,15,0.062222,openb-pod-2390
synthetic_00422,fine_tuning,fine_tuning,1,1,T4,11.3,48.0,1,0.25,0.07,0.07,7e-05,40,47,15,0.067222,openb-pod-7909
synthetic_00423,preprocessing,preprocessing,1,1,,3.152,5.46875,1,0.25,0.25,0.25,0.00025,75,82,15,0.176111,openb-pod-5378
synthetic_00424,fine_tuning,fine_tuning,1,1,G3,4.0,24.0,5,1.25,0.35,0.35,0.00035,15,22,15,1.110833,openb-pod-4762
synthetic_00425,preprocessing,preprocessing,1,1,,11.908,46.0,2,0.5,0.35,0.35,0.00035,23,35,15,0.314167,openb-pod-8052
synthetic_00426,preprocessing,preprocessing,1,1,,12.0,16.0,1,0.25,0.15,0.15,0.00015,5,11,15,0.183333,openb-pod-2956
synthetic_00427,preprocessing,preprocessing,1,1,,18.708,63.0,1,0.25,0.25,0.25,0.00025,81,89,15,0.016667,openb-pod-4378
synthetic_00428,preprocessing,preprocessing,1,1,,9.81,40.5859375,3,0.75,0.35,0.35,0.00035,59,66,15,0.586389,openb-pod-1971
synthetic_00429,preprocessing,preprocessing,1,1,,16.4,123.0,4,1.0,0.07,0.07,7e-05,83,92,15,0.941944,openb-pod-6361
synthetic_00430,preprocessing,preprocessing,1,1,,3.152,5.46875,1,0.25,0.07,0.07,7e-05,0,8,15,0.088889,openb-pod-0339
synthetic_00431,fine_tuning,fine_tuning,1,1,G2,11.4,47.0,3,0.75,0.35,0.35,0.00035,41,50,15,0.640833,openb-pod-2351
synthetic_00432,fine_tuning,fine_tuning,1,1,T4,3.152,5.46875,1,0.25,0.07,0.07,7e-05,20,26,15,0.058611,openb-pod-1747
synthetic_00433,preprocessing,preprocessing,1,1,,11.4,47.0,3,0.75,0.25,0.25,0.00025,8,19,15,0.680556,openb-pod-3745
synthetic_00434,preprocessing,preprocessing,1,1,,14.2,57.0,9,2.25,0.25,0.25,0.00025,11,22,15,2.225,openb-pod-5784
synthetic_00435,preprocessing,preprocessing,1,1,,8.0,29.8017578125,1,0.25,0.35,0.35,0.00035,84,95,15,0.069167,openb-pod-3800
synthetic_00436,preprocessing,preprocessing,1,1,,11.4,47.0,5,1.25,0.25,0.25,0.00025,14,20,15,1.129722,openb-pod-4262
synthetic_00437,preprocessing,preprocessing,1,1,,11.3,48.0,1,0.25,0.07,0.07,7e-05,0,11,15,0.1,openb-pod-4899
synthetic_00438,preprocessing,preprocessing,1,1,,16.4,83.0,1,0.25,0.25,0.25,0.00025,84,95,15,0.011944,openb-pod-4636
synthetic_00439,preprocessing,preprocessing,1,1,,11.908,46.0,1,0.25,0.35,0.35,0.00035,42,52,15,0.2125,openb-pod-7174
synthetic_00440,preprocessing,preprocessing,1,1,,24.2,91.0,2,0.5,0.25,0.25,0.00025,47,59,15,0.253611,openb-pod-5500
synthetic_00441,preprocessing,preprocessing,1,1,,8.2,33.0,10,2.5,0.35,0.35,0.00035,55,59,15,2.312222,openb-pod-6847
synthetic_00442,preprocessing,preprocessing,1,1,,3.152,5.46875,3,0.75,0.35,0.35,0.00035,44,58,15,0.738333,openb-pod-5575
synthetic_00443,fine_tuning,fine_tuning,1,1,T4,11.3,48.0,1,0.25,0.07,0.07,7e-05,56,69,15,0.025278,openb-pod-5352
synthetic_00444,preprocessing,preprocessing,1,1,,8.0,29.8017578125,1,0.25,0.15,0.15,0.00015,36,50,15,0.02,openb-pod-1186
synthetic_00445,fine_tuning,fine_tuning,1,1,G2,9.81,40.5859375,1,0.25,0.35,0.35,0.00035,43,55,15,0.163611,openb-pod-6398
synthetic_00446,preprocessing,preprocessing,1,1,,12.0,15.0,9,2.25,0.25,0.25,0.00025,49,60,15,2.247222,openb-pod-4729
synthetic_00447,preprocessing,preprocessing,1,1,,3.152,5.46875,1,0.25,0.07,0.07,7e-05,31,40,15,0.201944,openb-pod-5414
synthetic_00448,preprocessing,preprocessing,1,1,,9.81,40.5859375,5,1.25,0.25,0.25,0.00025,0,9,15,1.044444,openb-pod-1134
synthetic_00449,preprocessing,preprocessing,1,1,,3.152,5.46875,1,0.25,0.25,0.25,0.00025,63,68,15,0.02,openb-pod-1615
synthetic_00450,fine_tuning,fine_tuning,1,1,G2,11.4,47.0,1,0.25,0.35,0.35,0.00035,0,14,15,0.154722,openb-pod-3336
synthetic_00451,preprocessing,preprocessing,1,1,P100|V100M16|V100M32,3.152,5.46875,1,0.25,0.25,0.25,0.00025,45,52,15,0.028333,openb-pod-0312
synthetic_00452,preprocessing,preprocessing,1,1,,11.4,76.0,5,1.25,0.07,0.07,7e-05,27,37,15,1.037222,openb-pod-6597
synthetic_00453,preprocessing,preprocessing,1,1,,11.4,47.0,1,0.25,0.25,0.25,0.00025,47,60,15,0.088056,openb-pod-3529
synthetic_00454,fine_tuning,fine_tuning,1,1,G2,8.2,33.0,5,1.25,0.35,0.35,0.00035,81,91,15,1.206111,openb-pod-5300
synthetic_00455,preprocessing,preprocessing,1,1,,15.7,57.0,1,0.25,0.35,0.35,0.00035,52,65,15,0.0125,openb-pod-2825
synthetic_00456,preprocessing,preprocessing,1,1,,8.0,29.8017578125,1,0.25,0.25,0.25,0.00025,70,83,15,0.021389,openb-pod-6555
synthetic_00457,preprocessing,preprocessing,1,1,,15.2,79.0,3,0.75,0.35,0.35,0.00035,50,59,15,0.682778,openb-pod-4158
synthetic_00458,preprocessing,preprocessing,1,1,,11.908,46.0,3,0.75,0.35,0.35,0.00035,69,81,15,0.528889,openb-pod-5386
synthetic_00459,preprocessing,preprocessing,1,1,,3.152,5.46875,1,0.25,0.25,0.25,0.00025,53,64,15,0.059167,openb-pod-3238
synthetic_00460,preprocessing,preprocessing,1,1,,14.2,57.0,3,0.75,0.35,0.35,0.00035,45,57,15,0.635278,openb-pod-4853
synthetic_00461,preprocessing,preprocessing,1,1,,4.0,14.900390625,1,0.25,0.25,0.25,0.00025,30,41,15,0.015,openb-pod-4792
synthetic_00462,preprocessing,preprocessing,1,1,,12.0,32.0,3,0.75,0.25,0.25,0.00025,0,7,15,0.516667,openb-pod-4079
synthetic_00463,preprocessing,preprocessing,1,1,,11.908,46.0,1,0.25,0.25,0.25,0.00025,1,17,15,0.0325,openb-pod-3651
synthetic_00464,preprocessing,preprocessing,1,1,,3.152,5.46875,1,0.25,0.25,0.25,0.00025,53,66,15,0.055,openb-pod-0754
synthetic_00465,fine_tuning,fine_tuning,1,1,T4,15.7,57.0,1,0.25,0.07,0.07,7e-05,57,67,15,0.018611,openb-pod-2729
synthetic_00466,preprocessing,preprocessing,1,1,,11.908,46.0,3,0.75,0.25,0.25,0.00025,56,67,15,0.590833,openb-pod-3432
synthetic_00467,fine_tuning,fine_tuning,1,1,T4,8.0,29.8017578125,15,3.75,0.07,0.07,7e-05,50,57,15,3.667778,openb-pod-4084
synthetic_00468,preprocessing,preprocessing,1,1,,11.908,46.0,2,0.5,0.25,0.25,0.00025,65,72,15,0.401944,openb-pod-3381
synthetic_00469,fine_tuning,fine_tuning,1,1,T4,11.908,46.0,1,0.25,0.07,0.07,7e-05,44,49,15,0.025833,openb-pod-5469
synthetic_00470,preprocessing,preprocessing,1,1,,11.3,48.0,1,0.25,0.25,0.25,0.00025,8,20,15,0.118056,openb-pod-6642
synthetic_00471,preprocessing,preprocessing,1,1,,12.0,24.0,1,0.25,0.15,0.15,0.00015,66,75,15,0.006944,openb-pod-5169
synthetic_00472,fine_tuning,fine_tuning,1,1,T4,3.152,5.46875,1,0.25,0.07,0.07,7e-05,88,95,15,0.055556,openb-pod-3353
synthetic_00473,preprocessing,preprocessing,1,1,,4.0,14.900390625,3,0.75,0.07,0.07,7e-05,12,24,15,0.604167,openb-pod-0178
synthetic_00474,preprocessing,preprocessing,1,1,,12.0,24.0,5,1.25,0.35,0.35,0.00035,42,57,15,1.016667,openb-pod-7076
synthetic_00475,fine_tuning,fine_tuning,1,1,T4,4.0,22.3515625,2,0.5,0.07,0.07,7e-05,19,32,15,0.435833,openb-pod-7928
synthetic_00476,preprocessing,preprocessing,1,1,,3.152,5.46875,1,0.25,0.25,0.25,0.00025,54,64,15,0.055556,openb-pod-0036
synthetic_00477,preprocessing,preprocessing,1,1,,18.708,63.0,1,0.25,0.15,0.15,0.00015,38,43,15,0.205,openb-pod-6957
synthetic_00478,preprocessing,preprocessing,1,1,,3.152,5.46875,1,0.25,0.25,0.25,0.00025,71,82,15,0.047222,openb-pod-3366
synthetic_00479,preprocessing,preprocessing,1,1,,9.81,40.5859375,1,0.25,0.35,0.35,0.00035,78,84,15,0.241944,openb-pod-5735
synthetic_00480,fine_tuning,fine_tuning,1,1,T4,9.81,40.5859375,3,0.75,0.07,0.07,7e-05,50,60,15,0.616389,openb-pod-4359
synthetic_00481,preprocessing,preprocessing,1,1,,11.4,47.0,8,2.0,0.15,0.15,0.00015,28,37,15,1.776111,openb-pod-4209
synthetic_00482,fine_tuning,fine_tuning,1,1,T4,11.3,48.0,1,0.25,0.07,0.07,7e-05,13,21,15,0.056944,openb-pod-7629
synthetic_00483,fine_tuning,fine_tuning,1,1,T4,4.152,10.3515625,1,0.25,0.07,0.07,7e-05,29,34,15,0.220278,openb-pod-2379
synthetic_00484,preprocessing,preprocessing,1,1,,3.152,5.46875,1,0.25,0.35,0.35,0.00035,56,62,15,0.133889,openb-pod-4810
synthetic_00485,preprocessing,preprocessing,1,1,,11.908,46.0,2,0.5,0.07,0.07,7e-05,54,60,15,0.314167,openb-pod-8052
synthetic_00486,preprocessing,preprocessing,1,1,,9.81,40.5859375,1,0.25,0.25,0.25,0.00025,6,12,15,0.045833,openb-pod-6479
synthetic_00487,preprocessing,preprocessing,1,1,,11.4,47.0,2,0.5,0.35,0.35,0.00035,35,47,15,0.376944,openb-pod-4142
synthetic_00488,preprocessing,preprocessing,1,1,P100|T4|V100M16|V100M32,11.4,47.0,2,0.5,0.25,0.25,0.00025,65,78,15,0.34,openb-pod-2782
synthetic_00489,training,training,1,1,V100M16|V100M32,15.7,57.0,3,0.75,0.25,0.25,0.00025,0,4,15,0.633333,openb-pod-1310
synthetic_00490,preprocessing,preprocessing,1,1,,11.4,47.0,1,0.25,0.25,0.25,0.00025,55,67,15,0.229167,openb-pod-3396
synthetic_00491,preprocessing,preprocessing,1,1,,11.3,48.0,1,0.25,0.15,0.15,0.00015,58,70,15,0.033611,openb-pod-7886
synthetic_00492,preprocessing,preprocessing,1,1,,14.2,57.0,1,0.25,0.07,0.07,7e-05,7,14,15,0.009444,openb-pod-5248
synthetic_00493,fine_tuning,fine_tuning,1,1,G2,11.908,46.0,2,0.5,0.35,0.35,0.00035,74,83,15,0.328056,openb-pod-6048
synthetic_00494,preprocessing,preprocessing,1,1,,3.152,5.46875,1,0.25,0.35,0.35,0.00035,63,74,15,0.030833,openb-pod-7583
synthetic_00495,preprocessing,preprocessing,1,1,,8.0,29.8017578125,1,0.25,0.25,0.25,0.00025,35,44,15,0.054444,openb-pod-7377
synthetic_00496,preprocessing,preprocessing,1,1,,11.3,48.0,3,0.75,0.25,0.25,0.00025,56,61,15,0.566944,openb-pod-6295
synthetic_00497,preprocessing,preprocessing,1,1,,3.152,5.46875,1,0.25,0.35,0.35,0.00035,55,66,15,0.018333,openb-pod-1657
synthetic_00498,preprocessing,preprocessing,1,1,,8.0,29.8017578125,1,0.25,0.15,0.15,0.00015,71,82,15,0.0125,openb-pod-2604
synthetic_00499,preprocessing,preprocessing,1,1,,3.152,5.46875,1,0.25,0.35,0.35,0.00035,2,12,15,0.042222,openb-pod-1690
synthetic_00500,fine_tuning,fine_tuning,1,1,T4,4.152,10.3515625,12,3.0,0.07,0.07,7e-05,1,7,15,2.813333,openb-pod-2627
synthetic_00501,fine_tuning,fine_tuning,1,1,T4,3.152,5.46875,1,0.25,0.07,0.07,7e-05,14,28,15,0.054722,openb-pod-0519
synthetic_00502,preprocessing,preprocessing,1,1,,11.4,47.0,3,0.75,0.35,0.35,0.00035,25,36,15,0.729722,openb-pod-2324
synthetic_00503,preprocessing,preprocessing,1,1,,14.2,57.0,9,2.25,0.25,0.25,0.00025,28,39,15,2.006944,openb-pod-5771
synthetic_00504,preprocessing,preprocessing,1,1,,3.152,5.46875,1,0.25,0.35,0.35,0.00035,0,8,15,0.061111,openb-pod-0093
synthetic_00505,preprocessing,preprocessing,1,1,,3.152,5.46875,1,0.25,0.25,0.25,0.00025,34,49,15,0.015556,openb-pod-1710
synthetic_00506,preprocessing,preprocessing,1,1,,18.708,63.0,1,0.25,0.35,0.35,0.00035,59,72,15,0.152222,openb-pod-5213
synthetic_00507,preprocessing,preprocessing,1,1,,11.908,46.0,2,0.5,0.35,0.35,0.00035,41,49,15,0.355556,openb-pod-7508
synthetic_00508,fine_tuning,fine_tuning,1,1,T4,4.0,29.8017578125,1,0.25,0.07,0.07,7e-05,63,71,15,0.018333,openb-pod-1706
synthetic_00509,preprocessing,preprocessing,1,1,,18.708,63.0,2,0.5,0.07,0.07,7e-05,82,87,15,0.411667,openb-pod-0152
synthetic_00510,preprocessing,preprocessing,1,1,,11.3,48.0,3,0.75,0.25,0.25,0.00025,49,60,15,0.668611,openb-pod-4821
synthetic_00511,preprocessing,preprocessing,1,1,G2|P100|T4|V100M16|V100M32,3.152,5.46875,3,0.75,0.25,0.25,0.00025,75,88,15,0.589722,openb-pod-8024
synthetic_00512,preprocessing,preprocessing,1,1,,11.3,48.0,1,0.25,0.25,0.25,0.00025,0,6,15,0.018611,openb-pod-5870
synthetic_00513,preprocessing,preprocessing,1,1,,11.908,46.0,4,1.0,0.25,0.25,0.00025,0,11,15,0.785556,openb-pod-5906
synthetic_00514,preprocessing,preprocessing,1,1,,3.152,5.46875,1,0.25,0.25,0.25,0.00025,41,49,15,0.020278,openb-pod-7935
synthetic_00515,preprocessing,preprocessing,1,1,,3.152,5.46875,2,0.5,0.25,0.25,0.00025,32,43,15,0.264722,openb-pod-7193
synthetic_00516,fine_tuning,fine_tuning,1,1,T4,16.0,32.0,2,0.5,0.07,0.07,7e-05,12,21,15,0.2975,openb-pod-2853
synthetic_00517,fine_tuning,fine_tuning,1,1,T4,3.152,5.46875,1,0.25,0.07,0.07,7e-05,82,95,15,0.009167,openb-pod-8145
synthetic_00518,preprocessing,preprocessing,1,1,,8.0,29.8017578125,8,2.0,0.35,0.35,0.00035,11,19,15,1.789722,openb-pod-0463
synthetic_00519,preprocessing,preprocessing,1,1,,3.152,5.46875,2,0.5,0.25,0.25,0.00025,11,20,15,0.298333,openb-pod-7457
synthetic_00520,preprocessing,preprocessing,1,1,,8.0,16.0,1,0.25,0.25,0.25,0.00025,29,35,15,0.198611,openb-pod-1406
synthetic_00521,preprocessing,preprocessing,1,1,,11.3,48.0,1,0.25,0.25,0.25,0.00025,6,20,15,0.016944,openb-pod-7698
synthetic_00522,preprocessing,preprocessing,1,1,,8.0,29.8017578125,2,0.5,0.25,0.25,0.00025,48,56,15,0.295278,openb-pod-7042
synthetic_00523,preprocessing,preprocessing,1,1,,11.3,48.0,1,0.25,0.25,0.25,0.00025,36,44,15,0.044722,openb-pod-7805
synthetic_00524,preprocessing,preprocessing,1,1,,3.152,5.46875,1,0.25,0.25,0.25,0.00025,73,82,15,0.009444,openb-pod-6826
synthetic_00525,fine_tuning,fine_tuning,1,1,T4,4.152,10.3515625,1,0.25,0.07,0.07,7e-05,57,68,15,0.0075,openb-pod-0533
synthetic_00526,fine_tuning,fine_tuning,1,1,G2,11.3,48.0,1,0.25,0.35,0.35,0.00035,8,19,15,0.077222,openb-pod-6004
synthetic_00527,preprocessing,preprocessing,1,1,,11.4,47.0,5,1.25,0.35,0.35,0.00035,18,31,15,1.153889,openb-pod-2773
synthetic_00528,fine_tuning,fine_tuning,1,1,T4,11.908,46.0,1,0.25,0.07,0.07,7e-05,75,84,15,0.067222,openb-pod-1136
synthetic_00529,preprocessing,preprocessing,1,1,,24.2,91.0,1,0.25,0.25,0.25,0.00025,66,80,15,0.032222,openb-pod-0983
synthetic_00530,preprocessing,preprocessing,1,1,,11.908,46.0,1,0.25,0.25,0.25,0.00025,61,71,15,0.161111,openb-pod-5054
synthetic_00531,preprocessing,preprocessing,1,1,,3.152,5.46875,2,0.5,0.25,0.25,0.00025,63,76,15,0.332222,openb-pod-5409
synthetic_00532,preprocessing,preprocessing,1,1,,3.152,5.46875,1,0.25,0.15,0.15,0.00015,20,29,15,0.056667,openb-pod-3443
synthetic_00533,fine_tuning,fine_tuning,1,1,T4,1.0,6.0,4,1.0,0.07,0.07,7e-05,69,81,15,0.825,openb-pod-3324
synthetic_00534,fine_tuning,fine_tuning,1,1,P100,8.0,29.8017578125,16,4.0,0.25,0.25,0.00025,26,36,15,3.802778,openb-pod-6834
synthetic_00535,fine_tuning,fine_tuning,1,1,T4,6.0,12.0,9,2.25,0.07,0.07,7e-05,29,42,15,2.166389,openb-pod-0154
synthetic_00536,preprocessing,preprocessing,1,1,,3.152,5.46875,1,0.25,0.25,0.25,0.00025,1,17,15,0.040833,openb-pod-1791
synthetic_00537,fine_tuning,fine_tuning,1,1,T4,6.0,12.0,9,2.25,0.07,0.07,7e-05,60,67,15,2.166389,openb-pod-0154
synthetic_00538,fine_tuning,fine_tuning,1,1,G3,24.2,91.0,1,0.25,0.35,0.35,0.00035,40,47,15,0.248056,openb-pod-6045
synthetic_00539,preprocessing,preprocessing,1,1,,4.0,29.8017578125,6,1.5,0.25,0.25,0.00025,41,47,15,1.251667,openb-pod-2640
synthetic_00540,preprocessing,preprocessing,1,1,,3.152,5.46875,1,0.25,0.35,0.35,0.00035,66,75,15,0.059444,openb-pod-0613
synthetic_00541,preprocessing,preprocessing,1,1,G2|P100|T4|V100M16|V100M32,12.0,16.0,2,0.5,0.07,0.07,7e-05,21,29,15,0.314444,openb-pod-4508
synthetic_00542,fine_tuning,fine_tuning,1,1,T4,11.4,47.0,1,0.25,0.07,0.07,7e-05,29,37,15,0.015556,openb-pod-2363
synthetic_00543,preprocessing,preprocessing,1,1,,11.4,47.0,7,1.75,0.25,0.25,0.00025,79,89,15,1.524722,openb-pod-2579
synthetic_00544,preprocessing,preprocessing,1,1,,11.4,47.0,6,1.5,0.15,0.15,0.00015,66,79,15,1.290833,openb-pod-2841
synthetic_00545,preprocessing,preprocessing,1,1,,11.908,46.0,5,1.25,0.25,0.25,0.00025,38,53,15,1.047222,openb-pod-6267
synthetic_00546,fine_tuning,fine_tuning,1,1,T4,11.9,76.0,1,0.25,0.07,0.07,7e-05,24,34,15,0.009167,openb-pod-4724
synthetic_00547,preprocessing,preprocessing,1,1,P100|T4|V100M16|V100M32,18.708,63.0,1,0.25,0.25,0.25,0.00025,9,20,15,0.032222,openb-pod-6975
synthetic_00548,preprocessing,preprocessing,1,1,,16.0,32.0,2,0.5,0.25,0.25,0.00025,7,18,15,0.320278,openb-pod-0034
synthetic_00549,fine_tuning,fine_tuning,1,1,G2,11.3,48.0,2,0.5,0.35,0.35,0.00035,11,15,15,0.322222,openb-pod-5829
synthetic_00550,preprocessing,preprocessing,1,1,,11.908,46.0,2,0.5,0.35,0.35,0.00035,68,79,15,0.269167,openb-pod-3785
synthetic_00551,fine_tuning,fine_tuning,1,1,T4,11.3,48.0,2,0.5,0.07,0.07,7e-05,57,72,15,0.290556,openb-pod-5448
synthetic_00552,training,training,1,1,V100M16|V100M32,4.0,24.0,5,1.25,0.25,0.25,0.00025,17,29,15,1.118611,openb-pod-7070
synthetic_00553,preprocessing,preprocessing,1,1,,4.0,22.3515625,6,1.5,0.25,0.25,0.00025,17,27,15,1.265,openb-pod-1543
synthetic_00554,fine_tuning,fine_tuning,1,1,T4,11.3,48.0,1,0.25,0.07,0.07,7e-05,12,26,15,0.031944,openb-pod-7964
synthetic_00555,fine_tuning,fine_tuning,1,1,T4,11.3,48.0,2,0.5,0.07,0.07,7e-05,0,11,15,0.298333,openb-pod-4694
synthetic_00556,training,training,1,1,V100M16|V100M32,12.0,24.0,5,1.25,0.25,0.25,0.00025,35,45,15,1.016389,openb-pod-2754
synthetic_00557,fine_tuning,fine_tuning,1,1,T4,12.0,16.0,4,1.0,0.07,0.07,7e-05,32,45,15,0.767222,openb-pod-3251
synthetic_00558,preprocessing,preprocessing,1,1,,11.908,46.0,14,3.5,0.07,0.07,7e-05,20,35,15,3.289444,openb-pod-6214
synthetic_00559,preprocessing,preprocessing,1,1,,11.908,46.0,1,0.25,0.07,0.07,7e-05,25,41,15,0.074722,openb-pod-5691
synthetic_00560,training,training,1,1,V100M16|V100M32,15.7,57.0,4,1.0,0.25,0.25,0.00025,59,64,15,0.849722,openb-pod-0909
synthetic_00561,preprocessing,preprocessing,1,1,,18.708,63.0,2,0.5,0.35,0.35,0.00035,81,93,15,0.288889,openb-pod-0218
synthetic_00562,preprocessing,preprocessing,1,1,,11.3,48.0,1,0.25,0.25,0.25,0.00025,38,48,15,0.082222,openb-pod-6176
synthetic_00563,fine_tuning,fine_tuning,1,1,G2,11.4,76.0,3,0.75,0.35,0.35,0.00035,54,62,15,0.635833,openb-pod-7801
synthetic_00564,preprocessing,preprocessing,1,1,,3.152,5.46875,1,0.25,0.35,0.35,0.00035,53,69,15,0.036667,openb-pod-7421
synthetic_00565,preprocessing,preprocessing,1,1,,11.4,47.0,2,0.5,0.35,0.35,0.00035,0,8,15,0.324444,openb-pod-1637
synthetic_00566,preprocessing,preprocessing,1,1,,3.152,5.46875,1,0.25,0.07,0.07,7e-05,0,13,15,0.023611,openb-pod-6658
synthetic_00567,fine_tuning,fine_tuning,1,1,G3,11.4,47.0,2,0.5,0.35,0.35,0.00035,28,39,15,0.265556,openb-pod-3570
synthetic_00568,fine_tuning,fine_tuning,1,1,T4,4.0,24.0,5,1.25,0.07,0.07,7e-05,21,32,15,1.104722,openb-pod-2413
synthetic_00569,preprocessing,preprocessing,1,1,,16.0,64.0,3,0.75,0.25,0.25,0.00025,4,14,15,0.506944,openb-pod-5601
synthetic_00570,preprocessing,preprocessing,1,1,,8.0,29.8017578125,1,0.25,0.35,0.35,0.00035,69,81,15,0.245556,openb-pod-3511
synthetic_00571,preprocessing,preprocessing,1,1,,12.0,24.0,10,2.5,0.07,0.07,7e-05,55,67,15,2.303889,openb-pod-6297
synthetic_00572,preprocessing,preprocessing,1,1,,3.152,5.46875,1,0.25,0.07,0.07,7e-05,0,12,15,0.078611,openb-pod-3113
synthetic_00573,preprocessing,preprocessing,1,1,,3.152,5.46875,1,0.25,0.25,0.25,0.00025,88,95,15,0.031111,openb-pod-1886
synthetic_00574,preprocessing,preprocessing,1,1,,15.7,57.0,3,0.75,0.35,0.35,0.00035,37,47,15,0.589722,openb-pod-2872
synthetic_00575,fine_tuning,fine_tuning,1,1,P100,11.908,46.0,1,0.25,0.25,0.25,0.00025,0,5,15,0.017778,openb-pod-1682
synthetic_00576,preprocessing,preprocessing,1,1,,4.0,14.900390625,1,0.25,0.35,0.35,0.00035,0,7,15,0.175,openb-pod-2171
synthetic_00577,fine_tuning,fine_tuning,1,1,T4,11.908,46.0,8,2.0,0.07,0.07,7e-05,66,79,15,1.909722,openb-pod-4580
synthetic_00578,preprocessing,preprocessing,1,1,,11.3,48.0,1,0.25,0.15,0.15,0.00015,50,65,15,0.016389,openb-pod-4917
synthetic_00579,preprocessing,preprocessing,1,1,,4.0,14.900390625,3,0.75,0.15,0.15,0.00015,90,93,15,0.697222,openb-pod-0807
synthetic_00580,fine_tuning,fine_tuning,1,1,T4,4.0,14.900390625,1,0.25,0.07,0.07,7e-05,15,30,15,0.155556,openb-pod-5439
synthetic_00581,preprocessing,preprocessing,1,1,,15.7,57.0,3,0.75,0.35,0.35,0.00035,68,80,15,0.589444,openb-pod-1806
synthetic_00582,preprocessing,preprocessing,1,1,,12.0,24.0,11,2.75,0.07,0.07,7e-05,0,9,15,2.732222,openb-pod-1233
synthetic_00583,preprocessing,preprocessing,1,1,,12.0,24.0,4,1.0,0.35,0.35,0.00035,2,11,15,1.0,openb-pod-1395
synthetic_00584,fine_tuning,fine_tuning,1,1,T4,3.152,5.46875,1,0.25,0.07,0.07,7e-05,33,39,15,0.055278,openb-pod-0772
synthetic_00585,preprocessing,preprocessing,1,1,,11.4,47.0,2,0.5,0.25,0.25,0.00025,58,67,15,0.469167,openb-pod-3631
synthetic_00586,fine_tuning,fine_tuning,1,1,T4,11.3,48.0,1,0.25,0.07,0.07,7e-05,47,58,15,0.081389,openb-pod-6161
synthetic_00587,fine_tuning,fine_tuning,1,1,T4,3.152,5.46875,1,0.25,0.07,0.07,7e-05,70,80,15,0.079722,openb-pod-7443
synthetic_00588,training,training,1,1,V100M16|V100M32,15.7,57.0,2,0.5,0.25,0.25,0.00025,57,67,15,0.473889,openb-pod-2935
synthetic_00589,preprocessing,preprocessing,1,1,,11.3,48.0,3,0.75,0.25,0.25,0.00025,57,73,15,0.64,openb-pod-4839
synthetic_00590,preprocessing,preprocessing,1,1,,3.152,5.46875,1,0.25,0.15,0.15,0.00015,78,87,15,0.066389,openb-pod-3775
synthetic_00591,preprocessing,preprocessing,1,1,,11.3,48.0,2,0.5,0.35,0.35,0.00035,12,24,15,0.295833,openb-pod-4671
synthetic_00592,preprocessing,preprocessing,1,1,P100|V100M16|V100M32,11.4,47.0,2,0.5,0.25,0.25,0.00025,0,4,15,0.420278,openb-pod-4490
synthetic_00593,fine_tuning,fine_tuning,1,1,T4,11.3,48.0,1,0.25,0.07,0.07,7e-05,15,29,15,0.049722,openb-pod-4641
synthetic_00594,preprocessing,preprocessing,1,1,,3.152,5.46875,1,0.25,0.35,0.35,0.00035,32,43,15,0.031111,openb-pod-1841
synthetic_00595,preprocessing,preprocessing,1,1,P100|V100M16|V100M32,11.4,47.0,2,0.5,0.25,0.25,0.00025,11,18,15,0.468056,openb-pod-2932
synthetic_00596,fine_tuning,fine_tuning,1,1,T4,6.0,12.0,1,0.25,0.07,0.07,7e-05,59,69,15,0.166389,openb-pod-2713
synthetic_00597,fine_tuning,fine_tuning,1,1,G2,15.4,88.0,2,0.5,0.35,0.35,0.00035,31,42,15,0.355833,openb-pod-6499
synthetic_00598,preprocessing,preprocessing,1,1,,11.3,48.0,5,1.25,0.25,0.25,0.00025,67,73,15,1.175,openb-pod-4879
synthetic_00599,fine_tuning,fine_tuning,1,1,G2,11.9,76.0,1,0.25,0.35,0.35,0.00035,17,30,15,0.015556,openb-pod-3269
synthetic_00600,preprocessing,preprocessing,1,1,,11.3,48.0,1,0.25,0.15,0.15,0.00015,27,37,15,0.015833,openb-pod-5572
synthetic_00601,preprocessing,preprocessing,1,1,,11.908,46.0,2,0.5,0.25,0.25,0.00025,0,9,15,0.402222,openb-pod-4309
synthetic_00602,fine_tuning,fine_tuning,1,1,T4,3.152,5.46875,2,0.5,0.07,0.07,7e-05,44,48,15,0.311667,openb-pod-4432
synthetic_00603,preprocessing,preprocessing,1,1,,11.908,46.0,1,0.25,0.25,0.25,0.00025,55,66,15,0.006111,openb-pod-5298
synthetic_00604,preprocessing,preprocessing,1,1,,3.152,5.46875,1,0.25,0.25,0.25,0.00025,80,90,15,0.022222,openb-pod-1591
synthetic_00605,fine_tuning,fine_tuning,1,1,G2,24.2,91.0,3,0.75,0.35,0.35,0.00035,43,50,15,0.5875,openb-pod-4347
synthetic_00606,fine_tuning,fine_tuning,1,1,T4,11.908,46.0,2,0.5,0.07,0.07,7e-05,54,67,15,0.413611,openb-pod-5560
synthetic_00607,preprocessing,preprocessing,1,1,,4.0,29.8017578125,1,0.25,0.15,0.15,0.00015,5,16,15,0.055,openb-pod-2725
synthetic_00608,preprocessing,preprocessing,1,1,,3.152,5.46875,1,0.25,0.07,0.07,7e-05,68,78,15,0.054722,openb-pod-0803
synthetic_00609,preprocessing,preprocessing,1,1,,8.0,16.0,1,0.25,0.25,0.25,0.00025,26,36,15,0.2325,openb-pod-1796
synthetic_00610,fine_tuning,fine_tuning,1,1,T4,11.3,48.0,1,0.25,0.07,0.07,7e-05,6,18,15,0.024167,openb-pod-7929
synthetic_00611,fine_tuning,fine_tuning,1,1,P100,3.152,5.46875,1,0.25,0.25,0.25,0.00025,57,70,15,0.1225,openb-pod-3730
synthetic_00612,preprocessing,preprocessing,1,1,,4.0,14.900390625,9,2.25,0.25,0.25,0.00025,19,30,15,2.233611,openb-pod-4658
synthetic_00613,fine_tuning,fine_tuning,1,1,T4,12.0,16.0,2,0.5,0.07,0.07,7e-05,37,48,15,0.333056,openb-pod-0572
synthetic_00614,fine_tuning,fine_tuning,1,1,T4,3.152,5.46875,1,0.25,0.07,0.07,7e-05,80,86,15,0.151389,openb-pod-3364
synthetic_00615,fine_tuning,fine_tuning,1,1,P100,4.0,14.900390625,2,0.5,0.25,0.25,0.00025,59,68,15,0.267222,openb-pod-3520
synthetic_00616,preprocessing,preprocessing,1,1,,8.0,29.8017578125,1,0.25,0.35,0.35,0.00035,82,86,15,0.006111,openb-pod-2122
synthetic_00617,fine_tuning,fine_tuning,1,1,G3,11.3,48.0,1,0.25,0.35,0.35,0.00035,1,14,15,0.090833,openb-pod-4640
synthetic_00618,fine_tuning,fine_tuning,1,1,T4,3.152,5.46875,1,0.25,0.07,0.07,7e-05,46,57,15,0.013056,openb-pod-4699
synthetic_00619,preprocessing,preprocessing,1,1,,11.3,48.0,1,0.25,0.35,0.35,0.00035,18,25,15,0.221667,openb-pod-5917
synthetic_00620,preprocessing,preprocessing,1,1,,11.908,46.0,1,0.25,0.25,0.25,0.00025,69,80,15,0.1925,openb-pod-7326
synthetic_00621,preprocessing,preprocessing,1,1,,3.152,5.46875,1,0.25,0.35,0.35,0.00035,29,39,15,0.046667,openb-pod-1820
synthetic_00622,preprocessing,preprocessing,1,1,,4.0,29.8017578125,11,2.75,0.07,0.07,7e-05,39,48,15,2.5425,openb-pod-5952
synthetic_00623,preprocessing,preprocessing,1,1,,9.81,40.5859375,2,0.5,0.07,0.07,7e-05,8,18,15,0.411944,openb-pod-0526
synthetic_00624,fine_tuning,fine_tuning,1,1,T4,11.4,47.0,1,0.25,0.07,0.07,7e-05,10,20,15,0.228056,openb-pod-3568
synthetic_00625,preprocessing,preprocessing,1,1,,4.152,10.3515625,1,0.25,0.07,0.07,7e-05,44,52,15,0.226389,openb-pod-0450
synthetic_00626,preprocessing,preprocessing,1,1,,8.0,29.8017578125,1,0.25,0.15,0.15,0.00015,17,27,15,0.050833,openb-pod-8070
synthetic_00627,fine_tuning,fine_tuning,1,1,G3,11.3,48.0,1,0.25,0.35,0.35,0.00035,85,95,15,0.020556,openb-pod-5649
synthetic_00628,preprocessing,preprocessing,1,1,,4.0,24.0,1,0.25,0.35,0.35,0.00035,0,12,15,0.117778,openb-pod-4425
synthetic_00629,fine_tuning,fine_tuning,1,1,P100,3.152,5.46875,1,0.25,0.25,0.25,0.00025,86,95,15,0.1225,openb-pod-3730
synthetic_00630,preprocessing,preprocessing,1,1,,3.152,5.46875,1,0.25,0.25,0.25,0.00025,80,92,15,0.035833,openb-pod-0522
synthetic_00631,preprocessing,preprocessing,1,1,,11.3,48.0,1,0.25,0.35,0.35,0.00035,7,15,15,0.077778,openb-pod-7835
synthetic_00632,preprocessing,preprocessing,1,1,,9.81,40.5859375,4,1.0,0.35,0.35,0.00035,31,37,15,0.909444,openb-pod-5722
synthetic_00633,preprocessing,preprocessing,1,1,,8.0,29.8017578125,2,0.5,0.35,0.35,0.00035,71,84,15,0.309167,openb-pod-5562
synthetic_00634,preprocessing,preprocessing,1,1,,15.2,79.0,5,1.25,0.07,0.07,7e-05,5,18,15,1.206111,openb-pod-4280
synthetic_00635,preprocessing,preprocessing,1,1,,11.908,46.0,3,0.75,0.25,0.25,0.00025,18,32,15,0.528889,openb-pod-5386
synthetic_00636,preprocessing,preprocessing,1,1,,11.3,48.0,1,0.25,0.35,0.35,0.00035,62,71,15,0.085833,openb-pod-6425
synthetic_00637,fine_tuning,fine_tuning,1,1,T4,3.152,5.46875,1,0.25,0.07,0.07,7e-05,14,23,15,0.125556,openb-pod-4051
synthetic_00638,preprocessing,preprocessing,1,1,,11.3,48.0,1,0.25,0.35,0.35,0.00035,45,59,15,0.034722,openb-pod-6941
synthetic_00639,preprocessing,preprocessing,1,1,,4.0,22.3515625,3,0.75,0.25,0.25,0.00025,75,91,15,0.692222,openb-pod-6095
synthetic_00640,fine_tuning,fine_tuning,1,1,G3,1.0,6.0,10,2.5,0.35,0.35,0.00035,70,82,15,2.420278,openb-pod-4576
synthetic_00641,preprocessing,preprocessing,1,1,,4.0,24.0,2,0.5,0.35,0.35,0.00035,82,91,15,0.313611,openb-pod-6652
synthetic_00642,preprocessing,preprocessing,8,8,,64.2,257.0,1,0.25,2.8,2.8,0.0028,81,85,15,0.133889,openb-pod-3197
synthetic_00643,fine_tuning,fine_tuning,1,1,G2,11.3,48.0,2,0.5,0.35,0.35,0.00035,38,45,15,0.397222,openb-pod-6956
synthetic_00644,fine_tuning,fine_tuning,1,1,T4,11.908,46.0,2,0.5,0.07,0.07,7e-05,24,32,15,0.413611,openb-pod-5560
synthetic_00645,fine_tuning,fine_tuning,1,1,T4,3.152,5.46875,1,0.25,0.07,0.07,7e-05,86,95,15,0.033333,openb-pod-6911
synthetic_00646,preprocessing,preprocessing,1,1,,3.152,5.46875,1,0.25,0.07,0.07,7e-05,47,53,15,0.034444,openb-pod-4975
synthetic_00647,preprocessing,preprocessing,1,1,,11.3,48.0,1,0.25,0.25,0.25,0.00025,88,95,15,0.014444,openb-pod-7652
synthetic_00648,fine_tuning,fine_tuning,1,1,T4,8.0,32.0,2,0.5,0.07,0.07,7e-05,57,67,15,0.428333,openb-pod-0573
synthetic_00649,preprocessing,preprocessing,1,1,,3.152,5.46875,1,0.25,0.35,0.35,0.00035,71,81,15,0.180556,openb-pod-4049
synthetic_00650,preprocessing,preprocessing,1,1,,11.908,46.0,1,0.25,0.25,0.25,0.00025,37,49,15,0.020278,openb-pod-6935
synthetic_00651,preprocessing,preprocessing,1,1,,3.152,5.46875,1,0.25,0.25,0.25,0.00025,10,20,15,0.186667,openb-pod-7499
synthetic_00652,preprocessing,preprocessing,1,1,,11.4,47.0,4,1.0,0.07,0.07,7e-05,28,37,15,0.996389,openb-pod-2388
synthetic_00653,preprocessing,preprocessing,1,1,,11.908,46.0,2,0.5,0.07,0.07,7e-05,0,3,15,0.402222,openb-pod-4309
synthetic_00654,fine_tuning,fine_tuning,1,1,V100M32,12.0,16.0,2,0.5,0.25,0.25,0.00025,21,33,15,0.303333,openb-pod-3124
synthetic_00655,preprocessing,preprocessing,1,1,,11.3,48.0,1,0.25,0.35,0.35,0.00035,1,12,15,0.1825,openb-pod-5082
synthetic_00656,fine_tuning,fine_tuning,1,1,P100,4.152,10.3515625,1,0.25,0.25,0.25,0.00025,22,30,15,0.015,openb-pod-1270
synthetic_00657,preprocessing,preprocessing,1,1,P100|V100M16|V100M32,11.3,48.0,1,0.25,0.25,0.25,0.00025,17,28,15,0.088056,openb-pod-6408
synthetic_00658,preprocessing,preprocessing,1,1,,15.7,57.0,5,1.25,0.25,0.25,0.00025,5,18,15,1.117222,openb-pod-1530
synthetic_00659,preprocessing,preprocessing,1,1,,16.0,32.0,1,0.25,0.35,0.35,0.00035,4,12,15,0.198056,openb-pod-0811
synthetic_00660,preprocessing,preprocessing,1,1,,18.708,63.0,1,0.25,0.25,0.25,0.00025,49,58,15,0.198889,openb-pod-3542
synthetic_00661,preprocessing,preprocessing,1,1,,4.0,22.3515625,4,1.0,0.25,0.25,0.00025,40,52,15,0.998889,openb-pod-1367
synthetic_00662,fine_tuning,fine_tuning,1,1,T4,11.908,46.0,8,2.0,0.07,0.07,7e-05,0,9,15,1.898611,openb-pod-4578
synthetic_00663,preprocessing,preprocessing,1,1,,3.152,5.46875,1,0.25,0.25,0.25,0.00025,9,17,15,0.135278,openb-pod-5299
synthetic_00664,fine_tuning,fine_tuning,1,1,P100,3.152,5.46875,1,0.25,0.25,0.25,0.00025,63,75,15,0.024722,openb-pod-7971
synthetic_00665,preprocessing,preprocessing,1,1,,11.3,48.0,1,0.25,0.35,0.35,0.00035,44,57,15,0.056944,openb-pod-7707
synthetic_00666,fine_tuning,fine_tuning,1,1,T4,12.0,24.0,5,1.25,0.07,0.07,7e-05,68,82,15,1.085833,openb-pod-3867
synthetic_00667,preprocessing,preprocessing,1,1,,3.152,5.46875,1,0.25,0.15,0.15,0.00015,60,71,15,0.0525,openb-pod-3303
synthetic_00668,preprocessing,preprocessing,1,1,,2.0,16.0,1,0.25,0.25,0.25,0.00025,36,49,15,0.199444,openb-pod-5783
synthetic_00669,preprocessing,preprocessing,1,1,,18.708,63.0,1,0.25,0.25,0.25,0.00025,69,79,15,0.023056,openb-pod-4940
synthetic_00670,preprocessing,preprocessing,1,1,,4.0,29.8017578125,4,1.0,0.25,0.25,0.00025,36,44,15,0.824444,openb-pod-3666
synthetic_00671,fine_tuning,fine_tuning,1,1,P100,11.908,46.0,1,0.25,0.25,0.25,0.00025,62,74,15,0.026944,openb-pod-5711
synthetic_00672,fine_tuning,fine_tuning,1,1,T4,3.152,5.46875,2,0.5,0.07,0.07,7e-05,38,50,15,0.361389,openb-pod-4224
synthetic_00673,preprocessing,preprocessing,1,1,,18.708,63.0,1,0.25,0.25,0.25,0.00025,71,77,15,0.02,openb-pod-5676
synthetic_00674,preprocessing,preprocessing,1,1,,15.7,57.0,3,0.75,0.15,0.15,0.00015,18,22,15,0.625278,openb-pod-2479
synthetic_00675,fine_tuning,fine_tuning,1,1,T4,3.152,5.46875,1,0.25,0.07,0.07,7e-05,0,7,15,0.116389,openb-pod-7892
synthetic_00676,preprocessing,preprocessing,1,1,,16.0,64.0,2,0.5,0.35,0.35,0.00035,8,20,15,0.482222,openb-pod-2378
synthetic_00677,fine_tuning,fine_tuning,1,1,T4,11.3,48.0,1,0.25,0.07,0.07,7e-05,85,95,15,0.071389,openb-pod-7773
synthetic_00678,preprocessing,preprocessing,1,1,,11.3,48.0,1,0.25,0.25,0.25,0.00025,39,51,15,0.070278,openb-pod-7774
synthetic_00679,preprocessing,preprocessing,1,1,,11.3,48.0,2,0.5,0.35,0.35,0.00035,4,15,15,0.3625,openb-pod-6209
synthetic_00680,preprocessing,preprocessing,1,1,,11.3,48.0,2,0.5,0.15,0.15,0.00015,78,87,15,0.363611,openb-pod-4647
synthetic_00681,fine_tuning,fine_tuning,1,1,G2,11.4,47.0,14,3.5,0.35,0.35,0.00035,6,15,15,3.274444,openb-pod-1011
synthetic_00682,preprocessing,preprocessing,1,1,,12.0,16.0,9,2.25,0.07,0.07,7e-05,33,43,15,2.133333,openb-pod-0426
synthetic_00683,preprocessing,preprocessing,1,1,,3.152,5.46875,1,0.25,0.25,0.25,0.00025,64,72,15,0.024722,openb-pod-1670
synthetic_00684,fine_tuning,fine_tuning,1,1,T4,3.152,5.46875,2,0.5,0.07,0.07,7e-05,53,67,15,0.311667,openb-pod-4432
synthetic_00685,fine_tuning,fine_tuning,1,1,T4,11.3,48.0,1,0.25,0.07,0.07,7e-05,24,38,15,0.053889,openb-pod-5466
synthetic_00686,preprocessing,preprocessing,1,1,,3.152,5.46875,2,0.5,0.25,0.25,0.00025,3,10,15,0.291111,openb-pod-1140
synthetic_00687,fine_tuning,fine_tuning,1,1,G2,12.0,16.0,1,0.25,0.35,0.35,0.00035,50,61,15,0.149722,openb-pod-7246
synthetic_00688,preprocessing,preprocessing,1,1,,15.2,79.0,5,1.25,0.35,0.35,0.00035,12,22,15,1.128611,openb-pod-4322
synthetic_00689,fine_tuning,fine_tuning,1,1,P100,4.0,14.900390625,5,1.25,0.25,0.25,0.00025,17,29,15,1.234722,openb-pod-6088
synthetic_00690,preprocessing,preprocessing,1,1,,3.152,5.46875,2,0.5,0.25,0.25,0.00025,81,89,15,0.309167,openb-pod-3761
synthetic_00691,preprocessing,preprocessing,1,1,,3.152,5.46875,1,0.25,0.25,0.25,0.00025,84,94,15,0.013611,openb-pod-1630
synthetic_00692,preprocessing,preprocessing,1,1,,11.4,47.0,1,0.25,0.35,0.35,0.00035,49,61,15,0.236944,openb-pod-2455
synthetic_00693,fine_tuning,fine_tuning,1,1,T4,3.152,5.46875,1,0.25,0.07,0.07,7e-05,29,45,15,0.116389,openb-pod-7945
synthetic_00694,fine_tuning,fine_tuning,1,1,T4,11.3,48.0,1,0.25,0.07,0.07,7e-05,58,65,15,0.093333,openb-pod-7857
synthetic_00695,fine_tuning,fine_tuning,1,1,T4,11.4,47.0,1,0.25,0.07,0.07,7e-05,42,52,15,0.0375,openb-pod-2358
synthetic_00696,preprocessing,preprocessing,1,1,P100|T4|V100M16|V100M32,11.3,48.0,1,0.25,0.07,0.07,7e-05,52,60,15,0.018056,openb-pod-7868
synthetic_00697,preprocessing,preprocessing,1,1,,16.0,32.0,1,0.25,0.15,0.15,0.00015,10,22,15,0.005,openb-pod-6501
synthetic_00698,fine_tuning,fine_tuning,1,1,G2,3.152,5.46875,1,0.25,0.35,0.35,0.00035,32,43,15,0.033333,openb-pod-0155
synthetic_00699,preprocessing,preprocessing,1,1,,3.152,5.46875,1,0.25,0.25,0.25,0.00025,15,21,15,0.044722,openb-pod-7353
synthetic_00700,preprocessing,preprocessing,1,1,,4.0,29.8017578125,1,0.25,0.25,0.25,0.00025,66,74,15,0.035556,openb-pod-0592
synthetic_00701,preprocessing,preprocessing,1,1,,11.4,47.0,2,0.5,0.35,0.35,0.00035,0,10,15,0.391389,openb-pod-4139
synthetic_00702,preprocessing,preprocessing,1,1,,11.3,48.0,1,0.25,0.25,0.25,0.00025,28,37,15,0.041111,openb-pod-7859
synthetic_00703,preprocessing,preprocessing,1,1,,9.81,40.5859375,1,0.25,0.35,0.35,0.00035,65,78,15,0.241944,openb-pod-5735
synthetic_00704,preprocessing,preprocessing,1,1,,11.908,46.0,4,1.0,0.35,0.35,0.00035,76,89,15,0.781944,openb-pod-3791
synthetic_00705,fine_tuning,fine_tuning,1,1,G2,12.0,15.0,5,1.25,0.35,0.35,0.00035,68,78,15,1.068611,openb-pod-3213
synthetic_00706,preprocessing,preprocessing,1,1,,3.152,5.46875,1,0.25,0.25,0.25,0.00025,21,32,15,0.069722,openb-pod-2298
synthetic_00707,fine_tuning,fine_tuning,1,1,G3,4.0,24.0,5,1.25,0.35,0.35,0.00035,34,42,15,1.091389,openb-pod-5256
synthetic_00708,preprocessing,preprocessing,1,1,,8.2,33.0,1,0.25,0.15,0.15,0.00015,6,17,15,0.100833,openb-pod-5733
synthetic_00709,preprocessing,preprocessing,1,1,,11.3,37.0,2,0.5,0.25,0.25,0.00025,1,13,15,0.262778,openb-pod-1954
synthetic_00710,preprocessing,preprocessing,1,1,,11.3,48.0,1,0.25,0.07,0.07,7e-05,15,28,15,0.039722,openb-pod-5383
synthetic_00711,fine_tuning,fine_tuning,1,1,T4,4.0,22.3515625,1,0.25,0.07,0.07,7e-05,49,62,15,0.137222,openb-pod-4297
synthetic_00712,training,training,1,1,V100M16|V100M32,11.3,48.0,5,1.25,0.25,0.25,0.00025,76,82,15,1.020556,openb-pod-6237
synthetic_00713,preprocessing,preprocessing,1,1,,11.3,48.0,1,0.25,0.25,0.25,0.00025,76,85,15,0.017778,openb-pod-7228
synthetic_00714,preprocessing,preprocessing,1,1,,8.0,29.8017578125,2,0.5,0.15,0.15,0.00015,76,90,15,0.435278,openb-pod-5354
synthetic_00715,preprocessing,preprocessing,1,1,,3.152,5.46875,1,0.25,0.25,0.25,0.00025,59,68,15,0.019167,openb-pod-1584
synthetic_00716,preprocessing,preprocessing,1,1,,4.0,24.0,6,1.5,0.25,0.25,0.00025,66,78,15,1.271111,openb-pod-5985
synthetic_00717,fine_tuning,fine_tuning,1,1,T4,3.152,5.46875,1,0.25,0.07,0.07,7e-05,73,84,15,0.043611,openb-pod-1369
synthetic_00718,preprocessing,preprocessing,1,1,,1.0,6.0,3,0.75,0.25,0.25,0.00025,11,22,15,0.559167,openb-pod-6781
synthetic_00719,fine_tuning,fine_tuning,1,1,T4,3.152,5.46875,1,0.25,0.07,0.07,7e-05,59,71,15,0.058889,openb-pod-1700
synthetic_00720,preprocessing,preprocessing,1,1,,3.152,5.46875,1,0.25,0.35,0.35,0.00035,38,47,15,0.033611,openb-pod-3494
synthetic_00721,fine_tuning,fine_tuning,1,1,G2,16.0,32.0,2,0.5,0.35,0.35,0.00035,3,17,15,0.468056,openb-pod-1577
synthetic_00722,fine_tuning,fine_tuning,1,1,T4,8.0,29.8017578125,1,0.25,0.07,0.07,7e-05,52,62,15,0.018056,openb-pod-0913
synthetic_00723,preprocessing,preprocessing,1,1,,8.0,16.0,4,1.0,0.25,0.25,0.00025,60,75,15,0.873056,openb-pod-3398
synthetic_00724,preprocessing,preprocessing,1,1,,16.4,123.0,2,0.5,0.25,0.25,0.00025,26,35,15,0.282222,openb-pod-6829
synthetic_00725,preprocessing,preprocessing,1,1,,4.0,14.900390625,1,0.25,0.35,0.35,0.00035,20,32,15,0.199722,openb-pod-6927
synthetic_00726,preprocessing,preprocessing,1,1,,8.0,32.0,6,1.5,0.07,0.07,7e-05,8,20,15,1.433333,openb-pod-3966
synthetic_00727,preprocessing,preprocessing,1,1,,11.3,48.0,2,0.5,0.35,0.35,0.00035,74,82,15,0.364167,openb-pod-5392
synthetic_00728,preprocessing,preprocessing,1,1,,11.3,48.0,1,0.25,0.25,0.25,0.00025,84,95,15,0.021944,openb-pod-7585
synthetic_00729,fine_tuning,fine_tuning,1,1,T4,3.152,5.46875,1,0.25,0.07,0.07,7e-05,38,50,15,0.060556,openb-pod-0799
synthetic_00730,preprocessing,preprocessing,1,1,,3.152,5.46875,1,0.25,0.35,0.35,0.00035,20,27,15,0.004444,openb-pod-7375
synthetic_00731,preprocessing,preprocessing,1,1,,11.3,48.0,1,0.25,0.25,0.25,0.00025,73,88,15,0.025556,openb-pod-6738
synthetic_00732,preprocessing,preprocessing,1,1,,3.152,5.46875,1,0.25,0.25,0.25,0.00025,50,60,15,0.024722,openb-pod-1670
synthetic_00733,preprocessing,preprocessing,1,1,,11.3,48.0,2,0.5,0.15,0.15,0.00015,5,13,15,0.271111,openb-pod-6008
synthetic_00734,preprocessing,preprocessing,1,1,,11.3,48.0,1,0.25,0.15,0.15,0.00015,49,61,15,0.055,openb-pod-4870
synthetic_00735,preprocessing,preprocessing,1,1,,8.2,33.0,2,0.5,0.25,0.25,0.00025,65,76,15,0.354444,openb-pod-4271
synthetic_00736,preprocessing,preprocessing,1,1,,24.2,91.0,3,0.75,0.07,0.07,7e-05,2,10,15,0.6175,openb-pod-5740
synthetic_00737,preprocessing,preprocessing,1,1,,11.4,47.0,1,0.25,0.25,0.25,0.00025,27,35,15,0.181389,openb-pod-3399
synthetic_00738,fine_tuning,fine_tuning,1,1,T4,16.0,32.0,3,0.75,0.07,0.07,7e-05,6,15,15,0.565556,openb-pod-3601
synthetic_00739,preprocessing,preprocessing,1,1,,4.0,14.900390625,1,0.25,0.07,0.07,7e-05,53,66,15,0.149722,openb-pod-0137
synthetic_00740,preprocessing,preprocessing,1,1,,3.152,5.46875,1,0.25,0.15,0.15,0.00015,35,50,15,0.079167,openb-pod-5125
synthetic_00741,fine_tuning,fine_tuning,1,1,G2,8.2,33.0,1,0.25,0.35,0.35,0.00035,42,46,15,0.165556,openb-pod-3865
synthetic_00742,preprocessing,preprocessing,1,1,,4.0,29.8017578125,1,0.25,0.25,0.25,0.00025,38,52,15,0.013889,openb-pod-2141
synthetic_00743,preprocessing,preprocessing,1,1,,11.908,46.0,2,0.5,0.35,0.35,0.00035,5,9,15,0.435,openb-pod-5030
synthetic_00744,training,training,1,1,V100M16|V100M32,11.4,47.0,4,1.0,0.25,0.25,0.00025,0,11,15,0.773889,openb-pod-2027
synthetic_00745,preprocessing,preprocessing,1,1,,16.0,32.0,5,1.25,0.07,0.07,7e-05,42,54,15,1.007222,openb-pod-4468
synthetic_00746,preprocessing,preprocessing,1,1,,4.0,22.3515625,4,1.0,0.25,0.25,0.00025,65,74,15,0.755278,openb-pod-2131
synthetic_00747,preprocessing,preprocessing,1,1,,9.81,40.5859375,1,0.25,0.35,0.35,0.00035,83,92,15,0.206111,openb-pod-3719
synthetic_00748,training,training,1,1,V100M16|V100M32,9.81,40.5859375,2,0.5,0.25,0.25,0.00025,66,72,15,0.299444,openb-pod-0434
synthetic_00749,preprocessing,preprocessing,1,1,,11.4,47.0,1,0.25,0.25,0.25,0.00025,59,69,15,0.185278,openb-pod-3176
synthetic_00750,preprocessing,preprocessing,1,1,,11.3,48.0,1,0.25,0.25,0.25,0.00025,45,56,15,0.183333,openb-pod-4705
synthetic_00751,preprocessing,preprocessing,1,1,,15.7,57.0,1,0.25,0.35,0.35,0.00035,38,43,15,0.0175,openb-pod-3004
synthetic_00752,preprocessing,preprocessing,1,1,,3.152,5.46875,2,0.5,0.07,0.07,7e-05,20,27,15,0.324444,openb-pod-4860
synthetic_00753,preprocessing,preprocessing,1,1,,24.2,91.0,1,0.25,0.25,0.25,0.00025,83,91,15,0.1675,openb-pod-5928
synthetic_00754,preprocessing,preprocessing,1,1,,12.0,24.0,2,0.5,0.35,0.35,0.00035,22,32,15,0.432222,openb-pod-2442
synthetic_00755,preprocessing,preprocessing,1,1,,9.81,40.5859375,1,0.25,0.35,0.35,0.00035,46,55,15,0.139722,openb-pod-6186
synthetic_00756,fine_tuning,fine_tuning,1,1,G2,8.0,16.0,3,0.75,0.35,0.35,0.00035,4,11,15,0.749722,openb-pod-0547
synthetic_00757,preprocessing,preprocessing,1,1,A10|G2|T4|V100M16|V100M32,11.3,48.0,1,0.25,0.25,0.25,0.00025,39,51,15,0.085278,openb-pod-5088
synthetic_00758,preprocessing,preprocessing,1,1,,4.0,24.0,5,1.25,0.25,0.25,0.00025,87,91,15,1.1175,openb-pod-5729
synthetic_00759,fine_tuning,fine_tuning,1,1,T4,18.708,63.0,1,0.25,0.07,0.07,7e-05,84,91,15,0.020278,openb-pod-6933
synthetic_00760,preprocessing,preprocessing,1,1,,11.4,47.0,2,0.5,0.25,0.25,0.00025,84,94,15,0.391389,openb-pod-4139
synthetic_00761,preprocessing,preprocessing,1,1,,11.908,46.0,1,0.25,0.07,0.07,7e-05,71,76,15,0.018333,openb-pod-7176
synthetic_00762,preprocessing,preprocessing,1,1,,3.152,5.46875,1,0.25,0.07,0.07,7e-05,39,49,15,0.043611,openb-pod-7373
synthetic_00763,preprocessing,preprocessing,1,1,P100|V100M16|V100M32,14.2,57.0,1,0.25,0.25,0.25,0.00025,51,59,15,0.013889,openb-pod-5267
synthetic_00764,fine_tuning,fine_tuning,1,1,T4,9.81,40.5859375,3,0.75,0.07,0.07,7e-05,16,28,15,0.639167,openb-pod-3916
synthetic_00765,preprocessing,preprocessing,1,1,,15.2,79.0,5,1.25,0.25,0.25,0.00025,44,53,15,1.064722,openb-pod-4510
synthetic_00766,preprocessing,preprocessing,1,1,,11.3,48.0,6,1.5,0.35,0.35,0.00035,0,9,15,1.341667,openb-pod-6633
synthetic_00767,preprocessing,preprocessing,1,1,,3.152,5.46875,2,0.5,0.25,0.25,0.00025,3,16,15,0.317778,openb-pod-3555
synthetic_00768,preprocessing,preprocessing,1,1,,3.152,5.46875,1,0.25,0.35,0.35,0.00035,31,38,15,0.011389,openb-pod-2177
synthetic_00769,fine_tuning,fine_tuning,1,1,T4,8.0,16.0,14,3.5,0.07,0.07,7e-05,70,82,15,3.41,openb-pod-7337
synthetic_00770,preprocessing,preprocessing,1,1,P100|V100M16|V100M32,11.3,48.0,2,0.5,0.25,0.25,0.00025,20,31,15,0.433889,openb-pod-4909
synthetic_00771,preprocessing,preprocessing,1,1,,11.3,48.0,4,1.0,0.35,0.35,0.00035,85,92,15,0.807222,openb-pod-5429
synthetic_00772,preprocessing,preprocessing,1,1,P100|V100M16|V100M32,11.4,47.0,1,0.25,0.25,0.25,0.00025,17,28,15,0.166389,openb-pod-0680
synthetic_00773,fine_tuning,fine_tuning,1,1,T4,11.3,48.0,1,0.25,0.07,0.07,7e-05,69,82,15,0.226667,openb-pod-4706
synthetic_00774,fine_tuning,fine_tuning,1,1,T4,11.908,46.0,1,0.25,0.07,0.07,7e-05,19,25,15,0.049444,openb-pod-7951
synthetic_00775,fine_tuning,fine_tuning,1,1,T4,8.0,29.8017578125,1,0.25,0.07,0.07,7e-05,0,4,15,0.046667,openb-pod-5986
synthetic_00776,preprocessing,preprocessing,1,1,,3.152,5.46875,1,0.25,0.07,0.07,7e-05,55,62,15,0.118889,openb-pod-7561
synthetic_00777,fine_tuning,fine_tuning,1,1,P100,4.0,22.3515625,6,1.5,0.25,0.25,0.00025,77,89,15,1.260556,openb-pod-6367
synthetic_00778,preprocessing,preprocessing,1,1,,3.152,5.46875,1,0.25,0.35,0.35,0.00035,84,95,15,0.045556,openb-pod-7827
synthetic_00779,preprocessing,preprocessing,1,1,,4.0,29.8017578125,1,0.25,0.25,0.25,0.00025,44,49,15,0.206667,openb-pod-2203
synthetic_00780,fine_tuning,fine_tuning,1,1,T4,11.3,48.0,1,0.25,0.07,0.07,7e-05,84,92,15,0.172222,openb-pod-5009
synthetic_00781,training,training,1,1,V100M16|V100M32,9.81,40.5859375,2,0.5,0.25,0.25,0.00025,8,16,15,0.299444,openb-pod-0434
synthetic_00782,fine_tuning,fine_tuning,1,1,T4,11.908,46.0,3,0.75,0.07,0.07,7e-05,75,85,15,0.657778,openb-pod-7943
synthetic_00783,preprocessing,preprocessing,1,1,,8.0,29.8017578125,1,0.25,0.25,0.25,0.00025,29,37,15,0.030556,openb-pod-4340
synthetic_00784,fine_tuning,fine_tuning,1,1,T4,11.3,48.0,1,0.25,0.07,0.07,7e-05,34,41,15,0.038889,openb-pod-5340
synthetic_00785,preprocessing,preprocessing,1,1,,4.152,10.3515625,1,0.25,0.25,0.25,0.00025,31,40,15,0.121389,openb-pod-0968
synthetic_00786,preprocessing,preprocessing,1,1,,3.152,5.46875,1,0.25,0.35,0.35,0.00035,30,39,15,0.033889,openb-pod-1355
synthetic_00787,preprocessing,preprocessing,1,1,,14.9,72.0,6,1.5,0.35,0.35,0.00035,44,54,15,1.281667,openb-pod-3757
synthetic_00788,fine_tuning,fine_tuning,1,1,P100,11.908,46.0,1,0.25,0.25,0.25,0.00025,2,17,15,0.0175,openb-pod-4594
synthetic_00789,fine_tuning,fine_tuning,1,1,G2,16.0,32.0,2,0.5,0.35,0.35,0.00035,81,94,15,0.438333,openb-pod-0327
synthetic_00790,preprocessing,preprocessing,1,1,,4.0,29.8017578125,5,1.25,0.25,0.25,0.00025,14,26,15,1.076944,openb-pod-6607
synthetic_00791,preprocessing,preprocessing,1,1,,3.152,5.46875,2,0.5,0.15,0.15,0.00015,58,73,15,0.263056,openb-pod-3347
synthetic_00792,preprocessing,preprocessing,1,1,,4.0,22.3515625,6,1.5,0.25,0.25,0.00025,39,43,15,1.265,openb-pod-1543
synthetic_00793,preprocessing,preprocessing,1,1,,3.152,5.46875,1,0.25,0.07,0.07,7e-05,39,51,15,0.055556,openb-pod-3351
synthetic_00794,preprocessing,preprocessing,1,1,,8.0,29.8017578125,8,2.0,0.35,0.35,0.00035,51,62,15,1.789722,openb-pod-0463
synthetic_00795,preprocessing,preprocessing,1,1,,18.708,63.0,1,0.25,0.25,0.25,0.00025,63,71,15,0.023611,openb-pod-6533
synthetic_00796,preprocessing,preprocessing,1,1,,3.152,5.46875,1,0.25,0.25,0.25,0.00025,78,85,15,0.088889,openb-pod-0339
synthetic_00797,preprocessing,preprocessing,1,1,,11.908,46.0,3,0.75,0.25,0.25,0.00025,57,68,15,0.710278,openb-pod-6226
synthetic_00798,preprocessing,preprocessing,1,1,,3.152,5.46875,1,0.25,0.35,0.35,0.00035,79,87,15,0.021111,openb-pod-4162
synthetic_00799,training,training,1,1,V100M16|V100M32,11.4,47.0,1,0.25,0.25,0.25,0.00025,41,51,15,0.033333,openb-pod-2809
synthetic_00800,preprocessing,preprocessing,1,1,,3.152,5.46875,1,0.25,0.35,0.35,0.00035,28,42,15,0.010278,openb-pod-7275
synthetic_00801,preprocessing,preprocessing,1,1,,12.0,24.0,2,0.5,0.25,0.25,0.00025,14,29,15,0.307778,openb-pod-1443
synthetic_00802,preprocessing,preprocessing,1,1,,11.3,48.0,1,0.25,0.25,0.25,0.00025,8,18,15,0.12,openb-pod-4946
synthetic_00803,preprocessing,preprocessing,1,1,,3.152,5.46875,1,0.25,0.07,0.07,7e-05,26,33,15,0.036111,openb-pod-7200
synthetic_00804,fine_tuning,fine_tuning,1,1,T4,3.152,5.46875,1,0.25,0.07,0.07,7e-05,10,20,15,0.058611,openb-pod-1747
synthetic_00805,preprocessing,preprocessing,1,1,,11.3,48.0,1,0.25,0.35,0.35,0.00035,20,35,15,0.065,openb-pod-7578
synthetic_00806,preprocessing,preprocessing,1,1,,8.0,29.8017578125,4,1.0,0.25,0.25,0.00025,46,56,15,0.978056,openb-pod-0893
synthetic_00807,preprocessing,preprocessing,1,1,,3.152,5.46875,1,0.25,0.25,0.25,0.00025,20,29,15,0.087222,openb-pod-3964
synthetic_00808,preprocessing,preprocessing,1,1,,8.0,29.8017578125,2,0.5,0.25,0.25,0.00025,19,31,15,0.363333,openb-pod-2549
synthetic_00809,preprocessing,preprocessing,1,1,,11.3,48.0,1,0.25,0.07,0.07,7e-05,5,17,15,0.015833,openb-pod-5572
synthetic_00810,preprocessing,preprocessing,1,1,,8.0,29.8017578125,1,0.25,0.25,0.25,0.00025,38,44,15,0.154444,openb-pod-0455
synthetic_00811,preprocessing,preprocessing,1,1,,16.0,32.0,3,0.75,0.25,0.25,0.00025,45,54,15,0.595833,openb-pod-0521
synthetic_00812,preprocessing,preprocessing,1,1,,11.3,48.0,1,0.25,0.35,0.35,0.00035,48,59,15,0.015,openb-pod-7894
synthetic_00813,training,training,1,1,V100M16|V100M32,11.4,47.0,2,0.5,0.25,0.25,0.00025,19,29,15,0.271944,openb-pod-4568
synthetic_00814,preprocessing,preprocessing,1,1,,6.0,6.0,1,0.25,0.07,0.07,7e-05,39,50,15,0.225278,openb-pod-2187
synthetic_00815,preprocessing,preprocessing,1,1,,11.4,76.0,2,0.5,0.25,0.25,0.00025,0,11,15,0.371944,openb-pod-5756
synthetic_00816,preprocessing,preprocessing,1,1,,4.152,10.3515625,1,0.25,0.35,0.35,0.00035,12,23,15,0.0075,openb-pod-0883
synthetic_00817,preprocessing,preprocessing,1,1,,3.152,5.46875,1,0.25,0.07,0.07,7e-05,59,66,15,0.036667,openb-pod-4154
synthetic_00818,preprocessing,preprocessing,1,1,,11.908,46.0,1,0.25,0.35,0.35,0.00035,83,91,15,0.154722,openb-pod-7225
synthetic_00819,preprocessing,preprocessing,1,1,P100|T4|V100M16|V100M32,11.908,46.0,3,0.75,0.07,0.07,7e-05,13,18,15,0.584167,openb-pod-0087
synthetic_00820,preprocessing,preprocessing,1,1,G2|P100|T4|V100M16|V100M32,11.4,47.0,2,0.5,0.25,0.25,0.00025,35,42,15,0.433889,openb-pod-3679
synthetic_00821,training,training,1,1,V100M16|V100M32,11.3,48.0,1,0.25,0.25,0.25,0.00025,60,68,15,0.023611,openb-pod-7688
synthetic_00822,fine_tuning,fine_tuning,1,1,P100,3.152,5.46875,1,0.25,0.25,0.25,0.00025,15,21,15,0.091389,openb-pod-7298
synthetic_00823,preprocessing,preprocessing,1,1,,3.152,5.46875,1,0.25,0.35,0.35,0.00035,70,79,15,0.062778,openb-pod-0567
synthetic_00824,preprocessing,preprocessing,1,1,,8.0,32.0,2,0.5,0.25,0.25,0.00025,62,75,15,0.333611,openb-pod-1221
synthetic_00825,fine_tuning,fine_tuning,1,1,T4,3.152,5.46875,1,0.25,0.07,0.07,7e-05,88,95,15,0.116389,openb-pod-7892
synthetic_00826,preprocessing,preprocessing,1,1,,11.908,46.0,2,0.5,0.35,0.35,0.00035,49,62,15,0.383611,openb-pod-4369
synthetic_00827,preprocessing,preprocessing,1,1,,11.4,47.0,2,0.5,0.25,0.25,0.00025,36,44,15,0.390556,openb-pod-4495
synthetic_00828,preprocessing,preprocessing,1,1,,3.152,5.46875,1,0.25,0.35,0.35,0.00035,74,80,15,0.024722,openb-pod-7294
synthetic_00829,fine_tuning,fine_tuning,1,1,T4,3.152,5.46875,1,0.25,0.07,0.07,7e-05,5,12,15,0.022778,openb-pod-1692
synthetic_00830,preprocessing,preprocessing,1,1,,8.0,32.0,2,0.5,0.25,0.25,0.00025,61,68,15,0.324167,openb-pod-2606
synthetic_00831,preprocessing,preprocessing,1,1,,3.152,5.46875,1,0.25,0.35,0.35,0.00035,72,82,15,0.048611,openb-pod-0256
synthetic_00832,fine_tuning,fine_tuning,1,1,T4,3.152,5.46875,1,0.25,0.07,0.07,7e-05,70,80,15,0.151389,openb-pod-3364
synthetic_00833,preprocessing,preprocessing,1,1,,3.152,5.46875,1,0.25,0.25,0.25,0.00025,78,90,15,0.056111,openb-pod-0356
synthetic_00834,preprocessing,preprocessing,1,1,,11.908,46.0,1,0.25,0.35,0.35,0.00035,67,79,15,0.121111,openb-pod-6528
synthetic_00835,preprocessing,preprocessing,1,1,,4.152,10.3515625,1,0.25,0.35,0.35,0.00035,75,82,15,0.0075,openb-pod-1223
synthetic_00836,preprocessing,preprocessing,1,1,,14.2,57.0,1,0.25,0.07,0.07,7e-05,51,64,15,0.186111,openb-pod-6241
synthetic_00837,training,training,1,1,V100M16|V100M32,12.0,24.0,5,1.25,0.25,0.25,0.00025,65,77,15,1.016389,openb-pod-2754
synthetic_00838,fine_tuning,fine_tuning,1,1,T4,4.0,30.517578125,6,1.5,0.07,0.07,7e-05,48,59,15,1.415556,openb-pod-2347
synthetic_00839,training,training,1,1,V100M16|V100M32,18.708,63.0,1,0.25,0.25,0.25,0.00025,57,70,15,0.150278,openb-pod-2596
synthetic_00840,preprocessing,preprocessing,1,1,,3.152,5.46875,1,0.25,0.15,0.15,0.00015,34,43,15,0.051389,openb-pod-0464
synthetic_00841,preprocessing,preprocessing,1,1,,3.152,5.46875,1,0.25,0.25,0.25,0.00025,31,46,15,0.0075,openb-pod-7888
synthetic_00842,preprocessing,preprocessing,1,1,,3.152,5.46875,1,0.25,0.25,0.25,0.00025,79,85,15,0.029167,openb-pod-7893
synthetic_00843,preprocessing,preprocessing,1,1,,3.152,5.46875,1,0.25,0.25,0.25,0.00025,0,6,15,0.005278,openb-pod-0973
synthetic_00844,preprocessing,preprocessing,1,1,,3.152,5.46875,1,0.25,0.35,0.35,0.00035,73,80,15,0.056111,openb-pod-0356
synthetic_00845,fine_tuning,fine_tuning,1,1,T4,24.2,91.0,3,0.75,0.07,0.07,7e-05,20,24,15,0.502222,openb-pod-6610
synthetic_00846,preprocessing,preprocessing,1,1,,11.3,48.0,1,0.25,0.35,0.35,0.00035,50,61,15,0.151667,openb-pod-5648
synthetic_00847,fine_tuning,fine_tuning,1,1,G2,11.3,48.0,4,1.0,0.35,0.35,0.00035,62,76,15,0.968056,openb-pod-6897
synthetic_00848,fine_tuning,fine_tuning,1,1,G2,3.152,5.46875,1,0.25,0.35,0.35,0.00035,0,4,15,0.033333,openb-pod-0155
synthetic_00849,fine_tuning,fine_tuning,1,1,T4,3.152,5.46875,3,0.75,0.07,0.07,7e-05,51,63,15,0.661111,openb-pod-7914
synthetic_00850,preprocessing,preprocessing,1,1,,11.3,48.0,1,0.25,0.25,0.25,0.00025,67,76,15,0.016389,openb-pod-7210
synthetic_00851,preprocessing,preprocessing,1,1,,4.0,14.900390625,1,0.25,0.07,0.07,7e-05,82,86,15,0.101944,openb-pod-0465
synthetic_00852,preprocessing,preprocessing,1,1,,3.152,5.46875,2,0.5,0.35,0.35,0.00035,20,28,15,0.357222,openb-pod-7227
synthetic_00853,preprocessing,preprocessing,1,1,G2|P100|T4|V100M16|V100M32,8.0,16.0,7,1.75,0.25,0.25,0.00025,56,62,15,1.672222,openb-pod-3690
synthetic_00854,preprocessing,preprocessing,1,1,,11.3,48.0,1,0.25,0.35,0.35,0.00035,41,55,15,0.070556,openb-pod-5058
synthetic_00855,preprocessing,preprocessing,1,1,,18.708,63.0,3,0.75,0.25,0.25,0.00025,46,58,15,0.643333,openb-pod-4000
synthetic_00856,preprocessing,preprocessing,1,1,,9.81,40.5859375,1,0.25,0.25,0.25,0.00025,83,92,15,0.088333,openb-pod-6410
synthetic_00857,fine_tuning,fine_tuning,1,1,T4,11.3,48.0,1,0.25,0.07,0.07,7e-05,36,42,15,0.226667,openb-pod-4706
synthetic_00858,preprocessing,preprocessing,1,1,,3.152,5.46875,1,0.25,0.15,0.15,0.00015,21,29,15,0.041944,openb-pod-1587
synthetic_00859,fine_tuning,fine_tuning,1,1,P100,11.908,46.0,1,0.25,0.25,0.25,0.00025,76,84,15,0.012222,openb-pod-5063
synthetic_00860,preprocessing,preprocessing,1,1,,9.81,40.5859375,1,0.25,0.25,0.25,0.00025,31,44,15,0.118611,openb-pod-6409
synthetic_00861,preprocessing,preprocessing,1,1,,4.0,24.0,5,1.25,0.15,0.15,0.00015,0,6,15,1.1125,openb-pod-5247
synthetic_00862,fine_tuning,fine_tuning,1,1,T4,3.152,5.46875,1,0.25,0.07,0.07,7e-05,85,95,15,0.236944,openb-pod-3765
synthetic_00863,fine_tuning,fine_tuning,1,1,G2,15.7,57.0,4,1.0,0.35,0.35,0.00035,53,65,15,0.752222,openb-pod-3266
synthetic_00864,preprocessing,preprocessing,1,1,,16.0,64.0,8,2.0,0.25,0.25,0.00025,60,71,15,1.903333,openb-pod-2709
synthetic_00865,preprocessing,preprocessing,1,1,,8.0,16.0,2,0.5,0.35,0.35,0.00035,28,39,15,0.315556,openb-pod-3086
synthetic_00866,preprocessing,preprocessing,1,1,,3.152,5.46875,1,0.25,0.35,0.35,0.00035,0,12,15,0.084722,openb-pod-3249
synthetic_00867,preprocessing,preprocessing,1,1,,3.152,5.46875,1,0.25,0.35,0.35,0.00035,25,35,15,0.130833,openb-pod-7513
synthetic_00868,preprocessing,preprocessing,1,1,,11.3,48.0,1,0.25,0.35,0.35,0.00035,86,95,15,0.047778,openb-pod-7843
synthetic_00869,training,training,1,1,V100M16|V100M32,8.0,32.0,2,0.5,0.25,0.25,0.00025,82,93,15,0.4,openb-pod-6345
synthetic_00870,preprocessing,preprocessing,1,1,,11.3,48.0,1,0.25,0.25,0.25,0.00025,85,95,15,0.155278,openb-pod-4850
synthetic_00871,preprocessing,preprocessing,1,1,,8.0,29.8017578125,5,1.25,0.25,0.25,0.00025,62,74,15,1.193333,openb-pod-0471
synthetic_00872,preprocessing,preprocessing,1,1,,11.3,48.0,1,0.25,0.25,0.25,0.00025,83,95,15,0.017778,openb-pod-7228
synthetic_00873,preprocessing,preprocessing,1,1,,4.0,14.900390625,1,0.25,0.25,0.25,0.00025,2,15,15,0.015,openb-pod-4792
synthetic_00874,preprocessing,preprocessing,1,1,,24.2,91.0,3,0.75,0.35,0.35,0.00035,57,66,15,0.676944,openb-pod-0624
synthetic_00875,preprocessing,preprocessing,1,1,,11.908,46.0,1,0.25,0.07,0.07,7e-05,52,60,15,0.1675,openb-pod-3217
synthetic_00876,fine_tuning,fine_tuning,1,1,T4,3.152,5.46875,1,0.25,0.07,0.07,7e-05,26,37,15,0.065,openb-pod-0169
synthetic_00877,training,training,1,1,V100M16|V100M32,11.4,47.0,1,0.25,0.25,0.25,0.00025,26,38,15,0.121944,openb-pod-1475
synthetic_00878,preprocessing,preprocessing,1,1,,16.0,32.0,4,1.0,0.35,0.35,0.00035,70,81,15,0.901667,openb-pod-2976
synthetic_00879,preprocessing,preprocessing,1,1,,3.152,5.46875,1,0.25,0.25,0.25,0.00025,0,9,15,0.0675,openb-pod-2295
synthetic_00880,fine_tuning,fine_tuning,1,1,V100M32,11.3,48.0,1,0.25,0.25,0.25,0.00025,0,6,15,0.052222,openb-pod-4888
synthetic_00881,preprocessing,preprocessing,1,1,,4.0,22.3515625,1,0.25,0.25,0.25,0.00025,70,80,15,0.095278,openb-pod-0875
synthetic_00882,preprocessing,preprocessing,1,1,,11.3,48.0,5,1.25,0.35,0.35,0.00035,36,43,15,1.142222,openb-pod-7049
synthetic_00883,preprocessing,preprocessing,1,1,,11.3,37.0,8,2.0,0.35,0.35,0.00035,54,61,15,1.775833,openb-pod-0442
synthetic_00884,fine_tuning,fine_tuning,1,1,T4,12.0,16.0,1,0.25,0.07,0.07,7e-05,39,49,15,0.183056,openb-pod-2458
synthetic_00885,preprocessing,preprocessing,1,1,,4.0,14.900390625,1,0.25,0.25,0.25,0.00025,89,95,15,0.014444,openb-pod-5394
synthetic_00886,preprocessing,preprocessing,1,1,,8.0,29.8017578125,16,4.0,0.07,0.07,7e-05,8,18,15,3.942222,openb-pod-4512
synthetic_00887,preprocessing,preprocessing,1,1,,11.3,48.0,1,0.25,0.25,0.25,0.00025,70,81,15,0.061944,openb-pod-7757
synthetic_00888,preprocessing,preprocessing,1,1,,3.152,5.46875,1,0.25,0.25,0.25,0.00025,8,23,15,0.128333,openb-pod-3175
synthetic_00889,preprocessing,preprocessing,1,1,,3.152,5.46875,2,0.5,0.25,0.25,0.00025,1,15,15,0.326667,openb-pod-4780
synthetic_00890,fine_tuning,fine_tuning,1,1,P100,8.0,29.8017578125,1,0.25,0.25,0.25,0.00025,75,81,15,0.012222,openb-pod-0142
synthetic_00891,fine_tuning,fine_tuning,1,1,T4,4.0,14.900390625,1,0.25,0.07,0.07,7e-05,32,44,15,0.043333,openb-pod-2532
synthetic_00892,preprocessing,preprocessing,1,1,,16.0,32.0,2,0.5,0.35,0.35,0.00035,71,86,15,0.28,openb-pod-2948
synthetic_00893,preprocessing,preprocessing,1,1,,11.3,48.0,1,0.25,0.35,0.35,0.00035,77,88,15,0.193333,openb-pod-6804
synthetic_00894,preprocessing,preprocessing,1,1,,18.708,63.0,1,0.25,0.07,0.07,7e-05,58,68,15,0.22,openb-pod-0952
synthetic_00895,preprocessing,preprocessing,1,1,,11.4,76.0,1,0.25,0.25,0.25,0.00025,77,84,15,0.016389,openb-pod-7555
synthetic_00896,preprocessing,preprocessing,1,1,,3.152,5.46875,2,0.5,0.25,0.25,0.00025,69,81,15,0.258611,openb-pod-4010
synthetic_00897,fine_tuning,fine_tuning,1,1,T4,18.708,63.0,4,1.0,0.07,0.07,7e-05,19,28,15,0.763611,openb-pod-3639
synthetic_00898,preprocessing,preprocessing,1,1,,24.2,91.0,6,1.5,0.35,0.35,0.00035,18,23,15,1.351944,openb-pod-1265
synthetic_00899,preprocessing,preprocessing,1,1,,3.152,5.46875,1,0.25,0.25,0.25,0.00025,25,29,15,0.086944,openb-pod-0176
synthetic_00900,preprocessing,preprocessing,1,1,,3.152,5.46875,1,0.25,0.25,0.25,0.00025,63,77,15,0.005833,openb-pod-7556
synthetic_00901,fine_tuning,fine_tuning,1,1,T4,3.152,5.46875,1,0.25,0.07,0.07,7e-05,20,26,15,0.084722,openb-pod-3301
synthetic_00902,fine_tuning,fine_tuning,1,1,T4,3.152,5.46875,1,0.25,0.07,0.07,7e-05,27,36,15,0.084722,openb-pod-3301
synthetic_00903,preprocessing,preprocessing,1,1,,3.152,5.46875,5,1.25,0.35,0.35,0.00035,74,82,15,1.079444,openb-pod-1924
synthetic_00904,fine_tuning,fine_tuning,1,1,T4,16.0,64.0,1,0.25,0.07,0.07,7e-05,0,11,15,0.172778,openb-pod-3237
synthetic_00905,preprocessing,preprocessing,1,1,,11.3,48.0,2,0.5,0.35,0.35,0.00035,0,4,15,0.465,openb-pod-6255
synthetic_00906,preprocessing,preprocessing,1,1,,3.152,5.46875,1,0.25,0.25,0.25,0.00025,83,95,15,0.098611,openb-pod-2242
synthetic_00907,fine_tuning,fine_tuning,1,1,T4,12.0,24.0,1,0.25,0.07,0.07,7e-05,59,67,15,0.024167,openb-pod-6752
synthetic_00908,preprocessing,preprocessing,1,1,,3.152,5.46875,1,0.25,0.35,0.35,0.00035,43,55,15,0.123056,openb-pod-4805
synthetic_00909,fine_tuning,fine_tuning,1,1,T4,3.152,5.46875,1,0.25,0.07,0.07,7e-05,16,28,15,0.054722,openb-pod-0519
synthetic_00910,preprocessing,preprocessing,1,1,,4.0,14.900390625,6,1.5,0.25,0.25,0.00025,29,42,15,1.3625,openb-pod-4570
synthetic_00911,preprocessing,preprocessing,1,1,,3.152,5.46875,1,0.25,0.35,0.35,0.00035,8,23,15,0.040278,openb-pod-1258
synthetic_00912,preprocessing,preprocessing,1,1,,3.152,5.46875,11,2.75,0.07,0.07,7e-05,34,45,15,2.748889,openb-pod-4644
synthetic_00913,fine_tuning,fine_tuning,1,1,T4,3.152,5.46875,1,0.25,0.07,0.07,7e-05,76,85,15,0.08,openb-pod-1449
synthetic_00914,preprocessing,preprocessing,1,1,,12.0,24.0,7,1.75,0.25,0.25,0.00025,57,70,15,1.583056,openb-pod-0309
synthetic_00915,preprocessing,preprocessing,1,1,,15.2,79.0,1,0.25,0.25,0.25,0.00025,83,93,15,0.247222,openb-pod-3656
synthetic_00916,fine_tuning,fine_tuning,1,1,T4,12.0,16.0,5,1.25,0.07,0.07,7e-05,53,62,15,1.016667,openb-pod-1339
synthetic_00917,preprocessing,preprocessing,1,1,,15.7,57.0,3,0.75,0.35,0.35,0.00035,36,45,15,0.517222,openb-pod-2260
synthetic_00918,preprocessing,preprocessing,1,1,,3.152,5.46875,1,0.25,0.25,0.25,0.00025,37,45,15,0.06,openb-pod-3262
synthetic_00919,preprocessing,preprocessing,1,1,,11.908,46.0,1,0.25,0.25,0.25,0.00025,2,13,15,0.010833,openb-pod-5309
synthetic_00920,preprocessing,preprocessing,1,1,,12.0,24.0,1,0.25,0.25,0.25,0.00025,57,66,15,0.058611,openb-pod-3003
synthetic_00921,fine_tuning,fine_tuning,1,1,P100,4.152,10.3515625,1,0.25,0.25,0.25,0.00025,84,94,15,0.015,openb-pod-1073
synthetic_00922,preprocessing,preprocessing,8,8,,64.2,257.0,1,0.25,0.56,0.56,0.00056,78,88,15,0.123056,openb-pod-2265
synthetic_00923,fine_tuning,fine_tuning,1,1,T4,12.0,24.0,5,1.25,0.07,0.07,7e-05,64,75,15,1.0075,openb-pod-4135
synthetic_00924,fine_tuning,fine_tuning,1,1,G2,11.4,47.0,2,0.5,0.35,0.35,0.00035,0,9,15,0.36,openb-pod-3561
synthetic_00925,preprocessing,preprocessing,1,1,,11.908,46.0,2,0.5,0.35,0.35,0.00035,79,84,15,0.355833,openb-pod-1548
synthetic_00926,preprocessing,preprocessing,1,1,,3.152,5.46875,1,0.25,0.25,0.25,0.00025,0,6,15,0.046111,openb-pod-0227
synthetic_00927,fine_tuning,fine_tuning,1,1,T4,3.152,5.46875,1,0.25,0.07,0.07,7e-05,51,60,15,0.059167,openb-pod-5303
synthetic_00928,fine_tuning,fine_tuning,1,1,T4,3.152,5.46875,1,0.25,0.07,0.07,7e-05,87,95,15,0.033611,openb-pod-3968
synthetic_00929,preprocessing,preprocessing,8,8,,64.2,257.0,1,0.25,2.0,2.0,0.002,33,42,15,0.118056,openb-pod-2080
synthetic_00930,fine_tuning,fine_tuning,1,1,T4,11.3,48.0,3,0.75,0.07,0.07,7e-05,11,17,15,0.626667,openb-pod-6254
synthetic_00931,fine_tuning,fine_tuning,1,1,T4,4.0,24.0,5,1.25,0.07,0.07,7e-05,61,74,15,1.125,openb-pod-3272
synthetic_00932,preprocessing,preprocessing,1,1,,3.152,5.46875,1,0.25,0.25,0.25,0.00025,17,28,15,0.035833,openb-pod-2021
synthetic_00933,preprocessing,preprocessing,1,1,,11.908,46.0,1,0.25,0.25,0.25,0.00025,66,74,15,0.020833,openb-pod-3716
synthetic_00934,fine_tuning,fine_tuning,1,1,T4,3.152,5.46875,1,0.25,0.07,0.07,7e-05,9,20,15,0.093611,openb-pod-3155
synthetic_00935,preprocessing,preprocessing,1,1,,8.0,29.8017578125,2,0.5,0.35,0.35,0.00035,66,79,15,0.263056,openb-pod-6436
synthetic_00936,fine_tuning,fine_tuning,1,1,G2,12.0,24.0,4,1.0,0.35,0.35,0.00035,58,68,15,0.948056,openb-pod-0136
synthetic_00937,preprocessing,preprocessing,1,1,,4.0,24.0,5,1.25,0.15,0.15,0.00015,24,29,15,1.163056,openb-pod-0140
synthetic_00938,preprocessing,preprocessing,1,1,,11.3,48.0,1,0.25,0.35,0.35,0.00035,72,79,15,0.09,openb-pod-6160
synthetic_00939,preprocessing,preprocessing,1,1,,11.908,46.0,1,0.25,0.07,0.07,7e-05,25,32,15,0.135833,openb-pod-6553
synthetic_00940,preprocessing,preprocessing,1,1,,11.908,46.0,2,0.5,0.15,0.15,0.00015,9,17,15,0.435,openb-pod-5030
synthetic_00941,preprocessing,preprocessing,1,1,,9.81,40.5859375,4,1.0,0.35,0.35,0.00035,33,43,15,0.954444,openb-pod-3822
synthetic_00942,preprocessing,preprocessing,1,1,,11.908,46.0,1,0.25,0.25,0.25,0.00025,21,26,15,0.015833,openb-pod-5062
synthetic_00943,preprocessing,preprocessing,1,1,,11.3,48.0,1,0.25,0.07,0.07,7e-05,21,26,15,0.025556,openb-pod-5573
synthetic_00944,fine_tuning,fine_tuning,1,1,T4,4.0,14.900390625,1,0.25,0.07,0.07,7e-05,0,7,15,0.104722,openb-pod-3868
synthetic_00945,fine_tuning,fine_tuning,1,1,V100M32,4.0,24.0,5,1.25,0.25,0.25,0.00025,46,59,15,1.119444,openb-pod-3750
synthetic_00946,preprocessing,preprocessing,1,1,,11.4,47.0,6,1.5,0.25,0.25,0.00025,82,90,15,1.290833,openb-pod-2841
synthetic_00947,preprocessing,preprocessing,1,1,,11.3,48.0,3,0.75,0.25,0.25,0.00025,11,18,15,0.635556,openb-pod-6637
synthetic_00948,preprocessing,preprocessing,1,1,,3.152,5.46875,1,0.25,0.25,0.25,0.00025,0,12,15,0.003056,openb-pod-7138
synthetic_00949,training,training,1,1,V100M16|V100M32,11.4,47.0,2,0.5,0.25,0.25,0.00025,23,32,15,0.434722,openb-pod-4480
synthetic_00950,preprocessing,preprocessing,1,1,,11.9,76.0,4,1.0,0.25,0.25,0.00025,72,84,15,0.868611,openb-pod-3008
synthetic_00951,preprocessing,preprocessing,1,1,,9.81,40.5859375,1,0.25,0.07,0.07,7e-05,84,95,15,0.017778,openb-pod-3834
synthetic_00952,preprocessing,preprocessing,1,1,,11.4,47.0,2,0.5,0.25,0.25,0.00025,35,48,15,0.451667,openb-pod-0845
synthetic_00953,preprocessing,preprocessing,1,1,,3.152,5.46875,1,0.25,0.35,0.35,0.00035,83,91,15,0.006389,openb-pod-5814
synthetic_00954,preprocessing,preprocessing,1,1,,11.908,46.0,11,2.75,0.35,0.35,0.00035,74,83,15,2.685833,openb-pod-8053
synthetic_00955,preprocessing,preprocessing,1,1,,3.152,5.46875,1,0.25,0.35,0.35,0.00035,80,93,15,0.055,openb-pod-1818
synthetic_00956,preprocessing,preprocessing,1,1,A10|G2|P100|T4|V100M16|V100M32,9.81,40.5859375,4,1.0,0.25,0.25,0.00025,29,39,15,0.867778,openb-pod-3883
synthetic_00957,preprocessing,preprocessing,1,1,P100|V100M16|V100M32,14.2,57.0,1,0.25,0.25,0.25,0.00025,49,61,15,0.012222,openb-pod-5235
synthetic_00958,preprocessing,preprocessing,1,1,,12.0,15.0,4,1.0,0.35,0.35,0.00035,47,56,15,0.917222,openb-pod-3258
synthetic_00959,fine_tuning,fine_tuning,1,1,T4,3.152,5.46875,1,0.25,0.07,0.07,7e-05,76,82,15,0.084167,openb-pod-3085
synthetic_00960,training,training,1,1,V100M16|V100M32,11.3,48.0,3,0.75,0.25,0.25,0.00025,9,16,15,0.531389,openb-pod-5158
synthetic_00961,preprocessing,preprocessing,1,1,,3.152,5.46875,1,0.25,0.35,0.35,0.00035,0,5,15,0.055,openb-pod-2206
synthetic_00962,fine_tuning,fine_tuning,1,1,T4,3.152,5.46875,1,0.25,0.07,0.07,7e-05,80,91,15,0.074167,openb-pod-7559
synthetic_00963,fine_tuning,fine_tuning,1,1,G2,3.152,5.46875,1,0.25,0.35,0.35,0.00035,70,81,15,0.053333,openb-pod-0703
synthetic_00964,preprocessing,preprocessing,1,1,,3.152,5.46875,1,0.25,0.07,0.07,7e-05,0,6,15,0.009444,openb-pod-7199
synthetic_00965,preprocessing,preprocessing,1,1,,11.4,47.0,1,0.25,0.25,0.25,0.00025,52,63,15,0.195556,openb-pod-4524
synthetic_00966,preprocessing,preprocessing,1,1,,15.7,57.0,3,0.75,0.07,0.07,7e-05,0,7,15,0.583611,openb-pod-2505
synthetic_00967,preprocessing,preprocessing,1,1,,11.908,46.0,2,0.5,0.25,0.25,0.00025,30,37,15,0.316111,openb-pod-5399
synthetic_00968,preprocessing,preprocessing,1,1,,3.152,5.46875,1,0.25,0.15,0.15,0.00015,1,15,15,0.056389,openb-pod-3329
synthetic_00969,fine_tuning,fine_tuning,1,1,G2,15.7,57.0,3,0.75,0.35,0.35,0.00035,38,46,15,0.589167,openb-pod-1324
synthetic_00970,fine_tuning,fine_tuning,1,1,P100,3.152,5.46875,1,0.25,0.25,0.25,0.00025,39,52,15,0.036944,openb-pod-6916
synthetic_00971,preprocessing,preprocessing,1,1,,3.152,5.46875,1,0.25,0.35,0.35,0.00035,63,74,15,0.058333,openb-pod-2183
synthetic_00972,preprocessing,preprocessing,1,1,,3.152,5.46875,1,0.25,0.07,0.07,7e-05,36,40,15,0.048056,openb-pod-0264
synthetic_00973,preprocessing,preprocessing,1,1,,12.0,15.0,15,3.75,0.25,0.25,0.00025,20,27,15,3.616944,openb-pod-0821
synthetic_00974,fine_tuning,fine_tuning,1,1,T4,11.4,47.0,1,0.25,0.07,0.07,7e-05,12,24,15,0.061111,openb-pod-2457
synthetic_00975,preprocessing,preprocessing,1,1,,4.0,24.0,5,1.25,0.35,0.35,0.00035,0,11,15,1.235278,openb-pod-6845
synthetic_00976,preprocessing,preprocessing,1,1,,3.152,5.46875,5,1.25,0.25,0.25,0.00025,22,33,15,1.092778,openb-pod-4138
synthetic_00977,preprocessing,preprocessing,1,1,,11.908,46.0,9,2.25,0.25,0.25,0.00025,75,84,15,2.147222,openb-pod-8054
synthetic_00978,fine_tuning,fine_tuning,1,1,T4,11.908,46.0,2,0.5,0.07,0.07,7e-05,44,55,15,0.313889,openb-pod-4381
synthetic_00979,preprocessing,preprocessing,1,1,,11.3,37.0,2,0.5,0.35,0.35,0.00035,76,83,15,0.485278,openb-pod-4167
synthetic_00980,fine_tuning,fine_tuning,1,1,T4,11.3,48.0,1,0.25,0.07,0.07,7e-05,73,84,15,0.016944,openb-pod-4918
synthetic_00981,preprocessing,preprocessing,1,1,,11.9,76.0,2,0.5,0.25,0.25,0.00025,84,94,15,0.292222,openb-pod-3143
synthetic_00982,preprocessing,preprocessing,1,1,,11.4,47.0,4,1.0,0.25,0.25,0.00025,77,85,15,0.871389,openb-pod-3257
synthetic_00983,preprocessing,preprocessing,1,1,,3.152,5.46875,1,0.25,0.25,0.25,0.00025,49,56,15,0.063889,openb-pod-3309
synthetic_00984,preprocessing,preprocessing,1,1,,3.152,5.46875,1,0.25,0.35,0.35,0.00035,65,74,15,0.029167,openb-pod-7893
synthetic_00985,preprocessing,preprocessing,1,1,,3.152,5.46875,1,0.25,0.25,0.25,0.00025,17,25,15,0.045,openb-pod-7370
synthetic_00986,fine_tuning,fine_tuning,1,1,T4,11.3,48.0,1,0.25,0.07,0.07,7e-05,26,41,15,0.051389,openb-pod-7898
synthetic_00987,preprocessing,preprocessing,1,1,,18.708,63.0,1,0.25,0.25,0.25,0.00025,28,41,15,0.009722,openb-pod-0072
synthetic_00988,preprocessing,preprocessing,1,1,,11.908,46.0,1,0.25,0.25,0.25,0.00025,91,95,15,0.045,openb-pod-6225
synthetic_00989,preprocessing,preprocessing,1,1,,8.0,29.8017578125,5,1.25,0.07,0.07,7e-05,75,89,15,1.192778,openb-pod-2902
synthetic_00990,fine_tuning,fine_tuning,1,1,T4,11.4,47.0,1,0.25,0.07,0.07,7e-05,30,41,15,0.175556,openb-pod-4499
synthetic_00991,fine_tuning,fine_tuning,1,1,T4,11.908,46.0,1,0.25,0.07,0.07,7e-05,24,35,15,0.023056,openb-pod-2766
synthetic_00992,preprocessing,preprocessing,1,1,,11.908,46.0,1,0.25,0.35,0.35,0.00035,28,35,15,0.018889,openb-pod-6825
synthetic_00993,fine_tuning,fine_tuning,1,1,T4,11.3,48.0,1,0.25,0.07,0.07,7e-05,54,68,15,0.013611,openb-pod-4643
synthetic_00994,preprocessing,preprocessing,1,1,,3.152,5.46875,4,1.0,0.25,0.25,0.00025,73,88,15,0.870278,openb-pod-3987
synthetic_00995,preprocessing,preprocessing,1,1,,3.152,5.46875,1,0.25,0.07,0.07,7e-05,40,53,15,0.051944,openb-pod-1143
synthetic_00996,preprocessing,preprocessing,1,1,,4.0,22.3515625,5,1.25,0.07,0.07,7e-05,40,46,15,1.206667,openb-pod-5005
synthetic_00997,preprocessing,preprocessing,1,1,,3.152,5.46875,1,0.25,0.35,0.35,0.00035,43,53,15,0.0425,openb-pod-7341
synthetic_00998,fine_tuning,fine_tuning,1,1,G3,4.0,24.0,5,1.25,0.35,0.35,0.00035,38,48,15,1.110833,openb-pod-4762
synthetic_00999,preprocessing,preprocessing,1,1,,8.0,29.8017578125,1,0.25,0.25,0.25,0.00025,88,95,15,0.013611,openb-pod-2440
synthetic_01000,preprocessing,preprocessing,1,1,,15.4,88.0,2,0.5,0.25,0.25,0.00025,66,74,15,0.338333,openb-pod-6500
synthetic_01001,preprocessing,preprocessing,1,1,,6.0,6.0,1,0.25,0.35,0.35,0.00035,21,31,15,0.1575,openb-pod-2631
synthetic_01002,preprocessing,preprocessing,1,1,,4.0,22.3515625,2,0.5,0.35,0.35,0.00035,63,67,15,0.281389,openb-pod-1142
synthetic_01003,fine_tuning,fine_tuning,1,1,P100,8.0,29.8017578125,1,0.25,0.25,0.25,0.00025,38,43,15,0.012222,openb-pod-0142
synthetic_01004,preprocessing,preprocessing,1,1,,11.9,76.0,1,0.25,0.25,0.25,0.00025,35,51,15,0.133611,openb-pod-2466
synthetic_01005,preprocessing,preprocessing,1,1,,11.3,48.0,1,0.25,0.35,0.35,0.00035,37,49,15,0.223611,openb-pod-5874
synthetic_01006,fine_tuning,fine_tuning,1,1,T4,11.4,47.0,5,1.25,0.07,0.07,7e-05,40,50,15,1.243611,openb-pod-0846
synthetic_01007,fine_tuning,fine_tuning,1,1,T4,3.152,5.46875,1,0.25,0.07,0.07,7e-05,58,67,15,0.042222,openb-pod-2155
synthetic_01008,preprocessing,preprocessing,1,1,,3.152,5.46875,1,0.25,0.15,0.15,0.00015,86,95,15,0.018611,openb-pod-1608
synthetic_01009,preprocessing,preprocessing,1,1,,12.0,16.0,1,0.25,0.25,0.25,0.00025,53,63,15,0.233056,openb-pod-5582
synthetic_01010,preprocessing,preprocessing,1,1,,4.0,29.8017578125,2,0.5,0.35,0.35,0.00035,10,23,15,0.339167,openb-pod-7598
synthetic_01011,preprocessing,preprocessing,1,1,,4.0,29.8017578125,1,0.25,0.35,0.35,0.00035,13,23,15,0.031111,openb-pod-2098
synthetic_01012,preprocessing,preprocessing,1,1,,8.0,29.8017578125,1,0.25,0.25,0.25,0.00025,43,52,15,0.2175,openb-pod-2325
synthetic_01013,preprocessing,preprocessing,1,1,,12.0,16.0,5,1.25,0.25,0.25,0.00025,77,89,15,1.165556,openb-pod-6081
synthetic_01014,preprocessing,preprocessing,1,1,,11.4,47.0,1,0.25,0.07,0.07,7e-05,11,24,15,0.026667,openb-pod-3039
synthetic_01015,preprocessing,preprocessing,1,1,,8.0,29.8017578125,2,0.5,0.35,0.35,0.00035,77,92,15,0.3525,openb-pod-2273
synthetic_01016,preprocessing,preprocessing,1,1,,4.0,24.0,1,0.25,0.25,0.25,0.00025,57,69,15,0.124722,openb-pod-7039
synthetic_01017,preprocessing,preprocessing,1,1,,11.3,48.0,7,1.75,0.35,0.35,0.00035,14,24,15,1.647778,openb-pod-7776
synthetic_01018,preprocessing,preprocessing,1,1,,4.0,29.8017578125,1,0.25,0.15,0.15,0.00015,0,8,15,0.035556,openb-pod-0592
synthetic_01019,preprocessing,preprocessing,1,1,,11.4,47.0,1,0.25,0.25,0.25,0.00025,2,15,15,0.066667,openb-pod-3889
synthetic_01020,fine_tuning,fine_tuning,1,1,T4,4.0,22.3515625,1,0.25,0.07,0.07,7e-05,62,71,15,0.099167,openb-pod-3277
synthetic_01021,preprocessing,preprocessing,1,1,,11.908,46.0,13,3.25,0.35,0.35,0.00035,42,50,15,3.154444,openb-pod-5512
synthetic_01022,preprocessing,preprocessing,1,1,,4.0,14.900390625,1,0.25,0.25,0.25,0.00025,26,30,15,0.149722,openb-pod-0137
synthetic_01023,preprocessing,preprocessing,1,1,,8.0,16.0,6,1.5,0.25,0.25,0.00025,56,70,15,1.297222,openb-pod-2050
synthetic_01024,preprocessing,preprocessing,1,1,,8.2,33.0,2,0.5,0.25,0.25,0.00025,61,66,15,0.381667,openb-pod-4963
synthetic_01025,preprocessing,preprocessing,1,1,,3.152,5.46875,1,0.25,0.35,0.35,0.00035,27,36,15,0.030278,openb-pod-1080
synthetic_01026,preprocessing,preprocessing,1,1,,11.908,46.0,6,1.5,0.07,0.07,7e-05,27,43,15,1.378611,openb-pod-2636
synthetic_01027,fine_tuning,fine_tuning,1,1,T4,3.152,5.46875,1,0.25,0.07,0.07,7e-05,6,13,15,0.070833,openb-pod-1456
synthetic_01028,preprocessing,preprocessing,1,1,,3.152,5.46875,1,0.25,0.35,0.35,0.00035,63,69,15,0.095556,openb-pod-3146
synthetic_01029,fine_tuning,fine_tuning,1,1,T4,1.0,6.0,7,1.75,0.07,0.07,7e-05,55,62,15,1.623056,openb-pod-2158
synthetic_01030,preprocessing,preprocessing,1,1,,8.0,29.8017578125,1,0.25,0.35,0.35,0.00035,79,89,15,0.016389,openb-pod-0166
synthetic_01031,preprocessing,preprocessing,1,1,,3.152,5.46875,1,0.25,0.25,0.25,0.00025,36,43,15,0.0675,openb-pod-2295
synthetic_01032,preprocessing,preprocessing,1,1,,11.4,76.0,1,0.25,0.15,0.15,0.00015,43,52,15,0.121667,openb-pod-8043
synthetic_01033,training,training,1,1,V100M16|V100M32,11.3,48.0,1,0.25,0.25,0.25,0.00025,47,61,15,0.220278,openb-pod-4673
synthetic_01034,fine_tuning,fine_tuning,1,1,T4,11.3,48.0,1,0.25,0.07,0.07,7e-05,65,80,15,0.226667,openb-pod-4706
synthetic_01035,preprocessing,preprocessing,1,1,,4.0,29.8017578125,4,1.0,0.35,0.35,0.00035,79,88,15,0.824444,openb-pod-3666
synthetic_01036,preprocessing,preprocessing,1,1,,4.0,14.900390625,5,1.25,0.25,0.25,0.00025,0,3,15,1.047222,openb-pod-2297
synthetic_01037,preprocessing,preprocessing,1,1,,8.0,29.8017578125,1,0.25,0.25,0.25,0.00025,58,63,15,0.018056,openb-pod-4206
synthetic_01038,preprocessing,preprocessing,1,1,,11.908,46.0,1,0.25,0.07,0.07,7e-05,44,58,15,0.008889,openb-pod-3603
synthetic_01039,preprocessing,preprocessing,1,1,,11.908,46.0,1,0.25,0.25,0.25,0.00025,57,73,15,0.21,openb-pod-2421
synthetic_01040,fine_tuning,fine_tuning,1,1,T4,3.152,5.46875,1,0.25,0.07,0.07,7e-05,55,67,15,0.025,openb-pod-1855
synthetic_01041,preprocessing,preprocessing,1,1,,11.3,48.0,1,0.25,0.25,0.25,0.00025,43,52,15,0.089722,openb-pod-7770
synthetic_01042,fine_tuning,fine_tuning,1,1,T4,11.3,48.0,2,0.5,0.07,0.07,7e-05,45,54,15,0.487778,openb-pod-5902
synthetic_01043,fine_tuning,fine_tuning,1,1,T4,14.2,57.0,1,0.25,0.07,0.07,7e-05,34,44,15,0.133333,openb-pod-5860
synthetic_01044,preprocessing,preprocessing,1,1,,11.908,46.0,4,1.0,0.25,0.25,0.00025,50,63,15,0.892222,openb-pod-3149
synthetic_01045,preprocessing,preprocessing,1,1,G2|P100|T4|V100M16|V100M32,3.152,5.46875,1,0.25,0.25,0.25,0.00025,79,91,15,0.054444,openb-pod-0863
synthetic_01046,fine_tuning,fine_tuning,1,1,T4,11.4,47.0,4,1.0,0.07,0.07,7e-05,2,16,15,0.782778,openb-pod-5840
synthetic_01047,preprocessing,preprocessing,1,1,,11.4,47.0,5,1.25,0.35,0.35,0.00035,51,63,15,1.111944,openb-pod-2578
synthetic_01048,preprocessing,preprocessing,1,1,,4.152,10.3515625,2,0.5,0.25,0.25,0.00025,0,12,15,0.381111,openb-pod-0992
synthetic_01049,preprocessing,preprocessing,1,1,,4.0,22.3515625,1,0.25,0.25,0.25,0.00025,68,78,15,0.170556,openb-pod-7979
synthetic_01050,preprocessing,preprocessing,1,1,,8.0,32.0,1,0.25,0.25,0.25,0.00025,48,58,15,0.131944,openb-pod-6058
synthetic_01051,preprocessing,preprocessing,1,1,,11.908,46.0,1,0.25,0.25,0.25,0.00025,51,62,15,0.100833,openb-pod-6739
synthetic_01052,fine_tuning,fine_tuning,1,1,T4,12.0,24.0,1,0.25,0.07,0.07,7e-05,43,53,15,0.024167,openb-pod-6752
synthetic_01053,preprocessing,preprocessing,1,1,,15.7,57.0,3,0.75,0.25,0.25,0.00025,2,12,15,0.625278,openb-pod-2479
synthetic_01054,preprocessing,preprocessing,1,1,,3.152,5.46875,1,0.25,0.07,0.07,7e-05,12,21,15,0.055556,openb-pod-1051
synthetic_01055,fine_tuning,fine_tuning,1,1,G2,11.3,48.0,1,0.25,0.35,0.35,0.00035,0,7,15,0.228056,openb-pod-4863
synthetic_01056,fine_tuning,fine_tuning,1,1,T4,16.0,32.0,6,1.5,0.07,0.07,7e-05,34,42,15,1.3675,openb-pod-3890
synthetic_01057,preprocessing,preprocessing,1,1,,12.0,15.0,7,1.75,0.35,0.35,0.00035,21,34,15,1.5825,openb-pod-3838
synthetic_01058,preprocessing,preprocessing,1,1,,11.3,48.0,3,0.75,0.25,0.25,0.00025,5,15,15,0.531667,openb-pod-5137
synthetic_01059,fine_tuning,fine_tuning,1,1,P100,3.152,5.46875,1,0.25,0.25,0.25,0.00025,28,39,15,0.1225,openb-pod-3730
synthetic_01060,preprocessing,preprocessing,1,1,,3.152,5.46875,2,0.5,0.07,0.07,7e-05,0,9,15,0.260278,openb-pod-3575
synthetic_01061,training,training,1,1,V100M16|V100M32,11.3,48.0,1,0.25,0.25,0.25,0.00025,2,13,15,0.074167,openb-pod-7663
synthetic_01062,fine_tuning,fine_tuning,1,1,G2,12.0,24.0,11,2.75,0.35,0.35,0.00035,47,56,15,2.516944,openb-pod-0762
synthetic_01063,preprocessing,preprocessing,1,1,,11.908,46.0,1,0.25,0.25,0.25,0.00025,55,62,15,0.157222,openb-pod-7079
synthetic_01064,preprocessing,preprocessing,1,1,,3.152,5.46875,2,0.5,0.07,0.07,7e-05,12,26,15,0.267778,openb-pod-5833
synthetic_01065,preprocessing,preprocessing,1,1,,11.908,46.0,2,0.5,0.25,0.25,0.00025,41,50,15,0.345833,openb-pod-7269
synthetic_01066,fine_tuning,fine_tuning,1,1,P100,4.152,10.3515625,2,0.5,0.25,0.25,0.00025,18,27,15,0.323889,openb-pod-2201
synthetic_01067,preprocessing,preprocessing,1,1,,11.3,48.0,2,0.5,0.25,0.25,0.00025,62,66,15,0.465,openb-pod-6255
synthetic_01068,preprocessing,preprocessing,1,1,,6.0,8.0,7,1.75,0.07,0.07,7e-05,0,8,15,1.599444,openb-pod-4832
synthetic_01069,preprocessing,preprocessing,1,1,,11.908,46.0,1,0.25,0.35,0.35,0.00035,18,29,15,0.006944,openb-pod-4612
synthetic_01070,fine_tuning,fine_tuning,1,1,T4,8.0,16.0,8,2.0,0.07,0.07,7e-05,63,68,15,1.9975,openb-pod-1077
synthetic_01071,fine_tuning,fine_tuning,1,1,T4,12.0,15.0,3,0.75,0.07,0.07,7e-05,14,21,15,0.533056,openb-pod-1918
synthetic_01072,fine_tuning,fine_tuning,1,1,T4,11.3,48.0,1,0.25,0.07,0.07,7e-05,54,64,15,0.074444,openb-pod-7775
synthetic_01073,fine_tuning,fine_tuning,1,1,T4,4.0,14.900390625,1,0.25,0.07,0.07,7e-05,41,51,15,0.155556,openb-pod-5439
synthetic_01074,preprocessing,preprocessing,1,1,,2.0,16.0,12,3.0,0.35,0.35,0.00035,55,62,15,2.887778,openb-pod-5333
synthetic_01075,preprocessing,preprocessing,1,1,,6.0,12.0,1,0.25,0.35,0.35,0.00035,6,14,15,0.131111,openb-pod-5113
synthetic_01076,preprocessing,preprocessing,1,1,,3.152,5.46875,1,0.25,0.25,0.25,0.00025,65,75,15,0.0225,openb-pod-1738
synthetic_01077,preprocessing,preprocessing,1,1,,11.4,47.0,1,0.25,0.25,0.25,0.00025,45,56,15,0.047778,openb-pod-3967
synthetic_01078,preprocessing,preprocessing,1,1,,3.152,5.46875,1,0.25,0.35,0.35,0.00035,20,27,15,0.088611,openb-pod-4042
synthetic_01079,preprocessing,preprocessing,1,1,,11.4,47.0,1,0.25,0.35,0.35,0.00035,26,37,15,0.240556,openb-pod-3548
synthetic_01080,training,training,1,1,V100M16|V100M32,4.0,30.517578125,8,2.0,0.25,0.25,0.00025,66,76,15,1.812222,openb-pod-0598
synthetic_01081,preprocessing,preprocessing,1,1,,18.708,63.0,3,0.75,0.07,0.07,7e-05,35,47,15,0.643333,openb-pod-4000
synthetic_01082,preprocessing,preprocessing,1,1,,3.152,5.46875,1,0.25,0.25,0.25,0.00025,0,5,15,0.023056,openb-pod-4157
synthetic_01083,preprocessing,preprocessing,1,1,P100|V100M16|V100M32,14.2,57.0,1,0.25,0.25,0.25,0.00025,45,53,15,0.012222,openb-pod-5235
synthetic_01084,preprocessing,preprocessing,1,1,,8.0,32.0,6,1.5,0.25,0.25,0.00025,63,72,15,1.433333,openb-pod-3966
synthetic_01085,preprocessing,preprocessing,1,1,,6.0,6.0,1,0.25,0.25,0.25,0.00025,31,39,15,0.117222,openb-pod-3455
synthetic_01086,preprocessing,preprocessing,1,1,,6.0,6.0,1,0.25,0.25,0.25,0.00025,65,75,15,0.166389,openb-pod-0125
synthetic_01087,fine_tuning,fine_tuning,1,1,P100,11.908,46.0,1,0.25,0.25,0.25,0.00025,33,46,15,0.017778,openb-pod-1682
synthetic_01088,preprocessing,preprocessing,1,1,,16.4,123.0,1,0.25,0.15,0.15,0.00015,25,35,15,0.119167,openb-pod-6784
synthetic_01089,fine_tuning,fine_tuning,1,1,T4,11.4,47.0,1,0.25,0.07,0.07,7e-05,5,12,15,0.113611,openb-pod-2958
synthetic_01090,preprocessing,preprocessing,1,1,P100|V100M16|V100M32,11.4,47.0,1,0.25,0.25,0.25,0.00025,74,84,15,0.049167,openb-pod-4556
synthetic_01091,preprocessing,preprocessing,1,1,,11.4,47.0,8,2.0,0.35,0.35,0.00035,78,84,15,1.885556,openb-pod-3179
synthetic_01092,preprocessing,preprocessing,1,1,,11.4,47.0,3,0.75,0.07,0.07,7e-05,43,47,15,0.540833,openb-pod-3153
synthetic_01093,fine_tuning,fine_tuning,1,1,T4,16.0,64.0,14,3.5,0.07,0.07,7e-05,74,82,15,3.323611,openb-pod-5074
synthetic_01094,fine_tuning,fine_tuning,1,1,T4,3.152,5.46875,1,0.25,0.07,0.07,7e-05,9,17,15,0.236944,openb-pod-3765
synthetic_01095,fine_tuning,fine_tuning,1,1,V100M32,11.3,48.0,1,0.25,0.25,0.25,0.00025,7,11,15,0.232222,openb-pod-6394
synthetic_01096,preprocessing,preprocessing,1,1,,3.152,5.46875,1,0.25,0.25,0.25,0.00025,86,95,15,0.053056,openb-pod-1422
synthetic_01097,preprocessing,preprocessing,1,1,,4.0,24.0,5,1.25,0.25,0.25,0.00025,72,80,15,1.039722,openb-pod-5260
synthetic_01098,preprocessing,preprocessing,1,1,,15.7,57.0,3,0.75,0.35,0.35,0.00035,6,17,15,0.593056,openb-pod-2946
synthetic_01099,training,training,1,1,V100M16|V100M32,18.708,63.0,1,0.25,0.25,0.25,0.00025,80,88,15,0.014167,openb-pod-1323
synthetic_01100,preprocessing,preprocessing,1,1,,12.0,24.0,12,3.0,0.07,0.07,7e-05,67,77,15,2.898333,openb-pod-6603
synthetic_01101,fine_tuning,fine_tuning,1,1,T4,3.152,5.46875,1,0.25,0.07,0.07,7e-05,84,93,15,0.109444,openb-pod-0981
synthetic_01102,preprocessing,preprocessing,1,1,,6.0,6.0,2,0.5,0.15,0.15,0.00015,55,66,15,0.258056,openb-pod-0080
synthetic_01103,training,training,1,1,V100M16|V100M32,3.152,5.46875,1,0.25,0.25,0.25,0.00025,63,74,15,0.064444,openb-pod-0994
synthetic_01104,preprocessing,preprocessing,1,1,,3.152,5.46875,1,0.25,0.25,0.25,0.00025,63,77,15,0.064722,openb-pod-3178
synthetic_01105,fine_tuning,fine_tuning,1,1,G3,12.0,16.0,1,0.25,0.35,0.35,0.00035,66,77,15,0.149722,openb-pod-3250
synthetic_01106,preprocessing,preprocessing,1,1,,24.2,91.0,3,0.75,0.07,0.07,7e-05,34,42,15,0.660833,openb-pod-7206
synthetic_01107,preprocessing,preprocessing,1,1,,9.81,40.5859375,2,0.5,0.25,0.25,0.00025,16,25,15,0.411944,openb-pod-0526
synthetic_01108,preprocessing,preprocessing,1,1,,11.4,47.0,3,0.75,0.35,0.35,0.00035,44,59,15,0.510278,openb-pod-3392
synthetic_01109,preprocessing,preprocessing,1,1,,3.152,5.46875,1,0.25,0.35,0.35,0.00035,60,69,15,0.059722,openb-pod-1410
synthetic_01110,fine_tuning,fine_tuning,1,1,P100,3.152,5.46875,1,0.25,0.25,0.25,0.00025,86,95,15,0.117778,openb-pod-7056
synthetic_01111,preprocessing,preprocessing,1,1,A10|G2|T4|V100M16|V100M32,11.3,48.0,1,0.25,0.25,0.25,0.00025,71,80,15,0.0175,openb-pod-7650
synthetic_01112,training,training,1,1,V100M16|V100M32,11.4,47.0,1,0.25,0.25,0.25,0.00025,27,36,15,0.040556,openb-pod-2075
synthetic_01113,preprocessing,preprocessing,1,1,,3.152,5.46875,2,0.5,0.35,0.35,0.00035,6,14,15,0.261944,openb-pod-5181
synthetic_01114,preprocessing,preprocessing,1,1,,3.152,5.46875,1,0.25,0.35,0.35,0.00035,49,56,15,0.090556,openb-pod-1293
synthetic_01115,preprocessing,preprocessing,1,1,,11.3,48.0,1,0.25,0.15,0.15,0.00015,59,65,15,0.016389,openb-pod-4917
synthetic_01116,fine_tuning,fine_tuning,1,1,G2,11.4,47.0,2,0.5,0.35,0.35,0.00035,5,16,15,0.359722,openb-pod-4150
synthetic_01117,preprocessing,preprocessing,1,1,,4.152,10.3515625,1,0.25,0.25,0.25,0.00025,13,25,15,0.189722,openb-pod-2570
synthetic_01118,fine_tuning,fine_tuning,1,1,P100,4.152,10.3515625,1,0.25,0.25,0.25,0.00025,26,38,15,0.008333,openb-pod-1034
synthetic_01119,preprocessing,preprocessing,1,1,,3.152,5.46875,1,0.25,0.25,0.25,0.00025,0,16,15,0.049722,openb-pod-0399
synthetic_01120,preprocessing,preprocessing,1,1,,24.2,91.0,2,0.5,0.25,0.25,0.00025,56,67,15,0.378889,openb-pod-5956
synthetic_01121,preprocessing,preprocessing,1,1,,11.908,46.0,1,0.25,0.25,0.25,0.00025,35,42,15,0.153889,openb-pod-6309
synthetic_01122,fine_tuning,fine_tuning,1,1,G2,11.4,47.0,15,3.75,0.35,0.35,0.00035,14,24,15,3.671389,openb-pod-1643
synthetic_01123,training,training,1,1,V100M16|V100M32,11.3,48.0,1,0.25,0.25,0.25,0.00025,0,5,15,0.046944,openb-pod-7581
synthetic_01124,preprocessing,preprocessing,1,1,,11.908,46.0,1,0.25,0.25,0.25,0.00025,56,65,15,0.031389,openb-pod-7279
synthetic_01125,fine_tuning,fine_tuning,1,1,T4,4.0,14.900390625,3,0.75,0.07,0.07,7e-05,0,6,15,0.674167,openb-pod-0372
synthetic_01126,fine_tuning,fine_tuning,1,1,T4,3.152,5.46875,2,0.5,0.07,0.07,7e-05,61,69,15,0.321667,openb-pod-6892
synthetic_01127,preprocessing,preprocessing,1,1,,12.0,15.0,12,3.0,0.25,0.25,0.00025,10,23,15,2.933056,openb-pod-5919
synthetic_01128,training,training,1,1,V100M16|V100M32,11.3,48.0,1,0.25,0.25,0.25,0.00025,60,70,15,0.0675,openb-pod-7711
synthetic_01129,preprocessing,preprocessing,1,1,,3.152,5.46875,1,0.25,0.15,0.15,0.00015,75,86,15,0.056111,openb-pod-0976
synthetic_01130,fine_tuning,fine_tuning,1,1,T4,11.908,46.0,2,0.5,0.07,0.07,7e-05,30,41,15,0.314444,openb-pod-5400
synthetic_01131,fine_tuning,fine_tuning,1,1,T4,24.2,91.0,1,0.25,0.07,0.07,7e-05,25,37,15,0.246111,openb-pod-5929
synthetic_01132,preprocessing,preprocessing,1,1,,11.3,48.0,2,0.5,0.07,0.07,7e-05,4,10,15,0.295833,openb-pod-4671
synthetic_01133,preprocessing,preprocessing,1,1,,11.3,48.0,1,0.25,0.35,0.35,0.00035,13,29,15,0.021944,openb-pod-7781
synthetic_01134,preprocessing,preprocessing,1,1,,4.0,30.517578125,5,1.25,0.35,0.35,0.00035,2,13,15,1.180833,openb-pod-1213
synthetic_01135,preprocessing,preprocessing,1,1,,8.0,29.8017578125,1,0.25,0.07,0.07,7e-05,60,68,15,0.014167,openb-pod-4855
synthetic_01136,preprocessing,preprocessing,1,1,,3.152,5.46875,1,0.25,0.07,0.07,7e-05,25,30,15,0.06,openb-pod-3295
synthetic_01137,preprocessing,preprocessing,1,1,,8.0,29.8017578125,1,0.25,0.25,0.25,0.00025,39,51,15,0.069167,openb-pod-3800
synthetic_01138,fine_tuning,fine_tuning,1,1,T4,12.0,24.0,1,0.25,0.07,0.07,7e-05,20,29,15,0.007222,openb-pod-0336
synthetic_01139,training,training,1,1,V100M16|V100M32,3.152,5.46875,1,0.25,0.25,0.25,0.00025,31,41,15,0.049167,openb-pod-1926
synthetic_01140,preprocessing,preprocessing,1,1,,11.908,46.0,2,0.5,0.25,0.25,0.00025,3,14,15,0.479722,openb-pod-5027
synthetic_01141,preprocessing,preprocessing,1,1,,11.908,46.0,5,1.25,0.07,0.07,7e-05,55,69,15,1.1875,openb-pod-8129
synthetic_01142,fine_tuning,fine_tuning,1,1,T4,3.152,5.46875,1,0.25,0.07,0.07,7e-05,84,91,15,0.057778,openb-pod-0317
synthetic_01143,fine_tuning,fine_tuning,1,1,T4,11.3,48.0,1,0.25,0.07,0.07,7e-05,63,75,15,0.066389,openb-pod-7785
synthetic_01144,preprocessing,preprocessing,1,1,,15.7,57.0,3,0.75,0.25,0.25,0.00025,59,64,15,0.518056,openb-pod-3021
synthetic_01145,preprocessing,preprocessing,1,1,,3.152,5.46875,1,0.25,0.25,0.25,0.00025,46,53,15,0.04,openb-pod-7333
synthetic_01146,training,training,1,1,V100M16|V100M32,11.3,48.0,1,0.25,0.25,0.25,0.00025,30,41,15,0.161944,openb-pod-5996
synthetic_01147,fine_tuning,fine_tuning,1,1,T4,11.4,47.0,2,0.5,0.07,0.07,7e-05,61,70,15,0.401944,openb-pod-4473
synthetic_01148,fine_tuning,fine_tuning,1,1,T4,12.0,24.0,1,0.25,0.07,0.07,7e-05,1,8,15,0.005556,openb-pod-4951
synthetic_01149,preprocessing,preprocessing,1,1,,11.908,46.0,1,0.25,0.15,0.15,0.00015,42,52,15,0.025833,openb-pod-0216
synthetic_01150,fine_tuning,fine_tuning,1,1,G3,11.9,76.0,5,1.25,0.35,0.35,0.00035,54,63,15,1.098333,openb-pod-2747
synthetic_01151,fine_tuning,fine_tuning,1,1,G2,11.3,48.0,1,0.25,0.35,0.35,0.00035,64,78,15,0.022222,openb-pod-7723
synthetic_01152,preprocessing,preprocessing,1,1,,11.908,46.0,1,0.25,0.25,0.25,0.00025,0,7,15,0.011667,openb-pod-1955
synthetic_01153,preprocessing,preprocessing,1,1,,8.0,64.0,5,1.25,0.25,0.25,0.00025,0,6,15,1.032222,openb-pod-0180
synthetic_01154,fine_tuning,fine_tuning,1,1,T4,3.152,5.46875,1,0.25,0.07,0.07,7e-05,14,25,15,0.088056,openb-pod-0195
synthetic_01155,fine_tuning,fine_tuning,1,1,P100,3.152,5.46875,1,0.25,0.25,0.25,0.00025,76,85,15,0.064722,openb-pod-1843
synthetic_01156,preprocessing,preprocessing,1,1,,11.908,46.0,6,1.5,0.07,0.07,7e-05,20,27,15,1.268333,openb-pod-2005
synthetic_01157,preprocessing,preprocessing,1,1,,11.908,46.0,2,0.5,0.35,0.35,0.00035,18,32,15,0.270833,openb-pod-7257
synthetic_01158,fine_tuning,fine_tuning,1,1,T4,11.3,48.0,1,0.25,0.07,0.07,7e-05,76,92,15,0.035833,openb-pod-7691
synthetic_01159,preprocessing,preprocessing,1,1,G2|P100|T4|V100M16|V100M32,12.0,16.0,2,0.5,0.35,0.35,0.00035,80,91,15,0.314444,openb-pod-4508
synthetic_01160,preprocessing,preprocessing,1,1,,24.2,91.0,1,0.25,0.25,0.25,0.00025,8,14,15,0.215278,openb-pod-5498
synthetic_01161,fine_tuning,fine_tuning,1,1,T4,4.0,14.900390625,2,0.5,0.07,0.07,7e-05,50,61,15,0.355833,openb-pod-4230
synthetic_01162,fine_tuning,fine_tuning,1,1,P100,3.152,5.46875,1,0.25,0.25,0.25,0.00025,14,21,15,0.147778,openb-pod-7934
synthetic_01163,fine_tuning,fine_tuning,1,1,G2,11.4,47.0,5,1.25,0.35,0.35,0.00035,13,22,15,1.158333,openb-pod-4264
synthetic_01164,preprocessing,preprocessing,1,1,,3.152,5.46875,1,0.25,0.35,0.35,0.00035,52,61,15,0.005278,openb-pod-0973
synthetic_01165,preprocessing,preprocessing,1,1,,11.4,47.0,1,0.25,0.07,0.07,7e-05,53,61,15,0.077778,openb-pod-2817
synthetic_01166,preprocessing,preprocessing,1,1,,3.152,5.46875,1,0.25,0.15,0.15,0.00015,75,84,15,0.004444,openb-pod-4341
synthetic_01167,preprocessing,preprocessing,1,1,,11.3,48.0,1,0.25,0.25,0.25,0.00025,35,46,15,0.170556,openb-pod-6023
synthetic_01168,fine_tuning,fine_tuning,1,1,G2,11.9,76.0,1,0.25,0.35,0.35,0.00035,50,65,15,0.015556,openb-pod-3269
synthetic_01169,training,training,1,1,V100M16|V100M32,11.3,48.0,1,0.25,0.25,0.25,0.00025,34,50,15,0.0675,openb-pod-7711
synthetic_01170,fine_tuning,fine_tuning,1,1,T4,11.908,46.0,1,0.25,0.07,0.07,7e-05,84,95,15,0.049444,openb-pod-7951
synthetic_01171,fine_tuning,fine_tuning,1,1,T4,3.152,5.46875,1,0.25,0.07,0.07,7e-05,23,36,15,0.009722,openb-pod-4050
synthetic_01172,preprocessing,preprocessing,1,1,,3.152,5.46875,1,0.25,0.25,0.25,0.00025,46,55,15,0.055,openb-pod-0754
synthetic_01173,fine_tuning,fine_tuning,1,1,G2,11.3,48.0,1,0.25,0.35,0.35,0.00035,19,29,15,0.118333,openb-pod-7864
synthetic_01174,preprocessing,preprocessing,1,1,,3.152,5.46875,1,0.25,0.25,0.25,0.00025,58,67,15,0.005833,openb-pod-7556
synthetic_01175,preprocessing,preprocessing,1,1,,4.0,22.3515625,1,0.25,0.25,0.25,0.00025,36,50,15,0.015,openb-pod-7239
synthetic_01176,fine_tuning,fine_tuning,1,1,T4,11.3,48.0,2,0.5,0.07,0.07,7e-05,38,51,15,0.256944,openb-pod-5641
synthetic_01177,training,training,1,1,V100M16|V100M32,11.4,47.0,14,3.5,0.25,0.25,0.00025,9,21,15,3.358056,openb-pod-2308
synthetic_01178,preprocessing,preprocessing,1,1,,3.152,5.46875,1,0.25,0.07,0.07,7e-05,0,7,15,0.005556,openb-pod-3754
synthetic_01179,preprocessing,preprocessing,1,1,,8.0,29.8017578125,1,0.25,0.35,0.35,0.00035,63,72,15,0.057222,openb-pod-7343
synthetic_01180,preprocessing,preprocessing,1,1,,3.152,5.46875,1,0.25,0.25,0.25,0.00025,0,2,15,0.004444,openb-pod-7449
synthetic_01181,preprocessing,preprocessing,1,1,,3.152,5.46875,1,0.25,0.15,0.15,0.00015,1,13,15,0.091667,openb-pod-6824
synthetic_01182,preprocessing,preprocessing,1,1,,4.0,24.0,5,1.25,0.35,0.35,0.00035,78,87,15,1.213056,openb-pod-4342
synthetic_01183,preprocessing,preprocessing,1,1,,11.3,48.0,1,0.25,0.07,0.07,7e-05,35,44,15,0.035278,openb-pod-7875
synthetic_01184,fine_tuning,fine_tuning,1,1,P100,6.0,8.0,5,1.25,0.25,0.25,0.00025,48,62,15,1.202222,openb-pod-3164
synthetic_01185,fine_tuning,fine_tuning,1,1,T4,16.0,32.0,2,0.5,0.07,0.07,7e-05,69,77,15,0.316389,openb-pod-2970
synthetic_01186,preprocessing,preprocessing,1,1,,3.152,5.46875,1,0.25,0.25,0.25,0.00025,0,7,15,0.0425,openb-pod-0970
synthetic_01187,fine_tuning,fine_tuning,1,1,G2,11.3,48.0,1,0.25,0.35,0.35,0.00035,31,43,15,0.021944,openb-pod-6644
synthetic_01188,preprocessing,preprocessing,1,1,,8.0,29.8017578125,1,0.25,0.35,0.35,0.00035,21,27,15,0.039722,openb-pod-6007
synthetic_01189,fine_tuning,fine_tuning,1,1,G2,12.0,16.0,1,0.25,0.35,0.35,0.00035,23,31,15,0.158889,openb-pod-7793
synthetic_01190,preprocessing,preprocessing,1,1,,4.0,32.0,2,0.5,0.35,0.35,0.00035,22,34,15,0.465556,openb-pod-5173
synthetic_01191,preprocessing,preprocessing,1,1,,8.2,33.0,1,0.25,0.35,0.35,0.00035,26,37,15,0.122222,openb-pod-6325
synthetic_01192,fine_tuning,fine_tuning,1,1,T4,12.0,24.0,6,1.5,0.07,0.07,7e-05,75,84,15,1.3,openb-pod-1786
synthetic_01193,fine_tuning,fine_tuning,1,1,P100,3.152,5.46875,1,0.25,0.25,0.25,0.00025,4,11,15,0.02,openb-pod-7484
synthetic_01194,fine_tuning,fine_tuning,1,1,P100,4.0,14.900390625,1,0.25,0.25,0.25,0.00025,0,7,15,0.084167,openb-pod-2259
synthetic_01195,preprocessing,preprocessing,1,1,,11.3,48.0,2,0.5,0.35,0.35,0.00035,22,31,15,0.271111,openb-pod-6008
synthetic_01196,preprocessing,preprocessing,1,1,,4.0,22.3515625,10,2.5,0.35,0.35,0.00035,26,40,15,2.261667,openb-pod-5793
synthetic_01197,fine_tuning,fine_tuning,1,1,T4,11.3,48.0,1,0.25,0.07,0.07,7e-05,23,38,15,0.012778,openb-pod-5285
synthetic_01198,preprocessing,preprocessing,1,1,,3.152,5.46875,1,0.25,0.35,0.35,0.00035,27,40,15,0.035556,openb-pod-1365
synthetic_01199,preprocessing,preprocessing,1,1,,11.3,48.0,1,0.25,0.25,0.25,0.00025,74,84,15,0.02,openb-pod-7867
synthetic_01200,preprocessing,preprocessing,1,1,,3.152,5.46875,1,0.25,0.35,0.35,0.00035,49,61,15,0.116944,openb-pod-7335
synthetic_01201,preprocessing,preprocessing,1,1,,3.152,5.46875,1,0.25,0.35,0.35,0.00035,88,95,15,0.059167,openb-pod-1399
synthetic_01202,preprocessing,preprocessing,1,1,,8.0,29.8017578125,16,4.0,0.25,0.25,0.00025,41,50,15,3.952778,openb-pod-4176
synthetic_01203,preprocessing,preprocessing,1,1,,11.4,76.0,1,0.25,0.35,0.35,0.00035,63,71,15,0.032778,openb-pod-8012
synthetic_01204,fine_tuning,fine_tuning,1,1,T4,11.3,48.0,1,0.25,0.07,0.07,7e-05,84,93,15,0.231944,openb-pod-4759
synthetic_01205,preprocessing,preprocessing,1,1,,11.908,46.0,2,0.5,0.35,0.35,0.00035,30,40,15,0.343889,openb-pod-3457
synthetic_01206,preprocessing,preprocessing,1,1,,6.0,6.0,2,0.5,0.25,0.25,0.00025,57,65,15,0.490556,openb-pod-6358
synthetic_01207,preprocessing,preprocessing,1,1,,24.2,91.0,2,0.5,0.25,0.25,0.00025,5,18,15,0.337778,openb-pod-6832
synthetic_01208,preprocessing,preprocessing,1,1,,11.908,46.0,1,0.25,0.25,0.25,0.00025,58,72,15,0.006111,openb-pod-5298
synthetic_01209,fine_tuning,fine_tuning,1,1,T4,4.0,29.8017578125,1,0.25,0.07,0.07,7e-05,2,13,15,0.036944,openb-pod-1745
synthetic_01210,preprocessing,preprocessing,1,1,,8.0,16.0,2,0.5,0.25,0.25,0.00025,2,17,15,0.416667,openb-pod-1007
synthetic_01211,preprocessing,preprocessing,1,1,,4.0,14.900390625,3,0.75,0.07,0.07,7e-05,12,22,15,0.65,openb-pod-2483
synthetic_01212,fine_tuning,fine_tuning,1,1,G3,1.0,6.0,10,2.5,0.35,0.35,0.00035,39,54,15,2.420278,openb-pod-4576
synthetic_01213,preprocessing,preprocessing,2,2,,30.2,157.0,3,0.75,0.7,0.7,0.0007,14,24,15,0.629722,openb-pod-7137
synthetic_01214,preprocessing,preprocessing,1,1,,6.0,23.0,3,0.75,0.25,0.25,0.00025,85,93,15,0.732778,openb-pod-2569
synthetic_01215,preprocessing,preprocessing,1,1,,3.152,5.46875,2,0.5,0.35,0.35,0.00035,40,46,15,0.264722,openb-pod-7193
synthetic_01216,fine_tuning,fine_tuning,1,1,T4,11.4,47.0,1,0.25,0.07,0.07,7e-05,84,95,15,0.238889,openb-pod-4452
synthetic_01217,preprocessing,preprocessing,1,1,,4.0,29.8017578125,2,0.5,0.35,0.35,0.00035,7,19,15,0.358333,openb-pod-6279
synthetic_01218,preprocessing,preprocessing,1,1,,3.152,5.46875,1,0.25,0.25,0.25,0.00025,53,65,15,0.063611,openb-pod-1737
synthetic_01219,preprocessing,preprocessing,1,1,,3.152,5.46875,1,0.25,0.25,0.25,0.00025,32,38,15,0.034167,openb-pod-0157
synthetic_01220,fine_tuning,fine_tuning,1,1,T4,4.0,24.0,5,1.25,0.07,0.07,7e-05,3,14,15,1.112778,openb-pod-1625
synthetic_01221,preprocessing,preprocessing,1,1,,9.81,40.5859375,5,1.25,0.35,0.35,0.00035,52,61,15,1.179722,openb-pod-6812
synthetic_01222,preprocessing,preprocessing,1,1,,4.0,22.3515625,1,0.25,0.35,0.35,0.00035,26,32,15,0.050556,openb-pod-7392
synthetic_01223,preprocessing,preprocessing,1,1,,9.81,40.5859375,2,0.5,0.07,0.07,7e-05,51,56,15,0.338611,openb-pod-5654
synthetic_01224,preprocessing,preprocessing,1,1,,4.152,10.3515625,1,0.25,0.35,0.35,0.00035,80,90,15,0.011111,openb-pod-1552
synthetic_01225,preprocessing,preprocessing,1,1,,11.3,48.0,1,0.25,0.35,0.35,0.00035,48,60,15,0.175556,openb-pod-4631
synthetic_01226,preprocessing,preprocessing,1,1,,3.152,5.46875,1,0.25,0.07,0.07,7e-05,8,19,15,0.018056,openb-pod-1150
synthetic_01227,fine_tuning,fine_tuning,1,1,G2,12.0,16.0,1,0.25,0.35,0.35,0.00035,90,95,15,0.149722,openb-pod-7246
synthetic_01228,preprocessing,preprocessing,1,1,,6.0,6.0,1,0.25,0.35,0.35,0.00035,42,49,15,0.2,openb-pod-3010
synthetic_01229,preprocessing,preprocessing,1,1,,11.3,48.0,3,0.75,0.07,0.07,7e-05,0,9,15,0.628056,openb-pod-5316
synthetic_01230,fine_tuning,fine_tuning,1,1,T4,12.0,15.0,1,0.25,0.07,0.07,7e-05,2,14,15,0.034167,openb-pod-2496
synthetic_01231,preprocessing,preprocessing,1,1,,11.908,46.0,1,0.25,0.35,0.35,0.00035,7,18,15,0.151944,openb-pod-8119
synthetic_01232,preprocessing,preprocessing,1,1,,11.3,48.0,1,0.25,0.07,0.07,7e-05,61,70,15,0.019444,openb-pod-7962
synthetic_01233,preprocessing,preprocessing,1,1,,11.908,46.0,4,1.0,0.25,0.25,0.00025,88,92,15,0.781944,openb-pod-3791
synthetic_01234,preprocessing,preprocessing,1,1,,3.152,5.46875,1,0.25,0.35,0.35,0.00035,31,41,15,0.078611,openb-pod-3113
synthetic_01235,preprocessing,preprocessing,1,1,,4.0,22.3515625,1,0.25,0.25,0.25,0.00025,44,55,15,0.033611,openb-pod-2536
synthetic_01236,preprocessing,preprocessing,1,1,,4.152,10.3515625,1,0.25,0.25,0.25,0.00025,78,89,15,0.015,openb-pod-1792
synthetic_01237,fine_tuning,fine_tuning,1,1,T4,8.0,29.8017578125,1,0.25,0.07,0.07,7e-05,68,83,15,0.010278,openb-pod-1056
synthetic_01238,fine_tuning,fine_tuning,1,1,P100,3.152,5.46875,1,0.25,0.25,0.25,0.00025,88,95,15,0.095278,openb-pod-7426
synthetic_01239,preprocessing,preprocessing,1,1,,11.908,46.0,5,1.25,0.25,0.25,0.00025,65,70,15,1.068611,openb-pod-6667
synthetic_01240,preprocessing,preprocessing,1,1,,3.152,5.46875,1,0.25,0.35,0.35,0.00035,63,79,15,0.049167,openb-pod-1218
synthetic_01241,preprocessing,preprocessing,1,1,,11.908,46.0,6,1.5,0.25,0.25,0.00025,4,11,15,1.268333,openb-pod-2005
synthetic_01242,preprocessing,preprocessing,1,1,,24.2,91.0,3,0.75,0.07,0.07,7e-05,79,88,15,0.608889,openb-pod-6122
synthetic_01243,preprocessing,preprocessing,1,1,,11.3,48.0,1,0.25,0.25,0.25,0.00025,56,68,15,0.124167,openb-pod-7566
synthetic_01244,preprocessing,preprocessing,1,1,,11.3,48.0,1,0.25,0.25,0.25,0.00025,35,41,15,0.054444,openb-pod-7884
synthetic_01245,preprocessing,preprocessing,1,1,,18.708,63.0,1,0.25,0.35,0.35,0.00035,58,70,15,0.22,openb-pod-0952
synthetic_01246,preprocessing,preprocessing,1,1,,4.0,22.3515625,4,1.0,0.25,0.25,0.00025,0,8,15,0.833056,openb-pod-7906
synthetic_01247,fine_tuning,fine_tuning,1,1,G3,11.4,47.0,6,1.5,0.35,0.35,0.00035,25,40,15,1.311944,openb-pod-3130
synthetic_01248,preprocessing,preprocessing,1,1,,11.4,47.0,1,0.25,0.35,0.35,0.00035,91,95,15,0.223056,openb-pod-2668
synthetic_01249,preprocessing,preprocessing,1,1,,3.152,5.46875,1,0.25,0.35,0.35,0.00035,8,18,15,0.009722,openb-pod-7866
synthetic_01250,fine_tuning,fine_tuning,1,1,T4,24.2,91.0,1,0.25,0.07,0.07,7e-05,0,6,15,0.223333,openb-pod-5776
synthetic_01251,preprocessing,preprocessing,1,1,,16.0,32.0,2,0.5,0.25,0.25,0.00025,25,36,15,0.383056,openb-pod-0161
synthetic_01252,fine_tuning,fine_tuning,1,1,V100M16,11.3,48.0,4,1.0,0.25,0.25,0.00025,71,77,15,0.823889,openb-pod-5191
synthetic_01253,fine_tuning,fine_tuning,1,1,P100,8.0,29.8017578125,1,0.25,0.25,0.25,0.00025,9,18,15,0.028889,openb-pod-4223
synthetic_01254,fine_tuning,fine_tuning,1,1,T4,11.9,76.0,1,0.25,0.07,0.07,7e-05,18,32,15,0.009167,openb-pod-4724
synthetic_01255,fine_tuning,fine_tuning,1,1,P100,3.152,5.46875,1,0.25,0.25,0.25,0.00025,19,30,15,0.19,openb-pod-7219
synthetic_01256,preprocessing,preprocessing,1,1,,11.3,48.0,1,0.25,0.25,0.25,0.00025,0,6,15,0.020556,openb-pod-7921
synthetic_01257,preprocessing,preprocessing,1,1,,8.0,29.8017578125,4,1.0,0.25,0.25,0.00025,52,64,15,0.782778,openb-pod-5759
synthetic_01258,preprocessing,preprocessing,1,1,,8.0,29.8017578125,4,1.0,0.35,0.35,0.00035,36,47,15,0.765278,openb-pod-0222
synthetic_01259,preprocessing,preprocessing,1,1,,3.152,5.46875,1,0.25,0.25,0.25,0.00025,37,43,15,0.055,openb-pod-0191
synthetic_01260,preprocessing,preprocessing,1,1,,11.4,47.0,1,0.25,0.25,0.25,0.00025,75,83,15,0.168056,openb-pod-3572
synthetic_01261,preprocessing,preprocessing,1,1,,8.2,33.0,1,0.25,0.25,0.25,0.00025,0,7,15,0.122222,openb-pod-6325
synthetic_01262,fine_tuning,fine_tuning,1,1,T4,3.152,5.46875,1,0.25,0.07,0.07,7e-05,6,13,15,0.063056,openb-pod-3339
synthetic_01263,preprocessing,preprocessing,1,1,,3.152,5.46875,1,0.25,0.25,0.25,0.00025,43,48,15,0.003889,openb-pod-7072
synthetic_01264,preprocessing,preprocessing,1,1,,11.908,46.0,2,0.5,0.25,0.25,0.00025,37,52,15,0.308056,openb-pod-0979
synthetic_01265,preprocessing,preprocessing,1,1,,3.152,5.46875,1,0.25,0.35,0.35,0.00035,15,27,15,0.071944,openb-pod-0350
synthetic_01266,preprocessing,preprocessing,1,1,,11.908,46.0,1,0.25,0.25,0.25,0.00025,85,95,15,0.170278,openb-pod-3216
synthetic_01267,preprocessing,preprocessing,1,1,,11.908,46.0,2,0.5,0.25,0.25,0.00025,86,94,15,0.435,openb-pod-5030
synthetic_01268,fine_tuning,fine_tuning,1,1,T4,6.0,12.0,1,0.25,0.07,0.07,7e-05,59,70,15,0.15,openb-pod-0897
synthetic_01269,preprocessing,preprocessing,1,1,,16.0,64.0,2,0.5,0.15,0.15,0.00015,39,48,15,0.341667,openb-pod-0641
synthetic_01270,preprocessing,preprocessing,1,1,P100|V100M16|V100M32,16.0,64.0,9,2.25,0.25,0.25,0.00025,78,87,15,2.0325,openb-pod-4558
synthetic_01271,preprocessing,preprocessing,1,1,,3.152,5.46875,1,0.25,0.25,0.25,0.00025,36,47,15,0.09,openb-pod-3407
synthetic_01272,fine_tuning,fine_tuning,1,1,T4,11.4,47.0,9,2.25,0.07,0.07,7e-05,30,38,15,2.006389,openb-pod-3173
synthetic_01273,preprocessing,preprocessing,1,1,,11.3,48.0,1,0.25,0.25,0.25,0.00025,86,95,15,0.161667,openb-pod-7685
synthetic_01274,preprocessing,preprocessing,1,1,,11.4,47.0,2,0.5,0.25,0.25,0.00025,61,70,15,0.324444,openb-pod-1637
synthetic_01275,fine_tuning,fine_tuning,1,1,T4,3.152,5.46875,1,0.25,0.07,0.07,7e-05,35,44,15,0.004167,openb-pod-6839
synthetic_01276,fine_tuning,fine_tuning,1,1,V100M32,11.3,48.0,1,0.25,0.25,0.25,0.00025,9,18,15,0.237222,openb-pod-4731
synthetic_01277,preprocessing,preprocessing,1,1,,3.152,5.46875,1,0.25,0.35,0.35,0.00035,73,83,15,0.023889,openb-pod-4273
synthetic_01278,preprocessing,preprocessing,1,1,,4.0,14.900390625,4,1.0,0.35,0.35,0.00035,46,51,15,0.84,openb-pod-4216
synthetic_01279,fine_tuning,fine_tuning,1,1,T4,11.3,48.0,1,0.25,0.07,0.07,7e-05,38,47,15,0.019444,openb-pod-7925
synthetic_01280,preprocessing,preprocessing,1,1,,4.0,14.900390625,4,1.0,0.07,0.07,7e-05,22,28,15,0.84,openb-pod-4216
synthetic_01281,preprocessing,preprocessing,1,1,P100|V100M16|V100M32,18.708,63.0,2,0.5,0.25,0.25,0.00025,21,35,15,0.274722,openb-pod-4243
synthetic_01282,preprocessing,preprocessing,1,1,,11.3,48.0,1,0.25,0.35,0.35,0.00035,63,75,15,0.145556,openb-pod-7877
synthetic_01283,preprocessing,preprocessing,1,1,,8.0,29.8017578125,2,0.5,0.25,0.25,0.00025,29,37,15,0.446389,openb-pod-6814
synthetic_01284,fine_tuning,fine_tuning,1,1,T4,3.152,5.46875,1,0.25,0.07,0.07,7e-05,67,72,15,0.009722,openb-pod-4050
synthetic_01285,fine_tuning,fine_tuning,1,1,T4,12.0,16.0,1,0.25,0.07,0.07,7e-05,32,42,15,0.149722,openb-pod-2056
synthetic_01286,fine_tuning,fine_tuning,1,1,T4,3.152,5.46875,1,0.25,0.07,0.07,7e-05,51,66,15,0.079722,openb-pod-1447
synthetic_01287,preprocessing,preprocessing,1,1,,6.0,18.0,4,1.0,0.25,0.25,0.00025,65,71,15,0.916389,openb-pod-0341
synthetic_01288,preprocessing,preprocessing,1,1,G2|P100|T4|V100M16|V100M32,3.152,5.46875,1,0.25,0.25,0.25,0.00025,47,57,15,0.054444,openb-pod-0863
synthetic_01289,preprocessing,preprocessing,1,1,,24.2,91.0,7,1.75,0.25,0.25,0.00025,78,86,15,1.540278,openb-pod-1263
synthetic_01290,preprocessing,preprocessing,1,1,,11.3,48.0,13,3.25,0.07,0.07,7e-05,20,29,15,3.041389,openb-pod-6322
synthetic_01291,fine_tuning,fine_tuning,1,1,P100,11.908,46.0,1,0.25,0.25,0.25,0.00025,21,34,15,0.018333,openb-pod-4375
synthetic_01292,fine_tuning,fine_tuning,1,1,T4,11.4,47.0,1,0.25,0.07,0.07,7e-05,41,53,15,0.188889,openb-pod-3056
synthetic_01293,preprocessing,preprocessing,1,1,,11.4,47.0,1,0.25,0.07,0.07,7e-05,4,15,15,0.114167,openb-pod-1893
synthetic_01294,preprocessing,preprocessing,1,1,,11.4,47.0,1,0.25,0.35,0.35,0.00035,64,72,15,0.223056,openb-pod-2668
synthetic_01295,preprocessing,preprocessing,1,1,,3.152,5.46875,1,0.25,0.25,0.25,0.00025,89,95,15,0.057778,openb-pod-0323
synthetic_01296,preprocessing,preprocessing,1,1,,11.4,76.0,1,0.25,0.25,0.25,0.00025,57,66,15,0.011944,openb-pod-6339
synthetic_01297,fine_tuning,fine_tuning,1,1,T4,11.3,48.0,1,0.25,0.07,0.07,7e-05,56,60,15,0.115833,openb-pod-5696
synthetic_01298,preprocessing,preprocessing,1,1,,11.3,48.0,1,0.25,0.25,0.25,0.00025,2,12,15,0.201667,openb-pod-5549
synthetic_01299,preprocessing,preprocessing,1,1,,12.0,24.0,1,0.25,0.35,0.35,0.00035,71,84,15,0.011111,openb-pod-6330
synthetic_01300,preprocessing,preprocessing,1,1,,3.152,5.46875,1,0.25,0.35,0.35,0.00035,70,81,15,0.020556,openb-pod-1650
synthetic_01301,preprocessing,preprocessing,1,1,,18.708,63.0,2,0.5,0.25,0.25,0.00025,0,11,15,0.333889,openb-pod-6462
synthetic_01302,preprocessing,preprocessing,1,1,,11.908,46.0,1,0.25,0.07,0.07,7e-05,32,41,15,0.184167,openb-pod-5591
synthetic_01303,preprocessing,preprocessing,1,1,,3.152,5.46875,2,0.5,0.07,0.07,7e-05,15,26,15,0.262778,openb-pod-8004
synthetic_01304,preprocessing,preprocessing,1,1,,8.0,29.8017578125,1,0.25,0.07,0.07,7e-05,5,13,15,0.014722,openb-pod-1617
synthetic_01305,fine_tuning,fine_tuning,1,1,T4,4.152,10.3515625,1,0.25,0.07,0.07,7e-05,43,50,15,0.008333,openb-pod-1883
synthetic_01306,fine_tuning,fine_tuning,1,1,T4,11.4,47.0,2,0.5,0.07,0.07,7e-05,34,47,15,0.401944,openb-pod-4473
synthetic_01307,fine_tuning,fine_tuning,1,1,T4,11.3,48.0,5,1.25,0.07,0.07,7e-05,26,34,15,1.033333,openb-pod-7051
synthetic_01308,preprocessing,preprocessing,1,1,,3.152,5.46875,1,0.25,0.15,0.15,0.00015,16,25,15,0.005833,openb-pod-8150
synthetic_01309,preprocessing,preprocessing,1,1,,3.152,5.46875,2,0.5,0.25,0.25,0.00025,80,92,15,0.264722,openb-pod-7193
synthetic_01310,preprocessing,preprocessing,1,1,,3.152,5.46875,1,0.25,0.35,0.35,0.00035,3,13,15,0.041111,openb-pod-0612
synthetic_01311,preprocessing,preprocessing,1,1,P100|V100M16|V100M32,18.708,63.0,3,0.75,0.25,0.25,0.00025,63,71,15,0.557222,openb-pod-1515
synthetic_01312,fine_tuning,fine_tuning,1,1,T4,11.4,47.0,2,0.5,0.07,0.07,7e-05,47,59,15,0.287222,openb-pod-0833
synthetic_01313,fine_tuning,fine_tuning,1,1,T4,4.152,10.3515625,1,0.25,0.07,0.07,7e-05,17,26,15,0.015833,openb-pod-2163
synthetic_01314,preprocessing,preprocessing,1,1,,8.0,29.8017578125,1,0.25,0.07,0.07,7e-05,1,15,15,0.015278,openb-pod-6544
synthetic_01315,preprocessing,preprocessing,1,1,,11.4,47.0,1,0.25,0.35,0.35,0.00035,86,95,15,0.051944,openb-pod-3562
synthetic_01316,preprocessing,preprocessing,1,1,,11.908,46.0,1,0.25,0.25,0.25,0.00025,32,43,15,0.138056,openb-pod-3357
synthetic_01317,preprocessing,preprocessing,1,1,,3.152,5.46875,1,0.25,0.25,0.25,0.00025,0,10,15,0.045556,openb-pod-1105
synthetic_01318,preprocessing,preprocessing,1,1,,11.908,46.0,2,0.5,0.35,0.35,0.00035,46,56,15,0.278333,openb-pod-3478
synthetic_01319,preprocessing,preprocessing,1,1,P100|V100M16|V100M32,8.0,16.0,6,1.5,0.25,0.25,0.00025,51,62,15,1.333611,openb-pod-0569
synthetic_01320,fine_tuning,fine_tuning,1,1,T4,9.81,40.5859375,2,0.5,0.07,0.07,7e-05,69,80,15,0.269444,openb-pod-3898
synthetic_01321,preprocessing,preprocessing,1,1,,4.0,29.8017578125,1,0.25,0.35,0.35,0.00035,17,29,15,0.110556,openb-pod-0472
synthetic_01322,fine_tuning,fine_tuning,1,1,G2,11.4,76.0,3,0.75,0.35,0.35,0.00035,60,70,15,0.635833,openb-pod-7801
synthetic_01323,preprocessing,preprocessing,1,1,,16.0,32.0,5,1.25,0.25,0.25,0.00025,18,23,15,1.038611,openb-pod-2915
synthetic_01324,fine_tuning,fine_tuning,1,1,T4,3.152,5.46875,1,0.25,0.07,0.07,7e-05,37,50,15,0.060556,openb-pod-0799
synthetic_01325,preprocessing,preprocessing,1,1,P100|V100M16|V100M32,3.152,5.46875,1,0.25,0.25,0.25,0.00025,5,13,15,0.028333,openb-pod-0312
synthetic_01326,preprocessing,preprocessing,1,1,,9.81,40.5859375,1,0.25,0.25,0.25,0.00025,82,91,15,0.118611,openb-pod-6409
synthetic_01327,preprocessing,preprocessing,1,1,,8.0,16.0,2,0.5,0.07,0.07,7e-05,27,35,15,0.425278,openb-pod-0292
synthetic_01328,fine_tuning,fine_tuning,1,1,G2,8.2,33.0,1,0.25,0.35,0.35,0.00035,1,10,15,0.102222,openb-pod-5886
synthetic_01329,preprocessing,preprocessing,1,1,,3.152,5.46875,1,0.25,0.25,0.25,0.00025,43,50,15,0.063333,openb-pod-3311
synthetic_01330,preprocessing,preprocessing,1,1,,11.908,46.0,1,0.25,0.35,0.35,0.00035,89,95,15,0.014167,openb-pod-3598
synthetic_01331,preprocessing,preprocessing,1,1,P100|V100M16|V100M32,3.152,5.46875,1,0.25,0.25,0.25,0.00025,69,84,15,0.039167,openb-pod-0123
synthetic_01332,preprocessing,preprocessing,1,1,,11.4,47.0,9,2.25,0.25,0.25,0.00025,32,44,15,2.082222,openb-pod-3081
synthetic_01333,preprocessing,preprocessing,1,1,,4.0,22.3515625,1,0.25,0.25,0.25,0.00025,11,20,15,0.114167,openb-pod-3913
synthetic_01334,fine_tuning,fine_tuning,1,1,T4,4.0,24.0,5,1.25,0.07,0.07,7e-05,79,91,15,1.138333,openb-pod-2993
synthetic_01335,fine_tuning,fine_tuning,1,1,G2,15.2,79.0,6,1.5,0.35,0.35,0.00035,1,11,15,1.4,openb-pod-3625
synthetic_01336,fine_tuning,fine_tuning,1,1,T4,8.0,29.8017578125,1,0.25,0.07,0.07,7e-05,17,26,15,0.0425,openb-pod-5180
synthetic_01337,preprocessing,preprocessing,1,1,,3.152,5.46875,4,1.0,0.07,0.07,7e-05,69,81,15,0.945278,openb-pod-6778
synthetic_01338,preprocessing,preprocessing,1,1,,6.0,6.0,1,0.25,0.25,0.25,0.00025,37,53,15,0.2,openb-pod-2573
synthetic_01339,preprocessing,preprocessing,1,1,,11.3,48.0,1,0.25,0.35,0.35,0.00035,76,83,15,0.026111,openb-pod-7729
synthetic_01340,fine_tuning,fine_tuning,1,1,T4,3.152,5.46875,1,0.25,0.07,0.07,7e-05,43,53,15,0.094167,openb-pod-7046
synthetic_01341,fine_tuning,fine_tuning,1,1,P100,3.152,5.46875,1,0.25,0.25,0.25,0.00025,35,49,15,0.024722,openb-pod-7971
synthetic_01342,preprocessing,preprocessing,1,1,,3.152,5.46875,1,0.25,0.25,0.25,0.00025,85,92,15,0.053333,openb-pod-1646
synthetic_01343,preprocessing,preprocessing,1,1,,4.0,14.900390625,4,1.0,0.35,0.35,0.00035,88,92,15,0.791111,openb-pod-6585
synthetic_01344,fine_tuning,fine_tuning,1,1,T4,11.908,46.0,2,0.5,0.07,0.07,7e-05,62,75,15,0.283889,openb-pod-6052
synthetic_01345,fine_tuning,fine_tuning,1,1,G2,11.3,48.0,1,0.25,0.35,0.35,0.00035,19,29,15,0.087222,openb-pod-5898
synthetic_01346,preprocessing,preprocessing,1,1,,3.152,5.46875,1,0.25,0.07,0.07,7e-05,33,46,15,0.0575,openb-pod-0978
synthetic_01347,preprocessing,preprocessing,1,1,,8.0,29.8017578125,1,0.25,0.25,0.25,0.00025,45,49,15,0.060556,openb-pod-0585
synthetic_01348,preprocessing,preprocessing,1,1,P100|V100M16|V100M32,16.0,64.0,9,2.25,0.25,0.25,0.00025,20,31,15,2.0325,openb-pod-4558
synthetic_01349,preprocessing,preprocessing,1,1,,11.4,47.0,3,0.75,0.25,0.25,0.00025,56,65,15,0.729722,openb-pod-2324
synthetic_01350,preprocessing,preprocessing,1,1,,11.3,48.0,1,0.25,0.07,0.07,7e-05,47,60,15,0.022222,openb-pod-6972
synthetic_01351,preprocessing,preprocessing,1,1,,3.152,5.46875,1,0.25,0.25,0.25,0.00025,13,25,15,0.043056,openb-pod-6051
synthetic_01352,preprocessing,preprocessing,1,1,P100|V100M16|V100M32,18.708,63.0,13,3.25,0.25,0.25,0.00025,21,27,15,3.145833,openb-pod-7107
synthetic_01353,preprocessing,preprocessing,1,1,,12.0,16.0,1,0.25,0.35,0.35,0.00035,70,79,15,0.15,openb-pod-1338
synthetic_01354,fine_tuning,fine_tuning,1,1,T4,4.0,29.8017578125,1,0.25,0.07,0.07,7e-05,4,12,15,0.027222,openb-pod-0620
synthetic_01355,preprocessing,preprocessing,1,1,,11.3,48.0,1,0.25,0.25,0.25,0.00025,46,57,15,0.164722,openb-pod-7699
synthetic_01356,preprocessing,preprocessing,1,1,,16.4,123.0,1,0.25,0.07,0.07,7e-05,84,95,15,0.077222,openb-pod-7292
synthetic_01357,preprocessing,preprocessing,1,1,,3.152,5.46875,1,0.25,0.35,0.35,0.00035,11,17,15,0.040833,openb-pod-0908
synthetic_01358,preprocessing,preprocessing,1,1,,3.152,5.46875,1,0.25,0.25,0.25,0.00025,27,41,15,0.0425,openb-pod-7844
synthetic_01359,preprocessing,preprocessing,1,1,,3.152,5.46875,1,0.25,0.07,0.07,7e-05,78,89,15,0.020556,openb-pod-1703
synthetic_01360,preprocessing,preprocessing,1,1,,3.152,5.46875,1,0.25,0.07,0.07,7e-05,2,13,15,0.055556,openb-pod-0635
synthetic_01361,preprocessing,preprocessing,1,1,,11.908,46.0,2,0.5,0.35,0.35,0.00035,14,24,15,0.283333,openb-pod-6471
synthetic_01362,preprocessing,preprocessing,4,4,,32.2,129.0,1,0.25,0.28,0.28,0.00028,89,95,15,0.009722,openb-pod-7155
synthetic_01363,fine_tuning,fine_tuning,1,1,T4,11.908,46.0,11,2.75,0.07,0.07,7e-05,44,56,15,2.608056,openb-pod-8058
synthetic_01364,preprocessing,preprocessing,1,1,,1.0,2.0,3,0.75,0.07,0.07,7e-05,54,62,15,0.704444,openb-pod-3484
synthetic_01365,fine_tuning,fine_tuning,1,1,G2,11.4,47.0,1,0.25,0.35,0.35,0.00035,4,15,15,0.025833,openb-pod-2333
synthetic_01366,fine_tuning,fine_tuning,1,1,T4,11.3,48.0,1,0.25,0.07,0.07,7e-05,67,74,15,0.071389,openb-pod-7668
synthetic_01367,preprocessing,preprocessing,1,1,,3.152,5.46875,1,0.25,0.25,0.25,0.00025,44,53,15,0.020278,openb-pod-1574
synthetic_01368,preprocessing,preprocessing,1,1,,15.7,57.0,2,0.5,0.35,0.35,0.00035,42,54,15,0.438611,openb-pod-3895
synthetic_01369,preprocessing,preprocessing,1,1,,3.152,5.46875,1,0.25,0.07,0.07,7e-05,29,38,15,0.029167,openb-pod-7893
synthetic_01370,preprocessing,preprocessing,1,1,,8.0,29.8017578125,1,0.25,0.35,0.35,0.00035,66,76,15,0.027222,openb-pod-2355
synthetic_01371,fine_tuning,fine_tuning,1,1,T4,11.3,48.0,1,0.25,0.07,0.07,7e-05,20,33,15,0.098333,openb-pod-6158
synthetic_01372,preprocessing,preprocessing,1,1,,4.0,29.8017578125,2,0.5,0.25,0.25,0.00025,66,75,15,0.357778,openb-pod-6278
synthetic_01373,preprocessing,preprocessing,1,1,,9.81,40.5859375,5,1.25,0.25,0.25,0.00025,56,66,15,1.040833,openb-pod-1135
synthetic_01374,preprocessing,preprocessing,1,1,,3.152,5.46875,1,0.25,0.25,0.25,0.00025,56,63,15,0.061944,openb-pod-0922
synthetic_01375,preprocessing,preprocessing,1,1,,3.152,5.46875,1,0.25,0.15,0.15,0.00015,0,3,15,0.141667,openb-pod-3977
synthetic_01376,preprocessing,preprocessing,1,1,,3.152,5.46875,1,0.25,0.25,0.25,0.00025,72,76,15,0.018889,openb-pod-1578
synthetic_01377,preprocessing,preprocessing,1,1,,3.152,5.46875,1,0.25,0.25,0.25,0.00025,0,4,15,0.02,openb-pod-1616
synthetic_01378,preprocessing,preprocessing,1,1,,18.708,63.0,3,0.75,0.07,0.07,7e-05,84,93,15,0.551111,openb-pod-3661
synthetic_01379,fine_tuning,fine_tuning,1,1,T4,11.3,48.0,1,0.25,0.07,0.07,7e-05,64,71,15,0.148611,openb-pod-5338
synthetic_01380,fine_tuning,fine_tuning,1,1,T4,3.152,5.46875,1,0.25,0.07,0.07,7e-05,80,91,15,0.013889,openb-pod-7183
synthetic_01381,preprocessing,preprocessing,1,1,P100|T4|V100M16|V100M32,9.81,40.5859375,2,0.5,0.25,0.25,0.00025,72,79,15,0.475278,openb-pod-3473
synthetic_01382,fine_tuning,fine_tuning,1,1,T4,11.3,48.0,1,0.25,0.07,0.07,7e-05,50,59,15,0.013889,openb-pod-7896
synthetic_01383,preprocessing,preprocessing,1,1,,3.152,5.46875,1,0.25,0.35,0.35,0.00035,13,21,15,0.020833,openb-pod-1757
synthetic_01384,fine_tuning,fine_tuning,1,1,T4,3.152,5.46875,1,0.25,0.07,0.07,7e-05,32,47,15,0.009167,openb-pod-8145
synthetic_01385,preprocessing,preprocessing,1,1,,16.0,32.0,5,1.25,0.07,0.07,7e-05,6,14,15,1.003889,openb-pod-6258
synthetic_01386,preprocessing,preprocessing,1,1,,18.708,63.0,3,0.75,0.25,0.25,0.00025,32,41,15,0.584167,openb-pod-1361
synthetic_01387,preprocessing,preprocessing,1,1,,8.0,29.8017578125,1,0.25,0.25,0.25,0.00025,34,46,15,0.035833,openb-pod-5099
synthetic_01388,fine_tuning,fine_tuning,1,1,T4,11.9,76.0,1,0.25,0.07,0.07,7e-05,61,73,15,0.117222,openb-pod-2451
synthetic_01389,preprocessing,preprocessing,1,1,,6.0,22.3515625,1,0.25,0.35,0.35,0.00035,20,33,15,0.197778,openb-pod-2484
synthetic_01390,preprocessing,preprocessing,1,1,,9.81,40.5859375,3,0.75,0.25,0.25,0.00025,31,36,15,0.576111,openb-pod-6218
synthetic_01391,preprocessing,preprocessing,1,1,,11.3,48.0,1,0.25,0.07,0.07,7e-05,62,69,15,0.021944,openb-pod-7364
synthetic_01392,preprocessing,preprocessing,1,1,,3.152,5.46875,1,0.25,0.25,0.25,0.00025,36,43,15,0.053056,openb-pod-0838
synthetic_01393,preprocessing,preprocessing,8,8,,64.2,257.0,1,0.25,2.0,2.0,0.002,36,46,15,0.144722,openb-pod-2317
synthetic_01394,preprocessing,preprocessing,1,1,G2|P100|T4|V100M16|V100M32,8.2,33.0,2,0.5,0.25,0.25,0.00025,0,10,15,0.475556,openb-pod-3573
synthetic_01395,preprocessing,preprocessing,1,1,P100|V100M16|V100M32,18.708,63.0,1,0.25,0.25,0.25,0.00025,69,80,15,0.052222,openb-pod-0263
synthetic_01396,preprocessing,preprocessing,1,1,,15.7,57.0,3,0.75,0.25,0.25,0.00025,37,50,15,0.596389,openb-pod-2823
synthetic_01397,preprocessing,preprocessing,1,1,,4.0,14.900390625,4,1.0,0.35,0.35,0.00035,50,61,15,0.866111,openb-pod-5523
synthetic_01398,preprocessing,preprocessing,1,1,,3.152,5.46875,1,0.25,0.35,0.35,0.00035,76,87,15,0.091667,openb-pod-3231
synthetic_01399,preprocessing,preprocessing,1,1,,11.4,47.0,8,2.0,0.35,0.35,0.00035,62,73,15,1.885556,openb-pod-3179
synthetic_01400,preprocessing,preprocessing,1,1,,11.908,46.0,5,1.25,0.25,0.25,0.00025,62,73,15,1.141667,openb-pod-5423
synthetic_01401,fine_tuning,fine_tuning,1,1,T4,11.3,48.0,1,0.25,0.07,0.07,7e-05,53,63,15,0.021389,openb-pod-7576
synthetic_01402,preprocessing,preprocessing,1,1,,15.7,57.0,3,0.75,0.35,0.35,0.00035,57,65,15,0.5775,openb-pod-2794
synthetic_01403,preprocessing,preprocessing,1,1,,18.708,63.0,1,0.25,0.07,0.07,7e-05,19,27,15,0.145278,openb-pod-5675
synthetic_01404,preprocessing,preprocessing,1,1,,14.2,57.0,9,2.25,0.35,0.35,0.00035,16,31,15,2.2275,openb-pod-6092
synthetic_01405,fine_tuning,fine_tuning,1,1,T4,11.3,48.0,1,0.25,0.07,0.07,7e-05,16,24,15,0.152222,openb-pod-5621
synthetic_01406,preprocessing,preprocessing,1,1,,11.3,48.0,1,0.25,0.25,0.25,0.00025,41,51,15,0.0825,openb-pod-7726
synthetic_01407,preprocessing,preprocessing,1,1,,4.152,10.3515625,1,0.25,0.25,0.25,0.00025,77,87,15,0.007778,openb-pod-2016
synthetic_01408,preprocessing,preprocessing,1,1,,3.152,5.46875,1,0.25,0.07,0.07,7e-05,0,4,15,0.055,openb-pod-1484
synthetic_01409,fine_tuning,fine_tuning,1,1,P100,8.0,29.8017578125,7,1.75,0.25,0.25,0.00025,74,83,15,1.668056,openb-pod-5216
synthetic_01410,preprocessing,preprocessing,1,1,,18.708,63.0,1,0.25,0.25,0.25,0.00025,34,44,15,0.168056,openb-pod-1348
synthetic_01411,fine_tuning,fine_tuning,1,1,G2,2.0,16.0,8,2.0,0.35,0.35,0.00035,0,7,15,1.765833,openb-pod-5895
synthetic_01412,preprocessing,preprocessing,1,1,,11.908,46.0,1,0.25,0.35,0.35,0.00035,16,27,15,0.130278,openb-pod-6273
synthetic_01413,fine_tuning,fine_tuning,1,1,G2,3.152,5.46875,1,0.25,0.35,0.35,0.00035,43,47,15,0.049167,openb-pod-0447
synthetic_01414,preprocessing,preprocessing,1,1,,3.152,5.46875,1,0.25,0.25,0.25,0.00025,58,65,15,0.0425,openb-pod-1724
synthetic_01415,fine_tuning,fine_tuning,8,8,G2,64.2,257.0,1,0.25,2.8,2.8,0.0028,54,62,15,0.159167,openb-pod-2338
synthetic_01416,preprocessing,preprocessing,1,1,,14.2,57.0,1,0.25,0.25,0.25,0.00025,92,95,15,0.181111,openb-pod-4950
synthetic_01417,fine_tuning,fine_tuning,1,1,T4,12.0,16.0,7,1.75,0.07,0.07,7e-05,35,45,15,1.666944,openb-pod-1088
synthetic_01418,preprocessing,preprocessing,1,1,,4.152,10.3515625,1,0.25,0.07,0.07,7e-05,65,77,15,0.223889,openb-pod-1674
synthetic_01419,preprocessing,preprocessing,1,1,,3.152,5.46875,1,0.25,0.25,0.25,0.00025,15,28,15,0.040556,openb-pod-1720
synthetic_01420,preprocessing,preprocessing,1,1,P100|V100M16|V100M32,8.0,32.0,1,0.25,0.25,0.25,0.00025,66,76,15,0.15,openb-pod-6315
synthetic_01421,preprocessing,preprocessing,1,1,,4.152,10.3515625,1,0.25,0.25,0.25,0.00025,90,95,15,0.0075,openb-pod-1027
synthetic_01422,preprocessing,preprocessing,1,1,,11.4,47.0,3,0.75,0.35,0.35,0.00035,38,51,15,0.545278,openb-pod-3265
synthetic_01423,preprocessing,preprocessing,1,1,,9.81,40.5859375,3,0.75,0.25,0.25,0.00025,24,38,15,0.691389,openb-pod-5726
synthetic_01424,preprocessing,preprocessing,1,1,,4.152,10.3515625,3,0.75,0.07,0.07,7e-05,30,38,15,0.63,openb-pod-2514
synthetic_01425,preprocessing,preprocessing,1,1,,12.0,24.0,12,3.0,0.25,0.25,0.00025,19,25,15,2.816944,openb-pod-3000
synthetic_01426,fine_tuning,fine_tuning,1,1,T4,1.0,2.0,8,2.0,0.07,0.07,7e-05,37,48,15,1.852222,openb-pod-4239
synthetic_01427,preprocessing,preprocessing,1,1,,11.3,48.0,3,0.75,0.35,0.35,0.00035,41,55,15,0.740556,openb-pod-7058
synthetic_01428,preprocessing,preprocessing,1,1,,11.4,76.0,1,0.25,0.25,0.25,0.00025,53,67,15,0.055556,openb-pod-5905
synthetic_01429,preprocessing,preprocessing,1,1,,8.0,29.8017578125,2,0.5,0.25,0.25,0.00025,27,35,15,0.36,openb-pod-6050
synthetic_01430,preprocessing,preprocessing,1,1,,11.4,47.0,1,0.25,0.35,0.35,0.00035,66,73,15,0.013889,openb-pod-0907
synthetic_01431,preprocessing,preprocessing,1,1,G2|P100|T4|V100M16|V100M32,3.152,5.46875,1,0.25,0.25,0.25,0.00025,66,74,15,0.0675,openb-pod-7933
synthetic_01432,preprocessing,preprocessing,1,1,,11.908,46.0,3,0.75,0.25,0.25,0.00025,54,67,15,0.716667,openb-pod-7470
synthetic_01433,preprocessing,preprocessing,1,1,,11.3,48.0,5,1.25,0.25,0.25,0.00025,19,29,15,1.044444,openb-pod-5428
synthetic_01434,preprocessing,preprocessing,1,1,,3.152,5.46875,1,0.25,0.25,0.25,0.00025,0,8,15,0.001389,openb-pod-0974
synthetic_01435,preprocessing,preprocessing,1,1,,11.3,48.0,1,0.25,0.07,0.07,7e-05,66,76,15,0.095,openb-pod-7722
synthetic_01436,fine_tuning,fine_tuning,1,1,T4,4.0,22.3515625,4,1.0,0.07,0.07,7e-05,54,68,15,0.9,openb-pod-7902
synthetic_01437,fine_tuning,fine_tuning,1,1,T4,3.152,5.46875,1,0.25,0.07,0.07,7e-05,26,33,15,0.07,openb-pod-3384
synthetic_01438,preprocessing,preprocessing,1,1,,3.152,5.46875,1,0.25,0.35,0.35,0.00035,84,92,15,0.055,openb-pod-1818
synthetic_01439,preprocessing,preprocessing,1,1,,11.4,47.0,1,0.25,0.07,0.07,7e-05,28,39,15,0.1,openb-pod-3888
synthetic_01440,preprocessing,preprocessing,1,1,,3.152,5.46875,2,0.5,0.25,0.25,0.00025,30,43,15,0.277222,openb-pod-3998
synthetic_01441,preprocessing,preprocessing,1,1,,4.0,24.0,2,0.5,0.25,0.25,0.00025,4,9,15,0.313611,openb-pod-6652
synthetic_01442,preprocessing,preprocessing,1,1,,3.152,5.46875,1,0.25,0.25,0.25,0.00025,45,55,15,0.097222,openb-pod-3275
synthetic_01443,preprocessing,preprocessing,1,1,,11.908,46.0,1,0.25,0.07,0.07,7e-05,0,11,15,0.066667,openb-pod-1824
synthetic_01444,preprocessing,preprocessing,1,1,,4.0,14.900390625,1,0.25,0.35,0.35,0.00035,68,78,15,0.219444,openb-pod-0081
synthetic_01445,preprocessing,preprocessing,1,1,,8.0,29.8017578125,7,1.75,0.07,0.07,7e-05,48,62,15,1.525278,openb-pod-6076
synthetic_01446,fine_tuning,fine_tuning,1,1,T4,3.152,5.46875,1,0.25,0.07,0.07,7e-05,23,30,15,0.068889,openb-pod-0257
synthetic_01447,fine_tuning,fine_tuning,1,1,T4,11.3,48.0,2,0.5,0.07,0.07,7e-05,69,78,15,0.409722,openb-pod-5160
synthetic_01448,preprocessing,preprocessing,1,1,,4.0,14.900390625,1,0.25,0.25,0.25,0.00025,51,57,15,0.064167,openb-pod-2750
synthetic_01449,fine_tuning,fine_tuning,1,1,T4,3.152,5.46875,1,0.25,0.07,0.07,7e-05,48,57,15,0.034167,openb-pod-0307
synthetic_01450,preprocessing,preprocessing,1,1,,24.2,91.0,3,0.75,0.25,0.25,0.00025,47,53,15,0.634444,openb-pod-6596
synthetic_01451,preprocessing,preprocessing,1,1,,3.152,5.46875,1,0.25,0.07,0.07,7e-05,61,69,15,0.012222,openb-pod-4092
synthetic_01452,fine_tuning,fine_tuning,1,1,G2,11.3,48.0,2,0.5,0.35,0.35,0.00035,14,25,15,0.397222,openb-pod-6956
synthetic_01453,fine_tuning,fine_tuning,1,1,T4,4.0,14.900390625,1,0.25,0.07,0.07,7e-05,0,4,15,0.136667,openb-pod-3648
synthetic_01454,preprocessing,preprocessing,1,1,,4.152,10.3515625,2,0.5,0.35,0.35,0.00035,48,52,15,0.296944,openb-pod-2040
synthetic_01455,preprocessing,preprocessing,1,1,,11.4,47.0,3,0.75,0.25,0.25,0.00025,74,80,15,0.571389,openb-pod-3263
synthetic_01456,preprocessing,preprocessing,1,1,,11.908,46.0,3,0.75,0.35,0.35,0.00035,76,85,15,0.628333,openb-pod-7095
synthetic_01457,preprocessing,preprocessing,1,1,P100|V100M16|V100M32,11.3,48.0,1,0.25,0.25,0.25,0.00025,38,47,15,0.015556,openb-pod-5067
synthetic_01458,preprocessing,preprocessing,1,1,,15.7,57.0,3,0.75,0.07,0.07,7e-05,28,36,15,0.551667,openb-pod-2806
synthetic_01459,preprocessing,preprocessing,1,1,,3.152,5.46875,1,0.25,0.35,0.35,0.00035,60,76,15,0.034167,openb-pod-0310
synthetic_01460,preprocessing,preprocessing,1,1,,3.152,5.46875,2,0.5,0.25,0.25,0.00025,68,78,15,0.261944,openb-pod-3952
synthetic_01461,fine_tuning,fine_tuning,1,1,P100,3.152,5.46875,1,0.25,0.25,0.25,0.00025,4,15,15,0.064722,openb-pod-1843
synthetic_01462,fine_tuning,fine_tuning,4,4,G2,32.2,129.0,1,0.25,1.4,1.4,0.0014,72,83,15,0.152222,openb-pod-2263
synthetic_01463,preprocessing,preprocessing,1,1,,4.0,30.517578125,4,1.0,0.25,0.25,0.00025,32,42,15,0.985556,openb-pod-3974
synthetic_01464,fine_tuning,fine_tuning,1,1,G2,8.0,16.0,2,0.5,0.35,0.35,0.00035,9,19,15,0.446389,openb-pod-3686
synthetic_01465,fine_tuning,fine_tuning,1,1,T4,9.81,40.5859375,1,0.25,0.07,0.07,7e-05,72,83,15,0.056944,openb-pod-5590
synthetic_01466,fine_tuning,fine_tuning,1,1,T4,3.152,5.46875,2,0.5,0.07,0.07,7e-05,15,23,15,0.270833,openb-pod-4709
synthetic_01467,preprocessing,preprocessing,1,1,,11.3,48.0,1,0.25,0.25,0.25,0.00025,88,95,15,0.041944,openb-pod-7800
synthetic_01468,preprocessing,preprocessing,1,1,,24.2,91.0,3,0.75,0.35,0.35,0.00035,7,19,15,0.676944,openb-pod-0624
synthetic_01469,preprocessing,preprocessing,1,1,,12.0,24.0,6,1.5,0.35,0.35,0.00035,76,87,15,1.466944,openb-pod-2300
synthetic_01470,preprocessing,preprocessing,1,1,,8.0,29.8017578125,2,0.5,0.35,0.35,0.00035,69,84,15,0.443889,openb-pod-4149
synthetic_01471,preprocessing,preprocessing,1,1,,16.0,64.0,7,1.75,0.25,0.25,0.00025,48,56,15,1.516944,openb-pod-4713
synthetic_01472,preprocessing,preprocessing,1,1,,11.3,48.0,1,0.25,0.07,0.07,7e-05,81,86,15,0.023056,openb-pod-7615
synthetic_01473,preprocessing,preprocessing,1,1,G2|P100|T4|V100M16|V100M32,8.0,16.0,2,0.5,0.25,0.25,0.00025,9,24,15,0.363056,openb-pod-6374
synthetic_01474,preprocessing,preprocessing,1,1,,3.152,5.46875,1,0.25,0.25,0.25,0.00025,54,65,15,0.045556,openb-pod-0912
synthetic_01475,preprocessing,preprocessing,1,1,,11.908,46.0,1,0.25,0.25,0.25,0.00025,60,70,15,0.138889,openb-pod-4173
synthetic_01476,preprocessing,preprocessing,1,1,,11.3,48.0,2,0.5,0.35,0.35,0.00035,0,10,15,0.332778,openb-pod-5301
synthetic_01477,preprocessing,preprocessing,1,1,,11.908,46.0,1,0.25,0.35,0.35,0.00035,20,30,15,0.026389,openb-pod-1681
synthetic_01478,fine_tuning,fine_tuning,1,1,T4,3.152,5.46875,6,1.5,0.07,0.07,7e-05,37,48,15,1.343333,openb-pod-7201
synthetic_01479,preprocessing,preprocessing,1,1,,11.908,46.0,1,0.25,0.07,0.07,7e-05,8,21,15,0.2125,openb-pod-7174
synthetic_01480,preprocessing,preprocessing,1,1,,11.3,37.0,1,0.25,0.35,0.35,0.00035,0,3,15,0.069167,openb-pod-2415
synthetic_01481,preprocessing,preprocessing,1,1,,3.152,5.46875,1,0.25,0.35,0.35,0.00035,4,15,15,0.041667,openb-pod-1041
synthetic_01482,preprocessing,preprocessing,1,1,,11.4,47.0,9,2.25,0.25,0.25,0.00025,16,22,15,2.2025,openb-pod-3120
synthetic_01483,preprocessing,preprocessing,1,1,,12.0,16.0,1,0.25,0.35,0.35,0.00035,11,18,15,0.131389,openb-pod-1995
synthetic_01484,fine_tuning,fine_tuning,1,1,P100,11.908,46.0,1,0.25,0.25,0.25,0.00025,82,94,15,0.016389,openb-pod-6203
synthetic_01485,preprocessing,preprocessing,1,1,,11.3,48.0,1,0.25,0.35,0.35,0.00035,82,92,15,0.017778,openb-pod-7228
synthetic_01486,preprocessing,preprocessing,1,1,,3.152,5.46875,1,0.25,0.25,0.25,0.00025,19,32,15,0.036667,openb-pod-7421
synthetic_01487,fine_tuning,fine_tuning,1,1,P100,4.0,29.8017578125,1,0.25,0.25,0.25,0.00025,3,11,15,0.062222,openb-pod-2139
synthetic_01488,fine_tuning,fine_tuning,1,1,T4,11.908,46.0,1,0.25,0.07,0.07,7e-05,39,47,15,0.105,openb-pod-3122
synthetic_01489,preprocessing,preprocessing,1,1,,11.908,46.0,1,0.25,0.07,0.07,7e-05,37,49,15,0.023889,openb-pod-0729
synthetic_01490,preprocessing,preprocessing,1,1,,11.908,46.0,1,0.25,0.25,0.25,0.00025,32,46,15,0.051944,openb-pod-0284
synthetic_01491,fine_tuning,fine_tuning,1,1,G2,11.3,48.0,1,0.25,0.35,0.35,0.00035,85,95,15,0.071667,openb-pod-6146
synthetic_01492,preprocessing,preprocessing,1,1,,4.0,29.8017578125,1,0.25,0.25,0.25,0.00025,55,66,15,0.015833,openb-pod-1540
synthetic_01493,preprocessing,preprocessing,1,1,,12.0,15.0,1,0.25,0.07,0.07,7e-05,70,84,15,0.196944,openb-pod-3609
synthetic_01494,preprocessing,preprocessing,1,1,,11.3,48.0,2,0.5,0.25,0.25,0.00025,17,27,15,0.258333,openb-pod-5698
synthetic_01495,preprocessing,preprocessing,1,1,,11.3,48.0,7,1.75,0.25,0.25,0.00025,50,59,15,1.647778,openb-pod-7776
synthetic_01496,preprocessing,preprocessing,1,1,,4.0,22.3515625,11,2.75,0.25,0.25,0.00025,13,20,15,2.613611,openb-pod-1065
synthetic_01497,fine_tuning,fine_tuning,1,1,T4,3.152,5.46875,2,0.5,0.07,0.07,7e-05,69,83,15,0.311667,openb-pod-4432
synthetic_01498,preprocessing,preprocessing,1,1,,8.0,29.8017578125,1,0.25,0.25,0.25,0.00025,0,4,15,0.014444,openb-pod-4339
synthetic_01499,preprocessing,preprocessing,1,1,,11.3,48.0,1,0.25,0.15,0.15,0.00015,4,13,15,0.063333,openb-pod-5265
synthetic_01500,preprocessing,preprocessing,1,1,,3.152,5.46875,1,0.25,0.35,0.35,0.00035,0,14,15,0.008333,openb-pod-0677
synthetic_01501,preprocessing,preprocessing,1,1,,3.152,5.46875,1,0.25,0.25,0.25,0.00025,76,89,15,0.003056,openb-pod-7305
synthetic_01502,fine_tuning,fine_tuning,1,1,G2,16.0,32.0,4,1.0,0.35,0.35,0.00035,17,24,15,0.953889,openb-pod-1078
synthetic_01503,preprocessing,preprocessing,1,1,,16.0,32.0,5,1.25,0.07,0.07,7e-05,29,44,15,1.038611,openb-pod-2915
synthetic_01504,preprocessing,preprocessing,1,1,,11.908,46.0,2,0.5,0.25,0.25,0.00025,85,91,15,0.328333,openb-pod-4305
synthetic_01505,preprocessing,preprocessing,1,1,,3.152,5.46875,1,0.25,0.25,0.25,0.00025,4,15,15,0.055,openb-pod-1336
synthetic_01506,preprocessing,preprocessing,1,1,,3.152,5.46875,1,0.25,0.35,0.35,0.00035,38,44,15,0.036667,openb-pod-4154
synthetic_01507,preprocessing,preprocessing,1,1,,11.3,48.0,1,0.25,0.25,0.25,0.00025,59,73,15,0.095,openb-pod-6286
synthetic_01508,preprocessing,preprocessing,1,1,,11.4,47.0,1,0.25,0.35,0.35,0.00035,35,47,15,0.090833,openb-pod-1906
synthetic_01509,fine_tuning,fine_tuning,1,1,T4,12.0,16.0,1,0.25,0.07,0.07,7e-05,61,71,15,0.149722,openb-pod-2056
synthetic_01510,preprocessing,preprocessing,1,1,,11.4,47.0,1,0.25,0.35,0.35,0.00035,0,5,15,0.139722,openb-pod-0777
synthetic_01511,preprocessing,preprocessing,1,1,,4.0,22.3515625,1,0.25,0.07,0.07,7e-05,62,76,15,0.054722,openb-pod-2559
synthetic_01512,preprocessing,preprocessing,1,1,,11.9,76.0,1,0.25,0.07,0.07,7e-05,44,50,15,0.133611,openb-pod-2466
synthetic_01513,fine_tuning,fine_tuning,1,1,T4,11.4,47.0,2,0.5,0.07,0.07,7e-05,74,82,15,0.283889,openb-pod-2428
synthetic_01514,fine_tuning,fine_tuning,1,1,T4,4.0,14.900390625,8,2.0,0.07,0.07,7e-05,41,54,15,1.788611,openb-pod-1814
synthetic_01515,preprocessing,preprocessing,1,1,,8.0,32.0,1,0.25,0.35,0.35,0.00035,39,51,15,0.044167,openb-pod-2838
synthetic_01516,preprocessing,preprocessing,1,1,,11.3,48.0,1,0.25,0.07,0.07,7e-05,5,15,15,0.074167,openb-pod-7780
synthetic_01517,fine_tuning,fine_tuning,1,1,T4,11.3,48.0,1,0.25,0.07,0.07,7e-05,67,71,15,0.060278,openb-pod-7758
synthetic_01518,fine_tuning,fine_tuning,1,1,T4,12.0,24.0,1,0.25,0.07,0.07,7e-05,42,54,15,0.143056,openb-pod-0211
synthetic_01519,preprocessing,preprocessing,1,1,,3.152,5.46875,1,0.25,0.07,0.07,7e-05,42,49,15,0.061944,openb-pod-7834
synthetic_01520,preprocessing,preprocessing,1,1,,11.3,48.0,1,0.25,0.15,0.15,0.00015,14,26,15,0.143056,openb-pod-7609
synthetic_01521,preprocessing,preprocessing,1,1,,4.152,10.3515625,1,0.25,0.35,0.35,0.00035,66,75,15,0.218333,openb-pod-2037
synthetic_01522,preprocessing,preprocessing,1,1,,11.3,48.0,1,0.25,0.07,0.07,7e-05,9,14,15,0.193333,openb-pod-6804
synthetic_01523,fine_tuning,fine_tuning,1,1,T4,3.152,5.46875,1,0.25,0.07,0.07,7e-05,36,46,15,0.056667,openb-pod-3127
synthetic_01524,preprocessing,preprocessing,1,1,,3.152,5.46875,1,0.25,0.25,0.25,0.00025,84,95,15,0.091944,openb-pod-0340
synthetic_01525,preprocessing,preprocessing,1,1,,4.0,24.0,1,0.25,0.25,0.25,0.00025,33,38,15,0.207222,openb-pod-3973
synthetic_01526,preprocessing,preprocessing,1,1,,18.708,63.0,3,0.75,0.25,0.25,0.00025,0,8,15,0.518611,openb-pod-8044
synthetic_01527,fine_tuning,fine_tuning,1,1,V100M32,12.0,16.0,2,0.5,0.25,0.25,0.00025,64,77,15,0.303333,openb-pod-3124
synthetic_01528,training,training,1,1,A10|T4,11.908,46.0,1,0.25,0.15,0.15,0.00015,26,34,15,0.015278,openb-pod-8095
synthetic_01529,preprocessing,preprocessing,1,1,,4.0,14.900390625,3,0.75,0.07,0.07,7e-05,81,87,15,0.604167,openb-pod-0178
synthetic_01530,preprocessing,preprocessing,1,1,,4.152,10.3515625,1,0.25,0.35,0.35,0.00035,31,41,15,0.014444,openb-pod-2275
synthetic_01531,preprocessing,preprocessing,1,1,,4.0,30.517578125,2,0.5,0.25,0.25,0.00025,49,62,15,0.250556,openb-pod-5508
synthetic_01532,preprocessing,preprocessing,1,1,P100|V100M16|V100M32,11.3,48.0,1,0.25,0.25,0.25,0.00025,64,75,15,0.116667,openb-pod-5072
synthetic_01533,fine_tuning,fine_tuning,1,1,P100,11.908,46.0,1,0.25,0.25,0.25,0.00025,29,35,15,0.206944,openb-pod-6343
synthetic_01534,preprocessing,preprocessing,1,1,,1.0,2.0,1,0.25,0.25,0.25,0.00025,63,69,15,0.025,openb-pod-2547
synthetic_01535,preprocessing,preprocessing,1,1,,11.3,48.0,1,0.25,0.25,0.25,0.00025,74,84,15,0.124167,openb-pod-4968
synthetic_01536,preprocessing,preprocessing,1,1,,3.152,5.46875,1,0.25,0.35,0.35,0.00035,23,36,15,0.056389,openb-pod-0363
synthetic_01537,preprocessing,preprocessing,1,1,,11.3,48.0,2,0.5,0.35,0.35,0.00035,61,68,15,0.477778,openb-pod-6905
synthetic_01538,preprocessing,preprocessing,1,1,,11.3,48.0,1,0.25,0.35,0.35,0.00035,81,86,15,0.05,openb-pod-7828
synthetic_01539,preprocessing,preprocessing,1,1,,3.152,5.46875,1,0.25,0.35,0.35,0.00035,68,73,15,0.026389,openb-pod-6659
synthetic_01540,preprocessing,preprocessing,1,1,P100|V100M16|V100M32,11.4,47.0,4,1.0,0.25,0.25,0.00025,57,68,15,0.823333,openb-pod-2927
synthetic_01541,preprocessing,preprocessing,8,8,,64.2,257.0,1,0.25,2.8,2.8,0.0028,44,55,15,0.145833,openb-pod-2250
synthetic_01542,preprocessing,preprocessing,1,1,,3.152,5.46875,1,0.25,0.25,0.25,0.00025,76,80,15,0.087222,openb-pod-3964
synthetic_01543,preprocessing,preprocessing,1,1,,18.708,63.0,1,0.25,0.25,0.25,0.00025,85,95,15,0.046944,openb-pod-0515
synthetic_01544,preprocessing,preprocessing,1,1,,11.4,47.0,7,1.75,0.35,0.35,0.00035,6,18,15,1.611944,openb-pod-4170
synthetic_01545,preprocessing,preprocessing,1,1,,4.0,14.900390625,1,0.25,0.25,0.25,0.00025,15,25,15,0.101944,openb-pod-0465
synthetic_01546,preprocessing,preprocessing,1,1,,8.0,29.8017578125,1,0.25,0.35,0.35,0.00035,12,22,15,0.052778,openb-pod-4410
synthetic_01547,preprocessing,preprocessing,1,1,,3.152,5.46875,1,0.25,0.07,0.07,7e-05,32,41,15,0.029444,openb-pod-7538
synthetic_01548,preprocessing,preprocessing,1,1,,8.0,29.8017578125,1,0.25,0.25,0.25,0.00025,77,82,15,0.242222,openb-pod-2599
synthetic_01549,preprocessing,preprocessing,1,1,,3.152,5.46875,1,0.25,0.25,0.25,0.00025,3,10,15,0.033056,openb-pod-7439
synthetic_01550,fine_tuning,fine_tuning,1,1,T4,11.4,47.0,3,0.75,0.07,0.07,7e-05,4,14,15,0.517778,openb-pod-1922
synthetic_01551,preprocessing,preprocessing,1,1,,8.0,16.0,1,0.25,0.07,0.07,7e-05,55,66,15,0.25,openb-pod-1232
synthetic_01552,preprocessing,preprocessing,1,1,,11.3,48.0,1,0.25,0.25,0.25,0.00025,1,12,15,0.117222,openb-pod-7384
synthetic_01553,preprocessing,preprocessing,1,1,,11.3,48.0,1,0.25,0.35,0.35,0.00035,8,21,15,0.040833,openb-pod-7897
synthetic_01554,preprocessing,preprocessing,1,1,,11.4,47.0,1,0.25,0.25,0.25,0.00025,0,8,15,0.225556,openb-pod-4607
synthetic_01555,fine_tuning,fine_tuning,1,1,G2,11.4,47.0,15,3.75,0.35,0.35,0.00035,38,51,15,3.671389,openb-pod-1643
synthetic_01556,fine_tuning,fine_tuning,1,1,G2,11.3,48.0,1,0.25,0.35,0.35,0.00035,59,66,15,0.191944,openb-pod-7730
synthetic_01557,preprocessing,preprocessing,1,1,,3.152,5.46875,1,0.25,0.07,0.07,7e-05,0,10,15,0.02,openb-pod-1616
synthetic_01558,fine_tuning,fine_tuning,1,1,P100,3.152,5.46875,1,0.25,0.25,0.25,0.00025,43,49,15,0.021944,openb-pod-7938
synthetic_01559,preprocessing,preprocessing,1,1,G2|P100|T4|V100M16|V100M32,6.0,32.0,6,1.5,0.07,0.07,7e-05,28,41,15,1.282778,openb-pod-6932
synthetic_01560,preprocessing,preprocessing,1,1,,3.152,5.46875,1,0.25,0.07,0.07,7e-05,28,39,15,0.043056,openb-pod-6051
synthetic_01561,preprocessing,preprocessing,1,1,,4.0,30.517578125,7,1.75,0.35,0.35,0.00035,73,83,15,1.588056,openb-pod-0599
synthetic_01562,fine_tuning,fine_tuning,1,1,T4,24.2,91.0,2,0.5,0.07,0.07,7e-05,77,92,15,0.316667,openb-pod-8137
synthetic_01563,preprocessing,preprocessing,1,1,,9.81,40.5859375,3,0.75,0.35,0.35,0.00035,83,90,15,0.670833,openb-pod-6816
synthetic_01564,preprocessing,preprocessing,1,1,,4.0,30.517578125,2,0.5,0.35,0.35,0.00035,59,68,15,0.260833,openb-pod-1460
synthetic_01565,preprocessing,preprocessing,1,1,,3.152,5.46875,2,0.5,0.25,0.25,0.00025,87,91,15,0.261944,openb-pod-3952
synthetic_01566,preprocessing,preprocessing,1,1,,11.3,48.0,3,0.75,0.35,0.35,0.00035,40,52,15,0.658056,openb-pod-5315
synthetic_01567,preprocessing,preprocessing,1,1,,18.708,63.0,1,0.25,0.25,0.25,0.00025,1,6,15,0.156389,openb-pod-4591
synthetic_01568,preprocessing,preprocessing,8,8,,88.0,320.0,1,0.25,2.8,2.8,0.0028,81,95,15,0.115833,openb-pod-0381
synthetic_01569,preprocessing,preprocessing,1,1,,11.3,48.0,1,0.25,0.07,0.07,7e-05,4,14,15,0.012222,openb-pod-7851
synthetic_01570,preprocessing,preprocessing,1,1,,3.152,5.46875,3,0.75,0.35,0.35,0.00035,13,23,15,0.73,openb-pod-0853
synthetic_01571,preprocessing,preprocessing,1,1,,9.81,40.5859375,1,0.25,0.07,0.07,7e-05,8,18,15,0.053611,openb-pod-1973
synthetic_01572,preprocessing,preprocessing,1,1,,3.152,5.46875,1,0.25,0.25,0.25,0.00025,63,76,15,0.041111,openb-pod-2008
synthetic_01573,preprocessing,preprocessing,1,1,,12.0,16.0,5,1.25,0.35,0.35,0.00035,47,55,15,1.216944,openb-pod-3774
synthetic_01574,preprocessing,preprocessing,1,1,,3.152,5.46875,1,0.25,0.25,0.25,0.00025,32,37,15,0.080833,openb-pod-3207
synthetic_01575,preprocessing,preprocessing,1,1,,11.4,47.0,3,0.75,0.25,0.25,0.00025,77,88,15,0.556944,openb-pod-0745
synthetic_01576,fine_tuning,fine_tuning,1,1,T4,11.3,48.0,1,0.25,0.07,0.07,7e-05,65,79,15,0.092778,openb-pod-6137
synthetic_01577,fine_tuning,fine_tuning,1,1,T4,4.152,10.3515625,1,0.25,0.07,0.07,7e-05,7,16,15,0.225,openb-pod-1633
synthetic_01578,preprocessing,preprocessing,1,1,,11.3,48.0,2,0.5,0.35,0.35,0.00035,75,79,15,0.271111,openb-pod-6008
synthetic_01579,preprocessing,preprocessing,1,1,,3.152,5.46875,1,0.25,0.15,0.15,0.00015,31,42,15,0.054167,openb-pod-0959
synthetic_01580,fine_tuning,fine_tuning,1,1,P100,4.0,14.900390625,1,0.25,0.25,0.25,0.00025,71,81,15,0.040556,openb-pod-5406
synthetic_01581,fine_tuning,fine_tuning,1,1,G3,4.0,24.0,5,1.25,0.35,0.35,0.00035,0,5,15,1.091389,openb-pod-5256
synthetic_01582,preprocessing,preprocessing,1,1,,8.0,29.8017578125,1,0.25,0.07,0.07,7e-05,2,10,15,0.043889,openb-pod-6981
synthetic_01583,preprocessing,preprocessing,1,1,,11.4,47.0,1,0.25,0.07,0.07,7e-05,75,88,15,0.010833,openb-pod-2665
synthetic_01584,preprocessing,preprocessing,1,1,,11.4,47.0,2,0.5,0.35,0.35,0.00035,23,34,15,0.350833,openb-pod-3550
synthetic_01585,preprocessing,preprocessing,1,1,,11.3,48.0,1,0.25,0.25,0.25,0.00025,81,94,15,0.017778,openb-pod-7713
synthetic_01586,preprocessing,preprocessing,1,1,,11.3,48.0,1,0.25,0.25,0.25,0.00025,75,85,15,0.094722,openb-pod-4682
synthetic_01587,fine_tuning,fine_tuning,1,1,T4,4.0,24.0,5,1.25,0.07,0.07,7e-05,49,59,15,1.095,openb-pod-3026
synthetic_01588,fine_tuning,fine_tuning,1,1,T4,6.0,32.0,3,0.75,0.07,0.07,7e-05,46,55,15,0.5525,openb-pod-7462
synthetic_01589,preprocessing,preprocessing,1,1,,15.7,57.0,3,0.75,0.35,0.35,0.00035,35,47,15,0.626944,openb-pod-1722
synthetic_01590,preprocessing,preprocessing,1,1,,3.152,5.46875,1,0.25,0.35,0.35,0.00035,49,57,15,0.005833,openb-pod-0661
synthetic_01591,preprocessing,preprocessing,1,1,,11.3,48.0,1,0.25,0.07,0.07,7e-05,9,18,15,0.016389,openb-pod-5264
synthetic_01592,fine_tuning,fine_tuning,1,1,T4,4.0,24.0,5,1.25,0.07,0.07,7e-05,69,83,15,1.161389,openb-pod-6572
synthetic_01593,preprocessing,preprocessing,1,1,,12.0,24.0,1,0.25,0.07,0.07,7e-05,88,95,15,0.011111,openb-pod-6330
synthetic_01594,fine_tuning,fine_tuning,1,1,T4,4.0,29.8017578125,7,1.75,0.07,0.07,7e-05,0,11,15,1.550833,openb-pod-3771
synthetic_01595,preprocessing,preprocessing,1,1,,15.2,79.0,5,1.25,0.35,0.35,0.00035,84,91,15,1.128611,openb-pod-4322
synthetic_01596,preprocessing,preprocessing,1,1,,18.708,63.0,1,0.25,0.35,0.35,0.00035,69,77,15,0.138611,openb-pod-6144
synthetic_01597,preprocessing,preprocessing,1,1,,3.152,5.46875,1,0.25,0.35,0.35,0.00035,61,77,15,0.055556,openb-pod-0036
synthetic_01598,preprocessing,preprocessing,1,1,,12.0,16.0,1,0.25,0.25,0.25,0.00025,7,13,15,0.15,openb-pod-2888
synthetic_01599,preprocessing,preprocessing,1,1,,11.4,47.0,1,0.25,0.25,0.25,0.00025,76,89,15,0.077778,openb-pod-2817
synthetic_01600,preprocessing,preprocessing,1,1,,4.0,22.3515625,1,0.25,0.25,0.25,0.00025,63,78,15,0.195556,openb-pod-7870
synthetic_01601,preprocessing,preprocessing,1,1,,11.4,47.0,2,0.5,0.35,0.35,0.00035,0,6,15,0.415278,openb-pod-2961
synthetic_01602,preprocessing,preprocessing,1,1,,4.0,14.900390625,5,1.25,0.35,0.35,0.00035,76,85,15,1.003889,openb-pod-0110
synthetic_01603,preprocessing,preprocessing,1,1,,11.908,46.0,2,0.5,0.07,0.07,7e-05,41,50,15,0.379167,openb-pod-4399
synthetic_01604,preprocessing,preprocessing,1,1,,6.0,18.0,2,0.5,0.25,0.25,0.00025,13,18,15,0.282778,openb-pod-0671
synthetic_01605,preprocessing,preprocessing,1,1,,3.152,5.46875,1,0.25,0.07,0.07,7e-05,44,51,15,0.094167,openb-pod-7113
synthetic_01606,preprocessing,preprocessing,1,1,,3.152,5.46875,1,0.25,0.15,0.15,0.00015,38,48,15,0.014167,openb-pod-0379
synthetic_01607,preprocessing,preprocessing,1,1,,11.4,47.0,4,1.0,0.07,0.07,7e-05,75,83,15,0.908333,openb-pod-2348
synthetic_01608,preprocessing,preprocessing,1,1,,8.0,29.8017578125,1,0.25,0.25,0.25,0.00025,61,74,15,0.151111,openb-pod-3032
synthetic_01609,fine_tuning,fine_tuning,1,1,T4,14.2,57.0,10,2.5,0.07,0.07,7e-05,41,49,15,2.421944,openb-pod-6087
synthetic_01610,fine_tuning,fine_tuning,1,1,T4,11.908,46.0,3,0.75,0.07,0.07,7e-05,36,45,15,0.583056,openb-pod-6244
synthetic_01611,preprocessing,preprocessing,1,1,,11.908,46.0,1,0.25,0.35,0.35,0.00035,6,19,15,0.020833,openb-pod-3716
synthetic_01612,fine_tuning,fine_tuning,1,1,T4,8.0,16.0,14,3.5,0.07,0.07,7e-05,74,82,15,3.41,openb-pod-7337
synthetic_01613,preprocessing,preprocessing,1,1,,8.0,29.8017578125,2,0.5,0.35,0.35,0.00035,71,83,15,0.295278,openb-pod-7042
synthetic_01614,preprocessing,preprocessing,1,1,,3.152,5.46875,1,0.25,0.25,0.25,0.00025,34,38,15,0.041111,openb-pod-1758
synthetic_01615,preprocessing,preprocessing,1,1,,3.152,5.46875,1,0.25,0.15,0.15,0.00015,76,90,15,0.057222,openb-pod-0929
synthetic_01616,preprocessing,preprocessing,1,1,,24.2,91.0,2,0.5,0.25,0.25,0.00025,67,77,15,0.285278,openb-pod-5780
synthetic_01617,preprocessing,preprocessing,1,1,,11.4,47.0,1,0.25,0.07,0.07,7e-05,10,24,15,0.072222,openb-pod-4537
synthetic_01618,fine_tuning,fine_tuning,1,1,P100,3.152,5.46875,1,0.25,0.25,0.25,0.00025,16,31,15,0.030278,openb-pod-7391
synthetic_01619,preprocessing,preprocessing,1,1,,18.708,63.0,1,0.25,0.35,0.35,0.00035,88,95,15,0.145278,openb-pod-5675
synthetic_01620,fine_tuning,fine_tuning,1,1,G3,12.0,24.0,1,0.25,0.35,0.35,0.00035,1,10,15,0.131667,openb-pod-0432
synthetic_01621,preprocessing,preprocessing,1,1,,6.0,12.0,1,0.25,0.35,0.35,0.00035,7,18,15,0.1575,openb-pod-2710
synthetic_01622,preprocessing,preprocessing,1,1,,24.2,91.0,2,0.5,0.25,0.25,0.00025,9,19,15,0.264444,openb-pod-5529
synthetic_01623,preprocessing,preprocessing,1,1,,11.908,46.0,8,2.0,0.07,0.07,7e-05,85,88,15,1.951667,openb-pod-7445
synthetic_01624,preprocessing,preprocessing,1,1,,12.0,16.0,7,1.75,0.35,0.35,0.00035,25,29,15,1.649167,openb-pod-5510
synthetic_01625,preprocessing,preprocessing,1,1,,3.152,5.46875,2,0.5,0.07,0.07,7e-05,59,70,15,0.273889,openb-pod-0439
synthetic_01626,preprocessing,preprocessing,1,1,,11.908,46.0,1,0.25,0.35,0.35,0.00035,50,56,15,0.154444,openb-pod-2274
synthetic_01627,preprocessing,preprocessing,1,1,,11.3,48.0,1,0.25,0.25,0.25,0.00025,15,27,15,0.074167,openb-pod-7836
synthetic_01628,fine_tuning,fine_tuning,1,1,T4,3.152,5.46875,6,1.5,0.07,0.07,7e-05,64,75,15,1.296944,openb-pod-0647
synthetic_01629,preprocessing,preprocessing,1,1,,15.7,57.0,3,0.75,0.35,0.35,0.00035,62,75,15,0.665278,openb-pod-1394
synthetic_01630,preprocessing,preprocessing,1,1,,11.3,48.0,1,0.25,0.07,0.07,7e-05,2,15,15,0.073333,openb-pod-7798
synthetic_01631,fine_tuning,fine_tuning,1,1,T4,11.908,46.0,2,0.5,0.07,0.07,7e-05,76,90,15,0.403611,openb-pod-7091
synthetic_01632,fine_tuning,fine_tuning,1,1,G2,11.4,47.0,2,0.5,0.35,0.35,0.00035,0,12,15,0.419722,openb-pod-4492
synthetic_01633,fine_tuning,fine_tuning,1,1,G2,12.0,16.0,1,0.25,0.35,0.35,0.00035,0,5,15,0.233056,openb-pod-3022
synthetic_01634,preprocessing,preprocessing,1,1,,8.0,29.8017578125,1,0.25,0.35,0.35,0.00035,41,51,15,0.058889,openb-pod-0247
synthetic_01635,preprocessing,preprocessing,1,1,,3.152,5.46875,1,0.25,0.25,0.25,0.00025,88,93,15,0.005556,openb-pod-4828
synthetic_01636,preprocessing,preprocessing,1,1,,8.0,16.0,2,0.5,0.35,0.35,0.00035,39,53,15,0.383056,openb-pod-3852
synthetic_01637,preprocessing,preprocessing,1,1,,15.7,57.0,5,1.25,0.25,0.25,0.00025,37,52,15,1.223333,openb-pod-3195
synthetic_01638,preprocessing,preprocessing,1,1,,16.0,64.0,7,1.75,0.07,0.07,7e-05,51,60,15,1.516944,openb-pod-4713
synthetic_01639,preprocessing,preprocessing,1,1,,4.0,24.0,5,1.25,0.25,0.25,0.00025,64,73,15,1.038056,openb-pod-0054
synthetic_01640,preprocessing,preprocessing,1,1,,6.0,6.0,1,0.25,0.15,0.15,0.00015,18,25,15,0.130833,openb-pod-0403
synthetic_01641,preprocessing,preprocessing,1,1,,3.152,5.46875,1,0.25,0.25,0.25,0.00025,57,68,15,0.012222,openb-pod-4092
synthetic_01642,preprocessing,preprocessing,1,1,,3.152,5.46875,1,0.25,0.35,0.35,0.00035,42,54,15,0.056389,openb-pod-0757
synthetic_01643,fine_tuning,fine_tuning,1,1,T4,11.3,48.0,1,0.25,0.07,0.07,7e-05,25,40,15,0.109444,openb-pod-6427
synthetic_01644,fine_tuning,fine_tuning,1,1,T4,4.152,10.3515625,1,0.25,0.07,0.07,7e-05,18,29,15,0.008056,openb-pod-1103
synthetic_01645,preprocessing,preprocessing,1,1,,4.0,14.900390625,2,0.5,0.35,0.35,0.00035,2,7,15,0.421667,openb-pod-2561
synthetic_01646,preprocessing,preprocessing,1,1,,9.81,40.5859375,2,0.5,0.25,0.25,0.00025,47,59,15,0.251667,openb-pod-5745
synthetic_01647,preprocessing,preprocessing,1,1,,6.0,6.0,1,0.25,0.25,0.25,0.00025,74,82,15,0.216667,openb-pod-0361
synthetic_01648,preprocessing,preprocessing,1,1,,4.0,29.8017578125,1,0.25,0.25,0.25,0.00025,54,64,15,0.011111,openb-pod-0636
synthetic_01649,preprocessing,preprocessing,1,1,,3.152,5.46875,1,0.25,0.15,0.15,0.00015,41,48,15,0.041389,openb-pod-0611
synthetic_01650,preprocessing,preprocessing,1,1,,6.0,18.0,2,0.5,0.25,0.25,0.00025,26,34,15,0.282778,openb-pod-0671
synthetic_01651,preprocessing,preprocessing,1,1,,3.152,5.46875,1,0.25,0.25,0.25,0.00025,26,34,15,0.1225,openb-pod-7419
synthetic_01652,preprocessing,preprocessing,1,1,,16.0,32.0,4,1.0,0.35,0.35,0.00035,0,13,15,0.901667,openb-pod-2976
synthetic_01653,training,training,1,1,V100M16|V100M32,4.0,24.0,5,1.25,0.25,0.25,0.00025,60,72,15,1.113333,openb-pod-2438
synthetic_01654,fine_tuning,fine_tuning,1,1,T4,4.0,22.3515625,5,1.25,0.07,0.07,7e-05,32,45,15,1.188333,openb-pod-0679
synthetic_01655,preprocessing,preprocessing,1,1,,15.7,57.0,3,0.75,0.15,0.15,0.00015,64,69,15,0.505,openb-pod-2674
synthetic_01656,fine_tuning,fine_tuning,1,1,T4,8.0,29.8017578125,2,0.5,0.07,0.07,7e-05,49,61,15,0.364722,openb-pod-6141
synthetic_01657,preprocessing,preprocessing,1,1,,15.7,57.0,3,0.75,0.35,0.35,0.00035,48,56,15,0.5925,openb-pod-1889
synthetic_01658,preprocessing,preprocessing,1,1,,3.152,5.46875,2,0.5,0.25,0.25,0.00025,0,6,15,0.26,openb-pod-3724
synthetic_01659,preprocessing,preprocessing,1,1,,11.4,47.0,5,1.25,0.35,0.35,0.00035,69,82,15,1.090278,openb-pod-0840
synthetic_01660,preprocessing,preprocessing,1,1,,11.3,48.0,1,0.25,0.25,0.25,0.00025,9,21,15,0.035278,openb-pod-7875
synthetic_01661,fine_tuning,fine_tuning,1,1,P100,3.152,5.46875,1,0.25,0.25,0.25,0.00025,52,61,15,0.074722,openb-pod-8090
synthetic_01662,fine_tuning,fine_tuning,1,1,T4,12.0,16.0,2,0.5,0.07,0.07,7e-05,0,9,15,0.266667,openb-pod-5971
synthetic_01663,preprocessing,preprocessing,1,1,,3.152,5.46875,1,0.25,0.35,0.35,0.00035,17,25,15,0.062222,openb-pod-2052
synthetic_01664,preprocessing,preprocessing,1,1,,1.0,2.0,1,0.25,0.25,0.25,0.00025,52,60,15,0.226667,openb-pod-2444
synthetic_01665,preprocessing,preprocessing,1,1,,16.0,32.0,5,1.25,0.35,0.35,0.00035,8,22,15,1.010278,openb-pod-6719
synthetic_01666,preprocessing,preprocessing,1,1,,24.2,91.0,2,0.5,0.35,0.35,0.00035,1,10,15,0.374167,openb-pod-7159
synthetic_01667,fine_tuning,fine_tuning,1,1,T4,11.908,46.0,4,1.0,0.07,0.07,7e-05,27,38,15,0.993056,openb-pod-5812
synthetic_01668,fine_tuning,fine_tuning,1,1,T4,4.0,29.8017578125,1,0.25,0.07,0.07,7e-05,80,89,15,0.205833,openb-pod-3908
synthetic_01669,preprocessing,preprocessing,1,1,,24.2,91.0,9,2.25,0.07,0.07,7e-05,19,30,15,2.126111,openb-pod-7230
synthetic_01670,preprocessing,preprocessing,1,1,,3.152,5.46875,1,0.25,0.35,0.35,0.00035,28,35,15,0.061667,openb-pod-0580
synthetic_01671,preprocessing,preprocessing,1,1,,11.908,46.0,2,0.5,0.25,0.25,0.00025,4,17,15,0.343889,openb-pod-3457
synthetic_01672,preprocessing,preprocessing,1,1,,4.0,22.3515625,5,1.25,0.35,0.35,0.00035,28,43,15,1.206667,openb-pod-5005
synthetic_01673,preprocessing,preprocessing,1,1,G2|P100|T4|V100M16|V100M32,11.4,47.0,10,2.5,0.35,0.35,0.00035,36,45,15,2.250556,openb-pod-2294
synthetic_01674,fine_tuning,fine_tuning,1,1,T4,11.3,48.0,1,0.25,0.07,0.07,7e-05,52,59,15,0.046111,openb-pod-5385
synthetic_01675,preprocessing,preprocessing,1,1,,12.0,15.0,9,2.25,0.35,0.35,0.00035,61,68,15,2.247222,openb-pod-4729
synthetic_01676,preprocessing,preprocessing,1,1,,8.0,29.8017578125,1,0.25,0.35,0.35,0.00035,72,81,15,0.060278,openb-pod-1668
synthetic_01677,preprocessing,preprocessing,1,1,,4.0,14.900390625,4,1.0,0.35,0.35,0.00035,20,34,15,0.866111,openb-pod-5524
synthetic_01678,fine_tuning,fine_tuning,1,1,G2,11.3,48.0,1,0.25,0.35,0.35,0.00035,0,6,15,0.021667,openb-pod-7596
synthetic_01679,preprocessing,preprocessing,1,1,,3.152,5.46875,1,0.25,0.25,0.25,0.00025,76,89,15,0.018056,openb-pod-1150
synthetic_01680,preprocessing,preprocessing,1,1,P100|V100M16|V100M32,18.708,63.0,1,0.25,0.25,0.25,0.00025,34,42,15,0.025833,openb-pod-7020
synthetic_01681,preprocessing,preprocessing,1,1,,3.152,5.46875,1,0.25,0.35,0.35,0.00035,37,45,15,0.038333,openb-pod-1240
synthetic_01682,preprocessing,preprocessing,1,1,,4.0,14.900390625,1,0.25,0.07,0.07,7e-05,0,7,15,0.205,openb-pod-5339
synthetic_01683,preprocessing,preprocessing,1,1,,18.708,63.0,1,0.25,0.35,0.35,0.00035,72,87,15,0.198889,openb-pod-3542
synthetic_01684,preprocessing,preprocessing,1,1,,3.152,5.46875,1,0.25,0.35,0.35,0.00035,0,11,15,0.041667,openb-pod-1041
synthetic_01685,preprocessing,preprocessing,1,1,,3.152,5.46875,1,0.25,0.25,0.25,0.00025,62,69,15,0.068889,openb-pod-1781
synthetic_01686,fine_tuning,fine_tuning,1,1,P100,11.908,46.0,1,0.25,0.25,0.25,0.00025,68,78,15,0.016389,openb-pod-6203
synthetic_01687,fine_tuning,fine_tuning,1,1,T4,4.0,14.900390625,1,0.25,0.07,0.07,7e-05,43,48,15,0.166389,openb-pod-2473
synthetic_01688,preprocessing,preprocessing,1,1,,11.3,48.0,1,0.25,0.35,0.35,0.00035,29,35,15,0.077778,openb-pod-7334
synthetic_01689,fine_tuning,fine_tuning,1,1,P100,8.0,29.8017578125,1,0.25,0.25,0.25,0.00025,55,68,15,0.028611,openb-pod-6011
synthetic_01690,preprocessing,preprocessing,1,1,,4.0,22.3515625,1,0.25,0.07,0.07,7e-05,90,95,15,0.061667,openb-pod-7920
synthetic_01691,preprocessing,preprocessing,1,1,,3.152,5.46875,1,0.25,0.35,0.35,0.00035,62,68,15,0.073056,openb-pod-3222
synthetic_01692,preprocessing,preprocessing,1,1,,11.908,46.0,1,0.25,0.35,0.35,0.00035,72,81,15,0.010833,openb-pod-5309
synthetic_01693,fine_tuning,fine_tuning,1,1,T4,4.0,29.8017578125,12,3.0,0.07,0.07,7e-05,46,59,15,2.940556,openb-pod-4971
synthetic_01694,preprocessing,preprocessing,1,1,,11.4,47.0,8,2.0,0.07,0.07,7e-05,32,44,15,1.993333,openb-pod-3174
synthetic_01695,preprocessing,preprocessing,1,1,,11.908,46.0,2,0.5,0.35,0.35,0.00035,43,51,15,0.423611,openb-pod-8138
synthetic_01696,fine_tuning,fine_tuning,1,1,T4,3.152,5.46875,1,0.25,0.07,0.07,7e-05,78,84,15,0.056944,openb-pod-1393
synthetic_01697,fine_tuning,fine_tuning,1,1,G2,9.81,40.5859375,1,0.25,0.35,0.35,0.00035,66,78,15,0.013889,openb-pod-1029
synthetic_01698,fine_tuning,fine_tuning,1,1,T4,4.152,10.3515625,1,0.25,0.07,0.07,7e-05,84,89,15,0.217778,openb-pod-2174
synthetic_01699,preprocessing,preprocessing,1,1,,3.152,5.46875,1,0.25,0.07,0.07,7e-05,29,40,15,0.031111,openb-pod-1841
synthetic_01700,preprocessing,preprocessing,1,1,,9.81,40.5859375,1,0.25,0.25,0.25,0.00025,66,75,15,0.037222,openb-pod-1476
synthetic_01701,preprocessing,preprocessing,1,1,,11.908,46.0,2,0.5,0.25,0.25,0.00025,73,85,15,0.401944,openb-pod-3383
synthetic_01702,preprocessing,preprocessing,1,1,,15.7,57.0,1,0.25,0.35,0.35,0.00035,8,21,15,0.014444,openb-pod-2986
synthetic_01703,preprocessing,preprocessing,1,1,,11.908,46.0,1,0.25,0.35,0.35,0.00035,6,13,15,0.136667,openb-pod-7319
synthetic_01704,preprocessing,preprocessing,1,1,,3.152,5.46875,1,0.25,0.35,0.35,0.00035,66,74,15,0.097222,openb-pod-3275
synthetic_01705,fine_tuning,fine_tuning,1,1,T4,3.152,5.46875,1,0.25,0.07,0.07,7e-05,0,5,15,0.046389,openb-pod-1375
synthetic_01706,fine_tuning,fine_tuning,1,1,P100,4.0,22.3515625,5,1.25,0.25,0.25,0.00025,56,70,15,1.216667,openb-pod-5043
synthetic_01707,fine_tuning,fine_tuning,1,1,T4,3.152,5.46875,1,0.25,0.07,0.07,7e-05,74,86,15,0.009722,openb-pod-4050
synthetic_01708,preprocessing,preprocessing,1,1,,16.0,32.0,2,0.5,0.25,0.25,0.00025,13,25,15,0.495278,openb-pod-3430
synthetic_01709,preprocessing,preprocessing,1,1,,3.152,5.46875,1,0.25,0.25,0.25,0.00025,0,6,15,0.043611,openb-pod-1660
synthetic_01710,preprocessing,preprocessing,1,1,,4.0,14.900390625,3,0.75,0.25,0.25,0.00025,65,80,15,0.562778,openb-pod-6574
synthetic_01711,preprocessing,preprocessing,1,1,,11.908,46.0,1,0.25,0.07,0.07,7e-05,18,32,15,0.138056,openb-pod-3357
synthetic_01712,preprocessing,preprocessing,1,1,,16.4,123.0,1,0.25,0.25,0.25,0.00025,54,67,15,0.126389,openb-pod-7229
synthetic_01713,preprocessing,preprocessing,1,1,,3.152,5.46875,1,0.25,0.35,0.35,0.00035,71,81,15,0.047222,openb-pod-0149
synthetic_01714,preprocessing,preprocessing,1,1,,8.0,29.8017578125,1,0.25,0.25,0.25,0.00025,38,53,15,0.036944,openb-pod-1979
synthetic_01715,preprocessing,preprocessing,1,1,,18.708,63.0,1,0.25,0.25,0.25,0.00025,11,19,15,0.044722,openb-pod-1910
synthetic_01716,preprocessing,preprocessing,1,1,,8.0,32.0,5,1.25,0.25,0.25,0.00025,37,49,15,1.067222,openb-pod-3477
synthetic_01717,preprocessing,preprocessing,1,1,,4.0,22.3515625,1,0.25,0.35,0.35,0.00035,74,87,15,0.144167,openb-pod-7955
synthetic_01718,preprocessing,preprocessing,1,1,,12.0,24.0,2,0.5,0.25,0.25,0.00025,85,94,15,0.2625,openb-pod-4914
synthetic_01719,fine_tuning,fine_tuning,1,1,T4,3.152,5.46875,1,0.25,0.07,0.07,7e-05,0,10,15,0.012778,openb-pod-8036
synthetic_01720,fine_tuning,fine_tuning,1,1,G2,24.2,91.0,4,1.0,0.35,0.35,0.00035,21,31,15,0.777778,openb-pod-6617
synthetic_01721,fine_tuning,fine_tuning,1,1,T4,3.152,5.46875,1,0.25,0.07,0.07,7e-05,71,82,15,0.068056,openb-pod-6959
synthetic_01722,preprocessing,preprocessing,1,1,P100|V100M16|V100M32,3.152,5.46875,1,0.25,0.25,0.25,0.00025,88,95,15,0.080278,openb-pod-1062
synthetic_01723,fine_tuning,fine_tuning,1,1,P100,3.152,5.46875,1,0.25,0.25,0.25,0.00025,72,79,15,0.091389,openb-pod-7298
synthetic_01724,preprocessing,preprocessing,1,1,,3.152,5.46875,1,0.25,0.35,0.35,0.00035,19,35,15,0.076667,openb-pod-0338
synthetic_01725,preprocessing,preprocessing,1,1,,9.81,40.5859375,1,0.25,0.35,0.35,0.00035,9,20,15,0.017222,openb-pod-6211
synthetic_01726,preprocessing,preprocessing,1,1,,11.3,48.0,1,0.25,0.35,0.35,0.00035,13,22,15,0.126944,openb-pod-6931
synthetic_01727,preprocessing,preprocessing,1,1,,3.152,5.46875,1,0.25,0.35,0.35,0.00035,66,79,15,0.0325,openb-pod-0987
synthetic_01728,fine_tuning,fine_tuning,1,1,T4,11.3,48.0,1,0.25,0.07,0.07,7e-05,17,24,15,0.094444,openb-pod-7739
synthetic_01729,training,training,1,1,V100M16|V100M32,11.3,48.0,1,0.25,0.25,0.25,0.00025,76,88,15,0.161944,openb-pod-5996
synthetic_01730,fine_tuning,fine_tuning,1,1,T4,18.708,63.0,1,0.25,0.07,0.07,7e-05,64,70,15,0.078333,openb-pod-4661
synthetic_01731,preprocessing,preprocessing,1,1,P100|V100M16|V100M32,24.2,91.0,1,0.25,0.25,0.25,0.00025,40,50,15,0.175278,openb-pod-6120
synthetic_01732,preprocessing,preprocessing,1,1,,3.152,5.46875,1,0.25,0.25,0.25,0.00025,32,42,15,0.048611,openb-pod-0256
synthetic_01733,fine_tuning,fine_tuning,1,1,T4,4.0,24.0,5,1.25,0.07,0.07,7e-05,0,10,15,1.140833,openb-pod-6683
synthetic_01734,preprocessing,preprocessing,1,1,,15.7,57.0,1,0.25,0.25,0.25,0.00025,52,61,15,0.02,openb-pod-4610
synthetic_01735,training,training,1,1,V100M16|V100M32,11.3,48.0,1,0.25,0.25,0.25,0.00025,71,80,15,0.101667,openb-pod-7947
synthetic_01736,fine_tuning,fine_tuning,1,1,T4,6.0,12.0,1,0.25,0.07,0.07,7e-05,44,53,15,0.241667,openb-pod-2541
synthetic_01737,preprocessing,preprocessing,1,1,,11.3,48.0,1,0.25,0.35,0.35,0.00035,88,95,15,0.141944,openb-pod-6190
synthetic_01738,preprocessing,preprocessing,1,1,,3.152,5.46875,1,0.25,0.07,0.07,7e-05,40,48,15,0.045,openb-pod-1675
synthetic_01739,preprocessing,preprocessing,1,1,,11.3,48.0,1,0.25,0.07,0.07,7e-05,12,17,15,0.094722,openb-pod-6296
synthetic_01740,fine_tuning,fine_tuning,1,1,P100,3.152,5.46875,1,0.25,0.25,0.25,0.00025,10,20,15,0.037778,openb-pod-4638
synthetic_01741,fine_tuning,fine_tuning,1,1,T4,11.3,48.0,1,0.25,0.07,0.07,7e-05,36,48,15,0.024167,openb-pod-7929
synthetic_01742,preprocessing,preprocessing,1,1,,4.0,24.0,6,1.5,0.25,0.25,0.00025,11,22,15,1.275278,openb-pod-2867
synthetic_01743,preprocessing,preprocessing,1,1,,11.3,48.0,1,0.25,0.35,0.35,0.00035,65,73,15,0.019167,openb-pod-7643
synthetic_01744,preprocessing,preprocessing,1,1,,11.908,46.0,3,0.75,0.35,0.35,0.00035,71,83,15,0.516389,openb-pod-4875
synthetic_01745,fine_tuning,fine_tuning,1,1,T4,11.9,76.0,1,0.25,0.07,0.07,7e-05,20,29,15,0.117222,openb-pod-2451
synthetic_01746,preprocessing,preprocessing,1,1,,11.3,48.0,6,1.5,0.25,0.25,0.00025,61,71,15,1.341667,openb-pod-6633
synthetic_01747,preprocessing,preprocessing,1,1,,8.0,29.8017578125,1,0.25,0.25,0.25,0.00025,87,95,15,0.015278,openb-pod-6544
synthetic_01748,preprocessing,preprocessing,1,1,,3.152,5.46875,1,0.25,0.35,0.35,0.00035,10,23,15,0.075,openb-pod-5415
synthetic_01749,preprocessing,preprocessing,1,1,,11.3,48.0,1,0.25,0.25,0.25,0.00025,74,88,15,0.02,openb-pod-7867
synthetic_01750,preprocessing,preprocessing,1,1,,11.3,48.0,2,0.5,0.35,0.35,0.00035,0,4,15,0.271111,openb-pod-6008
synthetic_01751,fine_tuning,fine_tuning,1,1,T4,4.0,14.900390625,3,0.75,0.07,0.07,7e-05,5,12,15,0.674167,openb-pod-0372
synthetic_01752,preprocessing,preprocessing,1,1,,1.0,2.0,3,0.75,0.25,0.25,0.00025,86,90,15,0.704444,openb-pod-3484
synthetic_01753,training,training,1,1,V100M16|V100M32,12.0,24.0,1,0.25,0.25,0.25,0.00025,5,19,15,0.0675,openb-pod-5668
synthetic_01754,preprocessing,preprocessing,1,1,A10|G2|T4|V100M16|V100M32,4.0,24.0,5,1.25,0.25,0.25,0.00025,80,86,15,1.169167,openb-pod-5112
synthetic_01755,preprocessing,preprocessing,1,1,,3.152,5.46875,5,1.25,0.25,0.25,0.00025,74,86,15,1.123611,openb-pod-1087
synthetic_01756,fine_tuning,fine_tuning,1,1,T4,11.908,46.0,3,0.75,0.07,0.07,7e-05,83,93,15,0.583056,openb-pod-6244
synthetic_01757,fine_tuning,fine_tuning,1,1,T4,11.4,47.0,6,1.5,0.07,0.07,7e-05,76,89,15,1.5,openb-pod-3079
synthetic_01758,preprocessing,preprocessing,1,1,,11.3,48.0,1,0.25,0.35,0.35,0.00035,63,78,15,0.137222,openb-pod-5351
synthetic_01759,preprocessing,preprocessing,1,1,,11.3,48.0,2,0.5,0.25,0.25,0.00025,28,33,15,0.368611,openb-pod-4908
synthetic_01760,preprocessing,preprocessing,1,1,,3.152,5.46875,1,0.25,0.25,0.25,0.00025,85,92,15,0.065278,openb-pod-7402
synthetic_01761,preprocessing,preprocessing,1,1,,3.152,5.46875,1,0.25,0.25,0.25,0.00025,72,76,15,0.096944,openb-pod-8075
synthetic_01762,preprocessing,preprocessing,1,1,,11.4,76.0,1,0.25,0.35,0.35,0.00035,48,63,15,0.015,openb-pod-6131
synthetic_01763,preprocessing,preprocessing,1,1,,3.152,5.46875,1,0.25,0.25,0.25,0.00025,9,20,15,0.048056,openb-pod-7423
synthetic_01764,fine_tuning,fine_tuning,1,1,G2,11.4,47.0,2,0.5,0.35,0.35,0.00035,21,35,15,0.359722,openb-pod-4150
synthetic_01765,fine_tuning,fine_tuning,1,1,T4,3.152,5.46875,1,0.25,0.07,0.07,7e-05,82,89,15,0.008056,openb-pod-7498
synthetic_01766,preprocessing,preprocessing,1,1,,11.3,48.0,2,0.5,0.35,0.35,0.00035,73,77,15,0.296944,openb-pod-5136
synthetic_01767,preprocessing,preprocessing,1,1,P100|V100M16|V100M32,18.708,63.0,1,0.25,0.25,0.25,0.00025,6,15,15,0.025833,openb-pod-7020
synthetic_01768,preprocessing,preprocessing,1,1,,3.152,5.46875,1,0.25,0.25,0.25,0.00025,36,43,15,0.033889,openb-pod-1236
synthetic_01769,fine_tuning,fine_tuning,1,1,T4,4.0,22.3515625,1,0.25,0.07,0.07,7e-05,56,64,15,0.137222,openb-pod-4297
synthetic_01770,preprocessing,preprocessing,1,1,,14.2,57.0,9,2.25,0.25,0.25,0.00025,57,69,15,2.086667,openb-pod-5791
synthetic_01771,fine_tuning,fine_tuning,1,1,T4,3.152,5.46875,1,0.25,0.07,0.07,7e-05,0,5,15,0.043333,openb-pod-1795
synthetic_01772,preprocessing,preprocessing,1,1,,16.0,32.0,5,1.25,0.25,0.25,0.00025,16,28,15,1.010278,openb-pod-6719
synthetic_01773,preprocessing,preprocessing,1,1,,3.152,5.46875,2,0.5,0.07,0.07,7e-05,13,24,15,0.311389,openb-pod-3848
synthetic_01774,preprocessing,preprocessing,1,1,,4.0,29.8017578125,3,0.75,0.25,0.25,0.00025,3,13,15,0.624722,openb-pod-2422
synthetic_01775,preprocessing,preprocessing,1,1,,3.152,5.46875,2,0.5,0.25,0.25,0.00025,49,59,15,0.259167,openb-pod-5803
synthetic_01776,preprocessing,preprocessing,1,1,,4.0,14.900390625,5,1.25,0.35,0.35,0.00035,27,33,15,1.003889,openb-pod-0109
synthetic_01777,preprocessing,preprocessing,1,1,,11.3,48.0,1,0.25,0.07,0.07,7e-05,14,23,15,0.154722,openb-pod-5547
synthetic_01778,training,training,1,1,V100M16|V100M32,11.4,47.0,1,0.25,0.25,0.25,0.00025,60,74,15,0.033333,openb-pod-2809
synthetic_01779,preprocessing,preprocessing,1,1,,3.152,5.46875,1,0.25,0.25,0.25,0.00025,3,10,15,0.046111,openb-pod-3198
synthetic_01780,fine_tuning,fine_tuning,1,1,T4,3.152,5.46875,1,0.25,0.07,0.07,7e-05,66,80,15,0.006667,openb-pod-4390
synthetic_01781,preprocessing,preprocessing,1,1,,11.4,47.0,1,0.25,0.15,0.15,0.00015,41,53,15,0.06,openb-pod-3711
synthetic_01782,fine_tuning,fine_tuning,1,1,P100,11.908,46.0,2,0.5,0.25,0.25,0.00025,8,19,15,0.303889,openb-pod-8123
synthetic_01783,preprocessing,preprocessing,1,1,,8.0,29.8017578125,1,0.25,0.07,0.07,7e-05,26,32,15,0.030556,openb-pod-6566
synthetic_01784,fine_tuning,fine_tuning,1,1,G2,11.4,47.0,3,0.75,0.35,0.35,0.00035,56,63,15,0.716944,openb-pod-3066
synthetic_01785,fine_tuning,fine_tuning,1,1,P100,3.152,5.46875,2,0.5,0.25,0.25,0.00025,41,50,15,0.262222,openb-pod-3331
synthetic_01786,preprocessing,preprocessing,1,1,,3.152,5.46875,1,0.25,0.25,0.25,0.00025,26,37,15,0.003611,openb-pod-6859
synthetic_01787,fine_tuning,fine_tuning,1,1,P100,8.0,29.8017578125,1,0.25,0.25,0.25,0.00025,15,29,15,0.009722,openb-pod-6170
synthetic_01788,training,training,1,1,V100M16|V100M32,18.708,63.0,1,0.25,0.25,0.25,0.00025,81,95,15,0.150278,openb-pod-2596
synthetic_01789,preprocessing,preprocessing,1,1,,11.3,48.0,1,0.25,0.25,0.25,0.00025,65,72,15,0.085278,openb-pod-7715
synthetic_01790,preprocessing,preprocessing,1,1,,16.4,123.0,1,0.25,0.25,0.25,0.00025,27,38,15,0.010833,openb-pod-6802
synthetic_01791,fine_tuning,fine_tuning,1,1,T4,11.4,47.0,1,0.25,0.07,0.07,7e-05,37,43,15,0.106389,openb-pod-3230
synthetic_01792,preprocessing,preprocessing,1,1,,3.152,5.46875,1,0.25,0.25,0.25,0.00025,10,18,15,0.056111,openb-pod-3305
synthetic_01793,fine_tuning,fine_tuning,1,1,T4,11.908,46.0,16,4.0,0.07,0.07,7e-05,56,70,15,3.776944,openb-pod-4098
synthetic_01794,fine_tuning,fine_tuning,1,1,G3,8.0,16.0,1,0.25,0.35,0.35,0.00035,85,95,15,0.1825,openb-pod-4989
synthetic_01795,preprocessing,preprocessing,1,1,,4.0,29.8017578125,1,0.25,0.25,0.25,0.00025,43,55,15,0.039722,openb-pod-0485
synthetic_01796,training,training,1,1,V100M16|V100M32,11.3,48.0,5,1.25,0.25,0.25,0.00025,60,70,15,1.020556,openb-pod-6237
synthetic_01797,preprocessing,preprocessing,1,1,,2.0,8.0,2,0.5,0.25,0.25,0.00025,86,94,15,0.499444,openb-pod-5786
synthetic_01798,preprocessing,preprocessing,1,1,,11.4,76.0,2,0.5,0.35,0.35,0.00035,12,22,15,0.2525,openb-pod-6669
synthetic_01799,preprocessing,preprocessing,1,1,,3.152,5.46875,2,0.5,0.25,0.25,0.00025,0,8,15,0.257778,openb-pod-6791
synthetic_01800,preprocessing,preprocessing,1,1,,16.0,32.0,2,0.5,0.25,0.25,0.00025,32,48,15,0.438889,openb-pod-2995
synthetic_01801,fine_tuning,fine_tuning,1,1,G2,18.708,63.0,2,0.5,0.35,0.35,0.00035,18,33,15,0.336667,openb-pod-3033
synthetic_01802,preprocessing,preprocessing,1,1,,18.708,63.0,1,0.25,0.25,0.25,0.00025,82,95,15,0.156667,openb-pod-6156
synthetic_01803,fine_tuning,fine_tuning,1,1,G2,11.3,48.0,1,0.25,0.35,0.35,0.00035,50,59,15,0.145278,openb-pod-5375
synthetic_01804,fine_tuning,fine_tuning,1,1,G3,1.0,6.0,10,2.5,0.35,0.35,0.00035,25,35,15,2.420278,openb-pod-4576
synthetic_01805,training,training,1,1,V100M16|V100M32,18.708,63.0,1,0.25,0.25,0.25,0.00025,75,85,15,0.150278,openb-pod-2596
synthetic_01806,preprocessing,preprocessing,1,1,,11.4,47.0,6,1.5,0.07,0.07,7e-05,52,68,15,1.376111,openb-pod-2469
synthetic_01807,preprocessing,preprocessing,1,1,,4.0,22.3515625,1,0.25,0.25,0.25,0.00025,64,75,15,0.061944,openb-pod-7915
synthetic_01808,preprocessing,preprocessing,1,1,,3.152,5.46875,1,0.25,0.25,0.25,0.00025,15,26,15,0.061111,openb-pod-1202
synthetic_01809,preprocessing,preprocessing,1,1,,3.152,5.46875,1,0.25,0.25,0.25,0.00025,13,19,15,0.008611,openb-pod-6697
synthetic_01810,preprocessing,preprocessing,1,1,,11.908,46.0,4,1.0,0.25,0.25,0.00025,12,19,15,0.781944,openb-pod-3791
synthetic_01811,preprocessing,preprocessing,1,1,,11.908,46.0,2,0.5,0.25,0.25,0.00025,36,51,15,0.355556,openb-pod-7508
synthetic_01812,preprocessing,preprocessing,1,1,,4.0,24.0,5,1.25,0.25,0.25,0.00025,54,60,15,1.0325,openb-pod-5317
synthetic_01813,preprocessing,preprocessing,1,1,,8.0,16.0,4,1.0,0.25,0.25,0.00025,53,59,15,0.819722,openb-pod-1483
synthetic_01814,preprocessing,preprocessing,1,1,,3.152,5.46875,1,0.25,0.25,0.25,0.00025,45,53,15,0.008333,openb-pod-8151
synthetic_01815,preprocessing,preprocessing,1,1,,12.0,24.0,1,0.25,0.25,0.25,0.00025,41,53,15,0.013333,openb-pod-4754
synthetic_01816,preprocessing,preprocessing,1,1,,3.152,5.46875,1,0.25,0.25,0.25,0.00025,64,74,15,0.063611,openb-pod-1737
synthetic_01817,fine_tuning,fine_tuning,1,1,T4,8.0,29.8017578125,1,0.25,0.07,0.07,7e-05,25,32,15,0.021944,openb-pod-6335
synthetic_01818,preprocessing,preprocessing,1,1,,3.152,5.46875,1,0.25,0.35,0.35,0.00035,61,68,15,0.053056,openb-pod-1422
synthetic_01819,preprocessing,preprocessing,1,1,,8.0,29.8017578125,3,0.75,0.35,0.35,0.00035,44,50,15,0.548333,openb-pod-2336
synthetic_01820,preprocessing,preprocessing,1,1,,3.152,5.46875,1,0.25,0.35,0.35,0.00035,82,91,15,0.061944,openb-pod-0922
synthetic_01821,preprocessing,preprocessing,1,1,,3.152,5.46875,2,0.5,0.07,0.07,7e-05,38,50,15,0.261389,openb-pod-3405
synthetic_01822,preprocessing,preprocessing,1,1,,12.0,16.0,1,0.25,0.25,0.25,0.00025,4,16,15,0.15,openb-pod-2749
synthetic_01823,preprocessing,preprocessing,1,1,,18.708,63.0,8,2.0,0.25,0.25,0.00025,68,80,15,1.9575,openb-pod-4045
synthetic_01824,preprocessing,preprocessing,1,1,,3.152,5.46875,2,0.5,0.35,0.35,0.00035,83,94,15,0.261111,openb-pod-5485
synthetic_01825,preprocessing,preprocessing,1,1,,3.152,5.46875,1,0.25,0.25,0.25,0.00025,52,60,15,0.081944,openb-pod-0810
synthetic_01826,preprocessing,preprocessing,1,1,,8.0,29.8017578125,8,2.0,0.35,0.35,0.00035,53,63,15,1.789722,openb-pod-0463
synthetic_01827,preprocessing,preprocessing,1,1,,3.152,5.46875,1,0.25,0.25,0.25,0.00025,81,90,15,0.005556,openb-pod-3754
synthetic_01828,fine_tuning,fine_tuning,1,1,T4,12.0,15.0,13,3.25,0.07,0.07,7e-05,9,19,15,3.068611,openb-pod-6492
synthetic_01829,preprocessing,preprocessing,1,1,,3.152,5.46875,1,0.25,0.35,0.35,0.00035,55,65,15,0.001389,openb-pod-0974
synthetic_01830,preprocessing,preprocessing,1,1,,8.0,29.8017578125,1,0.25,0.35,0.35,0.00035,65,75,15,0.030556,openb-pod-6566
synthetic_01831,preprocessing,preprocessing,1,1,,4.152,10.3515625,2,0.5,0.07,0.07,7e-05,52,59,15,0.271389,openb-pod-1068
synthetic_01832,fine_tuning,fine_tuning,1,1,T4,18.708,63.0,1,0.25,0.07,0.07,7e-05,0,6,15,0.015833,openb-pod-6475
synthetic_01833,fine_tuning,fine_tuning,1,1,T4,11.3,48.0,1,0.25,0.07,0.07,7e-05,72,83,15,0.021389,openb-pod-7576
synthetic_01834,fine_tuning,fine_tuning,1,1,T4,11.3,48.0,3,0.75,0.07,0.07,7e-05,0,9,15,0.626667,openb-pod-6254
synthetic_01835,preprocessing,preprocessing,1,1,,4.152,10.3515625,2,0.5,0.35,0.35,0.00035,62,75,15,0.262222,openb-pod-0291
synthetic_01836,preprocessing,preprocessing,1,1,,11.3,48.0,1,0.25,0.35,0.35,0.00035,19,29,15,0.050833,openb-pod-7917
synthetic_01837,preprocessing,preprocessing,1,1,,9.81,40.5859375,5,1.25,0.35,0.35,0.00035,7,21,15,1.198333,openb-pod-6811
synthetic_01838,preprocessing,preprocessing,1,1,,11.3,48.0,1,0.25,0.07,0.07,7e-05,88,93,15,0.015556,openb-pod-5643
synthetic_01839,preprocessing,preprocessing,1,1,,3.152,5.46875,1,0.25,0.35,0.35,0.00035,40,49,15,0.01,openb-pod-7802
synthetic_01840,preprocessing,preprocessing,1,1,,3.152,5.46875,1,0.25,0.25,0.25,0.00025,0,10,15,0.084722,openb-pod-3249
synthetic_01841,fine_tuning,fine_tuning,8,8,G3,88.0,320.0,11,2.75,2.8,2.8,0.0028,8,14,15,2.529444,openb-pod-8046
synthetic_01842,fine_tuning,fine_tuning,1,1,G3,4.0,24.0,5,1.25,0.35,0.35,0.00035,5,15,15,1.091389,openb-pod-5256
synthetic_01843,preprocessing,preprocessing,1,1,,11.908,46.0,2,0.5,0.25,0.25,0.00025,64,75,15,0.492222,openb-pod-3794
synthetic_01844,preprocessing,preprocessing,1,1,,9.81,40.5859375,3,0.75,0.25,0.25,0.00025,0,8,15,0.586389,openb-pod-1971
synthetic_01845,fine_tuning,fine_tuning,1,1,T4,11.4,47.0,6,1.5,0.07,0.07,7e-05,79,90,15,1.406389,openb-pod-2820
synthetic_01846,preprocessing,preprocessing,1,1,,3.152,5.46875,1,0.25,0.25,0.25,0.00025,84,92,15,0.0175,openb-pod-1672
synthetic_01847,preprocessing,preprocessing,1,1,,11.908,46.0,1,0.25,0.35,0.35,0.00035,40,50,15,0.013889,openb-pod-7071
synthetic_01848,preprocessing,preprocessing,1,1,,8.0,16.0,7,1.75,0.25,0.25,0.00025,3,10,15,1.632778,openb-pod-4991
synthetic_01849,fine_tuning,fine_tuning,1,1,G2,11.4,47.0,1,0.25,0.35,0.35,0.00035,36,41,15,0.024167,openb-pod-2895
synthetic_01850,preprocessing,preprocessing,1,1,,9.81,40.5859375,7,1.75,0.07,0.07,7e-05,84,89,15,1.594444,openb-pod-1153
synthetic_01851,preprocessing,preprocessing,1,1,,8.0,29.8017578125,4,1.0,0.25,0.25,0.00025,64,70,15,0.804167,openb-pod-8014
synthetic_01852,preprocessing,preprocessing,1,1,,15.7,57.0,3,0.75,0.07,0.07,7e-05,64,71,15,0.543889,openb-pod-1388
synthetic_01853,fine_tuning,fine_tuning,1,1,T4,11.908,46.0,1,0.25,0.07,0.07,7e-05,16,30,15,0.206389,openb-pod-7127
synthetic_01854,preprocessing,preprocessing,1,1,,3.152,5.46875,1,0.25,0.35,0.35,0.00035,31,47,15,0.058611,openb-pod-3403
synthetic_01855,preprocessing,preprocessing,1,1,,11.4,47.0,1,0.25,0.25,0.25,0.00025,40,51,15,0.223056,openb-pod-2668
synthetic_01856,preprocessing,preprocessing,1,1,,6.0,12.0,1,0.25,0.07,0.07,7e-05,0,8,15,0.248333,openb-pod-0369
synthetic_01857,preprocessing,preprocessing,1,1,,14.2,57.0,11,2.75,0.25,0.25,0.00025,36,49,15,2.660833,openb-pod-6071
synthetic_01858,fine_tuning,fine_tuning,1,1,G2,8.0,16.0,4,1.0,0.35,0.35,0.00035,54,62,15,0.965833,openb-pod-2803
synthetic_01859,preprocessing,preprocessing,1,1,,4.0,14.900390625,1,0.25,0.25,0.25,0.00025,32,42,15,0.0175,openb-pod-2567
synthetic_01860,fine_tuning,fine_tuning,1,1,T4,4.0,24.0,5,1.25,0.07,0.07,7e-05,0,6,15,1.161389,openb-pod-6572
synthetic_01861,preprocessing,preprocessing,1,1,,4.152,10.3515625,1,0.25,0.35,0.35,0.00035,81,92,15,0.008056,openb-pod-1110
synthetic_01862,preprocessing,preprocessing,1,1,,11.3,48.0,1,0.25,0.35,0.35,0.00035,42,53,15,0.020556,openb-pod-7921
synthetic_01863,preprocessing,preprocessing,1,1,,8.0,29.8017578125,1,0.25,0.07,0.07,7e-05,0,7,15,0.0375,openb-pod-0139
synthetic_01864,preprocessing,preprocessing,1,1,,4.0,14.900390625,2,0.5,0.35,0.35,0.00035,58,69,15,0.276111,openb-pod-3474
synthetic_01865,fine_tuning,fine_tuning,1,1,T4,3.152,5.46875,15,3.75,0.07,0.07,7e-05,47,57,15,3.687222,openb-pod-4166
synthetic_01866,preprocessing,preprocessing,1,1,,9.81,40.5859375,2,0.5,0.25,0.25,0.00025,22,36,15,0.358611,openb-pod-7299
synthetic_01867,training,training,1,1,V100M16|V100M32,11.4,47.0,2,0.5,0.25,0.25,0.00025,64,79,15,0.468611,openb-pod-5921
synthetic_01868,preprocessing,preprocessing,1,1,,3.152,5.46875,1,0.25,0.25,0.25,0.00025,13,20,15,0.107222,openb-pod-7936
synthetic_01869,preprocessing,preprocessing,1,1,,11.4,47.0,1,0.25,0.25,0.25,0.00025,9,23,15,0.020556,openb-pod-2685
synthetic_01870,fine_tuning,fine_tuning,1,1,T4,4.152,10.3515625,1,0.25,0.07,0.07,7e-05,54,66,15,0.015833,openb-pod-2163
synthetic_01871,preprocessing,preprocessing,1,1,,8.0,29.8017578125,1,0.25,0.25,0.25,0.00025,87,95,15,0.081389,openb-pod-2968
synthetic_01872,fine_tuning,fine_tuning,1,1,T4,11.4,47.0,1,0.25,0.07,0.07,7e-05,37,48,15,0.040278,openb-pod-3738
synthetic_01873,preprocessing,preprocessing,1,1,,3.152,5.46875,7,1.75,0.25,0.25,0.00025,0,3,15,1.576944,openb-pod-4912
synthetic_01874,preprocessing,preprocessing,1,1,,11.3,48.0,1,0.25,0.35,0.35,0.00035,55,69,15,0.033056,openb-pod-7365
synthetic_01875,fine_tuning,fine_tuning,1,1,T4,11.3,48.0,1,0.25,0.07,0.07,7e-05,40,48,15,0.230278,openb-pod-4840
synthetic_01876,preprocessing,preprocessing,1,1,,11.3,48.0,4,1.0,0.25,0.25,0.00025,78,84,15,0.815278,openb-pod-7034
synthetic_01877,fine_tuning,fine_tuning,1,1,T4,11.3,48.0,1,0.25,0.07,0.07,7e-05,14,26,15,0.031944,openb-pod-7964
synthetic_01878,preprocessing,preprocessing,1,1,,9.81,40.5859375,2,0.5,0.25,0.25,0.00025,35,50,15,0.338611,openb-pod-5654
synthetic_01879,preprocessing,preprocessing,1,1,,11.4,47.0,9,2.25,0.25,0.25,0.00025,75,85,15,2.138333,openb-pod-2054
synthetic_01880,preprocessing,preprocessing,1,1,,11.908,46.0,12,3.0,0.35,0.35,0.00035,36,43,15,2.978333,openb-pod-3954
synthetic_01881,fine_tuning,fine_tuning,1,1,T4,11.3,48.0,1,0.25,0.07,0.07,7e-05,89,95,15,0.0825,openb-pod-7354
synthetic_01882,fine_tuning,fine_tuning,1,1,T4,11.3,48.0,1,0.25,0.07,0.07,7e-05,14,20,15,0.172222,openb-pod-5009
synthetic_01883,fine_tuning,fine_tuning,1,1,T4,9.81,40.5859375,1,0.25,0.07,0.07,7e-05,80,90,15,0.070833,openb-pod-7407
synthetic_01884,preprocessing,preprocessing,1,1,,4.152,10.3515625,1,0.25,0.07,0.07,7e-05,79,90,15,0.224444,openb-pod-2209
synthetic_01885,fine_tuning,fine_tuning,1,1,T4,3.152,5.46875,1,0.25,0.07,0.07,7e-05,59,66,15,0.041389,openb-pod-1042
synthetic_01886,preprocessing,preprocessing,1,1,,11.3,48.0,5,1.25,0.25,0.25,0.00025,34,47,15,1.044444,openb-pod-5428
synthetic_01887,fine_tuning,fine_tuning,1,1,T4,4.152,10.3515625,1,0.25,0.07,0.07,7e-05,52,58,15,0.019167,openb-pod-0634
synthetic_01888,preprocessing,preprocessing,1,1,,12.0,32.0,1,0.25,0.25,0.25,0.00025,0,7,15,0.148056,openb-pod-2921
synthetic_01889,fine_tuning,fine_tuning,1,1,G2,15.7,57.0,3,0.75,0.35,0.35,0.00035,54,66,15,0.546667,openb-pod-2892
synthetic_01890,fine_tuning,fine_tuning,1,1,G2,11.4,47.0,1,0.25,0.35,0.35,0.00035,50,59,15,0.085556,openb-pod-3899
synthetic_01891,preprocessing,preprocessing,1,1,,4.0,22.3515625,1,0.25,0.25,0.25,0.00025,11,18,15,0.032778,openb-pod-7982
synthetic_01892,preprocessing,preprocessing,1,1,,4.0,14.900390625,3,0.75,0.07,0.07,7e-05,54,61,15,0.565556,openb-pod-5522
synthetic_01893,preprocessing,preprocessing,1,1,,3.152,5.46875,1,0.25,0.25,0.25,0.00025,69,80,15,0.062222,openb-pod-3225
synthetic_01894,preprocessing,preprocessing,1,1,,11.908,46.0,3,0.75,0.35,0.35,0.00035,22,31,15,0.583333,openb-pod-3361
synthetic_01895,fine_tuning,fine_tuning,1,1,T4,11.908,46.0,1,0.25,0.07,0.07,7e-05,63,74,15,0.211111,openb-pod-3588
synthetic_01896,preprocessing,preprocessing,1,1,,11.908,46.0,9,2.25,0.07,0.07,7e-05,54,61,15,2.218056,openb-pod-8071
synthetic_01897,preprocessing,preprocessing,1,1,,12.0,24.0,4,1.0,0.25,0.25,0.00025,4,15,15,1.0,openb-pod-1395
synthetic_01898,fine_tuning,fine_tuning,1,1,T4,3.152,5.46875,1,0.25,0.07,0.07,7e-05,9,20,15,0.052778,openb-pod-3302
synthetic_01899,preprocessing,preprocessing,1,1,,11.3,48.0,1,0.25,0.35,0.35,0.00035,73,81,15,0.037222,openb-pod-7966
synthetic_01900,preprocessing,preprocessing,1,1,,3.152,5.46875,1,0.25,0.15,0.15,0.00015,29,40,15,0.063611,openb-pod-1737
synthetic_01901,preprocessing,preprocessing,1,1,,3.152,5.46875,1,0.25,0.25,0.25,0.00025,64,70,15,0.056389,openb-pod-1205
synthetic_01902,preprocessing,preprocessing,1,1,,11.4,47.0,1,0.25,0.25,0.25,0.00025,86,94,15,0.038889,openb-pod-2804
synthetic_01903,preprocessing,preprocessing,1,1,,12.0,24.0,2,0.5,0.25,0.25,0.00025,19,31,15,0.2625,openb-pod-4914
synthetic_01904,preprocessing,preprocessing,1,1,,3.152,5.46875,2,0.5,0.35,0.35,0.00035,69,79,15,0.313056,openb-pod-3292
synthetic_01905,preprocessing,preprocessing,1,1,,18.708,63.0,2,0.5,0.25,0.25,0.00025,18,27,15,0.288889,openb-pod-0218
synthetic_01906,fine_tuning,fine_tuning,1,1,T4,8.0,29.8017578125,1,0.25,0.07,0.07,7e-05,68,78,15,0.0175,openb-pod-1001
synthetic_01907,preprocessing,preprocessing,1,1,,15.7,57.0,1,0.25,0.25,0.25,0.00025,7,19,15,0.013611,openb-pod-2972
synthetic_01908,preprocessing,preprocessing,1,1,,4.0,14.900390625,5,1.25,0.07,0.07,7e-05,2,7,15,1.047778,openb-pod-0358
synthetic_01909,preprocessing,preprocessing,1,1,,15.7,57.0,1,0.25,0.25,0.25,0.00025,0,10,15,0.0175,openb-pod-3004
synthetic_01910,preprocessing,preprocessing,1,1,,4.0,24.0,5,1.25,0.35,0.35,0.00035,28,38,15,1.048056,openb-pod-3487
synthetic_01911,fine_tuning,fine_tuning,1,1,T4,12.0,16.0,2,0.5,0.07,0.07,7e-05,14,25,15,0.333056,openb-pod-0572
synthetic_01912,preprocessing,preprocessing,1,1,,3.152,5.46875,1,0.25,0.25,0.25,0.00025,52,65,15,0.079722,openb-pod-1081
synthetic_01913,preprocessing,preprocessing,1,1,,4.152,10.3515625,1,0.25,0.07,0.07,7e-05,68,78,15,0.223889,openb-pod-1674
synthetic_01914,preprocessing,preprocessing,1,1,,3.152,5.46875,1,0.25,0.35,0.35,0.00035,77,88,15,0.073889,openb-pod-1063
synthetic_01915,preprocessing,preprocessing,1,1,,1.0,2.0,1,0.25,0.35,0.35,0.00035,76,90,15,0.101667,openb-pod-3909
synthetic_01916,fine_tuning,fine_tuning,1,1,T4,4.0,14.900390625,5,1.25,0.07,0.07,7e-05,44,51,15,1.216389,openb-pod-1735
synthetic_01917,preprocessing,preprocessing,1,1,P100|T4|V100M16|V100M32,14.2,57.0,1,0.25,0.07,0.07,7e-05,31,41,15,0.017222,openb-pod-6212
synthetic_01918,preprocessing,preprocessing,1,1,,9.81,40.5859375,1,0.25,0.35,0.35,0.00035,57,66,15,0.037222,openb-pod-1476
synthetic_01919,preprocessing,preprocessing,1,1,,8.0,32.0,4,1.0,0.07,0.07,7e-05,66,76,15,0.758611,openb-pod-4114
synthetic_01920,preprocessing,preprocessing,8,8,,64.2,257.0,1,0.25,2.8,2.8,0.0028,20,34,15,0.153611,openb-pod-2288
synthetic_01921,preprocessing,preprocessing,1,1,,11.3,48.0,7,1.75,0.07,0.07,7e-05,73,84,15,1.635,openb-pod-6902
synthetic_01922,preprocessing,preprocessing,1,1,,8.0,16.0,8,2.0,0.35,0.35,0.00035,45,58,15,1.823056,openb-pod-3244
synthetic_01923,fine_tuning,fine_tuning,1,1,T4,4.0,22.3515625,1,0.25,0.07,0.07,7e-05,74,79,15,0.142222,openb-pod-3379
synthetic_01924,preprocessing,preprocessing,1,1,,11.4,47.0,2,0.5,0.35,0.35,0.00035,87,94,15,0.3025,openb-pod-3047
synthetic_01925,training,training,1,1,V100M16|V100M32,14.2,57.0,10,2.5,0.25,0.25,0.00025,17,27,15,2.437778,openb-pod-6042
synthetic_01926,preprocessing,preprocessing,1,1,,3.152,5.46875,1,0.25,0.25,0.25,0.00025,76,83,15,0.0775,openb-pod-0172
synthetic_01927,preprocessing,preprocessing,1,1,,3.152,5.46875,1,0.25,0.25,0.25,0.00025,66,78,15,0.061944,openb-pod-7834
synthetic_01928,preprocessing,preprocessing,1,1,,4.0,22.3515625,1,0.25,0.35,0.35,0.00035,41,47,15,0.0875,openb-pod-2533
synthetic_01929,preprocessing,preprocessing,1,1,,3.152,5.46875,1,0.25,0.35,0.35,0.00035,76,90,15,0.062222,openb-pod-0800
synthetic_01930,preprocessing,preprocessing,1,1,,18.708,63.0,1,0.25,0.35,0.35,0.00035,37,47,15,0.105833,openb-pod-5035
synthetic_01931,preprocessing,preprocessing,1,1,,11.4,47.0,1,0.25,0.35,0.35,0.00035,48,62,15,0.073333,openb-pod-4472
synthetic_01932,preprocessing,preprocessing,1,1,G2|P100|T4|V100M16|V100M32,11.3,48.0,1,0.25,0.25,0.25,0.00025,41,54,15,0.02,openb-pod-7765
synthetic_01933,preprocessing,preprocessing,1,1,,11.4,47.0,2,0.5,0.07,0.07,7e-05,0,7,15,0.271667,openb-pod-3549
synthetic_01934,preprocessing,preprocessing,1,1,,11.908,46.0,1,0.25,0.35,0.35,0.00035,20,29,15,0.016389,openb-pod-5282
synthetic_01935,preprocessing,preprocessing,1,1,,3.152,5.46875,1,0.25,0.25,0.25,0.00025,65,74,15,0.071944,openb-pod-3224
synthetic_01936,preprocessing,preprocessing,1,1,,12.0,15.0,4,1.0,0.35,0.35,0.00035,54,67,15,0.751111,openb-pod-4096
synthetic_01937,preprocessing,preprocessing,1,1,,11.3,48.0,1,0.25,0.35,0.35,0.00035,68,77,15,0.023333,openb-pod-7755
synthetic_01938,fine_tuning,fine_tuning,1,1,T4,9.81,40.5859375,1,0.25,0.07,0.07,7e-05,0,9,15,0.116667,openb-pod-5480
synthetic_01939,preprocessing,preprocessing,1,1,,3.152,5.46875,1,0.25,0.25,0.25,0.00025,57,64,15,0.019722,openb-pod-1667
synthetic_01940,preprocessing,preprocessing,1,1,,3.152,5.46875,1,0.25,0.25,0.25,0.00025,15,24,15,0.056944,openb-pod-1790
synthetic_01941,preprocessing,preprocessing,1,1,,11.3,48.0,1,0.25,0.25,0.25,0.00025,66,76,15,0.121944,openb-pod-6167
synthetic_01942,fine_tuning,fine_tuning,1,1,T4,8.2,33.0,3,0.75,0.07,0.07,7e-05,83,92,15,0.65,openb-pod-3558
synthetic_01943,preprocessing,preprocessing,1,1,,8.0,29.8017578125,1,0.25,0.25,0.25,0.00025,24,40,15,0.145,openb-pod-2738
synthetic_01944,preprocessing,preprocessing,1,1,,14.2,57.0,6,1.5,0.35,0.35,0.00035,0,12,15,1.428333,openb-pod-5761
synthetic_01945,preprocessing,preprocessing,1,1,,18.708,63.0,1,0.25,0.07,0.07,7e-05,65,74,15,0.124167,openb-pod-5465
synthetic_01946,preprocessing,preprocessing,1,1,,11.3,48.0,4,1.0,0.25,0.25,0.00025,79,86,15,0.928611,openb-pod-6785
synthetic_01947,preprocessing,preprocessing,1,1,,11.4,47.0,3,0.75,0.25,0.25,0.00025,32,39,15,0.616667,openb-pod-3770
synthetic_01948,preprocessing,preprocessing,1,1,,11.3,48.0,1,0.25,0.25,0.25,0.00025,0,10,15,0.141944,openb-pod-5430
synthetic_01949,training,training,1,1,V100M16|V100M32,18.708,63.0,1,0.25,0.25,0.25,0.00025,40,51,15,0.150278,openb-pod-2596
synthetic_01950,preprocessing,preprocessing,1,1,,3.152,5.46875,2,0.5,0.25,0.25,0.00025,57,68,15,0.259167,openb-pod-5803
synthetic_01951,preprocessing,preprocessing,1,1,,3.152,5.46875,1,0.25,0.07,0.07,7e-05,91,95,15,0.014167,openb-pod-0379
synthetic_01952,preprocessing,preprocessing,1,1,,11.908,46.0,1,0.25,0.25,0.25,0.00025,23,36,15,0.014167,openb-pod-3598
synthetic_01953,fine_tuning,fine_tuning,1,1,T4,3.152,5.46875,2,0.5,0.07,0.07,7e-05,16,27,15,0.260556,openb-pod-6890
synthetic_01954,training,training,1,1,V100M16|V100M32,12.0,24.0,5,1.25,0.25,0.25,0.00025,54,63,15,1.016389,openb-pod-2754
synthetic_01955,preprocessing,preprocessing,1,1,,18.708,63.0,1,0.25,0.25,0.25,0.00025,3,8,15,0.092222,openb-pod-4203
synthetic_01956,preprocessing,preprocessing,1,1,,3.152,5.46875,1,0.25,0.35,0.35,0.00035,16,22,15,0.071667,openb-pod-1279
synthetic_01957,fine_tuning,fine_tuning,1,1,T4,11.4,47.0,6,1.5,0.07,0.07,7e-05,37,49,15,1.3475,openb-pod-0427
synthetic_01958,preprocessing,preprocessing,1,1,,3.152,5.46875,1,0.25,0.25,0.25,0.00025,45,55,15,0.068611,openb-pod-2310
synthetic_01959,preprocessing,preprocessing,1,1,,11.4,47.0,4,1.0,0.25,0.25,0.00025,65,77,15,0.883889,openb-pod-2154
synthetic_01960,preprocessing,preprocessing,1,1,,18.708,63.0,1,0.25,0.25,0.25,0.00025,83,95,15,0.036111,openb-pod-6421
synthetic_01961,fine_tuning,fine_tuning,1,1,G2,12.0,15.0,5,1.25,0.35,0.35,0.00035,13,25,15,1.068611,openb-pod-3213
synthetic_01962,preprocessing,preprocessing,1,1,P100|V100M16|V100M32,3.152,5.46875,1,0.25,0.25,0.25,0.00025,23,33,15,0.058333,openb-pod-0355
synthetic_01963,fine_tuning,fine_tuning,1,1,T4,4.0,29.8017578125,2,0.5,0.07,0.07,7e-05,26,38,15,0.276944,openb-pod-6276
synthetic_01964,preprocessing,preprocessing,1,1,,11.908,46.0,1,0.25,0.25,0.25,0.00025,39,51,15,0.013333,openb-pod-3168
synthetic_01965,fine_tuning,fine_tuning,1,1,T4,15.7,57.0,4,1.0,0.07,0.07,7e-05,85,92,15,0.795,openb-pod-0889
synthetic_01966,training,training,1,1,V100M16|V100M32,3.152,5.46875,1,0.25,0.25,0.25,0.00025,9,18,15,0.056667,openb-pod-0735
synthetic_01967,fine_tuning,fine_tuning,1,1,T4,12.0,24.0,1,0.25,0.07,0.07,7e-05,71,80,15,0.241111,openb-pod-6873
synthetic_01968,preprocessing,preprocessing,1,1,,4.152,10.3515625,1,0.25,0.35,0.35,0.00035,39,50,15,0.015556,openb-pod-2153
synthetic_01969,fine_tuning,fine_tuning,1,1,G2,11.4,47.0,11,2.75,0.35,0.35,0.00035,63,70,15,2.511944,openb-pod-3721
synthetic_01970,fine_tuning,fine_tuning,1,1,T4,11.4,47.0,3,0.75,0.07,0.07,7e-05,9,17,15,0.555,openb-pod-2019
synthetic_01971,preprocessing,preprocessing,1,1,,6.0,6.0,1,0.25,0.25,0.25,0.00025,72,79,15,0.163611,openb-pod-4464
synthetic_01972,preprocessing,preprocessing,1,1,,3.152,5.46875,1,0.25,0.07,0.07,7e-05,67,73,15,0.0175,openb-pod-1672
synthetic_01973,preprocessing,preprocessing,1,1,,3.152,5.46875,1,0.25,0.35,0.35,0.00035,19,31,15,0.031111,openb-pod-0744
synthetic_01974,preprocessing,preprocessing,1,1,,3.152,5.46875,1,0.25,0.35,0.35,0.00035,9,18,15,0.033611,openb-pod-3494
synthetic_01975,preprocessing,preprocessing,1,1,,11.3,48.0,1,0.25,0.35,0.35,0.00035,65,71,15,0.163056,openb-pod-5977
synthetic_01976,fine_tuning,fine_tuning,1,1,T4,11.3,48.0,1,0.25,0.07,0.07,7e-05,36,43,15,0.211111,openb-pod-6661
synthetic_01977,preprocessing,preprocessing,1,1,,3.152,5.46875,1,0.25,0.07,0.07,7e-05,46,60,15,0.055556,openb-pod-3351
synthetic_01978,fine_tuning,fine_tuning,1,1,T4,8.0,29.8017578125,2,0.5,0.07,0.07,7e-05,0,9,15,0.253333,openb-pod-1845
synthetic_01979,fine_tuning,fine_tuning,1,1,G2,8.2,33.0,1,0.25,0.35,0.35,0.00035,80,94,15,0.165556,openb-pod-3865
synthetic_01980,preprocessing,preprocessing,1,1,,11.3,48.0,1,0.25,0.25,0.25,0.00025,52,64,15,0.055,openb-pod-4870
synthetic_01981,fine_tuning,fine_tuning,1,1,G3,11.3,48.0,2,0.5,0.35,0.35,0.00035,0,9,15,0.259444,openb-pod-4738
synthetic_01982,fine_tuning,fine_tuning,1,1,T4,4.152,10.3515625,2,0.5,0.07,0.07,7e-05,4,16,15,0.324444,openb-pod-2159
synthetic_01983,preprocessing,preprocessing,1,1,,4.0,14.900390625,2,0.5,0.35,0.35,0.00035,53,64,15,0.296389,openb-pod-5401
synthetic_01984,fine_tuning,fine_tuning,1,1,G2,11.4,47.0,1,0.25,0.35,0.35,0.00035,79,91,15,0.024167,openb-pod-2895
synthetic_01985,preprocessing,preprocessing,1,1,,15.2,79.0,5,1.25,0.25,0.25,0.00025,8,18,15,1.143889,openb-pod-4509
synthetic_01986,preprocessing,preprocessing,1,1,,8.0,16.0,2,0.5,0.25,0.25,0.00025,80,92,15,0.435833,openb-pod-4236
synthetic_01987,preprocessing,preprocessing,1,1,,11.4,76.0,3,0.75,0.25,0.25,0.00025,61,68,15,0.698611,openb-pod-7562
synthetic_01988,fine_tuning,fine_tuning,1,1,T4,15.2,79.0,5,1.25,0.07,0.07,7e-05,0,6,15,1.155278,openb-pod-4331
synthetic_01989,preprocessing,preprocessing,1,1,,11.4,76.0,2,0.5,0.35,0.35,0.00035,52,59,15,0.343611,openb-pod-7203
synthetic_01990,preprocessing,preprocessing,1,1,,3.152,5.46875,2,0.5,0.35,0.35,0.00035,62,77,15,0.309167,openb-pod-3761
synthetic_01991,preprocessing,preprocessing,1,1,,11.4,47.0,4,1.0,0.25,0.25,0.00025,60,64,15,0.991667,openb-pod-0696
synthetic_01992,preprocessing,preprocessing,1,1,,6.0,16.0,4,1.0,0.25,0.25,0.00025,70,80,15,0.832778,openb-pod-2424
synthetic_01993,preprocessing,preprocessing,1,1,,3.152,5.46875,1,0.25,0.07,0.07,7e-05,84,95,15,0.035556,openb-pod-1365
synthetic_01994,fine_tuning,fine_tuning,1,1,T4,11.3,48.0,1,0.25,0.07,0.07,7e-05,81,88,15,0.08,openb-pod-7606
synthetic_01995,preprocessing,preprocessing,1,1,,8.0,29.8017578125,1,0.25,0.35,0.35,0.00035,82,92,15,0.105,openb-pod-0874
synthetic_01996,preprocessing,preprocessing,1,1,,11.3,48.0,2,0.5,0.35,0.35,0.00035,37,45,15,0.379167,openb-pod-5914
synthetic_01997,preprocessing,preprocessing,1,1,,11.4,47.0,14,3.5,0.25,0.25,0.00025,72,80,15,3.420278,openb-pod-2020
synthetic_01998,preprocessing,preprocessing,1,1,,18.708,63.0,2,0.5,0.25,0.25,0.00025,8,16,15,0.333889,openb-pod-6462
synthetic_01999,preprocessing,preprocessing,1,1,,11.3,48.0,1,0.25,0.25,0.25,0.00025,79,90,15,0.119167,openb-pod-6275
synthetic_02000,fine_tuning,fine_tuning,1,1,T4,16.0,32.0,6,1.5,0.07,0.07,7e-05,62,73,15,1.3675,openb-pod-3890
synthetic_02001,preprocessing,preprocessing,1,1,,11.4,47.0,1,0.25,0.35,0.35,0.00035,0,7,15,0.06,openb-pod-3711
synthetic_02002,fine_tuning,fine_tuning,1,1,T4,15.7,57.0,3,0.75,0.07,0.07,7e-05,60,69,15,0.611389,openb-pod-1742
synthetic_02003,preprocessing,preprocessing,1,1,,6.0,12.0,1,0.25,0.25,0.25,0.00025,14,24,15,0.15,openb-pod-1326
synthetic_02004,fine_tuning,fine_tuning,1,1,G2,11.3,48.0,1,0.25,0.35,0.35,0.00035,15,23,15,0.013889,openb-pod-7742
synthetic_02005,fine_tuning,fine_tuning,1,1,T4,11.3,48.0,2,0.5,0.07,0.07,7e-05,20,32,15,0.305833,openb-pod-4822
synthetic_02006,preprocessing,preprocessing,1,1,,11.3,48.0,1,0.25,0.25,0.25,0.00025,74,85,15,0.011111,openb-pod-6420
synthetic_02007,preprocessing,preprocessing,1,1,,12.0,16.0,2,0.5,0.25,0.25,0.00025,56,69,15,0.383611,openb-pod-5842
synthetic_02008,fine_tuning,fine_tuning,1,1,G2,11.3,48.0,1,0.25,0.35,0.35,0.00035,0,9,15,0.230833,openb-pod-4849
synthetic_02009,fine_tuning,fine_tuning,1,1,T4,9.81,40.5859375,3,0.75,0.07,0.07,7e-05,69,79,15,0.616389,openb-pod-4359
synthetic_02010,preprocessing,preprocessing,1,1,,11.908,46.0,1,0.25,0.25,0.25,0.00025,63,69,15,0.1925,openb-pod-7326
synthetic_02011,preprocessing,preprocessing,1,1,,11.908,46.0,1,0.25,0.35,0.35,0.00035,43,58,15,0.021667,openb-pod-7517
synthetic_02012,fine_tuning,fine_tuning,1,1,T4,3.152,5.46875,1,0.25,0.07,0.07,7e-05,0,7,15,0.041667,openb-pod-1927
synthetic_02013,preprocessing,preprocessing,1,1,,3.152,5.46875,1,0.25,0.07,0.07,7e-05,31,40,15,0.059444,openb-pod-0613
synthetic_02014,preprocessing,preprocessing,1,1,,4.0,22.3515625,1,0.25,0.35,0.35,0.00035,8,17,15,0.095278,openb-pod-0875
synthetic_02015,preprocessing,preprocessing,1,1,,3.152,5.46875,1,0.25,0.15,0.15,0.00015,17,25,15,0.036389,openb-pod-1609
synthetic_02016,preprocessing,preprocessing,1,1,,4.0,29.8017578125,7,1.75,0.25,0.25,0.00025,54,70,15,1.733611,openb-pod-4428
synthetic_02017,preprocessing,preprocessing,1,1,,9.81,40.5859375,5,1.25,0.35,0.35,0.00035,67,73,15,1.044444,openb-pod-1134
synthetic_02018,preprocessing,preprocessing,1,1,,9.81,40.5859375,1,0.25,0.25,0.25,0.00025,73,85,15,0.141667,openb-pod-6796
synthetic_02019,fine_tuning,fine_tuning,1,1,P100,4.0,14.900390625,2,0.5,0.25,0.25,0.00025,60,71,15,0.266944,openb-pod-5402
synthetic_02020,preprocessing,preprocessing,1,1,,3.152,5.46875,1,0.25,0.07,0.07,7e-05,0,9,15,0.065278,openb-pod-1592
synthetic_02021,fine_tuning,fine_tuning,1,1,G2,15.7,57.0,3,0.75,0.35,0.35,0.00035,31,44,15,0.659444,openb-pod-1985
synthetic_02022,preprocessing,preprocessing,1,1,,8.0,15.625,2,0.5,0.35,0.35,0.00035,9,21,15,0.426667,openb-pod-2162
synthetic_02023,fine_tuning,fine_tuning,1,1,T4,3.152,5.46875,1,0.25,0.07,0.07,7e-05,67,76,15,0.031389,openb-pod-0492
synthetic_02024,preprocessing,preprocessing,1,1,,3.152,5.46875,1,0.25,0.07,0.07,7e-05,93,95,15,0.0575,openb-pod-0334
synthetic_02025,preprocessing,preprocessing,1,1,P100|V100M16|V100M32,11.4,47.0,1,0.25,0.25,0.25,0.00025,21,31,15,0.166389,openb-pod-0680
synthetic_02026,preprocessing,preprocessing,1,1,,18.708,63.0,1,0.25,0.35,0.35,0.00035,20,29,15,0.041667,openb-pod-5022
synthetic_02027,preprocessing,preprocessing,1,1,,3.152,5.46875,1,0.25,0.25,0.25,0.00025,77,90,15,0.232222,openb-pod-4037
synthetic_02028,fine_tuning,fine_tuning,1,1,T4,4.0,24.0,5,1.25,0.07,0.07,7e-05,56,64,15,1.140833,openb-pod-6683
synthetic_02029,preprocessing,preprocessing,1,1,,11.4,47.0,5,1.25,0.25,0.25,0.00025,81,91,15,1.063611,openb-pod-2411
synthetic_02030,preprocessing,preprocessing,1,1,,3.152,5.46875,1,0.25,0.35,0.35,0.00035,37,50,15,0.020556,openb-pod-1650
synthetic_02031,preprocessing,preprocessing,1,1,,4.0,22.3515625,1,0.25,0.35,0.35,0.00035,15,25,15,0.210833,openb-pod-1347
synthetic_02032,preprocessing,preprocessing,1,1,,3.152,5.46875,1,0.25,0.25,0.25,0.00025,74,83,15,0.025556,openb-pod-7012
synthetic_02033,preprocessing,preprocessing,1,1,,4.152,10.3515625,9,2.25,0.35,0.35,0.00035,62,74,15,2.165,openb-pod-1181
synthetic_02034,preprocessing,preprocessing,1,1,,3.152,5.46875,1,0.25,0.25,0.25,0.00025,0,9,15,0.025,openb-pod-1688
synthetic_02035,preprocessing,preprocessing,1,1,,3.152,5.46875,1,0.25,0.25,0.25,0.00025,24,34,15,0.036111,openb-pod-1833
synthetic_02036,fine_tuning,fine_tuning,1,1,T4,8.0,29.8017578125,1,0.25,0.07,0.07,7e-05,58,65,15,0.010556,openb-pod-2940
synthetic_02037,preprocessing,preprocessing,1,1,,11.9,76.0,3,0.75,0.25,0.25,0.00025,46,57,15,0.675833,openb-pod-2448
synthetic_02038,training,training,1,1,V100M16|V100M32,11.3,48.0,1,0.25,0.25,0.25,0.00025,20,29,15,0.031389,openb-pod-7852
synthetic_02039,preprocessing,preprocessing,1,1,,11.908,46.0,4,1.0,0.35,0.35,0.00035,63,71,15,0.790833,openb-pod-6830
synthetic_02040,fine_tuning,fine_tuning,1,1,P100,3.152,5.46875,2,0.5,0.25,0.25,0.00025,88,94,15,0.258611,openb-pod-4070
synthetic_02041,fine_tuning,fine_tuning,1,1,T4,3.152,5.46875,1,0.25,0.07,0.07,7e-05,38,49,15,0.056944,openb-pod-4802
synthetic_02042,preprocessing,preprocessing,1,1,,3.152,5.46875,2,0.5,0.25,0.25,0.00025,89,94,15,0.260278,openb-pod-7382
synthetic_02043,fine_tuning,fine_tuning,1,1,T4,15.2,79.0,5,1.25,0.07,0.07,7e-05,83,91,15,1.146944,openb-pod-6084
synthetic_02044,fine_tuning,fine_tuning,1,1,T4,11.4,47.0,1,0.25,0.07,0.07,7e-05,84,90,15,0.056111,openb-pod-2128
synthetic_02045,preprocessing,preprocessing,1,1,,8.0,16.0,5,1.25,0.25,0.25,0.00025,0,10,15,1.118333,openb-pod-0549
synthetic_02046,preprocessing,preprocessing,1,1,,11.4,47.0,1,0.25,0.15,0.15,0.00015,88,94,15,0.247222,openb-pod-0688
synthetic_02047,fine_tuning,fine_tuning,1,1,G3,8.0,16.0,2,0.5,0.35,0.35,0.00035,88,94,15,0.47,openb-pod-1084
synthetic_02048,training,training,1,1,V100M16|V100M32,11.3,48.0,1,0.25,0.25,0.25,0.00025,28,38,15,0.018056,openb-pod-7734
synthetic_02049,preprocessing,preprocessing,1,1,,11.908,46.0,1,0.25,0.35,0.35,0.00035,25,40,15,0.028056,openb-pod-3544
synthetic_02050,preprocessing,preprocessing,1,1,,4.0,14.900390625,1,0.25,0.25,0.25,0.00025,79,84,15,0.149722,openb-pod-0137
synthetic_02051,fine_tuning,fine_tuning,1,1,G2,11.908,46.0,1,0.25,0.35,0.35,0.00035,17,26,15,0.011389,openb-pod-5411
synthetic_02052,preprocessing,preprocessing,1,1,,3.152,5.46875,1,0.25,0.25,0.25,0.00025,60,69,15,0.055,openb-pod-1336
synthetic_02053,preprocessing,preprocessing,1,1,,11.4,47.0,2,0.5,0.07,0.07,7e-05,49,54,15,0.413889,openb-pod-1481
synthetic_02054,preprocessing,preprocessing,1,1,,18.708,63.0,1,0.25,0.35,0.35,0.00035,88,95,15,0.215,openb-pod-1936
synthetic_02055,preprocessing,preprocessing,1,1,,12.0,24.0,13,3.25,0.07,0.07,7e-05,35,46,15,3.168333,openb-pod-4518
synthetic_02056,fine_tuning,fine_tuning,1,1,T4,4.0,22.3515625,12,3.0,0.07,0.07,7e-05,33,40,15,2.960556,openb-pod-3298
synthetic_02057,preprocessing,preprocessing,1,1,,3.152,5.46875,2,0.5,0.35,0.35,0.00035,83,93,15,0.314444,openb-pod-3307
synthetic_02058,fine_tuning,fine_tuning,1,1,T4,3.152,5.46875,1,0.25,0.07,0.07,7e-05,32,39,15,0.116111,openb-pod-3259
synthetic_02059,fine_tuning,fine_tuning,1,1,P100,11.908,46.0,1,0.25,0.25,0.25,0.00025,0,11,15,0.0225,openb-pod-7304
synthetic_02060,preprocessing,preprocessing,1,1,,6.0,6.0,1,0.25,0.35,0.35,0.00035,14,23,15,0.149722,openb-pod-5097
synthetic_02061,preprocessing,preprocessing,1,1,,3.152,5.46875,1,0.25,0.35,0.35,0.00035,18,25,15,0.153056,openb-pod-0702
synthetic_02062,fine_tuning,fine_tuning,1,1,T4,11.908,46.0,2,0.5,0.07,0.07,7e-05,67,81,15,0.365556,openb-pod-7114
synthetic_02063,preprocessing,preprocessing,1,1,,3.152,5.46875,1,0.25,0.25,0.25,0.00025,70,81,15,0.057778,openb-pod-0742
synthetic_02064,preprocessing,preprocessing,1,1,,3.152,5.46875,1,0.25,0.07,0.07,7e-05,26,35,15,0.003056,openb-pod-7305
synthetic_02065,preprocessing,preprocessing,1,1,,14.2,57.0,6,1.5,0.35,0.35,0.00035,0,14,15,1.498333,openb-pod-5760
synthetic_02066,preprocessing,preprocessing,1,1,,3.152,5.46875,1,0.25,0.07,0.07,7e-05,48,59,15,0.016389,openb-pod-3100
synthetic_02067,preprocessing,preprocessing,1,1,,1.0,2.0,1,0.25,0.25,0.25,0.00025,70,79,15,0.033333,openb-pod-7102
synthetic_02068,training,training,1,1,V100M16|V100M32,11.3,48.0,1,0.25,0.25,0.25,0.00025,77,89,15,0.172778,openb-pod-5555
synthetic_02069,preprocessing,preprocessing,1,1,,3.152,5.46875,1,0.25,0.35,0.35,0.00035,89,95,15,0.066111,openb-pod-0235
synthetic_02070,fine_tuning,fine_tuning,1,1,T4,18.708,63.0,2,0.5,0.07,0.07,7e-05,73,85,15,0.257778,openb-pod-1496
synthetic_02071,preprocessing,preprocessing,1,1,,3.152,5.46875,2,0.5,0.35,0.35,0.00035,17,25,15,0.259167,openb-pod-4383
synthetic_02072,preprocessing,preprocessing,1,1,,3.152,5.46875,1,0.25,0.35,0.35,0.00035,0,8,15,0.094722,openb-pod-0044
synthetic_02073,fine_tuning,fine_tuning,1,1,T4,11.908,46.0,1,0.25,0.07,0.07,7e-05,11,16,15,0.013333,openb-pod-2353
synthetic_02074,preprocessing,preprocessing,1,1,P100|V100M16|V100M32,11.3,48.0,1,0.25,0.25,0.25,0.00025,32,41,15,0.106667,openb-pod-7806
synthetic_02075,preprocessing,preprocessing,1,1,,3.152,5.46875,1,0.25,0.07,0.07,7e-05,6,12,15,0.223611,openb-pod-2091
synthetic_02076,preprocessing,preprocessing,1,1,,3.152,5.46875,1,0.25,0.25,0.25,0.00025,72,81,15,0.055556,openb-pod-0359
synthetic_02077,fine_tuning,fine_tuning,1,1,G2,11.3,48.0,1,0.25,0.35,0.35,0.00035,19,24,15,0.063056,openb-pod-7497
synthetic_02078,fine_tuning,fine_tuning,1,1,T4,14.2,57.0,8,2.0,0.07,0.07,7e-05,46,57,15,1.882778,openb-pod-6041
synthetic_02079,preprocessing,preprocessing,1,1,,11.3,48.0,1,0.25,0.07,0.07,7e-05,0,6,15,0.068056,openb-pod-7704
synthetic_02080,preprocessing,preprocessing,1,1,,3.152,5.46875,1,0.25,0.25,0.25,0.00025,74,85,15,0.040833,openb-pod-0908
synthetic_02081,preprocessing,preprocessing,1,1,,11.908,46.0,6,1.5,0.35,0.35,0.00035,33,42,15,1.405,openb-pod-3857
synthetic_02082,preprocessing,preprocessing,1,1,,6.0,22.3515625,1,0.25,0.35,0.35,0.00035,79,90,15,0.059167,openb-pod-2732
synthetic_02083,preprocessing,preprocessing,1,1,,3.152,5.46875,1,0.25,0.15,0.15,0.00015,46,60,15,0.058333,openb-pod-1071
synthetic_02084,preprocessing,preprocessing,1,1,P100|V100M16|V100M32,18.708,63.0,1,0.25,0.25,0.25,0.00025,45,56,15,0.052222,openb-pod-0263
synthetic_02085,preprocessing,preprocessing,1,1,,4.0,14.900390625,1,0.25,0.07,0.07,7e-05,22,28,15,0.158889,openb-pod-8018
synthetic_02086,preprocessing,preprocessing,1,1,,3.152,5.46875,1,0.25,0.25,0.25,0.00025,67,76,15,0.099444,openb-pod-7526
synthetic_02087,preprocessing,preprocessing,1,1,,11.4,47.0,4,1.0,0.25,0.25,0.00025,74,80,15,0.842222,openb-pod-3697
synthetic_02088,preprocessing,preprocessing,1,1,,15.7,57.0,1,0.25,0.25,0.25,0.00025,43,49,15,0.061667,openb-pod-1762
synthetic_02089,preprocessing,preprocessing,1,1,,4.0,29.8017578125,4,1.0,0.35,0.35,0.00035,48,59,15,0.955833,openb-pod-2891
synthetic_02090,preprocessing,preprocessing,1,1,,3.152,5.46875,1,0.25,0.35,0.35,0.00035,50,57,15,0.055556,openb-pod-0359
synthetic_02091,preprocessing,preprocessing,1,1,,11.3,48.0,2,0.5,0.35,0.35,0.00035,66,76,15,0.355556,openb-pod-5459
synthetic_02092,preprocessing,preprocessing,1,1,P100|T4|V100M16|V100M32,15.2,79.0,5,1.25,0.25,0.25,0.00025,83,91,15,1.128889,openb-pod-3741
synthetic_02093,preprocessing,preprocessing,1,1,,12.0,24.0,10,2.5,0.25,0.25,0.00025,0,12,15,2.330278,openb-pod-8016
synthetic_02094,preprocessing,preprocessing,1,1,,8.0,16.0,5,1.25,0.35,0.35,0.00035,43,55,15,1.0775,openb-pod-6737
synthetic_02095,fine_tuning,fine_tuning,4,4,G2,32.2,129.0,1,0.25,1.4,1.4,0.0014,0,7,15,0.010278,openb-pod-7154
synthetic_02096,preprocessing,preprocessing,1,1,,12.0,16.0,3,0.75,0.25,0.25,0.00025,19,31,15,0.583333,openb-pod-2720
synthetic_02097,preprocessing,preprocessing,1,1,,3.152,5.46875,1,0.25,0.25,0.25,0.00025,76,80,15,0.041111,openb-pod-1758
synthetic_02098,preprocessing,preprocessing,1,1,,3.152,5.46875,1,0.25,0.35,0.35,0.00035,86,95,15,0.050278,openb-pod-0273
synthetic_02099,preprocessing,preprocessing,1,1,,8.0,29.8017578125,4,1.0,0.35,0.35,0.00035,24,29,15,0.765278,openb-pod-0222
synthetic_02100,preprocessing,preprocessing,1,1,,4.0,24.0,5,1.25,0.25,0.25,0.00025,62,72,15,1.1175,openb-pod-5250
synthetic_02101,preprocessing,preprocessing,1,1,,11.908,46.0,3,0.75,0.07,0.07,7e-05,40,54,15,0.543889,openb-pod-4939
synthetic_02102,preprocessing,preprocessing,1,1,,9.81,40.5859375,2,0.5,0.25,0.25,0.00025,45,55,15,0.328056,openb-pod-3938
synthetic_02103,fine_tuning,fine_tuning,1,1,T4,11.3,48.0,2,0.5,0.07,0.07,7e-05,87,94,15,0.440833,openb-pod-5186
synthetic_02104,fine_tuning,fine_tuning,1,1,T4,11.4,47.0,1,0.25,0.07,0.07,7e-05,86,95,15,0.044167,openb-pod-3409
synthetic_02105,preprocessing,preprocessing,1,1,,6.0,6.0,1,0.25,0.25,0.25,0.00025,72,78,15,0.166111,openb-pod-0530
synthetic_02106,preprocessing,preprocessing,1,1,,8.0,29.8017578125,1,0.25,0.07,0.07,7e-05,86,95,15,0.105,openb-pod-1866
synthetic_02107,preprocessing,preprocessing,1,1,,3.152,5.46875,1,0.25,0.07,0.07,7e-05,53,64,15,0.155278,openb-pod-3887
synthetic_02108,preprocessing,preprocessing,1,1,,3.152,5.46875,1,0.25,0.25,0.25,0.00025,73,86,15,0.063056,openb-pod-3110
synthetic_02109,fine_tuning,fine_tuning,1,1,T4,3.152,5.46875,1,0.25,0.07,0.07,7e-05,66,80,15,0.016944,openb-pod-3978
synthetic_02110,preprocessing,preprocessing,1,1,,6.0,23.0,2,0.5,0.35,0.35,0.00035,36,46,15,0.365278,openb-pod-3635
synthetic_02111,preprocessing,preprocessing,1,1,,3.152,5.46875,1,0.25,0.07,0.07,7e-05,81,86,15,0.123056,openb-pod-4805
synthetic_02112,training,training,1,1,V100M16|V100M32,11.3,48.0,3,0.75,0.25,0.25,0.00025,7,20,15,0.501389,openb-pod-5450
synthetic_02113,fine_tuning,fine_tuning,1,1,G2,14.2,57.0,2,0.5,0.35,0.35,0.00035,64,71,15,0.344167,openb-pod-5257
synthetic_02114,preprocessing,preprocessing,1,1,,11.4,76.0,3,0.75,0.25,0.25,0.00025,83,89,15,0.698611,openb-pod-7562
synthetic_02115,preprocessing,preprocessing,1,1,,4.0,22.3515625,1,0.25,0.25,0.25,0.00025,56,68,15,0.033611,openb-pod-2536
synthetic_02116,training,training,1,1,V100M16|V100M32,11.3,48.0,1,0.25,0.25,0.25,0.00025,21,37,15,0.023611,openb-pod-7688
synthetic_02117,preprocessing,preprocessing,1,1,,4.0,14.900390625,15,3.75,0.25,0.25,0.00025,73,80,15,3.676111,openb-pod-2224
synthetic_02118,preprocessing,preprocessing,1,1,,16.0,64.0,16,4.0,0.25,0.25,0.00025,2,15,15,3.955833,openb-pod-4270
synthetic_02119,fine_tuning,fine_tuning,1,1,T4,3.152,5.46875,1,0.25,0.07,0.07,7e-05,23,33,15,0.046667,openb-pod-1104
synthetic_02120,fine_tuning,fine_tuning,1,1,T4,4.0,14.900390625,2,0.5,0.07,0.07,7e-05,72,78,15,0.361389,openb-pod-1930
synthetic_02121,preprocessing,preprocessing,1,1,,3.152,5.46875,1,0.25,0.25,0.25,0.00025,31,37,15,0.0225,openb-pod-1738
synthetic_02122,preprocessing,preprocessing,1,1,,3.152,5.46875,1,0.25,0.35,0.35,0.00035,4,14,15,0.008333,openb-pod-6679
synthetic_02123,fine_tuning,fine_tuning,1,1,T4,3.152,5.46875,1,0.25,0.07,0.07,7e-05,0,7,15,0.005,openb-pod-4300
synthetic_02124,fine_tuning,fine_tuning,1,1,G2,11.3,48.0,1,0.25,0.35,0.35,0.00035,11,22,15,0.041667,openb-pod-7874
synthetic_02125,preprocessing,preprocessing,1,1,,11.908,46.0,4,1.0,0.07,0.07,7e-05,42,52,15,0.932222,openb-pod-4090
synthetic_02126,preprocessing,preprocessing,1,1,,11.3,48.0,1,0.25,0.15,0.15,0.00015,52,62,15,0.055,openb-pod-4870
synthetic_02127,fine_tuning,fine_tuning,1,1,G2,11.3,48.0,1,0.25,0.35,0.35,0.00035,29,41,15,0.019167,openb-pod-7642
synthetic_02128,preprocessing,preprocessing,1,1,,11.3,48.0,2,0.5,0.25,0.25,0.00025,43,48,15,0.465,openb-pod-6255
synthetic_02129,preprocessing,preprocessing,1,1,,11.908,46.0,3,0.75,0.25,0.25,0.00025,75,85,15,0.543889,openb-pod-4939
synthetic_02130,preprocessing,preprocessing,1,1,,6.0,12.0,4,1.0,0.25,0.25,0.00025,7,18,15,0.814167,openb-pod-2149
synthetic_02131,preprocessing,preprocessing,1,1,,11.3,48.0,1,0.25,0.25,0.25,0.00025,37,52,15,0.020833,openb-pod-7679
synthetic_02132,fine_tuning,fine_tuning,1,1,T4,1.0,6.0,7,1.75,0.07,0.07,7e-05,53,63,15,1.623056,openb-pod-2158
synthetic_02133,preprocessing,preprocessing,1,1,,4.0,24.0,5,1.25,0.25,0.25,0.00025,74,84,15,1.152222,openb-pod-2639
synthetic_02134,preprocessing,preprocessing,1,1,,8.0,29.8017578125,15,3.75,0.25,0.25,0.00025,54,68,15,3.633056,openb-pod-0173
synthetic_02135,preprocessing,preprocessing,1,1,,3.152,5.46875,1,0.25,0.25,0.25,0.00025,61,69,15,0.043056,openb-pod-6051
synthetic_02136,fine_tuning,fine_tuning,1,1,P100,8.0,29.8017578125,8,2.0,0.25,0.25,0.00025,51,59,15,1.995833,openb-pod-2941
synthetic_02137,preprocessing,preprocessing,1,1,,4.152,10.3515625,1,0.25,0.35,0.35,0.00035,89,95,15,0.025278,openb-pod-1064
synthetic_02138,fine_tuning,fine_tuning,1,1,T4,4.152,10.3515625,1,0.25,0.07,0.07,7e-05,20,35,15,0.015833,openb-pod-2163
synthetic_02139,preprocessing,preprocessing,1,1,,12.0,15.0,1,0.25,0.07,0.07,7e-05,27,34,15,0.186667,openb-pod-6779
synthetic_02140,preprocessing,preprocessing,1,1,,3.152,5.46875,1,0.25,0.15,0.15,0.00015,0,5,15,0.019722,openb-pod-7946
synthetic_02141,preprocessing,preprocessing,1,1,,12.0,24.0,1,0.25,0.25,0.25,0.00025,59,70,15,0.149167,openb-pod-2365
synthetic_02142,fine_tuning,fine_tuning,1,1,G2,11.3,48.0,1,0.25,0.35,0.35,0.00035,36,46,15,0.016667,openb-pod-5155
synthetic_02143,preprocessing,preprocessing,1,1,,8.0,29.8017578125,10,2.5,0.25,0.25,0.00025,8,19,15,2.323056,openb-pod-0240
synthetic_02144,preprocessing,preprocessing,1,1,,3.152,5.46875,1,0.25,0.07,0.07,7e-05,77,88,15,0.060278,openb-pod-0116
synthetic_02145,fine_tuning,fine_tuning,1,1,T4,3.152,5.46875,2,0.5,0.07,0.07,7e-05,20,27,15,0.270833,openb-pod-4709
synthetic_02146,preprocessing,preprocessing,1,1,,14.2,57.0,3,0.75,0.07,0.07,7e-05,71,83,15,0.538333,openb-pod-6651
synthetic_02147,preprocessing,preprocessing,1,1,,18.708,63.0,13,3.25,0.25,0.25,0.00025,0,11,15,3.053889,openb-pod-7145
synthetic_02148,fine_tuning,fine_tuning,1,1,G2,9.81,40.5859375,1,0.25,0.35,0.35,0.00035,7,14,15,0.1525,openb-pod-3233
synthetic_02149,preprocessing,preprocessing,1,1,,15.7,57.0,6,1.5,0.35,0.35,0.00035,41,56,15,1.313056,openb-pod-0712
synthetic_02150,preprocessing,preprocessing,1,1,,11.908,46.0,5,1.25,0.35,0.35,0.00035,0,5,15,1.164444,openb-pod-8130
synthetic_02151,fine_tuning,fine_tuning,1,1,G2,1.0,6.0,2,0.5,0.35,0.35,0.00035,6,14,15,0.330833,openb-pod-4930
synthetic_02152,preprocessing,preprocessing,1,1,,11.3,37.0,8,2.0,0.35,0.35,0.00035,0,11,15,1.775833,openb-pod-0442
synthetic_02153,preprocessing,preprocessing,1,1,,3.152,5.46875,1,0.25,0.25,0.25,0.00025,14,23,15,0.056389,openb-pod-3329
synthetic_02154,fine_tuning,fine_tuning,1,1,T4,18.708,63.0,1,0.25,0.07,0.07,7e-05,63,72,15,0.198333,openb-pod-3934
synthetic_02155,fine_tuning,fine_tuning,1,1,T4,18.708,63.0,1,0.25,0.07,0.07,7e-05,86,95,15,0.132222,openb-pod-0452
synthetic_02156,preprocessing,preprocessing,1,1,,16.0,32.0,4,1.0,0.25,0.25,0.00025,10,21,15,0.791389,openb-pod-2985
synthetic_02157,preprocessing,preprocessing,1,1,,11.3,48.0,1,0.25,0.07,0.07,7e-05,86,95,15,0.0225,openb-pod-8040
synthetic_02158,preprocessing,preprocessing,1,1,,3.152,5.46875,1,0.25,0.15,0.15,0.00015,0,8,15,0.041389,openb-pod-1784
synthetic_02159,preprocessing,preprocessing,1,1,,8.0,29.8017578125,1,0.25,0.35,0.35,0.00035,48,55,15,0.021389,openb-pod-6555
synthetic_02160,training,training,1,1,V100M16|V100M32,9.81,40.5859375,1,0.25,0.25,0.25,0.00025,50,61,15,0.110278,openb-pod-5322
synthetic_02161,fine_tuning,fine_tuning,1,1,P100,3.152,5.46875,16,4.0,0.25,0.25,0.00025,28,42,15,3.884167,openb-pod-1774
synthetic_02162,fine_tuning,fine_tuning,1,1,T4,14.2,57.0,1,0.25,0.07,0.07,7e-05,59,69,15,0.183056,openb-pod-6240
synthetic_02163,fine_tuning,fine_tuning,1,1,P100,3.152,5.46875,1,0.25,0.25,0.25,0.00025,9,16,15,0.0325,openb-pod-7310
synthetic_02164,training,training,1,1,V100M16|V100M32,6.0,32.0,2,0.5,0.25,0.25,0.00025,30,36,15,0.416667,openb-pod-6228
synthetic_02165,preprocessing,preprocessing,1,1,,3.152,5.46875,1,0.25,0.35,0.35,0.00035,24,30,15,0.053056,openb-pod-7489
synthetic_02166,fine_tuning,fine_tuning,1,1,T4,3.152,5.46875,1,0.25,0.07,0.07,7e-05,21,31,15,0.084167,openb-pod-3085
synthetic_02167,preprocessing,preprocessing,1,1,,16.0,32.0,1,0.25,0.25,0.25,0.00025,66,82,15,0.005,openb-pod-0189
synthetic_02168,preprocessing,preprocessing,1,1,,3.152,5.46875,1,0.25,0.35,0.35,0.00035,11,18,15,0.026667,openb-pod-7062
synthetic_02169,preprocessing,preprocessing,1,1,,3.152,5.46875,1,0.25,0.35,0.35,0.00035,8,15,15,0.074722,openb-pod-3125
synthetic_02170,preprocessing,preprocessing,1,1,,11.3,48.0,1,0.25,0.25,0.25,0.00025,57,70,15,0.020833,openb-pod-7679
synthetic_02171,fine_tuning,fine_tuning,1,1,P100,3.152,5.46875,1,0.25,0.25,0.25,0.00025,75,89,15,0.023056,openb-pod-4056
synthetic_02172,preprocessing,preprocessing,1,1,,12.0,16.0,1,0.25,0.35,0.35,0.00035,38,48,15,0.216944,openb-pod-5583
synthetic_02173,preprocessing,preprocessing,1,1,,3.152,5.46875,1,0.25,0.25,0.25,0.00025,33,38,15,0.073333,openb-pod-3121
synthetic_02174,fine_tuning,fine_tuning,1,1,T4,4.0,22.3515625,4,1.0,0.07,0.07,7e-05,64,74,15,0.894722,openb-pod-5025
synthetic_02175,fine_tuning,fine_tuning,1,1,T4,11.3,48.0,1,0.25,0.07,0.07,7e-05,52,61,15,0.014444,openb-pod-7687
synthetic_02176,preprocessing,preprocessing,1,1,,3.152,5.46875,1,0.25,0.35,0.35,0.00035,47,58,15,0.040556,openb-pod-1567
synthetic_02177,fine_tuning,fine_tuning,1,1,T4,11.4,47.0,1,0.25,0.07,0.07,7e-05,11,19,15,0.056111,openb-pod-2128
synthetic_02178,preprocessing,preprocessing,1,1,,18.708,63.0,1,0.25,0.07,0.07,7e-05,80,92,15,0.0275,openb-pod-0330
synthetic_02179,fine_tuning,fine_tuning,1,1,T4,4.0,29.8017578125,1,0.25,0.07,0.07,7e-05,87,95,15,0.166111,openb-pod-1524
synthetic_02180,preprocessing,preprocessing,1,1,,4.0,30.517578125,2,0.5,0.25,0.25,0.00025,10,23,15,0.250556,openb-pod-0202
synthetic_02181,preprocessing,preprocessing,1,1,,3.152,5.46875,2,0.5,0.25,0.25,0.00025,37,46,15,0.273889,openb-pod-0439
synthetic_02182,preprocessing,preprocessing,1,1,,24.2,91.0,1,0.25,0.35,0.35,0.00035,74,85,15,0.232222,openb-pod-5959
synthetic_02183,fine_tuning,fine_tuning,1,1,G3,11.4,47.0,3,0.75,0.35,0.35,0.00035,0,5,15,0.7225,openb-pod-3629
synthetic_02184,fine_tuning,fine_tuning,1,1,T4,3.152,5.46875,1,0.25,0.07,0.07,7e-05,4,12,15,0.009167,openb-pod-3972
synthetic_02185,preprocessing,preprocessing,1,1,,15.7,57.0,3,0.75,0.15,0.15,0.00015,70,80,15,0.608333,openb-pod-2815
synthetic_02186,preprocessing,preprocessing,1,1,,15.9,88.0,5,1.25,0.07,0.07,7e-05,26,42,15,1.0275,openb-pod-4595
synthetic_02187,preprocessing,preprocessing,1,1,,11.3,48.0,2,0.5,0.07,0.07,7e-05,0,6,15,0.265833,openb-pod-5077
synthetic_02188,fine_tuning,fine_tuning,1,1,T4,18.708,63.0,2,0.5,0.07,0.07,7e-05,87,94,15,0.445556,openb-pod-1516
synthetic_02189,fine_tuning,fine_tuning,4,4,G2,32.2,129.0,1,0.25,1.4,1.4,0.0014,16,22,15,0.010278,openb-pod-7154
synthetic_02190,fine_tuning,fine_tuning,1,1,G2,9.81,40.5859375,6,1.5,0.35,0.35,0.00035,48,59,15,1.384167,openb-pod-3917
synthetic_02191,preprocessing,preprocessing,1,1,,12.0,24.0,4,1.0,0.25,0.25,0.00025,0,8,15,0.800278,openb-pod-7862
synthetic_02192,preprocessing,preprocessing,1,1,,11.908,46.0,2,0.5,0.25,0.25,0.00025,58,64,15,0.291944,openb-pod-6053
synthetic_02193,preprocessing,preprocessing,1,1,,11.3,48.0,1,0.25,0.07,0.07,7e-05,0,4,15,0.097222,openb-pod-4851
synthetic_02194,preprocessing,preprocessing,1,1,,8.0,29.8017578125,13,3.25,0.25,0.25,0.00025,18,30,15,3.243611,openb-pod-4427
synthetic_02195,preprocessing,preprocessing,1,1,,8.0,29.8017578125,1,0.25,0.35,0.35,0.00035,1,15,15,0.026944,openb-pod-6009
synthetic_02196,preprocessing,preprocessing,1,1,,11.3,48.0,1,0.25,0.25,0.25,0.00025,21,27,15,0.076944,openb-pod-6142
synthetic_02197,preprocessing,preprocessing,1,1,,16.4,123.0,1,0.25,0.35,0.35,0.00035,43,52,15,0.080833,openb-pod-7291
synthetic_02198,preprocessing,preprocessing,1,1,,11.3,48.0,1,0.25,0.35,0.35,0.00035,37,46,15,0.056111,openb-pod-4865
synthetic_02199,fine_tuning,fine_tuning,1,1,T4,3.152,5.46875,1,0.25,0.07,0.07,7e-05,0,9,15,0.151389,openb-pod-3364
synthetic_02200,preprocessing,preprocessing,1,1,,3.152,5.46875,1,0.25,0.25,0.25,0.00025,85,95,15,0.055,openb-pod-1818
synthetic_02201,preprocessing,preprocessing,1,1,,4.0,22.3515625,9,2.25,0.07,0.07,7e-05,22,38,15,2.008611,openb-pod-2879
synthetic_02202,fine_tuning,fine_tuning,1,1,P100,11.908,46.0,5,1.25,0.25,0.25,0.00025,88,91,15,1.01,openb-pod-0230
synthetic_02203,preprocessing,preprocessing,1,1,,11.4,47.0,1,0.25,0.35,0.35,0.00035,40,49,15,0.012222,openb-pod-3722
synthetic_02204,fine_tuning,fine_tuning,1,1,P100,8.0,29.8017578125,1,0.25,0.25,0.25,0.00025,32,43,15,0.028611,openb-pod-6011
synthetic_02205,preprocessing,preprocessing,1,1,,11.4,47.0,4,1.0,0.07,0.07,7e-05,26,35,15,0.847778,openb-pod-2530
synthetic_02206,training,training,1,1,V100M16|V100M32,18.708,63.0,1,0.25,0.25,0.25,0.00025,66,72,15,0.1925,openb-pod-6729
synthetic_02207,preprocessing,preprocessing,1,1,,3.152,5.46875,7,1.75,0.25,0.25,0.00025,31,41,15,1.599167,openb-pod-1264
synthetic_02208,preprocessing,preprocessing,1,1,,6.0,23.0,3,0.75,0.07,0.07,7e-05,44,53,15,0.665556,openb-pod-5520
synthetic_02209,training,training,1,1,V100M16|V100M32,11.3,48.0,1,0.25,0.25,0.25,0.00025,48,60,15,0.023611,openb-pod-7688
synthetic_02210,preprocessing,preprocessing,1,1,,8.2,33.0,3,0.75,0.25,0.25,0.00025,87,93,15,0.532778,openb-pod-6432
synthetic_02211,preprocessing,preprocessing,1,1,,3.152,5.46875,2,0.5,0.07,0.07,7e-05,11,21,15,0.256389,openb-pod-3556
synthetic_02212,preprocessing,preprocessing,1,1,,16.0,32.0,1,0.25,0.25,0.25,0.00025,64,74,15,0.198056,openb-pod-0811
synthetic_02213,preprocessing,preprocessing,1,1,,11.908,46.0,1,0.25,0.35,0.35,0.00035,90,95,15,0.151944,openb-pod-8119
synthetic_02214,fine_tuning,fine_tuning,1,1,G2,11.3,48.0,1,0.25,0.35,0.35,0.00035,37,50,15,0.146111,openb-pod-7913
synthetic_02215,fine_tuning,fine_tuning,1,1,T4,11.4,47.0,1,0.25,0.07,0.07,7e-05,19,28,15,0.234167,openb-pod-1478
synthetic_02216,preprocessing,preprocessing,1,1,,4.0,14.900390625,7,1.75,0.25,0.25,0.00025,26,35,15,1.63,openb-pod-4220
synthetic_02217,preprocessing,preprocessing,1,1,,11.3,48.0,1,0.25,0.25,0.25,0.00025,79,86,15,0.019167,openb-pod-7643
synthetic_02218,preprocessing,preprocessing,1,1,,8.0,32.0,4,1.0,0.25,0.25,0.00025,81,89,15,0.951111,openb-pod-0290
synthetic_02219,preprocessing,preprocessing,1,1,,16.4,123.0,2,0.5,0.35,0.35,0.00035,60,70,15,0.476667,openb-pod-6920
synthetic_02220,preprocessing,preprocessing,1,1,,16.0,32.0,5,1.25,0.35,0.35,0.00035,14,26,15,1.003611,openb-pod-2905
synthetic_02221,fine_tuning,fine_tuning,1,1,G2,4.0,24.0,5,1.25,0.35,0.35,0.00035,84,91,15,1.114444,openb-pod-2890
synthetic_02222,preprocessing,preprocessing,1,1,G2|P100|T4|V100M16|V100M32,8.0,29.8017578125,1,0.25,0.35,0.35,0.00035,71,76,15,0.083333,openb-pod-8125
synthetic_02223,fine_tuning,fine_tuning,1,1,G2,12.0,16.0,1,0.25,0.35,0.35,0.00035,44,50,15,0.130278,openb-pod-6819
synthetic_02224,preprocessing,preprocessing,1,1,,16.0,32.0,2,0.5,0.07,0.07,7e-05,36,43,15,0.347222,openb-pod-2086
synthetic_02225,preprocessing,preprocessing,1,1,,3.152,5.46875,1,0.25,0.35,0.35,0.00035,87,95,15,0.063889,openb-pod-3309
synthetic_02226,fine_tuning,fine_tuning,1,1,T4,1.0,6.0,2,0.5,0.07,0.07,7e-05,42,53,15,0.346944,openb-pod-4938
synthetic_02227,fine_tuning,fine_tuning,1,1,P100,3.152,5.46875,1,0.25,0.25,0.25,0.00025,27,36,15,0.039722,openb-pod-6921
synthetic_02228,fine_tuning,fine_tuning,1,1,T4,3.152,5.46875,1,0.25,0.07,0.07,7e-05,3,12,15,0.074167,openb-pod-7559
synthetic_02229,preprocessing,preprocessing,1,1,,4.0,24.0,5,1.25,0.07,0.07,7e-05,25,30,15,1.133333,openb-pod-3534
synthetic_02230,fine_tuning,fine_tuning,1,1,V100M32,11.3,48.0,1,0.25,0.25,0.25,0.00025,76,89,15,0.237222,openb-pod-4731
synthetic_02231,preprocessing,preprocessing,1,1,,11.908,46.0,1,0.25,0.25,0.25,0.00025,86,93,15,0.024444,openb-pod-7312
synthetic_02232,preprocessing,preprocessing,1,1,,11.3,48.0,1,0.25,0.25,0.25,0.00025,0,8,15,0.043611,openb-pod-7610
synthetic_02233,preprocessing,preprocessing,1,1,,3.152,5.46875,1,0.25,0.35,0.35,0.00035,15,26,15,0.064444,openb-pod-5140
synthetic_02234,preprocessing,preprocessing,1,1,,3.152,5.46875,2,0.5,0.25,0.25,0.00025,0,10,15,0.313056,openb-pod-3292
synthetic_02235,preprocessing,preprocessing,1,1,,11.908,46.0,1,0.25,0.25,0.25,0.00025,30,41,15,0.157222,openb-pod-7079
synthetic_02236,preprocessing,preprocessing,1,1,,16.0,32.0,2,0.5,0.25,0.25,0.00025,40,50,15,0.490556,openb-pod-1079
synthetic_02237,preprocessing,preprocessing,1,1,G2|P100|T4|V100M16|V100M32,11.4,47.0,2,0.5,0.25,0.25,0.00025,27,33,15,0.348056,openb-pod-1624
synthetic_02238,preprocessing,preprocessing,1,1,,11.908,46.0,2,0.5,0.35,0.35,0.00035,32,36,15,0.301111,openb-pod-8121
synthetic_02239,preprocessing,preprocessing,1,1,,11.908,46.0,1,0.25,0.25,0.25,0.00025,20,36,15,0.015278,openb-pod-7060
synthetic_02240,preprocessing,preprocessing,1,1,,4.0,14.900390625,1,0.25,0.35,0.35,0.00035,32,42,15,0.033611,openb-pod-2344
synthetic_02241,fine_tuning,fine_tuning,1,1,T4,3.152,5.46875,1,0.25,0.07,0.07,7e-05,48,58,15,0.040833,openb-pod-0275
synthetic_02242,preprocessing,preprocessing,1,1,,11.908,46.0,1,0.25,0.25,0.25,0.00025,85,91,15,0.008889,openb-pod-3603
synthetic_02243,fine_tuning,fine_tuning,1,1,T4,11.3,48.0,1,0.25,0.07,0.07,7e-05,62,71,15,0.053889,openb-pod-5466
synthetic_02244,preprocessing,preprocessing,1,1,,12.0,24.0,5,1.25,0.07,0.07,7e-05,3,13,15,1.0825,openb-pod-3044
synthetic_02245,preprocessing,preprocessing,1,1,,11.4,47.0,1,0.25,0.25,0.25,0.00025,53,60,15,0.051111,openb-pod-2811
synthetic_02246,preprocessing,preprocessing,1,1,,11.3,48.0,3,0.75,0.25,0.25,0.00025,59,72,15,0.628056,openb-pod-5316
synthetic_02247,preprocessing,preprocessing,1,1,,4.152,10.3515625,2,0.5,0.35,0.35,0.00035,17,31,15,0.324167,openb-pod-1175
synthetic_02248,fine_tuning,fine_tuning,1,1,T4,11.3,48.0,1,0.25,0.07,0.07,7e-05,62,71,15,0.150278,openb-pod-7635
synthetic_02249,fine_tuning,fine_tuning,1,1,T4,11.3,48.0,1,0.25,0.07,0.07,7e-05,54,62,15,0.094444,openb-pod-7739
synthetic_02250,fine_tuning,fine_tuning,4,4,G2,32.2,129.0,1,0.25,1.4,1.4,0.0014,0,7,15,0.152222,openb-pod-2263
synthetic_02251,preprocessing,preprocessing,1,1,,11.3,48.0,1,0.25,0.25,0.25,0.00025,72,79,15,0.086111,openb-pod-7572
synthetic_02252,preprocessing,preprocessing,1,1,,11.3,48.0,1,0.25,0.25,0.25,0.00025,2,11,15,0.021944,openb-pod-7781
synthetic_02253,fine_tuning,fine_tuning,1,1,T4,11.4,47.0,4,1.0,0.07,0.07,7e-05,21,33,15,0.872222,openb-pod-2741
synthetic_02254,preprocessing,preprocessing,1,1,,3.152,5.46875,1,0.25,0.35,0.35,0.00035,1,12,15,0.088056,openb-pod-1076
synthetic_02255,training,training,4,4,V100M16|V100M32,32.0,128.0,1,0.25,1.0,1.0,0.001,73,85,15,0.01,openb-pod-7160
synthetic_02256,fine_tuning,fine_tuning,1,1,T4,3.152,5.46875,1,0.25,0.07,0.07,7e-05,26,33,15,0.041667,openb-pod-1927
synthetic_02257,fine_tuning,fine_tuning,1,1,T4,3.152,5.46875,1,0.25,0.07,0.07,7e-05,6,19,15,0.012778,openb-pod-8036
synthetic_02258,fine_tuning,fine_tuning,1,1,G2,11.3,48.0,1,0.25,0.35,0.35,0.00035,62,75,15,0.016389,openb-pod-5894
synthetic_02259,preprocessing,preprocessing,1,1,,3.152,5.46875,1,0.25,0.25,0.25,0.00025,32,39,15,0.061667,openb-pod-3187
synthetic_02260,preprocessing,preprocessing,1,1,,11.908,46.0,2,0.5,0.07,0.07,7e-05,18,29,15,0.336944,openb-pod-7345
synthetic_02261,preprocessing,preprocessing,1,1,,12.0,24.0,9,2.25,0.07,0.07,7e-05,7,20,15,2.242778,openb-pod-7065
synthetic_02262,preprocessing,preprocessing,1,1,,3.152,5.46875,2,0.5,0.07,0.07,7e-05,75,84,15,0.331667,openb-pod-4386
synthetic_02263,preprocessing,preprocessing,1,1,,11.4,47.0,1,0.25,0.35,0.35,0.00035,9,14,15,0.153889,openb-pod-2850
synthetic_02264,preprocessing,preprocessing,1,1,,11.3,48.0,1,0.25,0.15,0.15,0.00015,89,95,15,0.013056,openb-pod-7895
synthetic_02265,preprocessing,preprocessing,1,1,,9.81,40.5859375,3,0.75,0.25,0.25,0.00025,15,24,15,0.586389,openb-pod-1971
synthetic_02266,preprocessing,preprocessing,1,1,,3.152,5.46875,1,0.25,0.35,0.35,0.00035,68,81,15,0.055556,openb-pod-1051
synthetic_02267,preprocessing,preprocessing,1,1,,3.152,5.46875,2,0.5,0.35,0.35,0.00035,32,46,15,0.272778,openb-pod-3421
synthetic_02268,preprocessing,preprocessing,1,1,,11.3,48.0,1,0.25,0.25,0.25,0.00025,55,66,15,0.018333,openb-pod-5310
synthetic_02269,preprocessing,preprocessing,1,1,,12.0,16.0,1,0.25,0.25,0.25,0.00025,31,41,15,0.199722,openb-pod-2330
synthetic_02270,preprocessing,preprocessing,1,1,,1.0,2.0,1,0.25,0.35,0.35,0.00035,69,74,15,0.030556,openb-pod-7216
synthetic_02271,preprocessing,preprocessing,1,1,P100|V100M16|V100M32,11.3,48.0,1,0.25,0.25,0.25,0.00025,18,31,15,0.018056,openb-pod-4906
synthetic_02272,preprocessing,preprocessing,1,1,,9.81,40.5859375,1,0.25,0.35,0.35,0.00035,49,58,15,0.008333,openb-pod-5867
synthetic_02273,preprocessing,preprocessing,1,1,,3.152,5.46875,1,0.25,0.25,0.25,0.00025,15,27,15,0.046111,openb-pod-0227
synthetic_02274,fine_tuning,fine_tuning,1,1,T4,4.152,10.3515625,1,0.25,0.07,0.07,7e-05,79,90,15,0.221944,openb-pod-2022
synthetic_02275,preprocessing,preprocessing,1,1,,11.3,48.0,1,0.25,0.25,0.25,0.00025,39,49,15,0.086111,openb-pod-7804
synthetic_02276,preprocessing,preprocessing,1,1,,11.908,46.0,1,0.25,0.35,0.35,0.00035,32,42,15,0.007778,openb-pod-1863
synthetic_02277,fine_tuning,fine_tuning,1,1,T4,11.3,48.0,1,0.25,0.07,0.07,7e-05,59,71,15,0.013889,openb-pod-7896
synthetic_02278,training,training,1,1,V100M16|V100M32,3.152,5.46875,1,0.25,0.25,0.25,0.00025,52,62,15,0.053611,openb-pod-0205
synthetic_02279,preprocessing,preprocessing,1,1,,8.0,32.0,1,0.25,0.25,0.25,0.00025,85,91,15,0.015,openb-pod-7591
synthetic_02280,fine_tuning,fine_tuning,1,1,G2,3.152,5.46875,1,0.25,0.35,0.35,0.00035,41,52,15,0.058333,openb-pod-1100
synthetic_02281,preprocessing,preprocessing,1,1,,3.152,5.46875,1,0.25,0.25,0.25,0.00025,81,92,15,0.009444,openb-pod-7199
synthetic_02282,preprocessing,preprocessing,1,1,,3.152,5.46875,1,0.25,0.25,0.25,0.00025,79,88,15,0.018611,openb-pod-1608
synthetic_02283,preprocessing,preprocessing,1,1,,3.152,5.46875,1,0.25,0.35,0.35,0.00035,48,57,15,0.039167,openb-pod-4059
synthetic_02284,fine_tuning,fine_tuning,1,1,G2,3.152,5.46875,1,0.25,0.35,0.35,0.00035,43,48,15,0.006667,openb-pod-0148
synthetic_02285,preprocessing,preprocessing,1,1,,11.3,48.0,1,0.25,0.35,0.35,0.00035,80,88,15,0.0175,openb-pod-7924
synthetic_02286,preprocessing,preprocessing,1,1,,3.152,5.46875,1,0.25,0.35,0.35,0.00035,20,28,15,0.073611,openb-pod-3248
synthetic_02287,preprocessing,preprocessing,1,1,,4.152,10.3515625,1,0.25,0.07,0.07,7e-05,29,39,15,0.206944,openb-pod-2232
synthetic_02288,training,training,1,1,V100M16|V100M32,11.4,47.0,14,3.5,0.25,0.25,0.00025,45,50,15,3.358056,openb-pod-2308
synthetic_02289,preprocessing,preprocessing,1,1,,4.0,22.3515625,1,0.25,0.25,0.25,0.00025,29,37,15,0.073056,openb-pod-7949
synthetic_02290,preprocessing,preprocessing,1,1,,15.7,57.0,3,0.75,0.07,0.07,7e-05,0,3,15,0.637222,openb-pod-1299
synthetic_02291,preprocessing,preprocessing,1,1,,3.152,5.46875,1,0.25,0.35,0.35,0.00035,0,9,15,0.055278,openb-pod-0478
synthetic_02292,fine_tuning,fine_tuning,1,1,T4,12.0,24.0,1,0.25,0.07,0.07,7e-05,84,94,15,0.007222,openb-pod-0336
synthetic_02293,preprocessing,preprocessing,1,1,P100|T4|V100M16|V100M32,11.908,46.0,3,0.75,0.25,0.25,0.00025,42,49,15,0.584167,openb-pod-0087
synthetic_02294,fine_tuning,fine_tuning,1,1,T4,8.0,29.8017578125,4,1.0,0.07,0.07,7e-05,85,92,15,0.993889,openb-pod-0347
synthetic_02295,preprocessing,preprocessing,1,1,,12.0,24.0,11,2.75,0.25,0.25,0.00025,20,30,15,2.593889,openb-pod-4539
synthetic_02296,fine_tuning,fine_tuning,1,1,P100,3.152,5.46875,4,1.0,0.25,0.25,0.00025,44,56,15,0.761944,openb-pod-6936
synthetic_02297,fine_tuning,fine_tuning,1,1,G2,11.4,76.0,3,0.75,0.35,0.35,0.00035,89,93,15,0.555556,openb-pod-5949
synthetic_02298,preprocessing,preprocessing,1,1,,6.0,18.0,4,1.0,0.25,0.25,0.00025,79,92,15,0.916389,openb-pod-0341
synthetic_02299,preprocessing,preprocessing,1,1,,8.0,29.8017578125,3,0.75,0.25,0.25,0.00025,9,23,15,0.515,openb-pod-6388
synthetic_02300,fine_tuning,fine_tuning,1,1,T4,4.0,22.3515625,14,3.5,0.07,0.07,7e-05,24,33,15,3.390556,openb-pod-5950
synthetic_02301,preprocessing,preprocessing,1,1,,8.0,32.0,1,0.25,0.25,0.25,0.00025,10,16,15,0.0125,openb-pod-3029
synthetic_02302,preprocessing,preprocessing,1,1,P100|T4|V100M16|V100M32,11.3,48.0,1,0.25,0.25,0.25,0.00025,79,87,15,0.084722,openb-pod-7771
synthetic_02303,preprocessing,preprocessing,1,1,,11.4,47.0,1,0.25,0.25,0.25,0.00025,77,82,15,0.028611,openb-pod-2793
synthetic_02304,fine_tuning,fine_tuning,1,1,G2,11.3,48.0,1,0.25,0.35,0.35,0.00035,0,8,15,0.021667,openb-pod-7596
synthetic_02305,preprocessing,preprocessing,1,1,,3.152,5.46875,1,0.25,0.25,0.25,0.00025,0,8,15,0.019444,openb-pod-1604
synthetic_02306,preprocessing,preprocessing,1,1,,11.908,46.0,8,2.0,0.25,0.25,0.00025,9,22,15,1.782222,openb-pod-5685
synthetic_02307,preprocessing,preprocessing,1,1,,11.3,48.0,1,0.25,0.35,0.35,0.00035,22,29,15,0.129722,openb-pod-4741
synthetic_02308,fine_tuning,fine_tuning,1,1,T4,3.152,5.46875,1,0.25,0.07,0.07,7e-05,32,42,15,0.054722,openb-pod-0519
synthetic_02309,preprocessing,preprocessing,1,1,,11.4,47.0,2,0.5,0.25,0.25,0.00025,14,25,15,0.305556,openb-pod-4476
synthetic_02310,preprocessing,preprocessing,1,1,,11.3,48.0,1,0.25,0.35,0.35,0.00035,24,28,15,0.013889,openb-pod-6204
synthetic_02311,preprocessing,preprocessing,1,1,,3.152,5.46875,1,0.25,0.25,0.25,0.00025,34,46,15,0.023056,openb-pod-4157
synthetic_02312,preprocessing,preprocessing,1,1,P100|T4|V100M16|V100M32,11.3,37.0,3,0.75,0.25,0.25,0.00025,46,53,15,0.532778,openb-pod-1921
synthetic_02313,preprocessing,preprocessing,1,1,,11.908,46.0,1,0.25,0.25,0.25,0.00025,35,41,15,0.226389,openb-pod-6030
synthetic_02314,preprocessing,preprocessing,1,1,,15.7,57.0,5,1.25,0.25,0.25,0.00025,78,85,15,1.117222,openb-pod-1530
synthetic_02315,preprocessing,preprocessing,1,1,,11.3,48.0,1,0.25,0.35,0.35,0.00035,69,82,15,0.005833,openb-pod-4915
synthetic_02316,preprocessing,preprocessing,1,1,,3.152,5.46875,1,0.25,0.35,0.35,0.00035,32,37,15,0.059167,openb-pod-1399
synthetic_02317,preprocessing,preprocessing,1,1,,11.4,76.0,13,3.25,0.25,0.25,0.00025,4,12,15,3.008889,openb-pod-6728
synthetic_02318,preprocessing,preprocessing,1,1,P100|V100M16|V100M32,16.0,32.0,2,0.5,0.25,0.25,0.00025,50,62,15,0.337778,openb-pod-3577
synthetic_02319,fine_tuning,fine_tuning,1,1,T4,15.2,79.0,5,1.25,0.07,0.07,7e-05,3,10,15,1.146944,openb-pod-6084
synthetic_02320,preprocessing,preprocessing,4,4,,32.2,129.0,1,0.25,1.4,1.4,0.0014,76,82,15,0.009722,openb-pod-7155
synthetic_02321,preprocessing,preprocessing,1,1,,11.4,47.0,6,1.5,0.25,0.25,0.00025,52,62,15,1.443889,openb-pod-3528
synthetic_02322,fine_tuning,fine_tuning,1,1,T4,3.152,5.46875,4,1.0,0.07,0.07,7e-05,41,53,15,0.955278,openb-pod-3620
synthetic_02323,preprocessing,preprocessing,1,1,,4.0,14.900390625,1,0.25,0.25,0.25,0.00025,42,49,15,0.0175,openb-pod-2567
synthetic_02324,fine_tuning,fine_tuning,1,1,G2,3.152,5.46875,1,0.25,0.35,0.35,0.00035,14,26,15,0.033333,openb-pod-0155
synthetic_02325,fine_tuning,fine_tuning,1,1,G2,6.0,32.0,8,2.0,0.35,0.35,0.00035,1,12,15,1.920833,openb-pod-4081
synthetic_02326,preprocessing,preprocessing,1,1,,4.0,14.900390625,1,0.25,0.25,0.25,0.00025,3,17,15,0.0175,openb-pod-2567
synthetic_02327,fine_tuning,fine_tuning,1,1,T4,11.3,48.0,1,0.25,0.07,0.07,7e-05,49,61,15,0.241111,openb-pod-4739
synthetic_02328,preprocessing,preprocessing,1,1,,3.152,5.46875,2,0.5,0.25,0.25,0.00025,32,42,15,0.260278,openb-pod-3786
synthetic_02329,preprocessing,preprocessing,1,1,,8.0,29.8017578125,1,0.25,0.25,0.25,0.00025,89,95,15,0.060278,openb-pod-1668
synthetic_02330,fine_tuning,fine_tuning,1,1,T4,8.0,16.0,5,1.25,0.07,0.07,7e-05,4,11,15,1.039722,openb-pod-1021
synthetic_02331,training,training,1,1,V100M16|V100M32,8.0,32.0,2,0.5,0.25,0.25,0.00025,35,42,15,0.4,openb-pod-6345
synthetic_02332,fine_tuning,fine_tuning,1,1,G3,11.3,48.0,1,0.25,0.35,0.35,0.00035,65,75,15,0.029167,openb-pod-7824
synthetic_02333,fine_tuning,fine_tuning,1,1,T4,11.3,48.0,1,0.25,0.07,0.07,7e-05,62,74,15,0.020833,openb-pod-7582
synthetic_02334,preprocessing,preprocessing,1,1,,11.4,47.0,3,0.75,0.25,0.25,0.00025,53,57,15,0.655,openb-pod-3681
synthetic_02335,fine_tuning,fine_tuning,1,1,T4,11.9,76.0,1,0.25,0.07,0.07,7e-05,69,77,15,0.048333,openb-pod-4675
synthetic_02336,preprocessing,preprocessing,1,1,,3.152,5.46875,1,0.25,0.35,0.35,0.00035,66,80,15,0.040833,openb-pod-1161
synthetic_02337,preprocessing,preprocessing,1,1,,15.7,57.0,3,0.75,0.07,0.07,7e-05,10,23,15,0.598611,openb-pod-2489
synthetic_02338,preprocessing,preprocessing,1,1,,11.908,46.0,1,0.25,0.35,0.35,0.00035,9,17,15,0.012778,openb-pod-3123
synthetic_02339,preprocessing,preprocessing,1,1,,9.81,40.5859375,3,0.75,0.25,0.25,0.00025,71,83,15,0.605278,openb-pod-5856
synthetic_02340,fine_tuning,fine_tuning,1,1,T4,11.908,46.0,1,0.25,0.07,0.07,7e-05,42,52,15,0.1575,openb-pod-6032
synthetic_02341,preprocessing,preprocessing,1,1,,12.0,24.0,5,1.25,0.25,0.25,0.00025,64,72,15,1.049167,openb-pod-6750
synthetic_02342,preprocessing,preprocessing,1,1,,4.0,22.3515625,5,1.25,0.25,0.25,0.00025,17,30,15,1.166667,openb-pod-2866
synthetic_02343,fine_tuning,fine_tuning,1,1,G2,18.708,63.0,1,0.25,0.35,0.35,0.00035,24,39,15,0.095,openb-pod-6318
synthetic_02344,preprocessing,preprocessing,1,1,,11.908,46.0,14,3.5,0.35,0.35,0.00035,68,78,15,3.3075,openb-pod-0414
synthetic_02345,preprocessing,preprocessing,1,1,,12.0,16.0,1,0.25,0.25,0.25,0.00025,29,37,15,0.140833,openb-pod-3594
synthetic_02346,fine_tuning,fine_tuning,1,1,G2,15.7,57.0,3,0.75,0.35,0.35,0.00035,84,89,15,0.608889,openb-pod-2756
synthetic_02347,fine_tuning,fine_tuning,1,1,G2,11.3,48.0,2,0.5,0.35,0.35,0.00035,20,36,15,0.347222,openb-pod-6540
synthetic_02348,fine_tuning,fine_tuning,1,1,T4,3.152,5.46875,1,0.25,0.07,0.07,7e-05,44,53,15,0.023611,openb-pod-1614
synthetic_02349,preprocessing,preprocessing,1,1,,1.0,2.0,1,0.25,0.07,0.07,7e-05,73,80,15,0.1225,openb-pod-3990
synthetic_02350,fine_tuning,fine_tuning,1,1,T4,9.81,40.5859375,1,0.25,0.07,0.07,7e-05,25,38,15,0.156944,openb-pod-0496
synthetic_02351,preprocessing,preprocessing,1,1,,3.152,5.46875,1,0.25,0.35,0.35,0.00035,24,38,15,0.054722,openb-pod-0803
synthetic_02352,preprocessing,preprocessing,1,1,,3.152,5.46875,1,0.25,0.07,0.07,7e-05,57,67,15,0.061389,openb-pod-1618
synthetic_02353,fine_tuning,fine_tuning,1,1,G2,11.4,47.0,5,1.25,0.35,0.35,0.00035,10,21,15,1.064722,openb-pod-3441
synthetic_02354,fine_tuning,fine_tuning,1,1,G2,11.4,47.0,1,0.25,0.35,0.35,0.00035,20,27,15,0.126667,openb-pod-4484
synthetic_02355,fine_tuning,fine_tuning,1,1,T4,3.152,5.46875,1,0.25,0.07,0.07,7e-05,14,23,15,0.070833,openb-pod-1456
synthetic_02356,preprocessing,preprocessing,1,1,,9.81,40.5859375,4,1.0,0.25,0.25,0.00025,61,71,15,0.917222,openb-pod-5714
synthetic_02357,preprocessing,preprocessing,1,1,,3.152,5.46875,1,0.25,0.07,0.07,7e-05,40,47,15,0.066667,openb-pod-2318
synthetic_02358,training,training,1,1,V100M16|V100M32,11.3,48.0,1,0.25,0.25,0.25,0.00025,0,12,15,0.101667,openb-pod-7947
synthetic_02359,preprocessing,preprocessing,1,1,,11.908,46.0,1,0.25,0.25,0.25,0.00025,51,64,15,0.016944,openb-pod-7119
synthetic_02360,preprocessing,preprocessing,1,1,,16.4,123.0,1,0.25,0.35,0.35,0.00035,18,29,15,0.098889,openb-pod-4783
synthetic_02361,fine_tuning,fine_tuning,1,1,T4,11.3,48.0,1,0.25,0.07,0.07,7e-05,73,83,15,0.214444,openb-pod-4760
synthetic_02362,preprocessing,preprocessing,1,1,,3.152,5.46875,1,0.25,0.35,0.35,0.00035,32,43,15,0.041667,openb-pod-0357
synthetic_02363,preprocessing,preprocessing,1,1,,8.0,16.0,2,0.5,0.35,0.35,0.00035,86,94,15,0.337778,openb-pod-0302
synthetic_02364,fine_tuning,fine_tuning,1,1,T4,4.0,24.0,5,1.25,0.07,0.07,7e-05,75,81,15,1.188333,openb-pod-2304
synthetic_02365,preprocessing,preprocessing,1,1,A10|G2|P100|T4|V100M16|V100M32,3.152,5.46875,1,0.25,0.07,0.07,7e-05,0,6,15,0.149167,openb-pod-1444
synthetic_02366,preprocessing,preprocessing,1,1,,15.7,57.0,1,0.25,0.35,0.35,0.00035,69,81,15,0.022222,openb-pod-2535
synthetic_02367,fine_tuning,fine_tuning,1,1,G2,18.708,63.0,1,0.25,0.35,0.35,0.00035,78,90,15,0.148889,openb-pod-3503
synthetic_02368,preprocessing,preprocessing,1,1,G2|P100|T4|V100M16|V100M32,3.152,5.46875,1,0.25,0.35,0.35,0.00035,65,71,15,0.054444,openb-pod-0863
synthetic_02369,fine_tuning,fine_tuning,1,1,T4,24.2,91.0,3,0.75,0.07,0.07,7e-05,0,14,15,0.603056,openb-pod-6104
synthetic_02370,preprocessing,preprocessing,1,1,,3.152,5.46875,1,0.25,0.25,0.25,0.00025,61,75,15,0.051389,openb-pod-0204
synthetic_02371,preprocessing,preprocessing,1,1,,9.81,40.5859375,2,0.5,0.35,0.35,0.00035,59,73,15,0.250556,openb-pod-5866
synthetic_02372,preprocessing,preprocessing,1,1,,18.708,63.0,1,0.25,0.25,0.25,0.00025,23,36,15,0.043889,openb-pod-6524
synthetic_02373,preprocessing,preprocessing,1,1,,3.152,5.46875,1,0.25,0.35,0.35,0.00035,81,92,15,0.036667,openb-pod-4154
synthetic_02374,preprocessing,preprocessing,1,1,,16.0,32.0,4,1.0,0.25,0.25,0.00025,52,62,15,0.791389,openb-pod-2985
synthetic_02375,preprocessing,preprocessing,1,1,,12.0,24.0,1,0.25,0.07,0.07,7e-05,22,31,15,0.003333,openb-pod-4255
synthetic_02376,fine_tuning,fine_tuning,1,1,P100,3.152,5.46875,1,0.25,0.25,0.25,0.00025,80,92,15,0.02,openb-pod-7484
synthetic_02377,preprocessing,preprocessing,1,1,,11.3,48.0,1,0.25,0.35,0.35,0.00035,16,27,15,0.018056,openb-pod-7980
synthetic_02378,fine_tuning,fine_tuning,1,1,P100,11.908,46.0,1,0.25,0.25,0.25,0.00025,23,32,15,0.020278,openb-pod-7440
synthetic_02379,fine_tuning,fine_tuning,1,1,T4,4.0,22.3515625,1,0.25,0.07,0.07,7e-05,19,31,15,0.130556,openb-pod-5258
synthetic_02380,preprocessing,preprocessing,1,1,,3.152,5.46875,1,0.25,0.35,0.35,0.00035,0,6,15,0.041667,openb-pod-1535
synthetic_02381,preprocessing,preprocessing,1,1,,11.3,48.0,1,0.25,0.07,0.07,7e-05,81,88,15,0.030278,openb-pod-7703
synthetic_02382,fine_tuning,fine_tuning,1,1,T4,16.0,32.0,2,0.5,0.07,0.07,7e-05,13,21,15,0.295556,openb-pod-2881
synthetic_02383,preprocessing,preprocessing,1,1,,3.152,5.46875,2,0.5,0.25,0.25,0.00025,51,64,15,0.261667,openb-pod-4592
synthetic_02384,preprocessing,preprocessing,1,1,,11.908,46.0,2,0.5,0.35,0.35,0.00035,79,94,15,0.384444,openb-pod-3186
synthetic_02385,fine_tuning,fine_tuning,1,1,T4,16.0,32.0,3,0.75,0.07,0.07,7e-05,78,88,15,0.565556,openb-pod-3601
synthetic_02386,training,training,4,4,V100M16|V100M32,32.2,129.0,8,2.0,1.0,1.0,0.001,28,41,15,1.863889,openb-pod-2182
synthetic_02387,fine_tuning,fine_tuning,1,1,P100,4.0,22.3515625,1,0.25,0.25,0.25,0.00025,71,83,15,0.055278,openb-pod-1115
synthetic_02388,preprocessing,preprocessing,1,1,,8.2,33.0,2,0.5,0.25,0.25,0.00025,8,17,15,0.3525,openb-pod-5020
synthetic_02389,fine_tuning,fine_tuning,1,1,G2,24.2,91.0,1,0.25,0.35,0.35,0.00035,32,39,15,0.018056,openb-pod-1026
synthetic_02390,fine_tuning,fine_tuning,1,1,T4,3.152,5.46875,1,0.25,0.07,0.07,7e-05,72,79,15,0.079722,openb-pod-0390
synthetic_02391,fine_tuning,fine_tuning,1,1,T4,8.0,16.0,1,0.25,0.07,0.07,7e-05,51,65,15,0.048889,openb-pod-3622
synthetic_02392,preprocessing,preprocessing,1,1,,3.152,5.46875,1,0.25,0.25,0.25,0.00025,69,84,15,0.044167,openb-pod-7442
synthetic_02393,preprocessing,preprocessing,1,1,,11.3,48.0,1,0.25,0.35,0.35,0.00035,32,41,15,0.014444,openb-pod-7652
synthetic_02394,preprocessing,preprocessing,1,1,,11.3,48.0,1,0.25,0.25,0.25,0.00025,36,45,15,0.070556,openb-pod-7568
synthetic_02395,preprocessing,preprocessing,1,1,,3.152,5.46875,2,0.5,0.25,0.25,0.00025,8,16,15,0.2575,openb-pod-7477
synthetic_02396,preprocessing,preprocessing,1,1,,11.908,46.0,1,0.25,0.35,0.35,0.00035,54,68,15,0.025833,openb-pod-0298
synthetic_02397,fine_tuning,fine_tuning,1,1,T4,11.3,48.0,1,0.25,0.07,0.07,7e-05,0,5,15,0.048056,openb-pod-7889
synthetic_02398,preprocessing,preprocessing,1,1,,3.152,5.46875,1,0.25,0.25,0.25,0.00025,57,63,15,0.038056,openb-pod-1255
synthetic_02399,fine_tuning,fine_tuning,1,1,G3,11.3,48.0,1,0.25,0.35,0.35,0.00035,52,60,15,0.023611,openb-pod-7838
synthetic_02400,fine_tuning,fine_tuning,1,1,T4,4.0,29.8017578125,1,0.25,0.07,0.07,7e-05,91,95,15,0.166111,openb-pod-1524
synthetic_02401,preprocessing,preprocessing,1,1,,11.3,48.0,1,0.25,0.35,0.35,0.00035,0,8,15,0.099722,openb-pod-7919
synthetic_02402,preprocessing,preprocessing,1,1,,8.2,33.0,2,0.5,0.25,0.25,0.00025,34,43,15,0.371944,openb-pod-5518
synthetic_02403,preprocessing,preprocessing,1,1,,8.0,29.8017578125,1,0.25,0.25,0.25,0.00025,15,30,15,0.054722,openb-pod-4665
synthetic_02404,preprocessing,preprocessing,1,1,,12.0,15.0,2,0.5,0.25,0.25,0.00025,10,16,15,0.254167,openb-pod-6351
synthetic_02405,fine_tuning,fine_tuning,1,1,P100,11.908,46.0,1,0.25,0.25,0.25,0.00025,17,27,15,0.016389,openb-pod-6385
synthetic_02406,fine_tuning,fine_tuning,1,1,P100,3.152,5.46875,1,0.25,0.25,0.25,0.00025,85,95,15,0.089444,openb-pod-5425
synthetic_02407,preprocessing,preprocessing,1,1,,8.2,33.0,2,0.5,0.35,0.35,0.00035,63,76,15,0.341944,openb-pod-2663
synthetic_02408,preprocessing,preprocessing,1,1,,3.152,5.46875,1,0.25,0.15,0.15,0.00015,29,39,15,0.053611,openb-pod-3228
synthetic_02409,preprocessing,preprocessing,1,1,,11.3,48.0,1,0.25,0.25,0.25,0.00025,39,49,15,0.053611,openb-pod-7613
synthetic_02410,preprocessing,preprocessing,1,1,,3.152,5.46875,1,0.25,0.25,0.25,0.00025,32,42,15,0.031944,openb-pod-6034
synthetic_02411,preprocessing,preprocessing,1,1,,8.0,29.8017578125,3,0.75,0.25,0.25,0.00025,52,65,15,0.652222,openb-pod-4786
synthetic_02412,preprocessing,preprocessing,1,1,,3.152,5.46875,11,2.75,0.35,0.35,0.00035,55,67,15,2.708333,openb-pod-5311
synthetic_02413,preprocessing,preprocessing,1,1,,11.3,48.0,1,0.25,0.15,0.15,0.00015,71,84,15,0.017778,openb-pod-7228
synthetic_02414,preprocessing,preprocessing,1,1,,11.3,48.0,1,0.25,0.15,0.15,0.00015,83,91,15,0.248333,openb-pod-7747
synthetic_02415,fine_tuning,fine_tuning,1,1,T4,11.3,48.0,1,0.25,0.07,0.07,7e-05,81,85,15,0.016389,openb-pod-6257
synthetic_02416,preprocessing,preprocessing,1,1,,11.3,48.0,1,0.25,0.25,0.25,0.00025,33,46,15,0.069444,openb-pod-5199
synthetic_02417,preprocessing,preprocessing,1,1,,18.708,63.0,1,0.25,0.25,0.25,0.00025,5,10,15,0.163611,openb-pod-4684
synthetic_02418,preprocessing,preprocessing,1,1,,11.3,48.0,1,0.25,0.35,0.35,0.00035,4,14,15,0.073333,openb-pod-7627
synthetic_02419,preprocessing,preprocessing,1,1,,3.152,5.46875,1,0.25,0.25,0.25,0.00025,41,50,15,0.06,openb-pod-0057
synthetic_02420,preprocessing,preprocessing,1,1,,11.4,47.0,1,0.25,0.35,0.35,0.00035,40,51,15,0.226111,openb-pod-3569
synthetic_02421,preprocessing,preprocessing,1,1,,3.152,5.46875,1,0.25,0.35,0.35,0.00035,23,34,15,0.053889,openb-pod-3194
synthetic_02422,preprocessing,preprocessing,1,1,,3.152,5.46875,1,0.25,0.25,0.25,0.00025,5,10,15,0.014722,openb-pod-7986
synthetic_02423,fine_tuning,fine_tuning,2,2,V100M32,16.2,65.0,1,0.25,0.5,0.5,0.0005,53,62,15,0.011111,openb-pod-7266
synthetic_02424,fine_tuning,fine_tuning,1,1,G3,11.3,48.0,1,0.25,0.35,0.35,0.00035,33,43,15,0.023611,openb-pod-7838
synthetic_02425,fine_tuning,fine_tuning,1,1,G2,18.708,63.0,2,0.5,0.35,0.35,0.00035,77,93,15,0.336667,openb-pod-3033
synthetic_02426,fine_tuning,fine_tuning,1,1,G3,11.3,48.0,1,0.25,0.35,0.35,0.00035,49,58,15,0.075833,openb-pod-5335
synthetic_02427,preprocessing,preprocessing,1,1,,15.7,57.0,3,0.75,0.07,0.07,7e-05,1,15,15,0.669167,openb-pod-1434
synthetic_02428,preprocessing,preprocessing,1,1,,3.152,5.46875,1,0.25,0.07,0.07,7e-05,0,12,15,0.008333,openb-pod-6679
synthetic_02429,preprocessing,preprocessing,1,1,,11.908,46.0,1,0.25,0.35,0.35,0.00035,75,86,15,0.006944,openb-pod-4612
synthetic_02430,fine_tuning,fine_tuning,1,1,G2,11.3,48.0,1,0.25,0.35,0.35,0.00035,61,67,15,0.099167,openb-pod-7941
synthetic_02431,fine_tuning,fine_tuning,1,1,P100,11.908,46.0,1,0.25,0.25,0.25,0.00025,69,78,15,0.039722,openb-pod-7223
synthetic_02432,preprocessing,preprocessing,1,1,,8.0,29.8017578125,1,0.25,0.35,0.35,0.00035,74,80,15,0.02,openb-pod-4632
synthetic_02433,fine_tuning,fine_tuning,1,1,G2,11.3,48.0,1,0.25,0.35,0.35,0.00035,49,56,15,0.020556,openb-pod-5324
synthetic_02434,preprocessing,preprocessing,4,4,,32.2,129.0,1,0.25,1.4,1.4,0.0014,14,30,15,0.150556,openb-pod-2863
synthetic_02435,preprocessing,preprocessing,1,1,,8.0,29.8017578125,2,0.5,0.07,0.07,7e-05,58,68,15,0.263056,openb-pod-6436
synthetic_02436,preprocessing,preprocessing,1,1,,3.152,5.46875,1,0.25,0.35,0.35,0.00035,35,46,15,0.068611,openb-pod-3102
synthetic_02437,fine_tuning,fine_tuning,1,1,G2,18.708,63.0,2,0.5,0.35,0.35,0.00035,32,43,15,0.336667,openb-pod-3033
synthetic_02438,preprocessing,preprocessing,1,1,,16.4,123.0,2,0.5,0.35,0.35,0.00035,10,16,15,0.476667,openb-pod-6920
synthetic_02439,preprocessing,preprocessing,1,1,,11.908,46.0,1,0.25,0.25,0.25,0.00025,7,20,15,0.184167,openb-pod-5591
synthetic_02440,fine_tuning,fine_tuning,1,1,T4,11.908,46.0,2,0.5,0.07,0.07,7e-05,76,90,15,0.283889,openb-pod-6052
synthetic_02441,preprocessing,preprocessing,1,1,,11.908,46.0,1,0.25,0.25,0.25,0.00025,80,91,15,0.178611,openb-pod-7094
synthetic_02442,fine_tuning,fine_tuning,1,1,P100,6.0,29.8017578125,1,0.25,0.25,0.25,0.00025,58,66,15,0.100556,openb-pod-3436
synthetic_02443,preprocessing,preprocessing,1,1,,8.0,16.0,6,1.5,0.35,0.35,0.00035,79,90,15,1.47,openb-pod-0546
synthetic_02444,preprocessing,preprocessing,1,1,,8.0,29.8017578125,2,0.5,0.35,0.35,0.00035,47,55,15,0.421389,openb-pod-0783
synthetic_02445,fine_tuning,fine_tuning,1,1,T4,11.908,46.0,11,2.75,0.07,0.07,7e-05,57,72,15,2.634167,openb-pod-7948
synthetic_02446,preprocessing,preprocessing,1,1,,3.152,5.46875,1,0.25,0.35,0.35,0.00035,82,88,15,0.044167,openb-pod-0891
synthetic_02447,fine_tuning,fine_tuning,1,1,T4,4.0,22.3515625,2,0.5,0.07,0.07,7e-05,63,73,15,0.435833,openb-pod-7928
synthetic_02448,fine_tuning,fine_tuning,1,1,T4,11.3,48.0,1,0.25,0.07,0.07,7e-05,75,82,15,0.194722,openb-pod-6280
synthetic_02449,fine_tuning,fine_tuning,1,1,G2,11.4,47.0,1,0.25,0.35,0.35,0.00035,86,95,15,0.161111,openb-pod-4483
synthetic_02450,preprocessing,preprocessing,1,1,,11.3,48.0,5,1.25,0.25,0.25,0.00025,41,53,15,1.142222,openb-pod-7049
synthetic_02451,preprocessing,preprocessing,1,1,,18.708,63.0,2,0.5,0.35,0.35,0.00035,64,73,15,0.301111,openb-pod-3717
synthetic_02452,fine_tuning,fine_tuning,1,1,T4,9.81,40.5859375,1,0.25,0.07,0.07,7e-05,85,94,15,0.113611,openb-pod-5732
synthetic_02453,preprocessing,preprocessing,1,1,,9.81,40.5859375,1,0.25,0.25,0.25,0.00025,13,20,15,0.008333,openb-pod-5867
synthetic_02454,fine_tuning,fine_tuning,1,1,P100,8.0,29.8017578125,16,4.0,0.25,0.25,0.00025,0,10,15,3.802778,openb-pod-6834
synthetic_02455,preprocessing,preprocessing,1,1,,3.152,5.46875,2,0.5,0.07,0.07,7e-05,63,77,15,0.272778,openb-pod-3421
synthetic_02456,fine_tuning,fine_tuning,1,1,P100,4.0,14.900390625,3,0.75,0.25,0.25,0.00025,68,76,15,0.645278,openb-pod-0839
synthetic_02457,preprocessing,preprocessing,1,1,,11.3,48.0,1,0.25,0.25,0.25,0.00025,40,52,15,0.012222,openb-pod-6530
synthetic_02458,fine_tuning,fine_tuning,1,1,T4,11.3,48.0,1,0.25,0.07,0.07,7e-05,55,67,15,0.015833,openb-pod-6440
synthetic_02459,preprocessing,preprocessing,1,1,,3.152,5.46875,2,0.5,0.25,0.25,0.00025,56,68,15,0.260556,openb-pod-3489
synthetic_02460,preprocessing,preprocessing,1,1,,3.152,5.46875,1,0.25,0.25,0.25,0.00025,56,70,15,0.028333,openb-pod-3767
synthetic_02461,preprocessing,preprocessing,1,1,,11.908,46.0,1,0.25,0.25,0.25,0.00025,85,94,15,0.116389,openb-pod-5908
synthetic_02462,preprocessing,preprocessing,1,1,,8.0,29.8017578125,2,0.5,0.35,0.35,0.00035,50,64,15,0.291944,openb-pod-1576
synthetic_02463,preprocessing,preprocessing,1,1,,3.152,5.46875,2,0.5,0.25,0.25,0.00025,9,20,15,0.313056,openb-pod-3292
synthetic_02464,preprocessing,preprocessing,1,1,,18.708,63.0,1,0.25,0.25,0.25,0.00025,30,43,15,0.021111,openb-pod-7903
synthetic_02465,preprocessing,preprocessing,1,1,,3.152,5.46875,1,0.25,0.07,0.07,7e-05,31,36,15,0.101389,openb-pod-8063
synthetic_02466,preprocessing,preprocessing,1,1,,11.3,48.0,1,0.25,0.25,0.25,0.00025,84,95,15,0.157778,openb-pod-7620
synthetic_02467,preprocessing,preprocessing,1,1,,6.0,6.0,2,0.5,0.25,0.25,0.00025,74,81,15,0.291389,openb-pod-2004
synthetic_02468,preprocessing,preprocessing,1,1,,3.152,5.46875,1,0.25,0.25,0.25,0.00025,0,4,15,0.044167,openb-pod-1486
synthetic_02469,preprocessing,preprocessing,1,1,,15.7,57.0,3,0.75,0.25,0.25,0.00025,34,41,15,0.573611,openb-pod-1083
synthetic_02470,preprocessing,preprocessing,1,1,,3.152,5.46875,1,0.25,0.07,0.07,7e-05,85,95,15,0.063056,openb-pod-0663
synthetic_02471,preprocessing,preprocessing,1,1,,8.0,16.0,4,1.0,0.25,0.25,0.00025,54,66,15,0.940833,openb-pod-0813
synthetic_02472,preprocessing,preprocessing,1,1,,12.0,15.0,1,0.25,0.35,0.35,0.00035,80,86,15,0.186667,openb-pod-6779
synthetic_02473,training,training,1,1,V100M16|V100M32,11.3,48.0,2,0.5,0.25,0.25,0.00025,63,68,15,0.32,openb-pod-4677
synthetic_02474,fine_tuning,fine_tuning,1,1,G3,3.152,5.46875,1,0.25,0.35,0.35,0.00035,44,52,15,0.051667,openb-pod-2231
synthetic_02475,preprocessing,preprocessing,1,1,,3.152,5.46875,2,0.5,0.25,0.25,0.00025,16,25,15,0.260833,openb-pod-4248
synthetic_02476,preprocessing,preprocessing,1,1,,3.152,5.46875,6,1.5,0.35,0.35,0.00035,34,46,15,1.352778,openb-pod-0653
synthetic_02477,fine_tuning,fine_tuning,1,1,T4,3.152,5.46875,1,0.25,0.07,0.07,7e-05,5,14,15,0.047222,openb-pod-1341
synthetic_02478,preprocessing,preprocessing,1,1,,3.152,5.46875,1,0.25,0.25,0.25,0.00025,79,92,15,0.055556,openb-pod-1553
synthetic_02479,preprocessing,preprocessing,1,1,,12.0,24.0,1,0.25,0.07,0.07,7e-05,32,44,15,0.006389,openb-pod-5076
synthetic_02480,fine_tuning,fine_tuning,1,1,P100,3.152,5.46875,1,0.25,0.25,0.25,0.00025,17,23,15,0.039722,openb-pod-6921
synthetic_02481,preprocessing,preprocessing,1,1,,3.152,5.46875,1,0.25,0.35,0.35,0.00035,2,15,15,0.033056,openb-pod-1853
synthetic_02482,training,training,1,1,V100M16|V100M32,11.3,48.0,1,0.25,0.25,0.25,0.00025,41,53,15,0.101667,openb-pod-7947
synthetic_02483,fine_tuning,fine_tuning,1,1,T4,4.0,22.3515625,1,0.25,0.07,0.07,7e-05,0,8,15,0.151667,openb-pod-5954
synthetic_02484,preprocessing,preprocessing,1,1,,3.152,5.46875,1,0.25,0.35,0.35,0.00035,85,95,15,0.1225,openb-pod-5120
synthetic_02485,fine_tuning,fine_tuning,1,1,T4,9.81,40.5859375,1,0.25,0.07,0.07,7e-05,56,63,15,0.113611,openb-pod-5732
synthetic_02486,preprocessing,preprocessing,1,1,P100|V100M16|V100M32,3.152,5.46875,1,0.25,0.25,0.25,0.00025,29,42,15,0.041667,openb-pod-0499
synthetic_02487,preprocessing,preprocessing,1,1,,4.0,22.3515625,5,1.25,0.35,0.35,0.00035,26,37,15,1.206667,openb-pod-5005
synthetic_02488,fine_tuning,fine_tuning,1,1,P100,4.0,22.3515625,1,0.25,0.25,0.25,0.00025,9,24,15,0.142778,openb-pod-6123
synthetic_02489,preprocessing,preprocessing,1,1,,12.0,15.0,11,2.75,0.07,0.07,7e-05,11,22,15,2.716667,openb-pod-1958
synthetic_02490,preprocessing,preprocessing,1,1,,3.152,5.46875,1,0.25,0.25,0.25,0.00025,61,74,15,0.055,openb-pod-0779
synthetic_02491,preprocessing,preprocessing,1,1,,4.152,10.3515625,1,0.25,0.25,0.25,0.00025,30,39,15,0.218333,openb-pod-2140
synthetic_02492,preprocessing,preprocessing,1,1,,11.4,47.0,5,1.25,0.25,0.25,0.00025,70,76,15,1.233056,openb-pod-0841
synthetic_02493,fine_tuning,fine_tuning,1,1,P100,4.152,10.3515625,1,0.25,0.25,0.25,0.00025,71,83,15,0.015278,openb-pod-2129
synthetic_02494,fine_tuning,fine_tuning,1,1,T4,4.0,22.3515625,1,0.25,0.07,0.07,7e-05,76,86,15,0.171389,openb-pod-4820
synthetic_02495,preprocessing,preprocessing,1,1,,16.4,123.0,1,0.25,0.25,0.25,0.00025,73,87,15,0.241111,openb-pod-6862
synthetic_02496,training,training,1,1,V100M16|V100M32,16.0,64.0,8,2.0,0.25,0.25,0.00025,72,85,15,1.8,openb-pod-0552
synthetic_02497,preprocessing,preprocessing,1,1,,15.2,79.0,1,0.25,0.25,0.25,0.00025,57,68,15,0.005833,openb-pod-3607
synthetic_02498,preprocessing,preprocessing,1,1,,24.2,91.0,1,0.25,0.25,0.25,0.00025,46,54,15,0.215278,openb-pod-5498
synthetic_02499,fine_tuning,fine_tuning,1,1,P100,3.152,5.46875,1,0.25,0.25,0.25,0.00025,24,35,15,0.055833,openb-pod-5427
synthetic_02500,preprocessing,preprocessing,1,1,,11.3,48.0,1,0.25,0.35,0.35,0.00035,1,11,15,0.198056,openb-pod-6283
synthetic_02501,fine_tuning,fine_tuning,1,1,G3,9.81,40.5859375,1,0.25,0.35,0.35,0.00035,12,28,15,0.025278,openb-pod-7394
synthetic_02502,preprocessing,preprocessing,1,1,,3.152,5.46875,1,0.25,0.25,0.25,0.00025,6,17,15,0.038611,openb-pod-2251
synthetic_02503,preprocessing,preprocessing,1,1,,15.7,57.0,5,1.25,0.35,0.35,0.00035,0,8,15,1.089444,openb-pod-2731
synthetic_02504,fine_tuning,fine_tuning,1,1,T4,3.152,5.46875,1,0.25,0.07,0.07,7e-05,50,56,15,0.040833,openb-pod-0459
synthetic_02505,preprocessing,preprocessing,1,1,,6.0,6.0,1,0.25,0.07,0.07,7e-05,82,88,15,0.1575,openb-pod-2630
synthetic_02506,preprocessing,preprocessing,1,1,,3.152,5.46875,2,0.5,0.25,0.25,0.00025,52,63,15,0.269444,openb-pod-7819
synthetic_02507,preprocessing,preprocessing,1,1,,3.152,5.46875,1,0.25,0.35,0.35,0.00035,61,71,15,0.036389,openb-pod-8015
synthetic_02508,preprocessing,preprocessing,1,1,A10|G2|T4|V100M16|V100M32,8.2,33.0,3,0.75,0.25,0.25,0.00025,79,87,15,0.699167,openb-pod-6988
synthetic_02509,preprocessing,preprocessing,1,1,,9.81,40.5859375,3,0.75,0.35,0.35,0.00035,77,85,15,0.605278,openb-pod-5856
synthetic_02510,preprocessing,preprocessing,1,1,,3.152,5.46875,10,2.5,0.35,0.35,0.00035,6,19,15,2.279167,openb-pod-6601
synthetic_02511,fine_tuning,fine_tuning,1,1,T4,8.0,16.0,1,0.25,0.07,0.07,7e-05,93,95,15,0.081111,openb-pod-6238
synthetic_02512,fine_tuning,fine_tuning,1,1,P100,4.0,22.3515625,1,0.25,0.25,0.25,0.00025,61,74,15,0.142778,openb-pod-6123
synthetic_02513,preprocessing,preprocessing,1,1,A10|G2|T4|V100M16|V100M32,11.3,48.0,2,0.5,0.07,0.07,7e-05,52,66,15,0.406111,openb-pod-6192
synthetic_02514,preprocessing,preprocessing,1,1,,11.3,48.0,1,0.25,0.35,0.35,0.00035,34,48,15,0.081389,openb-pod-6187
synthetic_02515,preprocessing,preprocessing,1,1,,8.0,29.8017578125,12,3.0,0.35,0.35,0.00035,55,64,15,2.757778,openb-pod-2876
synthetic_02516,preprocessing,preprocessing,1,1,,18.708,63.0,5,1.25,0.25,0.25,0.00025,69,78,15,1.065,openb-pod-1362
synthetic_02517,preprocessing,preprocessing,1,1,,4.152,10.3515625,1,0.25,0.35,0.35,0.00035,54,61,15,0.008611,openb-pod-2160
synthetic_02518,preprocessing,preprocessing,1,1,,3.152,5.46875,2,0.5,0.25,0.25,0.00025,49,64,15,0.256389,openb-pod-3556
synthetic_02519,preprocessing,preprocessing,1,1,,16.0,32.0,2,0.5,0.35,0.35,0.00035,45,57,15,0.490556,openb-pod-1079
synthetic_02520,training,training,1,1,A10|T4,3.152,5.46875,1,0.25,0.07,0.07,7e-05,63,70,15,0.045278,openb-pod-2286
synthetic_02521,preprocessing,preprocessing,1,1,,11.908,46.0,1,0.25,0.25,0.25,0.00025,1,6,15,0.015833,openb-pod-7081
synthetic_02522,preprocessing,preprocessing,1,1,,3.152,5.46875,1,0.25,0.25,0.25,0.00025,41,49,15,0.190556,openb-pod-7181
synthetic_02523,fine_tuning,fine_tuning,1,1,G2,15.2,79.0,6,1.5,0.35,0.35,0.00035,4,12,15,1.4,openb-pod-3625
synthetic_02524,fine_tuning,fine_tuning,1,1,T4,15.7,57.0,3,0.75,0.07,0.07,7e-05,33,39,15,0.5725,openb-pod-1408
synthetic_02525,preprocessing,preprocessing,1,1,P100|V100M16|V100M32,11.4,47.0,3,0.75,0.25,0.25,0.00025,7,17,15,0.735556,openb-pod-3680
synthetic_02526,fine_tuning,fine_tuning,1,1,G2,11.4,47.0,1,0.25,0.35,0.35,0.00035,64,77,15,0.024167,openb-pod-2895
synthetic_02527,preprocessing,preprocessing,2,2,T4|V100M16|V100M32,16.2,65.0,2,0.5,0.14,0.14,0.00014,27,40,15,0.264444,openb-pod-2957
synthetic_02528,preprocessing,preprocessing,1,1,,4.152,10.3515625,2,0.5,0.35,0.35,0.00035,5,11,15,0.330833,openb-pod-1172
synthetic_02529,preprocessing,preprocessing,1,1,,11.908,46.0,3,0.75,0.25,0.25,0.00025,22,38,15,0.574167,openb-pod-6242
synthetic_02530,fine_tuning,fine_tuning,1,1,G2,11.4,76.0,1,0.25,0.35,0.35,0.00035,63,74,15,0.03,openb-pod-7529
synthetic_02531,preprocessing,preprocessing,1,1,,18.708,63.0,3,0.75,0.25,0.25,0.00025,0,6,15,0.630556,openb-pod-2953
synthetic_02532,preprocessing,preprocessing,1,1,,3.152,5.46875,8,2.0,0.25,0.25,0.00025,59,71,15,1.801667,openb-pod-4602
synthetic_02533,preprocessing,preprocessing,1,1,,3.152,5.46875,1,0.25,0.25,0.25,0.00025,85,95,15,0.006944,openb-pod-4732
synthetic_02534,preprocessing,preprocessing,1,1,,11.9,76.0,4,1.0,0.25,0.25,0.00025,18,26,15,0.896389,openb-pod-2715
synthetic_02535,preprocessing,preprocessing,1,1,,11.3,48.0,2,0.5,0.35,0.35,0.00035,33,49,15,0.368611,openb-pod-4908
synthetic_02536,preprocessing,preprocessing,1,1,,12.0,24.0,1,0.25,0.35,0.35,0.00035,39,46,15,0.011667,openb-pod-6393
synthetic_02537,fine_tuning,fine_tuning,1,1,T4,11.908,46.0,2,0.5,0.07,0.07,7e-05,0,9,15,0.413611,openb-pod-5560
synthetic_02538,preprocessing,preprocessing,1,1,,11.3,48.0,1,0.25,0.25,0.25,0.00025,32,42,15,0.016389,openb-pod-7210
synthetic_02539,preprocessing,preprocessing,1,1,,8.0,29.8017578125,1,0.25,0.25,0.25,0.00025,36,44,15,0.081667,openb-pod-2971
synthetic_02540,preprocessing,preprocessing,1,1,,18.708,63.0,1,0.25,0.25,0.25,0.00025,33,39,15,0.056111,openb-pod-6986
synthetic_02541,fine_tuning,fine_tuning,1,1,T4,8.0,29.8017578125,1,0.25,0.07,0.07,7e-05,70,76,15,0.046667,openb-pod-5986
synthetic_02542,fine_tuning,fine_tuning,1,1,T4,3.152,5.46875,1,0.25,0.07,0.07,7e-05,21,32,15,0.031389,openb-pod-0492
synthetic_02543,preprocessing,preprocessing,1,1,,12.0,16.0,6,1.5,0.25,0.25,0.00025,78,90,15,1.261389,openb-pod-2692
synthetic_02544,preprocessing,preprocessing,1,1,,11.908,46.0,1,0.25,0.07,0.07,7e-05,29,40,15,0.014167,openb-pod-1661
synthetic_02545,preprocessing,preprocessing,1,1,,11.908,46.0,1,0.25,0.25,0.25,0.00025,10,22,15,0.028056,openb-pod-3544
synthetic_02546,fine_tuning,fine_tuning,1,1,T4,11.3,48.0,1,0.25,0.07,0.07,7e-05,43,57,15,0.021389,openb-pod-7576
synthetic_02547,preprocessing,preprocessing,1,1,,3.152,5.46875,1,0.25,0.25,0.25,0.00025,56,67,15,0.091667,openb-pod-6824
synthetic_02548,preprocessing,preprocessing,1,1,,12.0,16.0,1,0.25,0.25,0.25,0.00025,0,7,15,0.233056,openb-pod-5582
synthetic_02549,preprocessing,preprocessing,1,1,,12.0,24.0,1,0.25,0.35,0.35,0.00035,16,22,15,0.149167,openb-pod-2365
synthetic_02550,fine_tuning,fine_tuning,1,1,G2,2.0,16.0,8,2.0,0.35,0.35,0.00035,29,41,15,1.765833,openb-pod-5895
synthetic_02551,fine_tuning,fine_tuning,1,1,P100,4.0,22.3515625,6,1.5,0.25,0.25,0.00025,0,6,15,1.431944,openb-pod-5003
synthetic_02552,preprocessing,preprocessing,1,1,,24.2,91.0,7,1.75,0.25,0.25,0.00025,30,43,15,1.691667,openb-pod-1099
synthetic_02553,preprocessing,preprocessing,1,1,,24.2,91.0,1,0.25,0.35,0.35,0.00035,0,12,15,0.032222,openb-pod-0983
synthetic_02554,preprocessing,preprocessing,1,1,,11.4,47.0,1,0.25,0.07,0.07,7e-05,25,35,15,0.025556,openb-pod-3040
synthetic_02555,fine_tuning,fine_tuning,1,1,P100,8.0,29.8017578125,1,0.25,0.25,0.25,0.00025,85,95,15,0.0225,openb-pod-0367
synthetic_02556,preprocessing,preprocessing,1,1,,3.152,5.46875,1,0.25,0.25,0.25,0.00025,16,22,15,0.053889,openb-pod-1804
synthetic_02557,preprocessing,preprocessing,1,1,,3.152,5.46875,1,0.25,0.25,0.25,0.00025,68,77,15,0.0675,openb-pod-1847
synthetic_02558,preprocessing,preprocessing,1,1,,3.152,5.46875,1,0.25,0.25,0.25,0.00025,6,17,15,0.068889,openb-pod-3312
synthetic_02559,fine_tuning,fine_tuning,1,1,T4,11.4,47.0,1,0.25,0.07,0.07,7e-05,17,30,15,0.061111,openb-pod-2457
synthetic_02560,preprocessing,preprocessing,1,1,A10|G2|T4|V100M16|V100M32,11.4,76.0,3,0.75,0.07,0.07,7e-05,72,88,15,0.537222,openb-pod-7816
synthetic_02561,fine_tuning,fine_tuning,1,1,T4,3.152,5.46875,1,0.25,0.07,0.07,7e-05,69,80,15,0.039167,openb-pod-1585
synthetic_02562,preprocessing,preprocessing,1,1,,4.152,10.3515625,1,0.25,0.25,0.25,0.00025,21,33,15,0.218333,openb-pod-2037
synthetic_02563,preprocessing,preprocessing,1,1,,9.81,40.5859375,1,0.25,0.35,0.35,0.00035,67,74,15,0.023611,openb-pod-7389
synthetic_02564,fine_tuning,fine_tuning,1,1,P100,11.908,46.0,1,0.25,0.25,0.25,0.00025,76,86,15,0.012222,openb-pod-5063
synthetic_02565,preprocessing,preprocessing,2,2,T4|V100M16|V100M32,16.2,65.0,2,0.5,0.14,0.14,0.00014,78,87,15,0.264444,openb-pod-2957
synthetic_02566,preprocessing,preprocessing,1,1,,3.152,5.46875,1,0.25,0.25,0.25,0.00025,29,37,15,0.057778,openb-pod-0614
synthetic_02567,preprocessing,preprocessing,1,1,,3.152,5.46875,1,0.25,0.25,0.25,0.00025,64,78,15,0.055833,openb-pod-3159
synthetic_02568,preprocessing,preprocessing,1,1,,3.152,5.46875,1,0.25,0.35,0.35,0.00035,49,61,15,0.123056,openb-pod-4805
synthetic_02569,preprocessing,preprocessing,1,1,P100|V100M16|V100M32,11.3,48.0,1,0.25,0.25,0.25,0.00025,70,81,15,0.0175,openb-pod-7795
synthetic_02570,fine_tuning,fine_tuning,1,1,G2,11.4,47.0,11,2.75,0.35,0.35,0.00035,15,25,15,2.511944,openb-pod-3721
synthetic_02571,fine_tuning,fine_tuning,1,1,T4,11.3,48.0,1,0.25,0.07,0.07,7e-05,69,79,15,0.067222,openb-pod-7909
synthetic_02572,preprocessing,preprocessing,1,1,,11.3,48.0,1,0.25,0.35,0.35,0.00035,3,8,15,0.0675,openb-pod-7890
synthetic_02573,preprocessing,preprocessing,1,1,,3.152,5.46875,3,0.75,0.35,0.35,0.00035,51,57,15,0.632222,openb-pod-6907
synthetic_02574,preprocessing,preprocessing,1,1,,3.152,5.46875,1,0.25,0.35,0.35,0.00035,1,10,15,0.078611,openb-pod-0171
synthetic_02575,preprocessing,preprocessing,1,1,,11.3,48.0,1,0.25,0.25,0.25,0.00025,77,82,15,0.015833,openb-pod-5572
synthetic_02576,preprocessing,preprocessing,1,1,,14.2,57.0,2,0.5,0.25,0.25,0.00025,46,56,15,0.337778,openb-pod-5294
synthetic_02577,preprocessing,preprocessing,1,1,G2|P100|T4|V100M16|V100M32,16.4,123.0,6,1.5,0.25,0.25,0.00025,2,18,15,1.280278,openb-pod-8081
synthetic_02578,preprocessing,preprocessing,1,1,,11.908,46.0,3,0.75,0.35,0.35,0.00035,82,93,15,0.598056,openb-pod-1860
synthetic_02579,preprocessing,preprocessing,1,1,,11.908,46.0,2,0.5,0.35,0.35,0.00035,0,12,15,0.275833,openb-pod-5050
synthetic_02580,preprocessing,preprocessing,1,1,,3.152,5.46875,1,0.25,0.25,0.25,0.00025,20,30,15,0.097222,openb-pod-3275
synthetic_02581,fine_tuning,fine_tuning,1,1,P100,8.0,29.8017578125,1,0.25,0.25,0.25,0.00025,32,36,15,0.090833,openb-pod-7371
synthetic_02582,fine_tuning,fine_tuning,1,1,P100,3.152,5.46875,1,0.25,0.25,0.25,0.00025,46,52,15,0.091389,openb-pod-7298
synthetic_02583,preprocessing,preprocessing,1,1,,4.0,29.8017578125,14,3.5,0.25,0.25,0.00025,67,76,15,3.485833,openb-pod-5975
synthetic_02584,fine_tuning,fine_tuning,1,1,T4,8.0,32.0,2,0.5,0.07,0.07,7e-05,34,41,15,0.289444,openb-pod-0561
synthetic_02585,preprocessing,preprocessing,1,1,,11.4,47.0,1,0.25,0.35,0.35,0.00035,68,74,15,0.240556,openb-pod-3548
synthetic_02586,preprocessing,preprocessing,1,1,,11.908,46.0,1,0.25,0.35,0.35,0.00035,24,31,15,0.234722,openb-pod-4313
synthetic_02587,fine_tuning,fine_tuning,1,1,P100,11.908,46.0,5,1.25,0.25,0.25,0.00025,22,31,15,1.093611,openb-pod-5766
synthetic_02588,preprocessing,preprocessing,1,1,,3.152,5.46875,1,0.25,0.15,0.15,0.00015,34,42,15,0.0525,openb-pod-3160
synthetic_02589,fine_tuning,fine_tuning,1,1,G2,11.3,48.0,1,0.25,0.35,0.35,0.00035,49,64,15,0.029444,openb-pod-7968
synthetic_02590,preprocessing,preprocessing,1,1,,16.0,64.0,3,0.75,0.25,0.25,0.00025,0,8,15,0.506944,openb-pod-5601
synthetic_02591,preprocessing,preprocessing,1,1,,8.0,29.8017578125,3,0.75,0.07,0.07,7e-05,11,20,15,0.688611,openb-pod-0628
synthetic_02592,preprocessing,preprocessing,1,1,,4.152,10.3515625,1,0.25,0.25,0.25,0.00025,21,32,15,0.0075,openb-pod-0085
synthetic_02593,training,training,1,1,V100M16|V100M32,12.0,15.0,3,0.75,0.25,0.25,0.00025,77,89,15,0.535278,openb-pod-4969
synthetic_02594,preprocessing,preprocessing,1,1,,4.0,14.900390625,5,1.25,0.25,0.25,0.00025,61,66,15,1.128889,openb-pod-2296
synthetic_02595,fine_tuning,fine_tuning,1,1,T4,3.152,5.46875,2,0.5,0.07,0.07,7e-05,43,49,15,0.321667,openb-pod-6892
synthetic_02596,preprocessing,preprocessing,1,1,,11.908,46.0,1,0.25,0.35,0.35,0.00035,59,72,15,0.020278,openb-pod-6935
synthetic_02597,preprocessing,preprocessing,1,1,,3.152,5.46875,1,0.25,0.25,0.25,0.00025,38,45,15,0.092778,openb-pod-0177
synthetic_02598,fine_tuning,fine_tuning,1,1,T4,12.0,16.0,1,0.25,0.07,0.07,7e-05,39,50,15,0.140556,openb-pod-3825
synthetic_02599,preprocessing,preprocessing,1,1,,3.152,5.46875,1,0.25,0.25,0.25,0.00025,63,70,15,0.0425,openb-pod-0970
synthetic_02600,fine_tuning,fine_tuning,1,1,G2,11.4,47.0,2,0.5,0.35,0.35,0.00035,36,46,15,0.487778,openb-pod-2933
synthetic_02601,training,training,1,1,V100M16|V100M32,18.708,63.0,1,0.25,0.25,0.25,0.00025,83,95,15,0.1325,openb-pod-6774
synthetic_02602,preprocessing,preprocessing,1,1,,4.0,24.0,2,0.5,0.25,0.25,0.00025,70,84,15,0.313611,openb-pod-6652
synthetic_02603,fine_tuning,fine_tuning,1,1,G2,14.9,72.0,11,2.75,0.35,0.35,0.00035,68,78,15,2.635556,openb-pod-4121
synthetic_02604,preprocessing,preprocessing,1,1,,4.0,29.8017578125,5,1.25,0.25,0.25,0.00025,83,91,15,1.075833,openb-pod-2598
synthetic_02605,preprocessing,preprocessing,1,1,,12.0,24.0,5,1.25,0.25,0.25,0.00025,76,89,15,1.0825,openb-pod-3044
synthetic_02606,preprocessing,preprocessing,1,1,,9.81,40.5859375,3,0.75,0.07,0.07,7e-05,69,82,15,0.656667,openb-pod-5852
synthetic_02607,fine_tuning,fine_tuning,1,1,T4,11.3,48.0,1,0.25,0.07,0.07,7e-05,83,93,15,0.158889,openb-pod-7803
synthetic_02608,preprocessing,preprocessing,1,1,,11.4,47.0,1,0.25,0.25,0.25,0.00025,24,38,15,0.026389,openb-pod-3423
synthetic_02609,preprocessing,preprocessing,1,1,,11.4,47.0,4,1.0,0.25,0.25,0.00025,6,11,15,0.842222,openb-pod-3697
synthetic_02610,preprocessing,preprocessing,1,1,,15.7,57.0,3,0.75,0.35,0.35,0.00035,15,26,15,0.585,openb-pod-2834
synthetic_02611,fine_tuning,fine_tuning,1,1,T4,3.152,5.46875,1,0.25,0.07,0.07,7e-05,78,88,15,0.032778,openb-pod-1254
synthetic_02612,fine_tuning,fine_tuning,1,1,G2,11.3,48.0,1,0.25,0.35,0.35,0.00035,17,26,15,0.020556,openb-pod-7825
synthetic_02613,fine_tuning,fine_tuning,1,1,T4,8.0,16.0,8,2.0,0.07,0.07,7e-05,0,4,15,1.928611,openb-pod-0559
synthetic_02614,preprocessing,preprocessing,1,1,,3.152,5.46875,1,0.25,0.25,0.25,0.00025,86,95,15,0.004444,openb-pod-7075
synthetic_02615,preprocessing,preprocessing,1,1,,3.152,5.46875,1,0.25,0.25,0.25,0.00025,59,68,15,0.050278,openb-pod-0273
synthetic_02616,preprocessing,preprocessing,1,1,,3.152,5.46875,1,0.25,0.25,0.25,0.00025,42,54,15,0.018333,openb-pod-1596
synthetic_02617,preprocessing,preprocessing,1,1,,3.152,5.46875,1,0.25,0.07,0.07,7e-05,51,59,15,0.044444,openb-pod-6929
synthetic_02618,preprocessing,preprocessing,1,1,,11.3,48.0,1,0.25,0.35,0.35,0.00035,42,53,15,0.082222,openb-pod-4712
synthetic_02619,preprocessing,preprocessing,1,1,,3.152,5.46875,1,0.25,0.25,0.25,0.00025,52,62,15,0.048056,openb-pod-0225
synthetic_02620,preprocessing,preprocessing,1,1,,3.152,5.46875,1,0.25,0.35,0.35,0.00035,0,14,15,0.0375,openb-pod-1354
synthetic_02621,fine_tuning,fine_tuning,1,1,T4,11.908,46.0,1,0.25,0.07,0.07,7e-05,87,95,15,0.074167,openb-pod-8047
synthetic_02622,preprocessing,preprocessing,1,1,,3.152,5.46875,2,0.5,0.35,0.35,0.00035,49,61,15,0.327222,openb-pod-3424
synthetic_02623,preprocessing,preprocessing,1,1,,4.0,24.0,1,0.25,0.25,0.25,0.00025,19,27,15,0.171389,openb-pod-4127
synthetic_02624,preprocessing,preprocessing,1,1,,4.0,29.8017578125,4,1.0,0.25,0.25,0.00025,24,31,15,0.824444,openb-pod-3666
synthetic_02625,fine_tuning,fine_tuning,1,1,T4,11.908,46.0,1,0.25,0.07,0.07,7e-05,16,23,15,0.169444,openb-pod-1209
synthetic_02626,preprocessing,preprocessing,1,1,,9.81,40.5859375,1,0.25,0.25,0.25,0.00025,27,37,15,0.056111,openb-pod-6206
synthetic_02627,preprocessing,preprocessing,1,1,,3.152,5.46875,1,0.25,0.25,0.25,0.00025,45,54,15,0.059167,openb-pod-1399
synthetic_02628,preprocessing,preprocessing,1,1,,4.0,22.3515625,1,0.25,0.25,0.25,0.00025,35,48,15,0.045,openb-pod-1527
synthetic_02629,fine_tuning,fine_tuning,1,1,T4,11.4,47.0,1,0.25,0.07,0.07,7e-05,0,7,15,0.236667,openb-pod-3564
synthetic_02630,preprocessing,preprocessing,1,1,G2|P100|T4|V100M16|V100M32,11.4,47.0,2,0.5,0.25,0.25,0.00025,9,21,15,0.348056,openb-pod-1624
synthetic_02631,preprocessing,preprocessing,1,1,,3.152,5.46875,1,0.25,0.25,0.25,0.00025,70,78,15,0.054167,openb-pod-3404
synthetic_02632,preprocessing,preprocessing,1,1,,8.2,33.0,3,0.75,0.25,0.25,0.00025,1,7,15,0.532778,openb-pod-6432
synthetic_02633,fine_tuning,fine_tuning,1,1,T4,6.0,18.0,3,0.75,0.07,0.07,7e-05,39,54,15,0.515278,openb-pod-0835
synthetic_02634,preprocessing,preprocessing,1,1,,3.152,5.46875,1,0.25,0.35,0.35,0.00035,46,56,15,0.058056,openb-pod-0280
synthetic_02635,preprocessing,preprocessing,1,1,,9.81,40.5859375,3,0.75,0.25,0.25,0.00025,41,47,15,0.586389,openb-pod-1971
synthetic_02636,preprocessing,preprocessing,1,1,,4.0,14.900390625,11,2.75,0.07,0.07,7e-05,70,83,15,2.573333,openb-pod-3617
synthetic_02637,preprocessing,preprocessing,1,1,,11.3,48.0,1,0.25,0.35,0.35,0.00035,16,20,15,0.020556,openb-pod-7809
synthetic_02638,preprocessing,preprocessing,1,1,,8.0,16.0,4,1.0,0.25,0.25,0.00025,30,36,15,0.766944,openb-pod-3024
synthetic_02639,fine_tuning,fine_tuning,1,1,G2,3.152,5.46875,1,0.25,0.35,0.35,0.00035,34,44,15,0.055556,openb-pod-0904
synthetic_02640,fine_tuning,fine_tuning,1,1,T4,9.81,40.5859375,1,0.25,0.07,0.07,7e-05,72,80,15,0.139167,openb-pod-6456
synthetic_02641,preprocessing,preprocessing,1,1,,3.152,5.46875,1,0.25,0.35,0.35,0.00035,11,23,15,0.045833,openb-pod-1905
synthetic_02642,preprocessing,preprocessing,1,1,,11.908,46.0,7,1.75,0.25,0.25,0.00025,52,61,15,1.5175,openb-pod-0483
synthetic_02643,preprocessing,preprocessing,1,1,,24.2,91.0,1,0.25,0.25,0.25,0.00025,84,91,15,0.015,openb-pod-0523
synthetic_02644,fine_tuning,fine_tuning,1,1,T4,18.708,63.0,1,0.25,0.07,0.07,7e-05,13,28,15,0.020833,openb-pod-7018
synthetic_02645,preprocessing,preprocessing,1,1,,11.4,47.0,8,2.0,0.35,0.35,0.00035,39,53,15,1.756944,openb-pod-0732
synthetic_02646,preprocessing,preprocessing,1,1,,3.152,5.46875,1,0.25,0.25,0.25,0.00025,22,35,15,0.078333,openb-pod-3140
synthetic_02647,fine_tuning,fine_tuning,1,1,T4,4.0,22.3515625,4,1.0,0.07,0.07,7e-05,44,54,15,0.894722,openb-pod-5025
synthetic_02648,preprocessing,preprocessing,1,1,,11.3,48.0,1,0.25,0.07,0.07,7e-05,70,81,15,0.017222,openb-pod-7681
synthetic_02649,preprocessing,preprocessing,1,1,,4.152,10.3515625,8,2.0,0.25,0.25,0.00025,64,76,15,1.808333,openb-pod-1144
synthetic_02650,preprocessing,preprocessing,1,1,,3.152,5.46875,1,0.25,0.07,0.07,7e-05,28,36,15,0.035556,openb-pod-1365
synthetic_02651,fine_tuning,fine_tuning,1,1,T4,3.152,5.46875,1,0.25,0.07,0.07,7e-05,21,30,15,0.0825,openb-pod-0818
synthetic_02652,preprocessing,preprocessing,1,1,,11.4,47.0,8,2.0,0.25,0.25,0.00025,46,56,15,1.823611,openb-pod-2115
synthetic_02653,preprocessing,preprocessing,1,1,,11.9,76.0,3,0.75,0.35,0.35,0.00035,76,88,15,0.675833,openb-pod-2448
synthetic_02654,preprocessing,preprocessing,1,1,,11.3,48.0,1,0.25,0.35,0.35,0.00035,53,66,15,0.067778,openb-pod-7762
synthetic_02655,preprocessing,preprocessing,1,1,,3.152,5.46875,1,0.25,0.25,0.25,0.00025,63,71,15,0.036667,openb-pod-7421
synthetic_02656,fine_tuning,fine_tuning,1,1,T4,9.81,40.5859375,1,0.25,0.07,0.07,7e-05,25,32,15,0.156944,openb-pod-0496
synthetic_02657,preprocessing,preprocessing,1,1,,11.3,48.0,1,0.25,0.35,0.35,0.00035,21,29,15,0.068056,openb-pod-7704
synthetic_02658,preprocessing,preprocessing,1,1,,18.708,63.0,1,0.25,0.35,0.35,0.00035,65,72,15,0.028056,openb-pod-7422
synthetic_02659,preprocessing,preprocessing,1,1,,2.0,16.0,12,3.0,0.07,0.07,7e-05,71,82,15,2.887778,openb-pod-5333
synthetic_02660,preprocessing,preprocessing,1,1,,3.152,5.46875,1,0.25,0.15,0.15,0.00015,2,15,15,0.003889,openb-pod-7660
synthetic_02661,fine_tuning,fine_tuning,1,1,T4,24.2,91.0,1,0.25,0.07,0.07,7e-05,28,36,15,0.223333,openb-pod-5776
synthetic_02662,preprocessing,preprocessing,1,1,,11.908,46.0,5,1.25,0.07,0.07,7e-05,7,12,15,1.0675,openb-pod-6666
synthetic_02663,preprocessing,preprocessing,1,1,,3.152,5.46875,1,0.25,0.07,0.07,7e-05,62,69,15,0.037222,openb-pod-0731
synthetic_02664,preprocessing,preprocessing,1,1,,3.152,5.46875,1,0.25,0.25,0.25,0.00025,0,7,15,0.041111,openb-pod-0612
synthetic_02665,preprocessing,preprocessing,1,1,,4.0,22.3515625,11,2.75,0.25,0.25,0.00025,10,20,15,2.673611,openb-pod-2718
synthetic_02666,fine_tuning,fine_tuning,1,1,P100,8.0,29.8017578125,1,0.25,0.25,0.25,0.00025,43,48,15,0.028889,openb-pod-4223
synthetic_02667,preprocessing,preprocessing,1,1,,11.3,48.0,1,0.25,0.07,0.07,7e-05,42,52,15,0.076944,openb-pod-6512
synthetic_02668,preprocessing,preprocessing,1,1,,3.152,5.46875,1,0.25,0.25,0.25,0.00025,49,57,15,0.129167,openb-pod-6937
synthetic_02669,preprocessing,preprocessing,1,1,,11.3,48.0,1,0.25,0.25,0.25,0.00025,88,95,15,0.086944,openb-pod-7822
synthetic_02670,preprocessing,preprocessing,1,1,,3.152,5.46875,1,0.25,0.35,0.35,0.00035,50,59,15,0.045278,openb-pod-2180
synthetic_02671,preprocessing,preprocessing,1,1,,3.152,5.46875,1,0.25,0.07,0.07,7e-05,82,90,15,0.049167,openb-pod-1218
synthetic_02672,preprocessing,preprocessing,1,1,,11.4,47.0,1,0.25,0.25,0.25,0.00025,34,47,15,0.013333,openb-pod-2687
synthetic_02673,preprocessing,preprocessing,1,1,,11.3,48.0,1,0.25,0.25,0.25,0.00025,18,29,15,0.015833,openb-pod-6880
synthetic_02674,preprocessing,preprocessing,1,1,,3.152,5.46875,1,0.25,0.07,0.07,7e-05,0,10,15,0.055,openb-pod-0780
synthetic_02675,preprocessing,preprocessing,1,1,P100|V100M16|V100M32,3.152,5.46875,1,0.25,0.25,0.25,0.00025,75,83,15,0.060278,openb-pod-1942
synthetic_02676,preprocessing,preprocessing,1,1,,11.4,47.0,5,1.25,0.25,0.25,0.00025,53,61,15,1.121111,openb-pod-2819
synthetic_02677,preprocessing,preprocessing,1,1,,11.3,48.0,2,0.5,0.25,0.25,0.00025,35,44,15,0.320833,openb-pod-4942
synthetic_02678,preprocessing,preprocessing,1,1,,3.152,5.46875,1,0.25,0.25,0.25,0.00025,3,17,15,0.037778,openb-pod-1733
synthetic_02679,preprocessing,preprocessing,1,1,,4.152,10.3515625,1,0.25,0.25,0.25,0.00025,0,5,15,0.032222,openb-pod-0259
synthetic_02680,fine_tuning,fine_tuning,1,1,T4,11.3,48.0,1,0.25,0.07,0.07,7e-05,54,64,15,0.069722,openb-pod-7705
synthetic_02681,preprocessing,preprocessing,1,1,,9.81,40.5859375,1,0.25,0.25,0.25,0.00025,47,58,15,0.011389,openb-pod-7411
synthetic_02682,preprocessing,preprocessing,1,1,,4.0,22.3515625,1,0.25,0.25,0.25,0.00025,69,81,15,0.073056,openb-pod-7949
synthetic_02683,preprocessing,preprocessing,1,1,,11.4,47.0,2,0.5,0.35,0.35,0.00035,25,37,15,0.335278,openb-pod-3551
synthetic_02684,preprocessing,preprocessing,1,1,,16.4,123.0,1,0.25,0.25,0.25,0.00025,87,95,15,0.086944,openb-pod-6837
synthetic_02685,fine_tuning,fine_tuning,1,1,T4,11.4,47.0,1,0.25,0.07,0.07,7e-05,2,12,15,0.245278,openb-pod-3946
synthetic_02686,preprocessing,preprocessing,1,1,,3.152,5.46875,1,0.25,0.35,0.35,0.00035,66,75,15,0.067778,openb-pod-0565
synthetic_02687,preprocessing,preprocessing,1,1,,11.4,47.0,2,0.5,0.25,0.25,0.00025,81,90,15,0.344167,openb-pod-2472
synthetic_02688,preprocessing,preprocessing,1,1,,9.81,40.5859375,1,0.25,0.25,0.25,0.00025,70,83,15,0.136389,openb-pod-0595
synthetic_02689,preprocessing,preprocessing,1,1,,3.152,5.46875,1,0.25,0.35,0.35,0.00035,40,52,15,0.043056,openb-pod-6051
synthetic_02690,fine_tuning,fine_tuning,1,1,G2,4.0,24.0,1,0.25,0.35,0.35,0.00035,28,38,15,0.217222,openb-pod-6676
synthetic_02691,preprocessing,preprocessing,1,1,,11.4,47.0,2,0.5,0.25,0.25,0.00025,50,59,15,0.435278,openb-pod-4466
synthetic_02692,preprocessing,preprocessing,1,1,,11.9,76.0,3,0.75,0.25,0.25,0.00025,16,28,15,0.585833,openb-pod-3025
synthetic_02693,preprocessing,preprocessing,1,1,,11.3,48.0,1,0.25,0.25,0.25,0.00025,64,74,15,0.069722,openb-pod-7738
synthetic_02694,preprocessing,preprocessing,1,1,,11.4,47.0,2,0.5,0.25,0.25,0.00025,28,38,15,0.305,openb-pod-3626
synthetic_02695,preprocessing,preprocessing,1,1,,11.4,47.0,1,0.25,0.07,0.07,7e-05,79,93,15,0.105833,openb-pod-3798
synthetic_02696,preprocessing,preprocessing,1,1,,15.7,57.0,3,0.75,0.25,0.25,0.00025,4,12,15,0.546944,openb-pod-2911
synthetic_02697,preprocessing,preprocessing,1,1,,11.4,47.0,2,0.5,0.25,0.25,0.00025,12,24,15,0.486667,openb-pod-4219
synthetic_02698,preprocessing,preprocessing,1,1,,8.0,16.0,2,0.5,0.07,0.07,7e-05,2,13,15,0.435833,openb-pod-4236
synthetic_02699,fine_tuning,fine_tuning,1,1,G2,18.708,63.0,3,0.75,0.35,0.35,0.00035,81,90,15,0.572222,openb-pod-3523
synthetic_02700,fine_tuning,fine_tuning,1,1,G2,11.4,47.0,2,0.5,0.35,0.35,0.00035,31,38,15,0.36,openb-pod-3561
synthetic_02701,fine_tuning,fine_tuning,1,1,T4,4.0,22.3515625,1,0.25,0.07,0.07,7e-05,27,42,15,0.099167,openb-pod-3277
synthetic_02702,fine_tuning,fine_tuning,1,1,G2,11.3,48.0,1,0.25,0.35,0.35,0.00035,31,46,15,0.145278,openb-pod-5375
synthetic_02703,preprocessing,preprocessing,1,1,,18.708,63.0,1,0.25,0.35,0.35,0.00035,60,65,15,0.040833,openb-pod-6548
synthetic_02704,preprocessing,preprocessing,1,1,,11.908,46.0,1,0.25,0.35,0.35,0.00035,85,95,15,0.137778,openb-pod-7276
synthetic_02705,preprocessing,preprocessing,1,1,,8.0,29.8017578125,1,0.25,0.35,0.35,0.00035,53,65,15,0.008611,openb-pod-4306
synthetic_02706,preprocessing,preprocessing,1,1,,4.0,22.3515625,1,0.25,0.15,0.15,0.00015,62,72,15,0.203889,openb-pod-6102
synthetic_02707,preprocessing,preprocessing,1,1,,8.0,15.625,3,0.75,0.25,0.25,0.00025,41,53,15,0.566389,openb-pod-2493
synthetic_02708,fine_tuning,fine_tuning,1,1,T4,16.0,32.0,14,3.5,0.07,0.07,7e-05,15,29,15,3.497222,openb-pod-2146
synthetic_02709,preprocessing,preprocessing,4,4,,32.2,129.0,1,0.25,1.4,1.4,0.0014,7,18,15,0.150556,openb-pod-2863
synthetic_02710,preprocessing,preprocessing,1,1,,3.152,5.46875,1,0.25,0.25,0.25,0.00025,39,52,15,0.041944,openb-pod-0091
synthetic_02711,preprocessing,preprocessing,1,1,,11.3,48.0,1,0.25,0.35,0.35,0.00035,32,41,15,0.014167,openb-pod-7766
synthetic_02712,training,training,1,1,P100|V100M16,11.3,48.0,2,0.5,0.25,0.25,0.00025,6,11,15,0.293611,openb-pod-6194
synthetic_02713,fine_tuning,fine_tuning,1,1,T4,3.152,5.46875,1,0.25,0.07,0.07,7e-05,57,71,15,0.009167,openb-pod-3972
synthetic_02714,preprocessing,preprocessing,1,1,,3.152,5.46875,1,0.25,0.35,0.35,0.00035,52,64,15,0.069167,openb-pod-5665
synthetic_02715,fine_tuning,fine_tuning,1,1,T4,9.81,40.5859375,1,0.25,0.07,0.07,7e-05,48,54,15,0.056944,openb-pod-5590
synthetic_02716,preprocessing,preprocessing,1,1,,16.0,64.0,8,2.0,0.25,0.25,0.00025,74,86,15,1.903333,openb-pod-2709
synthetic_02717,fine_tuning,fine_tuning,1,1,G3,11.3,48.0,1,0.25,0.35,0.35,0.00035,11,21,15,0.090833,openb-pod-4640
synthetic_02718,preprocessing,preprocessing,1,1,,14.2,57.0,11,2.75,0.25,0.25,0.00025,10,19,15,2.568889,openb-pod-6075
synthetic_02719,preprocessing,preprocessing,1,1,,3.152,5.46875,1,0.25,0.25,0.25,0.00025,23,30,15,0.044167,openb-pod-0891
synthetic_02720,preprocessing,preprocessing,1,1,,11.3,48.0,2,0.5,0.25,0.25,0.00025,0,7,15,0.296389,openb-pod-6281
synthetic_02721,preprocessing,preprocessing,1,1,,11.4,47.0,1,0.25,0.25,0.25,0.00025,79,90,15,0.049722,openb-pod-2410
synthetic_02722,preprocessing,preprocessing,1,1,,3.152,5.46875,4,1.0,0.07,0.07,7e-05,44,55,15,0.764444,openb-pod-6172
synthetic_02723,preprocessing,preprocessing,1,1,,11.908,46.0,2,0.5,0.25,0.25,0.00025,71,86,15,0.269722,openb-pod-5284
synthetic_02724,preprocessing,preprocessing,1,1,,4.0,24.0,5,1.25,0.25,0.25,0.00025,16,25,15,1.1625,openb-pod-6665
synthetic_02725,preprocessing,preprocessing,1,1,,3.152,5.46875,1,0.25,0.35,0.35,0.00035,48,56,15,0.025,openb-pod-0760
synthetic_02726,preprocessing,preprocessing,1,1,,16.0,32.0,5,1.25,0.07,0.07,7e-05,35,48,15,1.006389,openb-pod-0232
synthetic_02727,preprocessing,preprocessing,1,1,,11.3,48.0,1,0.25,0.25,0.25,0.00025,71,85,15,0.011111,openb-pod-6420
synthetic_02728,fine_tuning,fine_tuning,1,1,T4,8.0,29.8017578125,1,0.25,0.07,0.07,7e-05,3,14,15,0.195833,openb-pod-0706
synthetic_02729,preprocessing,preprocessing,1,1,,3.152,5.46875,1,0.25,0.25,0.25,0.00025,43,59,15,0.133889,openb-pod-4810
synthetic_02730,preprocessing,preprocessing,1,1,,3.152,5.46875,1,0.25,0.35,0.35,0.00035,41,47,15,0.072778,openb-pod-3205
synthetic_02731,preprocessing,preprocessing,1,1,,11.4,47.0,1,0.25,0.07,0.07,7e-05,26,35,15,0.105833,openb-pod-3422
synthetic_02732,fine_tuning,fine_tuning,1,1,T4,3.152,5.46875,1,0.25,0.07,0.07,7e-05,58,65,15,0.146389,openb-pod-3433
synthetic_02733,preprocessing,preprocessing,1,1,,14.2,57.0,3,0.75,0.35,0.35,0.00035,66,74,15,0.635278,openb-pod-4853
synthetic_02734,preprocessing,preprocessing,1,1,,11.4,47.0,1,0.25,0.25,0.25,0.00025,68,75,15,0.1025,openb-pod-2777
synthetic_02735,preprocessing,preprocessing,1,1,,3.152,5.46875,1,0.25,0.25,0.25,0.00025,16,32,15,0.0775,openb-pod-0172
synthetic_02736,preprocessing,preprocessing,1,1,,11.3,48.0,2,0.5,0.35,0.35,0.00035,74,80,15,0.405278,openb-pod-6903
synthetic_02737,preprocessing,preprocessing,1,1,,3.152,5.46875,1,0.25,0.25,0.25,0.00025,10,21,15,0.042778,openb-pod-0681
synthetic_02738,preprocessing,preprocessing,1,1,,16.0,32.0,2,0.5,0.25,0.25,0.00025,82,90,15,0.347222,openb-pod-2086
synthetic_02739,preprocessing,preprocessing,1,1,,12.0,16.0,2,0.5,0.25,0.25,0.00025,67,78,15,0.305556,openb-pod-0065
synthetic_02740,preprocessing,preprocessing,1,1,,9.81,40.5859375,1,0.25,0.25,0.25,0.00025,9,16,15,0.016111,openb-pod-1022
synthetic_02741,preprocessing,preprocessing,1,1,,11.9,76.0,4,1.0,0.25,0.25,0.00025,37,47,15,0.8325,openb-pod-2504
synthetic_02742,preprocessing,preprocessing,1,1,A10|G2|P100|T4|V100M16|V100M32,3.152,5.46875,1,0.25,0.25,0.25,0.00025,12,25,15,0.149167,openb-pod-1444
synthetic_02743,preprocessing,preprocessing,1,1,,11.4,47.0,4,1.0,0.25,0.25,0.00025,80,90,15,0.902778,openb-pod-3951
synthetic_02744,preprocessing,preprocessing,1,1,,3.152,5.46875,1,0.25,0.25,0.25,0.00025,89,95,15,0.110833,openb-pod-4036
synthetic_02745,preprocessing,preprocessing,1,1,,11.4,47.0,1,0.25,0.25,0.25,0.00025,15,25,15,0.016389,openb-pod-4180
synthetic_02746,preprocessing,preprocessing,1,1,,11.3,48.0,1,0.25,0.35,0.35,0.00035,19,31,15,0.021944,openb-pod-7364
synthetic_02747,preprocessing,preprocessing,1,1,,3.152,5.46875,1,0.25,0.25,0.25,0.00025,53,61,15,0.042778,openb-pod-0984
synthetic_02748,preprocessing,preprocessing,1,1,,11.4,47.0,2,0.5,0.35,0.35,0.00035,58,65,15,0.469167,openb-pod-3631
synthetic_02749,preprocessing,preprocessing,1,1,,8.0,29.8017578125,1,0.25,0.35,0.35,0.00035,21,31,15,0.060278,openb-pod-1668
synthetic_02750,preprocessing,preprocessing,1,1,,4.152,10.3515625,2,0.5,0.35,0.35,0.00035,75,86,15,0.324167,openb-pod-1175
synthetic_02751,preprocessing,preprocessing,1,1,,11.3,48.0,1,0.25,0.35,0.35,0.00035,33,38,15,0.013056,openb-pod-5117
synthetic_02752,fine_tuning,fine_tuning,1,1,P100,3.152,5.46875,1,0.25,0.25,0.25,0.00025,35,45,15,0.087778,openb-pod-3214
synthetic_02753,preprocessing,preprocessing,1,1,,3.152,5.46875,4,1.0,0.35,0.35,0.00035,36,49,15,0.870278,openb-pod-3987
synthetic_02754,fine_tuning,fine_tuning,1,1,T4,3.152,5.46875,1,0.25,0.07,0.07,7e-05,14,28,15,0.016111,openb-pod-1491
synthetic_02755,preprocessing,preprocessing,1,1,,11.3,48.0,1,0.25,0.25,0.25,0.00025,14,25,15,0.145556,openb-pod-7877
synthetic_02756,fine_tuning,fine_tuning,1,1,T4,4.0,22.3515625,4,1.0,0.07,0.07,7e-05,0,8,15,0.9,openb-pod-7902
synthetic_02757,fine_tuning,fine_tuning,1,1,T4,11.4,47.0,1,0.25,0.07,0.07,7e-05,77,85,15,0.160556,openb-pod-1435
synthetic_02758,preprocessing,preprocessing,1,1,,12.0,15.0,16,4.0,0.35,0.35,0.00035,40,49,15,3.818611,openb-pod-5718
synthetic_02759,preprocessing,preprocessing,1,1,,8.0,29.8017578125,1,0.25,0.35,0.35,0.00035,55,67,15,0.027778,openb-pod-6841
synthetic_02760,fine_tuning,fine_tuning,1,1,T4,11.3,48.0,1,0.25,0.07,0.07,7e-05,7,15,15,0.067222,openb-pod-7909
synthetic_02761,preprocessing,preprocessing,1,1,,18.708,63.0,1,0.25,0.25,0.25,0.00025,4,14,15,0.112222,openb-pod-5034
synthetic_02762,preprocessing,preprocessing,1,1,,18.708,63.0,2,0.5,0.35,0.35,0.00035,88,94,15,0.311389,openb-pod-1962
synthetic_02763,fine_tuning,fine_tuning,1,1,T4,3.152,5.46875,1,0.25,0.07,0.07,7e-05,69,78,15,0.021944,openb-pod-0133
synthetic_02764,preprocessing,preprocessing,1,1,,3.152,5.46875,1,0.25,0.35,0.35,0.00035,18,26,15,0.130833,openb-pod-2059
synthetic_02765,preprocessing,preprocessing,1,1,,14.2,57.0,11,2.75,0.35,0.35,0.00035,18,27,15,2.549722,openb-pod-6072
synthetic_02766,preprocessing,preprocessing,1,1,,11.3,48.0,1,0.25,0.25,0.25,0.00025,51,65,15,0.039722,openb-pod-7853
synthetic_02767,fine_tuning,fine_tuning,1,1,T4,12.0,16.0,1,0.25,0.07,0.07,7e-05,64,75,15,0.149722,openb-pod-2056
synthetic_02768,preprocessing,preprocessing,1,1,,3.152,5.46875,1,0.25,0.07,0.07,7e-05,66,76,15,0.110833,openb-pod-4036
synthetic_02769,preprocessing,preprocessing,1,1,,4.0,22.3515625,6,1.5,0.07,0.07,7e-05,66,78,15,1.365556,openb-pod-4430
synthetic_02770,preprocessing,preprocessing,1,1,,3.152,5.46875,2,0.5,0.25,0.25,0.00025,78,87,15,0.260556,openb-pod-4286
synthetic_02771,fine_tuning,fine_tuning,8,8,G2,120.0,720.0,1,0.25,2.8,2.8,0.0028,75,84,15,0.0325,openb-pod-1639
synthetic_02772,fine_tuning,fine_tuning,1,1,T4,3.152,5.46875,1,0.25,0.07,0.07,7e-05,27,43,15,0.018611,openb-pod-5405
synthetic_02773,preprocessing,preprocessing,1,1,P100|V100M16|V100M32,3.152,5.46875,1,0.25,0.25,0.25,0.00025,66,74,15,0.080278,openb-pod-1062
synthetic_02774,preprocessing,preprocessing,1,1,,11.908,46.0,1,0.25,0.25,0.25,0.00025,0,5,15,0.1025,openb-pod-1127
synthetic_02775,fine_tuning,fine_tuning,1,1,T4,8.0,29.8017578125,1,0.25,0.07,0.07,7e-05,72,78,15,0.195833,openb-pod-0706
synthetic_02776,preprocessing,preprocessing,1,1,,11.908,46.0,1,0.25,0.35,0.35,0.00035,6,13,15,0.012222,openb-pod-7189
synthetic_02777,preprocessing,preprocessing,1,1,,4.0,29.8017578125,1,0.25,0.25,0.25,0.00025,36,50,15,0.053056,openb-pod-2130
synthetic_02778,fine_tuning,fine_tuning,1,1,G2,11.3,48.0,3,0.75,0.35,0.35,0.00035,27,40,15,0.530556,openb-pod-5435
synthetic_02779,fine_tuning,fine_tuning,1,1,T4,24.2,91.0,1,0.25,0.07,0.07,7e-05,72,85,15,0.015278,openb-pod-1235
synthetic_02780,preprocessing,preprocessing,1,1,,11.4,47.0,3,0.75,0.07,0.07,7e-05,49,60,15,0.710278,openb-pod-2061
synthetic_02781,preprocessing,preprocessing,1,1,P100|V100M16|V100M32,9.81,40.5859375,2,0.5,0.25,0.25,0.00025,0,8,15,0.286944,openb-pod-7408
synthetic_02782,preprocessing,preprocessing,1,1,,14.2,57.0,1,0.25,0.25,0.25,0.00025,72,84,15,0.010556,openb-pod-5270
synthetic_02783,fine_tuning,fine_tuning,1,1,T4,11.3,48.0,1,0.25,0.07,0.07,7e-05,46,55,15,0.015833,openb-pod-4715
synthetic_02784,preprocessing,preprocessing,1,1,,11.4,47.0,2,0.5,0.35,0.35,0.00035,18,34,15,0.390556,openb-pod-4495
synthetic_02785,preprocessing,preprocessing,1,1,,9.81,40.5859375,2,0.5,0.25,0.25,0.00025,91,94,15,0.411944,openb-pod-0526
synthetic_02786,preprocessing,preprocessing,1,1,,3.152,5.46875,1,0.25,0.25,0.25,0.00025,76,90,15,0.042222,openb-pod-1599
synthetic_02787,training,training,1,1,V100M16|V100M32,11.4,47.0,2,0.5,0.25,0.25,0.00025,49,60,15,0.295833,openb-pod-4562
synthetic_02788,preprocessing,preprocessing,1,1,,3.152,5.46875,1,0.25,0.25,0.25,0.00025,16,25,15,0.034444,openb-pod-1835
synthetic_02789,preprocessing,preprocessing,1,1,,3.152,5.46875,1,0.25,0.25,0.25,0.00025,0,10,15,0.018611,openb-pod-1572
synthetic_02790,preprocessing,preprocessing,1,1,,18.708,63.0,1,0.25,0.25,0.25,0.00025,57,66,15,0.040833,openb-pod-6548
synthetic_02791,preprocessing,preprocessing,1,1,,11.4,47.0,1,0.25,0.35,0.35,0.00035,49,59,15,0.214722,openb-pod-3804
synthetic_02792,preprocessing,preprocessing,1,1,,16.0,32.0,1,0.25,0.35,0.35,0.00035,84,93,15,0.005,openb-pod-0189
synthetic_02793,fine_tuning,fine_tuning,1,1,P100,11.908,46.0,1,0.25,0.25,0.25,0.00025,80,90,15,0.164167,openb-pod-7080
synthetic_02794,fine_tuning,fine_tuning,1,1,T4,4.0,14.900390625,1,0.25,0.07,0.07,7e-05,37,47,15,0.155556,openb-pod-5439
synthetic_02795,preprocessing,preprocessing,1,1,,4.152,10.3515625,1,0.25,0.07,0.07,7e-05,31,41,15,0.008056,openb-pod-1167
synthetic_02796,preprocessing,preprocessing,1,1,,3.152,5.46875,1,0.25,0.07,0.07,7e-05,10,19,15,0.040556,openb-pod-1488
synthetic_02797,fine_tuning,fine_tuning,1,1,T4,11.908,46.0,1,0.25,0.07,0.07,7e-05,35,46,15,0.037778,openb-pod-8010
synthetic_02798,preprocessing,preprocessing,1,1,,11.3,48.0,1,0.25,0.35,0.35,0.00035,18,33,15,0.039722,openb-pod-5383
synthetic_02799,fine_tuning,fine_tuning,1,1,G2,11.3,48.0,1,0.25,0.35,0.35,0.00035,87,94,15,0.140556,openb-pod-5188
synthetic_02800,fine_tuning,fine_tuning,1,1,G2,8.0,16.0,1,0.25,0.35,0.35,0.00035,80,87,15,0.0475,openb-pod-0397
synthetic_02801,preprocessing,preprocessing,1,1,,3.152,5.46875,1,0.25,0.35,0.35,0.00035,14,28,15,0.011389,openb-pod-2177
synthetic_02802,preprocessing,preprocessing,1,1,,8.0,29.8017578125,1,0.25,0.35,0.35,0.00035,50,58,15,0.030833,openb-pod-3891
synthetic_02803,preprocessing,preprocessing,1,1,,4.152,10.3515625,1,0.25,0.35,0.35,0.00035,58,71,15,0.008056,openb-pod-1174
synthetic_02804,preprocessing,preprocessing,1,1,,11.3,48.0,1,0.25,0.35,0.35,0.00035,87,95,15,0.021944,openb-pod-7781
synthetic_02805,fine_tuning,fine_tuning,1,1,T4,1.0,6.0,2,0.5,0.07,0.07,7e-05,78,92,15,0.346944,openb-pod-4938
synthetic_02806,preprocessing,preprocessing,1,1,,11.908,46.0,3,0.75,0.35,0.35,0.00035,37,47,15,0.586944,openb-pod-7564
synthetic_02807,preprocessing,preprocessing,1,1,,3.152,5.46875,1,0.25,0.35,0.35,0.00035,18,28,15,0.040833,openb-pod-0505
synthetic_02808,preprocessing,preprocessing,1,1,,9.81,40.5859375,1,0.25,0.35,0.35,0.00035,41,49,15,0.09,openb-pod-6480
synthetic_02809,preprocessing,preprocessing,1,1,,11.908,46.0,1,0.25,0.35,0.35,0.00035,6,13,15,0.020556,openb-pod-7401
synthetic_02810,preprocessing,preprocessing,1,1,,11.3,48.0,1,0.25,0.35,0.35,0.00035,79,84,15,0.141944,openb-pod-6190
synthetic_02811,preprocessing,preprocessing,1,1,,8.2,33.0,1,0.25,0.07,0.07,7e-05,3,7,15,0.066111,openb-pod-5790
synthetic_02812,preprocessing,preprocessing,1,1,,11.3,48.0,1,0.25,0.25,0.25,0.00025,41,54,15,0.109444,openb-pod-7696
synthetic_02813,preprocessing,preprocessing,1,1,,11.3,48.0,8,2.0,0.25,0.25,0.00025,61,69,15,1.911944,openb-pod-6996
synthetic_02814,preprocessing,preprocessing,1,1,,3.152,5.46875,1,0.25,0.07,0.07,7e-05,17,26,15,0.084444,openb-pod-4028
synthetic_02815,preprocessing,preprocessing,1,1,,9.81,40.5859375,1,0.25,0.25,0.25,0.00025,13,18,15,0.159444,openb-pod-0593
synthetic_02816,preprocessing,preprocessing,1,1,,11.4,47.0,11,2.75,0.25,0.25,0.00025,6,17,15,2.620278,openb-pod-0947
synthetic_02817,fine_tuning,fine_tuning,1,1,T4,11.4,47.0,1,0.25,0.07,0.07,7e-05,31,41,15,0.223889,openb-pod-0756
synthetic_02818,preprocessing,preprocessing,1,1,,16.0,32.0,1,0.25,0.25,0.25,0.00025,11,17,15,0.005,openb-pod-0189
synthetic_02819,preprocessing,preprocessing,1,1,,16.0,32.0,2,0.5,0.25,0.25,0.00025,16,29,15,0.28,openb-pod-2948
synthetic_02820,preprocessing,preprocessing,1,1,,11.908,46.0,1,0.25,0.07,0.07,7e-05,69,75,15,0.153611,openb-pod-6789
synthetic_02821,preprocessing,preprocessing,1,1,,12.0,24.0,4,1.0,0.25,0.25,0.00025,20,27,15,0.949444,openb-pod-2807
synthetic_02822,preprocessing,preprocessing,1,1,,15.7,57.0,4,1.0,0.35,0.35,0.00035,59,67,15,0.770278,openb-pod-1793
synthetic_02823,fine_tuning,fine_tuning,1,1,T4,3.152,5.46875,4,1.0,0.07,0.07,7e-05,15,23,15,0.955278,openb-pod-3620
synthetic_02824,fine_tuning,fine_tuning,1,1,T4,4.0,22.3515625,1,0.25,0.07,0.07,7e-05,48,62,15,0.036944,openb-pod-4542
synthetic_02825,preprocessing,preprocessing,1,1,,18.708,63.0,1,0.25,0.25,0.25,0.00025,17,25,15,0.22,openb-pod-0952
synthetic_02826,preprocessing,preprocessing,1,1,,3.152,5.46875,1,0.25,0.25,0.25,0.00025,40,50,15,0.068333,openb-pod-1060
synthetic_02827,fine_tuning,fine_tuning,1,1,T4,9.81,40.5859375,1,0.25,0.07,0.07,7e-05,90,95,15,0.115,openb-pod-5569
synthetic_02828,preprocessing,preprocessing,1,1,,3.152,5.46875,1,0.25,0.35,0.35,0.00035,75,84,15,0.055833,openb-pod-3415
synthetic_02829,fine_tuning,fine_tuning,1,1,T4,11.908,46.0,1,0.25,0.07,0.07,7e-05,34,40,15,0.067222,openb-pod-1136
synthetic_02830,fine_tuning,fine_tuning,1,1,G2,11.3,48.0,1,0.25,0.35,0.35,0.00035,16,24,15,0.021667,openb-pod-7596
synthetic_02831,preprocessing,preprocessing,1,1,P100|T4|V100M16|V100M32,11.4,47.0,2,0.5,0.25,0.25,0.00025,90,94,15,0.34,openb-pod-2782
synthetic_02832,preprocessing,preprocessing,1,1,,3.152,5.46875,1,0.25,0.25,0.25,0.00025,91,95,15,0.044167,openb-pod-0160
synthetic_02833,preprocessing,preprocessing,1,1,,8.2,33.0,1,0.25,0.25,0.25,0.00025,58,68,15,0.1275,openb-pod-7082
synthetic_02834,fine_tuning,fine_tuning,1,1,P100,4.0,14.900390625,5,1.25,0.25,0.25,0.00025,43,52,15,1.020278,openb-pod-0051
synthetic_02835,preprocessing,preprocessing,1,1,,6.0,18.0,2,0.5,0.35,0.35,0.00035,42,54,15,0.282778,openb-pod-0671
synthetic_02836,preprocessing,preprocessing,1,1,,11.3,48.0,1,0.25,0.25,0.25,0.00025,29,43,15,0.074444,openb-pod-7608
synthetic_02837,fine_tuning,fine_tuning,1,1,G2,11.4,47.0,1,0.25,0.35,0.35,0.00035,34,44,15,0.154722,openb-pod-3336
synthetic_02838,preprocessing,preprocessing,1,1,,11.3,48.0,1,0.25,0.35,0.35,0.00035,87,95,15,0.025556,openb-pod-5573
synthetic_02839,fine_tuning,fine_tuning,1,1,P100,11.908,46.0,1,0.25,0.25,0.25,0.00025,10,14,15,0.016389,openb-pod-6203
synthetic_02840,preprocessing,preprocessing,1,1,,3.152,5.46875,1,0.25,0.25,0.25,0.00025,47,57,15,0.024722,openb-pod-7294
synthetic_02841,preprocessing,preprocessing,1,1,,14.2,57.0,1,0.25,0.25,0.25,0.00025,19,35,15,0.015556,openb-pod-5233
synthetic_02842,fine_tuning,fine_tuning,1,1,T4,11.3,48.0,2,0.5,0.07,0.07,7e-05,80,90,15,0.305833,openb-pod-4822
synthetic_02843,preprocessing,preprocessing,1,1,,11.4,47.0,1,0.25,0.35,0.35,0.00035,31,43,15,0.114167,openb-pod-1893
synthetic_02844,preprocessing,preprocessing,1,1,,11.908,46.0,1,0.25,0.07,0.07,7e-05,87,95,15,0.015556,openb-pod-1551
synthetic_02845,preprocessing,preprocessing,1,1,,16.4,123.0,1,0.25,0.25,0.25,0.00025,39,49,15,0.020833,openb-pod-6748
synthetic_02846,fine_tuning,fine_tuning,1,1,G2,11.3,48.0,5,1.25,0.35,0.35,0.00035,68,72,15,1.080833,openb-pod-4901
synthetic_02847,fine_tuning,fine_tuning,1,1,T4,3.152,5.46875,1,0.25,0.07,0.07,7e-05,43,53,15,0.102222,openb-pod-3172
synthetic_02848,fine_tuning,fine_tuning,1,1,G2,12.0,24.0,1,0.25,0.35,0.35,0.00035,73,88,15,0.034444,openb-pod-6893
synthetic_02849,preprocessing,preprocessing,1,1,,9.81,40.5859375,3,0.75,0.25,0.25,0.00025,57,62,15,0.576111,openb-pod-6218
synthetic_02850,fine_tuning,fine_tuning,1,1,P100,11.908,46.0,1,0.25,0.25,0.25,0.00025,60,76,15,0.010833,openb-pod-5652
synthetic_02851,preprocessing,preprocessing,1,1,,11.3,48.0,1,0.25,0.25,0.25,0.00025,37,45,15,0.073333,openb-pod-7627
synthetic_02852,preprocessing,preprocessing,1,1,,15.7,57.0,5,1.25,0.25,0.25,0.00025,35,46,15,1.089444,openb-pod-2731
synthetic_02853,preprocessing,preprocessing,1,1,,4.0,29.8017578125,4,1.0,0.07,0.07,7e-05,73,86,15,0.824444,openb-pod-3666
synthetic_02854,preprocessing,preprocessing,1,1,,4.0,22.3515625,1,0.25,0.25,0.25,0.00025,84,94,15,0.036389,openb-pod-1124
synthetic_02855,preprocessing,preprocessing,1,1,A10|G2|T4|V100M16|V100M32,4.0,24.0,5,1.25,0.25,0.25,0.00025,68,74,15,1.169167,openb-pod-5112
synthetic_02856,fine_tuning,fine_tuning,1,1,T4,8.0,29.8017578125,1,0.25,0.07,0.07,7e-05,58,69,15,0.015,openb-pod-1217
synthetic_02857,preprocessing,preprocessing,1,1,,8.0,29.8017578125,1,0.25,0.25,0.25,0.00025,65,69,15,0.060556,openb-pod-0585
synthetic_02858,preprocessing,preprocessing,1,1,,11.908,46.0,12,3.0,0.35,0.35,0.00035,72,80,15,2.978333,openb-pod-3954
synthetic_02859,preprocessing,preprocessing,1,1,,11.4,47.0,1,0.25,0.35,0.35,0.00035,80,88,15,0.053333,openb-pod-0568
synthetic_02860,fine_tuning,fine_tuning,1,1,G2,11.4,47.0,2,0.5,0.35,0.35,0.00035,32,42,15,0.36,openb-pod-3561
synthetic_02861,fine_tuning,fine_tuning,1,1,T4,3.152,5.46875,1,0.25,0.07,0.07,7e-05,80,88,15,0.014444,openb-pod-0765
synthetic_02862,training,training,1,1,V100M16|V100M32,11.3,48.0,2,0.5,0.25,0.25,0.00025,51,60,15,0.379167,openb-pod-6973
synthetic_02863,fine_tuning,fine_tuning,1,1,T4,11.4,47.0,3,0.75,0.07,0.07,7e-05,35,45,15,0.736944,openb-pod-4407
synthetic_02864,fine_tuning,fine_tuning,1,1,T4,3.152,5.46875,2,0.5,0.07,0.07,7e-05,80,92,15,0.311667,openb-pod-4432
synthetic_02865,preprocessing,preprocessing,1,1,,3.152,5.46875,2,0.5,0.25,0.25,0.00025,69,82,15,0.261111,openb-pod-5485
synthetic_02866,preprocessing,preprocessing,1,1,,11.3,48.0,1,0.25,0.35,0.35,0.00035,13,29,15,0.025556,openb-pod-5573
synthetic_02867,fine_tuning,fine_tuning,1,1,T4,8.0,32.0,7,1.75,0.07,0.07,7e-05,78,89,15,1.636667,openb-pod-2783
synthetic_02868,training,training,1,1,V100M16|V100M32,11.3,48.0,2,0.5,0.25,0.25,0.00025,7,15,15,0.361111,openb-pod-6684
synthetic_02869,preprocessing,preprocessing,1,1,,6.0,6.0,1,0.25,0.35,0.35,0.00035,69,74,15,0.149722,openb-pod-5097
synthetic_02870,preprocessing,preprocessing,1,1,,3.152,5.46875,1,0.25,0.25,0.25,0.00025,87,92,15,0.054167,openb-pod-0831
synthetic_02871,fine_tuning,fine_tuning,1,1,T4,3.152,5.46875,1,0.25,0.07,0.07,7e-05,41,51,15,0.020556,openb-pod-8001
synthetic_02872,preprocessing,preprocessing,1,1,,3.152,5.46875,1,0.25,0.25,0.25,0.00025,18,26,15,0.1175,openb-pod-8086
synthetic_02873,preprocessing,preprocessing,1,1,,14.2,57.0,9,2.25,0.25,0.25,0.00025,11,21,15,2.086667,openb-pod-5791
synthetic_02874,preprocessing,preprocessing,1,1,,4.152,10.3515625,2,0.5,0.07,0.07,7e-05,19,31,15,0.341667,openb-pod-1141
synthetic_02875,preprocessing,preprocessing,1,1,,8.0,16.0,2,0.5,0.07,0.07,7e-05,33,39,15,0.435833,openb-pod-4236
synthetic_02876,preprocessing,preprocessing,1,1,,3.152,5.46875,1,0.25,0.25,0.25,0.00025,0,12,15,0.042778,openb-pod-7988
synthetic_02877,preprocessing,preprocessing,1,1,,1.0,2.0,9,2.25,0.25,0.25,0.00025,55,65,15,2.156944,openb-pod-2418
synthetic_02878,fine_tuning,fine_tuning,1,1,T4,3.152,5.46875,1,0.25,0.07,0.07,7e-05,61,69,15,0.080278,openb-pod-3380
synthetic_02879,fine_tuning,fine_tuning,1,1,T4,3.152,5.46875,1,0.25,0.07,0.07,7e-05,64,79,15,0.048889,openb-pod-1848
synthetic_02880,preprocessing,preprocessing,1,1,,3.152,5.46875,1,0.25,0.25,0.25,0.00025,64,76,15,0.039167,openb-pod-2039
synthetic_02881,fine_tuning,fine_tuning,1,1,T4,3.152,5.46875,1,0.25,0.07,0.07,7e-05,3,17,15,0.016111,openb-pod-1491
synthetic_02882,preprocessing,preprocessing,1,1,,18.708,63.0,1,0.25,0.25,0.25,0.00025,9,19,15,0.027778,openb-pod-0071
synthetic_02883,preprocessing,preprocessing,1,1,,11.908,46.0,1,0.25,0.07,0.07,7e-05,22,30,15,0.231944,openb-pod-1342
synthetic_02884,fine_tuning,fine_tuning,1,1,G2,3.152,5.46875,1,0.25,0.35,0.35,0.00035,79,92,15,0.036389,openb-pod-2277
synthetic_02885,preprocessing,preprocessing,1,1,,11.9,76.0,3,0.75,0.25,0.25,0.00025,15,25,15,0.74,openb-pod-2781
synthetic_02886,fine_tuning,fine_tuning,1,1,T4,3.152,5.46875,1,0.25,0.07,0.07,7e-05,61,69,15,0.032222,openb-pod-1358
synthetic_02887,fine_tuning,fine_tuning,1,1,G3,3.152,5.46875,1,0.25,0.35,0.35,0.00035,47,57,15,0.075556,openb-pod-1286
synthetic_02888,preprocessing,preprocessing,1,1,,11.4,47.0,1,0.25,0.25,0.25,0.00025,47,51,15,0.034444,openb-pod-4186
synthetic_02889,fine_tuning,fine_tuning,1,1,G3,9.81,40.5859375,1,0.25,0.35,0.35,0.00035,73,85,15,0.122222,openb-pod-7273
synthetic_02890,fine_tuning,fine_tuning,1,1,T4,3.152,5.46875,1,0.25,0.07,0.07,7e-05,80,94,15,0.055,openb-pod-0778
synthetic_02891,preprocessing,preprocessing,1,1,,11.4,47.0,2,0.5,0.25,0.25,0.00025,17,28,15,0.271667,openb-pod-3549
synthetic_02892,preprocessing,preprocessing,1,1,,8.0,29.8017578125,1,0.25,0.25,0.25,0.00025,49,56,15,0.0675,openb-pod-6466
synthetic_02893,preprocessing,preprocessing,1,1,,3.152,5.46875,1,0.25,0.25,0.25,0.00025,45,55,15,0.030556,openb-pod-7511
synthetic_02894,training,training,1,1,V100M16|V100M32,11.9,76.0,1,0.25,0.25,0.25,0.00025,25,40,15,0.174444,openb-pod-3042
synthetic_02895,preprocessing,preprocessing,1,1,A10|G2|T4|V100M16|V100M32,11.4,76.0,3,0.75,0.25,0.25,0.00025,13,23,15,0.537222,openb-pod-7816
synthetic_02896,fine_tuning,fine_tuning,1,1,T4,3.152,5.46875,1,0.25,0.07,0.07,7e-05,45,53,15,0.036667,openb-pod-0528
synthetic_02897,preprocessing,preprocessing,1,1,,3.152,5.46875,1,0.25,0.25,0.25,0.00025,62,72,15,0.012222,openb-pod-4092
synthetic_02898,preprocessing,preprocessing,1,1,,4.152,10.3515625,1,0.25,0.07,0.07,7e-05,83,93,15,0.011111,openb-pod-1189
synthetic_02899,preprocessing,preprocessing,1,1,,4.0,22.3515625,13,3.25,0.35,0.35,0.00035,23,36,15,3.093333,openb-pod-5019
synthetic_02900,training,training,1,1,V100M16|V100M32,18.708,63.0,1,0.25,0.25,0.25,0.00025,34,45,15,0.063611,openb-pod-6252
synthetic_02901,preprocessing,preprocessing,1,1,,4.0,22.3515625,11,2.75,0.25,0.25,0.00025,26,36,15,2.684167,openb-pod-4774
synthetic_02902,preprocessing,preprocessing,1,1,,18.708,63.0,2,0.5,0.07,0.07,7e-05,4,12,15,0.405833,openb-pod-2028
synthetic_02903,fine_tuning,fine_tuning,1,1,T4,18.708,63.0,1,0.25,0.07,0.07,7e-05,50,61,15,0.121944,openb-pod-5684
synthetic_02904,fine_tuning,fine_tuning,1,1,T4,3.152,5.46875,1,0.25,0.07,0.07,7e-05,90,95,15,0.083611,openb-pod-0192
synthetic_02905,preprocessing,preprocessing,1,1,,16.0,64.0,3,0.75,0.25,0.25,0.00025,57,72,15,0.506944,openb-pod-5601
synthetic_02906,fine_tuning,fine_tuning,1,1,T4,11.3,48.0,1,0.25,0.07,0.07,7e-05,84,89,15,0.025278,openb-pod-5352
synthetic_02907,preprocessing,preprocessing,1,1,,11.3,48.0,2,0.5,0.35,0.35,0.00035,73,83,15,0.3625,openb-pod-6209
synthetic_02908,preprocessing,preprocessing,1,1,,11.9,76.0,3,0.75,0.35,0.35,0.00035,4,15,15,0.74,openb-pod-2781
synthetic_02909,preprocessing,preprocessing,1,1,,11.3,48.0,1,0.25,0.15,0.15,0.00015,38,49,15,0.119167,openb-pod-6275
synthetic_02910,preprocessing,preprocessing,1,1,,4.0,29.8017578125,8,2.0,0.35,0.35,0.00035,60,70,15,1.859167,openb-pod-2641
synthetic_02911,fine_tuning,fine_tuning,1,1,T4,3.152,5.46875,1,0.25,0.07,0.07,7e-05,0,8,15,0.055278,openb-pod-0200
synthetic_02912,fine_tuning,fine_tuning,1,1,P100,3.152,5.46875,1,0.25,0.25,0.25,0.00025,70,77,15,0.089444,openb-pod-5425
synthetic_02913,fine_tuning,fine_tuning,1,1,T4,6.0,16.0,2,0.5,0.07,0.07,7e-05,25,40,15,0.499722,openb-pod-1415
synthetic_02914,preprocessing,preprocessing,1,1,,8.2,33.0,2,0.5,0.25,0.25,0.00025,23,33,15,0.35,openb-pod-5499
synthetic_02915,preprocessing,preprocessing,1,1,,11.908,46.0,5,1.25,0.25,0.25,0.00025,22,34,15,1.17,openb-pod-3810
synthetic_02916,fine_tuning,fine_tuning,1,1,G2,12.0,16.0,1,0.25,0.35,0.35,0.00035,35,42,15,0.130278,openb-pod-6819
synthetic_02917,preprocessing,preprocessing,1,1,,3.152,5.46875,1,0.25,0.07,0.07,7e-05,15,20,15,0.064444,openb-pod-1461
synthetic_02918,preprocessing,preprocessing,1,1,,4.0,24.0,6,1.5,0.35,0.35,0.00035,44,53,15,1.303611,openb-pod-6482
synthetic_02919,preprocessing,preprocessing,1,1,,8.0,29.8017578125,1,0.25,0.07,0.07,7e-05,79,86,15,0.030833,openb-pod-3891
synthetic_02920,preprocessing,preprocessing,1,1,,3.152,5.46875,3,0.75,0.25,0.25,0.00025,60,70,15,0.632222,openb-pod-6907
synthetic_02921,preprocessing,preprocessing,1,1,,3.152,5.46875,1,0.25,0.25,0.25,0.00025,7,16,15,0.025556,openb-pod-7829
synthetic_02922,preprocessing,preprocessing,1,1,,11.908,46.0,1,0.25,0.07,0.07,7e-05,81,93,15,0.195833,openb-pod-4250
synthetic_02923,preprocessing,preprocessing,1,1,,4.0,22.3515625,1,0.25,0.25,0.25,0.00025,37,48,15,0.201944,openb-pod-7254
synthetic_02924,fine_tuning,fine_tuning,1,1,T4,3.152,5.46875,1,0.25,0.07,0.07,7e-05,2,12,15,0.042222,openb-pod-0669
synthetic_02925,preprocessing,preprocessing,1,1,,11.4,76.0,1,0.25,0.25,0.25,0.00025,26,38,15,0.011944,openb-pod-6339
synthetic_02926,preprocessing,preprocessing,1,1,,8.2,33.0,3,0.75,0.25,0.25,0.00025,64,73,15,0.532778,openb-pod-6432
synthetic_02927,preprocessing,preprocessing,1,1,,15.7,57.0,3,0.75,0.35,0.35,0.00035,26,36,15,0.505,openb-pod-2674
synthetic_02928,fine_tuning,fine_tuning,1,1,G3,11.3,48.0,1,0.25,0.35,0.35,0.00035,40,55,15,0.075833,openb-pod-5335
synthetic_02929,fine_tuning,fine_tuning,1,1,P100,4.0,29.8017578125,1,0.25,0.25,0.25,0.00025,16,31,15,0.021944,openb-pod-0633
synthetic_02930,preprocessing,preprocessing,1,1,,3.152,5.46875,1,0.25,0.15,0.15,0.00015,2,11,15,0.041111,openb-pod-1822
synthetic_02931,preprocessing,preprocessing,1,1,,11.908,46.0,2,0.5,0.35,0.35,0.00035,45,55,15,0.3825,openb-pod-4345
synthetic_02932,preprocessing,preprocessing,1,1,,9.81,40.5859375,5,1.25,0.25,0.25,0.00025,79,89,15,1.221111,openb-pod-6808
synthetic_02933,preprocessing,preprocessing,1,1,,3.152,5.46875,1,0.25,0.35,0.35,0.00035,58,69,15,0.055833,openb-pod-3415
synthetic_02934,preprocessing,preprocessing,1,1,,11.4,76.0,1,0.25,0.07,0.07,7e-05,78,86,15,0.115833,openb-pod-6631
synthetic_02935,preprocessing,preprocessing,1,1,G2|P100|T4|V100M16|V100M32,8.0,29.8017578125,1,0.25,0.35,0.35,0.00035,3,17,15,0.035556,openb-pod-6049
synthetic_02936,fine_tuning,fine_tuning,1,1,T4,11.3,48.0,3,0.75,0.07,0.07,7e-05,0,7,15,0.503611,openb-pod-6625
synthetic_02937,preprocessing,preprocessing,1,1,,18.708,63.0,1,0.25,0.25,0.25,0.00025,63,73,15,0.019444,openb-pod-7403
synthetic_02938,fine_tuning,fine_tuning,1,1,P100,3.152,5.46875,1,0.25,0.25,0.25,0.00025,73,82,15,0.002778,openb-pod-1696
synthetic_02939,preprocessing,preprocessing,1,1,,11.3,48.0,1,0.25,0.07,0.07,7e-05,10,22,15,0.164722,openb-pod-7699
synthetic_02940,preprocessing,preprocessing,1,1,,11.4,47.0,1,0.25,0.25,0.25,0.00025,70,78,15,0.012778,openb-pod-3688
synthetic_02941,fine_tuning,fine_tuning,1,1,T4,8.0,29.8017578125,1,0.25,0.07,0.07,7e-05,78,82,15,0.01,openb-pod-2843
synthetic_02942,fine_tuning,fine_tuning,1,1,T4,24.2,91.0,2,0.5,0.07,0.07,7e-05,30,35,15,0.314722,openb-pod-6070
synthetic_02943,preprocessing,preprocessing,1,1,,8.2,33.0,2,0.5,0.25,0.25,0.00025,75,85,15,0.359722,openb-pod-2074
synthetic_02944,fine_tuning,fine_tuning,1,1,P100,3.152,5.46875,1,0.25,0.25,0.25,0.00025,9,18,15,0.040833,openb-pod-0610
synthetic_02945,preprocessing,preprocessing,1,1,,8.0,16.0,2,0.5,0.25,0.25,0.00025,0,11,15,0.383611,openb-pod-0282
synthetic_02946,preprocessing,preprocessing,1,1,,12.0,15.0,16,4.0,0.35,0.35,0.00035,41,51,15,3.818611,openb-pod-5718
synthetic_02947,fine_tuning,fine_tuning,1,1,T4,4.0,29.8017578125,1,0.25,0.07,0.07,7e-05,26,35,15,0.018333,openb-pod-1706
synthetic_02948,preprocessing,preprocessing,1,1,,11.908,46.0,3,0.75,0.25,0.25,0.00025,72,84,15,0.699722,openb-pod-6229
synthetic_02949,preprocessing,preprocessing,1,1,,3.152,5.46875,2,0.5,0.35,0.35,0.00035,10,25,15,0.409444,openb-pod-0642
synthetic_02950,fine_tuning,fine_tuning,1,1,P100,3.152,5.46875,1,0.25,0.25,0.25,0.00025,79,92,15,0.003056,openb-pod-7157
synthetic_02951,preprocessing,preprocessing,1,1,,3.152,5.46875,1,0.25,0.25,0.25,0.00025,57,71,15,0.127222,openb-pod-3994
synthetic_02952,fine_tuning,fine_tuning,1,1,G2,11.3,48.0,2,0.5,0.35,0.35,0.00035,0,8,15,0.322222,openb-pod-5829
synthetic_02953,preprocessing,preprocessing,1,1,,3.152,5.46875,1,0.25,0.35,0.35,0.00035,76,86,15,0.036111,openb-pod-7200
synthetic_02954,preprocessing,preprocessing,1,1,,12.0,24.0,3,0.75,0.07,0.07,7e-05,3,10,15,0.599444,openb-pod-4034
synthetic_02955,fine_tuning,fine_tuning,1,1,T4,15.7,57.0,3,0.75,0.07,0.07,7e-05,39,52,15,0.580278,openb-pod-2503
synthetic_02956,fine_tuning,fine_tuning,1,1,P100,3.152,5.46875,1,0.25,0.25,0.25,0.00025,44,54,15,0.231389,openb-pod-3445
synthetic_02957,preprocessing,preprocessing,1,1,,15.7,57.0,1,0.25,0.35,0.35,0.00035,11,18,15,0.016667,openb-pod-2998
synthetic_02958,preprocessing,preprocessing,1,1,,11.4,47.0,3,0.75,0.25,0.25,0.00025,40,53,15,0.5375,openb-pod-2828
synthetic_02959,preprocessing,preprocessing,1,1,,4.0,14.900390625,7,1.75,0.25,0.25,0.00025,56,66,15,1.63,openb-pod-4220
synthetic_02960,fine_tuning,fine_tuning,1,1,G3,4.0,24.0,5,1.25,0.35,0.35,0.00035,23,33,15,1.110833,openb-pod-4762
synthetic_02961,preprocessing,preprocessing,1,1,,11.908,46.0,3,0.75,0.35,0.35,0.00035,40,50,15,0.699722,openb-pod-6229
synthetic_02962,fine_tuning,fine_tuning,1,1,T4,4.152,10.3515625,1,0.25,0.07,0.07,7e-05,71,80,15,0.008333,openb-pod-1974
synthetic_02963,preprocessing,preprocessing,1,1,,4.0,14.900390625,2,0.5,0.25,0.25,0.00025,35,46,15,0.276111,openb-pod-3474
synthetic_02964,preprocessing,preprocessing,1,1,,4.0,24.0,5,1.25,0.25,0.25,0.00025,15,23,15,1.123056,openb-pod-7163
synthetic_02965,fine_tuning,fine_tuning,1,1,T4,11.3,48.0,1,0.25,0.07,0.07,7e-05,19,26,15,0.013333,openb-pod-4717
synthetic_02966,preprocessing,preprocessing,1,1,P100|V100M16|V100M32,11.4,47.0,1,0.25,0.25,0.25,0.00025,8,16,15,0.049167,openb-pod-4556
synthetic_02967,fine_tuning,fine_tuning,1,1,T4,4.0,14.900390625,2,0.5,0.07,0.07,7e-05,2,12,15,0.355833,openb-pod-4230
synthetic_02968,fine_tuning,fine_tuning,1,1,G2,12.0,24.0,9,2.25,0.35,0.35,0.00035,11,19,15,2.199167,openb-pod-2070
synthetic_02969,fine_tuning,fine_tuning,1,1,P100,3.152,5.46875,1,0.25,0.25,0.25,0.00025,81,92,15,0.061111,openb-pod-3395
synthetic_02970,preprocessing,preprocessing,1,1,,8.2,33.0,1,0.25,0.35,0.35,0.00035,21,31,15,0.100833,openb-pod-5733
synthetic_02971,preprocessing,preprocessing,1,1,P100|V100M16|V100M32,11.3,48.0,1,0.25,0.25,0.25,0.00025,64,72,15,0.099722,openb-pod-6675
synthetic_02972,preprocessing,preprocessing,1,1,,4.152,10.3515625,1,0.25,0.07,0.07,7e-05,27,41,15,0.008333,openb-pod-1945
synthetic_02973,preprocessing,preprocessing,1,1,,16.0,32.0,2,0.5,0.25,0.25,0.00025,45,55,15,0.398333,openb-pod-5219
synthetic_02974,preprocessing,preprocessing,1,1,,3.152,5.46875,1,0.25,0.07,0.07,7e-05,68,75,15,0.050278,openb-pod-0273
synthetic_02975,fine_tuning,fine_tuning,1,1,T4,3.152,5.46875,1,0.25,0.07,0.07,7e-05,90,95,15,0.07,openb-pod-3384
synthetic_02976,preprocessing,preprocessing,1,1,,3.152,5.46875,1,0.25,0.25,0.25,0.00025,32,37,15,0.101389,openb-pod-7480
synthetic_02977,fine_tuning,fine_tuning,1,1,T4,3.152,5.46875,1,0.25,0.07,0.07,7e-05,25,33,15,0.034167,openb-pod-1404
synthetic_02978,preprocessing,preprocessing,1,1,,6.0,12.0,2,0.5,0.35,0.35,0.00035,83,89,15,0.3,openb-pod-6272
synthetic_02979,fine_tuning,fine_tuning,1,1,G3,11.3,48.0,1,0.25,0.35,0.35,0.00035,34,45,15,0.0175,openb-pod-4744
synthetic_02980,preprocessing,preprocessing,1,1,,16.4,123.0,1,0.25,0.35,0.35,0.00035,36,49,15,0.013333,openb-pod-7205
synthetic_02981,preprocessing,preprocessing,1,1,,11.3,48.0,1,0.25,0.35,0.35,0.00035,84,93,15,0.045556,openb-pod-4740
synthetic_02982,preprocessing,preprocessing,1,1,,8.0,16.0,2,0.5,0.25,0.25,0.00025,55,65,15,0.329167,openb-pod-4598
synthetic_02983,preprocessing,preprocessing,1,1,,3.152,5.46875,1,0.25,0.07,0.07,7e-05,85,95,15,0.088056,openb-pod-3370
synthetic_02984,preprocessing,preprocessing,1,1,,3.152,5.46875,1,0.25,0.35,0.35,0.00035,19,24,15,0.110278,openb-pod-3108
synthetic_02985,preprocessing,preprocessing,1,1,,3.152,5.46875,2,0.5,0.35,0.35,0.00035,31,40,15,0.258056,openb-pod-4659
synthetic_02986,preprocessing,preprocessing,1,1,,8.0,29.8017578125,1,0.25,0.35,0.35,0.00035,40,52,15,0.014722,openb-pod-1617
synthetic_02987,preprocessing,preprocessing,1,1,,18.708,63.0,1,0.25,0.35,0.35,0.00035,19,31,15,0.043889,openb-pod-6524
synthetic_02988,preprocessing,preprocessing,1,1,,3.152,5.46875,1,0.25,0.25,0.25,0.00025,5,11,15,0.086389,openb-pod-0042
synthetic_02989,fine_tuning,fine_tuning,1,1,T4,12.0,15.0,13,3.25,0.07,0.07,7e-05,53,59,15,3.068611,openb-pod-6492
synthetic_02990,preprocessing,preprocessing,1,1,,3.152,5.46875,1,0.25,0.25,0.25,0.00025,22,33,15,0.031111,openb-pod-1886
synthetic_02991,preprocessing,preprocessing,1,1,,18.708,63.0,1,0.25,0.25,0.25,0.00025,34,40,15,0.248889,openb-pod-0213
synthetic_02992,preprocessing,preprocessing,1,1,,11.3,48.0,1,0.25,0.35,0.35,0.00035,67,77,15,0.109444,openb-pod-7696
synthetic_02993,preprocessing,preprocessing,1,1,,11.3,48.0,1,0.25,0.35,0.35,0.00035,62,70,15,0.016389,openb-pod-7594
synthetic_02994,preprocessing,preprocessing,8,8,,88.0,320.0,1,0.25,2.0,2.0,0.002,23,30,15,0.115833,openb-pod-0381
synthetic_02995,fine_tuning,fine_tuning,1,1,T4,11.3,48.0,1,0.25,0.07,0.07,7e-05,21,32,15,0.119444,openb-pod-5534
synthetic_02996,preprocessing,preprocessing,1,1,P100|V100M16|V100M32,11.3,48.0,1,0.25,0.25,0.25,0.00025,51,62,15,0.0225,openb-pod-7823
synthetic_02997,preprocessing,preprocessing,1,1,,24.2,91.0,2,0.5,0.25,0.25,0.00025,42,49,15,0.401667,openb-pod-6586
synthetic_02998,preprocessing,preprocessing,1,1,,12.0,32.0,1,0.25,0.35,0.35,0.00035,20,33,15,0.148056,openb-pod-2921
synthetic_02999,preprocessing,preprocessing,1,1,,11.4,47.0,1,0.25,0.25,0.25,0.00025,7,21,15,0.010833,openb-pod-2665
synthetic_03000,preprocessing,preprocessing,1,1,,4.0,22.3515625,5,1.25,0.25,0.25,0.00025,65,72,15,1.100556,openb-pod-2519
synthetic_03001,preprocessing,preprocessing,1,1,,3.152,5.46875,1,0.25,0.25,0.25,0.00025,33,46,15,0.074167,openb-pod-7871
synthetic_03002,preprocessing,preprocessing,1,1,,8.0,29.8017578125,4,1.0,0.07,0.07,7e-05,86,92,15,0.759444,openb-pod-1829
synthetic_03003,preprocessing,preprocessing,1,1,,16.0,32.0,5,1.25,0.35,0.35,0.00035,20,29,15,1.004722,openb-pod-5715
synthetic_03004,fine_tuning,fine_tuning,1,1,T4,12.0,15.625,1,0.25,0.07,0.07,7e-05,0,8,15,0.174722,openb-pod-3062
synthetic_03005,preprocessing,preprocessing,1,1,,4.152,10.3515625,1,0.25,0.25,0.25,0.00025,20,27,15,0.014722,openb-pod-1981
synthetic_03006,preprocessing,preprocessing,1,1,,14.2,57.0,11,2.75,0.25,0.25,0.00025,18,24,15,2.660833,openb-pod-6071
synthetic_03007,fine_tuning,fine_tuning,1,1,G2,11.908,46.0,2,0.5,0.35,0.35,0.00035,86,94,15,0.328056,openb-pod-6048
synthetic_03008,fine_tuning,fine_tuning,1,1,T4,4.0,29.8017578125,2,0.5,0.07,0.07,7e-05,88,94,15,0.278056,openb-pod-6277
synthetic_03009,preprocessing,preprocessing,1,1,,3.152,5.46875,1,0.25,0.25,0.25,0.00025,76,84,15,0.020278,openb-pod-7935
synthetic_03010,preprocessing,preprocessing,1,1,,4.0,24.0,5,1.25,0.07,0.07,7e-05,65,73,15,1.123056,openb-pod-7163
synthetic_03011,preprocessing,preprocessing,1,1,,3.152,5.46875,1,0.25,0.07,0.07,7e-05,61,65,15,0.05,openb-pod-7184
synthetic_03012,preprocessing,preprocessing,1,1,,11.4,47.0,1,0.25,0.07,0.07,7e-05,24,35,15,0.018889,openb-pod-3338
synthetic_03013,fine_tuning,fine_tuning,1,1,P100,4.152,10.3515625,1,0.25,0.25,0.25,0.00025,74,81,15,0.228889,openb-pod-0877
synthetic_03014,preprocessing,preprocessing,1,1,,14.2,57.0,2,0.5,0.35,0.35,0.00035,46,53,15,0.399167,openb-pod-5238
synthetic_03015,preprocessing,preprocessing,1,1,,12.0,16.0,2,0.5,0.25,0.25,0.00025,31,40,15,0.383056,openb-pod-6097
synthetic_03016,preprocessing,preprocessing,1,1,,11.908,46.0,1,0.25,0.07,0.07,7e-05,39,45,15,0.142222,openb-pod-5679
synthetic_03017,fine_tuning,fine_tuning,1,1,T4,11.4,47.0,2,0.5,0.07,0.07,7e-05,77,91,15,0.354167,openb-pod-2583
synthetic_03018,fine_tuning,fine_tuning,1,1,T4,11.3,48.0,1,0.25,0.07,0.07,7e-05,46,61,15,0.013889,openb-pod-7896
synthetic_03019,fine_tuning,fine_tuning,1,1,G3,11.4,47.0,1,0.25,0.35,0.35,0.00035,70,83,15,0.242778,openb-pod-2151
synthetic_03020,preprocessing,preprocessing,1,1,,6.0,6.0,1,0.25,0.25,0.25,0.00025,53,65,15,0.1575,openb-pod-2630
synthetic_03021,fine_tuning,fine_tuning,1,1,T4,11.9,76.0,4,1.0,0.07,0.07,7e-05,50,60,15,0.832222,openb-pod-3009
synthetic_03022,fine_tuning,fine_tuning,1,1,T4,11.908,46.0,1,0.25,0.07,0.07,7e-05,61,69,15,0.169444,openb-pod-1209
synthetic_03023,fine_tuning,fine_tuning,1,1,G2,11.3,48.0,1,0.25,0.35,0.35,0.00035,54,62,15,0.145278,openb-pod-5375
synthetic_03024,fine_tuning,fine_tuning,1,1,P100,4.0,14.900390625,2,0.5,0.25,0.25,0.00025,21,32,15,0.266944,openb-pod-5402
synthetic_03025,training,training,1,1,V100M16|V100M32,3.152,5.46875,1,0.25,0.25,0.25,0.00025,22,34,15,0.056111,openb-pod-0047
synthetic_03026,preprocessing,preprocessing,1,1,,11.4,47.0,1,0.25,0.25,0.25,0.00025,13,22,15,0.166389,openb-pod-1946
synthetic_03027,preprocessing,preprocessing,1,1,,3.152,5.46875,1,0.25,0.25,0.25,0.00025,45,57,15,0.009722,openb-pod-7358
synthetic_03028,preprocessing,preprocessing,1,1,,4.152,10.3515625,1,0.25,0.15,0.15,0.00015,38,52,15,0.206944,openb-pod-2232
synthetic_03029,preprocessing,preprocessing,1,1,,3.152,5.46875,2,0.5,0.25,0.25,0.00025,66,75,15,0.258056,openb-pod-7054
synthetic_03030,fine_tuning,fine_tuning,1,1,G2,3.152,5.46875,1,0.25,0.35,0.35,0.00035,68,74,15,0.054167,openb-pod-1013
synthetic_03031,preprocessing,preprocessing,1,1,,3.152,5.46875,2,0.5,0.07,0.07,7e-05,47,60,15,0.259167,openb-pod-5803
synthetic_03032,preprocessing,preprocessing,1,1,,11.908,46.0,1,0.25,0.25,0.25,0.00025,35,42,15,0.021944,openb-pod-7267
synthetic_03033,preprocessing,preprocessing,1,1,,11.3,48.0,1,0.25,0.07,0.07,7e-05,73,86,15,0.015,openb-pod-7894
synthetic_03034,preprocessing,preprocessing,1,1,,3.152,5.46875,1,0.25,0.35,0.35,0.00035,40,54,15,0.120556,openb-pod-5119
synthetic_03035,fine_tuning,fine_tuning,1,1,G3,16.0,32.0,2,0.5,0.35,0.35,0.00035,0,9,15,0.326944,openb-pod-0876
synthetic_03036,preprocessing,preprocessing,1,1,,12.0,24.0,1,0.25,0.07,0.07,7e-05,57,67,15,0.003611,openb-pod-2305
synthetic_03037,preprocessing,preprocessing,1,1,,4.0,24.0,5,1.25,0.07,0.07,7e-05,58,68,15,1.042778,openb-pod-6863
synthetic_03038,fine_tuning,fine_tuning,1,1,T4,2.0,8.0,5,1.25,0.07,0.07,7e-05,5,17,15,1.226667,openb-pod-6594
synthetic_03039,fine_tuning,fine_tuning,1,1,G2,3.152,5.46875,1,0.25,0.35,0.35,0.00035,79,88,15,0.036111,openb-pod-2370
synthetic_03040,preprocessing,preprocessing,1,1,,3.152,5.46875,1,0.25,0.35,0.35,0.00035,22,29,15,0.055,openb-pod-0668
synthetic_03041,preprocessing,preprocessing,1,1,,11.3,48.0,4,1.0,0.25,0.25,0.00025,5,19,15,0.878889,openb-pod-4639
synthetic_03042,preprocessing,preprocessing,1,1,,18.708,63.0,1,0.25,0.25,0.25,0.00025,49,54,15,0.0275,openb-pod-0330
synthetic_03043,preprocessing,preprocessing,1,1,,11.4,76.0,1,0.25,0.25,0.25,0.00025,0,5,15,0.141944,openb-pod-8148
synthetic_03044,preprocessing,preprocessing,1,1,P100|V100M16|V100M32,3.152,5.46875,1,0.25,0.25,0.25,0.00025,18,25,15,0.058333,openb-pod-0355
synthetic_03045,preprocessing,preprocessing,1,1,,24.2,91.0,3,0.75,0.25,0.25,0.00025,79,84,15,0.676944,openb-pod-0624
synthetic_03046,preprocessing,preprocessing,1,1,,11.4,47.0,2,0.5,0.35,0.35,0.00035,83,87,15,0.313611,openb-pod-3481
synthetic_03047,preprocessing,preprocessing,1,1,,8.0,16.0,3,0.75,0.07,0.07,7e-05,33,38,15,0.604444,openb-pod-0362
synthetic_03048,preprocessing,preprocessing,1,1,,8.0,29.8017578125,1,0.25,0.25,0.25,0.00025,74,82,15,0.141667,openb-pod-6678
synthetic_03049,fine_tuning,fine_tuning,1,1,T4,4.0,22.3515625,1,0.25,0.07,0.07,7e-05,71,77,15,0.151667,openb-pod-5954
synthetic_03050,fine_tuning,fine_tuning,1,1,T4,4.0,14.900390625,2,0.5,0.07,0.07,7e-05,66,78,15,0.260556,openb-pod-8026
synthetic_03051,preprocessing,preprocessing,1,1,P100|V100M16|V100M32,12.0,24.0,3,0.75,0.25,0.25,0.00025,21,31,15,0.748333,openb-pod-5644
synthetic_03052,preprocessing,preprocessing,1,1,,11.3,48.0,1,0.25,0.35,0.35,0.00035,10,22,15,0.201667,openb-pod-5549
synthetic_03053,fine_tuning,fine_tuning,1,1,T4,12.0,15.0,8,2.0,0.07,0.07,7e-05,18,23,15,1.999444,openb-pod-5514
synthetic_03054,preprocessing,preprocessing,1,1,,8.2,33.0,2,0.5,0.25,0.25,0.00025,71,80,15,0.343611,openb-pod-4035
synthetic_03055,preprocessing,preprocessing,1,1,,8.0,29.8017578125,1,0.25,0.07,0.07,7e-05,23,29,15,0.081667,openb-pod-2971
synthetic_03056,preprocessing,preprocessing,1,1,,3.152,5.46875,2,0.5,0.07,0.07,7e-05,65,77,15,0.263056,openb-pod-3839
synthetic_03057,fine_tuning,fine_tuning,1,1,G2,11.4,47.0,1,0.25,0.35,0.35,0.00035,29,38,15,0.183611,openb-pod-3334
synthetic_03058,preprocessing,preprocessing,1,1,,24.2,91.0,1,0.25,0.25,0.25,0.00025,37,50,15,0.129722,openb-pod-5934
synthetic_03059,fine_tuning,fine_tuning,1,1,T4,11.908,46.0,2,0.5,0.07,0.07,7e-05,73,77,15,0.460833,openb-pod-5053
synthetic_03060,fine_tuning,fine_tuning,1,1,T4,11.3,48.0,2,0.5,0.07,0.07,7e-05,4,16,15,0.256944,openb-pod-5641
synthetic_03061,preprocessing,preprocessing,1,1,,11.4,47.0,1,0.25,0.07,0.07,7e-05,90,95,15,0.013056,openb-pod-1531
synthetic_03062,preprocessing,preprocessing,1,1,,15.7,57.0,3,0.75,0.25,0.25,0.00025,79,91,15,0.601667,openb-pod-1890
synthetic_03063,preprocessing,preprocessing,1,1,,11.908,46.0,1,0.25,0.25,0.25,0.00025,8,19,15,0.136667,openb-pod-8056
synthetic_03064,preprocessing,preprocessing,1,1,,11.4,47.0,1,0.25,0.07,0.07,7e-05,25,29,15,0.074444,openb-pod-2816
synthetic_03065,preprocessing,preprocessing,1,1,,8.0,29.8017578125,1,0.25,0.35,0.35,0.00035,17,28,15,0.031667,openb-pod-2024
synthetic_03066,fine_tuning,fine_tuning,1,1,T4,11.4,76.0,1,0.25,0.07,0.07,7e-05,23,36,15,0.142778,openb-pod-8111
synthetic_03067,preprocessing,preprocessing,1,1,,3.152,5.46875,1,0.25,0.35,0.35,0.00035,46,58,15,0.031111,openb-pod-1841
synthetic_03068,fine_tuning,fine_tuning,1,1,T4,11.3,48.0,1,0.25,0.07,0.07,7e-05,46,57,15,0.138889,openb-pod-7808
synthetic_03069,fine_tuning,fine_tuning,1,1,T4,11.908,46.0,2,0.5,0.07,0.07,7e-05,13,23,15,0.283889,openb-pod-6052
synthetic_03070,preprocessing,preprocessing,1,1,,11.908,46.0,3,0.75,0.35,0.35,0.00035,1,8,15,0.707778,openb-pod-3611
synthetic_03071,preprocessing,preprocessing,1,1,,3.152,5.46875,3,0.75,0.25,0.25,0.00025,40,50,15,0.533889,openb-pod-0988
synthetic_03072,fine_tuning,fine_tuning,1,1,T4,3.152,5.46875,1,0.25,0.07,0.07,7e-05,5,16,15,0.244722,openb-pod-7553
synthetic_03073,preprocessing,preprocessing,1,1,,3.152,5.46875,1,0.25,0.25,0.25,0.00025,72,85,15,0.041111,openb-pod-1758
synthetic_03074,preprocessing,preprocessing,1,1,,4.152,10.3515625,1,0.25,0.35,0.35,0.00035,41,56,15,0.219167,openb-pod-2210
synthetic_03075,preprocessing,preprocessing,1,1,,3.152,5.46875,3,0.75,0.07,0.07,7e-05,78,85,15,0.583333,openb-pod-3608
synthetic_03076,preprocessing,preprocessing,1,1,,8.0,29.8017578125,1,0.25,0.35,0.35,0.00035,27,43,15,0.217778,openb-pod-1177
synthetic_03077,preprocessing,preprocessing,1,1,,11.4,47.0,1,0.25,0.35,0.35,0.00035,71,82,15,0.009444,openb-pod-2427
synthetic_03078,preprocessing,preprocessing,1,1,,16.0,32.0,2,0.5,0.25,0.25,0.00025,1,16,15,0.287222,openb-pod-2862
synthetic_03079,fine_tuning,fine_tuning,1,1,T4,11.3,48.0,1,0.25,0.07,0.07,7e-05,74,86,15,0.236389,openb-pod-6477
synthetic_03080,preprocessing,preprocessing,1,1,,3.152,5.46875,1,0.25,0.35,0.35,0.00035,59,69,15,0.032222,openb-pod-1836
synthetic_03081,fine_tuning,fine_tuning,1,1,T4,8.0,29.8017578125,1,0.25,0.07,0.07,7e-05,74,86,15,0.067222,openb-pod-2053
synthetic_03082,preprocessing,preprocessing,1,1,,4.152,10.3515625,1,0.25,0.25,0.25,0.00025,24,35,15,0.0075,openb-pod-1986
synthetic_03083,preprocessing,preprocessing,1,1,,3.152,5.46875,1,0.25,0.25,0.25,0.00025,8,19,15,0.103056,openb-pod-7454
synthetic_03084,preprocessing,preprocessing,1,1,,3.152,5.46875,1,0.25,0.25,0.25,0.00025,55,64,15,0.058889,openb-pod-3177
synthetic_03085,fine_tuning,fine_tuning,1,1,T4,3.152,5.46875,1,0.25,0.07,0.07,7e-05,75,86,15,0.098333,openb-pod-4040
synthetic_03086,preprocessing,preprocessing,1,1,,4.0,22.3515625,2,0.5,0.07,0.07,7e-05,16,21,15,0.493056,openb-pod-4143
synthetic_03087,preprocessing,preprocessing,1,1,,3.152,5.46875,1,0.25,0.25,0.25,0.00025,41,51,15,0.063056,openb-pod-0663
synthetic_03088,fine_tuning,fine_tuning,1,1,T4,4.0,14.900390625,8,2.0,0.07,0.07,7e-05,62,72,15,1.965556,openb-pod-0351
synthetic_03089,preprocessing,preprocessing,1,1,,8.0,29.8017578125,1,0.25,0.25,0.25,0.00025,69,81,15,0.081667,openb-pod-2971
synthetic_03090,preprocessing,preprocessing,1,1,,4.152,10.3515625,2,0.5,0.07,0.07,7e-05,83,89,15,0.323333,openb-pod-1012
synthetic_03091,preprocessing,preprocessing,1,1,,3.152,5.46875,1,0.25,0.35,0.35,0.00035,45,53,15,0.039167,openb-pod-1234
synthetic_03092,fine_tuning,fine_tuning,1,1,P100,8.0,29.8017578125,1,0.25,0.25,0.25,0.00025,4,12,15,0.090833,openb-pod-7371
synthetic_03093,preprocessing,preprocessing,1,1,,3.152,5.46875,1,0.25,0.25,0.25,0.00025,13,17,15,0.156944,openb-pod-3401
synthetic_03094,preprocessing,preprocessing,1,1,,12.0,16.0,1,0.25,0.25,0.25,0.00025,21,30,15,0.2475,openb-pod-0532
synthetic_03095,preprocessing,preprocessing,1,1,,3.152,5.46875,7,1.75,0.07,0.07,7e-05,43,55,15,1.743889,openb-pod-0890
synthetic_03096,preprocessing,preprocessing,1,1,,11.908,46.0,5,1.25,0.35,0.35,0.00035,25,36,15,1.068611,openb-pod-6667
synthetic_03097,fine_tuning,fine_tuning,1,1,T4,1.0,2.0,8,2.0,0.07,0.07,7e-05,68,82,15,1.852222,openb-pod-4239
synthetic_03098,preprocessing,preprocessing,1,1,,1.0,2.0,9,2.25,0.35,0.35,0.00035,22,32,15,2.156944,openb-pod-2418
synthetic_03099,fine_tuning,fine_tuning,1,1,T4,11.4,47.0,9,2.25,0.07,0.07,7e-05,20,30,15,2.006389,openb-pod-3173
synthetic_03100,preprocessing,preprocessing,1,1,,3.152,5.46875,1,0.25,0.25,0.25,0.00025,26,37,15,0.065556,openb-pod-3268
synthetic_03101,preprocessing,preprocessing,1,1,,4.0,29.8017578125,6,1.5,0.25,0.25,0.00025,11,19,15,1.433333,openb-pod-5107
synthetic_03102,preprocessing,preprocessing,1,1,,11.3,48.0,1,0.25,0.07,0.07,7e-05,59,70,15,0.034722,openb-pod-6941
synthetic_03103,preprocessing,preprocessing,1,1,,3.152,5.46875,1,0.25,0.07,0.07,7e-05,63,74,15,0.081667,openb-pod-5122
synthetic_03104,fine_tuning,fine_tuning,1,1,T4,3.152,5.46875,1,0.25,0.07,0.07,7e-05,46,61,15,0.054722,openb-pod-0519
synthetic_03105,fine_tuning,fine_tuning,1,1,T4,11.4,47.0,1,0.25,0.07,0.07,7e-05,57,71,15,0.189167,openb-pod-4569
synthetic_03106,preprocessing,preprocessing,1,1,,15.2,79.0,5,1.25,0.35,0.35,0.00035,0,9,15,1.208611,openb-pod-4126
synthetic_03107,preprocessing,preprocessing,1,1,,3.152,5.46875,1,0.25,0.35,0.35,0.00035,26,34,15,0.040278,openb-pod-0834
synthetic_03108,preprocessing,preprocessing,1,1,,11.908,46.0,1,0.25,0.35,0.35,0.00035,57,67,15,0.159722,openb-pod-5708
synthetic_03109,preprocessing,preprocessing,1,1,,11.4,47.0,4,1.0,0.07,0.07,7e-05,61,69,15,0.985,openb-pod-4352
synthetic_03110,preprocessing,preprocessing,1,1,,11.4,47.0,1,0.25,0.35,0.35,0.00035,0,9,15,0.2175,openb-pod-2377
synthetic_03111,preprocessing,preprocessing,1,1,,4.152,10.3515625,1,0.25,0.25,0.25,0.00025,87,95,15,0.014444,openb-pod-1201
synthetic_03112,preprocessing,preprocessing,1,1,,3.152,5.46875,1,0.25,0.35,0.35,0.00035,27,35,15,0.042778,openb-pod-0681
synthetic_03113,fine_tuning,fine_tuning,1,1,T4,11.908,46.0,2,0.5,0.07,0.07,7e-05,52,64,15,0.365556,openb-pod-7114
synthetic_03114,fine_tuning,fine_tuning,1,1,T4,11.908,46.0,1,0.25,0.07,0.07,7e-05,40,45,15,0.010278,openb-pod-6505
synthetic_03115,fine_tuning,fine_tuning,1,1,T4,11.908,46.0,3,0.75,0.07,0.07,7e-05,52,65,15,0.681111,openb-pod-7479
synthetic_03116,preprocessing,preprocessing,1,1,,6.0,23.0,3,0.75,0.25,0.25,0.00025,22,30,15,0.666389,openb-pod-5960
synthetic_03117,preprocessing,preprocessing,1,1,,4.0,14.900390625,1,0.25,0.07,0.07,7e-05,57,66,15,0.057222,openb-pod-2740
synthetic_03118,preprocessing,preprocessing,1,1,,4.0,22.3515625,9,2.25,0.25,0.25,0.00025,27,41,15,2.191667,openb-pod-2887
synthetic_03119,fine_tuning,fine_tuning,1,1,T4,11.3,48.0,2,0.5,0.07,0.07,7e-05,40,50,15,0.256944,openb-pod-5641
synthetic_03120,preprocessing,preprocessing,1,1,,3.152,5.46875,2,0.5,0.07,0.07,7e-05,17,32,15,0.260556,openb-pod-3489
synthetic_03121,fine_tuning,fine_tuning,1,1,P100,8.0,29.8017578125,1,0.25,0.25,0.25,0.00025,47,60,15,0.176667,openb-pod-4698
synthetic_03122,preprocessing,preprocessing,1,1,,12.0,48.0,1,0.25,0.25,0.25,0.00025,83,95,15,0.236944,openb-pod-1419
synthetic_03123,preprocessing,preprocessing,4,4,,32.2,129.0,1,0.25,1.4,1.4,0.0014,7,20,15,0.150556,openb-pod-2863
synthetic_03124,preprocessing,preprocessing,1,1,,3.152,5.46875,1,0.25,0.25,0.25,0.00025,41,49,15,0.127222,openb-pod-3994
synthetic_03125,preprocessing,preprocessing,1,1,,16.0,32.0,3,0.75,0.25,0.25,0.00025,86,93,15,0.616389,openb-pod-1565
synthetic_03126,fine_tuning,fine_tuning,1,1,T4,11.908,46.0,1,0.25,0.07,0.07,7e-05,72,79,15,0.186667,openb-pod-6307
synthetic_03127,preprocessing,preprocessing,1,1,,3.152,5.46875,1,0.25,0.25,0.25,0.00025,28,43,15,0.091667,openb-pod-6824
synthetic_03128,preprocessing,preprocessing,1,1,,8.0,16.0,7,1.75,0.35,0.35,0.00035,84,89,15,1.516389,openb-pod-4120
synthetic_03129,preprocessing,preprocessing,1,1,,11.3,48.0,1,0.25,0.07,0.07,7e-05,18,28,15,0.054444,openb-pod-7884
synthetic_03130,preprocessing,preprocessing,1,1,,4.0,29.8017578125,1,0.25,0.35,0.35,0.00035,11,21,15,0.039722,openb-pod-0485
synthetic_03131,preprocessing,preprocessing,1,1,,3.152,5.46875,1,0.25,0.35,0.35,0.00035,47,61,15,0.004444,openb-pod-7075
synthetic_03132,preprocessing,preprocessing,1,1,,3.152,5.46875,1,0.25,0.25,0.25,0.00025,18,26,15,0.098611,openb-pod-2242
synthetic_03133,preprocessing,preprocessing,1,1,,11.908,46.0,1,0.25,0.25,0.25,0.00025,54,66,15,0.015278,openb-pod-7060
synthetic_03134,preprocessing,preprocessing,1,1,,11.3,48.0,4,1.0,0.25,0.25,0.00025,17,25,15,0.871667,openb-pod-7973
synthetic_03135,fine_tuning,fine_tuning,1,1,T4,9.81,40.5859375,12,3.0,0.07,0.07,7e-05,75,84,15,2.818333,openb-pod-6546
synthetic_03136,preprocessing,preprocessing,1,1,,4.0,14.900390625,1,0.25,0.07,0.07,7e-05,34,50,15,0.101944,openb-pod-0465
synthetic_03137,preprocessing,preprocessing,1,1,,8.0,29.8017578125,2,0.5,0.25,0.25,0.00025,89,94,15,0.295278,openb-pod-7042
synthetic_03138,preprocessing,preprocessing,1,1,,11.9,76.0,4,1.0,0.07,0.07,7e-05,35,40,15,0.868611,openb-pod-3008
synthetic_03139,preprocessing,preprocessing,1,1,,6.0,16.0,4,1.0,0.25,0.25,0.00025,61,73,15,0.832778,openb-pod-2424
synthetic_03140,preprocessing,preprocessing,1,1,,11.3,48.0,2,0.5,0.35,0.35,0.00035,9,19,15,0.366667,openb-pod-6292
synthetic_03141,preprocessing,preprocessing,1,1,,16.4,123.0,2,0.5,0.25,0.25,0.00025,7,14,15,0.282222,openb-pod-6829
synthetic_03142,preprocessing,preprocessing,1,1,,4.152,10.3515625,2,0.5,0.25,0.25,0.00025,12,20,15,0.330278,openb-pod-0926
synthetic_03143,preprocessing,preprocessing,1,1,,11.3,48.0,2,0.5,0.07,0.07,7e-05,25,37,15,0.436944,openb-pod-7043
synthetic_03144,preprocessing,preprocessing,1,1,,11.908,46.0,1,0.25,0.25,0.25,0.00025,91,95,15,0.192778,openb-pod-0305
synthetic_03145,preprocessing,preprocessing,2,2,,30.2,157.0,3,0.75,0.7,0.7,0.0007,36,47,15,0.629722,openb-pod-7137
synthetic_03146,preprocessing,preprocessing,1,1,,11.3,48.0,4,1.0,0.07,0.07,7e-05,62,74,15,0.878889,openb-pod-4639
synthetic_03147,preprocessing,preprocessing,1,1,,11.3,48.0,1,0.25,0.25,0.25,0.00025,11,21,15,0.142778,openb-pod-7651
synthetic_03148,preprocessing,preprocessing,1,1,,4.0,22.3515625,1,0.25,0.35,0.35,0.00035,55,68,15,0.058056,openb-pod-7815
synthetic_03149,preprocessing,preprocessing,1,1,,3.152,5.46875,1,0.25,0.07,0.07,7e-05,13,21,15,0.0475,openb-pod-0575
synthetic_03150,preprocessing,preprocessing,1,1,,11.4,47.0,6,1.5,0.35,0.35,0.00035,6,21,15,1.325278,openb-pod-3530
synthetic_03151,preprocessing,preprocessing,1,1,,3.152,5.46875,15,3.75,0.35,0.35,0.00035,22,32,15,3.513889,openb-pod-8030
synthetic_03152,fine_tuning,fine_tuning,1,1,T4,4.0,14.900390625,7,1.75,0.07,0.07,7e-05,76,86,15,1.525,openb-pod-3912
synthetic_03153,preprocessing,preprocessing,1,1,A10|G2|T4|V100M16|V100M32,14.2,57.0,1,0.25,0.25,0.25,0.00025,22,31,15,0.201944,openb-pod-5475
synthetic_03154,preprocessing,preprocessing,1,1,,4.0,29.8017578125,1,0.25,0.25,0.25,0.00025,53,59,15,0.196667,openb-pod-1544
synthetic_03155,preprocessing,preprocessing,1,1,,3.152,5.46875,1,0.25,0.25,0.25,0.00025,31,41,15,0.069167,openb-pod-6946
synthetic_03156,preprocessing,preprocessing,1,1,,8.0,29.8017578125,12,3.0,0.25,0.25,0.00025,53,64,15,2.830556,openb-pod-0279
synthetic_03157,preprocessing,preprocessing,1,1,,11.3,48.0,1,0.25,0.25,0.25,0.00025,77,82,15,0.042778,openb-pod-4801
synthetic_03158,preprocessing,preprocessing,1,1,,15.7,57.0,1,0.25,0.25,0.25,0.00025,35,46,15,0.02,openb-pod-4610
synthetic_03159,preprocessing,preprocessing,1,1,,11.3,48.0,1,0.25,0.25,0.25,0.00025,38,50,15,0.051944,openb-pod-7633
synthetic_03160,preprocessing,preprocessing,1,1,,3.152,5.46875,6,1.5,0.25,0.25,0.00025,74,87,15,1.304167,openb-pod-1908
synthetic_03161,fine_tuning,fine_tuning,1,1,T4,3.152,5.46875,1,0.25,0.07,0.07,7e-05,0,10,15,0.020556,openb-pod-7420
synthetic_03162,fine_tuning,fine_tuning,1,1,T4,11.3,48.0,2,0.5,0.07,0.07,7e-05,19,23,15,0.3475,openb-pod-4846
synthetic_03163,preprocessing,preprocessing,1,1,,12.0,24.0,1,0.25,0.35,0.35,0.00035,1,7,15,0.011111,openb-pod-6330
synthetic_03164,training,training,1,1,V100M16|V100M32,11.3,48.0,1,0.25,0.25,0.25,0.00025,18,33,15,0.169444,openb-pod-5202
synthetic_03165,fine_tuning,fine_tuning,1,1,T4,18.708,63.0,1,0.25,0.07,0.07,7e-05,43,54,15,0.212222,openb-pod-7253
synthetic_03166,preprocessing,preprocessing,1,1,P100|V100M16|V100M32,3.152,5.46875,1,0.25,0.25,0.25,0.00025,4,9,15,0.079444,openb-pod-1317
synthetic_03167,preprocessing,preprocessing,1,1,,3.152,5.46875,3,0.75,0.25,0.25,0.00025,50,57,15,0.738333,openb-pod-5575
synthetic_03168,preprocessing,preprocessing,1,1,,8.0,16.0,2,0.5,0.35,0.35,0.00035,78,87,15,0.425278,openb-pod-0292
synthetic_03169,preprocessing,preprocessing,1,1,,3.152,5.46875,1,0.25,0.25,0.25,0.00025,7,15,15,0.035556,openb-pod-1832
synthetic_03170,fine_tuning,fine_tuning,1,1,T4,3.152,5.46875,1,0.25,0.07,0.07,7e-05,16,22,15,0.04,openb-pod-1859
synthetic_03171,preprocessing,preprocessing,1,1,,11.9,76.0,3,0.75,0.35,0.35,0.00035,0,7,15,0.585833,openb-pod-3025
synthetic_03172,preprocessing,preprocessing,1,1,,11.4,47.0,3,0.75,0.25,0.25,0.00025,83,91,15,0.529444,openb-pod-2785
synthetic_03173,preprocessing,preprocessing,1,1,,12.0,15.0,7,1.75,0.35,0.35,0.00035,70,80,15,1.666944,openb-pod-6584
synthetic_03174,preprocessing,preprocessing,1,1,,3.152,5.46875,1,0.25,0.25,0.25,0.00025,23,37,15,0.044722,openb-pod-0851
synthetic_03175,preprocessing,preprocessing,1,1,,18.708,63.0,1,0.25,0.25,0.25,0.00025,6,17,15,0.048056,openb-pod-0286
synthetic_03176,preprocessing,preprocessing,1,1,,3.152,5.46875,1,0.25,0.35,0.35,0.00035,71,75,15,0.091667,openb-pod-7961
synthetic_03177,preprocessing,preprocessing,1,1,P100|V100M16|V100M32,11.3,48.0,1,0.25,0.25,0.25,0.00025,15,24,15,0.018056,openb-pod-4906
synthetic_03178,preprocessing,preprocessing,1,1,,3.152,5.46875,1,0.25,0.07,0.07,7e-05,13,27,15,0.060278,openb-pod-7516
synthetic_03179,training,training,1,1,V100M16|V100M32,11.3,48.0,2,0.5,0.25,0.25,0.00025,31,43,15,0.429167,openb-pod-6645
synthetic_03180,preprocessing,preprocessing,1,1,,11.4,76.0,6,1.5,0.35,0.35,0.00035,83,90,15,1.305278,openb-pod-4765
synthetic_03181,preprocessing,preprocessing,1,1,,18.708,63.0,1,0.25,0.07,0.07,7e-05,30,43,15,0.014722,openb-pod-5156
synthetic_03182,preprocessing,preprocessing,1,1,,3.152,5.46875,1,0.25,0.35,0.35,0.00035,19,35,15,0.156944,openb-pod-3401
synthetic_03183,fine_tuning,fine_tuning,1,1,T4,4.0,29.8017578125,6,1.5,0.07,0.07,7e-05,63,74,15,1.343611,openb-pod-3859
synthetic_03184,preprocessing,preprocessing,1,1,,11.4,47.0,2,0.5,0.25,0.25,0.00025,81,92,15,0.300278,openb-pod-4477
synthetic_03185,preprocessing,preprocessing,1,1,,4.0,30.517578125,3,0.75,0.35,0.35,0.00035,61,70,15,0.515833,openb-pod-5706
synthetic_03186,fine_tuning,fine_tuning,1,1,P100,4.0,14.900390625,3,0.75,0.25,0.25,0.00025,13,25,15,0.645278,openb-pod-0839
synthetic_03187,preprocessing,preprocessing,1,1,,11.4,47.0,2,0.5,0.35,0.35,0.00035,24,36,15,0.313611,openb-pod-3481
synthetic_03188,preprocessing,preprocessing,1,1,,11.3,48.0,1,0.25,0.35,0.35,0.00035,84,95,15,0.094722,openb-pod-6296
synthetic_03189,preprocessing,preprocessing,1,1,,3.152,5.46875,1,0.25,0.25,0.25,0.00025,6,17,15,0.040833,openb-pod-1534
synthetic_03190,preprocessing,preprocessing,1,1,,11.3,48.0,8,2.0,0.25,0.25,0.00025,13,23,15,1.911944,openb-pod-6996
synthetic_03191,preprocessing,preprocessing,1,1,,11.4,76.0,13,3.25,0.25,0.25,0.00025,69,79,15,3.008889,openb-pod-6728
synthetic_03192,preprocessing,preprocessing,1,1,P100|V100M16|V100M32,3.152,5.46875,1,0.25,0.25,0.25,0.00025,1,9,15,0.079444,openb-pod-1317
synthetic_03193,preprocessing,preprocessing,1,1,,11.3,48.0,1,0.25,0.35,0.35,0.00035,64,78,15,0.053889,openb-pod-7574
synthetic_03194,training,training,1,1,V100M16|V100M32,12.0,24.0,16,4.0,0.25,0.25,0.00025,62,66,15,3.868889,openb-pod-5788
synthetic_03195,preprocessing,preprocessing,1,1,,11.3,48.0,4,1.0,0.25,0.25,0.00025,49,57,15,0.811667,openb-pod-4868
synthetic_03196,preprocessing,preprocessing,1,1,,11.908,46.0,2,0.5,0.07,0.07,7e-05,86,94,15,0.345833,openb-pod-7110
synthetic_03197,preprocessing,preprocessing,1,1,,11.908,46.0,1,0.25,0.25,0.25,0.00025,20,29,15,0.01,openb-pod-0208
synthetic_03198,fine_tuning,fine_tuning,1,1,T4,3.152,5.46875,1,0.25,0.07,0.07,7e-05,23,36,15,0.005,openb-pod-4300
synthetic_03199,preprocessing,preprocessing,1,1,,3.152,5.46875,1,0.25,0.25,0.25,0.00025,15,28,15,0.109722,openb-pod-7006
synthetic_03200,preprocessing,preprocessing,1,1,,8.0,29.8017578125,3,0.75,0.25,0.25,0.00025,4,19,15,0.562778,openb-pod-2144
synthetic_03201,preprocessing,preprocessing,1,1,,11.4,47.0,1,0.25,0.35,0.35,0.00035,19,31,15,0.012222,openb-pod-3722
synthetic_03202,fine_tuning,fine_tuning,1,1,G2,12.0,16.0,7,1.75,0.35,0.35,0.00035,2,10,15,1.704444,openb-pod-6342
synthetic_03203,preprocessing,preprocessing,1,1,,18.708,63.0,1,0.25,0.35,0.35,0.00035,54,64,15,0.027778,openb-pod-0071
synthetic_03204,preprocessing,preprocessing,1,1,,9.81,40.5859375,4,1.0,0.25,0.25,0.00025,45,55,15,0.909444,openb-pod-5722
synthetic_03205,fine_tuning,fine_tuning,1,1,P100,3.152,5.46875,1,0.25,0.25,0.25,0.00025,12,22,15,0.011389,openb-pod-6643
synthetic_03206,fine_tuning,fine_tuning,1,1,G2,11.4,47.0,1,0.25,0.35,0.35,0.00035,57,66,15,0.025833,openb-pod-2333
synthetic_03207,preprocessing,preprocessing,1,1,,11.4,47.0,1,0.25,0.35,0.35,0.00035,16,30,15,0.02,openb-pod-2810
synthetic_03208,fine_tuning,fine_tuning,1,1,T4,1.0,2.0,8,2.0,0.07,0.07,7e-05,56,63,15,1.852222,openb-pod-4239
synthetic_03209,preprocessing,preprocessing,1,1,,16.4,123.0,2,0.5,0.35,0.35,0.00035,87,94,15,0.282222,openb-pod-6829
synthetic_03210,preprocessing,preprocessing,1,1,,16.0,64.0,2,0.5,0.35,0.35,0.00035,67,76,15,0.488889,openb-pod-0963
synthetic_03211,preprocessing,preprocessing,1,1,,11.4,47.0,2,0.5,0.25,0.25,0.00025,20,34,15,0.31,openb-pod-2465
synthetic_03212,preprocessing,preprocessing,1,1,,11.908,46.0,1,0.25,0.07,0.07,7e-05,78,86,15,0.013333,openb-pod-7235
synthetic_03213,preprocessing,preprocessing,1,1,,4.152,10.3515625,1,0.25,0.25,0.25,0.00025,22,27,15,0.008611,openb-pod-2160
synthetic_03214,preprocessing,preprocessing,1,1,,11.908,46.0,2,0.5,0.35,0.35,0.00035,0,7,15,0.378611,openb-pod-2366
synthetic_03215,preprocessing,preprocessing,1,1,,11.908,46.0,9,2.25,0.25,0.25,0.00025,80,87,15,2.147222,openb-pod-8054
synthetic_03216,preprocessing,preprocessing,1,1,P100|V100M16|V100M32,14.2,57.0,3,0.75,0.25,0.25,0.00025,0,10,15,0.638889,openb-pod-6019
synthetic_03217,preprocessing,preprocessing,1,1,,11.3,48.0,1,0.25,0.07,0.07,7e-05,9,19,15,0.130278,openb-pod-4848
synthetic_03218,training,training,1,1,V100M16|V100M32,18.708,63.0,1,0.25,0.25,0.25,0.00025,43,49,15,0.048056,openb-pod-0626
synthetic_03219,preprocessing,preprocessing,1,1,,1.0,2.0,1,0.25,0.35,0.35,0.00035,26,31,15,0.033333,openb-pod-7102
synthetic_03220,preprocessing,preprocessing,1,1,,16.0,32.0,2,0.5,0.25,0.25,0.00025,63,71,15,0.326111,openb-pod-0283
synthetic_03221,fine_tuning,fine_tuning,1,1,G3,11.3,48.0,2,0.5,0.35,0.35,0.00035,17,23,15,0.259444,openb-pod-4738
synthetic_03222,preprocessing,preprocessing,1,1,,3.152,5.46875,1,0.25,0.35,0.35,0.00035,13,25,15,0.040833,openb-pod-1791
synthetic_03223,preprocessing,preprocessing,1,1,,11.3,48.0,1,0.25,0.35,0.35,0.00035,17,29,15,0.020556,openb-pod-7809
synthetic_03224,preprocessing,preprocessing,1,1,,11.3,48.0,1,0.25,0.25,0.25,0.00025,63,70,15,0.085,openb-pod-7767
synthetic_03225,preprocessing,preprocessing,1,1,,8.0,32.0,2,0.5,0.25,0.25,0.00025,0,9,15,0.348611,openb-pod-2837
synthetic_03226,preprocessing,preprocessing,1,1,,3.152,5.46875,2,0.5,0.35,0.35,0.00035,11,22,15,0.258056,openb-pod-4659
synthetic_03227,preprocessing,preprocessing,1,1,,11.3,48.0,2,0.5,0.35,0.35,0.00035,52,65,15,0.368611,openb-pod-4908
synthetic_03228,preprocessing,preprocessing,1,1,,3.152,5.46875,1,0.25,0.25,0.25,0.00025,85,95,15,0.054444,openb-pod-6743
synthetic_03229,preprocessing,preprocessing,1,1,,11.4,47.0,1,0.25,0.25,0.25,0.00025,70,78,15,0.031944,openb-pod-1901
synthetic_03230,preprocessing,preprocessing,1,1,,8.0,29.8017578125,1,0.25,0.35,0.35,0.00035,0,8,15,0.015833,openb-pod-1015
synthetic_03231,preprocessing,preprocessing,1,1,,16.0,32.0,1,0.25,0.25,0.25,0.00025,41,48,15,0.005,openb-pod-6501
synthetic_03232,preprocessing,preprocessing,1,1,,8.0,29.8017578125,1,0.25,0.35,0.35,0.00035,21,34,15,0.040556,openb-pod-8028
synthetic_03233,preprocessing,preprocessing,1,1,,11.3,48.0,1,0.25,0.25,0.25,0.00025,46,57,15,0.0675,openb-pod-7890
synthetic_03234,preprocessing,preprocessing,1,1,,8.0,29.8017578125,1,0.25,0.35,0.35,0.00035,11,23,15,0.012778,openb-pod-5704
synthetic_03235,preprocessing,preprocessing,1,1,,3.152,5.46875,1,0.25,0.07,0.07,7e-05,27,39,15,0.058889,openb-pod-3177
synthetic_03236,fine_tuning,fine_tuning,1,1,T4,8.0,32.0,4,1.0,0.07,0.07,7e-05,45,54,15,0.816944,openb-pod-0488
synthetic_03237,preprocessing,preprocessing,1,1,,11.4,47.0,1,0.25,0.25,0.25,0.00025,85,94,15,0.223889,openb-pod-1436
synthetic_03238,fine_tuning,fine_tuning,1,1,T4,4.152,10.3515625,1,0.25,0.07,0.07,7e-05,12,22,15,0.245,openb-pod-2266
synthetic_03239,fine_tuning,fine_tuning,1,1,T4,11.908,46.0,3,0.75,0.07,0.07,7e-05,31,46,15,0.681111,openb-pod-7479
synthetic_03240,preprocessing,preprocessing,1,1,,11.3,48.0,1,0.25,0.25,0.25,0.00025,60,67,15,0.094444,openb-pod-7881
synthetic_03241,preprocessing,preprocessing,1,1,,4.0,22.3515625,10,2.5,0.07,0.07,7e-05,63,74,15,2.261667,openb-pod-5793
synthetic_03242,preprocessing,preprocessing,1,1,,3.152,5.46875,1,0.25,0.07,0.07,7e-05,61,71,15,0.063611,openb-pod-1737
synthetic_03243,preprocessing,preprocessing,1,1,,18.708,63.0,1,0.25,0.35,0.35,0.00035,26,36,15,0.124167,openb-pod-5465
synthetic_03244,preprocessing,preprocessing,1,1,,3.152,5.46875,2,0.5,0.25,0.25,0.00025,23,35,15,0.258333,openb-pod-4285
synthetic_03245,preprocessing,preprocessing,1,1,,11.3,48.0,1,0.25,0.25,0.25,0.00025,32,41,15,0.045556,openb-pod-4740
synthetic_03246,preprocessing,preprocessing,1,1,,8.0,29.8017578125,1,0.25,0.25,0.25,0.00025,63,77,15,0.020833,openb-pod-1719
synthetic_03247,training,training,1,1,V100M16|V100M32,11.3,48.0,1,0.25,0.25,0.25,0.00025,0,9,15,0.169444,openb-pod-5202
synthetic_03248,preprocessing,preprocessing,1,1,,3.152,5.46875,1,0.25,0.25,0.25,0.00025,15,24,15,0.120278,openb-pod-7931
synthetic_03249,training,training,1,1,V100M16|V100M32,15.7,57.0,2,0.5,0.25,0.25,0.00025,17,29,15,0.473889,openb-pod-2935
synthetic_03250,preprocessing,preprocessing,1,1,,11.908,46.0,6,1.5,0.25,0.25,0.00025,1,17,15,1.378611,openb-pod-2636
synthetic_03251,preprocessing,preprocessing,1,1,,11.3,48.0,2,0.5,0.07,0.07,7e-05,10,17,15,0.355556,openb-pod-5459
synthetic_03252,training,training,1,1,V100M16|V100M32,6.0,32.0,2,0.5,0.25,0.25,0.00025,45,51,15,0.416667,openb-pod-6228
synthetic_03253,fine_tuning,fine_tuning,1,1,T4,8.0,16.0,2,0.5,0.07,0.07,7e-05,38,51,15,0.286389,openb-pod-3128
synthetic_03254,preprocessing,preprocessing,1,1,,8.0,16.0,2,0.5,0.35,0.35,0.00035,0,10,15,0.3975,openb-pod-2173
synthetic_03255,preprocessing,preprocessing,1,1,,3.152,5.46875,4,1.0,0.35,0.35,0.00035,85,92,15,0.878056,openb-pod-4789
synthetic_03256,fine_tuning,fine_tuning,1,1,T4,11.4,47.0,1,0.25,0.07,0.07,7e-05,13,24,15,0.013889,openb-pod-2331
synthetic_03257,fine_tuning,fine_tuning,1,1,P100,4.152,10.3515625,2,0.5,0.25,0.25,0.00025,17,27,15,0.323889,openb-pod-2201
synthetic_03258,fine_tuning,fine_tuning,1,1,T4,11.3,48.0,1,0.25,0.07,0.07,7e-05,3,8,15,0.073056,openb-pod-6220
synthetic_03259,preprocessing,preprocessing,1,1,,11.3,48.0,2,0.5,0.25,0.25,0.00025,7,19,15,0.296944,openb-pod-5136
synthetic_03260,preprocessing,preprocessing,1,1,,11.3,48.0,1,0.25,0.25,0.25,0.00025,64,74,15,0.089444,openb-pod-4866
synthetic_03261,fine_tuning,fine_tuning,1,1,T4,3.152,5.46875,1,0.25,0.07,0.07,7e-05,53,62,15,0.074167,openb-pod-7559
synthetic_03262,fine_tuning,fine_tuning,1,1,T4,9.81,40.5859375,13,3.25,0.07,0.07,7e-05,52,64,15,3.086389,openb-pod-1569
synthetic_03263,preprocessing,preprocessing,1,1,,6.0,6.0,2,0.5,0.35,0.35,0.00035,32,42,15,0.317222,openb-pod-5948
synthetic_03264,preprocessing,preprocessing,1,1,,4.0,14.900390625,2,0.5,0.35,0.35,0.00035,63,73,15,0.335833,openb-pod-0219
synthetic_03265,fine_tuning,fine_tuning,1,1,T4,9.81,40.5859375,7,1.75,0.07,0.07,7e-05,39,53,15,1.680278,openb-pod-1048
synthetic_03266,fine_tuning,fine_tuning,1,1,P100,4.0,22.3515625,1,0.25,0.25,0.25,0.00025,47,54,15,0.106944,openb-pod-3439
synthetic_03267,preprocessing,preprocessing,1,1,,3.152,5.46875,1,0.25,0.25,0.25,0.00025,0,5,15,0.086944,openb-pod-0176
synthetic_03268,preprocessing,preprocessing,1,1,,11.3,48.0,1,0.25,0.35,0.35,0.00035,61,70,15,0.068056,openb-pod-7704
synthetic_03269,preprocessing,preprocessing,1,1,,11.3,48.0,1,0.25,0.25,0.25,0.00025,43,53,15,0.124722,openb-pod-6741
synthetic_03270,fine_tuning,fine_tuning,1,1,T4,4.0,14.900390625,1,0.25,0.07,0.07,7e-05,71,79,15,0.067778,openb-pod-4181
synthetic_03271,preprocessing,preprocessing,1,1,,3.152,5.46875,5,1.25,0.35,0.35,0.00035,1,16,15,1.123611,openb-pod-1087
synthetic_03272,preprocessing,preprocessing,1,1,,24.2,91.0,8,2.0,0.25,0.25,0.00025,77,85,15,1.759167,openb-pod-7655
synthetic_03273,fine_tuning,fine_tuning,1,1,T4,11.9,76.0,3,0.75,0.07,0.07,7e-05,0,10,15,0.6975,openb-pod-2518
synthetic_03274,preprocessing,preprocessing,1,1,,16.0,32.0,2,0.5,0.35,0.35,0.00035,1,13,15,0.28,openb-pod-2948
synthetic_03275,fine_tuning,fine_tuning,1,1,T4,8.0,29.8017578125,1,0.25,0.07,0.07,7e-05,23,30,15,0.011389,openb-pod-4212
synthetic_03276,preprocessing,preprocessing,1,1,,11.908,46.0,5,1.25,0.25,0.25,0.00025,72,85,15,1.241111,openb-pod-6950
synthetic_03277,preprocessing,preprocessing,1,1,,3.152,5.46875,1,0.25,0.25,0.25,0.00025,80,86,15,0.067222,openb-pod-7096
synthetic_03278,preprocessing,preprocessing,1,1,,12.0,16.0,2,0.5,0.35,0.35,0.00035,2,8,15,0.483056,openb-pod-2313
synthetic_03279,fine_tuning,fine_tuning,1,1,P100,11.908,46.0,1,0.25,0.25,0.25,0.00025,0,10,15,0.081944,openb-pod-2846
synthetic_03280,fine_tuning,fine_tuning,1,1,T4,3.152,5.46875,1,0.25,0.07,0.07,7e-05,43,56,15,0.050278,openb-pod-0254
synthetic_03281,fine_tuning,fine_tuning,1,1,T4,8.0,29.8017578125,1,0.25,0.07,0.07,7e-05,35,46,15,0.011389,openb-pod-4212
synthetic_03282,fine_tuning,fine_tuning,1,1,G2,11.3,48.0,1,0.25,0.35,0.35,0.00035,66,77,15,0.230833,openb-pod-4849
synthetic_03283,fine_tuning,fine_tuning,1,1,T4,11.908,46.0,1,0.25,0.07,0.07,7e-05,76,81,15,0.113611,openb-pod-7278
synthetic_03284,preprocessing,preprocessing,1,1,,11.908,46.0,1,0.25,0.07,0.07,7e-05,5,9,15,0.208611,openb-pod-5709
synthetic_03285,preprocessing,preprocessing,1,1,,6.0,6.0,1,0.25,0.25,0.25,0.00025,49,59,15,0.249722,openb-pod-2917
synthetic_03286,preprocessing,preprocessing,1,1,,11.908,46.0,5,1.25,0.25,0.25,0.00025,0,4,15,1.17,openb-pod-3810
synthetic_03287,preprocessing,preprocessing,1,1,,3.152,5.46875,1,0.25,0.35,0.35,0.00035,59,71,15,0.045556,openb-pod-3667
synthetic_03288,preprocessing,preprocessing,1,1,,11.908,46.0,2,0.5,0.35,0.35,0.00035,76,85,15,0.268889,openb-pod-3148
synthetic_03289,fine_tuning,fine_tuning,1,1,T4,9.81,40.5859375,1,0.25,0.07,0.07,7e-05,52,61,15,0.070833,openb-pod-7407
synthetic_03290,preprocessing,preprocessing,1,1,,11.908,46.0,1,0.25,0.07,0.07,7e-05,0,8,15,0.025833,openb-pod-3510
synthetic_03291,preprocessing,preprocessing,1,1,,3.152,5.46875,1,0.25,0.25,0.25,0.00025,38,44,15,0.078611,openb-pod-3113
synthetic_03292,preprocessing,preprocessing,1,1,,11.3,48.0,2,0.5,0.25,0.25,0.00025,37,43,15,0.296944,openb-pod-5136
synthetic_03293,preprocessing,preprocessing,1,1,,3.152,5.46875,1,0.25,0.25,0.25,0.00025,72,84,15,0.014444,openb-pod-7818
synthetic_03294,fine_tuning,fine_tuning,1,1,T4,11.3,48.0,1,0.25,0.07,0.07,7e-05,9,16,15,0.138333,openb-pod-6923
synthetic_03295,preprocessing,preprocessing,1,1,,3.152,5.46875,1,0.25,0.25,0.25,0.00025,14,27,15,0.0525,openb-pod-3345
synthetic_03296,fine_tuning,fine_tuning,1,1,T4,11.3,48.0,1,0.25,0.07,0.07,7e-05,18,30,15,0.096111,openb-pod-6672
synthetic_03297,preprocessing,preprocessing,1,1,,18.708,63.0,1,0.25,0.25,0.25,0.00025,0,6,15,0.021667,openb-pod-1939
synthetic_03298,preprocessing,preprocessing,1,1,,11.3,48.0,1,0.25,0.25,0.25,0.00025,27,38,15,0.065,openb-pod-7578
synthetic_03299,preprocessing,preprocessing,1,1,,11.3,48.0,2,0.5,0.35,0.35,0.00035,15,25,15,0.475833,openb-pod-6984
synthetic_03300,preprocessing,preprocessing,1,1,,24.2,91.0,2,0.5,0.35,0.35,0.00035,50,63,15,0.49,openb-pod-5935
synthetic_03301,preprocessing,preprocessing,1,1,,3.152,5.46875,1,0.25,0.25,0.25,0.00025,13,24,15,0.0175,openb-pod-1672
synthetic_03302,preprocessing,preprocessing,1,1,,12.0,16.0,2,0.5,0.07,0.07,7e-05,80,89,15,0.353333,openb-pod-4519
synthetic_03303,preprocessing,preprocessing,1,1,,3.152,5.46875,1,0.25,0.35,0.35,0.00035,4,10,15,0.078333,openb-pod-7926
synthetic_03304,preprocessing,preprocessing,1,1,,12.0,16.0,1,0.25,0.07,0.07,7e-05,41,51,15,0.15,openb-pod-2749
synthetic_03305,fine_tuning,fine_tuning,1,1,G2,12.0,24.0,6,1.5,0.35,0.35,0.00035,86,90,15,1.253889,openb-pod-4695
synthetic_03306,preprocessing,preprocessing,1,1,,3.152,5.46875,1,0.25,0.25,0.25,0.00025,88,95,15,0.048056,openb-pod-1165
synthetic_03307,preprocessing,preprocessing,1,1,,11.908,46.0,2,0.5,0.25,0.25,0.00025,16,20,15,0.293056,openb-pod-6196
synthetic_03308,fine_tuning,fine_tuning,1,1,T4,18.708,63.0,2,0.5,0.07,0.07,7e-05,34,50,15,0.470278,openb-pod-2374
synthetic_03309,preprocessing,preprocessing,1,1,,11.3,48.0,1,0.25,0.35,0.35,0.00035,81,87,15,0.070556,openb-pod-7568
synthetic_03310,preprocessing,preprocessing,1,1,,11.3,48.0,1,0.25,0.25,0.25,0.00025,7,17,15,0.192222,openb-pod-5987
synthetic_03311,preprocessing,preprocessing,1,1,,24.2,91.0,1,0.25,0.25,0.25,0.00025,89,95,15,0.232222,openb-pod-5959
synthetic_03312,preprocessing,preprocessing,1,1,,11.908,46.0,1,0.25,0.07,0.07,7e-05,70,80,15,0.1175,openb-pod-5884
synthetic_03313,preprocessing,preprocessing,1,1,,3.152,5.46875,1,0.25,0.25,0.25,0.00025,64,72,15,0.096667,openb-pod-6761
synthetic_03314,preprocessing,preprocessing,1,1,,3.152,5.46875,16,4.0,0.35,0.35,0.00035,3,16,15,3.87,openb-pod-3668
synthetic_03315,preprocessing,preprocessing,1,1,,3.152,5.46875,1,0.25,0.25,0.25,0.00025,80,89,15,0.014722,openb-pod-7986
synthetic_03316,preprocessing,preprocessing,1,1,,11.4,47.0,6,1.5,0.25,0.25,0.00025,68,76,15,1.376111,openb-pod-2469
synthetic_03317,preprocessing,preprocessing,1,1,,15.7,57.0,3,0.75,0.07,0.07,7e-05,57,69,15,0.637222,openb-pod-1299
synthetic_03318,preprocessing,preprocessing,1,1,,8.0,29.8017578125,1,0.25,0.35,0.35,0.00035,9,16,15,0.023611,openb-pod-3854
synthetic_03319,preprocessing,preprocessing,1,1,,9.81,40.5859375,1,0.25,0.35,0.35,0.00035,19,28,15,0.209722,openb-pod-3162
synthetic_03320,preprocessing,preprocessing,1,1,,11.4,47.0,2,0.5,0.35,0.35,0.00035,82,90,15,0.344167,openb-pod-2472
synthetic_03321,fine_tuning,fine_tuning,1,1,T4,3.152,5.46875,2,0.5,0.07,0.07,7e-05,40,48,15,0.321667,openb-pod-6892
synthetic_03322,preprocessing,preprocessing,1,1,,11.4,47.0,2,0.5,0.07,0.07,7e-05,4,14,15,0.31,openb-pod-2465
synthetic_03323,preprocessing,preprocessing,1,1,A10|G2|T4|V100M16|V100M32,8.0,32.0,2,0.5,0.25,0.25,0.00025,0,14,15,0.317778,openb-pod-3282
synthetic_03324,fine_tuning,fine_tuning,1,1,T4,4.152,10.3515625,2,0.5,0.07,0.07,7e-05,10,17,15,0.279167,openb-pod-2705
synthetic_03325,training,training,1,1,V100M16|V100M32,3.152,5.46875,1,0.25,0.25,0.25,0.00025,75,87,15,0.049167,openb-pod-1926
synthetic_03326,preprocessing,preprocessing,1,1,,3.152,5.46875,8,2.0,0.25,0.25,0.00025,71,87,15,1.801667,openb-pod-4602
synthetic_03327,preprocessing,preprocessing,1,1,,3.152,5.46875,1,0.25,0.25,0.25,0.00025,37,49,15,0.065556,openb-pod-3199
synthetic_03328,preprocessing,preprocessing,1,1,,12.0,24.0,9,2.25,0.35,0.35,0.00035,31,40,15,2.242778,openb-pod-7065
synthetic_03329,preprocessing,preprocessing,1,1,,9.81,40.5859375,2,0.5,0.35,0.35,0.00035,86,94,15,0.466667,openb-pod-5473
synthetic_03330,preprocessing,preprocessing,1,1,,12.0,48.0,1,0.25,0.35,0.35,0.00035,43,56,15,0.031944,openb-pod-0056
synthetic_03331,preprocessing,preprocessing,1,1,,11.3,48.0,1,0.25,0.25,0.25,0.00025,44,52,15,0.089722,openb-pod-7770
synthetic_03332,preprocessing,preprocessing,1,1,,9.81,40.5859375,3,0.75,0.07,0.07,7e-05,81,90,15,0.522778,openb-pod-1751
synthetic_03333,preprocessing,preprocessing,1,1,,11.908,46.0,2,0.5,0.35,0.35,0.00035,68,77,15,0.435,openb-pod-5030
synthetic_03334,preprocessing,preprocessing,1,1,,3.152,5.46875,1,0.25,0.35,0.35,0.00035,89,93,15,0.006944,openb-pod-4732
synthetic_03335,preprocessing,preprocessing,1,1,,11.9,76.0,3,0.75,0.25,0.25,0.00025,4,13,15,0.591389,openb-pod-2498
synthetic_03336,training,training,1,1,V100M16|V100M32,11.908,46.0,1,0.25,0.25,0.25,0.00025,83,93,15,0.015,openb-pod-8029
synthetic_03337,preprocessing,preprocessing,1,1,,11.908,46.0,1,0.25,0.07,0.07,7e-05,18,28,15,0.134167,openb-pod-2381
synthetic_03338,preprocessing,preprocessing,1,1,,4.0,24.0,5,1.25,0.25,0.25,0.00025,0,4,15,1.125556,openb-pod-4773
synthetic_03339,preprocessing,preprocessing,1,1,,16.0,64.0,1,0.25,0.35,0.35,0.00035,78,87,15,0.149444,openb-pod-5494
synthetic_03340,preprocessing,preprocessing,8,8,,64.2,257.0,1,0.25,2.0,2.0,0.002,0,6,15,0.138611,openb-pod-2316
synthetic_03341,fine_tuning,fine_tuning,1,1,T4,15.2,79.0,5,1.25,0.07,0.07,7e-05,49,55,15,1.134722,openb-pod-4403
synthetic_03342,preprocessing,preprocessing,1,1,,11.908,46.0,3,0.75,0.25,0.25,0.00025,42,51,15,0.682222,openb-pod-7092
synthetic_03343,fine_tuning,fine_tuning,1,1,T4,4.152,10.3515625,1,0.25,0.07,0.07,7e-05,62,70,15,0.096944,openb-pod-2470
synthetic_03344,preprocessing,preprocessing,1,1,,11.908,46.0,7,1.75,0.35,0.35,0.00035,58,64,15,1.518611,openb-pod-8065
synthetic_03345,fine_tuning,fine_tuning,1,1,G3,24.2,91.0,1,0.25,0.35,0.35,0.00035,79,92,15,0.248056,openb-pod-6045
synthetic_03346,training,training,1,1,V100M16|V100M32,4.0,24.0,5,1.25,0.25,0.25,0.00025,56,66,15,1.143056,openb-pod-6468
synthetic_03347,fine_tuning,fine_tuning,1,1,T4,11.4,47.0,1,0.25,0.07,0.07,7e-05,88,95,15,0.025833,openb-pod-3676
synthetic_03348,preprocessing,preprocessing,1,1,,4.0,29.8017578125,1,0.25,0.25,0.25,0.00025,68,77,15,0.110556,openb-pod-0472
synthetic_03349,preprocessing,preprocessing,1,1,,11.4,47.0,1,0.25,0.07,0.07,7e-05,42,49,15,0.023889,openb-pod-3527
synthetic_03350,preprocessing,preprocessing,1,1,,11.4,47.0,1,0.25,0.35,0.35,0.00035,15,26,15,0.025278,openb-pod-4279
synthetic_03351,preprocessing,preprocessing,1,1,,11.4,47.0,2,0.5,0.25,0.25,0.00025,3,12,15,0.412778,openb-pod-1035
synthetic_03352,preprocessing,preprocessing,1,1,,3.152,5.46875,1,0.25,0.25,0.25,0.00025,28,36,15,0.156944,openb-pod-3401
synthetic_03353,fine_tuning,fine_tuning,4,4,G2,32.2,129.0,1,0.25,1.4,1.4,0.0014,90,95,15,0.010278,openb-pod-7154
synthetic_03354,preprocessing,preprocessing,1,1,,4.0,22.3515625,3,0.75,0.25,0.25,0.00025,44,53,15,0.516389,openb-pod-4887
synthetic_03355,preprocessing,preprocessing,1,1,,11.3,37.0,4,1.0,0.35,0.35,0.00035,44,51,15,0.888333,openb-pod-3453
synthetic_03356,preprocessing,preprocessing,1,1,,11.3,48.0,1,0.25,0.25,0.25,0.00025,23,31,15,0.039722,openb-pod-7853
synthetic_03357,preprocessing,preprocessing,1,1,,15.7,57.0,1,0.25,0.35,0.35,0.00035,27,39,15,0.155556,openb-pod-2936
synthetic_03358,preprocessing,preprocessing,1,1,,11.908,46.0,1,0.25,0.25,0.25,0.00025,17,29,15,0.141944,openb-pod-7493
synthetic_03359,preprocessing,preprocessing,1,1,,11.3,48.0,3,0.75,0.07,0.07,7e-05,29,37,15,0.658056,openb-pod-5315
synthetic_03360,preprocessing,preprocessing,1,1,,3.152,5.46875,1,0.25,0.07,0.07,7e-05,46,53,15,0.023056,openb-pod-4157
synthetic_03361,preprocessing,preprocessing,1,1,P100|T4|V100M16|V100M32,18.708,63.0,1,0.25,0.25,0.25,0.00025,73,78,15,0.032222,openb-pod-6975
synthetic_03362,fine_tuning,fine_tuning,1,1,T4,3.152,5.46875,1,0.25,0.07,0.07,7e-05,24,35,15,0.081667,openb-pod-7327
synthetic_03363,preprocessing,preprocessing,1,1,,11.908,46.0,2,0.5,0.35,0.35,0.00035,86,94,15,0.351667,openb-pod-4304
synthetic_03364,preprocessing,preprocessing,1,1,P100|V100M16|V100M32,12.0,32.0,2,0.5,0.25,0.25,0.00025,13,17,15,0.333333,openb-pod-0421
synthetic_03365,preprocessing,preprocessing,1,1,A10|G2|T4|V100M16|V100M32,11.3,48.0,1,0.25,0.35,0.35,0.00035,77,86,15,0.085278,openb-pod-5088
synthetic_03366,preprocessing,preprocessing,1,1,,3.152,5.46875,4,1.0,0.35,0.35,0.00035,11,21,15,0.859722,openb-pod-7817
synthetic_03367,preprocessing,preprocessing,1,1,,8.0,29.8017578125,4,1.0,0.25,0.25,0.00025,45,57,15,0.765278,openb-pod-0222
synthetic_03368,fine_tuning,fine_tuning,1,1,T4,11.908,46.0,1,0.25,0.07,0.07,7e-05,71,80,15,0.147222,openb-pod-3037
synthetic_03369,preprocessing,preprocessing,1,1,,4.152,10.3515625,1,0.25,0.25,0.25,0.00025,74,87,15,0.010556,openb-pod-0906
synthetic_03370,fine_tuning,fine_tuning,1,1,T4,16.0,32.0,2,0.5,0.07,0.07,7e-05,53,65,15,0.2975,openb-pod-2853
synthetic_03371,preprocessing,preprocessing,1,1,,11.908,46.0,14,3.5,0.25,0.25,0.00025,5,15,15,3.3075,openb-pod-0414
synthetic_03372,fine_tuning,fine_tuning,1,1,G2,12.0,16.0,7,1.75,0.35,0.35,0.00035,74,89,15,1.704444,openb-pod-6342
synthetic_03373,preprocessing,preprocessing,1,1,,8.0,29.8017578125,2,0.5,0.25,0.25,0.00025,83,94,15,0.283889,openb-pod-5444
synthetic_03374,fine_tuning,fine_tuning,1,1,T4,3.152,5.46875,1,0.25,0.07,0.07,7e-05,55,64,15,0.0575,openb-pod-1775
synthetic_03375,preprocessing,preprocessing,1,1,,3.152,5.46875,1,0.25,0.35,0.35,0.00035,0,14,15,0.006389,openb-pod-5814
synthetic_03376,fine_tuning,fine_tuning,1,1,G2,11.3,48.0,1,0.25,0.35,0.35,0.00035,19,30,15,0.016944,openb-pod-7746
synthetic_03377,preprocessing,preprocessing,1,1,,3.152,5.46875,1,0.25,0.25,0.25,0.00025,36,46,15,0.041667,openb-pod-1725
synthetic_03378,fine_tuning,fine_tuning,1,1,T4,3.152,5.46875,1,0.25,0.07,0.07,7e-05,2,13,15,0.083611,openb-pod-0192
synthetic_03379,preprocessing,preprocessing,1,1,,11.4,47.0,5,1.25,0.35,0.35,0.00035,77,87,15,1.068333,openb-pod-2450
synthetic_03380,preprocessing,preprocessing,1,1,,11.908,46.0,1,0.25,0.25,0.25,0.00025,58,65,15,0.21,openb-pod-7069
synthetic_03381,fine_tuning,fine_tuning,1,1,T4,6.0,12.0,1,0.25,0.07,0.07,7e-05,32,44,15,0.2,openb-pod-2574
synthetic_03382,preprocessing,preprocessing,1,1,,4.152,10.3515625,1,0.25,0.35,0.35,0.00035,85,95,15,0.0075,openb-pod-1223
synthetic_03383,preprocessing,preprocessing,1,1,,11.3,48.0,1,0.25,0.15,0.15,0.00015,13,24,15,0.061944,openb-pod-7756
synthetic_03384,fine_tuning,fine_tuning,1,1,T4,4.0,14.900390625,1,0.25,0.07,0.07,7e-05,24,35,15,0.136667,openb-pod-3648
synthetic_03385,preprocessing,preprocessing,1,1,,3.152,5.46875,1,0.25,0.35,0.35,0.00035,60,69,15,0.035278,openb-pod-0631
synthetic_03386,preprocessing,preprocessing,1,1,,3.152,5.46875,1,0.25,0.35,0.35,0.00035,40,50,15,0.068333,openb-pod-1060
synthetic_03387,preprocessing,preprocessing,1,1,,11.4,47.0,1,0.25,0.25,0.25,0.00025,0,13,15,0.009444,openb-pod-2427
synthetic_03388,preprocessing,preprocessing,1,1,,6.0,22.3515625,2,0.5,0.25,0.25,0.00025,50,60,15,0.391944,openb-pod-5306
synthetic_03389,preprocessing,preprocessing,1,1,,3.152,5.46875,1,0.25,0.25,0.25,0.00025,59,69,15,0.062222,openb-pod-7918
synthetic_03390,fine_tuning,fine_tuning,1,1,T4,3.152,5.46875,2,0.5,0.07,0.07,7e-05,10,18,15,0.311667,openb-pod-4432
synthetic_03391,fine_tuning,fine_tuning,1,1,P100,4.0,29.8017578125,5,1.25,0.25,0.25,0.00025,80,91,15,1.012778,openb-pod-2898
synthetic_03392,fine_tuning,fine_tuning,1,1,T4,3.152,5.46875,1,0.25,0.07,0.07,7e-05,19,28,15,0.111389,openb-pod-4017
synthetic_03393,preprocessing,preprocessing,1,1,,11.3,48.0,2,0.5,0.25,0.25,0.00025,48,58,15,0.355556,openb-pod-5459
synthetic_03394,preprocessing,preprocessing,1,1,,18.708,63.0,1,0.25,0.07,0.07,7e-05,0,8,15,0.056111,openb-pod-6986
synthetic_03395,fine_tuning,fine_tuning,1,1,G2,24.2,91.0,3,0.75,0.35,0.35,0.00035,72,81,15,0.5875,openb-pod-4347
synthetic_03396,preprocessing,preprocessing,1,1,,11.4,47.0,1,0.25,0.25,0.25,0.00025,53,67,15,0.053333,openb-pod-0568
synthetic_03397,preprocessing,preprocessing,1,1,,9.81,40.5859375,1,0.25,0.35,0.35,0.00035,30,39,15,0.053611,openb-pod-1973
synthetic_03398,fine_tuning,fine_tuning,1,1,T4,9.81,40.5859375,1,0.25,0.07,0.07,7e-05,45,56,15,0.188611,openb-pod-3902
synthetic_03399,preprocessing,preprocessing,1,1,,4.0,24.0,5,1.25,0.35,0.35,0.00035,53,63,15,1.150556,openb-pod-7367
synthetic_03400,preprocessing,preprocessing,1,1,,3.152,5.46875,1,0.25,0.25,0.25,0.00025,29,36,15,0.01,openb-pod-7802
synthetic_03401,preprocessing,preprocessing,1,1,,3.152,5.46875,1,0.25,0.07,0.07,7e-05,92,95,15,0.003333,openb-pod-7438
synthetic_03402,preprocessing,preprocessing,1,1,,12.0,15.0,15,3.75,0.25,0.25,0.00025,75,81,15,3.616944,openb-pod-0821
synthetic_03403,fine_tuning,fine_tuning,1,1,G2,11.3,48.0,1,0.25,0.35,0.35,0.00035,37,42,15,0.230833,openb-pod-4849
synthetic_03404,preprocessing,preprocessing,1,1,P100|V100M16|V100M32,12.0,32.0,2,0.5,0.25,0.25,0.00025,54,62,15,0.333333,openb-pod-0421
synthetic_03405,preprocessing,preprocessing,1,1,,3.152,5.46875,1,0.25,0.25,0.25,0.00025,7,19,15,0.053333,openb-pod-1351
synthetic_03406,preprocessing,preprocessing,1,1,,11.3,48.0,1,0.25,0.25,0.25,0.00025,87,95,15,0.117222,openb-pod-7384
synthetic_03407,preprocessing,preprocessing,1,1,P100|V100M16|V100M32,11.4,76.0,2,0.5,0.25,0.25,0.00025,7,16,15,0.461389,openb-pod-7534
synthetic_03408,preprocessing,preprocessing,1,1,,3.152,5.46875,1,0.25,0.35,0.35,0.00035,34,40,15,0.0275,openb-pod-7123
synthetic_03409,preprocessing,preprocessing,1,1,,12.0,24.0,3,0.75,0.25,0.25,0.00025,83,93,15,0.733056,openb-pod-1330
synthetic_03410,preprocessing,preprocessing,1,1,,11.4,47.0,5,1.25,0.35,0.35,0.00035,65,72,15,1.129722,openb-pod-4262
synthetic_03411,preprocessing,preprocessing,1,1,,18.708,63.0,1,0.25,0.35,0.35,0.00035,31,45,15,0.170833,openb-pod-2170
synthetic_03412,preprocessing,preprocessing,1,1,,11.4,47.0,4,1.0,0.25,0.25,0.00025,0,8,15,0.991667,openb-pod-0696
synthetic_03413,fine_tuning,fine_tuning,1,1,T4,14.2,57.0,4,1.0,0.07,0.07,7e-05,49,59,15,0.799444,openb-pod-5822
synthetic_03414,preprocessing,preprocessing,1,1,,3.152,5.46875,1,0.25,0.25,0.25,0.00025,62,75,15,0.206944,openb-pod-4241
synthetic_03415,fine_tuning,fine_tuning,1,1,G2,24.2,91.0,2,0.5,0.35,0.35,0.00035,72,81,15,0.475278,openb-pod-6074
synthetic_03416,preprocessing,preprocessing,1,1,,4.0,24.0,1,0.25,0.07,0.07,7e-05,73,82,15,0.124722,openb-pod-7039
synthetic_03417,preprocessing,preprocessing,1,1,,3.152,5.46875,1,0.25,0.07,0.07,7e-05,62,70,15,0.1575,openb-pod-7234
synthetic_03418,fine_tuning,fine_tuning,1,1,T4,3.152,5.46875,2,0.5,0.07,0.07,7e-05,42,51,15,0.310833,openb-pod-4764
synthetic_03419,preprocessing,preprocessing,1,1,,12.0,15.0,15,3.75,0.35,0.35,0.00035,39,44,15,3.616944,openb-pod-0821
synthetic_03420,preprocessing,preprocessing,1,1,,3.152,5.46875,1,0.25,0.25,0.25,0.00025,28,41,15,0.058611,openb-pod-8068
synthetic_03421,preprocessing,preprocessing,1,1,,3.152,5.46875,1,0.25,0.35,0.35,0.00035,40,51,15,0.043056,openb-pod-6051
synthetic_03422,preprocessing,preprocessing,1,1,,16.0,32.0,2,0.5,0.25,0.25,0.00025,65,76,15,0.28,openb-pod-2948
synthetic_03423,fine_tuning,fine_tuning,1,1,T4,3.152,5.46875,2,0.5,0.07,0.07,7e-05,0,7,15,0.349444,openb-pod-3322
synthetic_03424,fine_tuning,fine_tuning,1,1,T4,11.4,47.0,4,1.0,0.07,0.07,7e-05,74,83,15,0.872222,openb-pod-2741
synthetic_03425,fine_tuning,fine_tuning,1,1,T4,3.152,5.46875,1,0.25,0.07,0.07,7e-05,59,69,15,0.059167,openb-pod-5303
synthetic_03426,preprocessing,preprocessing,1,1,,16.0,32.0,3,0.75,0.25,0.25,0.00025,54,65,15,0.653611,openb-pod-0700
synthetic_03427,preprocessing,preprocessing,1,1,,3.152,5.46875,1,0.25,0.25,0.25,0.00025,87,95,15,0.054444,openb-pod-1305
synthetic_03428,preprocessing,preprocessing,1,1,,3.152,5.46875,2,0.5,0.35,0.35,0.00035,46,56,15,0.347222,openb-pod-3271
synthetic_03429,preprocessing,preprocessing,1,1,,11.4,47.0,2,0.5,0.35,0.35,0.00035,59,72,15,0.471389,openb-pod-2934
synthetic_03430,preprocessing,preprocessing,1,1,,4.152,10.3515625,1,0.25,0.25,0.25,0.00025,72,87,15,0.224444,openb-pod-1978
synthetic_03431,fine_tuning,fine_tuning,1,1,T4,3.152,5.46875,1,0.25,0.07,0.07,7e-05,91,95,15,0.04,openb-pod-1859
synthetic_03432,preprocessing,preprocessing,1,1,,3.152,5.46875,1,0.25,0.35,0.35,0.00035,67,75,15,0.023333,openb-pod-1607
synthetic_03433,preprocessing,preprocessing,1,1,,11.3,48.0,1,0.25,0.25,0.25,0.00025,40,53,15,0.013889,openb-pod-6204
synthetic_03434,preprocessing,preprocessing,1,1,,18.708,63.0,1,0.25,0.25,0.25,0.00025,68,78,15,0.019167,openb-pod-0094
synthetic_03435,fine_tuning,fine_tuning,1,1,T4,12.0,24.0,1,0.25,0.07,0.07,7e-05,80,93,15,0.150278,openb-pod-3106
synthetic_03436,preprocessing,preprocessing,1,1,,11.4,47.0,2,0.5,0.25,0.25,0.00025,51,60,15,0.285,openb-pod-3525
synthetic_03437,preprocessing,preprocessing,1,1,,12.0,24.0,3,0.75,0.35,0.35,0.00035,57,67,15,0.603333,openb-pod-0066
synthetic_03438,preprocessing,preprocessing,1,1,,4.0,14.900390625,5,1.25,0.07,0.07,7e-05,0,7,15,1.047778,openb-pod-0358
synthetic_03439,preprocessing,preprocessing,1,1,,3.152,5.46875,1,0.25,0.07,0.07,7e-05,84,94,15,0.062222,openb-pod-2390
synthetic_03440,preprocessing,preprocessing,1,1,,8.0,29.8017578125,1,0.25,0.25,0.25,0.00025,87,95,15,0.130278,openb-pod-4137
synthetic_03441,preprocessing,preprocessing,1,1,,3.152,5.46875,1,0.25,0.35,0.35,0.00035,29,40,15,0.057778,openb-pod-2337
synthetic_03442,fine_tuning,fine_tuning,1,1,P100,4.0,29.8017578125,5,1.25,0.25,0.25,0.00025,68,81,15,1.012778,openb-pod-2898
synthetic_03443,preprocessing,preprocessing,1,1,,3.152,5.46875,1,0.25,0.25,0.25,0.00025,25,36,15,0.013056,openb-pod-7487
synthetic_03444,fine_tuning,fine_tuning,1,1,T4,3.152,5.46875,1,0.25,0.07,0.07,7e-05,78,91,15,0.050278,openb-pod-0254
synthetic_03445,preprocessing,preprocessing,1,1,,4.0,24.0,6,1.5,0.35,0.35,0.00035,34,40,15,1.303611,openb-pod-6482
synthetic_03446,preprocessing,preprocessing,1,1,,11.908,46.0,1,0.25,0.25,0.25,0.00025,77,87,15,0.023333,openb-pod-3479
synthetic_03447,preprocessing,preprocessing,1,1,,3.152,5.46875,4,1.0,0.25,0.25,0.00025,22,30,15,0.801389,openb-pod-4043
synthetic_03448,fine_tuning,fine_tuning,1,1,T4,9.81,40.5859375,1,0.25,0.07,0.07,7e-05,23,31,15,0.115,openb-pod-5569
synthetic_03449,preprocessing,preprocessing,1,1,,11.4,47.0,1,0.25,0.25,0.25,0.00025,23,37,15,0.103056,openb-pod-2216
synthetic_03450,preprocessing,preprocessing,1,1,,12.0,24.0,8,2.0,0.35,0.35,0.00035,59,68,15,1.987222,openb-pod-3002
synthetic_03451,fine_tuning,fine_tuning,1,1,P100,8.0,29.8017578125,1,0.25,0.25,0.25,0.00025,1,11,15,0.147778,openb-pod-0440
synthetic_03452,preprocessing,preprocessing,1,1,,11.4,47.0,3,0.75,0.07,0.07,7e-05,39,51,15,0.655,openb-pod-3681
synthetic_03453,preprocessing,preprocessing,1,1,P100|V100M16|V100M32,11.4,76.0,3,0.75,0.25,0.25,0.00025,0,8,15,0.669167,openb-pod-6323
synthetic_03454,preprocessing,preprocessing,1,1,,11.908,46.0,1,0.25,0.25,0.25,0.00025,64,73,15,0.030556,openb-pod-0577
synthetic_03455,preprocessing,preprocessing,1,1,,3.152,5.46875,1,0.25,0.25,0.25,0.00025,49,59,15,0.035833,openb-pod-1418
synthetic_03456,preprocessing,preprocessing,1,1,,11.3,48.0,1,0.25,0.25,0.25,0.00025,43,54,15,0.086111,openb-pod-7789
synthetic_03457,fine_tuning,fine_tuning,1,1,T4,11.4,47.0,2,0.5,0.07,0.07,7e-05,82,90,15,0.313611,openb-pod-3055
synthetic_03458,preprocessing,preprocessing,1,1,,4.152,10.3515625,1,0.25,0.07,0.07,7e-05,18,23,15,0.007778,openb-pod-2135
synthetic_03459,fine_tuning,fine_tuning,1,1,G2,15.7,57.0,3,0.75,0.35,0.35,0.00035,61,67,15,0.573889,openb-pod-1328
synthetic_03460,preprocessing,preprocessing,1,1,,11.3,48.0,1,0.25,0.25,0.25,0.00025,5,21,15,0.158611,openb-pod-6175
synthetic_03461,fine_tuning,fine_tuning,1,1,G2,9.81,40.5859375,14,3.5,0.35,0.35,0.00035,44,56,15,3.313056,openb-pod-3821
synthetic_03462,preprocessing,preprocessing,1,1,,24.2,91.0,1,0.25,0.25,0.25,0.00025,50,57,15,0.037778,openb-pod-1183
synthetic_03463,preprocessing,preprocessing,1,1,,3.152,5.46875,1,0.25,0.07,0.07,7e-05,8,19,15,0.064722,openb-pod-3178
synthetic_03464,preprocessing,preprocessing,1,1,,11.4,47.0,4,1.0,0.35,0.35,0.00035,51,65,15,0.89,openb-pod-0911
synthetic_03465,fine_tuning,fine_tuning,1,1,T4,3.152,5.46875,1,0.25,0.07,0.07,7e-05,51,60,15,0.116389,openb-pod-7945
synthetic_03466,preprocessing,preprocessing,1,1,,8.0,29.8017578125,2,0.5,0.35,0.35,0.00035,47,56,15,0.446389,openb-pod-6814
synthetic_03467,preprocessing,preprocessing,1,1,,3.152,5.46875,1,0.25,0.35,0.35,0.00035,61,74,15,0.009167,openb-pod-8117
synthetic_03468,preprocessing,preprocessing,1,1,,11.908,46.0,3,0.75,0.35,0.35,0.00035,87,93,15,0.691667,openb-pod-3431
synthetic_03469,preprocessing,preprocessing,1,1,,11.3,48.0,1,0.25,0.35,0.35,0.00035,40,48,15,0.171111,openb-pod-7712
synthetic_03470,preprocessing,preprocessing,1,1,,8.0,29.8017578125,10,2.5,0.35,0.35,0.00035,22,34,15,2.323056,openb-pod-0240
synthetic_03471,preprocessing,preprocessing,4,4,,60.2,313.0,1,0.25,0.28,0.28,0.00028,54,65,15,0.011111,openb-pod-7171
synthetic_03472,preprocessing,preprocessing,1,1,,11.3,48.0,1,0.25,0.35,0.35,0.00035,11,19,15,0.108333,openb-pod-7695
synthetic_03473,preprocessing,preprocessing,1,1,,18.708,63.0,1,0.25,0.35,0.35,0.00035,10,23,15,0.040833,openb-pod-6548
synthetic_03474,preprocessing,preprocessing,1,1,,11.4,47.0,5,1.25,0.35,0.35,0.00035,59,68,15,1.153889,openb-pod-2773
synthetic_03475,fine_tuning,fine_tuning,1,1,T4,14.2,57.0,13,3.25,0.07,0.07,7e-05,75,83,15,3.219167,openb-pod-6043
synthetic_03476,preprocessing,preprocessing,1,1,,11.3,48.0,1,0.25,0.25,0.25,0.00025,6,13,15,0.023333,openb-pod-7693
synthetic_03477,preprocessing,preprocessing,1,1,,4.0,29.8017578125,1,0.25,0.35,0.35,0.00035,0,5,15,0.011389,openb-pod-0497
synthetic_03478,fine_tuning,fine_tuning,1,1,T4,11.3,48.0,1,0.25,0.07,0.07,7e-05,85,93,15,0.016389,openb-pod-7860
synthetic_03479,preprocessing,preprocessing,1,1,,11.4,47.0,4,1.0,0.07,0.07,7e-05,77,88,15,0.908333,openb-pod-2348
synthetic_03480,preprocessing,preprocessing,1,1,,9.81,40.5859375,7,1.75,0.07,0.07,7e-05,77,82,15,1.594444,openb-pod-1153
synthetic_03481,preprocessing,preprocessing,1,1,,3.152,5.46875,1,0.25,0.25,0.25,0.00025,51,67,15,0.080833,openb-pod-3207
synthetic_03482,preprocessing,preprocessing,1,1,,9.81,40.5859375,5,1.25,0.25,0.25,0.00025,5,16,15,1.198333,openb-pod-6811
synthetic_03483,preprocessing,preprocessing,1,1,,11.3,48.0,1,0.25,0.35,0.35,0.00035,31,47,15,0.013056,openb-pod-5117
synthetic_03484,preprocessing,preprocessing,1,1,,8.0,16.0,2,0.5,0.35,0.35,0.00035,55,68,15,0.338056,openb-pod-0075
synthetic_03485,fine_tuning,fine_tuning,1,1,T4,3.152,5.46875,1,0.25,0.07,0.07,7e-05,49,53,15,0.064444,openb-pod-0086
synthetic_03486,preprocessing,preprocessing,1,1,,3.152,5.46875,1,0.25,0.35,0.35,0.00035,0,8,15,0.049722,openb-pod-1466
synthetic_03487,fine_tuning,fine_tuning,1,1,G2,11.9,76.0,1,0.25,0.35,0.35,0.00035,43,51,15,0.009444,openb-pod-2829
synthetic_03488,preprocessing,preprocessing,1,1,,11.908,46.0,2,0.5,0.25,0.25,0.00025,6,14,15,0.457778,openb-pod-5422
synthetic_03489,preprocessing,preprocessing,1,1,,11.908,46.0,2,0.5,0.25,0.25,0.00025,0,8,15,0.272222,openb-pod-5827
synthetic_03490,preprocessing,preprocessing,1,1,,3.152,5.46875,2,0.5,0.35,0.35,0.00035,53,57,15,0.260556,openb-pod-4168
synthetic_03491,preprocessing,preprocessing,1,1,,4.0,22.3515625,2,0.5,0.35,0.35,0.00035,41,54,15,0.304167,openb-pod-0816
synthetic_03492,preprocessing,preprocessing,1,1,,15.7,57.0,1,0.25,0.15,0.15,0.00015,57,67,15,0.053056,openb-pod-2412
synthetic_03493,preprocessing,preprocessing,1,1,,15.2,79.0,5,1.25,0.25,0.25,0.00025,40,49,15,1.206111,openb-pod-4280
synthetic_03494,preprocessing,preprocessing,1,1,,3.152,5.46875,1,0.25,0.35,0.35,0.00035,37,47,15,0.068611,openb-pod-1446
synthetic_03495,fine_tuning,fine_tuning,1,1,P100,3.152,5.46875,1,0.25,0.25,0.25,0.00025,19,28,15,0.044722,openb-pod-8092
synthetic_03496,preprocessing,preprocessing,1,1,,9.81,40.5859375,4,1.0,0.35,0.35,0.00035,60,68,15,0.909444,openb-pod-5722
synthetic_03497,preprocessing,preprocessing,1,1,,3.152,5.46875,1,0.25,0.25,0.25,0.00025,55,61,15,0.034722,openb-pod-6994
synthetic_03498,preprocessing,preprocessing,1,1,,4.0,22.3515625,11,2.75,0.25,0.25,0.00025,8,17,15,2.684167,openb-pod-4774
synthetic_03499,preprocessing,preprocessing,1,1,,11.3,48.0,1,0.25,0.07,0.07,7e-05,29,39,15,0.166944,openb-pod-6424
synthetic_03500,preprocessing,preprocessing,1,1,,9.81,40.5859375,1,0.25,0.35,0.35,0.00035,19,33,15,0.019444,openb-pod-7425
synthetic_03501,preprocessing,preprocessing,1,1,,18.708,63.0,1,0.25,0.25,0.25,0.00025,80,89,15,0.028056,openb-pod-7422
synthetic_03502,preprocessing,preprocessing,1,1,,15.7,57.0,3,0.75,0.25,0.25,0.00025,40,51,15,0.587778,openb-pod-2452
synthetic_03503,fine_tuning,fine_tuning,1,1,T4,11.908,46.0,1,0.25,0.07,0.07,7e-05,58,66,15,0.147222,openb-pod-3037
synthetic_03504,preprocessing,preprocessing,1,1,,6.0,18.0,2,0.5,0.25,0.25,0.00025,68,76,15,0.483611,openb-pod-0541
synthetic_03505,fine_tuning,fine_tuning,1,1,T4,12.0,15.0,13,3.25,0.07,0.07,7e-05,6,16,15,3.068611,openb-pod-6492
synthetic_03506,preprocessing,preprocessing,1,1,,8.0,16.0,1,0.25,0.25,0.25,0.00025,32,39,15,0.055833,openb-pod-0655
synthetic_03507,fine_tuning,fine_tuning,1,1,T4,24.2,91.0,1,0.25,0.07,0.07,7e-05,14,21,15,0.015278,openb-pod-1235
synthetic_03508,preprocessing,preprocessing,1,1,,3.152,5.46875,2,0.5,0.07,0.07,7e-05,55,70,15,0.312778,openb-pod-3304
synthetic_03509,preprocessing,preprocessing,1,1,,3.152,5.46875,7,1.75,0.25,0.25,0.00025,56,66,15,1.743889,openb-pod-0890
synthetic_03510,preprocessing,preprocessing,1,1,,11.4,47.0,1,0.25,0.25,0.25,0.00025,81,88,15,0.06,openb-pod-3711
synthetic_03511,preprocessing,preprocessing,1,1,,3.152,5.46875,1,0.25,0.07,0.07,7e-05,29,45,15,0.040556,openb-pod-0509
synthetic_03512,preprocessing,preprocessing,1,1,,3.152,5.46875,1,0.25,0.07,0.07,7e-05,68,81,15,0.044722,openb-pod-7353
synthetic_03513,preprocessing,preprocessing,1,1,,11.908,46.0,3,0.75,0.25,0.25,0.00025,68,78,15,0.647222,openb-pod-7535
synthetic_03514,fine_tuning,fine_tuning,1,1,G2,11.4,47.0,1,0.25,0.35,0.35,0.00035,74,85,15,0.161111,openb-pod-4483
synthetic_03515,preprocessing,preprocessing,1,1,,11.3,48.0,1,0.25,0.25,0.25,0.00025,55,64,15,0.069444,openb-pod-5199
synthetic_03516,fine_tuning,fine_tuning,1,1,T4,3.152,5.46875,1,0.25,0.07,0.07,7e-05,28,33,15,0.0675,openb-pod-3133
synthetic_03517,preprocessing,preprocessing,1,1,,4.0,14.900390625,16,4.0,0.25,0.25,0.00025,56,64,15,3.827222,openb-pod-4426
synthetic_03518,preprocessing,preprocessing,1,1,P100|V100M16|V100M32,18.708,63.0,13,3.25,0.25,0.25,0.00025,38,52,15,3.145833,openb-pod-7107
synthetic_03519,preprocessing,preprocessing,1,1,,9.81,40.5859375,1,0.25,0.25,0.25,0.00025,28,38,15,0.118889,openb-pod-5568
synthetic_03520,fine_tuning,fine_tuning,1,1,G2,3.152,5.46875,1,0.25,0.35,0.35,0.00035,7,15,15,0.049167,openb-pod-0447
synthetic_03521,preprocessing,preprocessing,1,1,,4.152,10.3515625,1,0.25,0.35,0.35,0.00035,21,31,15,0.218333,openb-pod-2037
synthetic_03522,preprocessing,preprocessing,1,1,P100|V100M16|V100M32,11.9,76.0,4,1.0,0.25,0.25,0.00025,73,88,15,0.822778,openb-pod-3013
synthetic_03523,preprocessing,preprocessing,1,1,,16.0,64.0,2,0.5,0.07,0.07,7e-05,62,68,15,0.322222,openb-pod-0972
synthetic_03524,fine_tuning,fine_tuning,1,1,T4,4.0,29.8017578125,2,0.5,0.07,0.07,7e-05,45,54,15,0.409722,openb-pod-2901
synthetic_03525,preprocessing,preprocessing,1,1,,11.4,47.0,1,0.25,0.35,0.35,0.00035,10,23,15,0.025,openb-pod-4454
synthetic_03526,preprocessing,preprocessing,1,1,,3.152,5.46875,1,0.25,0.35,0.35,0.00035,6,17,15,0.041111,openb-pod-0500
synthetic_03527,preprocessing,preprocessing,1,1,,11.3,48.0,1,0.25,0.25,0.25,0.00025,20,24,15,0.246111,openb-pod-6300
synthetic_03528,preprocessing,preprocessing,1,1,,11.3,48.0,1,0.25,0.07,0.07,7e-05,59,72,15,0.013611,openb-pod-6191
synthetic_03529,preprocessing,preprocessing,1,1,,3.152,5.46875,1,0.25,0.35,0.35,0.00035,13,25,15,0.044167,openb-pod-0891
synthetic_03530,preprocessing,preprocessing,1,1,,11.908,46.0,2,0.5,0.25,0.25,0.00025,51,56,15,0.407222,openb-pod-5561
synthetic_03531,fine_tuning,fine_tuning,1,1,T4,3.152,5.46875,15,3.75,0.07,0.07,7e-05,68,77,15,3.687222,openb-pod-4166
synthetic_03532,preprocessing,preprocessing,1,1,,4.0,24.0,5,1.25,0.25,0.25,0.00025,72,82,15,1.144722,openb-pod-2485
synthetic_03533,preprocessing,preprocessing,1,1,,3.152,5.46875,1,0.25,0.07,0.07,7e-05,70,84,15,0.048056,openb-pod-7927
synthetic_03534,preprocessing,preprocessing,1,1,,11.908,46.0,13,3.25,0.35,0.35,0.00035,29,40,15,3.154444,openb-pod-5512
synthetic_03535,preprocessing,preprocessing,1,1,,18.708,63.0,1,0.25,0.25,0.25,0.00025,62,74,15,0.160833,openb-pod-6412
synthetic_03536,preprocessing,preprocessing,1,1,,11.3,48.0,1,0.25,0.25,0.25,0.00025,70,78,15,0.022222,openb-pod-6646
synthetic_03537,preprocessing,preprocessing,1,1,,4.0,32.0,2,0.5,0.07,0.07,7e-05,74,85,15,0.465556,openb-pod-5173
synthetic_03538,preprocessing,preprocessing,1,1,,15.7,57.0,3,0.75,0.35,0.35,0.00035,28,38,15,0.601944,openb-pod-1857
synthetic_03539,fine_tuning,fine_tuning,1,1,T4,3.152,5.46875,1,0.25,0.07,0.07,7e-05,76,84,15,0.0125,openb-pod-1852
synthetic_03540,preprocessing,preprocessing,1,1,,3.152,5.46875,1,0.25,0.35,0.35,0.00035,66,71,15,0.057778,openb-pod-1943
synthetic_03541,preprocessing,preprocessing,1,1,,3.152,5.46875,1,0.25,0.07,0.07,7e-05,59,68,15,0.056667,openb-pod-3144
synthetic_03542,preprocessing,preprocessing,1,1,,4.152,10.3515625,1,0.25,0.25,0.25,0.00025,71,80,15,0.011111,openb-pod-1189
synthetic_03543,preprocessing,preprocessing,1,1,,16.4,123.0,1,0.25,0.35,0.35,0.00035,59,69,15,0.015556,openb-pod-4719
synthetic_03544,preprocessing,preprocessing,1,1,,11.908,46.0,1,0.25,0.25,0.25,0.00025,68,83,15,0.141944,openb-pod-7493
synthetic_03545,preprocessing,preprocessing,1,1,,11.908,46.0,5,1.25,0.35,0.35,0.00035,10,17,15,1.047222,openb-pod-6267
synthetic_03546,preprocessing,preprocessing,1,1,,8.0,29.8017578125,1,0.25,0.25,0.25,0.00025,77,85,15,0.039722,openb-pod-6007
synthetic_03547,fine_tuning,fine_tuning,1,1,G2,8.2,33.0,2,0.5,0.35,0.35,0.00035,8,16,15,0.368611,openb-pod-3948
synthetic_03548,preprocessing,preprocessing,1,1,,11.3,48.0,1,0.25,0.25,0.25,0.00025,0,6,15,0.249444,openb-pod-4730
synthetic_03549,fine_tuning,fine_tuning,1,1,G2,8.0,16.0,5,1.25,0.35,0.35,0.00035,77,82,15,1.166944,openb-pod-0937
synthetic_03550,training,training,1,1,V100M16|V100M32,4.0,24.0,5,1.25,0.25,0.25,0.00025,80,89,15,1.094722,openb-pod-2268
synthetic_03551,preprocessing,preprocessing,1,1,P100|T4|V100M16|V100M32,11.3,48.0,2,0.5,0.25,0.25,0.00025,47,60,15,0.316667,openb-pod-6673
synthetic_03552,fine_tuning,fine_tuning,1,1,T4,11.908,46.0,1,0.25,0.07,0.07,7e-05,68,82,15,0.074167,openb-pod-8047
synthetic_03553,fine_tuning,fine_tuning,1,1,G2,3.152,5.46875,1,0.25,0.35,0.35,0.00035,28,39,15,0.055556,openb-pod-0904
synthetic_03554,fine_tuning,fine_tuning,1,1,T4,4.0,24.0,5,1.25,0.07,0.07,7e-05,23,32,15,1.161389,openb-pod-6572
synthetic_03555,preprocessing,preprocessing,1,1,,11.3,48.0,1,0.25,0.35,0.35,0.00035,69,75,15,0.12,openb-pod-5146
synthetic_03556,preprocessing,preprocessing,1,1,,6.0,23.0,3,0.75,0.35,0.35,0.00035,6,15,15,0.666944,openb-pod-5707
synthetic_03557,preprocessing,preprocessing,1,1,,8.0,32.0,2,0.5,0.07,0.07,7e-05,25,35,15,0.468889,openb-pod-1180
synthetic_03558,preprocessing,preprocessing,1,1,,11.3,48.0,2,0.5,0.07,0.07,7e-05,31,41,15,0.332778,openb-pod-5301
synthetic_03559,fine_tuning,fine_tuning,1,1,T4,11.4,47.0,4,1.0,0.07,0.07,7e-05,82,92,15,0.872222,openb-pod-2741
synthetic_03560,fine_tuning,fine_tuning,1,1,T4,12.0,16.0,1,0.25,0.07,0.07,7e-05,51,60,15,0.216389,openb-pod-7521
synthetic_03561,preprocessing,preprocessing,1,1,,11.908,46.0,1,0.25,0.25,0.25,0.00025,19,25,15,0.040278,openb-pod-7283
synthetic_03562,preprocessing,preprocessing,1,1,,15.7,57.0,3,0.75,0.25,0.25,0.00025,44,49,15,0.583611,openb-pod-2505
synthetic_03563,preprocessing,preprocessing,1,1,,11.3,48.0,2,0.5,0.35,0.35,0.00035,64,73,15,0.355556,openb-pod-5459
synthetic_03564,fine_tuning,fine_tuning,1,1,T4,4.152,10.3515625,1,0.25,0.07,0.07,7e-05,60,73,15,0.008333,openb-pod-1883
synthetic_03565,preprocessing,preprocessing,1,1,,4.0,24.0,5,1.25,0.35,0.35,0.00035,5,15,15,1.042222,openb-pod-4842
synthetic_03566,fine_tuning,fine_tuning,1,1,T4,4.0,30.517578125,6,1.5,0.07,0.07,7e-05,22,30,15,1.272778,openb-pod-4902
synthetic_03567,fine_tuning,fine_tuning,1,1,T4,11.4,47.0,1,0.25,0.07,0.07,7e-05,13,18,15,0.015556,openb-pod-2363
synthetic_03568,preprocessing,preprocessing,1,1,,3.152,5.46875,1,0.25,0.35,0.35,0.00035,70,78,15,0.033889,openb-pod-1236
synthetic_03569,fine_tuning,fine_tuning,1,1,T4,3.152,5.46875,1,0.25,0.07,0.07,7e-05,48,64,15,0.116389,openb-pod-7945
synthetic_03570,preprocessing,preprocessing,1,1,,11.4,47.0,1,0.25,0.35,0.35,0.00035,52,63,15,0.1,openb-pod-3888
synthetic_03571,preprocessing,preprocessing,1,1,,11.4,76.0,1,0.25,0.25,0.25,0.00025,55,66,15,0.055556,openb-pod-5905
synthetic_03572,fine_tuning,fine_tuning,1,1,T4,11.3,48.0,1,0.25,0.07,0.07,7e-05,65,76,15,0.031944,openb-pod-7964
synthetic_03573,fine_tuning,fine_tuning,1,1,T4,11.3,48.0,1,0.25,0.07,0.07,7e-05,68,73,15,0.165833,openb-pod-5010
synthetic_03574,preprocessing,preprocessing,1,1,,3.152,5.46875,2,0.5,0.25,0.25,0.00025,67,81,15,0.3125,openb-pod-4787
synthetic_03575,training,training,1,1,V100M16|V100M32,11.908,46.0,1,0.25,0.25,0.25,0.00025,91,95,15,0.17,openb-pod-0299
synthetic_03576,preprocessing,preprocessing,1,1,,11.3,48.0,1,0.25,0.35,0.35,0.00035,42,52,15,0.053611,openb-pod-7891
synthetic_03577,preprocessing,preprocessing,1,1,,4.0,30.517578125,2,0.5,0.25,0.25,0.00025,84,92,15,0.267778,openb-pod-3755
synthetic_03578,preprocessing,preprocessing,1,1,,11.908,46.0,1,0.25,0.25,0.25,0.00025,62,71,15,0.21,openb-pod-7069
synthetic_03579,fine_tuning,fine_tuning,1,1,T4,4.0,14.900390625,2,0.5,0.07,0.07,7e-05,54,62,15,0.260556,openb-pod-8026
synthetic_03580,preprocessing,preprocessing,1,1,,11.908,46.0,3,0.75,0.25,0.25,0.00025,2,16,15,0.628333,openb-pod-7095
synthetic_03581,preprocessing,preprocessing,1,1,,9.81,40.5859375,5,1.25,0.25,0.25,0.00025,47,57,15,1.041389,openb-pod-1066
synthetic_03582,preprocessing,preprocessing,1,1,,9.81,40.5859375,2,0.5,0.25,0.25,0.00025,49,60,15,0.328056,openb-pod-3938
synthetic_03583,preprocessing,preprocessing,1,1,,15.4,88.0,2,0.5,0.25,0.25,0.00025,86,94,15,0.338333,openb-pod-6500
synthetic_03584,preprocessing,preprocessing,1,1,,3.152,5.46875,4,1.0,0.07,0.07,7e-05,72,83,15,0.805,openb-pod-1659
synthetic_03585,preprocessing,preprocessing,1,1,,11.908,46.0,1,0.25,0.25,0.25,0.00025,21,34,15,0.0675,openb-pod-5823
synthetic_03586,preprocessing,preprocessing,1,1,,15.7,57.0,3,0.75,0.07,0.07,7e-05,84,90,15,0.518056,openb-pod-3021
synthetic_03587,preprocessing,preprocessing,1,1,,1.0,2.0,9,2.25,0.07,0.07,7e-05,27,37,15,2.156944,openb-pod-2418
synthetic_03588,preprocessing,preprocessing,1,1,,18.708,63.0,1,0.25,0.25,0.25,0.00025,50,64,15,0.183611,openb-pod-5135
synthetic_03589,preprocessing,preprocessing,1,1,,11.3,48.0,1,0.25,0.35,0.35,0.00035,38,48,15,0.124722,openb-pod-7721
synthetic_03590,fine_tuning,fine_tuning,1,1,T4,4.0,22.3515625,7,1.75,0.07,0.07,7e-05,4,20,15,1.738889,openb-pod-4522
synthetic_03591,preprocessing,preprocessing,1,1,,11.908,46.0,8,2.0,0.25,0.25,0.00025,1,7,15,1.951667,openb-pod-7445
synthetic_03592,preprocessing,preprocessing,1,1,,11.4,47.0,1,0.25,0.25,0.25,0.00025,86,95,15,0.145833,openb-pod-6000
synthetic_03593,preprocessing,preprocessing,1,1,,9.81,40.5859375,1,0.25,0.25,0.25,0.00025,72,83,15,0.012222,openb-pod-5728
synthetic_03594,preprocessing,preprocessing,1,1,,3.152,5.46875,1,0.25,0.07,0.07,7e-05,57,67,15,0.050278,openb-pod-0665
synthetic_03595,preprocessing,preprocessing,1,1,,11.908,46.0,1,0.25,0.35,0.35,0.00035,87,95,15,0.0675,openb-pod-5823
synthetic_03596,fine_tuning,fine_tuning,8,8,G2,88.0,320.0,1,0.25,2.8,2.8,0.0028,3,14,15,0.070833,openb-pod-3783
synthetic_03597,preprocessing,preprocessing,1,1,,1.0,2.0,1,0.25,0.25,0.25,0.00025,86,94,15,0.016111,openb-pod-1519
synthetic_03598,fine_tuning,fine_tuning,1,1,T4,11.908,46.0,2,0.5,0.07,0.07,7e-05,25,39,15,0.313889,openb-pod-4381
synthetic_03599,preprocessing,preprocessing,1,1,,4.0,29.8017578125,2,0.5,0.25,0.25,0.00025,45,54,15,0.358333,openb-pod-6279
synthetic_03600,fine_tuning,fine_tuning,1,1,G2,11.3,48.0,4,1.0,0.35,0.35,0.00035,22,33,15,0.968056,openb-pod-6897
synthetic_03601,training,training,1,1,A10|T4,11.3,48.0,1,0.25,0.07,0.07,7e-05,14,21,15,0.0125,openb-pod-5404
synthetic_03602,preprocessing,preprocessing,1,1,,4.0,22.3515625,4,1.0,0.35,0.35,0.00035,53,65,15,0.833056,openb-pod-7906
synthetic_03603,preprocessing,preprocessing,1,1,,3.152,5.46875,1,0.25,0.35,0.35,0.00035,86,94,15,0.045,openb-pod-0643
synthetic_03604,preprocessing,preprocessing,1,1,,11.4,47.0,2,0.5,0.25,0.25,0.00025,36,46,15,0.390556,openb-pod-4493
synthetic_03605,preprocessing,preprocessing,1,1,,3.152,5.46875,1,0.25,0.35,0.35,0.00035,74,78,15,0.003333,openb-pod-7146
synthetic_03606,preprocessing,preprocessing,1,1,,3.152,5.46875,1,0.25,0.35,0.35,0.00035,5,16,15,0.085278,openb-pod-0197
synthetic_03607,fine_tuning,fine_tuning,1,1,T4,3.152,5.46875,1,0.25,0.07,0.07,7e-05,33,49,15,0.003611,openb-pod-7782
synthetic_03608,preprocessing,preprocessing,1,1,,11.4,47.0,2,0.5,0.25,0.25,0.00025,7,12,15,0.391667,openb-pod-4496
synthetic_03609,preprocessing,preprocessing,1,1,,18.708,63.0,1,0.25,0.07,0.07,7e-05,45,57,15,0.019167,openb-pod-0094
synthetic_03610,preprocessing,preprocessing,1,1,,11.4,47.0,1,0.25,0.25,0.25,0.00025,68,82,15,0.025,openb-pod-4454
synthetic_03611,preprocessing,preprocessing,1,1,,3.152,5.46875,1,0.25,0.25,0.25,0.00025,48,60,15,0.0475,openb-pod-0575
synthetic_03612,preprocessing,preprocessing,1,1,,11.4,47.0,2,0.5,0.07,0.07,7e-05,76,81,15,0.303889,openb-pod-5998
synthetic_03613,preprocessing,preprocessing,1,1,,3.152,5.46875,1,0.25,0.25,0.25,0.00025,46,57,15,0.0275,openb-pod-1694
synthetic_03614,preprocessing,preprocessing,1,1,,11.3,48.0,1,0.25,0.25,0.25,0.00025,28,35,15,0.06,openb-pod-7623
synthetic_03615,training,training,1,1,V100M16|V100M32,11.4,47.0,1,0.25,0.25,0.25,0.00025,57,61,15,0.040556,openb-pod-2075
synthetic_03616,preprocessing,preprocessing,1,1,,11.3,48.0,1,0.25,0.25,0.25,0.00025,18,23,15,0.0925,openb-pod-6885
synthetic_03617,fine_tuning,fine_tuning,1,1,G3,15.2,79.0,1,0.25,0.35,0.35,0.00035,84,93,15,0.109444,openb-pod-3596
synthetic_03618,fine_tuning,fine_tuning,1,1,T4,12.0,16.0,4,1.0,0.07,0.07,7e-05,31,45,15,0.767222,openb-pod-3251
synthetic_03619,preprocessing,preprocessing,1,1,,3.152,5.46875,1,0.25,0.25,0.25,0.00025,0,6,15,0.056389,openb-pod-1205
synthetic_03620,preprocessing,preprocessing,1,1,,4.0,14.900390625,5,1.25,0.35,0.35,0.00035,16,30,15,1.047222,openb-pod-2297
synthetic_03621,preprocessing,preprocessing,1,1,,3.152,5.46875,1,0.25,0.25,0.25,0.00025,22,29,15,0.020556,openb-pod-1650
synthetic_03622,fine_tuning,fine_tuning,1,1,T4,11.908,46.0,2,0.5,0.07,0.07,7e-05,65,75,15,0.413611,openb-pod-5560
synthetic_03623,preprocessing,preprocessing,1,1,,11.4,47.0,2,0.5,0.25,0.25,0.00025,74,83,15,0.415278,openb-pod-2961
synthetic_03624,preprocessing,preprocessing,1,1,,11.4,47.0,10,2.5,0.25,0.25,0.00025,58,65,15,2.301111,openb-pod-2468
synthetic_03625,preprocessing,preprocessing,1,1,,11.4,47.0,8,2.0,0.35,0.35,0.00035,82,88,15,1.776111,openb-pod-4209
synthetic_03626,training,training,1,1,V100M16|V100M32,3.152,5.46875,1,0.25,0.25,0.25,0.00025,46,50,15,0.054722,openb-pod-0105
synthetic_03627,preprocessing,preprocessing,1,1,,3.152,5.46875,1,0.25,0.25,0.25,0.00025,31,41,15,0.085,openb-pod-0193
synthetic_03628,preprocessing,preprocessing,1,1,,3.152,5.46875,1,0.25,0.35,0.35,0.00035,42,48,15,0.069167,openb-pod-5665
synthetic_03629,preprocessing,preprocessing,1,1,,3.152,5.46875,1,0.25,0.35,0.35,0.00035,0,7,15,0.155278,openb-pod-3887
synthetic_03630,preprocessing,preprocessing,1,1,,3.152,5.46875,15,3.75,0.25,0.25,0.00025,46,56,15,3.513889,openb-pod-8030
synthetic_03631,preprocessing,preprocessing,1,1,,12.0,24.0,3,0.75,0.35,0.35,0.00035,11,23,15,0.603333,openb-pod-0066
synthetic_03632,fine_tuning,fine_tuning,1,1,T4,11.3,48.0,1,0.25,0.07,0.07,7e-05,6,14,15,0.070278,openb-pod-6005
synthetic_03633,preprocessing,preprocessing,1,1,,8.0,29.8017578125,1,0.25,0.25,0.25,0.00025,1,10,15,0.044444,openb-pod-0138
synthetic_03634,preprocessing,preprocessing,1,1,,11.3,48.0,2,0.5,0.25,0.25,0.00025,74,89,15,0.323611,openb-pod-4847
synthetic_03635,preprocessing,preprocessing,1,1,,11.908,46.0,1,0.25,0.25,0.25,0.00025,52,65,15,0.028611,openb-pod-7393
synthetic_03636,fine_tuning,fine_tuning,1,1,T4,11.3,48.0,3,0.75,0.07,0.07,7e-05,16,25,15,0.7025,openb-pod-6293
synthetic_03637,preprocessing,preprocessing,1,1,P100|T4|V100M16|V100M32,8.2,33.0,4,1.0,0.25,0.25,0.00025,1,10,15,0.971944,openb-pod-2043
synthetic_03638,fine_tuning,fine_tuning,1,1,T4,11.4,47.0,1,0.25,0.07,0.07,7e-05,52,61,15,0.175556,openb-pod-4499
synthetic_03639,preprocessing,preprocessing,1,1,,11.3,48.0,1,0.25,0.35,0.35,0.00035,31,41,15,0.120833,openb-pod-5272
synthetic_03640,preprocessing,preprocessing,1,1,,3.152,5.46875,1,0.25,0.35,0.35,0.00035,83,92,15,0.044722,openb-pod-1168
synthetic_03641,fine_tuning,fine_tuning,1,1,T4,4.0,24.0,5,1.25,0.07,0.07,7e-05,5,16,15,1.185833,openb-pod-2723
synthetic_03642,preprocessing,preprocessing,1,1,,2.0,8.0,2,0.5,0.35,0.35,0.00035,19,30,15,0.300278,openb-pod-8061
synthetic_03643,fine_tuning,fine_tuning,1,1,P100,3.152,5.46875,1,0.25,0.25,0.25,0.00025,58,65,15,0.159722,openb-pod-7469
synthetic_03644,preprocessing,preprocessing,1,1,,11.908,46.0,2,0.5,0.07,0.07,7e-05,15,26,15,0.48,openb-pod-7089
synthetic_03645,fine_tuning,fine_tuning,1,1,T4,14.2,57.0,1,0.25,0.07,0.07,7e-05,22,29,15,0.017778,openb-pod-5237
synthetic_03646,preprocessing,preprocessing,1,1,,4.0,22.3515625,13,3.25,0.25,0.25,0.00025,71,77,15,3.093333,openb-pod-5019
synthetic_03647,preprocessing,preprocessing,1,1,,4.0,30.517578125,2,0.5,0.35,0.35,0.00035,55,67,15,0.250556,openb-pod-5508
synthetic_03648,preprocessing,preprocessing,1,1,,11.3,48.0,2,0.5,0.25,0.25,0.00025,43,53,15,0.331111,openb-pod-5091
synthetic_03649,preprocessing,preprocessing,1,1,,3.152,5.46875,1,0.25,0.35,0.35,0.00035,16,25,15,0.048611,openb-pod-6681
synthetic_03650,preprocessing,preprocessing,1,1,,3.152,5.46875,1,0.25,0.07,0.07,7e-05,28,39,15,0.091667,openb-pod-3231
synthetic_03651,fine_tuning,fine_tuning,1,1,T4,3.152,5.46875,3,0.75,0.07,0.07,7e-05,58,68,15,0.614444,openb-pod-3475
synthetic_03652,fine_tuning,fine_tuning,1,1,T4,11.908,46.0,2,0.5,0.07,0.07,7e-05,19,26,15,0.290556,openb-pod-6054
synthetic_03653,preprocessing,preprocessing,1,1,,11.3,48.0,2,0.5,0.25,0.25,0.00025,75,89,15,0.321667,openb-pod-5640
synthetic_03654,fine_tuning,fine_tuning,1,1,P100,4.0,14.900390625,8,2.0,0.25,0.25,0.00025,9,17,15,1.785278,openb-pod-2721
synthetic_03655,preprocessing,preprocessing,1,1,,24.2,91.0,7,1.75,0.35,0.35,0.00035,36,44,15,1.515278,openb-pod-6583
synthetic_03656,preprocessing,preprocessing,1,1,G2|P100|T4|V100M16|V100M32,3.152,5.46875,1,0.25,0.35,0.35,0.00035,71,82,15,0.087778,openb-pod-3091
synthetic_03657,preprocessing,preprocessing,1,1,,3.152,5.46875,1,0.25,0.35,0.35,0.00035,0,8,15,0.017778,openb-pod-1557
synthetic_03658,preprocessing,preprocessing,1,1,,4.0,14.900390625,2,0.5,0.25,0.25,0.00025,46,58,15,0.296389,openb-pod-5401
synthetic_03659,preprocessing,preprocessing,1,1,,8.0,29.8017578125,1,0.25,0.25,0.25,0.00025,70,81,15,0.154444,openb-pod-0455
synthetic_03660,preprocessing,preprocessing,1,1,,3.152,5.46875,1,0.25,0.25,0.25,0.00025,1,11,15,0.114167,openb-pod-3150
synthetic_03661,fine_tuning,fine_tuning,1,1,G2,8.0,16.0,2,0.5,0.35,0.35,0.00035,85,94,15,0.446389,openb-pod-3686
synthetic_03662,fine_tuning,fine_tuning,1,1,T4,11.4,47.0,2,0.5,0.07,0.07,7e-05,62,71,15,0.401944,openb-pod-4473
synthetic_03663,fine_tuning,fine_tuning,1,1,G2,11.3,48.0,1,0.25,0.35,0.35,0.00035,59,65,15,0.063889,openb-pod-7626
synthetic_03664,training,training,1,1,V100M16|V100M32,11.3,48.0,2,0.5,0.25,0.25,0.00025,76,84,15,0.32,openb-pod-4677
synthetic_03665,fine_tuning,fine_tuning,1,1,T4,11.3,48.0,2,0.5,0.07,0.07,7e-05,80,94,15,0.290556,openb-pod-5448
synthetic_03666,preprocessing,preprocessing,1,1,,3.152,5.46875,1,0.25,0.35,0.35,0.00035,2,14,15,0.036667,openb-pod-4154
synthetic_03667,preprocessing,preprocessing,1,1,,11.4,47.0,6,1.5,0.35,0.35,0.00035,63,72,15,1.436667,openb-pod-4234
synthetic_03668,preprocessing,preprocessing,1,1,,11.3,48.0,2,0.5,0.25,0.25,0.00025,18,30,15,0.364167,openb-pod-5392
synthetic_03669,preprocessing,preprocessing,1,1,,11.3,48.0,1,0.25,0.25,0.25,0.00025,83,95,15,0.016944,openb-pod-7698
synthetic_03670,preprocessing,preprocessing,1,1,,3.152,5.46875,1,0.25,0.25,0.25,0.00025,89,95,15,0.0625,openb-pod-0781
synthetic_03671,preprocessing,preprocessing,1,1,,8.0,29.8017578125,2,0.5,0.35,0.35,0.00035,12,27,15,0.309167,openb-pod-5562
synthetic_03672,preprocessing,preprocessing,1,1,,11.908,46.0,1,0.25,0.07,0.07,7e-05,77,91,15,0.196944,openb-pod-5579
synthetic_03673,preprocessing,preprocessing,1,1,,8.0,16.0,2,0.5,0.35,0.35,0.00035,25,37,15,0.499444,openb-pod-2832
synthetic_03674,preprocessing,preprocessing,1,1,,4.0,22.3515625,11,2.75,0.25,0.25,0.00025,8,19,15,2.684167,openb-pod-4774
synthetic_03675,preprocessing,preprocessing,1,1,,14.2,57.0,1,0.25,0.25,0.25,0.00025,14,25,15,0.181111,openb-pod-4950
synthetic_03676,preprocessing,preprocessing,1,1,,3.152,5.46875,1,0.25,0.35,0.35,0.00035,32,47,15,0.036111,openb-pod-1833
synthetic_03677,preprocessing,preprocessing,1,1,,9.81,40.5859375,3,0.75,0.25,0.25,0.00025,40,45,15,0.566667,openb-pod-5460
synthetic_03678,preprocessing,preprocessing,1,1,,3.152,5.46875,1,0.25,0.25,0.25,0.00025,35,48,15,0.044722,openb-pod-0851
synthetic_03679,fine_tuning,fine_tuning,1,1,T4,11.908,46.0,3,0.75,0.07,0.07,7e-05,9,24,15,0.51,openb-pod-7368
synthetic_03680,preprocessing,preprocessing,1,1,,11.908,46.0,1,0.25,0.35,0.35,0.00035,75,89,15,0.234722,openb-pod-4313
synthetic_03681,preprocessing,preprocessing,1,1,,11.908,46.0,1,0.25,0.07,0.07,7e-05,52,60,15,0.040278,openb-pod-7283
synthetic_03682,fine_tuning,fine_tuning,1,1,G2,3.152,5.46875,1,0.25,0.35,0.35,0.00035,84,92,15,0.058333,openb-pod-1100
synthetic_03683,preprocessing,preprocessing,1,1,,11.4,47.0,1,0.25,0.35,0.35,0.00035,56,66,15,0.1525,openb-pod-2666
synthetic_03684,preprocessing,preprocessing,1,1,,3.152,5.46875,1,0.25,0.25,0.25,0.00025,89,95,15,0.01,openb-pod-7802
synthetic_03685,preprocessing,preprocessing,1,1,,8.0,16.0,5,1.25,0.35,0.35,0.00035,0,8,15,1.098056,openb-pod-0398
synthetic_03686,preprocessing,preprocessing,1,1,,16.0,32.0,3,0.75,0.25,0.25,0.00025,40,54,15,0.516667,openb-pod-1644
synthetic_03687,fine_tuning,fine_tuning,1,1,T4,11.908,46.0,1,0.25,0.07,0.07,7e-05,86,95,15,0.052778,openb-pod-1128
synthetic_03688,preprocessing,preprocessing,1,1,,4.152,10.3515625,2,0.5,0.25,0.25,0.00025,19,29,15,0.429444,openb-pod-1038
synthetic_03689,preprocessing,preprocessing,1,1,P100|T4|V100M16|V100M32,18.708,63.0,12,3.0,0.07,0.07,7e-05,4,14,15,2.7975,openb-pod-3660
synthetic_03690,preprocessing,preprocessing,1,1,,11.3,48.0,1,0.25,0.15,0.15,0.00015,42,52,15,0.074444,openb-pod-7590
synthetic_03691,preprocessing,preprocessing,1,1,,3.152,5.46875,1,0.25,0.25,0.25,0.00025,51,61,15,0.004444,openb-pod-7509
synthetic_03692,preprocessing,preprocessing,1,1,,14.2,57.0,11,2.75,0.25,0.25,0.00025,61,68,15,2.549722,openb-pod-6072
synthetic_03693,fine_tuning,fine_tuning,1,1,T4,18.708,63.0,1,0.25,0.07,0.07,7e-05,49,57,15,0.13,openb-pod-6535
synthetic_03694,preprocessing,preprocessing,1,1,P100|V100M16|V100M32,11.3,48.0,1,0.25,0.25,0.25,0.00025,45,54,15,0.131111,openb-pod-7749
synthetic_03695,preprocessing,preprocessing,1,1,,9.81,40.5859375,1,0.25,0.25,0.25,0.00025,72,79,15,0.09,openb-pod-6480
synthetic_03696,preprocessing,preprocessing,1,1,,15.2,79.0,2,0.5,0.35,0.35,0.00035,36,43,15,0.280833,openb-pod-4438
synthetic_03697,fine_tuning,fine_tuning,1,1,T4,4.0,29.8017578125,1,0.25,0.07,0.07,7e-05,29,34,15,0.041667,openb-pod-0637
synthetic_03698,preprocessing,preprocessing,1,1,,11.3,48.0,1,0.25,0.25,0.25,0.00025,88,95,15,0.223611,openb-pod-5874
synthetic_03699,preprocessing,preprocessing,1,1,,8.0,29.8017578125,10,2.5,0.35,0.35,0.00035,59,75,15,2.323056,openb-pod-0240
synthetic_03700,fine_tuning,fine_tuning,1,1,T4,11.908,46.0,1,0.25,0.07,0.07,7e-05,81,87,15,0.013611,openb-pod-6431
synthetic_03701,preprocessing,preprocessing,1,1,,11.4,47.0,1,0.25,0.07,0.07,7e-05,37,53,15,0.010556,openb-pod-2433
synthetic_03702,preprocessing,preprocessing,1,1,,11.3,48.0,1,0.25,0.25,0.25,0.00025,21,33,15,0.028611,openb-pod-7659
synthetic_03703,preprocessing,preprocessing,1,1,,11.4,47.0,1,0.25,0.25,0.25,0.00025,7,18,15,0.080556,openb-pod-2801
synthetic_03704,preprocessing,preprocessing,1,1,,11.3,48.0,1,0.25,0.35,0.35,0.00035,70,78,15,0.077778,openb-pod-5203
synthetic_03705,preprocessing,preprocessing,1,1,,11.3,48.0,1,0.25,0.25,0.25,0.00025,67,81,15,0.085833,openb-pod-7602
synthetic_03706,training,training,1,1,V100M16|V100M32,8.0,32.0,2,0.5,0.25,0.25,0.00025,84,94,15,0.4,openb-pod-6345
synthetic_03707,fine_tuning,fine_tuning,1,1,G2,9.81,40.5859375,2,0.5,0.35,0.35,0.00035,65,75,15,0.260833,openb-pod-5734
synthetic_03708,fine_tuning,fine_tuning,1,1,T4,3.152,5.46875,1,0.25,0.07,0.07,7e-05,54,64,15,0.058333,openb-pod-0382
synthetic_03709,fine_tuning,fine_tuning,1,1,T4,18.708,63.0,1,0.25,0.07,0.07,7e-05,66,77,15,0.020833,openb-pod-7018
synthetic_03710,preprocessing,preprocessing,1,1,,11.3,48.0,1,0.25,0.07,0.07,7e-05,51,66,15,0.020833,openb-pod-7654
synthetic_03711,preprocessing,preprocessing,1,1,,11.4,47.0,5,1.25,0.35,0.35,0.00035,41,51,15,1.090278,openb-pod-0840
synthetic_03712,preprocessing,preprocessing,1,1,,3.152,5.46875,2,0.5,0.35,0.35,0.00035,0,10,15,0.257778,openb-pod-4609
synthetic_03713,preprocessing,preprocessing,1,1,,11.4,47.0,1,0.25,0.25,0.25,0.00025,0,8,15,0.114167,openb-pod-1893
synthetic_03714,fine_tuning,fine_tuning,1,1,T4,15.7,57.0,4,1.0,0.07,0.07,7e-05,0,10,15,0.763889,openb-pod-1780
synthetic_03715,preprocessing,preprocessing,1,1,,8.0,29.8017578125,1,0.25,0.25,0.25,0.00025,59,69,15,0.151111,openb-pod-3032
synthetic_03716,fine_tuning,fine_tuning,1,1,P100,3.152,5.46875,3,0.75,0.25,0.25,0.00025,8,19,15,0.645278,openb-pod-7026
synthetic_03717,preprocessing,preprocessing,1,1,,11.3,48.0,1,0.25,0.25,0.25,0.00025,50,56,15,0.249167,openb-pod-5168
synthetic_03718,fine_tuning,fine_tuning,1,1,G3,3.152,5.46875,1,0.25,0.35,0.35,0.00035,25,33,15,0.0625,openb-pod-2276
synthetic_03719,fine_tuning,fine_tuning,1,1,T4,12.0,24.0,1,0.25,0.07,0.07,7e-05,83,89,15,0.143056,openb-pod-0211
synthetic_03720,fine_tuning,fine_tuning,1,1,P100,4.152,10.3515625,1,0.25,0.25,0.25,0.00025,46,59,15,0.015,openb-pod-1073
synthetic_03721,preprocessing,preprocessing,1,1,,3.152,5.46875,2,0.5,0.35,0.35,0.00035,23,33,15,0.263056,openb-pod-3347
synthetic_03722,fine_tuning,fine_tuning,1,1,T4,8.0,29.8017578125,1,0.25,0.07,0.07,7e-05,86,93,15,0.035278,openb-pod-3360
synthetic_03723,preprocessing,preprocessing,1,1,,4.152,10.3515625,1,0.25,0.25,0.25,0.00025,19,28,15,0.007222,openb-pod-1253
synthetic_03724,fine_tuning,fine_tuning,1,1,T4,11.4,47.0,1,0.25,0.07,0.07,7e-05,19,27,15,0.036389,openb-pod-4278
synthetic_03725,preprocessing,preprocessing,1,1,,8.0,8.0,5,1.25,0.07,0.07,7e-05,30,40,15,1.022222,openb-pod-4517
synthetic_03726,fine_tuning,fine_tuning,1,1,T4,3.152,5.46875,1,0.25,0.07,0.07,7e-05,31,44,15,0.107778,openb-pod-3389
synthetic_03727,preprocessing,preprocessing,1,1,,9.81,40.5859375,1,0.25,0.07,0.07,7e-05,42,50,15,0.235278,openb-pod-7064
synthetic_03728,preprocessing,preprocessing,1,1,,11.908,46.0,1,0.25,0.25,0.25,0.00025,77,81,15,0.164167,openb-pod-5502
synthetic_03729,preprocessing,preprocessing,1,1,,12.0,16.0,6,1.5,0.35,0.35,0.00035,44,50,15,1.261389,openb-pod-2692
synthetic_03730,training,training,1,1,V100M16|V100M32,15.2,79.0,1,0.25,0.25,0.25,0.00025,29,33,15,0.172778,openb-pod-3677
synthetic_03731,preprocessing,preprocessing,1,1,,18.708,63.0,1,0.25,0.25,0.25,0.00025,46,54,15,0.024722,openb-pod-0164
synthetic_03732,fine_tuning,fine_tuning,1,1,P100,3.152,5.46875,1,0.25,0.25,0.25,0.00025,65,70,15,0.030278,openb-pod-7391
synthetic_03733,preprocessing,preprocessing,1,1,,4.0,24.0,5,1.25,0.35,0.35,0.00035,83,89,15,1.134444,openb-pod-0420
synthetic_03734,preprocessing,preprocessing,1,1,,3.152,5.46875,1,0.25,0.25,0.25,0.00025,87,95,15,0.034444,openb-pod-1835
synthetic_03735,preprocessing,preprocessing,1,1,,11.908,46.0,8,2.0,0.25,0.25,0.00025,17,27,15,1.951667,openb-pod-7445
synthetic_03736,preprocessing,preprocessing,1,1,,11.3,48.0,1,0.25,0.07,0.07,7e-05,22,33,15,0.074444,openb-pod-7608
synthetic_03737,preprocessing,preprocessing,1,1,G2|P100|T4|V100M16|V100M32,11.4,47.0,5,1.25,0.35,0.35,0.00035,52,64,15,1.236389,openb-pod-2423
synthetic_03738,preprocessing,preprocessing,1,1,,3.152,5.46875,1,0.25,0.35,0.35,0.00035,87,95,15,0.125833,openb-pod-7262
synthetic_03739,preprocessing,preprocessing,1,1,,3.152,5.46875,1,0.25,0.25,0.25,0.00025,71,78,15,0.065278,openb-pod-3084
synthetic_03740,fine_tuning,fine_tuning,1,1,G3,12.0,16.0,1,0.25,0.35,0.35,0.00035,57,63,15,0.149722,openb-pod-3250
synthetic_03741,fine_tuning,fine_tuning,1,1,T4,4.152,10.3515625,2,0.5,0.07,0.07,7e-05,7,13,15,0.279167,openb-pod-2705
synthetic_03742,fine_tuning,fine_tuning,1,1,P100,3.152,5.46875,1,0.25,0.25,0.25,0.00025,37,46,15,0.023056,openb-pod-1756
synthetic_03743,preprocessing,preprocessing,1,1,,24.2,91.0,2,0.5,0.25,0.25,0.00025,50,60,15,0.304444,openb-pod-5501
synthetic_03744,preprocessing,preprocessing,1,1,,3.152,5.46875,2,0.5,0.35,0.35,0.00035,17,25,15,0.291111,openb-pod-1140
synthetic_03745,preprocessing,preprocessing,1,1,,4.0,14.900390625,3,0.75,0.25,0.25,0.00025,24,32,15,0.706389,openb-pod-5981
synthetic_03746,fine_tuning,fine_tuning,1,1,T4,3.152,5.46875,2,0.5,0.07,0.07,7e-05,61,71,15,0.260556,openb-pod-6890
synthetic_03747,preprocessing,preprocessing,1,1,,11.3,48.0,1,0.25,0.07,0.07,7e-05,37,49,15,0.013056,openb-pod-7895
synthetic_03748,preprocessing,preprocessing,1,1,,9.81,40.5859375,1,0.25,0.25,0.25,0.00025,65,73,15,0.045,openb-pod-1187
synthetic_03749,preprocessing,preprocessing,1,1,,18.708,63.0,2,0.5,0.35,0.35,0.00035,31,38,15,0.499167,openb-pod-2954
synthetic_03750,preprocessing,preprocessing,1,1,,3.152,5.46875,1,0.25,0.25,0.25,0.00025,69,79,15,0.045556,openb-pod-1533
synthetic_03751,preprocessing,preprocessing,1,1,,3.152,5.46875,1,0.25,0.25,0.25,0.00025,34,46,15,0.088889,openb-pod-0339
synthetic_03752,fine_tuning,fine_tuning,1,1,P100,4.0,29.8017578125,5,1.25,0.25,0.25,0.00025,33,43,15,1.012778,openb-pod-2898
synthetic_03753,preprocessing,preprocessing,1,1,,11.4,47.0,9,2.25,0.25,0.25,0.00025,1,9,15,2.082222,openb-pod-3081
synthetic_03754,fine_tuning,fine_tuning,1,1,T4,11.3,48.0,1,0.25,0.07,0.07,7e-05,44,48,15,0.138333,openb-pod-6923
synthetic_03755,preprocessing,preprocessing,1,1,P100|T4|V100M16|V100M32,11.3,48.0,1,0.25,0.25,0.25,0.00025,40,45,15,0.084722,openb-pod-7771
synthetic_03756,fine_tuning,fine_tuning,1,1,T4,11.908,46.0,2,0.5,0.07,0.07,7e-05,72,78,15,0.428333,openb-pod-0296
synthetic_03757,fine_tuning,fine_tuning,1,1,G2,12.0,24.0,6,1.5,0.35,0.35,0.00035,74,83,15,1.253889,openb-pod-4695
synthetic_03758,preprocessing,preprocessing,1,1,,3.152,5.46875,2,0.5,0.25,0.25,0.00025,51,58,15,0.267778,openb-pod-5833
synthetic_03759,preprocessing,preprocessing,1,1,,11.908,46.0,4,1.0,0.35,0.35,0.00035,0,6,15,0.913889,openb-pod-1669
synthetic_03760,preprocessing,preprocessing,1,1,,11.4,47.0,1,0.25,0.07,0.07,7e-05,73,80,15,0.103056,openb-pod-2216
synthetic_03761,preprocessing,preprocessing,1,1,,3.152,5.46875,1,0.25,0.25,0.25,0.00025,43,52,15,0.135,openb-pod-6391
synthetic_03762,preprocessing,preprocessing,1,1,,11.908,46.0,3,0.75,0.35,0.35,0.00035,20,31,15,0.702778,openb-pod-3813
synthetic_03763,preprocessing,preprocessing,1,1,,3.152,5.46875,1,0.25,0.25,0.25,0.00025,63,73,15,0.054722,openb-pod-4559
synthetic_03764,preprocessing,preprocessing,1,1,,11.908,46.0,2,0.5,0.35,0.35,0.00035,13,19,15,0.272222,openb-pod-6515
synthetic_03765,preprocessing,preprocessing,1,1,,11.3,48.0,6,1.5,0.25,0.25,0.00025,0,10,15,1.341667,openb-pod-6633
synthetic_03766,preprocessing,preprocessing,1,1,,4.0,24.0,5,1.25,0.25,0.25,0.00025,18,27,15,1.120278,openb-pod-3545
synthetic_03767,preprocessing,preprocessing,1,1,,11.3,48.0,4,1.0,0.25,0.25,0.00025,46,59,15,0.807222,openb-pod-5429
synthetic_03768,fine_tuning,fine_tuning,1,1,T4,8.0,29.8017578125,1,0.25,0.07,0.07,7e-05,61,72,15,0.010556,openb-pod-2940
synthetic_03769,preprocessing,preprocessing,1,1,,16.0,32.0,5,1.25,0.25,0.25,0.00025,0,9,15,1.003611,openb-pod-2905
synthetic_03770,preprocessing,preprocessing,1,1,,12.0,24.0,4,1.0,0.07,0.07,7e-05,0,3,15,0.750278,openb-pod-7122
synthetic_03771,preprocessing,preprocessing,1,1,,18.708,63.0,1,0.25,0.35,0.35,0.00035,56,66,15,0.152222,openb-pod-5213
synthetic_03772,preprocessing,preprocessing,1,1,,15.7,57.0,3,0.75,0.25,0.25,0.00025,0,4,15,0.589722,openb-pod-2872
synthetic_03773,fine_tuning,fine_tuning,1,1,T4,11.4,47.0,1,0.25,0.07,0.07,7e-05,34,42,15,0.044167,openb-pod-3409
synthetic_03774,preprocessing,preprocessing,1,1,,11.4,47.0,1,0.25,0.07,0.07,7e-05,40,53,15,0.225556,openb-pod-4607
synthetic_03775,preprocessing,preprocessing,1,1,,8.0,29.8017578125,1,0.25,0.25,0.25,0.00025,29,36,15,0.017778,openb-pod-5206
synthetic_03776,preprocessing,preprocessing,1,1,,12.0,48.0,1,0.25,0.35,0.35,0.00035,45,53,15,0.236944,openb-pod-1419
synthetic_03777,preprocessing,preprocessing,1,1,,3.152,5.46875,1,0.25,0.07,0.07,7e-05,20,28,15,0.063056,openb-pod-3110
synthetic_03778,preprocessing,preprocessing,1,1,,11.3,48.0,1,0.25,0.35,0.35,0.00035,72,85,15,0.033611,openb-pod-7886
synthetic_03779,preprocessing,preprocessing,1,1,,3.152,5.46875,1,0.25,0.25,0.25,0.00025,21,31,15,0.072222,openb-pod-7878
synthetic_03780,preprocessing,preprocessing,1,1,,18.708,63.0,1,0.25,0.15,0.15,0.00015,0,13,15,0.126111,openb-pod-4941
synthetic_03781,training,training,1,1,V100M16|V100M32,11.4,47.0,2,0.5,0.25,0.25,0.00025,57,61,15,0.411944,openb-pod-4183
synthetic_03782,preprocessing,preprocessing,1,1,,11.908,46.0,1,0.25,0.25,0.25,0.00025,61,67,15,0.234722,openb-pod-4313
synthetic_03783,preprocessing,preprocessing,1,1,,3.152,5.46875,1,0.25,0.35,0.35,0.00035,40,51,15,0.040556,openb-pod-1567
synthetic_03784,fine_tuning,fine_tuning,1,1,T4,3.152,5.46875,1,0.25,0.07,0.07,7e-05,63,69,15,0.044722,openb-pod-7330
synthetic_03785,preprocessing,preprocessing,1,1,,11.3,48.0,1,0.25,0.07,0.07,7e-05,0,2,15,0.065,openb-pod-7669
synthetic_03786,preprocessing,preprocessing,1,1,,18.708,63.0,4,1.0,0.25,0.25,0.00025,62,73,15,0.873056,openb-pod-3778
synthetic_03787,fine_tuning,fine_tuning,1,1,T4,8.0,29.8017578125,1,0.25,0.07,0.07,7e-05,41,49,15,0.169444,openb-pod-3637
synthetic_03788,fine_tuning,fine_tuning,1,1,T4,3.152,5.46875,1,0.25,0.07,0.07,7e-05,66,82,15,0.125556,openb-pod-4051
synthetic_03789,preprocessing,preprocessing,1,1,,11.4,47.0,6,1.5,0.35,0.35,0.00035,40,51,15,1.290833,openb-pod-2841
synthetic_03790,fine_tuning,fine_tuning,1,1,G3,3.152,5.46875,1,0.25,0.35,0.35,0.00035,47,57,15,0.047222,openb-pod-1262
synthetic_03791,preprocessing,preprocessing,1,1,P100|V100M16|V100M32,4.0,24.0,5,1.25,0.25,0.25,0.00025,84,91,15,1.145,openb-pod-5060
synthetic_03792,preprocessing,preprocessing,1,1,,4.152,10.3515625,2,0.5,0.07,0.07,7e-05,5,16,15,0.326111,openb-pod-2157
synthetic_03793,fine_tuning,fine_tuning,4,4,G2,32.2,129.0,1,0.25,1.4,1.4,0.0014,79,90,15,0.010278,openb-pod-7154
synthetic_03794,preprocessing,preprocessing,1,1,,16.0,64.0,6,1.5,0.25,0.25,0.00025,40,48,15,1.266389,openb-pod-4735
synthetic_03795,preprocessing,preprocessing,1,1,,12.0,16.0,3,0.75,0.25,0.25,0.00025,42,52,15,0.583333,openb-pod-2720
synthetic_03796,preprocessing,preprocessing,1,1,,11.908,46.0,9,2.25,0.25,0.25,0.00025,56,66,15,2.245556,openb-pod-3961
synthetic_03797,training,training,1,1,V100M16|V100M32,4.0,24.0,5,1.25,0.25,0.25,0.00025,32,41,15,1.143056,openb-pod-6468
synthetic_03798,preprocessing,preprocessing,1,1,,11.3,48.0,1,0.25,0.25,0.25,0.00025,61,70,15,0.223611,openb-pod-5874
synthetic_03799,preprocessing,preprocessing,1,1,,3.152,5.46875,2,0.5,0.07,0.07,7e-05,68,81,15,0.259167,openb-pod-4383
synthetic_03800,preprocessing,preprocessing,1,1,,4.0,14.900390625,5,1.25,0.35,0.35,0.00035,0,5,15,1.003889,openb-pod-0109
synthetic_03801,preprocessing,preprocessing,1,1,,3.152,5.46875,1,0.25,0.07,0.07,7e-05,79,86,15,0.054167,openb-pod-1109
synthetic_03802,fine_tuning,fine_tuning,1,1,T4,11.3,48.0,2,0.5,0.07,0.07,7e-05,52,61,15,0.293611,openb-pod-4679
synthetic_03803,preprocessing,preprocessing,1,1,,18.708,63.0,3,0.75,0.35,0.35,0.00035,84,93,15,0.584167,openb-pod-1361
synthetic_03804,preprocessing,preprocessing,1,1,,15.7,57.0,3,0.75,0.07,0.07,7e-05,89,93,15,0.637222,openb-pod-1299
synthetic_03805,preprocessing,preprocessing,1,1,,3.152,5.46875,1,0.25,0.25,0.25,0.00025,84,95,15,0.010556,openb-pod-7474
synthetic_03806,fine_tuning,fine_tuning,1,1,T4,8.0,29.8017578125,1,0.25,0.07,0.07,7e-05,89,95,15,0.011389,openb-pod-4212
synthetic_03807,fine_tuning,fine_tuning,1,1,T4,3.152,5.46875,1,0.25,0.07,0.07,7e-05,26,34,15,0.014444,openb-pod-0765
synthetic_03808,fine_tuning,fine_tuning,1,1,P100,3.152,5.46875,15,3.75,0.25,0.25,0.00025,48,59,15,3.514167,openb-pod-0062
synthetic_03809,preprocessing,preprocessing,1,1,,11.3,48.0,4,1.0,0.35,0.35,0.00035,82,92,15,0.840833,openb-pod-7759
synthetic_03810,preprocessing,preprocessing,1,1,,16.4,123.0,1,0.25,0.25,0.25,0.00025,73,84,15,0.244722,openb-pod-5533
synthetic_03811,fine_tuning,fine_tuning,1,1,T4,3.152,5.46875,1,0.25,0.07,0.07,7e-05,10,18,15,0.043889,openb-pod-3319
synthetic_03812,preprocessing,preprocessing,1,1,,11.3,48.0,1,0.25,0.25,0.25,0.00025,35,44,15,0.068333,openb-pod-7719
synthetic_03813,preprocessing,preprocessing,1,1,,11.908,46.0,2,0.5,0.35,0.35,0.00035,60,71,15,0.301111,openb-pod-8121
synthetic_03814,fine_tuning,fine_tuning,1,1,T4,11.3,48.0,2,0.5,0.07,0.07,7e-05,59,69,15,0.264722,openb-pod-6299
synthetic_03815,preprocessing,preprocessing,1,1,,11.3,48.0,1,0.25,0.25,0.25,0.00025,82,92,15,0.071944,openb-pod-7580
synthetic_03816,fine_tuning,fine_tuning,1,1,T4,8.0,32.0,2,0.5,0.07,0.07,7e-05,36,50,15,0.289444,openb-pod-0561
synthetic_03817,preprocessing,preprocessing,1,1,,16.0,64.0,2,0.5,0.25,0.25,0.00025,30,40,15,0.262222,openb-pod-0076
synthetic_03818,preprocessing,preprocessing,1,1,,8.0,16.0,2,0.5,0.25,0.25,0.00025,74,83,15,0.383611,openb-pod-0282
synthetic_03819,preprocessing,preprocessing,1,1,,8.0,29.8017578125,2,0.5,0.35,0.35,0.00035,78,85,15,0.36,openb-pod-6050
synthetic_03820,fine_tuning,fine_tuning,1,1,T4,11.3,48.0,15,3.75,0.07,0.07,7e-05,29,39,15,3.544722,openb-pod-6316
synthetic_03821,preprocessing,preprocessing,1,1,,3.152,5.46875,1,0.25,0.35,0.35,0.00035,69,78,15,0.101389,openb-pod-8063
synthetic_03822,fine_tuning,fine_tuning,1,1,G2,15.2,79.0,6,1.5,0.35,0.35,0.00035,71,80,15,1.4,openb-pod-3625
synthetic_03823,preprocessing,preprocessing,1,1,,11.4,47.0,1,0.25,0.35,0.35,0.00035,7,19,15,0.013333,openb-pod-2687
synthetic_03824,preprocessing,preprocessing,1,1,,4.0,22.3515625,9,2.25,0.35,0.35,0.00035,50,58,15,2.0675,openb-pod-1192
synthetic_03825,preprocessing,preprocessing,1,1,,4.0,22.3515625,6,1.5,0.25,0.25,0.00025,11,26,15,1.490278,openb-pod-2897
synthetic_03826,preprocessing,preprocessing,1,1,,11.908,46.0,1,0.25,0.07,0.07,7e-05,82,94,15,0.019167,openb-pod-6511
synthetic_03827,preprocessing,preprocessing,1,1,,11.3,48.0,2,0.5,0.35,0.35,0.00035,73,89,15,0.265833,openb-pod-5077
synthetic_03828,preprocessing,preprocessing,1,1,,12.0,24.0,13,3.25,0.25,0.25,0.00025,5,9,15,3.168333,openb-pod-4518
synthetic_03829,preprocessing,preprocessing,1,1,,4.152,10.3515625,3,0.75,0.07,0.07,7e-05,19,28,15,0.719722,openb-pod-2057
synthetic_03830,preprocessing,preprocessing,1,1,,11.4,47.0,1,0.25,0.25,0.25,0.00025,82,87,15,0.193333,openb-pod-3962
synthetic_03831,preprocessing,preprocessing,1,1,,4.0,29.8017578125,1,0.25,0.25,0.25,0.00025,91,95,15,0.04,openb-pod-1702
synthetic_03832,fine_tuning,fine_tuning,1,1,G2,14.2,57.0,2,0.5,0.35,0.35,0.00035,29,42,15,0.344167,openb-pod-5257
synthetic_03833,preprocessing,preprocessing,1,1,,11.3,48.0,1,0.25,0.07,0.07,7e-05,68,84,15,0.183333,openb-pod-4705
synthetic_03834,fine_tuning,fine_tuning,1,1,T4,11.4,47.0,1,0.25,0.07,0.07,7e-05,79,91,15,0.151111,openb-pod-4449
synthetic_03835,preprocessing,preprocessing,1,1,,4.0,29.8017578125,6,1.5,0.35,0.35,0.00035,1,11,15,1.490556,openb-pod-6577
synthetic_03836,preprocessing,preprocessing,1,1,,11.3,48.0,1,0.25,0.35,0.35,0.00035,80,93,15,0.091667,openb-pod-7714
synthetic_03837,preprocessing,preprocessing,1,1,,11.4,76.0,1,0.25,0.25,0.25,0.00025,75,85,15,0.141944,openb-pod-8148
synthetic_03838,fine_tuning,fine_tuning,1,1,P100,3.152,5.46875,1,0.25,0.25,0.25,0.00025,48,54,15,0.036944,openb-pod-6916
synthetic_03839,fine_tuning,fine_tuning,1,1,T4,11.3,48.0,1,0.25,0.07,0.07,7e-05,0,8,15,0.014444,openb-pod-7687
synthetic_03840,preprocessing,preprocessing,1,1,,14.2,57.0,9,2.25,0.35,0.35,0.00035,38,51,15,2.006944,openb-pod-5771
synthetic_03841,preprocessing,preprocessing,1,1,,16.0,32.0,2,0.5,0.25,0.25,0.00025,41,49,15,0.391944,openb-pod-6459
synthetic_03842,fine_tuning,fine_tuning,1,1,T4,12.0,16.0,2,0.5,0.07,0.07,7e-05,86,94,15,0.266667,openb-pod-5971
synthetic_03843,preprocessing,preprocessing,1,1,,8.0,29.8017578125,1,0.25,0.25,0.25,0.00025,23,37,15,0.035556,openb-pod-6038
synthetic_03844,preprocessing,preprocessing,1,1,,11.908,46.0,1,0.25,0.35,0.35,0.00035,8,14,15,0.159722,openb-pod-5708
synthetic_03845,preprocessing,preprocessing,1,1,,11.3,37.0,1,0.25,0.25,0.25,0.00025,6,21,15,0.175833,openb-pod-2417
synthetic_03846,preprocessing,preprocessing,1,1,,3.152,5.46875,1,0.25,0.25,0.25,0.00025,43,50,15,0.245833,openb-pod-4020
synthetic_03847,preprocessing,preprocessing,1,1,,18.708,63.0,1,0.25,0.15,0.15,0.00015,33,44,15,0.213333,openb-pod-7301
synthetic_03848,preprocessing,preprocessing,1,1,,3.152,5.46875,1,0.25,0.07,0.07,7e-05,45,55,15,0.116944,openb-pod-7335
synthetic_03849,preprocessing,preprocessing,1,1,,11.908,46.0,1,0.25,0.35,0.35,0.00035,90,95,15,0.028611,openb-pod-7393
synthetic_03850,preprocessing,preprocessing,1,1,,3.152,5.46875,1,0.25,0.25,0.25,0.00025,53,68,15,0.053611,openb-pod-0722
synthetic_03851,preprocessing,preprocessing,1,1,,4.0,22.3515625,4,1.0,0.35,0.35,0.00035,6,17,15,0.755278,openb-pod-2131
synthetic_03852,preprocessing,preprocessing,1,1,,3.152,5.46875,1,0.25,0.35,0.35,0.00035,21,30,15,0.041667,openb-pod-1594
synthetic_03853,fine_tuning,fine_tuning,1,1,G2,18.708,63.0,1,0.25,0.35,0.35,0.00035,72,82,15,0.015,openb-pod-5083
synthetic_03854,preprocessing,preprocessing,1,1,,3.152,5.46875,1,0.25,0.07,0.07,7e-05,51,64,15,0.200833,openb-pod-4691
synthetic_03855,preprocessing,preprocessing,1,1,,11.3,48.0,1,0.25,0.35,0.35,0.00035,39,47,15,0.063333,openb-pod-5265
synthetic_03856,preprocessing,preprocessing,1,1,,11.4,47.0,1,0.25,0.35,0.35,0.00035,2,9,15,0.014444,openb-pod-2628
synthetic_03857,preprocessing,preprocessing,1,1,,11.908,46.0,1,0.25,0.25,0.25,0.00025,41,51,15,0.015833,openb-pod-7081
synthetic_03858,preprocessing,preprocessing,1,1,,4.0,29.8017578125,1,0.25,0.35,0.35,0.00035,67,77,15,0.013889,openb-pod-2141
synthetic_03859,preprocessing,preprocessing,1,1,,3.152,5.46875,1,0.25,0.07,0.07,7e-05,49,55,15,0.123056,openb-pod-4805
synthetic_03860,preprocessing,preprocessing,1,1,,11.3,48.0,1,0.25,0.25,0.25,0.00025,55,68,15,0.154722,openb-pod-5547
synthetic_03861,fine_tuning,fine_tuning,1,1,T4,3.152,5.46875,15,3.75,0.07,0.07,7e-05,67,76,15,3.564722,openb-pod-5671
synthetic_03862,preprocessing,preprocessing,1,1,,8.0,29.8017578125,1,0.25,0.07,0.07,7e-05,57,63,15,0.066944,openb-pod-4311
synthetic_03863,preprocessing,preprocessing,8,8,,64.2,257.0,1,0.25,2.0,2.0,0.002,4,11,15,0.138056,openb-pod-2112
synthetic_03864,preprocessing,preprocessing,1,1,,11.908,46.0,1,0.25,0.07,0.07,7e-05,75,85,15,0.245556,openb-pod-3456
synthetic_03865,fine_tuning,fine_tuning,1,1,T4,6.0,32.0,3,0.75,0.07,0.07,7e-05,50,60,15,0.5525,openb-pod-7462
synthetic_03866,preprocessing,preprocessing,1,1,,11.3,48.0,5,1.25,0.35,0.35,0.00035,32,46,15,1.105278,openb-pod-6925
synthetic_03867,fine_tuning,fine_tuning,1,1,T4,11.908,46.0,2,0.5,0.07,0.07,7e-05,62,72,15,0.314444,openb-pod-5400
synthetic_03868,preprocessing,preprocessing,1,1,,11.3,48.0,2,0.5,0.35,0.35,0.00035,61,76,15,0.402778,openb-pod-5342
synthetic_03869,fine_tuning,fine_tuning,1,1,G2,3.152,5.46875,1,0.25,0.35,0.35,0.00035,48,53,15,0.054167,openb-pod-1089
synthetic_03870,preprocessing,preprocessing,1,1,,11.908,46.0,1,0.25,0.25,0.25,0.00025,92,95,15,0.098056,openb-pod-7399
synthetic_03871,preprocessing,preprocessing,1,1,,12.0,16.0,1,0.25,0.35,0.35,0.00035,74,81,15,0.140556,openb-pod-0737
synthetic_03872,fine_tuning,fine_tuning,1,1,T4,3.152,5.46875,1,0.25,0.07,0.07,7e-05,0,9,15,0.0675,openb-pod-3133
synthetic_03873,preprocessing,preprocessing,1,1,,4.0,14.900390625,1,0.25,0.25,0.25,0.00025,14,19,15,0.0925,openb-pod-0817
synthetic_03874,preprocessing,preprocessing,1,1,,11.908,46.0,1,0.25,0.25,0.25,0.00025,79,91,15,0.051944,openb-pod-0284
synthetic_03875,preprocessing,preprocessing,1,1,,12.0,16.0,1,0.25,0.25,0.25,0.00025,73,84,15,0.140556,openb-pod-0737
synthetic_03876,preprocessing,preprocessing,1,1,,11.908,46.0,1,0.25,0.07,0.07,7e-05,62,68,15,0.045,openb-pod-6225
synthetic_03877,fine_tuning,fine_tuning,1,1,T4,8.0,29.8017578125,1,0.25,0.07,0.07,7e-05,30,37,15,0.030833,openb-pod-3411
synthetic_03878,fine_tuning,fine_tuning,1,1,G2,12.0,23.0,2,0.5,0.35,0.35,0.00035,53,60,15,0.316667,openb-pod-2356
synthetic_03879,preprocessing,preprocessing,1,1,,3.152,5.46875,2,0.5,0.35,0.35,0.00035,71,76,15,0.289444,openb-pod-5818
synthetic_03880,preprocessing,preprocessing,1,1,,3.152,5.46875,1,0.25,0.25,0.25,0.00025,69,79,15,0.094167,openb-pod-7113
synthetic_03881,preprocessing,preprocessing,1,1,,16.0,32.0,4,1.0,0.25,0.25,0.00025,34,41,15,0.791389,openb-pod-2985
synthetic_03882,fine_tuning,fine_tuning,1,1,G2,11.3,48.0,1,0.25,0.35,0.35,0.00035,32,41,15,0.013889,openb-pod-7742
synthetic_03883,preprocessing,preprocessing,1,1,,3.152,5.46875,1,0.25,0.25,0.25,0.00025,38,52,15,0.033611,openb-pod-4161
synthetic_03884,preprocessing,preprocessing,1,1,,11.908,46.0,6,1.5,0.25,0.25,0.00025,47,59,15,1.378611,openb-pod-2636
synthetic_03885,preprocessing,preprocessing,1,1,,3.152,5.46875,1,0.25,0.25,0.25,0.00025,28,42,15,0.042222,openb-pod-1690
synthetic_03886,preprocessing,preprocessing,1,1,,4.0,24.0,1,0.25,0.25,0.25,0.00025,18,27,15,0.038333,openb-pod-5026
synthetic_03887,preprocessing,preprocessing,1,1,,8.2,33.0,1,0.25,0.25,0.25,0.00025,13,24,15,0.107778,openb-pod-5682
synthetic_03888,preprocessing,preprocessing,1,1,,3.152,5.46875,2,0.5,0.35,0.35,0.00035,21,29,15,0.382222,openb-pod-4013
synthetic_03889,preprocessing,preprocessing,1,1,,11.3,48.0,1,0.25,0.25,0.25,0.00025,71,75,15,0.1675,openb-pod-7250
synthetic_03890,preprocessing,preprocessing,1,1,,11.908,46.0,1,0.25,0.25,0.25,0.00025,92,95,15,0.015,openb-pod-5907
synthetic_03891,fine_tuning,fine_tuning,1,1,G3,11.3,48.0,1,0.25,0.35,0.35,0.00035,61,69,15,0.024722,openb-pod-5481
synthetic_03892,preprocessing,preprocessing,1,1,,3.152,5.46875,1,0.25,0.35,0.35,0.00035,0,12,15,0.093889,openb-pod-4808
synthetic_03893,fine_tuning,fine_tuning,1,1,P100,3.152,5.46875,1,0.25,0.25,0.25,0.00025,76,91,15,0.036944,openb-pod-6916
synthetic_03894,fine_tuning,fine_tuning,1,1,T4,11.4,47.0,2,0.5,0.07,0.07,7e-05,8,19,15,0.313611,openb-pod-3055
synthetic_03895,preprocessing,preprocessing,1,1,,11.4,47.0,6,1.5,0.35,0.35,0.00035,44,58,15,1.292778,openb-pod-2772
synthetic_03896,training,training,1,1,V100M16|V100M32,11.3,48.0,1,0.25,0.25,0.25,0.00025,90,95,15,0.076111,openb-pod-7826
synthetic_03897,preprocessing,preprocessing,1,1,,4.0,24.0,5,1.25,0.35,0.35,0.00035,3,12,15,1.123056,openb-pod-7163
synthetic_03898,preprocessing,preprocessing,1,1,,3.152,5.46875,1,0.25,0.35,0.35,0.00035,84,94,15,0.039167,openb-pod-2039
synthetic_03899,preprocessing,preprocessing,1,1,,8.0,16.0,5,1.25,0.25,0.25,0.00025,63,75,15,1.098056,openb-pod-0398
synthetic_03900,preprocessing,preprocessing,1,1,,15.7,57.0,1,0.25,0.35,0.35,0.00035,52,65,15,0.030556,openb-pod-2870
synthetic_03901,preprocessing,preprocessing,1,1,,8.0,32.0,4,1.0,0.25,0.25,0.00025,53,62,15,0.951111,openb-pod-0290
synthetic_03902,preprocessing,preprocessing,1,1,,11.908,46.0,1,0.25,0.35,0.35,0.00035,2,6,15,0.074722,openb-pod-5691
synthetic_03903,preprocessing,preprocessing,1,1,,11.3,48.0,1,0.25,0.07,0.07,7e-05,74,83,15,0.094722,openb-pod-6296
synthetic_03904,fine_tuning,fine_tuning,1,1,T4,11.3,48.0,1,0.25,0.07,0.07,7e-05,52,63,15,0.064444,openb-pod-7607
synthetic_03905,preprocessing,preprocessing,1,1,,11.908,46.0,1,0.25,0.25,0.25,0.00025,28,44,15,0.164722,openb-pod-6310
synthetic_03906,fine_tuning,fine_tuning,1,1,P100,8.0,29.8017578125,1,0.25,0.25,0.25,0.00025,7,19,15,0.147778,openb-pod-0440
synthetic_03907,fine_tuning,fine_tuning,1,1,T4,11.4,47.0,4,1.0,0.07,0.07,7e-05,10,19,15,0.908611,openb-pod-0740
synthetic_03908,preprocessing,preprocessing,1,1,,4.0,14.900390625,10,2.5,0.35,0.35,0.00035,0,10,15,2.442778,openb-pod-4335
synthetic_03909,preprocessing,preprocessing,1,1,,11.3,48.0,1,0.25,0.35,0.35,0.00035,48,58,15,0.221667,openb-pod-5917
synthetic_03910,preprocessing,preprocessing,1,1,,8.0,16.0,2,0.5,0.25,0.25,0.00025,40,51,15,0.459722,openb-pod-4097
synthetic_03911,preprocessing,preprocessing,1,1,,11.3,48.0,1,0.25,0.25,0.25,0.00025,57,68,15,0.02,openb-pod-7867
synthetic_03912,preprocessing,preprocessing,1,1,,3.152,5.46875,1,0.25,0.35,0.35,0.00035,67,81,15,0.026389,openb-pod-8073
synthetic_03913,fine_tuning,fine_tuning,1,1,G2,4.0,24.0,5,1.25,0.35,0.35,0.00035,0,6,15,1.120833,openb-pod-0734
synthetic_03914,training,training,1,1,V100M16|V100M32,11.9,76.0,5,1.25,0.25,0.25,0.00025,80,88,15,1.081667,openb-pod-2742
synthetic_03915,fine_tuning,fine_tuning,1,1,T4,11.4,47.0,2,0.5,0.07,0.07,7e-05,41,47,15,0.373333,openb-pod-4450
synthetic_03916,preprocessing,preprocessing,1,1,,14.2,57.0,1,0.25,0.25,0.25,0.00025,50,58,15,0.090278,openb-pod-5321
synthetic_03917,preprocessing,preprocessing,1,1,,18.708,63.0,1,0.25,0.25,0.25,0.00025,0,8,15,0.046944,openb-pod-0515
synthetic_03918,preprocessing,preprocessing,1,1,,3.152,5.46875,1,0.25,0.35,0.35,0.00035,0,10,15,0.040278,openb-pod-1401
synthetic_03919,fine_tuning,fine_tuning,1,1,T4,3.152,5.46875,1,0.25,0.07,0.07,7e-05,35,46,15,0.034167,openb-pod-1404
synthetic_03920,preprocessing,preprocessing,1,1,,11.4,76.0,5,1.25,0.07,0.07,7e-05,68,76,15,1.146944,openb-pod-7628
synthetic_03921,preprocessing,preprocessing,1,1,,3.152,5.46875,5,1.25,0.07,0.07,7e-05,38,46,15,1.123611,openb-pod-1087
synthetic_03922,fine_tuning,fine_tuning,1,1,T4,15.2,79.0,5,1.25,0.07,0.07,7e-05,53,65,15,1.155278,openb-pod-4331
synthetic_03923,preprocessing,preprocessing,1,1,,3.152,5.46875,1,0.25,0.25,0.25,0.00025,12,24,15,0.223611,openb-pod-2091
synthetic_03924,fine_tuning,fine_tuning,1,1,P100,3.152,5.46875,1,0.25,0.25,0.25,0.00025,52,65,15,0.002778,openb-pod-1696
synthetic_03925,fine_tuning,fine_tuning,1,1,T4,11.4,47.0,2,0.5,0.07,0.07,7e-05,14,22,15,0.267778,openb-pod-0736
synthetic_03926,preprocessing,preprocessing,1,1,,2.0,16.0,1,0.25,0.35,0.35,0.00035,16,21,15,0.199444,openb-pod-5783
synthetic_03927,preprocessing,preprocessing,1,1,,12.0,15.0,16,4.0,0.25,0.25,0.00025,67,79,15,3.818611,openb-pod-5718
synthetic_03928,preprocessing,preprocessing,1,1,,11.4,76.0,1,0.25,0.35,0.35,0.00035,60,66,15,0.014167,openb-pod-6726
synthetic_03929,preprocessing,preprocessing,1,1,,3.152,5.46875,1,0.25,0.07,0.07,7e-05,46,56,15,0.063056,openb-pod-3450
synthetic_03930,fine_tuning,fine_tuning,1,1,T4,3.152,5.46875,1,0.25,0.07,0.07,7e-05,52,66,15,0.009167,openb-pod-8145
synthetic_03931,preprocessing,preprocessing,1,1,,3.152,5.46875,1,0.25,0.25,0.25,0.00025,37,50,15,0.031944,openb-pod-0741
synthetic_03932,preprocessing,preprocessing,1,1,,3.152,5.46875,1,0.25,0.35,0.35,0.00035,79,91,15,0.008333,openb-pod-8151
synthetic_03933,fine_tuning,fine_tuning,1,1,T4,3.152,5.46875,1,0.25,0.07,0.07,7e-05,32,41,15,0.045833,openb-pod-1598
synthetic_03934,preprocessing,preprocessing,1,1,,3.152,5.46875,1,0.25,0.25,0.25,0.00025,3,8,15,0.0525,openb-pod-3160
synthetic_03935,fine_tuning,fine_tuning,1,1,T4,3.152,5.46875,1,0.25,0.07,0.07,7e-05,15,22,15,0.089444,openb-pod-6900
synthetic_03936,preprocessing,preprocessing,1,1,,4.0,29.8017578125,11,2.75,0.07,0.07,7e-05,40,49,15,2.5425,openb-pod-5952
synthetic_03937,fine_tuning,fine_tuning,1,1,T4,12.0,24.0,1,0.25,0.07,0.07,7e-05,16,27,15,0.241111,openb-pod-6873
synthetic_03938,fine_tuning,fine_tuning,1,1,G2,11.3,48.0,1,0.25,0.35,0.35,0.00035,63,75,15,0.020556,openb-pod-7825
synthetic_03939,preprocessing,preprocessing,1,1,,8.0,32.0,4,1.0,0.25,0.25,0.00025,4,14,15,0.758611,openb-pod-4114
synthetic_03940,preprocessing,preprocessing,1,1,G2|P100|T4|V100M16|V100M32,3.152,5.46875,1,0.25,0.25,0.25,0.00025,39,47,15,0.054444,openb-pod-0863
synthetic_03941,preprocessing,preprocessing,1,1,,3.152,5.46875,1,0.25,0.25,0.25,0.00025,0,5,15,0.065556,openb-pod-3268
synthetic_03942,fine_tuning,fine_tuning,1,1,T4,8.0,29.8017578125,1,0.25,0.07,0.07,7e-05,0,9,15,0.067222,openb-pod-2053
synthetic_03943,fine_tuning,fine_tuning,1,1,T4,24.2,91.0,1,0.25,0.07,0.07,7e-05,78,86,15,0.015278,openb-pod-1235
synthetic_03944,fine_tuning,fine_tuning,1,1,P100,3.152,5.46875,1,0.25,0.25,0.25,0.00025,70,83,15,0.159722,openb-pod-7469
synthetic_03945,fine_tuning,fine_tuning,1,1,T4,3.152,5.46875,1,0.25,0.07,0.07,7e-05,66,79,15,0.035556,openb-pod-5432
synthetic_03946,fine_tuning,fine_tuning,1,1,T4,3.152,5.46875,1,0.25,0.07,0.07,7e-05,35,47,15,0.08,openb-pod-1449
synthetic_03947,preprocessing,preprocessing,1,1,,11.4,47.0,2,0.5,0.35,0.35,0.00035,7,16,15,0.390556,openb-pod-4493
synthetic_03948,preprocessing,preprocessing,1,1,,9.81,40.5859375,1,0.25,0.25,0.25,0.00025,62,75,15,0.206111,openb-pod-3719
synthetic_03949,preprocessing,preprocessing,1,1,,9.81,40.5859375,1,0.25,0.35,0.35,0.00035,9,22,15,0.019444,openb-pod-7425
synthetic_03950,preprocessing,preprocessing,1,1,,4.0,22.3515625,1,0.25,0.25,0.25,0.00025,8,15,15,0.050556,openb-pod-7392
synthetic_03951,preprocessing,preprocessing,1,1,,3.152,5.46875,1,0.25,0.07,0.07,7e-05,74,87,15,0.036111,openb-pod-0480
synthetic_03952,fine_tuning,fine_tuning,1,1,T4,11.4,47.0,7,1.75,0.07,0.07,7e-05,64,69,15,1.522778,openb-pod-4169
synthetic_03953,fine_tuning,fine_tuning,1,1,T4,3.152,5.46875,1,0.25,0.07,0.07,7e-05,69,79,15,0.003611,openb-pod-7782
synthetic_03954,fine_tuning,fine_tuning,1,1,T4,3.152,5.46875,1,0.25,0.07,0.07,7e-05,51,59,15,0.054444,openb-pod-3099
synthetic_03955,preprocessing,preprocessing,1,1,,11.3,48.0,1,0.25,0.25,0.25,0.00025,65,78,15,0.114167,openb-pod-6400
synthetic_03956,preprocessing,preprocessing,1,1,,18.708,63.0,1,0.25,0.35,0.35,0.00035,20,25,15,0.014167,openb-pod-1301
synthetic_03957,fine_tuning,fine_tuning,1,1,G2,8.0,16.0,3,0.75,0.35,0.35,0.00035,6,14,15,0.749722,openb-pod-0547
synthetic_03958,preprocessing,preprocessing,1,1,,8.2,33.0,1,0.25,0.35,0.35,0.00035,51,65,15,0.107778,openb-pod-5682
synthetic_03959,preprocessing,preprocessing,1,1,,3.152,5.46875,1,0.25,0.25,0.25,0.00025,0,6,15,0.127222,openb-pod-3994
synthetic_03960,preprocessing,preprocessing,1,1,,3.152,5.46875,1,0.25,0.25,0.25,0.00025,51,57,15,0.045556,openb-pod-3667
synthetic_03961,fine_tuning,fine_tuning,1,1,G2,3.152,5.46875,1,0.25,0.35,0.35,0.00035,62,72,15,0.054167,openb-pod-1089
synthetic_03962,preprocessing,preprocessing,1,1,,8.0,29.8017578125,1,0.25,0.35,0.35,0.00035,79,84,15,0.089167,openb-pod-5701
synthetic_03963,preprocessing,preprocessing,1,1,,11.3,48.0,1,0.25,0.35,0.35,0.00035,67,76,15,0.018611,openb-pod-5870
synthetic_03964,preprocessing,preprocessing,1,1,,11.4,76.0,1,0.25,0.25,0.25,0.00025,11,22,15,0.055556,openb-pod-5905
synthetic_03965,fine_tuning,fine_tuning,1,1,T4,3.152,5.46875,1,0.25,0.07,0.07,7e-05,22,31,15,0.055278,openb-pod-0772
synthetic_03966,preprocessing,preprocessing,1,1,,3.152,5.46875,4,1.0,0.35,0.35,0.00035,85,92,15,0.801389,openb-pod-4043
synthetic_03967,preprocessing,preprocessing,1,1,,8.0,29.8017578125,1,0.25,0.25,0.25,0.00025,26,34,15,0.026944,openb-pod-6009
synthetic_03968,preprocessing,preprocessing,1,1,,15.7,57.0,1,0.25,0.25,0.25,0.00025,60,68,15,0.013056,openb-pod-2912
synthetic_03969,preprocessing,preprocessing,1,1,,18.708,63.0,1,0.25,0.35,0.35,0.00035,31,42,15,0.074444,openb-pod-6539
synthetic_03970,preprocessing,preprocessing,1,1,,3.152,5.46875,1,0.25,0.25,0.25,0.00025,12,19,15,0.033056,openb-pod-7439
synthetic_03971,fine_tuning,fine_tuning,1,1,T4,4.0,29.8017578125,2,0.5,0.07,0.07,7e-05,66,79,15,0.276944,openb-pod-6276
synthetic_03972,preprocessing,preprocessing,1,1,,11.4,47.0,3,0.75,0.25,0.25,0.00025,62,66,15,0.660278,openb-pod-2350
synthetic_03973,fine_tuning,fine_tuning,1,1,T4,4.152,10.3515625,1,0.25,0.07,0.07,7e-05,52,62,15,0.013333,openb-pod-1226
synthetic_03974,preprocessing,preprocessing,1,1,,9.81,40.5859375,3,0.75,0.35,0.35,0.00035,77,87,15,0.691389,openb-pod-5726
synthetic_03975,fine_tuning,fine_tuning,1,1,T4,11.908,46.0,1,0.25,0.07,0.07,7e-05,79,86,15,0.105,openb-pod-3122
synthetic_03976,preprocessing,preprocessing,1,1,,3.152,5.46875,1,0.25,0.25,0.25,0.00025,0,8,15,0.040556,openb-pod-1275
synthetic_03977,fine_tuning,fine_tuning,1,1,T4,11.908,46.0,1,0.25,0.07,0.07,7e-05,2,10,15,0.013056,openb-pod-3597
synthetic_03978,fine_tuning,fine_tuning,1,1,G3,16.0,32.0,2,0.5,0.35,0.35,0.00035,62,69,15,0.326944,openb-pod-0876
synthetic_03979,preprocessing,preprocessing,1,1,,11.3,48.0,1,0.25,0.35,0.35,0.00035,63,69,15,0.014167,openb-pod-6014
synthetic_03980,fine_tuning,fine_tuning,1,1,P100,11.908,46.0,1,0.25,0.25,0.25,0.00025,62,70,15,0.0225,openb-pod-7304
synthetic_03981,preprocessing,preprocessing,1,1,,3.152,5.46875,1,0.25,0.35,0.35,0.00035,54,65,15,0.004444,openb-pod-7449
synthetic_03982,preprocessing,preprocessing,1,1,,4.0,29.8017578125,1,0.25,0.25,0.25,0.00025,22,37,15,0.206667,openb-pod-2203
synthetic_03983,preprocessing,preprocessing,1,1,,11.3,48.0,1,0.25,0.07,0.07,7e-05,81,89,15,0.016944,openb-pod-7698
synthetic_03984,preprocessing,preprocessing,1,1,P100|V100M16|V100M32,18.708,63.0,1,0.25,0.25,0.25,0.00025,32,43,15,0.025833,openb-pod-7020
synthetic_03985,fine_tuning,fine_tuning,1,1,T4,11.4,47.0,1,0.25,0.07,0.07,7e-05,69,83,15,0.015278,openb-pod-0768
synthetic_03986,fine_tuning,fine_tuning,1,1,T4,3.152,5.46875,1,0.25,0.07,0.07,7e-05,37,49,15,0.054722,openb-pod-1058
synthetic_03987,training,training,1,1,V100M16|V100M32,11.3,48.0,2,0.5,0.25,0.25,0.00025,67,75,15,0.313333,openb-pod-4678
synthetic_03988,preprocessing,preprocessing,1,1,,12.0,24.0,1,0.25,0.25,0.25,0.00025,68,82,15,0.165833,openb-pod-2922
synthetic_03989,preprocessing,preprocessing,1,1,,11.3,48.0,1,0.25,0.35,0.35,0.00035,18,29,15,0.140556,openb-pod-4967
synthetic_03990,preprocessing,preprocessing,1,1,,3.152,5.46875,1,0.25,0.07,0.07,7e-05,27,38,15,0.054167,openb-pod-3404
synthetic_03991,fine_tuning,fine_tuning,1,1,T4,3.152,5.46875,1,0.25,0.07,0.07,7e-05,28,36,15,0.014444,openb-pod-0765
synthetic_03992,fine_tuning,fine_tuning,1,1,P100,11.908,46.0,1,0.25,0.25,0.25,0.00025,81,88,15,0.146944,openb-pod-6506
synthetic_03993,preprocessing,preprocessing,1,1,,8.0,29.8017578125,1,0.25,0.35,0.35,0.00035,76,89,15,0.150556,openb-pod-0408
synthetic_03994,preprocessing,preprocessing,1,1,,11.3,48.0,2,0.5,0.35,0.35,0.00035,79,85,15,0.466111,openb-pod-6256
synthetic_03995,preprocessing,preprocessing,1,1,,3.152,5.46875,1,0.25,0.25,0.25,0.00025,13,23,15,0.003611,openb-pod-8146
synthetic_03996,preprocessing,preprocessing,1,1,,11.3,48.0,3,0.75,0.07,0.07,7e-05,12,26,15,0.531667,openb-pod-5137
synthetic_03997,preprocessing,preprocessing,1,1,,3.152,5.46875,1,0.25,0.07,0.07,7e-05,38,47,15,0.068611,openb-pod-2310
synthetic_03998,preprocessing,preprocessing,1,1,,3.152,5.46875,1,0.25,0.15,0.15,0.00015,87,95,15,0.040556,openb-pod-1488
synthetic_03999,training,training,1,1,V100M16|V100M32,11.3,48.0,1,0.25,0.25,0.25,0.00025,67,77,15,0.018056,openb-pod-7734
synthetic_04000,preprocessing,preprocessing,1,1,,3.152,5.46875,1,0.25,0.25,0.25,0.00025,0,4,15,0.005,openb-pod-6842
synthetic_04001,preprocessing,preprocessing,1,1,,3.152,5.46875,1,0.25,0.35,0.35,0.00035,6,17,15,0.033611,openb-pod-4161
synthetic_04002,preprocessing,preprocessing,1,1,,14.2,57.0,1,0.25,0.25,0.25,0.00025,57,65,15,0.013056,openb-pod-5217
synthetic_04003,fine_tuning,fine_tuning,1,1,G2,1.0,6.0,2,0.5,0.35,0.35,0.00035,45,55,15,0.330833,openb-pod-4930
synthetic_04004,preprocessing,preprocessing,1,1,,4.0,29.8017578125,14,3.5,0.25,0.25,0.00025,0,8,15,3.485833,openb-pod-5975
synthetic_04005,preprocessing,preprocessing,1,1,,3.152,5.46875,1,0.25,0.35,0.35,0.00035,21,32,15,0.041667,openb-pod-0357
synthetic_04006,fine_tuning,fine_tuning,1,1,T4,11.908,46.0,3,0.75,0.07,0.07,7e-05,8,17,15,0.657778,openb-pod-7943
synthetic_04007,preprocessing,preprocessing,1,1,,14.2,57.0,2,0.5,0.25,0.25,0.00025,38,50,15,0.399167,openb-pod-5238
synthetic_04008,preprocessing,preprocessing,1,1,,3.152,5.46875,8,2.0,0.25,0.25,0.00025,64,70,15,1.833611,openb-pod-3797
synthetic_04009,preprocessing,preprocessing,1,1,,3.152,5.46875,1,0.25,0.07,0.07,7e-05,50,55,15,0.084722,openb-pod-3220
synthetic_04010,preprocessing,preprocessing,1,1,,3.152,5.46875,1,0.25,0.25,0.25,0.00025,76,88,15,0.0425,openb-pod-0970
synthetic_04011,fine_tuning,fine_tuning,1,1,T4,11.3,48.0,1,0.25,0.07,0.07,7e-05,0,8,15,0.119444,openb-pod-7863
synthetic_04012,preprocessing,preprocessing,1,1,,11.3,48.0,1,0.25,0.35,0.35,0.00035,52,63,15,0.018333,openb-pod-7740
synthetic_04013,preprocessing,preprocessing,1,1,,9.4,51.0,1,0.25,0.25,0.25,0.00025,89,95,15,0.051944,openb-pod-4619
synthetic_04014,preprocessing,preprocessing,1,1,,11.908,46.0,1,0.25,0.07,0.07,7e-05,6,16,15,0.045,openb-pod-6225
synthetic_04015,fine_tuning,fine_tuning,1,1,P100,3.152,5.46875,1,0.25,0.25,0.25,0.00025,71,83,15,0.064722,openb-pod-1843
synthetic_04016,preprocessing,preprocessing,1,1,,4.152,10.3515625,1,0.25,0.25,0.25,0.00025,27,33,15,0.013889,openb-pod-1158
synthetic_04017,fine_tuning,fine_tuning,1,1,G2,4.0,24.0,1,0.25,0.35,0.35,0.00035,49,60,15,0.153611,openb-pod-7040
synthetic_04018,preprocessing,preprocessing,1,1,,11.908,46.0,1,0.25,0.35,0.35,0.00035,61,71,15,0.066667,openb-pod-1824
synthetic_04019,preprocessing,preprocessing,1,1,,4.0,14.900390625,11,2.75,0.35,0.35,0.00035,18,29,15,2.573333,openb-pod-3617
synthetic_04020,preprocessing,preprocessing,1,1,,8.0,29.8017578125,2,0.5,0.25,0.25,0.00025,69,77,15,0.446389,openb-pod-6814
synthetic_04021,preprocessing,preprocessing,1,1,,3.152,5.46875,2,0.5,0.25,0.25,0.00025,38,47,15,0.260556,openb-pod-3489
synthetic_04022,preprocessing,preprocessing,1,1,,16.4,123.0,2,0.5,0.25,0.25,0.00025,15,28,15,0.4725,openb-pod-8025
synthetic_04023,preprocessing,preprocessing,1,1,P100|V100M16|V100M32,3.152,5.46875,1,0.25,0.25,0.25,0.00025,85,93,15,0.013611,openb-pod-0884
synthetic_04024,preprocessing,preprocessing,1,1,,14.2,57.0,2,0.5,0.07,0.07,7e-05,76,81,15,0.337778,openb-pod-5294
synthetic_04025,fine_tuning,fine_tuning,1,1,T4,8.0,32.0,1,0.25,0.07,0.07,7e-05,26,35,15,0.225,openb-pod-0303
synthetic_04026,fine_tuning,fine_tuning,1,1,T4,18.708,63.0,4,1.0,0.07,0.07,7e-05,5,17,15,0.941944,openb-pod-7024
synthetic_04027,preprocessing,preprocessing,1,1,,18.708,63.0,1,0.25,0.25,0.25,0.00025,69,77,15,0.105833,openb-pod-5035
synthetic_04028,preprocessing,preprocessing,1,1,,11.4,47.0,2,0.5,0.25,0.25,0.00025,39,53,15,0.443056,openb-pod-2669
synthetic_04029,preprocessing,preprocessing,1,1,,11.9,76.0,4,1.0,0.25,0.25,0.00025,76,92,15,0.785,openb-pod-2506
synthetic_04030,fine_tuning,fine_tuning,1,1,T4,11.3,48.0,3,0.75,0.07,0.07,7e-05,85,93,15,0.503611,openb-pod-6625
synthetic_04031,preprocessing,preprocessing,1,1,,14.2,57.0,1,0.25,0.35,0.35,0.00035,44,55,15,0.009444,openb-pod-5248
synthetic_04032,fine_tuning,fine_tuning,1,1,T4,11.3,48.0,1,0.25,0.07,0.07,7e-05,39,52,15,0.099444,openb-pod-7702
synthetic_04033,fine_tuning,fine_tuning,1,1,T4,11.3,48.0,1,0.25,0.07,0.07,7e-05,0,7,15,0.020833,openb-pod-7582
synthetic_04034,preprocessing,preprocessing,1,1,,11.908,46.0,1,0.25,0.25,0.25,0.00025,52,59,15,0.008611,openb-pod-3844
synthetic_04035,fine_tuning,fine_tuning,1,1,T4,12.0,16.0,1,0.25,0.07,0.07,7e-05,30,43,15,0.14,openb-pod-2812
synthetic_04036,fine_tuning,fine_tuning,1,1,T4,4.0,14.900390625,4,1.0,0.07,0.07,7e-05,89,92,15,0.861111,openb-pod-3605
synthetic_04037,preprocessing,preprocessing,1,1,,3.152,5.46875,1,0.25,0.25,0.25,0.00025,27,37,15,0.138056,openb-pod-4353
synthetic_04038,preprocessing,preprocessing,1,1,,15.7,57.0,3,0.75,0.07,0.07,7e-05,4,14,15,0.608333,openb-pod-2815
synthetic_04039,fine_tuning,fine_tuning,1,1,T4,3.152,5.46875,1,0.25,0.07,0.07,7e-05,43,57,15,0.146389,openb-pod-3433
synthetic_04040,fine_tuning,fine_tuning,1,1,T4,4.0,30.517578125,9,2.25,0.07,0.07,7e-05,28,41,15,2.116111,openb-pod-0606
synthetic_04041,preprocessing,preprocessing,1,1,,8.0,32.0,2,0.5,0.25,0.25,0.00025,13,23,15,0.324167,openb-pod-2606
synthetic_04042,preprocessing,preprocessing,1,1,,3.152,5.46875,1,0.25,0.25,0.25,0.00025,60,71,15,0.0225,openb-pod-1738
synthetic_04043,fine_tuning,fine_tuning,1,1,P100,3.152,5.46875,1,0.25,0.25,0.25,0.00025,13,26,15,0.030278,openb-pod-7391
synthetic_04044,fine_tuning,fine_tuning,1,1,T4,11.4,47.0,2,0.5,0.07,0.07,7e-05,9,18,15,0.267778,openb-pod-0736
synthetic_04045,preprocessing,preprocessing,1,1,,2.0,8.0,2,0.5,0.25,0.25,0.00025,63,73,15,0.300278,openb-pod-8061
synthetic_04046,fine_tuning,fine_tuning,1,1,G2,16.0,64.0,14,3.5,0.35,0.35,0.00035,49,60,15,3.471944,openb-pod-1610
synthetic_04047,preprocessing,preprocessing,1,1,,3.152,5.46875,1,0.25,0.35,0.35,0.00035,17,24,15,0.04,openb-pod-1121
synthetic_04048,preprocessing,preprocessing,1,1,,12.0,24.0,1,0.25,0.07,0.07,7e-05,40,47,15,0.058611,openb-pod-3003
synthetic_04049,preprocessing,preprocessing,1,1,,3.152,5.46875,1,0.25,0.25,0.25,0.00025,86,95,15,0.045278,openb-pod-1380
synthetic_04050,preprocessing,preprocessing,1,1,,9.81,40.5859375,5,1.25,0.25,0.25,0.00025,37,43,15,1.0425,openb-pod-1166
synthetic_04051,preprocessing,preprocessing,1,1,,14.2,57.0,6,1.5,0.25,0.25,0.00025,35,43,15,1.291389,openb-pod-5828
synthetic_04052,preprocessing,preprocessing,1,1,,4.0,29.8017578125,1,0.25,0.07,0.07,7e-05,89,95,15,0.013889,openb-pod-2141
synthetic_04053,fine_tuning,fine_tuning,1,1,P100,3.152,5.46875,1,0.25,0.25,0.25,0.00025,23,32,15,0.02,openb-pod-7484
synthetic_04054,fine_tuning,fine_tuning,1,1,T4,12.0,16.0,1,0.25,0.07,0.07,7e-05,76,86,15,0.15,openb-pod-6101
synthetic_04055,preprocessing,preprocessing,1,1,,11.908,46.0,1,0.25,0.15,0.15,0.00015,32,45,15,0.021667,openb-pod-7190
synthetic_04056,preprocessing,preprocessing,1,1,,9.81,40.5859375,1,0.25,0.25,0.25,0.00025,51,62,15,0.044722,openb-pod-1224
synthetic_04057,preprocessing,preprocessing,1,1,,12.0,18.0,3,0.75,0.35,0.35,0.00035,45,55,15,0.716111,openb-pod-4106
synthetic_04058,preprocessing,preprocessing,1,1,,8.2,33.0,2,0.5,0.07,0.07,7e-05,28,39,15,0.35,openb-pod-5499
synthetic_04059,preprocessing,preprocessing,1,1,,1.0,2.0,3,0.75,0.25,0.25,0.00025,74,80,15,0.704444,openb-pod-3484
synthetic_04060,preprocessing,preprocessing,1,1,,3.152,5.46875,1,0.25,0.35,0.35,0.00035,89,95,15,0.016667,openb-pod-6749
synthetic_04061,preprocessing,preprocessing,1,1,,3.152,5.46875,3,0.75,0.25,0.25,0.00025,51,60,15,0.583333,openb-pod-3608
synthetic_04062,fine_tuning,fine_tuning,1,1,T4,12.0,15.0,1,0.25,0.07,0.07,7e-05,10,18,15,0.034167,openb-pod-2496
synthetic_04063,preprocessing,preprocessing,1,1,,6.0,12.0,1,0.25,0.35,0.35,0.00035,14,26,15,0.131111,openb-pod-5113
synthetic_04064,preprocessing,preprocessing,1,1,,11.3,37.0,2,0.5,0.35,0.35,0.00035,73,84,15,0.387778,openb-pod-4164
synthetic_04065,preprocessing,preprocessing,1,1,,12.0,16.0,1,0.25,0.07,0.07,7e-05,4,19,15,0.149722,openb-pod-5881
synthetic_04066,preprocessing,preprocessing,1,1,,11.4,47.0,2,0.5,0.25,0.25,0.00025,25,36,15,0.412778,openb-pod-1035
synthetic_04067,preprocessing,preprocessing,1,1,,3.152,5.46875,6,1.5,0.25,0.25,0.00025,73,86,15,1.352778,openb-pod-0653
synthetic_04068,preprocessing,preprocessing,1,1,,3.152,5.46875,1,0.25,0.35,0.35,0.00035,33,43,15,0.056389,openb-pod-3200
synthetic_04069,preprocessing,preprocessing,1,1,,3.152,5.46875,1,0.25,0.07,0.07,7e-05,17,25,15,0.082222,openb-pod-1294
synthetic_04070,preprocessing,preprocessing,1,1,,15.7,57.0,1,0.25,0.07,0.07,7e-05,40,55,15,0.021389,openb-pod-2918
synthetic_04071,preprocessing,preprocessing,1,1,,3.152,5.46875,2,0.5,0.07,0.07,7e-05,24,34,15,0.258889,openb-pod-4782
synthetic_04072,preprocessing,preprocessing,1,1,,3.152,5.46875,1,0.25,0.07,0.07,7e-05,40,47,15,0.054167,openb-pod-1010
synthetic_04073,preprocessing,preprocessing,1,1,,4.0,29.8017578125,1,0.25,0.07,0.07,7e-05,71,80,15,0.025556,openb-pod-7977
synthetic_04074,preprocessing,preprocessing,1,1,,11.9,76.0,4,1.0,0.35,0.35,0.00035,68,79,15,0.785,openb-pod-2506
synthetic_04075,preprocessing,preprocessing,1,1,,4.152,10.3515625,1,0.25,0.07,0.07,7e-05,19,31,15,0.0075,openb-pod-1018
synthetic_04076,fine_tuning,fine_tuning,1,1,P100,3.152,5.46875,2,0.5,0.25,0.25,0.00025,78,92,15,0.258611,openb-pod-4070
synthetic_04077,preprocessing,preprocessing,1,1,,4.152,10.3515625,1,0.25,0.25,0.25,0.00025,52,63,15,0.013889,openb-pod-1158
synthetic_04078,fine_tuning,fine_tuning,1,1,P100,3.152,5.46875,1,0.25,0.25,0.25,0.00025,60,72,15,0.064722,openb-pod-1843
synthetic_04079,preprocessing,preprocessing,1,1,,8.0,29.8017578125,1,0.25,0.35,0.35,0.00035,69,80,15,0.010556,openb-pod-2967
synthetic_04080,preprocessing,preprocessing,1,1,,4.152,10.3515625,1,0.25,0.25,0.25,0.00025,89,95,15,0.0175,openb-pod-1318
synthetic_04081,preprocessing,preprocessing,1,1,,8.0,16.0,4,1.0,0.25,0.25,0.00025,66,71,15,0.766944,openb-pod-3024
synthetic_04082,preprocessing,preprocessing,1,1,,11.3,48.0,1,0.25,0.35,0.35,0.00035,14,19,15,0.083889,openb-pod-4798
synthetic_04083,preprocessing,preprocessing,1,1,,11.3,48.0,1,0.25,0.07,0.07,7e-05,76,85,15,0.018611,openb-pod-7644
synthetic_04084,preprocessing,preprocessing,1,1,,3.152,5.46875,1,0.25,0.35,0.35,0.00035,0,11,15,0.020278,openb-pod-1574
synthetic_04085,fine_tuning,fine_tuning,1,1,T4,11.4,47.0,2,0.5,0.07,0.07,7e-05,43,57,15,0.401944,openb-pod-4473
synthetic_04086,preprocessing,preprocessing,1,1,,11.4,47.0,1,0.25,0.07,0.07,7e-05,83,95,15,0.185278,openb-pod-3176
synthetic_04087,preprocessing,preprocessing,1,1,,11.3,48.0,1,0.25,0.25,0.25,0.00025,39,49,15,0.1675,openb-pod-7250
synthetic_04088,preprocessing,preprocessing,1,1,A10|G2|T4|V100M16|V100M32,11.4,47.0,2,0.5,0.25,0.25,0.00025,12,16,15,0.251111,openb-pod-5972
synthetic_04089,fine_tuning,fine_tuning,1,1,T4,11.908,46.0,1,0.25,0.07,0.07,7e-05,71,82,15,0.1475,openb-pod-5116
synthetic_04090,preprocessing,preprocessing,1,1,,3.152,5.46875,1,0.25,0.35,0.35,0.00035,40,48,15,0.026667,openb-pod-7062
synthetic_04091,preprocessing,preprocessing,1,1,,3.152,5.46875,13,3.25,0.35,0.35,0.00035,11,23,15,3.105833,openb-pod-6664
synthetic_04092,preprocessing,preprocessing,1,1,,11.3,48.0,1,0.25,0.25,0.25,0.00025,31,38,15,0.163056,openb-pod-5977
synthetic_04093,preprocessing,preprocessing,1,1,,4.0,22.3515625,11,2.75,0.25,0.25,0.00025,39,51,15,2.613611,openb-pod-1065
synthetic_04094,preprocessing,preprocessing,1,1,,12.0,16.0,2,0.5,0.25,0.25,0.00025,87,94,15,0.383611,openb-pod-5842
synthetic_04095,preprocessing,preprocessing,1,1,P100|V100M16|V100M32,8.0,16.0,2,0.5,0.25,0.25,0.00025,67,80,15,0.269722,openb-pod-6113
synthetic_04096,preprocessing,preprocessing,1,1,,4.0,22.3515625,1,0.25,0.25,0.25,0.00025,10,21,15,0.061667,openb-pod-7920
synthetic_04097,preprocessing,preprocessing,1,1,,11.4,47.0,5,1.25,0.35,0.35,0.00035,25,37,15,1.202778,openb-pod-2342
synthetic_04098,preprocessing,preprocessing,1,1,,3.152,5.46875,1,0.25,0.07,0.07,7e-05,13,20,15,0.054167,openb-pod-1372
synthetic_04099,preprocessing,preprocessing,1,1,,15.7,57.0,3,0.75,0.07,0.07,7e-05,51,56,15,0.567222,openb-pod-1266
synthetic_04100,fine_tuning,fine_tuning,1,1,T4,3.152,5.46875,1,0.25,0.07,0.07,7e-05,5,19,15,0.224722,openb-pod-4005
synthetic_04101,fine_tuning,fine_tuning,1,1,G2,8.2,33.0,2,0.5,0.35,0.35,0.00035,56,69,15,0.368611,openb-pod-3948
synthetic_04102,preprocessing,preprocessing,1,1,,11.908,46.0,2,0.5,0.25,0.25,0.00025,49,65,15,0.275833,openb-pod-5050
synthetic_04103,fine_tuning,fine_tuning,1,1,G2,11.4,47.0,2,0.5,0.35,0.35,0.00035,52,59,15,0.477222,openb-pod-5922
synthetic_04104,preprocessing,preprocessing,1,1,,11.3,48.0,1,0.25,0.25,0.25,0.00025,22,35,15,0.018333,openb-pod-5310
synthetic_04105,preprocessing,preprocessing,1,1,,11.3,48.0,2,0.5,0.25,0.25,0.00025,81,89,15,0.2675,openb-pod-6078
synthetic_04106,preprocessing,preprocessing,1,1,,4.0,29.8017578125,15,3.75,0.07,0.07,7e-05,23,34,15,3.520556,openb-pod-0326
synthetic_04107,preprocessing,preprocessing,1,1,,3.152,5.46875,1,0.25,0.25,0.25,0.00025,49,65,15,0.045833,openb-pod-1778
synthetic_04108,fine_tuning,fine_tuning,1,1,T4,11.3,48.0,1,0.25,0.07,0.07,7e-05,0,9,15,0.076944,openb-pod-7618
synthetic_04109,fine_tuning,fine_tuning,1,1,G2,3.152,5.46875,1,0.25,0.35,0.35,0.00035,3,19,15,0.045278,openb-pod-0489
synthetic_04110,preprocessing,preprocessing,1,1,,11.3,48.0,1,0.25,0.25,0.25,0.00025,56,66,15,0.141944,openb-pod-7678
synthetic_04111,preprocessing,preprocessing,1,1,,6.0,6.0,1,0.25,0.25,0.25,0.00025,74,83,15,0.216667,openb-pod-0361
synthetic_04112,fine_tuning,fine_tuning,1,1,T4,4.0,22.3515625,1,0.25,0.07,0.07,7e-05,30,40,15,0.142222,openb-pod-3379
synthetic_04113,preprocessing,preprocessing,1,1,,15.7,57.0,3,0.75,0.35,0.35,0.00035,81,88,15,0.580278,openb-pod-2874
synthetic_04114,fine_tuning,fine_tuning,1,1,G2,3.152,5.46875,1,0.25,0.35,0.35,0.00035,92,95,15,0.054167,openb-pod-1089
synthetic_04115,fine_tuning,fine_tuning,1,1,T4,11.908,46.0,1,0.25,0.07,0.07,7e-05,32,42,15,0.074167,openb-pod-8047
synthetic_04116,fine_tuning,fine_tuning,1,1,T4,14.2,57.0,2,0.5,0.07,0.07,7e-05,6,10,15,0.451944,openb-pod-4854
synthetic_04117,fine_tuning,fine_tuning,1,1,T4,16.0,32.0,2,0.5,0.07,0.07,7e-05,60,74,15,0.365556,openb-pod-0231
synthetic_04118,preprocessing,preprocessing,1,1,,15.7,57.0,1,0.25,0.35,0.35,0.00035,46,57,15,0.195,openb-pod-0743
synthetic_04119,fine_tuning,fine_tuning,1,1,T4,12.0,15.0,1,0.25,0.07,0.07,7e-05,0,6,15,0.157222,openb-pod-2261
synthetic_04120,fine_tuning,fine_tuning,1,1,T4,11.908,46.0,1,0.25,0.07,0.07,7e-05,19,24,15,0.225278,openb-pod-1957
synthetic_04121,preprocessing,preprocessing,1,1,,15.7,57.0,3,0.75,0.35,0.35,0.00035,24,38,15,0.518056,openb-pod-3021
synthetic_04122,fine_tuning,fine_tuning,1,1,P100,3.152,5.46875,2,0.5,0.25,0.25,0.00025,5,19,15,0.262222,openb-pod-3331
synthetic_04123,preprocessing,preprocessing,1,1,,11.3,48.0,1,0.25,0.25,0.25,0.00025,54,65,15,0.065,openb-pod-7669
synthetic_04124,preprocessing,preprocessing,1,1,,11.3,48.0,1,0.25,0.07,0.07,7e-05,38,47,15,0.120556,openb-pod-5868
synthetic_04125,fine_tuning,fine_tuning,1,1,P100,3.152,5.46875,1,0.25,0.25,0.25,0.00025,43,50,15,0.176667,openb-pod-4813
synthetic_04126,preprocessing,preprocessing,1,1,,9.81,40.5859375,4,1.0,0.25,0.25,0.00025,17,28,15,0.917222,openb-pod-5714
synthetic_04127,preprocessing,preprocessing,1,1,,11.908,46.0,15,3.75,0.25,0.25,0.00025,72,80,15,3.551667,openb-pod-5382
synthetic_04128,preprocessing,preprocessing,1,1,,11.3,48.0,1,0.25,0.07,0.07,7e-05,56,69,15,0.163611,openb-pod-5144
synthetic_04129,fine_tuning,fine_tuning,1,1,T4,11.908,46.0,1,0.25,0.07,0.07,7e-05,48,56,15,0.049444,openb-pod-7951
synthetic_04130,preprocessing,preprocessing,1,1,,16.0,64.0,9,2.25,0.25,0.25,0.00025,59,70,15,2.239722,openb-pod-0320
synthetic_04131,preprocessing,preprocessing,1,1,,3.152,5.46875,1,0.25,0.35,0.35,0.00035,42,50,15,0.060833,openb-pod-1749
synthetic_04132,fine_tuning,fine_tuning,1,1,T4,11.3,48.0,4,1.0,0.07,0.07,7e-05,32,42,15,0.869722,openb-pod-6614
synthetic_04133,preprocessing,preprocessing,1,1,,3.152,5.46875,14,3.5,0.25,0.25,0.00025,19,30,15,3.458056,openb-pod-1155
synthetic_04134,fine_tuning,fine_tuning,1,1,G2,11.4,47.0,1,0.25,0.35,0.35,0.00035,80,88,15,0.043889,openb-pod-3410
synthetic_04135,preprocessing,preprocessing,1,1,,11.3,48.0,1,0.25,0.25,0.25,0.00025,15,25,15,0.068333,openb-pod-7719
synthetic_04136,preprocessing,preprocessing,1,1,,12.0,15.0,15,3.75,0.25,0.25,0.00025,49,62,15,3.616944,openb-pod-0821
synthetic_04137,preprocessing,preprocessing,1,1,,3.152,5.46875,1,0.25,0.35,0.35,0.00035,66,71,15,0.042778,openb-pod-0984
synthetic_04138,fine_tuning,fine_tuning,1,1,P100,3.152,5.46875,2,0.5,0.25,0.25,0.00025,23,31,15,0.260556,openb-pod-6884
synthetic_04139,preprocessing,preprocessing,1,1,,15.4,88.0,2,0.5,0.25,0.25,0.00025,78,87,15,0.338333,openb-pod-6500
synthetic_04140,preprocessing,preprocessing,1,1,,11.4,47.0,1,0.25,0.35,0.35,0.00035,47,58,15,0.018889,openb-pod-3338
synthetic_04141,preprocessing,preprocessing,1,1,,3.152,5.46875,1,0.25,0.35,0.35,0.00035,13,26,15,0.058611,openb-pod-8068
synthetic_04142,preprocessing,preprocessing,1,1,,8.0,29.8017578125,1,0.25,0.25,0.25,0.00025,74,86,15,0.03,openb-pod-2894
synthetic_04143,preprocessing,preprocessing,1,1,,3.152,5.46875,1,0.25,0.07,0.07,7e-05,55,62,15,0.051389,openb-pod-3118
synthetic_04144,preprocessing,preprocessing,1,1,P100|V100M16|V100M32,16.0,32.0,2,0.5,0.25,0.25,0.00025,57,63,15,0.337778,openb-pod-3577
synthetic_04145,preprocessing,preprocessing,1,1,,3.152,5.46875,1,0.25,0.35,0.35,0.00035,5,16,15,0.025278,openb-pod-1870
synthetic_04146,preprocessing,preprocessing,1,1,,8.0,29.8017578125,1,0.25,0.25,0.25,0.00025,14,23,15,0.023611,openb-pod-0673
synthetic_04147,fine_tuning,fine_tuning,1,1,T4,12.0,24.0,2,0.5,0.07,0.07,7e-05,18,22,15,0.298889,openb-pod-5506
synthetic_04148,fine_tuning,fine_tuning,1,1,T4,11.4,47.0,1,0.25,0.07,0.07,7e-05,93,95,15,0.044444,openb-pod-4555
synthetic_04149,fine_tuning,fine_tuning,1,1,T4,3.152,5.46875,1,0.25,0.07,0.07,7e-05,86,95,15,0.003611,openb-pod-7782
synthetic_04150,preprocessing,preprocessing,1,1,,11.908,46.0,5,1.25,0.07,0.07,7e-05,46,55,15,1.127222,openb-pod-5278
synthetic_04151,preprocessing,preprocessing,1,1,,8.0,29.8017578125,1,0.25,0.07,0.07,7e-05,0,9,15,0.013333,openb-pod-5413
synthetic_04152,fine_tuning,fine_tuning,1,1,G2,18.708,63.0,2,0.5,0.35,0.35,0.00035,0,6,15,0.336667,openb-pod-3033
synthetic_04153,preprocessing,preprocessing,1,1,,15.7,57.0,2,0.5,0.25,0.25,0.00025,84,94,15,0.343611,openb-pod-2944
synthetic_04154,preprocessing,preprocessing,1,1,,8.0,29.8017578125,2,0.5,0.25,0.25,0.00025,36,48,15,0.363333,openb-pod-2549
synthetic_04155,preprocessing,preprocessing,1,1,,4.0,24.0,2,0.5,0.25,0.25,0.00025,22,35,15,0.263889,openb-pod-4130
synthetic_04156,preprocessing,preprocessing,1,1,,16.0,64.0,2,0.5,0.25,0.25,0.00025,34,42,15,0.322222,openb-pod-0972
synthetic_04157,preprocessing,preprocessing,1,1,,3.152,5.46875,1,0.25,0.07,0.07,7e-05,2,13,15,0.051944,openb-pod-1143
synthetic_04158,fine_tuning,fine_tuning,1,1,G2,8.0,16.0,2,0.5,0.35,0.35,0.00035,55,62,15,0.446389,openb-pod-3686
synthetic_04159,preprocessing,preprocessing,1,1,,11.3,48.0,3,0.75,0.25,0.25,0.00025,50,59,15,0.623889,openb-pod-7019
synthetic_04160,preprocessing,preprocessing,1,1,,3.152,5.46875,1,0.25,0.35,0.35,0.00035,46,54,15,0.044722,openb-pod-7353
synthetic_04161,preprocessing,preprocessing,1,1,,8.0,29.8017578125,8,2.0,0.25,0.25,0.00025,10,19,15,1.789722,openb-pod-0463
synthetic_04162,fine_tuning,fine_tuning,1,1,G2,12.0,24.0,6,1.5,0.35,0.35,0.00035,21,35,15,1.253889,openb-pod-4695
synthetic_04163,preprocessing,preprocessing,1,1,,3.152,5.46875,2,0.5,0.25,0.25,0.00025,16,30,15,0.261944,openb-pod-3952
synthetic_04164,preprocessing,preprocessing,1,1,,11.908,46.0,1,0.25,0.07,0.07,7e-05,90,95,15,0.25,openb-pod-7093
synthetic_04165,preprocessing,preprocessing,1,1,,3.152,5.46875,1,0.25,0.25,0.25,0.00025,17,32,15,0.044167,openb-pod-7442
synthetic_04166,preprocessing,preprocessing,1,1,,4.0,30.517578125,2,0.5,0.35,0.35,0.00035,20,28,15,0.250556,openb-pod-0202
synthetic_04167,preprocessing,preprocessing,1,1,,3.152,5.46875,1,0.25,0.25,0.25,0.00025,83,95,15,0.117778,openb-pod-3358
synthetic_04168,preprocessing,preprocessing,1,1,,6.0,6.0,2,0.5,0.35,0.35,0.00035,40,46,15,0.291389,openb-pod-2004
synthetic_04169,preprocessing,preprocessing,1,1,,11.4,47.0,1,0.25,0.07,0.07,7e-05,54,60,15,0.012778,openb-pod-4073
synthetic_04170,preprocessing,preprocessing,1,1,,11.908,46.0,2,0.5,0.35,0.35,0.00035,4,19,15,0.378333,openb-pod-2550
synthetic_04171,preprocessing,preprocessing,1,1,,2.0,16.0,1,0.25,0.35,0.35,0.00035,2,14,15,0.199444,openb-pod-5783
synthetic_04172,preprocessing,preprocessing,1,1,,11.908,46.0,1,0.25,0.35,0.35,0.00035,53,59,15,0.072778,openb-pod-1123
synthetic_04173,fine_tuning,fine_tuning,1,1,P100,11.908,46.0,4,1.0,0.25,0.25,0.00025,35,48,15,0.791389,openb-pod-7532
synthetic_04174,preprocessing,preprocessing,1,1,,11.908,46.0,2,0.5,0.35,0.35,0.00035,70,83,15,0.386944,openb-pod-6253
synthetic_04175,fine_tuning,fine_tuning,1,1,T4,24.2,91.0,2,0.5,0.07,0.07,7e-05,0,4,15,0.291944,openb-pod-5525
synthetic_04176,preprocessing,preprocessing,1,1,,11.9,76.0,3,0.75,0.07,0.07,7e-05,41,49,15,0.585833,openb-pod-3025
synthetic_04177,fine_tuning,fine_tuning,1,1,P100,3.152,5.46875,1,0.25,0.25,0.25,0.00025,33,46,15,0.214444,openb-pod-3818
synthetic_04178,training,training,1,1,V100M16|V100M32,18.708,63.0,1,0.25,0.25,0.25,0.00025,20,33,15,0.014444,openb-pod-2439
synthetic_04179,fine_tuning,fine_tuning,1,1,T4,18.708,63.0,1,0.25,0.07,0.07,7e-05,67,81,15,0.019167,openb-pod-3914
synthetic_04180,preprocessing,preprocessing,1,1,,24.2,91.0,3,0.75,0.07,0.07,7e-05,74,81,15,0.608889,openb-pod-6122
synthetic_04181,preprocessing,preprocessing,1,1,,3.152,5.46875,1,0.25,0.35,0.35,0.00035,0,4,15,0.093889,openb-pod-4808
synthetic_04182,preprocessing,preprocessing,1,1,,3.152,5.46875,1,0.25,0.25,0.25,0.00025,5,13,15,0.057778,openb-pod-0614
synthetic_04183,preprocessing,preprocessing,1,1,,8.0,29.8017578125,4,1.0,0.07,0.07,7e-05,23,36,15,0.94,openb-pod-4401
synthetic_04184,preprocessing,preprocessing,1,1,,11.3,48.0,1,0.25,0.35,0.35,0.00035,9,23,15,0.061389,openb-pod-7614
synthetic_04185,preprocessing,preprocessing,1,1,,11.4,47.0,1,0.25,0.25,0.25,0.00025,71,80,15,0.091667,openb-pod-2205
synthetic_04186,preprocessing,preprocessing,1,1,,3.152,5.46875,1,0.25,0.25,0.25,0.00025,87,94,15,0.054722,openb-pod-0930
synthetic_04187,preprocessing,preprocessing,1,1,,3.152,5.46875,1,0.25,0.07,0.07,7e-05,21,35,15,0.049167,openb-pod-1218
synthetic_04188,fine_tuning,fine_tuning,1,1,P100,4.0,22.3515625,5,1.25,0.25,0.25,0.00025,48,59,15,1.216667,openb-pod-5043
synthetic_04189,preprocessing,preprocessing,1,1,,18.708,63.0,1,0.25,0.25,0.25,0.00025,17,29,15,0.056111,openb-pod-6986
synthetic_04190,fine_tuning,fine_tuning,1,1,P100,4.0,29.8017578125,6,1.5,0.25,0.25,0.00025,11,21,15,1.310556,openb-pod-5263
synthetic_04191,fine_tuning,fine_tuning,1,1,G2,18.708,63.0,1,0.25,0.35,0.35,0.00035,55,62,15,0.132778,openb-pod-2760
synthetic_04192,preprocessing,preprocessing,1,1,,11.3,48.0,1,0.25,0.25,0.25,0.00025,78,91,15,0.075278,openb-pod-4681
synthetic_04193,preprocessing,preprocessing,1,1,,11.3,48.0,1,0.25,0.35,0.35,0.00035,16,29,15,0.086111,openb-pod-7789
synthetic_04194,fine_tuning,fine_tuning,1,1,T4,11.3,48.0,1,0.25,0.07,0.07,7e-05,32,44,15,0.115833,openb-pod-5696
synthetic_04195,fine_tuning,fine_tuning,1,1,T4,11.4,47.0,1,0.25,0.07,0.07,7e-05,72,81,15,0.157778,openb-pod-4453
synthetic_04196,preprocessing,preprocessing,1,1,,11.908,46.0,4,1.0,0.35,0.35,0.00035,1,9,15,0.851667,openb-pod-2100
synthetic_04197,fine_tuning,fine_tuning,1,1,T4,11.4,76.0,2,0.5,0.07,0.07,7e-05,30,43,15,0.455556,openb-pod-6046
synthetic_04198,preprocessing,preprocessing,1,1,,11.9,76.0,4,1.0,0.25,0.25,0.00025,59,71,15,0.897222,openb-pod-2822
synthetic_04199,preprocessing,preprocessing,1,1,,11.3,48.0,1,0.25,0.35,0.35,0.00035,76,85,15,0.220278,openb-pod-5079
synthetic_04200,preprocessing,preprocessing,1,1,,3.152,5.46875,1,0.25,0.35,0.35,0.00035,64,70,15,0.048056,openb-pod-7423
synthetic_04201,fine_tuning,fine_tuning,1,1,T4,4.0,14.900390625,3,0.75,0.07,0.07,7e-05,87,93,15,0.6275,openb-pod-6836
synthetic_04202,fine_tuning,fine_tuning,1,1,T4,3.152,5.46875,1,0.25,0.07,0.07,7e-05,78,88,15,0.008611,openb-pod-7363
synthetic_04203,preprocessing,preprocessing,1,1,,24.2,91.0,2,0.5,0.35,0.35,0.00035,83,93,15,0.285278,openb-pod-5780
synthetic_04204,fine_tuning,fine_tuning,1,1,T4,11.908,46.0,2,0.5,0.07,0.07,7e-05,34,43,15,0.295,openb-pod-5051
synthetic_04205,fine_tuning,fine_tuning,1,1,T4,11.9,76.0,1,0.25,0.07,0.07,7e-05,12,25,15,0.009167,openb-pod-4724
synthetic_04206,preprocessing,preprocessing,1,1,,11.3,48.0,1,0.25,0.25,0.25,0.00025,79,86,15,0.121944,openb-pod-6167
synthetic_04207,fine_tuning,fine_tuning,1,1,G2,11.9,76.0,1,0.25,0.35,0.35,0.00035,36,45,15,0.228056,openb-pod-2974
synthetic_04208,preprocessing,preprocessing,1,1,,3.152,5.46875,1,0.25,0.35,0.35,0.00035,10,20,15,0.073889,openb-pod-1445
synthetic_04209,preprocessing,preprocessing,1,1,,11.3,48.0,1,0.25,0.25,0.25,0.00025,10,22,15,0.175556,openb-pod-4631
synthetic_04210,preprocessing,preprocessing,1,1,,3.152,5.46875,1,0.25,0.25,0.25,0.00025,43,53,15,0.073611,openb-pod-3248
synthetic_04211,fine_tuning,fine_tuning,1,1,T4,4.152,10.3515625,1,0.25,0.07,0.07,7e-05,92,95,15,0.0075,openb-pod-0533
synthetic_04212,preprocessing,preprocessing,1,1,,3.152,5.46875,1,0.25,0.35,0.35,0.00035,46,60,15,0.206944,openb-pod-4241
synthetic_04213,preprocessing,preprocessing,1,1,,16.4,123.0,1,0.25,0.25,0.25,0.00025,66,73,15,0.119167,openb-pod-6784
synthetic_04214,preprocessing,preprocessing,1,1,,8.0,29.8017578125,1,0.25,0.25,0.25,0.00025,85,95,15,0.020833,openb-pod-1719
synthetic_04215,training,training,1,1,V100M16|V100M32,18.708,63.0,1,0.25,0.25,0.25,0.00025,81,90,15,0.1325,openb-pod-6774
synthetic_04216,preprocessing,preprocessing,1,1,,6.0,23.0,3,0.75,0.25,0.25,0.00025,21,36,15,0.732778,openb-pod-2569
synthetic_04217,preprocessing,preprocessing,1,1,,11.908,46.0,1,0.25,0.35,0.35,0.00035,6,18,15,0.136667,openb-pod-7319
synthetic_04218,preprocessing,preprocessing,1,1,,11.9,76.0,2,0.5,0.25,0.25,0.00025,79,83,15,0.330278,openb-pod-2454
synthetic_04219,preprocessing,preprocessing,1,1,,4.0,14.900390625,3,0.75,0.25,0.25,0.00025,87,93,15,0.565556,openb-pod-5522
synthetic_04220,preprocessing,preprocessing,1,1,,15.2,79.0,5,1.25,0.07,0.07,7e-05,87,91,15,1.208611,openb-pod-4126
synthetic_04221,preprocessing,preprocessing,1,1,,3.152,5.46875,1,0.25,0.25,0.25,0.00025,3,8,15,0.045,openb-pod-7370
synthetic_04222,preprocessing,preprocessing,1,1,,8.0,29.8017578125,1,0.25,0.25,0.25,0.00025,82,91,15,0.150556,openb-pod-0408
synthetic_04223,preprocessing,preprocessing,1,1,P100|V100M16|V100M32,24.2,91.0,10,2.5,0.25,0.25,0.00025,32,42,15,2.269722,openb-pod-1036
synthetic_04224,fine_tuning,fine_tuning,1,1,T4,6.0,18.0,3,0.75,0.07,0.07,7e-05,24,37,15,0.616389,openb-pod-4461
synthetic_04225,fine_tuning,fine_tuning,1,1,G2,3.152,5.46875,1,0.25,0.35,0.35,0.00035,0,10,15,0.062778,openb-pod-0207
synthetic_04226,preprocessing,preprocessing,1,1,,3.152,5.46875,1,0.25,0.25,0.25,0.00025,43,52,15,0.033889,openb-pod-1236
synthetic_04227,fine_tuning,fine_tuning,1,1,T4,6.0,32.0,3,0.75,0.07,0.07,7e-05,77,84,15,0.5525,openb-pod-7462
synthetic_04228,fine_tuning,fine_tuning,1,1,T4,9.81,40.5859375,1,0.25,0.07,0.07,7e-05,0,8,15,0.102222,openb-pod-6478
synthetic_04229,fine_tuning,fine_tuning,1,1,G2,11.4,47.0,1,0.25,0.35,0.35,0.00035,59,68,15,0.085556,openb-pod-3899
synthetic_04230,preprocessing,preprocessing,1,1,,4.0,29.8017578125,2,0.5,0.25,0.25,0.00025,66,78,15,0.338889,openb-pod-7647
synthetic_04231,preprocessing,preprocessing,1,1,,11.908,46.0,2,0.5,0.25,0.25,0.00025,89,94,15,0.343889,openb-pod-3457
synthetic_04232,preprocessing,preprocessing,1,1,,3.152,5.46875,1,0.25,0.07,0.07,7e-05,0,14,15,0.02,openb-pod-5305
synthetic_04233,preprocessing,preprocessing,1,1,,3.152,5.46875,1,0.25,0.07,0.07,7e-05,20,34,15,0.059167,openb-pod-3238
synthetic_04234,fine_tuning,fine_tuning,1,1,P100,4.152,10.3515625,2,0.5,0.25,0.25,0.00025,54,67,15,0.323889,openb-pod-2201
synthetic_04235,preprocessing,preprocessing,1,1,,16.0,32.0,5,1.25,0.35,0.35,0.00035,47,57,15,1.008333,openb-pod-0470
synthetic_04236,preprocessing,preprocessing,1,1,,11.3,48.0,1,0.25,0.25,0.25,0.00025,77,85,15,0.071667,openb-pod-5170
synthetic_04237,preprocessing,preprocessing,1,1,,4.152,10.3515625,1,0.25,0.35,0.35,0.00035,11,27,15,0.014722,openb-pod-1325
synthetic_04238,preprocessing,preprocessing,1,1,,4.0,24.0,5,1.25,0.25,0.25,0.00025,73,78,15,1.234722,openb-pod-1252
synthetic_04239,fine_tuning,fine_tuning,1,1,P100,11.908,46.0,1,0.25,0.25,0.25,0.00025,76,87,15,0.014167,openb-pod-6269
synthetic_04240,fine_tuning,fine_tuning,1,1,T4,3.152,5.46875,1,0.25,0.07,0.07,7e-05,40,46,15,0.045278,openb-pod-0162
synthetic_04241,preprocessing,preprocessing,1,1,,3.152,5.46875,1,0.25,0.25,0.25,0.00025,62,69,15,0.058611,openb-pod-1536
synthetic_04242,preprocessing,preprocessing,1,1,,24.2,91.0,1,0.25,0.35,0.35,0.00035,4,12,15,0.128611,openb-pod-5951
synthetic_04243,preprocessing,preprocessing,1,1,,11.3,48.0,1,0.25,0.25,0.25,0.00025,55,63,15,0.193333,openb-pod-6168
synthetic_04244,fine_tuning,fine_tuning,1,1,T4,3.152,5.46875,2,0.5,0.07,0.07,7e-05,46,58,15,0.265278,openb-pod-4292
synthetic_04245,fine_tuning,fine_tuning,1,1,T4,3.152,5.46875,9,2.25,0.07,0.07,7e-05,74,86,15,2.174722,openb-pod-4197
synthetic_04246,preprocessing,preprocessing,1,1,,12.0,16.0,2,0.5,0.25,0.25,0.00025,10,16,15,0.348056,openb-pod-8140
synthetic_04247,fine_tuning,fine_tuning,1,1,G2,12.0,24.0,1,0.25,0.35,0.35,0.00035,58,68,15,0.010278,openb-pod-4736
synthetic_04248,fine_tuning,fine_tuning,1,1,T4,4.0,14.900390625,2,0.5,0.07,0.07,7e-05,6,12,15,0.260556,openb-pod-8026
synthetic_04249,preprocessing,preprocessing,1,1,,3.152,5.46875,2,0.5,0.25,0.25,0.00025,56,66,15,0.264444,openb-pod-4077
synthetic_04250,fine_tuning,fine_tuning,1,1,T4,9.81,40.5859375,1,0.25,0.07,0.07,7e-05,0,5,15,0.116667,openb-pod-5480
synthetic_04251,preprocessing,preprocessing,1,1,,15.2,79.0,2,0.5,0.07,0.07,7e-05,69,78,15,0.4875,openb-pod-6564
synthetic_04252,fine_tuning,fine_tuning,1,1,T4,11.4,47.0,1,0.25,0.07,0.07,7e-05,58,67,15,0.056111,openb-pod-2128
synthetic_04253,preprocessing,preprocessing,1,1,,3.152,5.46875,4,1.0,0.25,0.25,0.00025,31,45,15,0.878056,openb-pod-4789
synthetic_04254,preprocessing,preprocessing,1,1,,11.908,46.0,6,1.5,0.25,0.25,0.00025,76,84,15,1.255278,openb-pod-6949
synthetic_04255,fine_tuning,fine_tuning,1,1,T4,3.152,5.46875,1,0.25,0.07,0.07,7e-05,90,95,15,0.093611,openb-pod-3211
synthetic_04256,fine_tuning,fine_tuning,1,1,P100,8.0,29.8017578125,7,1.75,0.25,0.25,0.00025,17,32,15,1.668056,openb-pod-5216
synthetic_04257,preprocessing,preprocessing,1,1,,4.0,24.0,5,1.25,0.25,0.25,0.00025,52,66,15,1.139167,openb-pod-0739
synthetic_04258,fine_tuning,fine_tuning,1,1,T4,12.0,32.0,2,0.5,0.07,0.07,7e-05,81,93,15,0.333611,openb-pod-2859
synthetic_04259,preprocessing,preprocessing,1,1,,3.152,5.46875,1,0.25,0.07,0.07,7e-05,29,40,15,0.019722,openb-pod-1667
synthetic_04260,preprocessing,preprocessing,1,1,,3.152,5.46875,1,0.25,0.35,0.35,0.00035,29,38,15,0.040556,openb-pod-1126
synthetic_04261,preprocessing,preprocessing,1,1,,9.81,40.5859375,7,1.75,0.25,0.25,0.00025,75,83,15,1.594444,openb-pod-1153
synthetic_04262,preprocessing,preprocessing,1,1,,11.3,48.0,2,0.5,0.35,0.35,0.00035,10,21,15,0.365556,openb-pod-5087
synthetic_04263,preprocessing,preprocessing,1,1,,4.152,10.3515625,1,0.25,0.07,0.07,7e-05,0,4,15,0.223333,openb-pod-1996
synthetic_04264,fine_tuning,fine_tuning,1,1,T4,11.908,46.0,3,0.75,0.07,0.07,7e-05,13,18,15,0.51,openb-pod-7368
synthetic_04265,preprocessing,preprocessing,1,1,,3.152,5.46875,2,0.5,0.35,0.35,0.00035,15,22,15,0.313333,openb-pod-4769
synthetic_04266,preprocessing,preprocessing,1,1,,11.4,47.0,8,2.0,0.25,0.25,0.00025,35,48,15,1.756944,openb-pod-0732
synthetic_04267,preprocessing,preprocessing,1,1,,11.3,48.0,5,1.25,0.35,0.35,0.00035,1,11,15,1.020278,openb-pod-7017
synthetic_04268,preprocessing,preprocessing,1,1,,3.152,5.46875,1,0.25,0.25,0.25,0.00025,29,45,15,0.091667,openb-pod-7961
synthetic_04269,preprocessing,preprocessing,1,1,,15.7,57.0,3,0.75,0.25,0.25,0.00025,25,34,15,0.690833,openb-pod-1885
synthetic_04270,fine_tuning,fine_tuning,1,1,T4,3.152,5.46875,1,0.25,0.07,0.07,7e-05,41,54,15,0.055833,openb-pod-1919
synthetic_04271,preprocessing,preprocessing,1,1,,3.152,5.46875,1,0.25,0.25,0.25,0.00025,0,4,15,0.0425,openb-pod-0970
synthetic_04272,preprocessing,preprocessing,1,1,,3.152,5.46875,1,0.25,0.07,0.07,7e-05,73,86,15,0.01,openb-pod-0089
synthetic_04273,preprocessing,preprocessing,1,1,,4.152,10.3515625,1,0.25,0.35,0.35,0.00035,74,87,15,0.019167,openb-pod-2456
synthetic_04274,preprocessing,preprocessing,1,1,,11.908,46.0,2,0.5,0.07,0.07,7e-05,0,13,15,0.3825,openb-pod-4345
synthetic_04275,preprocessing,preprocessing,1,1,,8.2,33.0,2,0.5,0.07,0.07,7e-05,35,46,15,0.341944,openb-pod-2663
synthetic_04276,fine_tuning,fine_tuning,1,1,T4,11.9,76.0,1,0.25,0.07,0.07,7e-05,7,18,15,0.117222,openb-pod-2451
synthetic_04277,fine_tuning,fine_tuning,1,1,T4,14.2,57.0,2,0.5,0.07,0.07,7e-05,37,43,15,0.253889,openb-pod-6021
synthetic_04278,preprocessing,preprocessing,1,1,,16.0,32.0,5,1.25,0.25,0.25,0.00025,8,16,15,1.003889,openb-pod-6258
synthetic_04279,preprocessing,preprocessing,1,1,,11.908,46.0,1,0.25,0.35,0.35,0.00035,70,86,15,0.122222,openb-pod-1122
synthetic_04280,preprocessing,preprocessing,1,1,,16.0,64.0,6,1.5,0.07,0.07,7e-05,51,60,15,1.488611,openb-pod-3675
synthetic_04281,preprocessing,preprocessing,1,1,,11.908,46.0,5,1.25,0.25,0.25,0.00025,62,72,15,1.047222,openb-pod-6267
synthetic_04282,fine_tuning,fine_tuning,1,1,T4,11.4,47.0,1,0.25,0.07,0.07,7e-05,55,71,15,0.207778,openb-pod-3772
synthetic_04283,preprocessing,preprocessing,1,1,,9.81,40.5859375,1,0.25,0.25,0.25,0.00025,29,40,15,0.118611,openb-pod-6409
synthetic_04284,preprocessing,preprocessing,1,1,,4.0,22.3515625,1,0.25,0.07,0.07,7e-05,77,93,15,0.054722,openb-pod-2559
synthetic_04285,preprocessing,preprocessing,1,1,,11.908,46.0,15,3.75,0.07,0.07,7e-05,6,15,15,3.628889,openb-pod-5507
synthetic_04286,preprocessing,preprocessing,1,1,,3.152,5.46875,1,0.25,0.25,0.25,0.00025,48,57,15,0.0075,openb-pod-6856
synthetic_04287,fine_tuning,fine_tuning,1,1,V100M32,12.0,16.0,2,0.5,0.25,0.25,0.00025,47,62,15,0.303333,openb-pod-3124
synthetic_04288,preprocessing,preprocessing,1,1,,11.908,46.0,12,3.0,0.25,0.25,0.00025,61,72,15,2.917778,openb-pod-6251
synthetic_04289,preprocessing,preprocessing,1,1,A10|G2|P100|T4|V100M16|V100M32,3.152,5.46875,1,0.25,0.25,0.25,0.00025,54,64,15,0.074167,openb-pod-2311
synthetic_04290,fine_tuning,fine_tuning,1,1,T4,4.0,14.900390625,7,1.75,0.07,0.07,7e-05,80,89,15,1.525,openb-pod-3912
synthetic_04291,fine_tuning,fine_tuning,1,1,T4,8.0,16.0,2,0.5,0.07,0.07,7e-05,70,85,15,0.281389,openb-pod-0199
synthetic_04292,fine_tuning,fine_tuning,1,1,T4,11.4,47.0,1,0.25,0.07,0.07,7e-05,26,39,15,0.228056,openb-pod-3568
synthetic_04293,fine_tuning,fine_tuning,1,1,T4,16.0,32.0,5,1.25,0.07,0.07,7e-05,38,50,15,1.003611,openb-pod-1794
synthetic_04294,preprocessing,preprocessing,1,1,,3.152,5.46875,1,0.25,0.35,0.35,0.00035,17,31,15,0.01,openb-pod-5417
synthetic_04295,preprocessing,preprocessing,1,1,,3.152,5.46875,2,0.5,0.35,0.35,0.00035,6,15,15,0.26,openb-pod-3223
synthetic_04296,preprocessing,preprocessing,1,1,,4.0,22.3515625,1,0.25,0.35,0.35,0.00035,90,95,15,0.054722,openb-pod-2559
synthetic_04297,preprocessing,preprocessing,1,1,,11.908,46.0,2,0.5,0.25,0.25,0.00025,85,94,15,0.492222,openb-pod-3218
synthetic_04298,preprocessing,preprocessing,1,1,,3.152,5.46875,1,0.25,0.25,0.25,0.00025,44,55,15,0.066111,openb-pod-0235
synthetic_04299,preprocessing,preprocessing,1,1,,8.0,29.8017578125,1,0.25,0.35,0.35,0.00035,18,28,15,0.018056,openb-pod-4206
synthetic_04300,preprocessing,preprocessing,1,1,,9.4,51.0,1,0.25,0.35,0.35,0.00035,86,95,15,0.056944,openb-pod-4621
synthetic_04301,preprocessing,preprocessing,1,1,,11.3,48.0,1,0.25,0.25,0.25,0.00025,40,46,15,0.033611,openb-pod-7886
synthetic_04302,preprocessing,preprocessing,1,1,,3.152,5.46875,1,0.25,0.25,0.25,0.00025,6,16,15,0.129167,openb-pod-6937
synthetic_04303,preprocessing,preprocessing,1,1,,12.0,18.0,1,0.25,0.07,0.07,7e-05,47,57,15,0.004444,openb-pod-6320
synthetic_04304,preprocessing,preprocessing,1,1,,4.152,10.3515625,1,0.25,0.25,0.25,0.00025,42,48,15,0.218333,openb-pod-1701
synthetic_04305,fine_tuning,fine_tuning,1,1,P100,3.152,5.46875,1,0.25,0.25,0.25,0.00025,88,93,15,0.159722,openb-pod-7469
synthetic_04306,preprocessing,preprocessing,1,1,,12.0,32.0,3,0.75,0.07,0.07,7e-05,79,89,15,0.516667,openb-pod-4079
synthetic_04307,preprocessing,preprocessing,1,1,,3.152,5.46875,1,0.25,0.25,0.25,0.00025,47,54,15,0.035833,openb-pod-2021
synthetic_04308,preprocessing,preprocessing,1,1,P100|V100M16|V100M32,15.7,57.0,1,0.25,0.25,0.25,0.00025,0,9,15,0.012222,openb-pod-2582
synthetic_04309,preprocessing,preprocessing,1,1,,15.7,57.0,3,0.75,0.25,0.25,0.00025,81,91,15,0.563611,openb-pod-2965
synthetic_04310,preprocessing,preprocessing,1,1,,11.4,47.0,2,0.5,0.25,0.25,0.00025,14,24,15,0.288611,openb-pod-3375
synthetic_04311,preprocessing,preprocessing,1,1,,14.2,57.0,2,0.5,0.25,0.25,0.00025,29,37,15,0.364167,openb-pod-4874
synthetic_04312,preprocessing,preprocessing,1,1,,11.908,46.0,2,0.5,0.25,0.25,0.00025,18,33,15,0.479722,openb-pod-5027
synthetic_04313,preprocessing,preprocessing,1,1,,3.152,5.46875,1,0.25,0.25,0.25,0.00025,64,80,15,0.060833,openb-pod-7268
synthetic_04314,fine_tuning,fine_tuning,1,1,T4,11.3,48.0,1,0.25,0.07,0.07,7e-05,47,54,15,0.018889,openb-pod-7630
synthetic_04315,preprocessing,preprocessing,1,1,,8.0,16.0,1,0.25,0.25,0.25,0.00025,31,37,15,0.25,openb-pod-1232
synthetic_04316,fine_tuning,fine_tuning,1,1,T4,3.152,5.46875,1,0.25,0.07,0.07,7e-05,76,88,15,0.066667,openb-pod-1595
synthetic_04317,preprocessing,preprocessing,1,1,,3.152,5.46875,1,0.25,0.07,0.07,7e-05,0,10,15,0.041389,openb-pod-0611
synthetic_04318,preprocessing,preprocessing,1,1,,11.908,46.0,1,0.25,0.25,0.25,0.00025,16,28,15,0.138889,openb-pod-4173
synthetic_04319,preprocessing,preprocessing,1,1,,9.81,40.5859375,1,0.25,0.35,0.35,0.00035,40,50,15,0.05,openb-pod-0267
synthetic_04320,fine_tuning,fine_tuning,1,1,T4,11.908,46.0,1,0.25,0.07,0.07,7e-05,66,75,15,0.236389,openb-pod-1344
synthetic_04321,preprocessing,preprocessing,1,1,,4.0,22.3515625,9,2.25,0.35,0.35,0.00035,20,32,15,2.134722,openb-pod-2752
synthetic_04322,preprocessing,preprocessing,1,1,,3.152,5.46875,1,0.25,0.35,0.35,0.00035,56,64,15,0.045,openb-pod-0512
synthetic_04323,fine_tuning,fine_tuning,1,1,T4,24.2,91.0,4,1.0,0.07,0.07,7e-05,10,20,15,0.945278,openb-pod-6525
synthetic_04324,preprocessing,preprocessing,1,1,,3.152,5.46875,1,0.25,0.25,0.25,0.00025,21,36,15,0.038056,openb-pod-1831
synthetic_04325,preprocessing,preprocessing,1,1,,11.4,47.0,1,0.25,0.35,0.35,0.00035,24,34,15,0.06,openb-pod-3711
synthetic_04326,preprocessing,preprocessing,1,1,,9.81,40.5859375,6,1.5,0.25,0.25,0.00025,62,69,15,1.41,openb-pod-6549
synthetic_04327,fine_tuning,fine_tuning,1,1,T4,12.0,24.0,1,0.25,0.07,0.07,7e-05,81,86,15,0.182778,openb-pod-6487
synthetic_04328,fine_tuning,fine_tuning,1,1,T4,11.4,47.0,1,0.25,0.07,0.07,7e-05,41,48,15,0.042222,openb-pod-4557
synthetic_04329,preprocessing,preprocessing,1,1,,3.152,5.46875,1,0.25,0.07,0.07,7e-05,16,25,15,0.0225,openb-pod-1738
synthetic_04330,preprocessing,preprocessing,1,1,,11.908,46.0,1,0.25,0.35,0.35,0.00035,14,23,15,0.006111,openb-pod-5298
synthetic_04331,fine_tuning,fine_tuning,1,1,T4,3.152,5.46875,1,0.25,0.07,0.07,7e-05,3,17,15,0.054444,openb-pod-3099
synthetic_04332,preprocessing,preprocessing,1,1,,8.0,29.8017578125,1,0.25,0.35,0.35,0.00035,61,70,15,0.166944,openb-pod-0380
synthetic_04333,preprocessing,preprocessing,1,1,,16.0,64.0,6,1.5,0.25,0.25,0.00025,65,81,15,1.316111,openb-pod-4551
synthetic_04334,preprocessing,preprocessing,1,1,,3.152,5.46875,2,0.5,0.07,0.07,7e-05,86,94,15,0.332222,openb-pod-5409
synthetic_04335,preprocessing,preprocessing,1,1,,3.152,5.46875,1,0.25,0.25,0.25,0.00025,18,31,15,0.056944,openb-pod-1462
synthetic_04336,preprocessing,preprocessing,1,1,,3.152,5.46875,1,0.25,0.25,0.25,0.00025,20,27,15,0.041111,openb-pod-0612
synthetic_04337,preprocessing,preprocessing,1,1,,12.0,24.0,4,1.0,0.35,0.35,0.00035,44,55,15,1.0,openb-pod-1395
synthetic_04338,preprocessing,preprocessing,1,1,,3.152,5.46875,1,0.25,0.25,0.25,0.00025,6,19,15,0.079722,openb-pod-1206
synthetic_04339,preprocessing,preprocessing,1,1,A10|G2|P100|T4|V100M16|V100M32,3.152,5.46875,1,0.25,0.25,0.25,0.00025,0,9,15,0.074167,openb-pod-2311
synthetic_04340,preprocessing,preprocessing,1,1,,4.0,29.8017578125,1,0.25,0.25,0.25,0.00025,77,85,15,0.013889,openb-pod-1704
synthetic_04341,fine_tuning,fine_tuning,1,1,P100,4.0,14.900390625,2,0.5,0.25,0.25,0.00025,72,77,15,0.267222,openb-pod-3520
synthetic_04342,fine_tuning,fine_tuning,4,4,G2,32.2,129.0,1,0.25,1.4,1.4,0.0014,57,66,15,0.010278,openb-pod-7154
synthetic_04343,preprocessing,preprocessing,8,8,,64.2,257.0,1,0.25,2.8,2.8,0.0028,52,61,15,0.060278,openb-pod-2420
synthetic_04344,fine_tuning,fine_tuning,1,1,G3,11.9,76.0,5,1.25,0.35,0.35,0.00035,32,42,15,1.098333,openb-pod-2747
synthetic_04345,preprocessing,preprocessing,1,1,,11.908,46.0,5,1.25,0.25,0.25,0.00025,86,91,15,1.042222,openb-pod-6234
synthetic_04346,preprocessing,preprocessing,1,1,,3.152,5.46875,1,0.25,0.35,0.35,0.00035,5,16,15,0.004444,openb-pod-7075
synthetic_04347,fine_tuning,fine_tuning,1,1,T4,16.4,123.0,3,0.75,0.07,0.07,7e-05,79,89,15,0.724167,openb-pod-6858
synthetic_04348,preprocessing,preprocessing,1,1,,3.152,5.46875,1,0.25,0.25,0.25,0.00025,23,31,15,0.088889,openb-pod-5664
synthetic_04349,preprocessing,preprocessing,1,1,P100|V100M16|V100M32,15.7,57.0,3,0.75,0.25,0.25,0.00025,64,71,15,0.591667,openb-pod-1300
synthetic_04350,preprocessing,preprocessing,1,1,,8.0,29.8017578125,1,0.25,0.25,0.25,0.00025,2,9,15,0.081667,openb-pod-2971
synthetic_04351,fine_tuning,fine_tuning,1,1,P100,11.908,46.0,1,0.25,0.25,0.25,0.00025,92,95,15,0.0175,openb-pod-5017
synthetic_04352,preprocessing,preprocessing,1,1,,11.3,48.0,1,0.25,0.15,0.15,0.00015,81,89,15,0.068333,openb-pod-7787
synthetic_04353,preprocessing,preprocessing,1,1,,11.908,46.0,1,0.25,0.25,0.25,0.00025,10,21,15,0.014167,openb-pod-7523
synthetic_04354,preprocessing,preprocessing,1,1,,11.4,47.0,1,0.25,0.25,0.25,0.00025,70,78,15,0.049722,openb-pod-2410
synthetic_04355,preprocessing,preprocessing,1,1,,12.0,24.0,1,0.25,0.35,0.35,0.00035,52,66,15,0.006944,openb-pod-5169
synthetic_04356,preprocessing,preprocessing,1,1,,4.0,16.0,1,0.25,0.35,0.35,0.00035,86,92,15,0.017222,openb-pod-8076
synthetic_04357,preprocessing,preprocessing,1,1,,3.152,5.46875,1,0.25,0.35,0.35,0.00035,37,48,15,0.0375,openb-pod-7444
synthetic_04358,fine_tuning,fine_tuning,1,1,G2,11.3,48.0,1,0.25,0.35,0.35,0.00035,76,86,15,0.139444,openb-pod-7208
synthetic_04359,preprocessing,preprocessing,1,1,,16.0,64.0,14,3.5,0.35,0.35,0.00035,3,14,15,3.323056,openb-pod-0997
synthetic_04360,preprocessing,preprocessing,1,1,,3.152,5.46875,1,0.25,0.25,0.25,0.00025,71,79,15,0.022778,openb-pod-1512
synthetic_04361,preprocessing,preprocessing,1,1,,4.0,24.0,1,0.25,0.25,0.25,0.00025,77,88,15,0.116111,openb-pod-3836
synthetic_04362,preprocessing,preprocessing,1,1,,2.0,16.0,1,0.25,0.35,0.35,0.00035,48,59,15,0.199444,openb-pod-5783
synthetic_04363,preprocessing,preprocessing,1,1,,4.0,22.3515625,1,0.25,0.35,0.35,0.00035,13,25,15,0.135556,openb-pod-2973
synthetic_04364,fine_tuning,fine_tuning,1,1,T4,3.152,5.46875,3,0.75,0.07,0.07,7e-05,78,82,15,0.616389,openb-pod-6033
synthetic_04365,preprocessing,preprocessing,1,1,,12.0,15.0,7,1.75,0.07,0.07,7e-05,5,17,15,1.5825,openb-pod-3838
synthetic_04366,training,training,1,1,V100M16|V100M32,3.152,5.46875,1,0.25,0.25,0.25,0.00025,82,89,15,0.064167,openb-pod-0167
synthetic_04367,preprocessing,preprocessing,1,1,,11.3,48.0,1,0.25,0.35,0.35,0.00035,47,57,15,0.095278,openb-pod-7807
synthetic_04368,preprocessing,preprocessing,1,1,,3.152,5.46875,2,0.5,0.35,0.35,0.00035,74,85,15,0.261389,openb-pod-3405
synthetic_04369,training,training,1,1,V100M16|V100M32,3.152,5.46875,1,0.25,0.25,0.25,0.00025,40,52,15,0.053611,openb-pod-0205
synthetic_04370,preprocessing,preprocessing,1,1,,4.0,24.0,6,1.5,0.25,0.25,0.00025,78,90,15,1.27,openb-pod-1453
synthetic_04371,fine_tuning,fine_tuning,1,1,G2,12.0,16.0,1,0.25,0.35,0.35,0.00035,37,46,15,0.149722,openb-pod-7246
synthetic_04372,preprocessing,preprocessing,1,1,,15.7,57.0,3,0.75,0.35,0.35,0.00035,44,55,15,0.569444,openb-pod-1308
synthetic_04373,fine_tuning,fine_tuning,1,1,T4,4.0,22.3515625,7,1.75,0.07,0.07,7e-05,13,24,15,1.738889,openb-pod-4522
synthetic_04374,preprocessing,preprocessing,2,2,,16.2,65.0,1,0.25,0.14,0.14,0.00014,54,65,15,0.038889,openb-pod-7325
synthetic_04375,preprocessing,preprocessing,1,1,,3.152,5.46875,5,1.25,0.07,0.07,7e-05,0,11,15,1.092778,openb-pod-4138
synthetic_04376,preprocessing,preprocessing,1,1,,3.152,5.46875,1,0.25,0.25,0.25,0.00025,29,36,15,0.048056,openb-pod-0264
synthetic_04377,preprocessing,preprocessing,1,1,,4.0,22.3515625,2,0.5,0.25,0.25,0.00025,4,10,15,0.325,openb-pod-5453
synthetic_04378,preprocessing,preprocessing,1,1,,3.152,5.46875,1,0.25,0.25,0.25,0.00025,60,64,15,0.170278,openb-pod-0691
synthetic_04379,preprocessing,preprocessing,1,1,,8.0,32.0,2,0.5,0.35,0.35,0.00035,78,90,15,0.333611,openb-pod-1221
synthetic_04380,fine_tuning,fine_tuning,1,1,G2,11.4,47.0,1,0.25,0.35,0.35,0.00035,1,12,15,0.023611,openb-pod-4195
synthetic_04381,preprocessing,preprocessing,1,1,,18.708,63.0,1,0.25,0.35,0.35,0.00035,41,51,15,0.165278,openb-pod-2202
synthetic_04382,preprocessing,preprocessing,1,1,A10|G2|T4|V100M16|V100M32,11.9,76.0,2,0.5,0.25,0.25,0.00025,67,77,15,0.420833,openb-pod-4405
synthetic_04383,preprocessing,preprocessing,1,1,,3.152,5.46875,1,0.25,0.07,0.07,7e-05,14,23,15,0.012778,openb-pod-5391
synthetic_04384,fine_tuning,fine_tuning,1,1,T4,12.0,24.0,1,0.25,0.07,0.07,7e-05,80,92,15,0.033611,openb-pod-1678
synthetic_04385,preprocessing,preprocessing,1,1,,11.3,48.0,1,0.25,0.25,0.25,0.00025,65,72,15,0.068611,openb-pod-6189
synthetic_04386,fine_tuning,fine_tuning,1,1,T4,11.3,48.0,2,0.5,0.07,0.07,7e-05,86,94,15,0.264722,openb-pod-6299
synthetic_04387,preprocessing,preprocessing,1,1,,11.3,48.0,1,0.25,0.25,0.25,0.00025,12,21,15,0.12,openb-pod-4946
synthetic_04388,preprocessing,preprocessing,1,1,,11.4,47.0,1,0.25,0.07,0.07,7e-05,24,39,15,0.025,openb-pod-4455
synthetic_04389,preprocessing,preprocessing,1,1,,11.4,47.0,1,0.25,0.07,0.07,7e-05,84,93,15,0.066667,openb-pod-3889
synthetic_04390,fine_tuning,fine_tuning,1,1,G2,11.4,76.0,3,0.75,0.35,0.35,0.00035,77,82,15,0.635833,openb-pod-7801
synthetic_04391,preprocessing,preprocessing,1,1,,11.3,48.0,1,0.25,0.35,0.35,0.00035,56,68,15,0.101111,openb-pod-7745
synthetic_04392,preprocessing,preprocessing,1,1,,11.3,37.0,1,0.25,0.25,0.25,0.00025,56,63,15,0.069167,openb-pod-2415
synthetic_04393,preprocessing,preprocessing,1,1,P100|V100M16|V100M32,18.708,63.0,1,0.25,0.25,0.25,0.00025,53,59,15,0.052222,openb-pod-0263
synthetic_04394,preprocessing,preprocessing,1,1,,12.0,48.0,1,0.25,0.35,0.35,0.00035,17,24,15,0.105833,openb-pod-7178
synthetic_04395,preprocessing,preprocessing,1,1,,1.0,2.0,1,0.25,0.25,0.25,0.00025,65,71,15,0.016111,openb-pod-1519
synthetic_04396,preprocessing,preprocessing,1,1,,6.0,6.0,1,0.25,0.25,0.25,0.00025,44,48,15,0.165833,openb-pod-1090
synthetic_04397,fine_tuning,fine_tuning,1,1,T4,9.81,40.5859375,1,0.25,0.07,0.07,7e-05,53,64,15,0.084722,openb-pod-3647
synthetic_04398,fine_tuning,fine_tuning,1,1,G3,15.7,57.0,1,0.25,0.35,0.35,0.00035,8,17,15,0.010833,openb-pod-2871
synthetic_04399,preprocessing,preprocessing,1,1,,3.152,5.46875,3,0.75,0.35,0.35,0.00035,66,73,15,0.558333,openb-pod-7571
synthetic_04400,training,training,4,4,V100M16|V100M32,32.2,129.0,3,0.75,1.0,1.0,0.001,62,77,15,0.655833,openb-pod-4448
synthetic_04401,preprocessing,preprocessing,1,1,,12.0,15.0,8,2.0,0.35,0.35,0.00035,47,58,15,1.850278,openb-pod-5515
synthetic_04402,preprocessing,preprocessing,1,1,,4.152,10.3515625,2,0.5,0.35,0.35,0.00035,8,12,15,0.262222,openb-pod-0291
synthetic_04403,preprocessing,preprocessing,1,1,,24.2,91.0,1,0.25,0.25,0.25,0.00025,11,21,15,0.037778,openb-pod-1183
synthetic_04404,preprocessing,preprocessing,1,1,,3.152,5.46875,1,0.25,0.07,0.07,7e-05,0,12,15,0.059167,openb-pod-1399
synthetic_04405,preprocessing,preprocessing,1,1,,4.152,10.3515625,1,0.25,0.25,0.25,0.00025,56,64,15,0.008056,openb-pod-1110
synthetic_04406,preprocessing,preprocessing,1,1,,3.152,5.46875,1,0.25,0.25,0.25,0.00025,87,95,15,0.041389,openb-pod-1784
synthetic_04407,preprocessing,preprocessing,1,1,,4.0,29.8017578125,1,0.25,0.25,0.25,0.00025,34,43,15,0.065278,openb-pod-0246
synthetic_04408,preprocessing,preprocessing,1,1,,18.708,63.0,3,0.75,0.35,0.35,0.00035,26,32,15,0.584167,openb-pod-1361
synthetic_04409,preprocessing,preprocessing,1,1,,24.2,91.0,1,0.25,0.07,0.07,7e-05,15,28,15,0.232222,openb-pod-5959
synthetic_04410,training,training,1,1,V100M16|V100M32,16.4,123.0,2,0.5,0.25,0.25,0.00025,12,17,15,0.333611,openb-pod-4720
synthetic_04411,preprocessing,preprocessing,1,1,,11.3,48.0,1,0.25,0.25,0.25,0.00025,41,49,15,0.070278,openb-pod-7774
synthetic_04412,preprocessing,preprocessing,1,1,P100|V100M16|V100M32,3.152,5.46875,1,0.25,0.25,0.25,0.00025,8,22,15,0.034444,openb-pod-1687
synthetic_04413,preprocessing,preprocessing,1,1,G2|P100|T4|V100M16|V100M32,11.3,48.0,1,0.25,0.25,0.25,0.00025,0,8,15,0.016667,openb-pod-5635
synthetic_04414,preprocessing,preprocessing,1,1,,11.908,46.0,1,0.25,0.35,0.35,0.00035,28,40,15,0.21,openb-pod-2421
synthetic_04415,fine_tuning,fine_tuning,1,1,T4,3.152,5.46875,1,0.25,0.07,0.07,7e-05,44,54,15,0.098333,openb-pod-4040
synthetic_04416,fine_tuning,fine_tuning,1,1,T4,4.0,22.3515625,7,1.75,0.07,0.07,7e-05,15,26,15,1.738889,openb-pod-4522
synthetic_04417,preprocessing,preprocessing,1,1,,4.0,14.900390625,5,1.25,0.35,0.35,0.00035,7,19,15,1.003889,openb-pod-0110
synthetic_04418,preprocessing,preprocessing,1,1,,3.152,5.46875,1,0.25,0.25,0.25,0.00025,76,89,15,0.036667,openb-pod-7421
synthetic_04419,fine_tuning,fine_tuning,1,1,T4,3.152,5.46875,3,0.75,0.07,0.07,7e-05,66,80,15,0.616389,openb-pod-6033
synthetic_04420,preprocessing,preprocessing,1,1,,18.708,63.0,1,0.25,0.25,0.25,0.00025,41,49,15,0.016667,openb-pod-4378
synthetic_04421,fine_tuning,fine_tuning,2,2,V100M32,17.4,42.0,1,0.25,0.5,0.5,0.0005,52,57,15,0.125,openb-pod-3691
synthetic_04422,preprocessing,preprocessing,1,1,A10|G2|T4|V100M16|V100M32,11.4,47.0,3,0.75,0.25,0.25,0.00025,7,17,15,0.614444,openb-pod-3504
synthetic_04423,fine_tuning,fine_tuning,1,1,T4,4.152,10.3515625,1,0.25,0.07,0.07,7e-05,17,30,15,0.008333,openb-pod-1883
synthetic_04424,preprocessing,preprocessing,1,1,,4.0,22.3515625,12,3.0,0.35,0.35,0.00035,30,42,15,2.943611,openb-pod-3299
synthetic_04425,preprocessing,preprocessing,1,1,,11.908,46.0,5,1.25,0.25,0.25,0.00025,11,25,15,1.139722,openb-pod-3801
synthetic_04426,preprocessing,preprocessing,1,1,,3.152,5.46875,1,0.25,0.25,0.25,0.00025,47,56,15,0.06,openb-pod-3262
synthetic_04427,fine_tuning,fine_tuning,1,1,T4,11.3,48.0,1,0.25,0.07,0.07,7e-05,18,25,15,0.092778,openb-pod-6137
synthetic_04428,preprocessing,preprocessing,1,1,,3.152,5.46875,1,0.25,0.35,0.35,0.00035,35,41,15,0.045278,openb-pod-2180
synthetic_04429,fine_tuning,fine_tuning,1,1,P100,3.152,5.46875,1,0.25,0.25,0.25,0.00025,12,24,15,0.049444,openb-pod-7957
synthetic_04430,fine_tuning,fine_tuning,1,1,T4,16.0,64.0,2,0.5,0.07,0.07,7e-05,0,8,15,0.4,openb-pod-4993
synthetic_04431,preprocessing,preprocessing,1,1,,11.4,47.0,1,0.25,0.25,0.25,0.00025,90,95,15,0.012778,openb-pod-3688
synthetic_04432,preprocessing,preprocessing,1,1,,11.9,76.0,3,0.75,0.07,0.07,7e-05,23,31,15,0.585833,openb-pod-3025
synthetic_04433,preprocessing,preprocessing,1,1,,11.4,47.0,1,0.25,0.35,0.35,0.00035,7,17,15,0.011667,openb-pod-2686
synthetic_04434,preprocessing,preprocessing,1,1,,11.4,76.0,1,0.25,0.35,0.35,0.00035,50,62,15,0.016389,openb-pod-7555
synthetic_04435,preprocessing,preprocessing,1,1,,3.152,5.46875,1,0.25,0.07,0.07,7e-05,77,82,15,0.068611,openb-pod-3102
synthetic_04436,preprocessing,preprocessing,1,1,,3.152,5.46875,1,0.25,0.35,0.35,0.00035,40,48,15,0.04,openb-pod-1302
synthetic_04437,fine_tuning,fine_tuning,1,1,T4,11.908,46.0,1,0.25,0.07,0.07,7e-05,31,44,15,0.105,openb-pod-3122
synthetic_04438,preprocessing,preprocessing,1,1,,3.152,5.46875,1,0.25,0.07,0.07,7e-05,8,14,15,0.026667,openb-pod-7441
synthetic_04439,training,training,1,1,V100M16|V100M32,11.9,76.0,1,0.25,0.25,0.25,0.00025,25,29,15,0.174444,openb-pod-3042
synthetic_04440,preprocessing,preprocessing,1,1,,11.4,47.0,2,0.5,0.25,0.25,0.00025,82,89,15,0.420556,openb-pod-4543
synthetic_04441,fine_tuning,fine_tuning,1,1,T4,4.0,24.0,5,1.25,0.07,0.07,7e-05,21,37,15,1.112222,openb-pod-5548
synthetic_04442,fine_tuning,fine_tuning,1,1,P100,3.152,5.46875,1,0.25,0.25,0.25,0.00025,35,44,15,0.061111,openb-pod-3395
synthetic_04443,preprocessing,preprocessing,1,1,,8.0,32.0,2,0.5,0.35,0.35,0.00035,53,63,15,0.348611,openb-pod-1190
synthetic_04444,training,training,1,1,V100M16|V100M32,12.0,24.0,1,0.25,0.25,0.25,0.00025,79,90,15,0.0675,openb-pod-5668
synthetic_04445,preprocessing,preprocessing,1,1,,14.9,72.0,2,0.5,0.07,0.07,7e-05,90,94,15,0.384722,openb-pod-4221
synthetic_04446,preprocessing,preprocessing,1,1,,11.4,47.0,4,1.0,0.07,0.07,7e-05,47,61,15,0.928889,openb-pod-2919
synthetic_04447,fine_tuning,fine_tuning,1,1,T4,4.152,10.3515625,1,0.25,0.07,0.07,7e-05,14,24,15,0.245,openb-pod-2266
synthetic_04448,preprocessing,preprocessing,1,1,,15.7,57.0,3,0.75,0.35,0.35,0.00035,80,87,15,0.566667,openb-pod-2796
synthetic_04449,preprocessing,preprocessing,1,1,,11.9,76.0,3,0.75,0.25,0.25,0.00025,60,69,15,0.591389,openb-pod-2498
synthetic_04450,fine_tuning,fine_tuning,1,1,T4,11.3,48.0,1,0.25,0.07,0.07,7e-05,27,39,15,0.016389,openb-pod-6257
synthetic_04451,preprocessing,preprocessing,1,1,,3.152,5.46875,1,0.25,0.25,0.25,0.00025,7,21,15,0.003889,openb-pod-7975
synthetic_04452,fine_tuning,fine_tuning,1,1,T4,3.152,5.46875,1,0.25,0.07,0.07,7e-05,50,64,15,0.061667,openb-pod-7814
synthetic_04453,preprocessing,preprocessing,1,1,,3.152,5.46875,1,0.25,0.35,0.35,0.00035,54,67,15,0.019444,openb-pod-7344
synthetic_04454,preprocessing,preprocessing,1,1,,11.4,47.0,1,0.25,0.25,0.25,0.00025,31,42,15,0.047778,openb-pod-3967
synthetic_04455,fine_tuning,fine_tuning,1,1,T4,11.908,46.0,1,0.25,0.07,0.07,7e-05,63,77,15,0.1575,openb-pod-6032
synthetic_04456,preprocessing,preprocessing,1,1,,11.3,48.0,1,0.25,0.25,0.25,0.00025,57,65,15,0.061389,openb-pod-7761
synthetic_04457,preprocessing,preprocessing,1,1,P100|V100M16|V100M32,18.708,63.0,1,0.25,0.25,0.25,0.00025,43,53,15,0.052222,openb-pod-0263
synthetic_04458,preprocessing,preprocessing,1,1,,3.152,5.46875,1,0.25,0.35,0.35,0.00035,10,19,15,0.186667,openb-pod-7499
synthetic_04459,fine_tuning,fine_tuning,1,1,T4,4.0,29.8017578125,1,0.25,0.07,0.07,7e-05,67,72,15,0.016389,openb-pod-2108
synthetic_04460,preprocessing,preprocessing,1,1,,11.4,47.0,1,0.25,0.07,0.07,7e-05,78,88,15,0.013889,openb-pod-0907
synthetic_04461,fine_tuning,fine_tuning,1,1,T4,8.0,29.8017578125,1,0.25,0.07,0.07,7e-05,42,46,15,0.054167,openb-pod-1693
synthetic_04462,preprocessing,preprocessing,1,1,,11.3,48.0,2,0.5,0.25,0.25,0.00025,54,61,15,0.379167,openb-pod-5914
synthetic_04463,preprocessing,preprocessing,1,1,,3.152,5.46875,1,0.25,0.25,0.25,0.00025,36,45,15,0.045,openb-pod-0699
synthetic_04464,fine_tuning,fine_tuning,1,1,T4,8.0,16.0,4,1.0,0.07,0.07,7e-05,74,78,15,0.758056,openb-pod-5925
synthetic_04465,preprocessing,preprocessing,1,1,,3.152,5.46875,1,0.25,0.25,0.25,0.00025,7,17,15,0.042778,openb-pod-0681
synthetic_04466,fine_tuning,fine_tuning,1,1,T4,4.0,22.3515625,1,0.25,0.07,0.07,7e-05,6,20,15,0.243056,openb-pod-2558
synthetic_04467,preprocessing,preprocessing,1,1,,4.152,10.3515625,1,0.25,0.25,0.25,0.00025,35,44,15,0.225,openb-pod-1632
synthetic_04468,preprocessing,preprocessing,1,1,,12.0,24.0,11,2.75,0.07,0.07,7e-05,35,44,15,2.593889,openb-pod-4539
synthetic_04469,preprocessing,preprocessing,1,1,,3.152,5.46875,1,0.25,0.25,0.25,0.00025,69,79,15,0.21,openb-pod-5393
synthetic_04470,fine_tuning,fine_tuning,1,1,T4,4.0,22.3515625,1,0.25,0.07,0.07,7e-05,17,27,15,0.036944,openb-pod-4542
synthetic_04471,preprocessing,preprocessing,1,1,,4.0,22.3515625,4,1.0,0.25,0.25,0.00025,30,41,15,0.833056,openb-pod-7906
synthetic_04472,training,training,1,1,V100M16|V100M32,18.708,63.0,2,0.5,0.25,0.25,0.00025,77,91,15,0.266111,openb-pod-5071
synthetic_04473,preprocessing,preprocessing,1,1,,11.3,48.0,2,0.5,0.25,0.25,0.00025,37,51,15,0.289722,openb-pod-5159
synthetic_04474,preprocessing,preprocessing,1,1,,3.152,5.46875,1,0.25,0.25,0.25,0.00025,0,8,15,0.065278,openb-pod-1592
synthetic_04475,preprocessing,preprocessing,1,1,,4.0,22.3515625,10,2.5,0.25,0.25,0.00025,64,73,15,2.366667,openb-pod-5259
synthetic_04476,fine_tuning,fine_tuning,1,1,T4,4.152,10.3515625,2,0.5,0.07,0.07,7e-05,32,43,15,0.324444,openb-pod-2159
synthetic_04477,fine_tuning,fine_tuning,1,1,T4,8.0,29.8017578125,1,0.25,0.07,0.07,7e-05,63,76,15,0.046667,openb-pod-5986
synthetic_04478,preprocessing,preprocessing,1,1,,11.3,48.0,2,0.5,0.25,0.25,0.00025,87,94,15,0.271111,openb-pod-6008
synthetic_04479,preprocessing,preprocessing,1,1,,11.4,47.0,10,2.5,0.25,0.25,0.00025,33,42,15,2.259722,openb-pod-4247
synthetic_04480,fine_tuning,fine_tuning,1,1,T4,11.4,47.0,1,0.25,0.07,0.07,7e-05,32,45,15,0.044444,openb-pod-4555
synthetic_04481,fine_tuning,fine_tuning,1,1,G2,3.152,5.46875,1,0.25,0.35,0.35,0.00035,69,79,15,0.041389,openb-pod-1438
synthetic_04482,fine_tuning,fine_tuning,1,1,T4,8.0,29.8017578125,1,0.25,0.07,0.07,7e-05,63,76,15,0.067222,openb-pod-2053
synthetic_04483,preprocessing,preprocessing,1,1,,11.908,46.0,5,1.25,0.25,0.25,0.00025,15,24,15,1.130278,openb-pod-3814
synthetic_04484,preprocessing,preprocessing,1,1,P100|V100M16|V100M32,16.0,64.0,9,2.25,0.25,0.25,0.00025,38,48,15,2.0325,openb-pod-4558
synthetic_04485,preprocessing,preprocessing,1,1,,11.4,47.0,1,0.25,0.35,0.35,0.00035,36,47,15,0.013611,openb-pod-1009
synthetic_04486,fine_tuning,fine_tuning,1,1,T4,3.152,5.46875,2,0.5,0.07,0.07,7e-05,74,82,15,0.263056,openb-pod-5662
synthetic_04487,preprocessing,preprocessing,1,1,,4.0,22.3515625,1,0.25,0.25,0.25,0.00025,24,37,15,0.050556,openb-pod-7392
synthetic_04488,preprocessing,preprocessing,1,1,,4.0,29.8017578125,2,0.5,0.25,0.25,0.00025,52,60,15,0.357778,openb-pod-6278
synthetic_04489,preprocessing,preprocessing,1,1,,11.3,48.0,2,0.5,0.35,0.35,0.00035,7,17,15,0.296389,openb-pod-6281
synthetic_04490,preprocessing,preprocessing,1,1,,12.0,15.0,11,2.75,0.25,0.25,0.00025,81,85,15,2.716667,openb-pod-1959
synthetic_04491,preprocessing,preprocessing,1,1,P100|V100M16|V100M32,8.0,16.0,5,1.25,0.25,0.25,0.00025,6,16,15,1.15,openb-pod-1876
synthetic_04492,preprocessing,preprocessing,1,1,,12.0,32.0,1,0.25,0.25,0.25,0.00025,61,67,15,0.148056,openb-pod-2921
synthetic_04493,preprocessing,preprocessing,1,1,,3.152,5.46875,1,0.25,0.25,0.25,0.00025,5,13,15,0.068611,openb-pod-2310
synthetic_04494,training,training,1,1,V100M16|V100M32,11.4,47.0,4,1.0,0.25,0.25,0.00025,29,40,15,0.975556,openb-pod-2920
synthetic_04495,fine_tuning,fine_tuning,1,1,T4,11.908,46.0,1,0.25,0.07,0.07,7e-05,68,82,15,0.1475,openb-pod-5116
synthetic_04496,fine_tuning,fine_tuning,1,1,T4,11.908,46.0,1,0.25,0.07,0.07,7e-05,70,80,15,0.209444,openb-pod-4200
synthetic_04497,preprocessing,preprocessing,1,1,,3.152,5.46875,1,0.25,0.07,0.07,7e-05,29,41,15,0.091944,openb-pod-0340
synthetic_04498,preprocessing,preprocessing,1,1,,15.2,79.0,5,1.25,0.25,0.25,0.00025,49,58,15,1.238889,openb-pod-4994
synthetic_04499,preprocessing,preprocessing,1,1,,11.908,46.0,3,0.75,0.25,0.25,0.00025,24,35,15,0.699722,openb-pod-6229
synthetic_04500,preprocessing,preprocessing,1,1,,4.0,14.900390625,1,0.25,0.25,0.25,0.00025,71,78,15,0.175278,openb-pod-4690
synthetic_04501,preprocessing,preprocessing,1,1,,16.0,32.0,2,0.5,0.25,0.25,0.00025,0,5,15,0.347222,openb-pod-2086
synthetic_04502,fine_tuning,fine_tuning,1,1,T4,12.0,15.625,1,0.25,0.07,0.07,7e-05,36,46,15,0.174722,openb-pod-3062
synthetic_04503,preprocessing,preprocessing,1,1,,4.0,14.900390625,4,1.0,0.35,0.35,0.00035,12,26,15,0.755833,openb-pod-6143
synthetic_04504,preprocessing,preprocessing,1,1,,12.0,24.0,1,0.25,0.25,0.25,0.00025,63,74,15,0.015556,openb-pod-4198
synthetic_04505,preprocessing,preprocessing,1,1,,3.152,5.46875,1,0.25,0.35,0.35,0.00035,52,62,15,0.030556,openb-pod-5129
synthetic_04506,preprocessing,preprocessing,1,1,,3.152,5.46875,1,0.25,0.35,0.35,0.00035,79,94,15,0.059167,openb-pod-1399
synthetic_04507,preprocessing,preprocessing,1,1,,11.3,48.0,1,0.25,0.07,0.07,7e-05,33,42,15,0.018333,openb-pod-5310
synthetic_04508,preprocessing,preprocessing,1,1,,14.2,57.0,1,0.25,0.35,0.35,0.00035,27,35,15,0.013056,openb-pod-5217
synthetic_04509,preprocessing,preprocessing,1,1,,3.152,5.46875,1,0.25,0.25,0.25,0.00025,58,70,15,0.056389,openb-pod-3329
synthetic_04510,fine_tuning,fine_tuning,1,1,T4,3.152,5.46875,1,0.25,0.07,0.07,7e-05,10,14,15,0.058889,openb-pod-1700
synthetic_04511,preprocessing,preprocessing,1,1,,15.2,79.0,2,0.5,0.07,0.07,7e-05,82,93,15,0.4875,openb-pod-6564
synthetic_04512,fine_tuning,fine_tuning,1,1,G2,11.4,47.0,1,0.25,0.35,0.35,0.00035,87,95,15,0.216944,openb-pod-4606
synthetic_04513,preprocessing,preprocessing,1,1,,4.0,24.0,5,1.25,0.35,0.35,0.00035,34,42,15,1.152222,openb-pod-2639
synthetic_04514,preprocessing,preprocessing,1,1,,3.152,5.46875,2,0.5,0.35,0.35,0.00035,76,91,15,0.260556,openb-pod-4286
synthetic_04515,preprocessing,preprocessing,1,1,,11.908,46.0,10,2.5,0.25,0.25,0.00025,43,50,15,2.499722,openb-pod-0389
synthetic_04516,training,training,1,1,V100M16|V100M32,15.7,57.0,3,0.75,0.25,0.25,0.00025,26,35,15,0.583611,openb-pod-2802
synthetic_04517,preprocessing,preprocessing,1,1,,11.9,76.0,3,0.75,0.25,0.25,0.00025,18,28,15,0.705833,openb-pod-2852
synthetic_04518,fine_tuning,fine_tuning,1,1,T4,4.0,24.0,5,1.25,0.07,0.07,7e-05,7,12,15,1.142778,openb-pod-0975
synthetic_04519,preprocessing,preprocessing,1,1,,18.708,63.0,2,0.5,0.25,0.25,0.00025,62,71,15,0.343333,openb-pod-3374
synthetic_04520,fine_tuning,fine_tuning,1,1,T4,8.0,29.8017578125,1,0.25,0.07,0.07,7e-05,42,56,15,0.0175,openb-pod-1001
synthetic_04521,preprocessing,preprocessing,1,1,,3.152,5.46875,1,0.25,0.25,0.25,0.00025,41,57,15,0.0225,openb-pod-1738
synthetic_04522,fine_tuning,fine_tuning,1,1,G2,9.81,40.5859375,4,1.0,0.35,0.35,0.00035,20,34,15,0.871944,openb-pod-5505
synthetic_04523,preprocessing,preprocessing,1,1,,11.908,46.0,1,0.25,0.25,0.25,0.00025,38,50,15,0.021944,openb-pod-7267
synthetic_04524,preprocessing,preprocessing,1,1,,14.2,57.0,1,0.25,0.35,0.35,0.00035,1,12,15,0.165,openb-pod-5221
synthetic_04525,fine_tuning,fine_tuning,1,1,T4,3.152,5.46875,2,0.5,0.07,0.07,7e-05,26,32,15,0.276389,openb-pod-5289
synthetic_04526,preprocessing,preprocessing,1,1,,11.4,47.0,1,0.25,0.07,0.07,7e-05,34,43,15,0.171667,openb-pod-3333
synthetic_04527,preprocessing,preprocessing,1,1,,3.152,5.46875,1,0.25,0.25,0.25,0.00025,27,40,15,0.031944,openb-pod-1504
synthetic_04528,fine_tuning,fine_tuning,1,1,G2,9.81,40.5859375,1,0.25,0.35,0.35,0.00035,51,64,15,0.016389,openb-pod-5589
synthetic_04529,preprocessing,preprocessing,1,1,,11.3,48.0,1,0.25,0.35,0.35,0.00035,26,38,15,0.166667,openb-pod-6662
synthetic_04530,fine_tuning,fine_tuning,8,8,G3,88.0,320.0,11,2.75,2.8,2.8,0.0028,50,59,15,2.529444,openb-pod-8046
synthetic_04531,preprocessing,preprocessing,1,1,,3.152,5.46875,1,0.25,0.35,0.35,0.00035,19,31,15,0.031944,openb-pod-0741
synthetic_04532,preprocessing,preprocessing,1,1,,11.3,48.0,2,0.5,0.35,0.35,0.00035,40,55,15,0.355556,openb-pod-5459
synthetic_04533,preprocessing,preprocessing,1,1,,11.908,46.0,1,0.25,0.07,0.07,7e-05,48,55,15,0.035833,openb-pod-0384
synthetic_04534,preprocessing,preprocessing,1,1,,3.152,5.46875,1,0.25,0.25,0.25,0.00025,39,52,15,0.045556,openb-pod-1533
synthetic_04535,fine_tuning,fine_tuning,1,1,T4,11.908,46.0,1,0.25,0.07,0.07,7e-05,33,45,15,0.049444,openb-pod-7951
synthetic_04536,fine_tuning,fine_tuning,1,1,T4,11.4,47.0,13,3.25,0.07,0.07,7e-05,17,32,15,3.1275,openb-pod-2555
synthetic_04537,preprocessing,preprocessing,1,1,,11.3,48.0,1,0.25,0.25,0.25,0.00025,7,16,15,0.115556,openb-pod-7952
synthetic_04538,preprocessing,preprocessing,1,1,P100|V100M16|V100M32,24.2,91.0,10,2.5,0.25,0.25,0.00025,4,16,15,2.269722,openb-pod-1036
synthetic_04539,fine_tuning,fine_tuning,1,1,G3,12.0,24.0,1,0.25,0.35,0.35,0.00035,56,66,15,0.131667,openb-pod-0432
synthetic_04540,preprocessing,preprocessing,1,1,P100|V100M16|V100M32,11.4,47.0,3,0.75,0.25,0.25,0.00025,57,67,15,0.735556,openb-pod-3680
synthetic_04541,training,training,1,1,V100M16|V100M32,15.7,57.0,2,0.5,0.25,0.25,0.00025,67,76,15,0.473889,openb-pod-2935
synthetic_04542,preprocessing,preprocessing,1,1,,11.4,47.0,1,0.25,0.35,0.35,0.00035,2,13,15,0.195556,openb-pod-4524
synthetic_04543,preprocessing,preprocessing,1,1,,4.0,14.900390625,1,0.25,0.35,0.35,0.00035,78,87,15,0.199722,openb-pod-6927
synthetic_04544,preprocessing,preprocessing,1,1,,3.152,5.46875,2,0.5,0.25,0.25,0.00025,14,21,15,0.357222,openb-pod-7227
synthetic_04545,fine_tuning,fine_tuning,1,1,G2,11.3,48.0,1,0.25,0.35,0.35,0.00035,30,38,15,0.140556,openb-pod-5188
synthetic_04546,preprocessing,preprocessing,1,1,,3.152,5.46875,2,0.5,0.25,0.25,0.00025,89,94,15,0.314722,openb-pod-4310
synthetic_04547,preprocessing,preprocessing,1,1,,4.0,14.900390625,3,0.75,0.07,0.07,7e-05,43,49,15,0.721667,openb-pod-4324
synthetic_04548,preprocessing,preprocessing,1,1,,11.3,48.0,1,0.25,0.35,0.35,0.00035,39,46,15,0.102778,openb-pod-4858
synthetic_04549,preprocessing,preprocessing,1,1,,8.0,29.8017578125,8,2.0,0.25,0.25,0.00025,66,76,15,1.818611,openb-pod-0462
synthetic_04550,fine_tuning,fine_tuning,1,1,G3,11.3,48.0,1,0.25,0.35,0.35,0.00035,36,50,15,0.0175,openb-pod-4744
synthetic_04551,fine_tuning,fine_tuning,1,1,T4,8.0,29.8017578125,1,0.25,0.07,0.07,7e-05,80,89,15,0.0175,openb-pod-1001
synthetic_04552,preprocessing,preprocessing,1,1,,11.908,46.0,1,0.25,0.35,0.35,0.00035,88,94,15,0.015,openb-pod-1208
synthetic_04553,preprocessing,preprocessing,1,1,,11.3,48.0,1,0.25,0.35,0.35,0.00035,57,70,15,0.028611,openb-pod-7659
synthetic_04554,fine_tuning,fine_tuning,1,1,P100,4.152,10.3515625,1,0.25,0.25,0.25,0.00025,89,95,15,0.018056,openb-pod-1411
synthetic_04555,fine_tuning,fine_tuning,1,1,T4,11.4,47.0,1,0.25,0.07,0.07,7e-05,85,95,15,0.214167,openb-pod-3803
synthetic_04556,preprocessing,preprocessing,1,1,,11.3,48.0,1,0.25,0.25,0.25,0.00025,7,18,15,0.159444,openb-pod-4710
synthetic_04557,fine_tuning,fine_tuning,1,1,T4,4.0,22.3515625,5,1.25,0.07,0.07,7e-05,7,17,15,1.0175,openb-pod-5775
synthetic_04558,preprocessing,preprocessing,1,1,,18.708,63.0,3,0.75,0.35,0.35,0.00035,34,40,15,0.643333,openb-pod-4000
synthetic_04559,preprocessing,preprocessing,1,1,,4.0,29.8017578125,1,0.25,0.07,0.07,7e-05,90,95,15,0.013889,openb-pod-1704
synthetic_04560,preprocessing,preprocessing,1,1,,3.152,5.46875,1,0.25,0.25,0.25,0.00025,66,80,15,0.051389,openb-pod-3118
synthetic_04561,preprocessing,preprocessing,1,1,,15.7,57.0,3,0.75,0.35,0.35,0.00035,17,27,15,0.589444,openb-pod-1806
synthetic_04562,preprocessing,preprocessing,1,1,,18.708,63.0,1,0.25,0.07,0.07,7e-05,74,86,15,0.014167,openb-pod-1301
synthetic_04563,fine_tuning,fine_tuning,1,1,T4,3.152,5.46875,1,0.25,0.07,0.07,7e-05,57,63,15,0.098333,openb-pod-4040
synthetic_04564,training,training,1,1,V100M16|V100M32,3.152,5.46875,1,0.25,0.25,0.25,0.00025,45,54,15,0.064167,openb-pod-0167
synthetic_04565,fine_tuning,fine_tuning,1,1,G2,12.0,16.0,2,0.5,0.35,0.35,0.00035,47,56,15,0.499167,openb-pod-0571
synthetic_04566,preprocessing,preprocessing,1,1,,11.4,47.0,3,0.75,0.25,0.25,0.00025,54,67,15,0.5375,openb-pod-2828
synthetic_04567,preprocessing,preprocessing,1,1,,6.0,18.0,2,0.5,0.07,0.07,7e-05,88,94,15,0.483611,openb-pod-0541
synthetic_04568,preprocessing,preprocessing,1,1,,3.152,5.46875,1,0.25,0.25,0.25,0.00025,2,15,15,0.060833,openb-pod-4803
synthetic_04569,preprocessing,preprocessing,1,1,,16.4,123.0,2,0.5,0.25,0.25,0.00025,19,28,15,0.371944,openb-pod-6917
synthetic_04570,preprocessing,preprocessing,1,1,,12.0,24.0,1,0.25,0.25,0.25,0.00025,58,66,15,0.006944,openb-pod-5169
synthetic_04571,fine_tuning,fine_tuning,1,1,T4,3.152,5.46875,1,0.25,0.07,0.07,7e-05,15,26,15,0.008611,openb-pod-7363
synthetic_04572,preprocessing,preprocessing,1,1,,11.908,46.0,1,0.25,0.35,0.35,0.00035,13,24,15,0.009722,openb-pod-1139
synthetic_04573,fine_tuning,fine_tuning,1,1,G2,8.0,32.0,1,0.25,0.35,0.35,0.00035,36,49,15,0.223056,openb-pod-6086
synthetic_04574,preprocessing,preprocessing,1,1,,3.152,5.46875,1,0.25,0.25,0.25,0.00025,21,30,15,0.085278,openb-pod-0197
synthetic_04575,preprocessing,preprocessing,1,1,,3.152,5.46875,1,0.25,0.35,0.35,0.00035,90,95,15,0.040278,openb-pod-0834
synthetic_04576,fine_tuning,fine_tuning,1,1,T4,3.152,5.46875,1,0.25,0.07,0.07,7e-05,49,61,15,0.025,openb-pod-1855
synthetic_04577,preprocessing,preprocessing,1,1,,8.0,32.0,1,0.25,0.25,0.25,0.00025,23,34,15,0.044167,openb-pod-2838
synthetic_04578,preprocessing,preprocessing,1,1,,4.0,22.3515625,12,3.0,0.35,0.35,0.00035,42,54,15,2.823611,openb-pod-2500
synthetic_04579,preprocessing,preprocessing,1,1,,4.152,10.3515625,1,0.25,0.25,0.25,0.00025,53,62,15,0.019722,openb-pod-2237
synthetic_04580,fine_tuning,fine_tuning,1,1,T4,11.3,48.0,1,0.25,0.07,0.07,7e-05,0,7,15,0.094444,openb-pod-7739
synthetic_04581,preprocessing,preprocessing,1,1,,15.7,57.0,3,0.75,0.25,0.25,0.00025,50,59,15,0.518056,openb-pod-3021
synthetic_04582,fine_tuning,fine_tuning,1,1,T4,15.7,57.0,3,0.75,0.07,0.07,7e-05,89,93,15,0.573056,openb-pod-2840
synthetic_04583,fine_tuning,fine_tuning,1,1,V100M16,11.3,48.0,4,1.0,0.25,0.25,0.00025,10,19,15,0.823889,openb-pod-5191
synthetic_04584,fine_tuning,fine_tuning,1,1,T4,11.4,47.0,6,1.5,0.07,0.07,7e-05,9,18,15,1.5,openb-pod-3079
synthetic_04585,fine_tuning,fine_tuning,1,1,P100,3.152,5.46875,2,0.5,0.25,0.25,0.00025,34,50,15,0.258333,openb-pod-6899
synthetic_04586,preprocessing,preprocessing,1,1,,11.3,48.0,3,0.75,0.07,0.07,7e-05,0,8,15,0.740556,openb-pod-7058
synthetic_04587,fine_tuning,fine_tuning,1,1,P100,8.0,29.8017578125,1,0.25,0.25,0.25,0.00025,77,91,15,0.076111,openb-pod-4330
synthetic_04588,preprocessing,preprocessing,1,1,,11.3,48.0,2,0.5,0.35,0.35,0.00035,45,60,15,0.368611,openb-pod-4908
synthetic_04589,preprocessing,preprocessing,1,1,,9.81,40.5859375,1,0.25,0.35,0.35,0.00035,41,45,15,0.118889,openb-pod-5568
synthetic_04590,fine_tuning,fine_tuning,1,1,T4,4.0,22.3515625,4,1.0,0.07,0.07,7e-05,0,5,15,0.894722,openb-pod-5025
synthetic_04591,preprocessing,preprocessing,1,1,,3.152,5.46875,1,0.25,0.25,0.25,0.00025,76,83,15,0.01,openb-pod-0089
synthetic_04592,fine_tuning,fine_tuning,1,1,T4,11.908,46.0,8,2.0,0.07,0.07,7e-05,0,6,15,1.898611,openb-pod-4578
synthetic_04593,fine_tuning,fine_tuning,1,1,T4,3.152,5.46875,1,0.25,0.07,0.07,7e-05,17,24,15,0.023611,openb-pod-1614
synthetic_04594,preprocessing,preprocessing,1,1,,24.2,91.0,2,0.5,0.07,0.07,7e-05,71,83,15,0.348333,openb-pod-5945
synthetic_04595,training,training,1,1,V100M16|V100M32,11.908,46.0,1,0.25,0.25,0.25,0.00025,29,41,15,0.17,openb-pod-0299
synthetic_04596,fine_tuning,fine_tuning,1,1,T4,11.3,48.0,1,0.25,0.07,0.07,7e-05,47,57,15,0.067222,openb-pod-7909
synthetic_04597,preprocessing,preprocessing,1,1,,11.3,48.0,1,0.25,0.07,0.07,7e-05,7,11,15,0.124722,openb-pod-6741
synthetic_04598,preprocessing,preprocessing,1,1,,11.908,46.0,1,0.25,0.35,0.35,0.00035,19,29,15,0.25,openb-pod-7093
synthetic_04599,preprocessing,preprocessing,1,1,,9.81,40.5859375,1,0.25,0.25,0.25,0.00025,3,14,15,0.016111,openb-pod-1022
synthetic_04600,preprocessing,preprocessing,1,1,,12.0,24.0,5,1.25,0.25,0.25,0.00025,6,13,15,1.016667,openb-pod-4964
synthetic_04601,preprocessing,preprocessing,1,1,,4.0,22.3515625,1,0.25,0.07,0.07,7e-05,57,68,15,0.236111,openb-pod-6334
synthetic_04602,fine_tuning,fine_tuning,1,1,G2,3.152,5.46875,1,0.25,0.35,0.35,0.00035,78,88,15,0.053333,openb-pod-0703
synthetic_04603,fine_tuning,fine_tuning,1,1,G3,3.152,5.46875,1,0.25,0.35,0.35,0.00035,61,70,15,0.045556,openb-pod-1334
synthetic_04604,preprocessing,preprocessing,1,1,,11.3,48.0,1,0.25,0.25,0.25,0.00025,39,54,15,0.086944,openb-pod-7822
synthetic_04605,fine_tuning,fine_tuning,1,1,G2,14.2,57.0,2,0.5,0.35,0.35,0.00035,19,30,15,0.266667,openb-pod-5297
synthetic_04606,preprocessing,preprocessing,1,1,,11.3,48.0,4,1.0,0.25,0.25,0.00025,15,29,15,0.928611,openb-pod-6785
synthetic_04607,preprocessing,preprocessing,1,1,,18.708,63.0,1,0.25,0.35,0.35,0.00035,85,95,15,0.046944,openb-pod-0515
synthetic_04608,preprocessing,preprocessing,1,1,,15.7,57.0,1,0.25,0.25,0.25,0.00025,10,21,15,0.053056,openb-pod-2412
synthetic_04609,preprocessing,preprocessing,1,1,,11.908,46.0,1,0.25,0.25,0.25,0.00025,58,69,15,0.130278,openb-pod-6273
synthetic_04610,preprocessing,preprocessing,1,1,,14.2,57.0,6,1.5,0.35,0.35,0.00035,84,90,15,1.291389,openb-pod-5828
synthetic_04611,preprocessing,preprocessing,1,1,,11.3,48.0,1,0.25,0.25,0.25,0.00025,22,33,15,0.193333,openb-pod-6168
synthetic_04612,preprocessing,preprocessing,1,1,,3.152,5.46875,1,0.25,0.25,0.25,0.00025,0,9,15,0.021944,openb-pod-3449
synthetic_04613,fine_tuning,fine_tuning,1,1,P100,3.152,5.46875,1,0.25,0.25,0.25,0.00025,35,42,15,0.023056,openb-pod-4056
synthetic_04614,training,training,1,1,V100M16|V100M32,11.3,48.0,1,0.25,0.25,0.25,0.00025,70,79,15,0.175,openb-pod-7634
synthetic_04615,preprocessing,preprocessing,1,1,,3.152,5.46875,1,0.25,0.07,0.07,7e-05,78,92,15,0.061667,openb-pod-8042
synthetic_04616,preprocessing,preprocessing,1,1,,3.152,5.46875,1,0.25,0.25,0.25,0.00025,26,33,15,0.056111,openb-pod-0356
synthetic_04617,fine_tuning,fine_tuning,1,1,G2,11.3,48.0,3,0.75,0.35,0.35,0.00035,85,89,15,0.57,openb-pod-5157
synthetic_04618,preprocessing,preprocessing,1,1,,14.2,57.0,4,1.0,0.25,0.25,0.00025,38,48,15,0.849167,openb-pod-5815
synthetic_04619,preprocessing,preprocessing,1,1,,11.908,46.0,9,2.25,0.25,0.25,0.00025,83,87,15,2.245556,openb-pod-3961
synthetic_04620,fine_tuning,fine_tuning,1,1,T4,3.152,5.46875,1,0.25,0.07,0.07,7e-05,35,48,15,0.068611,openb-pod-0966
synthetic_04621,preprocessing,preprocessing,1,1,,11.3,48.0,1,0.25,0.25,0.25,0.00025,26,36,15,0.040833,openb-pod-7897
synthetic_04622,preprocessing,preprocessing,1,1,,3.152,5.46875,1,0.25,0.25,0.25,0.00025,52,62,15,0.054444,openb-pod-0953
synthetic_04623,fine_tuning,fine_tuning,1,1,T4,11.4,47.0,1,0.25,0.07,0.07,7e-05,47,57,15,0.175556,openb-pod-4499
synthetic_04624,fine_tuning,fine_tuning,8,8,G2,120.0,720.0,1,0.25,2.8,2.8,0.0028,40,50,15,0.0325,openb-pod-1639
synthetic_04625,fine_tuning,fine_tuning,1,1,G2,11.3,48.0,1,0.25,0.35,0.35,0.00035,87,94,15,0.026944,openb-pod-7887
synthetic_04626,preprocessing,preprocessing,1,1,,3.152,5.46875,1,0.25,0.07,0.07,7e-05,86,95,15,0.066667,openb-pod-2318
synthetic_04627,preprocessing,preprocessing,1,1,,3.152,5.46875,1,0.25,0.35,0.35,0.00035,0,12,15,0.0325,openb-pod-0314
synthetic_04628,preprocessing,preprocessing,1,1,,6.0,6.0,2,0.5,0.25,0.25,0.00025,50,63,15,0.283056,openb-pod-0293
synthetic_04629,preprocessing,preprocessing,1,1,,3.152,5.46875,1,0.25,0.07,0.07,7e-05,2,13,15,0.045833,openb-pod-1778
synthetic_04630,fine_tuning,fine_tuning,1,1,T4,3.152,5.46875,1,0.25,0.07,0.07,7e-05,80,85,15,0.045833,openb-pod-1598
synthetic_04631,fine_tuning,fine_tuning,1,1,T4,18.708,63.0,1,0.25,0.07,0.07,7e-05,11,20,15,0.088056,openb-pod-2844
synthetic_04632,fine_tuning,fine_tuning,1,1,P100,11.908,46.0,1,0.25,0.25,0.25,0.00025,67,75,15,0.014167,openb-pod-6269
synthetic_04633,fine_tuning,fine_tuning,1,1,T4,4.152,10.3515625,6,1.5,0.07,0.07,7e-05,4,15,15,1.285278,openb-pod-0095
synthetic_04634,preprocessing,preprocessing,1,1,,15.7,57.0,1,0.25,0.25,0.25,0.00025,23,37,15,0.190556,openb-pod-2733
synthetic_04635,fine_tuning,fine_tuning,1,1,G3,11.3,48.0,1,0.25,0.35,0.35,0.00035,14,23,15,0.090833,openb-pod-4640
synthetic_04636,fine_tuning,fine_tuning,1,1,G2,11.3,48.0,1,0.25,0.35,0.35,0.00035,26,32,15,0.114722,openb-pod-4922
synthetic_04637,preprocessing,preprocessing,1,1,,8.0,29.8017578125,1,0.25,0.25,0.25,0.00025,17,23,15,0.039722,openb-pod-6007
synthetic_04638,fine_tuning,fine_tuning,1,1,G2,4.0,24.0,5,1.25,0.35,0.35,0.00035,71,78,15,1.133056,openb-pod-4768
synthetic_04639,preprocessing,preprocessing,1,1,,4.0,14.900390625,3,0.75,0.25,0.25,0.00025,11,20,15,0.562778,openb-pod-6573
synthetic_04640,preprocessing,preprocessing,1,1,,4.0,14.900390625,5,1.25,0.35,0.35,0.00035,18,28,15,1.003889,openb-pod-0109
synthetic_04641,preprocessing,preprocessing,8,8,,64.2,257.0,1,0.25,2.8,2.8,0.0028,0,8,15,0.205278,openb-pod-2580
synthetic_04642,preprocessing,preprocessing,1,1,,12.0,24.0,1,0.25,0.07,0.07,7e-05,32,40,15,0.184444,openb-pod-5598
synthetic_04643,fine_tuning,fine_tuning,1,1,T4,14.2,57.0,1,0.25,0.07,0.07,7e-05,26,32,15,0.0175,openb-pod-5261
synthetic_04644,preprocessing,preprocessing,1,1,,12.0,24.0,10,2.5,0.35,0.35,0.00035,48,58,15,2.4825,openb-pod-3907
synthetic_04645,preprocessing,preprocessing,1,1,,4.152,10.3515625,1,0.25,0.25,0.25,0.00025,30,39,15,0.007222,openb-pod-1253
synthetic_04646,preprocessing,preprocessing,1,1,,11.3,48.0,2,0.5,0.25,0.25,0.00025,80,84,15,0.368611,openb-pod-4908
synthetic_04647,preprocessing,preprocessing,1,1,,11.4,47.0,1,0.25,0.25,0.25,0.00025,70,79,15,0.247222,openb-pod-0688
synthetic_04648,preprocessing,preprocessing,1,1,,18.708,63.0,1,0.25,0.25,0.25,0.00025,4,16,15,0.158333,openb-pod-3038
synthetic_04649,fine_tuning,fine_tuning,1,1,G2,16.0,32.0,2,0.5,0.35,0.35,0.00035,5,16,15,0.396667,openb-pod-6337
synthetic_04650,training,training,1,1,V100M16|V100M32,15.7,57.0,3,0.75,0.25,0.25,0.00025,0,13,15,0.583611,openb-pod-2802
synthetic_04651,preprocessing,preprocessing,1,1,,11.3,48.0,2,0.5,0.25,0.25,0.00025,24,39,15,0.328333,openb-pod-5903
synthetic_04652,fine_tuning,fine_tuning,1,1,P100,8.0,29.8017578125,1,0.25,0.25,0.25,0.00025,68,77,15,0.009722,openb-pod-6170
synthetic_04653,preprocessing,preprocessing,1,1,,11.3,48.0,1,0.25,0.25,0.25,0.00025,0,7,15,0.067222,openb-pod-7727
synthetic_04654,preprocessing,preprocessing,1,1,,8.0,32.0,2,0.5,0.07,0.07,7e-05,60,76,15,0.367222,openb-pod-2233
synthetic_04655,preprocessing,preprocessing,1,1,,11.3,48.0,1,0.25,0.25,0.25,0.00025,28,37,15,0.086389,openb-pod-5130
synthetic_04656,preprocessing,preprocessing,1,1,,11.3,48.0,1,0.25,0.25,0.25,0.00025,53,61,15,0.124167,openb-pod-7566
synthetic_04657,preprocessing,preprocessing,1,1,,3.152,5.46875,1,0.25,0.25,0.25,0.00025,72,77,15,0.039167,openb-pod-1234
synthetic_04658,training,training,1,1,V100M16|V100M32,11.4,76.0,8,2.0,0.25,0.25,0.00025,66,75,15,1.923889,openb-pod-6668
synthetic_04659,preprocessing,preprocessing,1,1,,3.152,5.46875,1,0.25,0.35,0.35,0.00035,51,63,15,0.224722,openb-pod-4811
synthetic_04660,fine_tuning,fine_tuning,1,1,P100,3.152,5.46875,1,0.25,0.25,0.25,0.00025,59,69,15,0.059167,openb-pod-3154
synthetic_04661,fine_tuning,fine_tuning,1,1,T4,3.152,5.46875,1,0.25,0.07,0.07,7e-05,49,57,15,0.109444,openb-pod-0981
synthetic_04662,preprocessing,preprocessing,1,1,,11.3,48.0,2,0.5,0.07,0.07,7e-05,84,91,15,0.2975,openb-pod-6746
synthetic_04663,training,training,1,1,V100M16|V100M32,11.3,48.0,1,0.25,0.25,0.25,0.00025,66,79,15,0.220278,openb-pod-4673
synthetic_04664,fine_tuning,fine_tuning,1,1,T4,11.3,48.0,1,0.25,0.07,0.07,7e-05,41,52,15,0.012778,openb-pod-5285
synthetic_04665,preprocessing,preprocessing,1,1,,4.152,10.3515625,1,0.25,0.25,0.25,0.00025,83,93,15,0.0075,openb-pod-1223
synthetic_04666,preprocessing,preprocessing,1,1,,16.4,123.0,1,0.25,0.25,0.25,0.00025,9,22,15,0.241111,openb-pod-6862
synthetic_04667,fine_tuning,fine_tuning,1,1,T4,4.0,29.8017578125,1,0.25,0.07,0.07,7e-05,70,75,15,0.015278,openb-pod-0638
synthetic_04668,fine_tuning,fine_tuning,1,1,T4,4.152,10.3515625,1,0.25,0.07,0.07,7e-05,26,38,15,0.007222,openb-pod-2270
synthetic_04669,training,training,1,1,V100M16|V100M32,11.4,47.0,2,0.5,0.25,0.25,0.00025,44,59,15,0.368611,openb-pod-2592
synthetic_04670,fine_tuning,fine_tuning,1,1,P100,11.908,46.0,1,0.25,0.25,0.25,0.00025,4,15,15,0.012222,openb-pod-5063
synthetic_04671,preprocessing,preprocessing,1,1,,18.708,63.0,1,0.25,0.35,0.35,0.00035,18,27,15,0.068056,openb-pod-6543
synthetic_04672,preprocessing,preprocessing,1,1,,4.0,14.900390625,3,0.75,0.07,0.07,7e-05,20,31,15,0.640278,openb-pod-2885
synthetic_04673,fine_tuning,fine_tuning,1,1,T4,4.0,29.8017578125,1,0.25,0.07,0.07,7e-05,53,62,15,0.027222,openb-pod-0620
synthetic_04674,preprocessing,preprocessing,1,1,,11.908,46.0,1,0.25,0.35,0.35,0.00035,56,63,15,0.159722,openb-pod-1210
synthetic_04675,preprocessing,preprocessing,1,1,,3.152,5.46875,1,0.25,0.35,0.35,0.00035,39,49,15,0.051389,openb-pod-0204
synthetic_04676,fine_tuning,fine_tuning,1,1,T4,11.3,48.0,1,0.25,0.07,0.07,7e-05,33,39,15,0.015278,openb-pod-6221
synthetic_04677,preprocessing,preprocessing,1,1,,3.152,5.46875,1,0.25,0.25,0.25,0.00025,37,50,15,0.040278,openb-pod-1401
synthetic_04678,preprocessing,preprocessing,1,1,,18.708,63.0,3,0.75,0.07,0.07,7e-05,51,67,15,0.584167,openb-pod-1361
synthetic_04679,preprocessing,preprocessing,1,1,,8.0,29.8017578125,6,1.5,0.35,0.35,0.00035,41,47,15,1.414167,openb-pod-5493
synthetic_04680,preprocessing,preprocessing,1,1,,3.152,5.46875,1,0.25,0.35,0.35,0.00035,83,95,15,0.072778,openb-pod-3205
synthetic_04681,fine_tuning,fine_tuning,1,1,T4,11.4,47.0,1,0.25,0.07,0.07,7e-05,11,20,15,0.188889,openb-pod-3056
synthetic_04682,fine_tuning,fine_tuning,1,1,T4,11.4,47.0,11,2.75,0.07,0.07,7e-05,53,68,15,2.728889,openb-pod-4152
synthetic_04683,preprocessing,preprocessing,1,1,,3.152,5.46875,1,0.25,0.25,0.25,0.00025,77,86,15,0.039722,openb-pod-0131
synthetic_04684,fine_tuning,fine_tuning,1,1,G2,11.3,48.0,1,0.25,0.35,0.35,0.00035,29,38,15,0.084444,openb-pod-7794
synthetic_04685,preprocessing,preprocessing,1,1,,4.0,22.3515625,1,0.25,0.25,0.25,0.00025,84,92,15,0.025278,openb-pod-1597
synthetic_04686,preprocessing,preprocessing,1,1,,3.152,5.46875,1,0.25,0.25,0.25,0.00025,80,94,15,0.0075,openb-pod-1117
synthetic_04687,preprocessing,preprocessing,1,1,G2|P100|T4|V100M16|V100M32,11.4,47.0,2,0.5,0.25,0.25,0.00025,35,46,15,0.433889,openb-pod-3679
synthetic_04688,preprocessing,preprocessing,1,1,,11.3,48.0,7,1.75,0.35,0.35,0.00035,45,58,15,1.647778,openb-pod-7776
synthetic_04689,preprocessing,preprocessing,1,1,,11.3,48.0,3,0.75,0.35,0.35,0.00035,80,87,15,0.658056,openb-pod-5315
synthetic_04690,fine_tuning,fine_tuning,1,1,T4,11.3,48.0,3,0.75,0.07,0.07,7e-05,33,40,15,0.626667,openb-pod-6254
synthetic_04691,preprocessing,preprocessing,1,1,,3.152,5.46875,1,0.25,0.35,0.35,0.00035,21,36,15,0.045278,openb-pod-1380
synthetic_04692,preprocessing,preprocessing,1,1,,3.152,5.46875,1,0.25,0.25,0.25,0.00025,64,75,15,0.020833,openb-pod-1757
synthetic_04693,preprocessing,preprocessing,1,1,,16.0,32.0,2,0.5,0.25,0.25,0.00025,68,75,15,0.326111,openb-pod-0283
synthetic_04694,preprocessing,preprocessing,1,1,,11.908,46.0,1,0.25,0.35,0.35,0.00035,42,50,15,0.136667,openb-pod-8056
synthetic_04695,preprocessing,preprocessing,1,1,,3.152,5.46875,1,0.25,0.25,0.25,0.00025,19,28,15,0.053889,openb-pod-3119
synthetic_04696,fine_tuning,fine_tuning,1,1,T4,4.152,10.3515625,1,0.25,0.07,0.07,7e-05,70,85,15,0.220278,openb-pod-2379
synthetic_04697,fine_tuning,fine_tuning,1,1,G2,11.4,47.0,2,0.5,0.35,0.35,0.00035,58,71,15,0.36,openb-pod-3561
synthetic_04698,preprocessing,preprocessing,1,1,,11.908,46.0,11,2.75,0.35,0.35,0.00035,54,58,15,2.685833,openb-pod-8053
synthetic_04699,preprocessing,preprocessing,1,1,,11.908,46.0,2,0.5,0.25,0.25,0.00025,15,19,15,0.378333,openb-pod-2550
synthetic_04700,preprocessing,preprocessing,1,1,,3.152,5.46875,1,0.25,0.25,0.25,0.00025,0,13,15,0.005556,openb-pod-4828
synthetic_04701,preprocessing,preprocessing,1,1,,11.908,46.0,1,0.25,0.25,0.25,0.00025,24,37,15,0.098056,openb-pod-7399
synthetic_04702,preprocessing,preprocessing,1,1,,11.3,48.0,1,0.25,0.35,0.35,0.00035,40,52,15,0.086944,openb-pod-7846
synthetic_04703,fine_tuning,fine_tuning,1,1,G2,11.3,48.0,1,0.25,0.35,0.35,0.00035,47,58,15,0.180833,openb-pod-5557
synthetic_04704,preprocessing,preprocessing,1,1,P100|V100M16|V100M32,11.3,48.0,1,0.25,0.25,0.25,0.00025,34,45,15,0.0175,openb-pod-7795
synthetic_04705,preprocessing,preprocessing,1,1,,3.152,5.46875,1,0.25,0.25,0.25,0.00025,68,79,15,0.04,openb-pod-1302
synthetic_04706,fine_tuning,fine_tuning,1,1,T4,8.0,29.8017578125,15,3.75,0.07,0.07,7e-05,22,31,15,3.667778,openb-pod-4084
synthetic_04707,preprocessing,preprocessing,1,1,,4.0,30.517578125,4,1.0,0.35,0.35,0.00035,65,74,15,0.865833,openb-pod-1550
synthetic_04708,preprocessing,preprocessing,1,1,,11.3,48.0,1,0.25,0.25,0.25,0.00025,33,39,15,0.018333,openb-pod-7740
synthetic_04709,preprocessing,preprocessing,1,1,,6.0,29.8017578125,3,0.75,0.35,0.35,0.00035,72,86,15,0.508056,openb-pod-3412
synthetic_04710,preprocessing,preprocessing,1,1,,11.4,47.0,1,0.25,0.25,0.25,0.00025,78,93,15,0.009444,openb-pod-2427
synthetic_04711,preprocessing,preprocessing,1,1,,16.4,123.0,2,0.5,0.25,0.25,0.00025,0,7,15,0.430278,openb-pod-4718
synthetic_04712,preprocessing,preprocessing,1,1,,11.9,76.0,4,1.0,0.35,0.35,0.00035,25,40,15,0.897222,openb-pod-2822
synthetic_04713,preprocessing,preprocessing,1,1,,3.152,5.46875,1,0.25,0.25,0.25,0.00025,14,23,15,0.039722,openb-pod-1023
synthetic_04714,fine_tuning,fine_tuning,1,1,P100,3.152,5.46875,1,0.25,0.25,0.25,0.00025,51,62,15,0.039722,openb-pod-6921
synthetic_04715,preprocessing,preprocessing,1,1,,11.3,48.0,1,0.25,0.25,0.25,0.00025,0,6,15,0.013611,openb-pod-6191
synthetic_04716,preprocessing,preprocessing,1,1,,8.0,29.8017578125,1,0.25,0.35,0.35,0.00035,27,31,15,0.03,openb-pod-2894
synthetic_04717,preprocessing,preprocessing,1,1,,11.4,47.0,2,0.5,0.35,0.35,0.00035,9,19,15,0.496667,openb-pod-1746
synthetic_04718,fine_tuning,fine_tuning,1,1,V100M16,11.3,48.0,1,0.25,0.25,0.25,0.00025,25,34,15,0.035278,openb-pod-5896
synthetic_04719,preprocessing,preprocessing,1,1,,15.7,57.0,1,0.25,0.25,0.25,0.00025,1,11,15,0.016667,openb-pod-2998
synthetic_04720,fine_tuning,fine_tuning,1,1,T4,3.152,5.46875,1,0.25,0.07,0.07,7e-05,76,92,15,0.038056,openb-pod-1256
synthetic_04721,preprocessing,preprocessing,1,1,,6.0,18.0,2,0.5,0.25,0.25,0.00025,28,38,15,0.47,openb-pod-8149
synthetic_04722,preprocessing,preprocessing,1,1,,3.152,5.46875,1,0.25,0.35,0.35,0.00035,9,20,15,0.208611,openb-pod-3714
synthetic_04723,preprocessing,preprocessing,1,1,,9.81,40.5859375,1,0.25,0.25,0.25,0.00025,44,56,15,0.016111,openb-pod-1022
synthetic_04724,fine_tuning,fine_tuning,1,1,G2,24.2,91.0,1,0.25,0.35,0.35,0.00035,36,47,15,0.128611,openb-pod-1257
synthetic_04725,preprocessing,preprocessing,1,1,,8.0,29.8017578125,1,0.25,0.25,0.25,0.00025,79,92,15,0.0475,openb-pod-1873
synthetic_04726,fine_tuning,fine_tuning,1,1,G2,11.3,48.0,3,0.75,0.35,0.35,0.00035,41,51,15,0.530556,openb-pod-5435
synthetic_04727,preprocessing,preprocessing,1,1,,3.152,5.46875,1,0.25,0.35,0.35,0.00035,45,55,15,0.0375,openb-pod-7444
synthetic_04728,preprocessing,preprocessing,1,1,,12.0,16.0,1,0.25,0.25,0.25,0.00025,70,78,15,0.2475,openb-pod-0532
synthetic_04729,fine_tuning,fine_tuning,1,1,T4,3.152,5.46875,1,0.25,0.07,0.07,7e-05,34,45,15,0.022778,openb-pod-1692
synthetic_04730,preprocessing,preprocessing,1,1,,11.3,48.0,1,0.25,0.25,0.25,0.00025,74,89,15,0.0175,openb-pod-7577
synthetic_04731,preprocessing,preprocessing,1,1,,11.4,47.0,2,0.5,0.35,0.35,0.00035,0,7,15,0.413889,openb-pod-1481
synthetic_04732,preprocessing,preprocessing,1,1,,9.81,40.5859375,1,0.25,0.07,0.07,7e-05,29,39,15,0.209722,openb-pod-3162
synthetic_04733,preprocessing,preprocessing,1,1,P100|V100M16|V100M32,11.4,47.0,4,1.0,0.25,0.25,0.00025,65,73,15,0.823333,openb-pod-2927
synthetic_04734,preprocessing,preprocessing,1,1,,3.152,5.46875,2,0.5,0.35,0.35,0.00035,5,13,15,0.313056,openb-pod-3292
synthetic_04735,preprocessing,preprocessing,1,1,,3.152,5.46875,1,0.25,0.25,0.25,0.00025,63,74,15,0.032222,openb-pod-3393
synthetic_04736,fine_tuning,fine_tuning,1,1,T4,11.908,46.0,1,0.25,0.07,0.07,7e-05,16,29,15,0.013611,openb-pod-6431
synthetic_04737,preprocessing,preprocessing,1,1,,11.908,46.0,1,0.25,0.35,0.35,0.00035,4,14,15,0.006944,openb-pod-4612
synthetic_04738,fine_tuning,fine_tuning,1,1,G2,6.0,32.0,1,0.25,0.35,0.35,0.00035,35,43,15,0.183333,openb-pod-4633
synthetic_04739,fine_tuning,fine_tuning,1,1,T4,11.3,48.0,1,0.25,0.07,0.07,7e-05,20,30,15,0.236389,openb-pod-6477
synthetic_04740,preprocessing,preprocessing,1,1,,4.152,10.3515625,1,0.25,0.07,0.07,7e-05,0,5,15,0.015,openb-pod-1792
synthetic_04741,preprocessing,preprocessing,1,1,,3.152,5.46875,1,0.25,0.25,0.25,0.00025,82,95,15,0.055,openb-pod-1378
synthetic_04742,preprocessing,preprocessing,1,1,,4.0,22.3515625,9,2.25,0.25,0.25,0.00025,44,57,15,2.0675,openb-pod-1192
synthetic_04743,preprocessing,preprocessing,1,1,,6.0,6.0,1,0.25,0.35,0.35,0.00035,17,28,15,0.216667,openb-pod-0361
synthetic_04744,preprocessing,preprocessing,1,1,,8.0,16.0,7,1.75,0.35,0.35,0.00035,40,51,15,1.632778,openb-pod-4991
synthetic_04745,preprocessing,preprocessing,1,1,,11.4,47.0,2,0.5,0.25,0.25,0.00025,65,75,15,0.451667,openb-pod-0845
synthetic_04746,preprocessing,preprocessing,1,1,,15.7,57.0,3,0.75,0.25,0.25,0.00025,17,27,15,0.569444,openb-pod-1308
synthetic_04747,fine_tuning,fine_tuning,1,1,T4,4.152,10.3515625,1,0.25,0.07,0.07,7e-05,0,12,15,0.245,openb-pod-2266
synthetic_04748,fine_tuning,fine_tuning,1,1,T4,11.908,46.0,2,0.5,0.07,0.07,7e-05,74,88,15,0.433611,openb-pod-2354
synthetic_04749,preprocessing,preprocessing,1,1,,11.908,46.0,1,0.25,0.35,0.35,0.00035,64,75,15,0.195833,openb-pod-4250
synthetic_04750,preprocessing,preprocessing,1,1,,11.908,46.0,2,0.5,0.07,0.07,7e-05,16,23,15,0.314167,openb-pod-8052
synthetic_04751,preprocessing,preprocessing,1,1,,18.708,63.0,13,3.25,0.35,0.35,0.00035,12,19,15,3.053889,openb-pod-7145
synthetic_04752,preprocessing,preprocessing,1,1,,11.908,46.0,3,0.75,0.25,0.25,0.00025,60,72,15,0.647222,openb-pod-7535
synthetic_04753,preprocessing,preprocessing,1,1,,11.4,47.0,1,0.25,0.25,0.25,0.00025,75,88,15,0.207222,openb-pod-1391
synthetic_04754,fine_tuning,fine_tuning,1,1,V100M32,11.4,47.0,2,0.5,0.25,0.25,0.00025,36,45,15,0.381389,openb-pod-3460
synthetic_04755,preprocessing,preprocessing,1,1,,3.152,5.46875,1,0.25,0.25,0.25,0.00025,0,8,15,0.204722,openb-pod-6806
synthetic_04756,preprocessing,preprocessing,1,1,,3.152,5.46875,1,0.25,0.35,0.35,0.00035,19,29,15,0.040278,openb-pod-0834
synthetic_04757,preprocessing,preprocessing,1,1,,3.152,5.46875,1,0.25,0.07,0.07,7e-05,83,91,15,0.056389,openb-pod-3329
synthetic_04758,preprocessing,preprocessing,1,1,,6.0,18.0,2,0.5,0.35,0.35,0.00035,5,15,15,0.482222,openb-pod-3645
synthetic_04759,preprocessing,preprocessing,1,1,,15.7,57.0,3,0.75,0.25,0.25,0.00025,68,74,15,0.589722,openb-pod-2872
synthetic_04760,preprocessing,preprocessing,1,1,,15.7,57.0,1,0.25,0.25,0.25,0.00025,0,7,15,0.021389,openb-pod-2994
synthetic_04761,preprocessing,preprocessing,1,1,,11.908,46.0,2,0.5,0.25,0.25,0.00025,2,14,15,0.345833,openb-pod-7110
synthetic_04762,fine_tuning,fine_tuning,1,1,T4,12.0,15.0,1,0.25,0.07,0.07,7e-05,17,27,15,0.034167,openb-pod-2496
synthetic_04763,preprocessing,preprocessing,1,1,,16.0,32.0,12,3.0,0.07,0.07,7e-05,13,21,15,2.772778,openb-pod-0030
synthetic_04764,training,training,1,1,V100M16|V100M32,11.4,76.0,2,0.5,0.25,0.25,0.00025,71,80,15,0.421667,openb-pod-7048
synthetic_04765,preprocessing,preprocessing,1,1,,8.0,29.8017578125,1,0.25,0.07,0.07,7e-05,46,55,15,0.02,openb-pod-4632
synthetic_04766,preprocessing,preprocessing,1,1,,18.708,63.0,1,0.25,0.35,0.35,0.00035,16,29,15,0.149722,openb-pod-1303
synthetic_04767,preprocessing,preprocessing,1,1,,6.0,6.0,1,0.25,0.25,0.25,0.00025,89,95,15,0.225278,openb-pod-2187
synthetic_04768,fine_tuning,fine_tuning,1,1,T4,12.0,16.0,1,0.25,0.07,0.07,7e-05,60,75,15,0.15,openb-pod-6101
synthetic_04769,preprocessing,preprocessing,1,1,,12.0,32.0,2,0.5,0.25,0.25,0.00025,89,94,15,0.340556,openb-pod-3602
synthetic_04770,preprocessing,preprocessing,1,1,,11.3,48.0,3,0.75,0.07,0.07,7e-05,39,51,15,0.656667,openb-pod-6472
synthetic_04771,fine_tuning,fine_tuning,1,1,T4,4.152,10.3515625,2,0.5,0.07,0.07,7e-05,40,45,15,0.324444,openb-pod-2159
synthetic_04772,preprocessing,preprocessing,1,1,,11.3,48.0,1,0.25,0.07,0.07,7e-05,50,61,15,0.061389,openb-pod-7614
synthetic_04773,preprocessing,preprocessing,1,1,P100|V100M16|V100M32,16.0,32.0,1,0.25,0.25,0.25,0.00025,86,95,15,0.249167,openb-pod-4301
synthetic_04774,preprocessing,preprocessing,1,1,,3.152,5.46875,1,0.25,0.25,0.25,0.00025,75,84,15,0.0475,openb-pod-0575
synthetic_04775,preprocessing,preprocessing,1,1,,11.4,76.0,2,0.5,0.25,0.25,0.00025,22,28,15,0.371944,openb-pod-5756
synthetic_04776,preprocessing,preprocessing,1,1,,11.3,48.0,1,0.25,0.25,0.25,0.00025,62,75,15,0.248333,openb-pod-7747
synthetic_04777,preprocessing,preprocessing,1,1,,3.152,5.46875,2,0.5,0.07,0.07,7e-05,0,12,15,0.315278,openb-pod-3274
synthetic_04778,preprocessing,preprocessing,1,1,,9.81,40.5859375,3,0.75,0.35,0.35,0.00035,83,93,15,0.688611,openb-pod-4237
synthetic_04779,fine_tuning,fine_tuning,1,1,T4,4.0,14.900390625,7,1.75,0.07,0.07,7e-05,28,36,15,1.703056,openb-pod-6328
synthetic_04780,preprocessing,preprocessing,1,1,,11.3,48.0,1,0.25,0.25,0.25,0.00025,64,72,15,0.223611,openb-pod-5874
synthetic_04781,preprocessing,preprocessing,1,1,,12.0,15.0,4,1.0,0.25,0.25,0.00025,33,37,15,0.917222,openb-pod-3258
synthetic_04782,preprocessing,preprocessing,1,1,,9.81,40.5859375,2,0.5,0.25,0.25,0.00025,79,85,15,0.411944,openb-pod-0526
synthetic_04783,preprocessing,preprocessing,1,1,,15.7,57.0,3,0.75,0.25,0.25,0.00025,74,81,15,0.546944,openb-pod-2911
synthetic_04784,fine_tuning,fine_tuning,1,1,V100M32,18.708,63.0,1,0.25,0.25,0.25,0.00025,40,49,15,0.080556,openb-pod-0418
synthetic_04785,preprocessing,preprocessing,1,1,,4.0,14.900390625,7,1.75,0.07,0.07,7e-05,26,38,15,1.515556,openb-pod-1645
synthetic_04786,fine_tuning,fine_tuning,1,1,T4,4.0,14.900390625,2,0.5,0.07,0.07,7e-05,5,10,15,0.478611,openb-pod-4094
synthetic_04787,preprocessing,preprocessing,1,1,,15.4,88.0,1,0.25,0.07,0.07,7e-05,20,34,15,0.066944,openb-pod-5647
synthetic_04788,preprocessing,preprocessing,1,1,P100|V100M16|V100M32,8.0,16.0,1,0.25,0.25,0.25,0.00025,82,95,15,0.165,openb-pod-6341
synthetic_04789,fine_tuning,fine_tuning,1,1,T4,11.4,47.0,1,0.25,0.07,0.07,7e-05,58,67,15,0.022222,openb-pod-4581
synthetic_04790,preprocessing,preprocessing,1,1,,3.152,5.46875,1,0.25,0.25,0.25,0.00025,29,38,15,0.072222,openb-pod-7878
synthetic_04791,preprocessing,preprocessing,1,1,,3.152,5.46875,1,0.25,0.25,0.25,0.00025,64,71,15,0.030556,openb-pod-7053
synthetic_04792,preprocessing,preprocessing,1,1,,11.908,46.0,1,0.25,0.25,0.25,0.00025,74,81,15,0.014167,openb-pod-3365
synthetic_04793,fine_tuning,fine_tuning,1,1,T4,6.0,12.0,1,0.25,0.07,0.07,7e-05,15,20,15,0.166389,openb-pod-2713
synthetic_04794,preprocessing,preprocessing,1,1,,3.152,5.46875,1,0.25,0.25,0.25,0.00025,73,85,15,0.055833,openb-pod-3159
synthetic_04795,fine_tuning,fine_tuning,1,1,T4,11.908,46.0,8,2.0,0.07,0.07,7e-05,70,81,15,1.909722,openb-pod-4580
synthetic_04796,preprocessing,preprocessing,1,1,,11.908,46.0,1,0.25,0.35,0.35,0.00035,35,41,15,0.072778,openb-pod-1123
synthetic_04797,preprocessing,preprocessing,1,1,,11.908,46.0,14,3.5,0.35,0.35,0.00035,24,35,15,3.3075,openb-pod-0414
synthetic_04798,fine_tuning,fine_tuning,1,1,T4,15.7,57.0,2,0.5,0.07,0.07,7e-05,0,6,15,0.454722,openb-pod-3894
synthetic_04799,preprocessing,preprocessing,1,1,,11.3,48.0,1,0.25,0.25,0.25,0.00025,34,44,15,0.085278,openb-pod-5106
synthetic_04800,preprocessing,preprocessing,1,1,,3.152,5.46875,1,0.25,0.25,0.25,0.00025,57,71,15,0.019444,openb-pod-7344
synthetic_04801,preprocessing,preprocessing,1,1,,11.3,48.0,1,0.25,0.25,0.25,0.00025,73,81,15,0.014167,openb-pod-7792
synthetic_04802,preprocessing,preprocessing,1,1,,3.152,5.46875,1,0.25,0.25,0.25,0.00025,42,52,15,0.040556,openb-pod-1488
synthetic_04803,preprocessing,preprocessing,1,1,,3.152,5.46875,1,0.25,0.35,0.35,0.00035,81,87,15,0.045556,openb-pod-1533
synthetic_04804,preprocessing,preprocessing,1,1,,15.7,57.0,1,0.25,0.07,0.07,7e-05,16,25,15,0.167222,openb-pod-2046
synthetic_04805,preprocessing,preprocessing,1,1,P100|T4|V100M16|V100M32,9.81,40.5859375,2,0.5,0.25,0.25,0.00025,76,86,15,0.475278,openb-pod-3473
synthetic_04806,preprocessing,preprocessing,1,1,,3.152,5.46875,1,0.25,0.25,0.25,0.00025,0,15,15,0.09,openb-pod-3407
synthetic_04807,preprocessing,preprocessing,1,1,,3.152,5.46875,1,0.25,0.35,0.35,0.00035,60,66,15,0.060833,openb-pod-3246
synthetic_04808,preprocessing,preprocessing,1,1,,8.0,29.8017578125,2,0.5,0.25,0.25,0.00025,52,61,15,0.421389,openb-pod-0783
synthetic_04809,fine_tuning,fine_tuning,1,1,T4,12.0,23.0,3,0.75,0.07,0.07,7e-05,73,82,15,0.539167,openb-pod-6445
synthetic_04810,preprocessing,preprocessing,1,1,,3.152,5.46875,1,0.25,0.25,0.25,0.00025,1,15,15,0.016667,openb-pod-6749
synthetic_04811,preprocessing,preprocessing,1,1,,3.152,5.46875,1,0.25,0.25,0.25,0.00025,26,41,15,0.05,openb-pod-3261
synthetic_04812,fine_tuning,fine_tuning,1,1,P100,3.152,5.46875,1,0.25,0.25,0.25,0.00025,68,80,15,0.070556,openb-pod-3167
synthetic_04813,preprocessing,preprocessing,1,1,,3.152,5.46875,1,0.25,0.25,0.25,0.00025,85,95,15,0.040278,openb-pod-1575
synthetic_04814,fine_tuning,fine_tuning,1,1,T4,4.0,14.900390625,2,0.5,0.07,0.07,7e-05,20,26,15,0.254167,openb-pod-3630
synthetic_04815,preprocessing,preprocessing,1,1,,3.152,5.46875,2,0.5,0.07,0.07,7e-05,18,30,15,0.258333,openb-pod-4285
synthetic_04816,preprocessing,preprocessing,1,1,,11.9,76.0,3,0.75,0.35,0.35,0.00035,89,93,15,0.74,openb-pod-2781
synthetic_04817,preprocessing,preprocessing,1,1,,6.0,12.0,2,0.5,0.07,0.07,7e-05,38,45,15,0.3,openb-pod-6272
synthetic_04818,preprocessing,preprocessing,1,1,,11.908,46.0,1,0.25,0.35,0.35,0.00035,57,67,15,0.01,openb-pod-0208
synthetic_04819,preprocessing,preprocessing,1,1,,3.152,5.46875,6,1.5,0.35,0.35,0.00035,4,12,15,1.275278,openb-pod-4936
synthetic_04820,preprocessing,preprocessing,1,1,,2.0,16.0,1,0.25,0.35,0.35,0.00035,83,95,15,0.199444,openb-pod-5783
synthetic_04821,fine_tuning,fine_tuning,1,1,T4,3.152,5.46875,1,0.25,0.07,0.07,7e-05,87,95,15,0.227222,openb-pod-0373
synthetic_04822,preprocessing,preprocessing,1,1,,9.81,40.5859375,4,1.0,0.25,0.25,0.00025,4,13,15,0.751111,openb-pod-2185
synthetic_04823,preprocessing,preprocessing,1,1,,8.0,29.8017578125,1,0.25,0.25,0.25,0.00025,0,8,15,0.042778,openb-pod-4872
synthetic_04824,preprocessing,preprocessing,1,1,,9.81,40.5859375,14,3.5,0.25,0.25,0.00025,53,61,15,3.291111,openb-pod-3824
synthetic_04825,preprocessing,preprocessing,1,1,,15.7,57.0,3,0.75,0.35,0.35,0.00035,0,3,15,0.569444,openb-pod-1308
synthetic_04826,fine_tuning,fine_tuning,1,1,T4,11.9,76.0,1,0.25,0.07,0.07,7e-05,15,30,15,0.117222,openb-pod-2451
synthetic_04827,preprocessing,preprocessing,1,1,,11.908,46.0,1,0.25,0.07,0.07,7e-05,0,2,15,0.0325,openb-pod-3651
synthetic_04828,fine_tuning,fine_tuning,1,1,G2,8.0,16.0,6,1.5,0.35,0.35,0.00035,44,55,15,1.349722,openb-pod-0316
synthetic_04829,preprocessing,preprocessing,1,1,,18.708,63.0,1,0.25,0.35,0.35,0.00035,42,51,15,0.105833,openb-pod-5035
synthetic_04830,preprocessing,preprocessing,8,8,,64.2,257.0,1,0.25,2.0,2.0,0.002,10,20,15,0.144722,openb-pod-2317
synthetic_04831,fine_tuning,fine_tuning,1,1,T4,11.908,46.0,1,0.25,0.07,0.07,7e-05,66,74,15,0.240556,openb-pod-7351
synthetic_04832,training,training,1,1,V100M16|V100M32,11.4,47.0,1,0.25,0.25,0.25,0.00025,66,78,15,0.209444,openb-pod-3493
synthetic_04833,preprocessing,preprocessing,1,1,,4.0,30.517578125,4,1.0,0.25,0.25,0.00025,43,54,15,0.985556,openb-pod-3974
synthetic_04834,preprocessing,preprocessing,1,1,,4.152,10.3515625,1,0.25,0.07,0.07,7e-05,58,69,15,0.218611,openb-pod-2036
synthetic_04835,preprocessing,preprocessing,1,1,,3.152,5.46875,1,0.25,0.35,0.35,0.00035,85,95,15,0.059722,openb-pod-0857
synthetic_04836,training,training,1,1,V100M16|V100M32,18.708,63.0,1,0.25,0.25,0.25,0.00025,8,21,15,0.150278,openb-pod-2596
synthetic_04837,preprocessing,preprocessing,1,1,,3.152,5.46875,6,1.5,0.35,0.35,0.00035,29,35,15,1.275278,openb-pod-4936
synthetic_04838,fine_tuning,fine_tuning,1,1,T4,9.81,40.5859375,13,3.25,0.07,0.07,7e-05,4,9,15,3.086389,openb-pod-1569
synthetic_04839,fine_tuning,fine_tuning,1,1,T4,3.152,5.46875,1,0.25,0.07,0.07,7e-05,6,12,15,0.016111,openb-pod-1491
synthetic_04840,preprocessing,preprocessing,1,1,,16.0,32.0,5,1.25,0.25,0.25,0.00025,47,52,15,1.006389,openb-pod-0232
synthetic_04841,preprocessing,preprocessing,1,1,,3.152,5.46875,1,0.25,0.35,0.35,0.00035,52,61,15,0.039167,openb-pod-1360
synthetic_04842,fine_tuning,fine_tuning,1,1,T4,8.0,29.8017578125,1,0.25,0.07,0.07,7e-05,18,28,15,0.101944,openb-pod-1931
synthetic_04843,preprocessing,preprocessing,1,1,,18.708,63.0,1,0.25,0.25,0.25,0.00025,26,37,15,0.220833,openb-pod-3703
synthetic_04844,preprocessing,preprocessing,1,1,,3.152,5.46875,1,0.25,0.25,0.25,0.00025,51,64,15,0.0475,openb-pod-4862
synthetic_04845,preprocessing,preprocessing,1,1,,3.152,5.46875,1,0.25,0.25,0.25,0.00025,65,75,15,0.055,openb-pod-0191
synthetic_04846,preprocessing,preprocessing,1,1,,4.0,29.8017578125,1,0.25,0.25,0.25,0.00025,25,31,15,0.013889,openb-pod-2141
synthetic_04847,preprocessing,preprocessing,1,1,,15.2,79.0,5,1.25,0.35,0.35,0.00035,21,28,15,1.064722,openb-pod-4510
synthetic_04848,fine_tuning,fine_tuning,1,1,G2,3.152,5.46875,1,0.25,0.35,0.35,0.00035,34,43,15,0.094444,openb-pod-0822
synthetic_04849,preprocessing,preprocessing,1,1,,11.3,48.0,8,2.0,0.07,0.07,7e-05,82,86,15,1.911944,openb-pod-6996
synthetic_04850,fine_tuning,fine_tuning,1,1,T4,15.2,79.0,5,1.25,0.07,0.07,7e-05,40,54,15,1.134722,openb-pod-4403
synthetic_04851,preprocessing,preprocessing,1,1,,6.0,6.0,1,0.25,0.35,0.35,0.00035,11,20,15,0.15,openb-pod-4469
synthetic_04852,preprocessing,preprocessing,1,1,,3.152,5.46875,1,0.25,0.35,0.35,0.00035,20,36,15,0.046944,openb-pod-1868
synthetic_04853,preprocessing,preprocessing,1,1,,24.2,91.0,3,0.75,0.35,0.35,0.00035,13,21,15,0.676944,openb-pod-0624
synthetic_04854,fine_tuning,fine_tuning,1,1,G2,11.908,46.0,2,0.5,0.35,0.35,0.00035,34,44,15,0.328056,openb-pod-6048
synthetic_04855,preprocessing,preprocessing,1,1,,8.0,29.8017578125,1,0.25,0.25,0.25,0.00025,79,92,15,0.0125,openb-pod-2604
synthetic_04856,fine_tuning,fine_tuning,1,1,T4,4.0,22.3515625,13,3.25,0.07,0.07,7e-05,38,49,15,3.189444,openb-pod-5229
synthetic_04857,fine_tuning,fine_tuning,1,1,T4,16.0,32.0,1,0.25,0.07,0.07,7e-05,85,95,15,0.015,openb-pod-6694
synthetic_04858,preprocessing,preprocessing,1,1,,3.152,5.46875,1,0.25,0.25,0.25,0.00025,51,66,15,0.069167,openb-pod-6946
synthetic_04859,fine_tuning,fine_tuning,1,1,G2,11.4,47.0,5,1.25,0.35,0.35,0.00035,79,91,15,1.064722,openb-pod-3441
synthetic_04860,preprocessing,preprocessing,1,1,,11.3,48.0,2,0.5,0.25,0.25,0.00025,16,31,15,0.365556,openb-pod-5087
synthetic_04861,fine_tuning,fine_tuning,1,1,T4,11.3,48.0,1,0.25,0.07,0.07,7e-05,20,32,15,0.013611,openb-pod-4643
synthetic_04862,preprocessing,preprocessing,1,1,,8.0,29.8017578125,16,4.0,0.25,0.25,0.00025,71,80,15,3.769444,openb-pod-5787
synthetic_04863,fine_tuning,fine_tuning,1,1,T4,11.4,47.0,4,1.0,0.07,0.07,7e-05,7,19,15,0.908611,openb-pod-0740
synthetic_04864,preprocessing,preprocessing,1,1,,4.152,10.3515625,1,0.25,0.25,0.25,0.00025,31,41,15,0.010556,openb-pod-0906
synthetic_04865,preprocessing,preprocessing,1,1,,3.152,5.46875,1,0.25,0.25,0.25,0.00025,6,20,15,0.058611,openb-pod-2003
synthetic_04866,preprocessing,preprocessing,1,1,,14.9,72.0,6,1.5,0.35,0.35,0.00035,35,40,15,1.281667,openb-pod-3757
synthetic_04867,fine_tuning,fine_tuning,1,1,T4,8.0,29.8017578125,2,0.5,0.07,0.07,7e-05,77,85,15,0.365278,openb-pod-1691
synthetic_04868,preprocessing,preprocessing,1,1,,12.0,24.0,1,0.25,0.07,0.07,7e-05,46,53,15,0.165833,openb-pod-2922
synthetic_04869,fine_tuning,fine_tuning,1,1,P100,4.0,22.3515625,6,1.5,0.25,0.25,0.00025,29,35,15,1.431944,openb-pod-5003
synthetic_04870,preprocessing,preprocessing,1,1,,16.0,32.0,1,0.25,0.35,0.35,0.00035,21,33,15,0.010833,openb-pod-4153
synthetic_04871,preprocessing,preprocessing,1,1,,3.152,5.46875,2,0.5,0.25,0.25,0.00025,85,94,15,0.260556,openb-pod-4168
synthetic_04872,preprocessing,preprocessing,1,1,,16.0,32.0,3,0.75,0.07,0.07,7e-05,41,55,15,0.654167,openb-pod-2913
synthetic_04873,preprocessing,preprocessing,1,1,,9.81,40.5859375,2,0.5,0.25,0.25,0.00025,69,77,15,0.263056,openb-pod-5754
synthetic_04874,preprocessing,preprocessing,1,1,,1.0,2.0,1,0.25,0.07,0.07,7e-05,92,95,15,0.024444,openb-pod-3823
synthetic_04875,preprocessing,preprocessing,1,1,,3.152,5.46875,1,0.25,0.25,0.25,0.00025,32,40,15,0.093889,openb-pod-4808
synthetic_04876,preprocessing,preprocessing,1,1,,11.908,46.0,1,0.25,0.07,0.07,7e-05,87,95,15,0.028333,openb-pod-1489
synthetic_04877,preprocessing,preprocessing,1,1,,11.4,47.0,1,0.25,0.35,0.35,0.00035,68,82,15,0.247222,openb-pod-3206
synthetic_04878,preprocessing,preprocessing,1,1,,3.152,5.46875,7,1.75,0.25,0.25,0.00025,20,28,15,1.743889,openb-pod-0890
synthetic_04879,preprocessing,preprocessing,1,1,,9.81,40.5859375,5,1.25,0.35,0.35,0.00035,84,91,15,1.040833,openb-pod-1135
synthetic_04880,fine_tuning,fine_tuning,1,1,G2,11.4,47.0,4,1.0,0.35,0.35,0.00035,30,44,15,0.983889,openb-pod-2739
synthetic_04881,training,training,1,1,V100M16|V100M32,11.4,47.0,3,0.75,0.25,0.25,0.00025,61,75,15,0.639722,openb-pod-3088
synthetic_04882,training,training,1,1,V100M16|V100M32,11.3,48.0,2,0.5,0.25,0.25,0.00025,72,82,15,0.361111,openb-pod-6684
synthetic_04883,preprocessing,preprocessing,1,1,,3.152,5.46875,1,0.25,0.25,0.25,0.00025,15,23,15,0.0175,openb-pod-1740
synthetic_04884,preprocessing,preprocessing,1,1,,4.0,14.900390625,1,0.25,0.35,0.35,0.00035,27,32,15,0.199722,openb-pod-6927
synthetic_04885,fine_tuning,fine_tuning,1,1,T4,3.152,5.46875,1,0.25,0.07,0.07,7e-05,67,78,15,0.003611,openb-pod-7782
synthetic_04886,preprocessing,preprocessing,1,1,,14.2,57.0,1,0.25,0.25,0.25,0.00025,36,49,15,0.016667,openb-pod-5763
synthetic_04887,preprocessing,preprocessing,1,1,,14.9,72.0,10,2.5,0.25,0.25,0.00025,27,37,15,2.478611,openb-pod-4057
synthetic_04888,preprocessing,preprocessing,1,1,,15.7,57.0,1,0.25,0.25,0.25,0.00025,26,38,15,0.030556,openb-pod-2870
synthetic_04889,preprocessing,preprocessing,1,1,,11.4,47.0,1,0.25,0.07,0.07,7e-05,69,79,15,0.241667,openb-pod-0678
synthetic_04890,preprocessing,preprocessing,1,1,,4.0,29.8017578125,3,0.75,0.07,0.07,7e-05,8,16,15,0.553056,openb-pod-0469
synthetic_04891,preprocessing,preprocessing,1,1,,4.0,29.8017578125,6,1.5,0.35,0.35,0.00035,68,83,15,1.251667,openb-pod-2640
synthetic_04892,preprocessing,preprocessing,1,1,,3.152,5.46875,1,0.25,0.25,0.25,0.00025,75,86,15,0.041111,openb-pod-0612
synthetic_04893,preprocessing,preprocessing,1,1,,4.0,14.900390625,1,0.25,0.35,0.35,0.00035,13,25,15,0.233056,openb-pod-0228
synthetic_04894,preprocessing,preprocessing,1,1,,3.152,5.46875,1,0.25,0.07,0.07,7e-05,0,3,15,0.06,openb-pod-0238
synthetic_04895,preprocessing,preprocessing,1,1,,3.152,5.46875,1,0.25,0.35,0.35,0.00035,56,64,15,0.058611,openb-pod-0720
synthetic_04896,fine_tuning,fine_tuning,1,1,T4,8.0,29.8017578125,1,0.25,0.07,0.07,7e-05,80,90,15,0.06,openb-pod-4794
synthetic_04897,preprocessing,preprocessing,1,1,,11.4,47.0,2,0.5,0.25,0.25,0.00025,72,77,15,0.265,openb-pod-0666
synthetic_04898,fine_tuning,fine_tuning,1,1,T4,4.0,22.3515625,1,0.25,0.07,0.07,7e-05,85,95,15,0.036944,openb-pod-4542
synthetic_04899,fine_tuning,fine_tuning,1,1,T4,11.908,46.0,1,0.25,0.07,0.07,7e-05,78,88,15,0.2,openb-pod-6518
synthetic_04900,fine_tuning,fine_tuning,1,1,G2,11.3,48.0,1,0.25,0.35,0.35,0.00035,64,72,15,0.0125,openb-pod-6208
synthetic_04901,preprocessing,preprocessing,1,1,,11.908,46.0,7,1.75,0.25,0.25,0.00025,72,81,15,1.585556,openb-pod-0237
synthetic_04902,preprocessing,preprocessing,1,1,,3.152,5.46875,1,0.25,0.25,0.25,0.00025,80,91,15,0.060278,openb-pod-0116
synthetic_04903,training,training,1,1,V100M16|V100M32,16.0,32.0,5,1.25,0.25,0.25,0.00025,48,57,15,1.0075,openb-pod-3507
synthetic_04904,fine_tuning,fine_tuning,1,1,T4,4.152,10.3515625,1,0.25,0.07,0.07,7e-05,28,36,15,0.015556,openb-pod-0902
synthetic_04905,fine_tuning,fine_tuning,4,4,G2,32.2,129.0,1,0.25,1.4,1.4,0.0014,89,95,15,0.010278,openb-pod-7154
synthetic_04906,preprocessing,preprocessing,1,1,,3.152,5.46875,1,0.25,0.25,0.25,0.00025,0,7,15,0.026389,openb-pod-6659
synthetic_04907,preprocessing,preprocessing,1,1,,11.4,76.0,9,2.25,0.35,0.35,0.00035,7,13,15,2.130833,openb-pod-7083
synthetic_04908,preprocessing,preprocessing,1,1,,4.152,10.3515625,1,0.25,0.25,0.25,0.00025,82,95,15,0.014722,openb-pod-1941
synthetic_04909,fine_tuning,fine_tuning,1,1,P100,3.152,5.46875,1,0.25,0.25,0.25,0.00025,8,16,15,0.117778,openb-pod-7056
synthetic_04910,training,training,1,1,V100M16|V100M32,11.4,47.0,2,0.5,0.25,0.25,0.00025,23,29,15,0.287222,openb-pod-3926
synthetic_04911,preprocessing,preprocessing,1,1,,12.0,15.0,16,4.0,0.25,0.25,0.00025,55,65,15,3.818611,openb-pod-5718
synthetic_04912,fine_tuning,fine_tuning,1,1,P100,3.152,5.46875,1,0.25,0.25,0.25,0.00025,82,89,15,0.060556,openb-pod-3288
synthetic_04913,preprocessing,preprocessing,1,1,,11.4,47.0,3,0.75,0.35,0.35,0.00035,57,69,15,0.729722,openb-pod-2324
synthetic_04914,preprocessing,preprocessing,1,1,,3.152,5.46875,1,0.25,0.25,0.25,0.00025,58,70,15,0.127222,openb-pod-3994
synthetic_04915,preprocessing,preprocessing,1,1,,11.3,48.0,1,0.25,0.35,0.35,0.00035,92,95,15,0.026944,openb-pod-6919
synthetic_04916,preprocessing,preprocessing,1,1,,11.908,46.0,1,0.25,0.25,0.25,0.00025,48,62,15,0.247778,openb-pod-4634
synthetic_04917,preprocessing,preprocessing,1,1,,4.0,22.3515625,1,0.25,0.35,0.35,0.00035,2,12,15,0.187222,openb-pod-1850
synthetic_04918,preprocessing,preprocessing,1,1,,4.0,14.900390625,3,0.75,0.25,0.25,0.00025,79,89,15,0.640278,openb-pod-2885
synthetic_04919,fine_tuning,fine_tuning,1,1,T4,4.152,10.3515625,2,0.5,0.07,0.07,7e-05,56,65,15,0.324167,openb-pod-1179
synthetic_04920,preprocessing,preprocessing,1,1,,3.152,5.46875,1,0.25,0.25,0.25,0.00025,29,38,15,0.068889,openb-pod-0710
synthetic_04921,preprocessing,preprocessing,1,1,,11.3,48.0,1,0.25,0.25,0.25,0.00025,73,81,15,0.017778,openb-pod-5205
synthetic_04922,preprocessing,preprocessing,1,1,,4.0,22.3515625,1,0.25,0.25,0.25,0.00025,62,66,15,0.144167,openb-pod-7955
synthetic_04923,preprocessing,preprocessing,1,1,,8.0,29.8017578125,3,0.75,0.25,0.25,0.00025,88,93,15,0.688611,openb-pod-0628
synthetic_04924,fine_tuning,fine_tuning,1,1,T4,4.0,14.900390625,8,2.0,0.07,0.07,7e-05,24,33,15,1.965556,openb-pod-0351
synthetic_04925,preprocessing,preprocessing,1,1,,3.152,5.46875,2,0.5,0.07,0.07,7e-05,39,53,15,0.257778,openb-pod-4611
synthetic_04926,preprocessing,preprocessing,1,1,P100|V100M16|V100M32,11.9,76.0,2,0.5,0.25,0.25,0.00025,36,43,15,0.4325,openb-pod-3308
synthetic_04927,preprocessing,preprocessing,1,1,,11.908,46.0,1,0.25,0.25,0.25,0.00025,41,50,15,0.072778,openb-pod-1123
synthetic_04928,fine_tuning,fine_tuning,1,1,T4,9.81,40.5859375,3,0.75,0.07,0.07,7e-05,6,12,15,0.616389,openb-pod-4359
synthetic_04929,preprocessing,preprocessing,1,1,,3.152,5.46875,1,0.25,0.25,0.25,0.00025,58,67,15,0.243611,openb-pod-6413
synthetic_04930,fine_tuning,fine_tuning,1,1,T4,3.152,5.46875,1,0.25,0.07,0.07,7e-05,50,60,15,0.022222,openb-pod-1652
synthetic_04931,preprocessing,preprocessing,1,1,,3.152,5.46875,1,0.25,0.25,0.25,0.00025,9,20,15,0.030833,openb-pod-7583
synthetic_04932,preprocessing,preprocessing,1,1,,11.3,48.0,1,0.25,0.35,0.35,0.00035,74,85,15,0.086389,openb-pod-5130
synthetic_04933,fine_tuning,fine_tuning,1,1,T4,18.708,63.0,1,0.25,0.07,0.07,7e-05,22,33,15,0.121389,openb-pod-6140
synthetic_04934,preprocessing,preprocessing,1,1,,11.4,47.0,1,0.25,0.25,0.25,0.00025,12,21,15,0.168056,openb-pod-3572
synthetic_04935,preprocessing,preprocessing,8,8,,64.2,257.0,1,0.25,0.56,0.56,0.00056,9,22,15,0.205278,openb-pod-2580
synthetic_04936,preprocessing,preprocessing,1,1,,6.0,18.0,7,1.75,0.07,0.07,7e-05,0,6,15,1.624722,openb-pod-0460
synthetic_04937,fine_tuning,fine_tuning,1,1,T4,15.7,57.0,3,0.75,0.07,0.07,7e-05,85,93,15,0.620556,openb-pod-1091
synthetic_04938,preprocessing,preprocessing,1,1,,16.0,32.0,2,0.5,0.35,0.35,0.00035,7,12,15,0.379167,openb-pod-0832
synthetic_04939,preprocessing,preprocessing,1,1,,3.152,5.46875,1,0.25,0.25,0.25,0.00025,75,86,15,0.059167,openb-pod-3238
synthetic_04940,preprocessing,preprocessing,1,1,,3.152,5.46875,1,0.25,0.25,0.25,0.00025,28,37,15,0.046944,openb-pod-1868
synthetic_04941,preprocessing,preprocessing,1,1,,8.0,29.8017578125,14,3.5,0.35,0.35,0.00035,40,51,15,3.350278,openb-pod-6057
synthetic_04942,fine_tuning,fine_tuning,1,1,G3,12.0,24.0,6,1.5,0.35,0.35,0.00035,52,65,15,1.2825,openb-pod-0866
synthetic_04943,preprocessing,preprocessing,1,1,,9.81,40.5859375,3,0.75,0.25,0.25,0.00025,71,81,15,0.586389,openb-pod-1971
synthetic_04944,preprocessing,preprocessing,1,1,,11.908,46.0,3,0.75,0.07,0.07,7e-05,2,15,15,0.532222,openb-pod-5910
synthetic_04945,fine_tuning,fine_tuning,1,1,T4,1.0,6.0,4,1.0,0.07,0.07,7e-05,26,38,15,0.825,openb-pod-3324
synthetic_04946,fine_tuning,fine_tuning,1,1,G3,11.908,46.0,1,0.25,0.35,0.35,0.00035,87,93,15,0.008056,openb-pod-4007
synthetic_04947,fine_tuning,fine_tuning,1,1,T4,8.0,16.0,8,2.0,0.07,0.07,7e-05,0,9,15,1.928611,openb-pod-0559
synthetic_04948,fine_tuning,fine_tuning,1,1,G3,9.81,40.5859375,1,0.25,0.35,0.35,0.00035,81,93,15,0.025278,openb-pod-7394
synthetic_04949,fine_tuning,fine_tuning,1,1,P100,3.152,5.46875,1,0.25,0.25,0.25,0.00025,29,45,15,0.218611,openb-pod-7035
synthetic_04950,preprocessing,preprocessing,1,1,,12.0,16.0,1,0.25,0.35,0.35,0.00035,20,31,15,0.199722,openb-pod-2330
synthetic_04951,preprocessing,preprocessing,1,1,P100|V100M16|V100M32,3.152,5.46875,1,0.25,0.25,0.25,0.00025,63,75,15,0.028333,openb-pod-0312
synthetic_04952,preprocessing,preprocessing,1,1,,3.152,5.46875,1,0.25,0.25,0.25,0.00025,65,80,15,0.186667,openb-pod-7499
synthetic_04953,fine_tuning,fine_tuning,1,1,G2,15.7,57.0,4,1.0,0.35,0.35,0.00035,60,74,15,0.752222,openb-pod-3266
synthetic_04954,preprocessing,preprocessing,1,1,,3.152,5.46875,1,0.25,0.25,0.25,0.00025,11,17,15,0.038611,openb-pod-2251
synthetic_04955,fine_tuning,fine_tuning,1,1,T4,14.2,57.0,10,2.5,0.07,0.07,7e-05,1,8,15,2.421944,openb-pod-6087
synthetic_04956,preprocessing,preprocessing,1,1,,11.4,47.0,1,0.25,0.35,0.35,0.00035,33,42,15,0.105833,openb-pod-3422
synthetic_04957,preprocessing,preprocessing,1,1,,8.0,16.0,4,1.0,0.07,0.07,7e-05,63,77,15,0.831944,openb-pod-1728
synthetic_04958,preprocessing,preprocessing,1,1,,15.7,57.0,5,1.25,0.35,0.35,0.00035,56,69,15,1.089444,openb-pod-2731
synthetic_04959,preprocessing,preprocessing,1,1,P100|V100M16|V100M32,18.708,63.0,1,0.25,0.25,0.25,0.00025,60,71,15,0.052222,openb-pod-0263
synthetic_04960,training,training,1,1,V100M16|V100M32,11.4,47.0,2,0.5,0.25,0.25,0.00025,20,31,15,0.295833,openb-pod-4562
synthetic_04961,preprocessing,preprocessing,1,1,,11.4,47.0,1,0.25,0.25,0.25,0.00025,20,30,15,0.025,openb-pod-4454
synthetic_04962,preprocessing,preprocessing,1,1,,3.152,5.46875,1,0.25,0.35,0.35,0.00035,54,64,15,0.076667,openb-pod-0338
synthetic_04963,fine_tuning,fine_tuning,1,1,T4,18.708,63.0,13,3.25,0.07,0.07,7e-05,20,25,15,3.1,openb-pod-6567
synthetic_04964,preprocessing,preprocessing,1,1,,3.152,5.46875,1,0.25,0.25,0.25,0.00025,80,86,15,0.078889,openb-pod-3385
synthetic_04965,fine_tuning,fine_tuning,1,1,T4,8.0,29.8017578125,10,2.5,0.07,0.07,7e-05,23,29,15,2.320278,openb-pod-4404
synthetic_04966,fine_tuning,fine_tuning,1,1,P100,3.152,5.46875,1,0.25,0.25,0.25,0.00025,78,88,15,0.089444,openb-pod-5425
synthetic_04967,preprocessing,preprocessing,1,1,,14.2,57.0,9,2.25,0.25,0.25,0.00025,0,8,15,2.086667,openb-pod-5791
synthetic_04968,preprocessing,preprocessing,1,1,,11.4,47.0,1,0.25,0.25,0.25,0.00025,84,92,15,0.015833,openb-pod-1950
synthetic_04969,training,training,1,1,V100M16|V100M32,11.4,47.0,4,1.0,0.25,0.25,0.00025,31,40,15,0.932222,openb-pod-3742
synthetic_04970,preprocessing,preprocessing,1,1,,11.908,46.0,1,0.25,0.25,0.25,0.00025,9,22,15,0.023333,openb-pod-3479
synthetic_04971,fine_tuning,fine_tuning,1,1,T4,12.0,16.0,1,0.25,0.07,0.07,7e-05,32,43,15,0.199444,openb-pod-2243
synthetic_04972,fine_tuning,fine_tuning,1,1,T4,3.152,5.46875,1,0.25,0.07,0.07,7e-05,66,76,15,0.036667,openb-pod-0528
synthetic_04973,preprocessing,preprocessing,1,1,,3.152,5.46875,2,0.5,0.07,0.07,7e-05,0,12,15,0.281944,openb-pod-5288
synthetic_04974,preprocessing,preprocessing,1,1,,4.0,24.0,5,1.25,0.35,0.35,0.00035,23,33,15,1.1325,openb-pod-6608
synthetic_04975,preprocessing,preprocessing,1,1,,8.0,29.8017578125,14,3.5,0.25,0.25,0.00025,71,82,15,3.474167,openb-pod-6333
synthetic_04976,preprocessing,preprocessing,1,1,,11.4,76.0,9,2.25,0.35,0.35,0.00035,19,29,15,2.130833,openb-pod-7083
synthetic_04977,preprocessing,preprocessing,1,1,,4.0,29.8017578125,1,0.25,0.25,0.25,0.00025,56,66,15,0.196667,openb-pod-1544
synthetic_04978,preprocessing,preprocessing,1,1,,11.3,48.0,1,0.25,0.25,0.25,0.00025,16,25,15,0.012222,openb-pod-7736
synthetic_04979,preprocessing,preprocessing,1,1,,4.0,14.900390625,4,1.0,0.35,0.35,0.00035,86,92,15,0.755833,openb-pod-6143
synthetic_04980,preprocessing,preprocessing,1,1,,11.908,46.0,2,0.5,0.35,0.35,0.00035,37,44,15,0.301111,openb-pod-8121
synthetic_04981,preprocessing,preprocessing,1,1,,3.152,5.46875,2,0.5,0.07,0.07,7e-05,16,24,15,0.366111,openb-pod-4742
synthetic_04982,preprocessing,preprocessing,1,1,,11.3,48.0,1,0.25,0.25,0.25,0.00025,27,38,15,0.221944,openb-pod-6685
synthetic_04983,fine_tuning,fine_tuning,1,1,T4,4.0,14.900390625,1,0.25,0.07,0.07,7e-05,64,75,15,0.104722,openb-pod-3868
synthetic_04984,preprocessing,preprocessing,1,1,,8.0,29.8017578125,3,0.75,0.35,0.35,0.00035,67,76,15,0.587222,openb-pod-1994
synthetic_04985,preprocessing,preprocessing,1,1,,9.81,40.5859375,1,0.25,0.35,0.35,0.00035,46,55,15,0.0125,openb-pod-1049
synthetic_04986,preprocessing,preprocessing,1,1,,12.0,24.0,1,0.25,0.35,0.35,0.00035,40,48,15,0.011111,openb-pod-6330
synthetic_04987,fine_tuning,fine_tuning,1,1,T4,3.152,5.46875,9,2.25,0.07,0.07,7e-05,28,36,15,2.174722,openb-pod-4197
synthetic_04988,preprocessing,preprocessing,1,1,,3.152,5.46875,1,0.25,0.25,0.25,0.00025,34,46,15,0.142222,openb-pod-3087
synthetic_04989,preprocessing,preprocessing,1,1,,11.3,37.0,1,0.25,0.25,0.25,0.00025,0,7,15,0.069167,openb-pod-2415
synthetic_04990,fine_tuning,fine_tuning,1,1,T4,4.0,14.900390625,4,1.0,0.07,0.07,7e-05,39,50,15,0.861111,openb-pod-3605
synthetic_04991,preprocessing,preprocessing,1,1,,11.908,46.0,1,0.25,0.25,0.25,0.00025,80,90,15,0.035833,openb-pod-0384
synthetic_04992,preprocessing,preprocessing,1,1,,4.0,24.0,6,1.5,0.25,0.25,0.00025,61,75,15,1.303611,openb-pod-6482
synthetic_04993,preprocessing,preprocessing,1,1,,3.152,5.46875,1,0.25,0.07,0.07,7e-05,28,35,15,0.08,openb-pod-1514
synthetic_04994,fine_tuning,fine_tuning,1,1,T4,11.4,47.0,2,0.5,0.07,0.07,7e-05,31,44,15,0.267778,openb-pod-0736
synthetic_04995,preprocessing,preprocessing,1,1,,9.81,40.5859375,1,0.25,0.25,0.25,0.00025,21,36,15,0.155278,openb-pod-7388
synthetic_04996,preprocessing,preprocessing,1,1,,24.2,91.0,6,1.5,0.25,0.25,0.00025,56,62,15,1.351944,openb-pod-1265
synthetic_04997,fine_tuning,fine_tuning,1,1,G2,14.9,72.0,11,2.75,0.35,0.35,0.00035,54,60,15,2.635556,openb-pod-4121
synthetic_04998,preprocessing,preprocessing,1,1,,11.908,46.0,3,0.75,0.25,0.25,0.00025,81,89,15,0.598056,openb-pod-1860
synthetic_04999,training,training,1,1,V100M16|V100M32,11.4,47.0,1,0.25,0.25,0.25,0.00025,0,10,15,0.164444,openb-pod-4566
synthetic_05000,preprocessing,preprocessing,1,1,,11.908,46.0,1,0.25,0.35,0.35,0.00035,12,18,15,0.2275,openb-pod-7374
