job_id,category,workload_family,assigned_cluster,cluster_role,cluster_gpu_type,start_hour,duration,power,gpu_type_required,gpu_count_required,cpu_required,memory_required_gb
synthetic_00027,preprocessing,preprocessing,cluster_g2,alibaba_gpu_type_pool,G2,0,3,0.00025,,1,24.2,91.0
synthetic_00037,preprocessing,preprocessing,cluster_g2,alibaba_gpu_type_pool,G2,0,1,0.00015,,1,3.152,5.46875
synthetic_00045,preprocessing,preprocessing,cluster_g2,alibaba_gpu_type_pool,G2,0,15,0.00035,,1,11.908,46.0
synthetic_00172,preprocessing,preprocessing,cluster_g2,alibaba_gpu_type_pool,G2,0,1,0.00025,,1,12.0,16.0
synthetic_00177,fine_tuning,fine_tuning,cluster_g2,alibaba_gpu_type_pool,G2,0,1,0.00035,G2,1,11.3,48.0
synthetic_00278,preprocessing,preprocessing,cluster_g2,alibaba_gpu_type_pool,G2,0,1,0.00025,,1,3.152,5.46875
synthetic_00296,preprocessing,preprocessing,cluster_g2,alibaba_gpu_type_pool,G2,0,1,0.00035,,1,8.0,29.8017578125
synthetic_00297,preprocessing,preprocessing,cluster_g2,alibaba_gpu_type_pool,G2,0,1,0.00025,,1,3.152,5.46875
synthetic_00320,preprocessing,preprocessing,cluster_g2,alibaba_gpu_type_pool,G2,0,1,0.00015,,1,11.3,48.0
synthetic_00366,preprocessing,preprocessing,cluster_g2,alibaba_gpu_type_pool,G2,0,8,0.00025,,1,16.0,64.0
synthetic_00382,preprocessing,preprocessing,cluster_g2,alibaba_gpu_type_pool,G2,0,7,7e-05,,1,8.0,29.8017578125
synthetic_00387,preprocessing,preprocessing,cluster_g2,alibaba_gpu_type_pool,G2,0,1,7e-05,,1,3.152,5.46875
synthetic_00412,fine_tuning,fine_tuning,cluster_p100,alibaba_gpu_type_pool,P100,0,1,0.00025,P100,1,4.0,22.3515625
synthetic_00430,preprocessing,preprocessing,cluster_g2,alibaba_gpu_type_pool,G2,0,1,7e-05,,1,3.152,5.46875
synthetic_00448,preprocessing,preprocessing,cluster_g2,alibaba_gpu_type_pool,G2,0,5,0.00025,,1,9.81,40.5859375
synthetic_00462,preprocessing,preprocessing,cluster_g2,alibaba_gpu_type_pool,G2,0,3,0.00025,,1,12.0,32.0
synthetic_00504,preprocessing,preprocessing,cluster_g2,alibaba_gpu_type_pool,G2,0,1,0.00035,,1,3.152,5.46875
synthetic_00565,preprocessing,preprocessing,cluster_g2,alibaba_gpu_type_pool,G2,0,2,0.00035,,1,11.4,47.0
synthetic_00575,fine_tuning,fine_tuning,cluster_p100,alibaba_gpu_type_pool,P100,0,1,0.00025,P100,1,11.908,46.0
synthetic_00582,preprocessing,preprocessing,cluster_g2,alibaba_gpu_type_pool,G2,0,11,7e-05,,1,12.0,24.0
synthetic_00601,preprocessing,preprocessing,cluster_g2,alibaba_gpu_type_pool,G2,0,2,0.00025,,1,11.908,46.0
synthetic_00653,preprocessing,preprocessing,cluster_g2,alibaba_gpu_type_pool,G2,0,2,7e-05,,1,11.908,46.0
synthetic_00766,preprocessing,preprocessing,cluster_g2,alibaba_gpu_type_pool,G2,0,6,0.00035,,1,11.3,48.0
synthetic_00843,preprocessing,preprocessing,cluster_g2,alibaba_gpu_type_pool,G2,0,1,0.00025,,1,3.152,5.46875
synthetic_00848,fine_tuning,fine_tuning,cluster_g2,alibaba_gpu_type_pool,G2,0,1,0.00035,G2,1,3.152,5.46875
synthetic_00861,preprocessing,preprocessing,cluster_g2,alibaba_gpu_type_pool,G2,0,5,0.00015,,1,4.0,24.0
synthetic_00879,preprocessing,preprocessing,cluster_g2,alibaba_gpu_type_pool,G2,0,1,0.00025,,1,3.152,5.46875
synthetic_00905,preprocessing,preprocessing,cluster_g2,alibaba_gpu_type_pool,G2,0,2,0.00035,,1,11.3,48.0
synthetic_00924,fine_tuning,fine_tuning,cluster_g2,alibaba_gpu_type_pool,G2,0,2,0.00035,G2,1,11.4,47.0
synthetic_00948,preprocessing,preprocessing,cluster_g2,alibaba_gpu_type_pool,G2,0,1,0.00025,,1,3.152,5.46875
synthetic_00966,preprocessing,preprocessing,cluster_g2,alibaba_gpu_type_pool,G2,0,3,7e-05,,1,15.7,57.0
synthetic_01018,preprocessing,preprocessing,cluster_g2,alibaba_gpu_type_pool,G2,0,1,0.00015,,1,4.0,29.8017578125
synthetic_01036,preprocessing,preprocessing,cluster_g2,alibaba_gpu_type_pool,G2,0,5,0.00025,,1,4.0,14.900390625
synthetic_01048,preprocessing,preprocessing,cluster_g2,alibaba_gpu_type_pool,G2,0,2,0.00025,,1,4.152,10.3515625
synthetic_01055,fine_tuning,fine_tuning,cluster_g2,alibaba_gpu_type_pool,G2,0,1,0.00035,G2,1,11.3,48.0
synthetic_01060,preprocessing,preprocessing,cluster_g2,alibaba_gpu_type_pool,G2,0,2,7e-05,,1,3.152,5.46875
synthetic_01068,preprocessing,preprocessing,cluster_g2,alibaba_gpu_type_pool,G2,0,7,7e-05,,1,6.0,8.0
synthetic_01153,preprocessing,preprocessing,cluster_g2,alibaba_gpu_type_pool,G2,0,5,0.00025,,1,8.0,64.0
synthetic_01180,preprocessing,preprocessing,cluster_g2,alibaba_gpu_type_pool,G2,0,1,0.00025,,1,3.152,5.46875
synthetic_01194,fine_tuning,fine_tuning,cluster_p100,alibaba_gpu_type_pool,P100,0,1,0.00025,P100,1,4.0,14.900390625
synthetic_01229,preprocessing,preprocessing,cluster_g2,alibaba_gpu_type_pool,G2,0,3,7e-05,,1,11.3,48.0
synthetic_01246,preprocessing,preprocessing,cluster_g2,alibaba_gpu_type_pool,G2,0,4,0.00025,,1,4.0,22.3515625
synthetic_01256,preprocessing,preprocessing,cluster_g2,alibaba_gpu_type_pool,G2,0,1,0.00025,,1,11.3,48.0
synthetic_01301,preprocessing,preprocessing,cluster_g2,alibaba_gpu_type_pool,G2,0,2,0.00025,,1,18.708,63.0
synthetic_01377,preprocessing,preprocessing,cluster_g2,alibaba_gpu_type_pool,G2,0,1,0.00025,,1,3.152,5.46875
synthetic_01408,preprocessing,preprocessing,cluster_g2,alibaba_gpu_type_pool,G2,0,1,7e-05,,1,3.152,5.46875
synthetic_01411,fine_tuning,fine_tuning,cluster_g2,alibaba_gpu_type_pool,G2,0,8,0.00035,G2,1,2.0,16.0
synthetic_01526,preprocessing,preprocessing,cluster_g2,alibaba_gpu_type_pool,G2,0,3,0.00025,,1,18.708,63.0
synthetic_01581,fine_tuning,fine_tuning,cluster_g3,alibaba_gpu_type_pool,G3,0,5,0.00035,G3,1,4.0,24.0
synthetic_01601,preprocessing,preprocessing,cluster_g2,alibaba_gpu_type_pool,G2,0,2,0.00035,,1,11.4,47.0
synthetic_01633,fine_tuning,fine_tuning,cluster_g2,alibaba_gpu_type_pool,G2,0,1,0.00035,G2,1,12.0,16.0
synthetic_01658,preprocessing,preprocessing,cluster_g2,alibaba_gpu_type_pool,G2,0,2,0.00025,,1,3.152,5.46875
synthetic_01678,fine_tuning,fine_tuning,cluster_g2,alibaba_gpu_type_pool,G2,0,1,0.00035,G2,1,11.3,48.0
synthetic_01682,preprocessing,preprocessing,cluster_g2,alibaba_gpu_type_pool,G2,0,1,7e-05,,1,4.0,14.900390625
synthetic_01709,preprocessing,preprocessing,cluster_g2,alibaba_gpu_type_pool,G2,0,1,0.00025,,1,3.152,5.46875
synthetic_01719,fine_tuning,fine_tuning,cluster_t4,alibaba_gpu_type_pool,T4,0,1,7e-05,T4,1,3.152,5.46875
synthetic_01750,preprocessing,preprocessing,cluster_g2,alibaba_gpu_type_pool,G2,0,2,0.00035,,1,11.3,48.0
synthetic_01799,preprocessing,preprocessing,cluster_g2,alibaba_gpu_type_pool,G2,0,2,0.00025,,1,3.152,5.46875
synthetic_01844,preprocessing,preprocessing,cluster_g2,alibaba_gpu_type_pool,G2,0,3,0.00025,,1,9.81,40.5859375
synthetic_01856,preprocessing,preprocessing,cluster_g2,alibaba_gpu_type_pool,G2,0,1,7e-05,,1,6.0,12.0
synthetic_01873,preprocessing,preprocessing,cluster_g2,alibaba_gpu_type_pool,G2,0,7,0.00025,,1,3.152,5.46875
synthetic_01909,preprocessing,preprocessing,cluster_g3,alibaba_gpu_type_pool,G3,0,1,0.00025,,1,15.7,57.0
synthetic_01933,preprocessing,preprocessing,cluster_g2,alibaba_gpu_type_pool,G2,0,2,7e-05,,1,11.4,47.0
synthetic_01981,fine_tuning,fine_tuning,cluster_g3,alibaba_gpu_type_pool,G3,0,2,0.00035,G3,1,11.3,48.0
synthetic_02008,fine_tuning,fine_tuning,cluster_g2,alibaba_gpu_type_pool,G2,0,1,0.00035,G2,1,11.3,48.0
synthetic_02020,preprocessing,preprocessing,cluster_g2,alibaba_gpu_type_pool,G2,0,1,7e-05,,1,3.152,5.46875
synthetic_02095,fine_tuning,fine_tuning,cluster_g2,alibaba_gpu_type_pool,G2,0,1,0.0014,G2,4,32.2,129.0
synthetic_02140,preprocessing,preprocessing,cluster_g2,alibaba_gpu_type_pool,G2,0,1,0.00015,,1,3.152,5.46875
synthetic_02150,preprocessing,preprocessing,cluster_g2,alibaba_gpu_type_pool,G2,0,5,0.00035,,1,11.908,46.0
synthetic_02158,preprocessing,preprocessing,cluster_g2,alibaba_gpu_type_pool,G2,0,1,0.00015,,1,3.152,5.46875
synthetic_02183,fine_tuning,fine_tuning,cluster_g3,alibaba_gpu_type_pool,G3,0,3,0.00035,G3,1,11.4,47.0
synthetic_02187,preprocessing,preprocessing,cluster_g2,alibaba_gpu_type_pool,G2,0,2,7e-05,,1,11.3,48.0
synthetic_02191,preprocessing,preprocessing,cluster_g2,alibaba_gpu_type_pool,G2,0,4,0.00025,,1,12.0,24.0
synthetic_02193,preprocessing,preprocessing,cluster_g2,alibaba_gpu_type_pool,G2,0,1,7e-05,,1,11.3,48.0
synthetic_02250,fine_tuning,fine_tuning,cluster_g2,alibaba_gpu_type_pool,G2,0,1,0.0014,G2,4,32.2,129.0
synthetic_02290,preprocessing,preprocessing,cluster_g2,alibaba_gpu_type_pool,G2,0,3,7e-05,,1,15.7,57.0
synthetic_02291,preprocessing,preprocessing,cluster_g2,alibaba_gpu_type_pool,G2,0,1,0.00035,,1,3.152,5.46875
synthetic_02304,fine_tuning,fine_tuning,cluster_g2,alibaba_gpu_type_pool,G2,0,1,0.00035,G2,1,11.3,48.0
synthetic_02365,preprocessing,preprocessing,cluster_g2,alibaba_gpu_type_pool,G2,0,1,7e-05,A10|G2|P100|T4|V100M16|V100M32,1,3.152,5.46875
synthetic_02503,preprocessing,preprocessing,cluster_g2,alibaba_gpu_type_pool,G2,0,5,0.00035,,1,15.7,57.0
synthetic_02531,preprocessing,preprocessing,cluster_g2,alibaba_gpu_type_pool,G2,0,3,0.00025,,1,18.708,63.0
synthetic_02551,fine_tuning,fine_tuning,cluster_p100,alibaba_gpu_type_pool,P100,0,6,0.00025,P100,1,4.0,22.3515625
synthetic_02579,preprocessing,preprocessing,cluster_g2,alibaba_gpu_type_pool,G2,0,2,0.00035,,1,11.908,46.0
synthetic_02590,preprocessing,preprocessing,cluster_g2,alibaba_gpu_type_pool,G2,0,3,0.00025,,1,16.0,64.0
synthetic_02620,preprocessing,preprocessing,cluster_g2,alibaba_gpu_type_pool,G2,0,1,0.00035,,1,3.152,5.46875
synthetic_02720,preprocessing,preprocessing,cluster_g2,alibaba_gpu_type_pool,G2,0,2,0.00025,,1,11.3,48.0
synthetic_02781,preprocessing,preprocessing,cluster_p100,alibaba_gpu_type_pool,P100,0,2,0.00025,P100|V100M16|V100M32,1,9.81,40.5859375
synthetic_02876,preprocessing,preprocessing,cluster_g2,alibaba_gpu_type_pool,G2,0,1,0.00025,,1,3.152,5.46875
synthetic_02945,preprocessing,preprocessing,cluster_g2,alibaba_gpu_type_pool,G2,0,2,0.00025,,1,8.0,16.0
synthetic_02952,fine_tuning,fine_tuning,cluster_g2,alibaba_gpu_type_pool,G2,0,2,0.00035,G2,1,11.3,48.0
synthetic_03035,fine_tuning,fine_tuning,cluster_g3,alibaba_gpu_type_pool,G3,0,2,0.00035,G3,1,16.0,32.0
synthetic_03106,preprocessing,preprocessing,cluster_g2,alibaba_gpu_type_pool,G2,0,5,0.00035,,1,15.2,79.0
synthetic_03110,preprocessing,preprocessing,cluster_g2,alibaba_gpu_type_pool,G2,0,1,0.00035,,1,11.4,47.0
synthetic_03171,preprocessing,preprocessing,cluster_g2,alibaba_gpu_type_pool,G2,0,3,0.00035,,1,11.9,76.0
synthetic_03214,preprocessing,preprocessing,cluster_g2,alibaba_gpu_type_pool,G2,0,2,0.00035,,1,11.908,46.0
synthetic_03225,preprocessing,preprocessing,cluster_g2,alibaba_gpu_type_pool,G2,0,2,0.00025,,1,8.0,32.0
synthetic_03254,preprocessing,preprocessing,cluster_g2,alibaba_gpu_type_pool,G2,0,2,0.00035,,1,8.0,16.0
synthetic_03267,preprocessing,preprocessing,cluster_g2,alibaba_gpu_type_pool,G2,0,1,0.00025,,1,3.152,5.46875
synthetic_03286,preprocessing,preprocessing,cluster_g2,alibaba_gpu_type_pool,G2,0,5,0.00025,,1,11.908,46.0
synthetic_03297,preprocessing,preprocessing,cluster_g2,alibaba_gpu_type_pool,G2,0,1,0.00025,,1,18.708,63.0
synthetic_03338,preprocessing,preprocessing,cluster_g2,alibaba_gpu_type_pool,G2,0,5,0.00025,,1,4.0,24.0
synthetic_03412,preprocessing,preprocessing,cluster_g2,alibaba_gpu_type_pool,G2,0,4,0.00025,,1,11.4,47.0
synthetic_03438,preprocessing,preprocessing,cluster_g2,alibaba_gpu_type_pool,G2,0,5,7e-05,,1,4.0,14.900390625
synthetic_03489,preprocessing,preprocessing,cluster_g2,alibaba_gpu_type_pool,G2,0,2,0.00025,,1,11.908,46.0
synthetic_03619,preprocessing,preprocessing,cluster_g2,alibaba_gpu_type_pool,G2,0,1,0.00025,,1,3.152,5.46875
synthetic_03629,preprocessing,preprocessing,cluster_g2,alibaba_gpu_type_pool,G2,0,1,0.00035,,1,3.152,5.46875
synthetic_03685,preprocessing,preprocessing,cluster_g2,alibaba_gpu_type_pool,G2,0,5,0.00035,,1,8.0,16.0
synthetic_03759,preprocessing,preprocessing,cluster_g2,alibaba_gpu_type_pool,G2,0,4,0.00035,,1,11.908,46.0
synthetic_03769,preprocessing,preprocessing,cluster_g2,alibaba_gpu_type_pool,G2,0,5,0.00025,,1,16.0,32.0
synthetic_03770,preprocessing,preprocessing,cluster_g2,alibaba_gpu_type_pool,G2,0,4,7e-05,,1,12.0,24.0
synthetic_03772,preprocessing,preprocessing,cluster_g2,alibaba_gpu_type_pool,G2,0,3,0.00025,,1,15.7,57.0
synthetic_03785,preprocessing,preprocessing,cluster_g2,alibaba_gpu_type_pool,G2,0,1,7e-05,,1,11.3,48.0
synthetic_03800,preprocessing,preprocessing,cluster_g2,alibaba_gpu_type_pool,G2,0,5,0.00035,,1,4.0,14.900390625
synthetic_03892,preprocessing,preprocessing,cluster_g3,alibaba_gpu_type_pool,G3,0,1,0.00035,,1,3.152,5.46875
synthetic_03908,preprocessing,preprocessing,cluster_g2,alibaba_gpu_type_pool,G2,0,10,0.00035,,1,4.0,14.900390625
synthetic_03913,fine_tuning,fine_tuning,cluster_g2,alibaba_gpu_type_pool,G2,0,5,0.00035,G2,1,4.0,24.0
synthetic_03976,preprocessing,preprocessing,cluster_g2,alibaba_gpu_type_pool,G2,0,1,0.00025,,1,3.152,5.46875
synthetic_04004,preprocessing,preprocessing,cluster_g2,alibaba_gpu_type_pool,G2,0,14,0.00025,,1,4.0,29.8017578125
synthetic_04152,fine_tuning,fine_tuning,cluster_g2,alibaba_gpu_type_pool,G2,0,2,0.00035,G2,1,18.708,63.0
synthetic_04225,fine_tuning,fine_tuning,cluster_g2,alibaba_gpu_type_pool,G2,0,1,0.00035,G2,1,3.152,5.46875
synthetic_04232,preprocessing,preprocessing,cluster_g2,alibaba_gpu_type_pool,G2,0,1,7e-05,,1,3.152,5.46875
synthetic_04274,preprocessing,preprocessing,cluster_g2,alibaba_gpu_type_pool,G2,0,2,7e-05,,1,11.908,46.0
synthetic_04308,preprocessing,preprocessing,cluster_p100,alibaba_gpu_type_pool,P100,0,1,0.00025,P100|V100M16|V100M32,1,15.7,57.0
synthetic_04317,preprocessing,preprocessing,cluster_g2,alibaba_gpu_type_pool,G2,0,1,7e-05,,1,3.152,5.46875
synthetic_04375,preprocessing,preprocessing,cluster_g2,alibaba_gpu_type_pool,G2,0,5,7e-05,,1,3.152,5.46875
synthetic_04413,preprocessing,preprocessing,cluster_g2,alibaba_gpu_type_pool,G2,0,1,0.00025,G2|P100|T4|V100M16|V100M32,1,11.3,48.0
synthetic_04501,preprocessing,preprocessing,cluster_g2,alibaba_gpu_type_pool,G2,0,2,0.00025,,1,16.0,32.0
synthetic_04586,preprocessing,preprocessing,cluster_g2,alibaba_gpu_type_pool,G2,0,3,7e-05,,1,11.3,48.0
synthetic_04711,preprocessing,preprocessing,cluster_g2,alibaba_gpu_type_pool,G2,0,2,0.00025,,1,16.4,123.0
synthetic_04731,preprocessing,preprocessing,cluster_g2,alibaba_gpu_type_pool,G2,0,2,0.00035,,1,11.4,47.0
synthetic_04747,fine_tuning,fine_tuning,cluster_t4,alibaba_gpu_type_pool,T4,0,1,7e-05,T4,1,4.152,10.3515625
synthetic_04760,preprocessing,preprocessing,cluster_g2,alibaba_gpu_type_pool,G2,0,1,0.00025,,1,15.7,57.0
synthetic_04806,preprocessing,preprocessing,cluster_g2,alibaba_gpu_type_pool,G2,0,1,0.00025,,1,3.152,5.46875
synthetic_04825,preprocessing,preprocessing,cluster_g2,alibaba_gpu_type_pool,G2,0,3,0.00035,,1,15.7,57.0
synthetic_04894,preprocessing,preprocessing,cluster_g2,alibaba_gpu_type_pool,G2,0,1,7e-05,,1,3.152,5.46875
synthetic_04906,preprocessing,preprocessing,cluster_g2,alibaba_gpu_type_pool,G2,0,1,0.00025,,1,3.152,5.46875
synthetic_04936,preprocessing,preprocessing,cluster_g2,alibaba_gpu_type_pool,G2,0,7,7e-05,,1,6.0,18.0
synthetic_04967,preprocessing,preprocessing,cluster_g2,alibaba_gpu_type_pool,G2,0,9,0.00025,,1,14.2,57.0
synthetic_00042,preprocessing,preprocessing,cluster_g2,alibaba_gpu_type_pool,G2,1,16,0.00025,,1,12.0,15.0
synthetic_00081,preprocessing,preprocessing,cluster_g2,alibaba_gpu_type_pool,G2,1,1,7e-05,,1,3.152,5.46875
synthetic_00091,preprocessing,preprocessing,cluster_g2,alibaba_gpu_type_pool,G2,1,1,0.00035,,1,8.0,29.8017578125
synthetic_00140,preprocessing,preprocessing,cluster_g2,alibaba_gpu_type_pool,G2,1,1,0.00035,,1,11.4,47.0
synthetic_00151,fine_tuning,fine_tuning,cluster_t4,alibaba_gpu_type_pool,T4,1,2,7e-05,T4,1,3.152,5.46875
synthetic_00191,fine_tuning,fine_tuning,cluster_t4,alibaba_gpu_type_pool,T4,1,3,7e-05,T4,1,11.4,76.0
synthetic_00281,fine_tuning,fine_tuning,cluster_t4,alibaba_gpu_type_pool,T4,1,1,7e-05,T4,1,11.908,46.0
synthetic_00307,preprocessing,preprocessing,cluster_g2,alibaba_gpu_type_pool,G2,1,1,0.00025,,1,11.4,47.0
synthetic_00346,fine_tuning,fine_tuning,cluster_t4,alibaba_gpu_type_pool,T4,1,4,7e-05,T4,1,11.4,47.0
synthetic_00347,preprocessing,preprocessing,cluster_g2,alibaba_gpu_type_pool,G2,1,11,0.00025,,1,14.2,57.0
synthetic_00361,preprocessing,preprocessing,cluster_v100m16,alibaba_gpu_type_pool,V100M16,1,5,7e-05,P100|T4|V100M16|V100M32,1,11.9,76.0
synthetic_00489,training,training,cluster_v100m16,alibaba_gpu_type_pool,V100M16,1,3,0.00025,V100M16|V100M32,1,15.7,57.0
synthetic_00500,fine_tuning,fine_tuning,cluster_t4,alibaba_gpu_type_pool,T4,1,12,7e-05,T4,1,4.152,10.3515625
synthetic_00512,preprocessing,preprocessing,cluster_g2,alibaba_gpu_type_pool,G2,1,1,0.00025,,1,11.3,48.0
synthetic_00566,preprocessing,preprocessing,cluster_g2,alibaba_gpu_type_pool,G2,1,1,7e-05,,1,3.152,5.46875
synthetic_00576,preprocessing,preprocessing,cluster_g2,alibaba_gpu_type_pool,G2,1,1,0.00035,,1,4.0,14.900390625
synthetic_00662,fine_tuning,fine_tuning,cluster_t4,alibaba_gpu_type_pool,T4,1,8,7e-05,T4,1,11.908,46.0
synthetic_00675,fine_tuning,fine_tuning,cluster_t4,alibaba_gpu_type_pool,T4,1,1,7e-05,T4,1,3.152,5.46875
synthetic_00701,preprocessing,preprocessing,cluster_g2,alibaba_gpu_type_pool,G2,1,2,0.00035,,1,11.4,47.0
synthetic_00775,fine_tuning,fine_tuning,cluster_t4,alibaba_gpu_type_pool,T4,1,1,7e-05,T4,1,8.0,29.8017578125
synthetic_00815,preprocessing,preprocessing,cluster_g2,alibaba_gpu_type_pool,G2,1,2,0.00025,,1,11.4,76.0
synthetic_00880,fine_tuning,fine_tuning,cluster_v100m32,alibaba_gpu_type_pool,V100M32,1,1,0.00025,V100M32,1,11.3,48.0
synthetic_00926,preprocessing,preprocessing,cluster_g2,alibaba_gpu_type_pool,G2,1,1,0.00025,,1,3.152,5.46875
synthetic_00944,fine_tuning,fine_tuning,cluster_t4,alibaba_gpu_type_pool,T4,1,1,7e-05,T4,1,4.0,14.900390625
synthetic_00961,preprocessing,preprocessing,cluster_g2,alibaba_gpu_type_pool,G2,1,1,0.00035,,1,3.152,5.46875
synthetic_00964,preprocessing,preprocessing,cluster_g2,alibaba_gpu_type_pool,G2,1,1,7e-05,,1,3.152,5.46875
synthetic_01082,preprocessing,preprocessing,cluster_g2,alibaba_gpu_type_pool,G2,1,1,0.00025,,1,3.152,5.46875
synthetic_01125,fine_tuning,fine_tuning,cluster_t4,alibaba_gpu_type_pool,T4,1,3,7e-05,T4,1,4.0,14.900390625
synthetic_01148,fine_tuning,fine_tuning,cluster_t4,alibaba_gpu_type_pool,T4,1,1,7e-05,T4,1,12.0,24.0
synthetic_01152,preprocessing,preprocessing,cluster_g2,alibaba_gpu_type_pool,G2,1,1,0.00025,,1,11.908,46.0
synthetic_01178,preprocessing,preprocessing,cluster_g2,alibaba_gpu_type_pool,G2,1,1,7e-05,,1,3.152,5.46875
synthetic_01186,preprocessing,preprocessing,cluster_g2,alibaba_gpu_type_pool,G2,1,1,0.00025,,1,3.152,5.46875
synthetic_01250,fine_tuning,fine_tuning,cluster_t4,alibaba_gpu_type_pool,T4,1,1,7e-05,T4,1,24.2,91.0
synthetic_01261,preprocessing,preprocessing,cluster_g2,alibaba_gpu_type_pool,G2,1,1,0.00025,,1,8.2,33.0
synthetic_01328,fine_tuning,fine_tuning,cluster_g2,alibaba_gpu_type_pool,G2,1,1,0.00035,G2,1,8.2,33.0
synthetic_01375,preprocessing,preprocessing,cluster_g2,alibaba_gpu_type_pool,G2,1,1,0.00015,,1,3.152,5.46875
synthetic_01434,preprocessing,preprocessing,cluster_g2,alibaba_gpu_type_pool,G2,1,1,0.00025,,1,3.152,5.46875
synthetic_01453,fine_tuning,fine_tuning,cluster_t4,alibaba_gpu_type_pool,T4,1,1,7e-05,T4,1,4.0,14.900390625
synthetic_01480,preprocessing,preprocessing,cluster_g2,alibaba_gpu_type_pool,G2,1,1,0.00035,,1,11.3,37.0
synthetic_01498,preprocessing,preprocessing,cluster_g2,alibaba_gpu_type_pool,G2,1,1,0.00025,,1,8.0,29.8017578125
synthetic_01500,preprocessing,preprocessing,cluster_g2,alibaba_gpu_type_pool,G2,1,1,0.00035,,1,3.152,5.46875
synthetic_01510,preprocessing,preprocessing,cluster_g2,alibaba_gpu_type_pool,G2,1,1,0.00035,,1,11.4,47.0
synthetic_01554,preprocessing,preprocessing,cluster_g2,alibaba_gpu_type_pool,G2,1,1,0.00025,,1,11.4,47.0
synthetic_01567,preprocessing,preprocessing,cluster_g2,alibaba_gpu_type_pool,G2,1,1,0.00025,,1,18.708,63.0
synthetic_01620,fine_tuning,fine_tuning,cluster_g3,alibaba_gpu_type_pool,G3,1,1,0.00035,G3,1,12.0,24.0
synthetic_01662,fine_tuning,fine_tuning,cluster_t4,alibaba_gpu_type_pool,T4,1,2,7e-05,T4,1,12.0,16.0
synthetic_01666,preprocessing,preprocessing,cluster_g2,alibaba_gpu_type_pool,G2,1,2,0.00035,,1,24.2,91.0
synthetic_01705,fine_tuning,fine_tuning,cluster_t4,alibaba_gpu_type_pool,T4,1,1,7e-05,T4,1,3.152,5.46875
synthetic_01771,fine_tuning,fine_tuning,cluster_t4,alibaba_gpu_type_pool,T4,1,1,7e-05,T4,1,3.152,5.46875
synthetic_01832,fine_tuning,fine_tuning,cluster_t4,alibaba_gpu_type_pool,T4,1,1,7e-05,T4,1,18.708,63.0
synthetic_01834,fine_tuning,fine_tuning,cluster_t4,alibaba_gpu_type_pool,T4,1,3,7e-05,T4,1,11.3,48.0
synthetic_01840,preprocessing,preprocessing,cluster_g2,alibaba_gpu_type_pool,G2,1,1,0.00025,,1,3.152,5.46875
synthetic_01860,fine_tuning,fine_tuning,cluster_t4,alibaba_gpu_type_pool,T4,1,5,7e-05,T4,1,4.0,24.0
synthetic_01863,preprocessing,preprocessing,cluster_g2,alibaba_gpu_type_pool,G2,1,1,7e-05,,1,8.0,29.8017578125
synthetic_01888,preprocessing,preprocessing,cluster_g2,alibaba_gpu_type_pool,G2,1,1,0.00025,,1,12.0,32.0
synthetic_01938,fine_tuning,fine_tuning,cluster_t4,alibaba_gpu_type_pool,T4,1,1,7e-05,T4,1,9.81,40.5859375
synthetic_01978,fine_tuning,fine_tuning,cluster_t4,alibaba_gpu_type_pool,T4,1,2,7e-05,T4,1,8.0,29.8017578125
synthetic_01988,fine_tuning,fine_tuning,cluster_t4,alibaba_gpu_type_pool,T4,1,5,7e-05,T4,1,15.2,79.0
synthetic_02001,preprocessing,preprocessing,cluster_g2,alibaba_gpu_type_pool,G2,1,1,0.00035,,1,11.4,47.0
synthetic_02012,fine_tuning,fine_tuning,cluster_t4,alibaba_gpu_type_pool,T4,1,1,7e-05,T4,1,3.152,5.46875
synthetic_02034,preprocessing,preprocessing,cluster_g2,alibaba_gpu_type_pool,G2,1,1,0.00025,,1,3.152,5.46875
synthetic_02072,preprocessing,preprocessing,cluster_g2,alibaba_gpu_type_pool,G2,1,1,0.00035,,1,3.152,5.46875
synthetic_02079,preprocessing,preprocessing,cluster_g2,alibaba_gpu_type_pool,G2,1,1,7e-05,,1,11.3,48.0
synthetic_02123,fine_tuning,fine_tuning,cluster_t4,alibaba_gpu_type_pool,T4,1,1,7e-05,T4,1,3.152,5.46875
synthetic_02199,fine_tuning,fine_tuning,cluster_t4,alibaba_gpu_type_pool,T4,1,1,7e-05,T4,1,3.152,5.46875
synthetic_02232,preprocessing,preprocessing,cluster_g2,alibaba_gpu_type_pool,G2,1,1,0.00025,,1,11.3,48.0
synthetic_02254,preprocessing,preprocessing,cluster_g2,alibaba_gpu_type_pool,G2,1,1,0.00035,,1,3.152,5.46875
synthetic_02305,preprocessing,preprocessing,cluster_g2,alibaba_gpu_type_pool,G2,1,1,0.00025,,1,3.152,5.46875
synthetic_02380,preprocessing,preprocessing,cluster_g2,alibaba_gpu_type_pool,G2,1,1,0.00035,,1,3.152,5.46875
synthetic_02397,fine_tuning,fine_tuning,cluster_t4,alibaba_gpu_type_pool,T4,1,1,7e-05,T4,1,11.3,48.0
synthetic_02401,preprocessing,preprocessing,cluster_g2,alibaba_gpu_type_pool,G2,1,1,0.00035,,1,11.3,48.0
synthetic_02468,preprocessing,preprocessing,cluster_g2,alibaba_gpu_type_pool,G2,1,1,0.00025,,1,3.152,5.46875
synthetic_02483,fine_tuning,fine_tuning,cluster_t4,alibaba_gpu_type_pool,T4,1,1,7e-05,T4,1,4.0,22.3515625
synthetic_02521,preprocessing,preprocessing,cluster_g2,alibaba_gpu_type_pool,G2,1,1,0.00025,,1,11.908,46.0
synthetic_02537,fine_tuning,fine_tuning,cluster_t4,alibaba_gpu_type_pool,T4,1,2,7e-05,T4,1,11.908,46.0
synthetic_02548,preprocessing,preprocessing,cluster_g2,alibaba_gpu_type_pool,G2,1,1,0.00025,,1,12.0,16.0
synthetic_02553,preprocessing,preprocessing,cluster_g2,alibaba_gpu_type_pool,G2,1,1,0.00035,,1,24.2,91.0
synthetic_02574,preprocessing,preprocessing,cluster_g2,alibaba_gpu_type_pool,G2,1,1,0.00035,,1,3.152,5.46875
synthetic_02613,fine_tuning,fine_tuning,cluster_t4,alibaba_gpu_type_pool,T4,1,8,7e-05,T4,1,8.0,16.0
synthetic_02629,fine_tuning,fine_tuning,cluster_t4,alibaba_gpu_type_pool,T4,1,1,7e-05,T4,1,11.4,47.0
synthetic_02632,preprocessing,preprocessing,cluster_g2,alibaba_gpu_type_pool,G2,1,3,0.00025,,1,8.2,33.0
synthetic_02664,preprocessing,preprocessing,cluster_g2,alibaba_gpu_type_pool,G2,1,1,0.00025,,1,3.152,5.46875
synthetic_02674,preprocessing,preprocessing,cluster_g2,alibaba_gpu_type_pool,G2,1,1,7e-05,,1,3.152,5.46875
synthetic_02679,preprocessing,preprocessing,cluster_g2,alibaba_gpu_type_pool,G2,1,1,0.00025,,1,4.152,10.3515625
synthetic_02756,fine_tuning,fine_tuning,cluster_t4,alibaba_gpu_type_pool,T4,1,4,7e-05,T4,1,4.0,22.3515625
synthetic_02774,preprocessing,preprocessing,cluster_g2,alibaba_gpu_type_pool,G2,1,1,0.00025,,1,11.908,46.0
synthetic_02789,preprocessing,preprocessing,cluster_g2,alibaba_gpu_type_pool,G2,1,1,0.00025,,1,3.152,5.46875
synthetic_02911,fine_tuning,fine_tuning,cluster_t4,alibaba_gpu_type_pool,T4,1,1,7e-05,T4,1,3.152,5.46875
synthetic_02936,fine_tuning,fine_tuning,cluster_t4,alibaba_gpu_type_pool,T4,1,3,7e-05,T4,1,11.3,48.0
synthetic_03004,fine_tuning,fine_tuning,cluster_t4,alibaba_gpu_type_pool,T4,1,1,7e-05,T4,1,12.0,15.625
synthetic_03043,preprocessing,preprocessing,cluster_g2,alibaba_gpu_type_pool,G2,1,1,0.00025,,1,11.4,76.0
synthetic_03070,preprocessing,preprocessing,cluster_g2,alibaba_gpu_type_pool,G2,1,3,0.00035,,1,11.908,46.0
synthetic_03161,fine_tuning,fine_tuning,cluster_t4,alibaba_gpu_type_pool,T4,1,1,7e-05,T4,1,3.152,5.46875
synthetic_03163,preprocessing,preprocessing,cluster_g2,alibaba_gpu_type_pool,G2,1,1,0.00035,,1,12.0,24.0
synthetic_03230,preprocessing,preprocessing,cluster_g2,alibaba_gpu_type_pool,G2,1,1,0.00035,,1,8.0,29.8017578125
synthetic_03250,preprocessing,preprocessing,cluster_g2,alibaba_gpu_type_pool,G2,1,6,0.00025,,1,11.908,46.0
synthetic_03271,preprocessing,preprocessing,cluster_g2,alibaba_gpu_type_pool,G2,1,5,0.00035,,1,3.152,5.46875
synthetic_03274,preprocessing,preprocessing,cluster_g2,alibaba_gpu_type_pool,G2,1,2,0.00035,,1,16.0,32.0
synthetic_03290,preprocessing,preprocessing,cluster_g2,alibaba_gpu_type_pool,G2,1,1,7e-05,,1,11.908,46.0
synthetic_03340,preprocessing,preprocessing,cluster_g2,alibaba_gpu_type_pool,G2,1,1,0.002,,8,64.2,257.0
synthetic_03394,preprocessing,preprocessing,cluster_g2,alibaba_gpu_type_pool,G2,1,1,7e-05,,1,18.708,63.0
synthetic_03423,fine_tuning,fine_tuning,cluster_t4,alibaba_gpu_type_pool,T4,1,2,7e-05,T4,1,3.152,5.46875
synthetic_03477,preprocessing,preprocessing,cluster_g2,alibaba_gpu_type_pool,G2,1,1,0.00035,,1,4.0,29.8017578125
synthetic_03486,preprocessing,preprocessing,cluster_g2,alibaba_gpu_type_pool,G2,1,1,0.00035,,1,3.152,5.46875
synthetic_03548,preprocessing,preprocessing,cluster_g2,alibaba_gpu_type_pool,G2,1,1,0.00025,,1,11.3,48.0
synthetic_03591,preprocessing,preprocessing,cluster_g2,alibaba_gpu_type_pool,G2,1,8,0.00025,,1,11.908,46.0
synthetic_03633,preprocessing,preprocessing,cluster_g2,alibaba_gpu_type_pool,G2,1,1,0.00025,,1,8.0,29.8017578125
synthetic_03637,preprocessing,preprocessing,cluster_p100,alibaba_gpu_type_pool,P100,1,4,0.00025,P100|T4|V100M16|V100M32,1,8.2,33.0
synthetic_03657,preprocessing,preprocessing,cluster_g2,alibaba_gpu_type_pool,G2,1,1,0.00035,,1,3.152,5.46875
synthetic_03713,preprocessing,preprocessing,cluster_g2,alibaba_gpu_type_pool,G2,1,1,0.00025,,1,11.4,47.0
synthetic_03753,preprocessing,preprocessing,cluster_g2,alibaba_gpu_type_pool,G2,1,9,0.00025,,1,11.4,47.0
synthetic_03839,fine_tuning,fine_tuning,cluster_t4,alibaba_gpu_type_pool,T4,1,1,7e-05,T4,1,11.3,48.0
synthetic_03872,fine_tuning,fine_tuning,cluster_t4,alibaba_gpu_type_pool,T4,1,1,7e-05,T4,1,3.152,5.46875
synthetic_03917,preprocessing,preprocessing,cluster_g2,alibaba_gpu_type_pool,G2,1,1,0.00025,,1,18.708,63.0
synthetic_03918,preprocessing,preprocessing,cluster_g2,alibaba_gpu_type_pool,G2,1,1,0.00035,,1,3.152,5.46875
synthetic_03941,preprocessing,preprocessing,cluster_g2,alibaba_gpu_type_pool,G2,1,1,0.00025,,1,3.152,5.46875
synthetic_03942,fine_tuning,fine_tuning,cluster_t4,alibaba_gpu_type_pool,T4,1,1,7e-05,T4,1,8.0,29.8017578125
synthetic_03959,preprocessing,preprocessing,cluster_g2,alibaba_gpu_type_pool,G2,1,1,0.00025,,1,3.152,5.46875
synthetic_04000,preprocessing,preprocessing,cluster_g2,alibaba_gpu_type_pool,G2,1,1,0.00025,,1,3.152,5.46875
synthetic_04011,fine_tuning,fine_tuning,cluster_t4,alibaba_gpu_type_pool,T4,1,1,7e-05,T4,1,11.3,48.0
synthetic_04033,fine_tuning,fine_tuning,cluster_t4,alibaba_gpu_type_pool,T4,1,1,7e-05,T4,1,11.3,48.0
synthetic_04108,fine_tuning,fine_tuning,cluster_t4,alibaba_gpu_type_pool,T4,1,1,7e-05,T4,1,11.3,48.0
synthetic_04119,fine_tuning,fine_tuning,cluster_t4,alibaba_gpu_type_pool,T4,1,1,7e-05,T4,1,12.0,15.0
synthetic_04151,preprocessing,preprocessing,cluster_g2,alibaba_gpu_type_pool,G2,1,1,7e-05,,1,8.0,29.8017578125
synthetic_04175,fine_tuning,fine_tuning,cluster_t4,alibaba_gpu_type_pool,T4,1,2,7e-05,T4,1,24.2,91.0
synthetic_04181,preprocessing,preprocessing,cluster_g2,alibaba_gpu_type_pool,G2,1,1,0.00035,,1,3.152,5.46875
synthetic_04196,preprocessing,preprocessing,cluster_g2,alibaba_gpu_type_pool,G2,1,4,0.00035,,1,11.908,46.0
synthetic_04228,fine_tuning,fine_tuning,cluster_t4,alibaba_gpu_type_pool,T4,1,1,7e-05,T4,1,9.81,40.5859375
synthetic_04250,fine_tuning,fine_tuning,cluster_t4,alibaba_gpu_type_pool,T4,1,1,7e-05,T4,1,9.81,40.5859375
synthetic_04263,preprocessing,preprocessing,cluster_g2,alibaba_gpu_type_pool,G2,1,1,7e-05,,1,4.152,10.3515625
synthetic_04267,preprocessing,preprocessing,cluster_g2,alibaba_gpu_type_pool,G2,1,5,0.00035,,1,11.3,48.0
synthetic_04271,preprocessing,preprocessing,cluster_g2,alibaba_gpu_type_pool,G2,1,1,0.00025,,1,3.152,5.46875
synthetic_04339,preprocessing,preprocessing,cluster_g2,alibaba_gpu_type_pool,G2,1,1,0.00025,A10|G2|P100|T4|V100M16|V100M32,1,3.152,5.46875
synthetic_04380,fine_tuning,fine_tuning,cluster_g2,alibaba_gpu_type_pool,G2,1,1,0.00035,G2,1,11.4,47.0
synthetic_04430,fine_tuning,fine_tuning,cluster_t4,alibaba_gpu_type_pool,T4,1,2,7e-05,T4,1,16.0,64.0
synthetic_04474,preprocessing,preprocessing,cluster_g2,alibaba_gpu_type_pool,G2,1,1,0.00025,,1,3.152,5.46875
synthetic_04580,fine_tuning,fine_tuning,cluster_t4,alibaba_gpu_type_pool,T4,1,1,7e-05,T4,1,11.3,48.0
synthetic_04590,fine_tuning,fine_tuning,cluster_t4,alibaba_gpu_type_pool,T4,1,4,7e-05,T4,1,4.0,22.3515625
synthetic_04592,fine_tuning,fine_tuning,cluster_t4,alibaba_gpu_type_pool,T4,1,8,7e-05,T4,1,11.908,46.0
synthetic_04612,preprocessing,preprocessing,cluster_g2,alibaba_gpu_type_pool,G2,1,1,0.00025,,1,3.152,5.46875
synthetic_04627,preprocessing,preprocessing,cluster_g2,alibaba_gpu_type_pool,G2,1,1,0.00035,,1,3.152,5.46875
synthetic_04641,preprocessing,preprocessing,cluster_g2,alibaba_gpu_type_pool,G2,1,1,0.0028,,8,64.2,257.0
synthetic_04653,preprocessing,preprocessing,cluster_g2,alibaba_gpu_type_pool,G2,1,1,0.00025,,1,11.3,48.0
synthetic_04715,preprocessing,preprocessing,cluster_g2,alibaba_gpu_type_pool,G2,1,1,0.00025,,1,11.3,48.0
synthetic_04719,preprocessing,preprocessing,cluster_g2,alibaba_gpu_type_pool,G2,1,1,0.00025,,1,15.7,57.0
synthetic_04740,preprocessing,preprocessing,cluster_g2,alibaba_gpu_type_pool,G2,1,1,7e-05,,1,4.152,10.3515625
synthetic_04755,preprocessing,preprocessing,cluster_g2,alibaba_gpu_type_pool,G2,1,1,0.00025,,1,3.152,5.46875
synthetic_04798,fine_tuning,fine_tuning,cluster_t4,alibaba_gpu_type_pool,T4,1,2,7e-05,T4,1,15.7,57.0
synthetic_04823,preprocessing,preprocessing,cluster_g2,alibaba_gpu_type_pool,G2,1,1,0.00025,,1,8.0,29.8017578125
synthetic_04827,preprocessing,preprocessing,cluster_g2,alibaba_gpu_type_pool,G2,1,1,7e-05,,1,11.908,46.0
synthetic_04947,fine_tuning,fine_tuning,cluster_t4,alibaba_gpu_type_pool,T4,1,8,7e-05,T4,1,8.0,16.0
synthetic_04955,fine_tuning,fine_tuning,cluster_t4,alibaba_gpu_type_pool,T4,1,10,7e-05,T4,1,14.2,57.0
synthetic_04989,preprocessing,preprocessing,cluster_g2,alibaba_gpu_type_pool,G2,1,1,0.00025,,1,11.3,37.0
synthetic_00232,preprocessing,preprocessing,cluster_g2,alibaba_gpu_type_pool,G2,2,1,0.00025,,1,18.708,63.0
synthetic_00350,fine_tuning,fine_tuning,cluster_t4,alibaba_gpu_type_pool,T4,2,2,7e-05,T4,1,11.4,47.0
synthetic_00399,fine_tuning,fine_tuning,cluster_t4,alibaba_gpu_type_pool,T4,2,1,7e-05,T4,1,8.0,29.8017578125
synthetic_00463,preprocessing,preprocessing,cluster_g2,alibaba_gpu_type_pool,G2,2,1,0.00025,,1,11.908,46.0
synthetic_00583,preprocessing,preprocessing,cluster_g2,alibaba_gpu_type_pool,G2,2,4,0.00035,,1,12.0,24.0
synthetic_00736,preprocessing,preprocessing,cluster_g2,alibaba_gpu_type_pool,G2,2,3,7e-05,,1,24.2,91.0
synthetic_00904,fine_tuning,fine_tuning,cluster_t4,alibaba_gpu_type_pool,T4,2,1,7e-05,T4,1,16.0,64.0
synthetic_00968,preprocessing,preprocessing,cluster_g2,alibaba_gpu_type_pool,G2,2,1,0.00015,,1,3.152,5.46875
synthetic_01123,training,training,cluster_v100m16,alibaba_gpu_type_pool,V100M16,2,1,0.00025,V100M16|V100M32,1,11.3,48.0
synthetic_01335,fine_tuning,fine_tuning,cluster_g2,alibaba_gpu_type_pool,G2,2,6,0.00035,G2,1,15.2,79.0
synthetic_01582,preprocessing,preprocessing,cluster_g2,alibaba_gpu_type_pool,G2,2,1,7e-05,,1,8.0,29.8017578125
synthetic_01645,preprocessing,preprocessing,cluster_g2,alibaba_gpu_type_pool,G2,2,2,0.00035,,1,4.0,14.900390625
synthetic_01908,preprocessing,preprocessing,cluster_g2,alibaba_gpu_type_pool,G2,2,5,7e-05,,1,4.0,14.900390625
synthetic_02147,preprocessing,preprocessing,cluster_g2,alibaba_gpu_type_pool,G2,2,13,0.00025,,1,18.708,63.0
synthetic_02195,preprocessing,preprocessing,cluster_g2,alibaba_gpu_type_pool,G2,2,1,0.00035,,1,8.0,29.8017578125
synthetic_02252,preprocessing,preprocessing,cluster_g2,alibaba_gpu_type_pool,G2,2,1,0.00025,,1,11.3,48.0
synthetic_02428,preprocessing,preprocessing,cluster_g2,alibaba_gpu_type_pool,G2,2,1,7e-05,,1,3.152,5.46875
synthetic_02577,preprocessing,preprocessing,cluster_g2,alibaba_gpu_type_pool,G2,2,6,0.00025,G2|P100|T4|V100M16|V100M32,1,16.4,123.0
synthetic_02660,preprocessing,preprocessing,cluster_g2,alibaba_gpu_type_pool,G2,2,1,0.00015,,1,3.152,5.46875
synthetic_02685,fine_tuning,fine_tuning,cluster_t4,alibaba_gpu_type_pool,T4,2,1,7e-05,T4,1,11.4,47.0
synthetic_02698,preprocessing,preprocessing,cluster_g2,alibaba_gpu_type_pool,G2,2,2,7e-05,,1,8.0,16.0
synthetic_02924,fine_tuning,fine_tuning,cluster_t4,alibaba_gpu_type_pool,T4,2,1,7e-05,T4,1,3.152,5.46875
synthetic_02930,preprocessing,preprocessing,cluster_g2,alibaba_gpu_type_pool,G2,2,1,0.00015,,1,3.152,5.46875
synthetic_02967,fine_tuning,fine_tuning,cluster_t4,alibaba_gpu_type_pool,T4,2,2,7e-05,T4,1,4.0,14.900390625
synthetic_03202,fine_tuning,fine_tuning,cluster_g2,alibaba_gpu_type_pool,G2,2,7,0.00035,G2,1,12.0,16.0
synthetic_03278,preprocessing,preprocessing,cluster_g2,alibaba_gpu_type_pool,G2,2,2,0.00035,,1,12.0,16.0
synthetic_03580,preprocessing,preprocessing,cluster_g2,alibaba_gpu_type_pool,G2,2,3,0.00025,,1,11.908,46.0
synthetic_03856,preprocessing,preprocessing,cluster_g2,alibaba_gpu_type_pool,G2,2,1,0.00035,,1,11.4,47.0
synthetic_03902,preprocessing,preprocessing,cluster_g2,alibaba_gpu_type_pool,G2,2,1,0.00035,,1,11.908,46.0
synthetic_03977,fine_tuning,fine_tuning,cluster_t4,alibaba_gpu_type_pool,T4,2,1,7e-05,T4,1,11.908,46.0
synthetic_04350,preprocessing,preprocessing,cluster_g2,alibaba_gpu_type_pool,G2,2,1,0.00025,,1,8.0,29.8017578125
synthetic_04629,preprocessing,preprocessing,cluster_g2,alibaba_gpu_type_pool,G2,2,1,7e-05,,1,3.152,5.46875
synthetic_04973,preprocessing,preprocessing,cluster_g2,alibaba_gpu_type_pool,G2,2,2,7e-05,,1,3.152,5.46875
synthetic_00018,preprocessing,preprocessing,cluster_g2,alibaba_gpu_type_pool,G2,3,1,0.00035,,1,11.4,47.0
synthetic_00052,training,training,cluster_v100m16,alibaba_gpu_type_pool,V100M16,3,2,0.00025,V100M16|V100M32,1,11.4,47.0
synthetic_00119,fine_tuning,fine_tuning,cluster_t4,alibaba_gpu_type_pool,T4,3,1,7e-05,T4,1,3.152,5.46875
synthetic_00184,preprocessing,preprocessing,cluster_g2,alibaba_gpu_type_pool,G2,3,1,0.00035,,1,3.152,5.46875
synthetic_00218,preprocessing,preprocessing,cluster_g2,alibaba_gpu_type_pool,G2,3,1,0.00025,,1,3.152,5.46875
synthetic_00686,preprocessing,preprocessing,cluster_g2,alibaba_gpu_type_pool,G2,3,2,0.00025,,1,3.152,5.46875
synthetic_01310,preprocessing,preprocessing,cluster_g2,alibaba_gpu_type_pool,G2,3,1,0.00035,,1,3.152,5.46875
synthetic_01443,preprocessing,preprocessing,cluster_g2,alibaba_gpu_type_pool,G2,3,1,7e-05,,1,11.908,46.0
synthetic_01487,fine_tuning,fine_tuning,cluster_p100,alibaba_gpu_type_pool,P100,3,1,0.00025,P100,1,4.0,29.8017578125
synthetic_01549,preprocessing,preprocessing,cluster_g2,alibaba_gpu_type_pool,G2,3,1,0.00025,,1,3.152,5.46875
synthetic_01630,preprocessing,preprocessing,cluster_g2,alibaba_gpu_type_pool,G2,3,1,7e-05,,1,11.3,48.0
synthetic_01779,preprocessing,preprocessing,cluster_g2,alibaba_gpu_type_pool,G2,3,1,0.00025,,1,3.152,5.46875
synthetic_01848,preprocessing,preprocessing,cluster_g2,alibaba_gpu_type_pool,G2,3,7,0.00025,,1,8.0,16.0
synthetic_01944,preprocessing,preprocessing,cluster_g2,alibaba_gpu_type_pool,G2,3,6,0.00035,,1,14.2,57.0
synthetic_01955,preprocessing,preprocessing,cluster_g2,alibaba_gpu_type_pool,G2,3,1,0.00025,,1,18.708,63.0
synthetic_02118,preprocessing,preprocessing,cluster_g2,alibaba_gpu_type_pool,G2,3,16,0.00025,,1,16.0,64.0
synthetic_02228,fine_tuning,fine_tuning,cluster_t4,alibaba_gpu_type_pool,T4,3,1,7e-05,T4,1,3.152,5.46875
synthetic_02319,fine_tuning,fine_tuning,cluster_t4,alibaba_gpu_type_pool,T4,3,5,7e-05,T4,1,15.2,79.0
synthetic_02454,fine_tuning,fine_tuning,cluster_p100,alibaba_gpu_type_pool,P100,3,16,0.00025,P100,1,8.0,29.8017578125
synthetic_02572,preprocessing,preprocessing,cluster_g2,alibaba_gpu_type_pool,G2,3,1,0.00035,,1,11.3,48.0
synthetic_02678,preprocessing,preprocessing,cluster_g2,alibaba_gpu_type_pool,G2,3,1,0.00025,,1,3.152,5.46875
synthetic_02728,fine_tuning,fine_tuning,cluster_t4,alibaba_gpu_type_pool,T4,3,1,7e-05,T4,1,8.0,29.8017578125
synthetic_02811,preprocessing,preprocessing,cluster_g2,alibaba_gpu_type_pool,G2,3,1,7e-05,,1,8.2,33.0
synthetic_02881,fine_tuning,fine_tuning,cluster_t4,alibaba_gpu_type_pool,T4,3,1,7e-05,T4,1,3.152,5.46875
synthetic_02935,preprocessing,preprocessing,cluster_g2,alibaba_gpu_type_pool,G2,3,1,0.00035,G2|P100|T4|V100M16|V100M32,1,8.0,29.8017578125
synthetic_02954,preprocessing,preprocessing,cluster_g2,alibaba_gpu_type_pool,G2,3,3,7e-05,,1,12.0,24.0
synthetic_03258,fine_tuning,fine_tuning,cluster_t4,alibaba_gpu_type_pool,T4,3,1,7e-05,T4,1,11.3,48.0
synthetic_03351,preprocessing,preprocessing,cluster_g2,alibaba_gpu_type_pool,G2,3,2,0.00025,,1,11.4,47.0
synthetic_03596,fine_tuning,fine_tuning,cluster_g2,alibaba_gpu_type_pool,G2,3,1,0.0028,G2,8,88.0,320.0
synthetic_03897,preprocessing,preprocessing,cluster_g2,alibaba_gpu_type_pool,G2,3,5,0.00035,,1,4.0,24.0
synthetic_03934,preprocessing,preprocessing,cluster_g2,alibaba_gpu_type_pool,G2,3,1,0.00025,,1,3.152,5.46875
synthetic_04084,preprocessing,preprocessing,cluster_g2,alibaba_gpu_type_pool,G2,3,1,0.00035,,1,3.152,5.46875
synthetic_04109,fine_tuning,fine_tuning,cluster_g2,alibaba_gpu_type_pool,G2,3,1,0.00035,G2,1,3.152,5.46875
synthetic_04221,preprocessing,preprocessing,cluster_g2,alibaba_gpu_type_pool,G2,3,1,0.00025,,1,3.152,5.46875
synthetic_04331,fine_tuning,fine_tuning,cluster_t4,alibaba_gpu_type_pool,T4,3,1,7e-05,T4,1,3.152,5.46875
synthetic_04542,preprocessing,preprocessing,cluster_g2,alibaba_gpu_type_pool,G2,3,1,0.00035,,1,11.4,47.0
synthetic_00078,preprocessing,preprocessing,cluster_g2,alibaba_gpu_type_pool,G2,4,1,0.00015,,1,11.908,46.0
synthetic_00144,preprocessing,preprocessing,cluster_g2,alibaba_gpu_type_pool,G2,4,3,0.00025,,1,9.81,40.5859375
synthetic_00224,preprocessing,preprocessing,cluster_g2,alibaba_gpu_type_pool,G2,4,1,0.00025,,1,3.152,5.46875
synthetic_00437,preprocessing,preprocessing,cluster_g2,alibaba_gpu_type_pool,G2,4,1,7e-05,,1,11.3,48.0
synthetic_00450,fine_tuning,fine_tuning,cluster_g2,alibaba_gpu_type_pool,G2,4,1,0.00035,G2,1,11.4,47.0
synthetic_00592,preprocessing,preprocessing,cluster_v100m16,alibaba_gpu_type_pool,V100M16,4,2,0.00025,P100|V100M16|V100M32,1,11.4,47.0
synthetic_00659,preprocessing,preprocessing,cluster_g2,alibaba_gpu_type_pool,G2,4,1,0.00035,,1,16.0,32.0
synthetic_00756,fine_tuning,fine_tuning,cluster_g2,alibaba_gpu_type_pool,G2,4,3,0.00035,G2,1,8.0,16.0
synthetic_00767,preprocessing,preprocessing,cluster_g2,alibaba_gpu_type_pool,G2,4,2,0.00025,,1,3.152,5.46875
synthetic_01132,preprocessing,preprocessing,cluster_g2,alibaba_gpu_type_pool,G2,4,2,7e-05,,1,11.3,48.0
synthetic_01140,preprocessing,preprocessing,cluster_g2,alibaba_gpu_type_pool,G2,4,2,0.00025,,1,11.908,46.0
synthetic_01193,fine_tuning,fine_tuning,cluster_p100,alibaba_gpu_type_pool,P100,4,1,0.00025,P100,1,3.152,5.46875
synthetic_01230,fine_tuning,fine_tuning,cluster_t4,alibaba_gpu_type_pool,T4,4,1,7e-05,T4,1,12.0,15.0
synthetic_01241,preprocessing,preprocessing,cluster_g2,alibaba_gpu_type_pool,G2,4,6,0.00025,,1,11.908,46.0
synthetic_01354,fine_tuning,fine_tuning,cluster_t4,alibaba_gpu_type_pool,T4,4,1,7e-05,T4,1,4.0,29.8017578125
synthetic_01441,preprocessing,preprocessing,cluster_g2,alibaba_gpu_type_pool,G2,4,2,0.00025,,1,4.0,24.0
synthetic_01499,preprocessing,preprocessing,cluster_g2,alibaba_gpu_type_pool,G2,4,1,0.00015,,1,11.3,48.0
synthetic_01569,preprocessing,preprocessing,cluster_g2,alibaba_gpu_type_pool,G2,4,1,7e-05,,1,11.3,48.0
synthetic_01594,fine_tuning,fine_tuning,cluster_t4,alibaba_gpu_type_pool,T4,4,7,7e-05,T4,1,4.0,29.8017578125
synthetic_01632,fine_tuning,fine_tuning,cluster_g2,alibaba_gpu_type_pool,G2,4,2,0.00035,G2,1,11.4,47.0
synthetic_02184,fine_tuning,fine_tuning,cluster_t4,alibaba_gpu_type_pool,T4,4,1,7e-05,T4,1,3.152,5.46875
synthetic_02317,preprocessing,preprocessing,cluster_g2,alibaba_gpu_type_pool,G2,4,13,0.00025,,1,11.4,76.0
synthetic_02330,fine_tuning,fine_tuning,cluster_t4,alibaba_gpu_type_pool,T4,4,5,7e-05,T4,1,8.0,16.0
synthetic_02500,preprocessing,preprocessing,cluster_g2,alibaba_gpu_type_pool,G2,4,1,0.00035,,1,11.3,48.0
synthetic_02523,fine_tuning,fine_tuning,cluster_g2,alibaba_gpu_type_pool,G2,4,6,0.00035,G2,1,15.2,79.0
synthetic_02696,preprocessing,preprocessing,cluster_g2,alibaba_gpu_type_pool,G2,4,3,0.00025,,1,15.7,57.0
synthetic_02761,preprocessing,preprocessing,cluster_g2,alibaba_gpu_type_pool,G2,4,1,0.00025,,1,18.708,63.0
synthetic_02902,preprocessing,preprocessing,cluster_g2,alibaba_gpu_type_pool,G2,4,2,7e-05,,1,18.708,63.0
synthetic_02908,preprocessing,preprocessing,cluster_g2,alibaba_gpu_type_pool,G2,4,3,0.00035,,1,11.9,76.0
synthetic_03060,fine_tuning,fine_tuning,cluster_t4,alibaba_gpu_type_pool,T4,4,2,7e-05,T4,1,11.3,48.0
synthetic_03092,fine_tuning,fine_tuning,cluster_p100,alibaba_gpu_type_pool,P100,4,1,0.00025,P100,1,8.0,29.8017578125
synthetic_03279,fine_tuning,fine_tuning,cluster_p100,alibaba_gpu_type_pool,P100,4,1,0.00025,P100,1,11.908,46.0
synthetic_03303,preprocessing,preprocessing,cluster_g2,alibaba_gpu_type_pool,G2,4,1,0.00035,,1,3.152,5.46875
synthetic_03314,preprocessing,preprocessing,cluster_g2,alibaba_gpu_type_pool,G2,4,16,0.00035,,1,3.152,5.46875
synthetic_03335,preprocessing,preprocessing,cluster_g2,alibaba_gpu_type_pool,G2,4,3,0.00025,,1,11.9,76.0
synthetic_03451,fine_tuning,fine_tuning,cluster_p100,alibaba_gpu_type_pool,P100,4,1,0.00025,P100,1,8.0,29.8017578125
synthetic_03590,fine_tuning,fine_tuning,cluster_t4,alibaba_gpu_type_pool,T4,4,7,7e-05,T4,1,4.0,22.3515625
synthetic_03863,preprocessing,preprocessing,cluster_g2,alibaba_gpu_type_pool,G2,4,1,0.002,,8,64.2,257.0
synthetic_04065,preprocessing,preprocessing,cluster_g2,alibaba_gpu_type_pool,G2,4,1,7e-05,,1,12.0,16.0
synthetic_04170,preprocessing,preprocessing,cluster_g2,alibaba_gpu_type_pool,G2,4,2,0.00035,,1,11.908,46.0
synthetic_04242,preprocessing,preprocessing,cluster_g2,alibaba_gpu_type_pool,G2,4,1,0.00035,,1,24.2,91.0
synthetic_04377,preprocessing,preprocessing,cluster_g2,alibaba_gpu_type_pool,G2,4,2,0.00025,,1,4.0,22.3515625
synthetic_04524,preprocessing,preprocessing,cluster_g2,alibaba_gpu_type_pool,G2,4,1,0.00035,,1,14.2,57.0
synthetic_04777,preprocessing,preprocessing,cluster_g2,alibaba_gpu_type_pool,G2,4,2,7e-05,,1,3.152,5.46875
synthetic_04819,preprocessing,preprocessing,cluster_g2,alibaba_gpu_type_pool,G2,4,6,0.00035,,1,3.152,5.46875
synthetic_04822,preprocessing,preprocessing,cluster_g2,alibaba_gpu_type_pool,G2,4,4,0.00025,,1,9.81,40.5859375
synthetic_04838,fine_tuning,fine_tuning,cluster_t4,alibaba_gpu_type_pool,T4,4,13,7e-05,T4,1,9.81,40.5859375
synthetic_00103,preprocessing,preprocessing,cluster_g2,alibaba_gpu_type_pool,G2,5,1,0.00035,,1,3.152,5.46875
synthetic_00111,preprocessing,preprocessing,cluster_g2,alibaba_gpu_type_pool,G2,5,1,0.00025,,1,3.152,5.46875
synthetic_00335,preprocessing,preprocessing,cluster_g2,alibaba_gpu_type_pool,G2,5,1,0.00035,,1,3.152,5.46875
synthetic_00411,preprocessing,preprocessing,cluster_g2,alibaba_gpu_type_pool,G2,5,1,0.00035,,1,3.152,5.46875
synthetic_00426,preprocessing,preprocessing,cluster_g2,alibaba_gpu_type_pool,G2,5,1,0.00015,,1,12.0,16.0
synthetic_00513,preprocessing,preprocessing,cluster_g2,alibaba_gpu_type_pool,G2,5,4,0.00025,,1,11.908,46.0
synthetic_00572,preprocessing,preprocessing,cluster_g2,alibaba_gpu_type_pool,G2,5,1,7e-05,,1,3.152,5.46875
synthetic_00658,preprocessing,preprocessing,cluster_g2,alibaba_gpu_type_pool,G2,5,5,0.00025,,1,15.7,57.0
synthetic_00733,preprocessing,preprocessing,cluster_g2,alibaba_gpu_type_pool,G2,5,2,0.00015,,1,11.3,48.0
synthetic_00743,preprocessing,preprocessing,cluster_g2,alibaba_gpu_type_pool,G2,5,2,0.00035,,1,11.908,46.0
synthetic_00829,fine_tuning,fine_tuning,cluster_t4,alibaba_gpu_type_pool,T4,5,1,7e-05,T4,1,3.152,5.46875
synthetic_00889,preprocessing,preprocessing,cluster_g2,alibaba_gpu_type_pool,G2,5,2,0.00025,,1,3.152,5.46875
synthetic_01089,fine_tuning,fine_tuning,cluster_t4,alibaba_gpu_type_pool,T4,5,1,7e-05,T4,1,11.4,47.0
synthetic_01134,preprocessing,preprocessing,cluster_g2,alibaba_gpu_type_pool,G2,5,5,0.00035,,1,4.0,30.517578125
synthetic_01304,preprocessing,preprocessing,cluster_g2,alibaba_gpu_type_pool,G2,5,1,7e-05,,1,8.0,29.8017578125
synthetic_01684,preprocessing,preprocessing,cluster_g2,alibaba_gpu_type_pool,G2,5,1,0.00035,,1,3.152,5.46875
synthetic_01751,fine_tuning,fine_tuning,cluster_t4,alibaba_gpu_type_pool,T4,5,3,7e-05,T4,1,4.0,14.900390625
synthetic_02358,training,training,cluster_v100m32,alibaba_gpu_type_pool,V100M32,5,1,0.00025,V100M16|V100M32,1,11.3,48.0
synthetic_02417,preprocessing,preprocessing,cluster_g2,alibaba_gpu_type_pool,G2,5,1,0.00025,,1,18.708,63.0
synthetic_02422,preprocessing,preprocessing,cluster_g2,alibaba_gpu_type_pool,G2,5,1,0.00025,,1,3.152,5.46875
synthetic_02477,fine_tuning,fine_tuning,cluster_t4,alibaba_gpu_type_pool,T4,5,1,7e-05,T4,1,3.152,5.46875
synthetic_02528,preprocessing,preprocessing,cluster_g2,alibaba_gpu_type_pool,G2,5,2,0.00035,,1,4.152,10.3515625
synthetic_02988,preprocessing,preprocessing,cluster_g2,alibaba_gpu_type_pool,G2,5,1,0.00025,,1,3.152,5.46875
synthetic_03038,fine_tuning,fine_tuning,cluster_t4,alibaba_gpu_type_pool,T4,5,5,7e-05,T4,1,2.0,8.0
synthetic_03041,preprocessing,preprocessing,cluster_g2,alibaba_gpu_type_pool,G2,5,4,0.00025,,1,11.3,48.0
synthetic_03284,preprocessing,preprocessing,cluster_g2,alibaba_gpu_type_pool,G2,5,1,7e-05,,1,11.908,46.0
synthetic_03453,preprocessing,preprocessing,cluster_v100m32,alibaba_gpu_type_pool,V100M32,5,3,0.00025,P100|V100M16|V100M32,1,11.4,76.0
synthetic_03482,preprocessing,preprocessing,cluster_g2,alibaba_gpu_type_pool,G2,5,5,0.00025,,1,9.81,40.5859375
synthetic_03565,preprocessing,preprocessing,cluster_g2,alibaba_gpu_type_pool,G2,5,5,0.00035,,1,4.0,24.0
synthetic_03714,fine_tuning,fine_tuning,cluster_t4,alibaba_gpu_type_pool,T4,5,4,7e-05,T4,1,15.7,57.0
synthetic_03828,preprocessing,preprocessing,cluster_g2,alibaba_gpu_type_pool,G2,5,13,0.00025,,1,12.0,24.0
synthetic_04182,preprocessing,preprocessing,cluster_g2,alibaba_gpu_type_pool,G2,5,1,0.00025,,1,3.152,5.46875
synthetic_04346,preprocessing,preprocessing,cluster_g2,alibaba_gpu_type_pool,G2,5,1,0.00035,,1,3.152,5.46875
synthetic_04365,preprocessing,preprocessing,cluster_g2,alibaba_gpu_type_pool,G2,5,7,7e-05,,1,12.0,15.0
synthetic_04493,preprocessing,preprocessing,cluster_g2,alibaba_gpu_type_pool,G2,5,1,0.00025,,1,3.152,5.46875
synthetic_04734,preprocessing,preprocessing,cluster_g2,alibaba_gpu_type_pool,G2,5,2,0.00035,,1,3.152,5.46875
synthetic_04786,fine_tuning,fine_tuning,cluster_t4,alibaba_gpu_type_pool,T4,5,2,7e-05,T4,1,4.0,14.900390625
synthetic_04999,training,training,cluster_v100m16,alibaba_gpu_type_pool,V100M16,5,1,0.00025,V100M16|V100M32,1,11.4,47.0
synthetic_00039,fine_tuning,fine_tuning,cluster_g2,alibaba_gpu_type_pool,G2,6,1,0.00035,G2,1,11.4,47.0
synthetic_00054,preprocessing,preprocessing,cluster_g2,alibaba_gpu_type_pool,G2,6,1,0.00025,,1,3.152,5.46875
synthetic_00118,fine_tuning,fine_tuning,cluster_g2,alibaba_gpu_type_pool,G2,6,1,0.00035,G2,1,3.152,5.46875
synthetic_00237,preprocessing,preprocessing,cluster_g2,alibaba_gpu_type_pool,G2,6,5,7e-05,,1,11.3,48.0
synthetic_00313,preprocessing,preprocessing,cluster_g2,alibaba_gpu_type_pool,G2,6,4,0.00035,,1,11.908,46.0
synthetic_00343,preprocessing,preprocessing,cluster_g2,alibaba_gpu_type_pool,G2,6,3,7e-05,,1,11.3,48.0
synthetic_00357,preprocessing,preprocessing,cluster_g2,alibaba_gpu_type_pool,G2,6,11,0.00035,,1,3.152,5.46875
synthetic_00486,preprocessing,preprocessing,cluster_g2,alibaba_gpu_type_pool,G2,6,1,0.00025,,1,9.81,40.5859375
synthetic_00536,preprocessing,preprocessing,cluster_g2,alibaba_gpu_type_pool,G2,6,1,0.00025,,1,3.152,5.46875
synthetic_00628,preprocessing,preprocessing,cluster_g2,alibaba_gpu_type_pool,G2,6,1,0.00035,,1,4.0,24.0
synthetic_00681,fine_tuning,fine_tuning,cluster_g2,alibaba_gpu_type_pool,G2,6,14,0.00035,G2,1,11.4,47.0
synthetic_00721,fine_tuning,fine_tuning,cluster_g2,alibaba_gpu_type_pool,G2,6,2,0.00035,G2,1,16.0,32.0
synthetic_00738,fine_tuning,fine_tuning,cluster_t4,alibaba_gpu_type_pool,T4,6,3,7e-05,T4,1,16.0,32.0
synthetic_01027,fine_tuning,fine_tuning,cluster_t4,alibaba_gpu_type_pool,T4,6,1,7e-05,T4,1,3.152,5.46875
synthetic_01075,preprocessing,preprocessing,cluster_g2,alibaba_gpu_type_pool,G2,6,1,0.00035,,1,6.0,12.0
synthetic_01113,preprocessing,preprocessing,cluster_g2,alibaba_gpu_type_pool,G2,6,2,0.00035,,1,3.152,5.46875
synthetic_01262,fine_tuning,fine_tuning,cluster_t4,alibaba_gpu_type_pool,T4,6,1,7e-05,T4,1,3.152,5.46875
synthetic_01317,preprocessing,preprocessing,cluster_g2,alibaba_gpu_type_pool,G2,6,1,0.00025,,1,3.152,5.46875
synthetic_01385,preprocessing,preprocessing,cluster_g2,alibaba_gpu_type_pool,G2,6,5,7e-05,,1,16.0,32.0
synthetic_01476,preprocessing,preprocessing,cluster_g2,alibaba_gpu_type_pool,G2,6,2,0.00035,,1,11.3,48.0
synthetic_01703,preprocessing,preprocessing,cluster_g2,alibaba_gpu_type_pool,G2,6,1,0.00035,,1,11.908,46.0
synthetic_01733,fine_tuning,fine_tuning,cluster_t4,alibaba_gpu_type_pool,T4,6,5,7e-05,T4,1,4.0,24.0
synthetic_01767,preprocessing,preprocessing,cluster_v100m32,alibaba_gpu_type_pool,V100M32,6,1,0.00025,P100|V100M16|V100M32,1,18.708,63.0
synthetic_01948,preprocessing,preprocessing,cluster_g2,alibaba_gpu_type_pool,G2,6,1,0.00025,,1,11.3,48.0
synthetic_02075,preprocessing,preprocessing,cluster_g2,alibaba_gpu_type_pool,G2,6,1,7e-05,,1,3.152,5.46875
synthetic_02151,fine_tuning,fine_tuning,cluster_g2,alibaba_gpu_type_pool,G2,6,2,0.00035,G2,1,1.0,6.0
synthetic_02244,preprocessing,preprocessing,cluster_g2,alibaba_gpu_type_pool,G2,6,5,7e-05,,1,12.0,24.0
synthetic_02325,fine_tuning,fine_tuning,cluster_g2,alibaba_gpu_type_pool,G2,6,8,0.00035,G2,1,6.0,32.0
synthetic_02427,preprocessing,preprocessing,cluster_g2,alibaba_gpu_type_pool,G2,6,3,7e-05,,1,15.7,57.0
synthetic_02558,preprocessing,preprocessing,cluster_g2,alibaba_gpu_type_pool,G2,6,1,0.00025,,1,3.152,5.46875
synthetic_02609,preprocessing,preprocessing,cluster_g2,alibaba_gpu_type_pool,G2,6,4,0.00025,,1,11.4,47.0
synthetic_02712,training,training,cluster_p100,alibaba_gpu_type_pool,P100,6,2,0.00025,P100|V100M16,1,11.3,48.0
synthetic_02776,preprocessing,preprocessing,cluster_g2,alibaba_gpu_type_pool,G2,6,1,0.00035,,1,11.908,46.0
synthetic_02809,preprocessing,preprocessing,cluster_g2,alibaba_gpu_type_pool,G2,6,1,0.00035,,1,11.908,46.0
synthetic_03247,training,training,cluster_v100m16,alibaba_gpu_type_pool,V100M16,6,1,0.00025,V100M16|V100M32,1,11.3,48.0
synthetic_03371,preprocessing,preprocessing,cluster_g2,alibaba_gpu_type_pool,G2,6,14,0.00025,,1,11.908,46.0
synthetic_03476,preprocessing,preprocessing,cluster_g2,alibaba_gpu_type_pool,G2,6,1,0.00025,,1,11.3,48.0
synthetic_03488,preprocessing,preprocessing,cluster_g2,alibaba_gpu_type_pool,G2,6,2,0.00025,,1,11.908,46.0
synthetic_03526,preprocessing,preprocessing,cluster_g2,alibaba_gpu_type_pool,G2,6,1,0.00035,,1,3.152,5.46875
synthetic_03556,preprocessing,preprocessing,cluster_g2,alibaba_gpu_type_pool,G2,6,3,0.00035,,1,6.0,23.0
synthetic_03632,fine_tuning,fine_tuning,cluster_t4,alibaba_gpu_type_pool,T4,6,1,7e-05,T4,1,11.3,48.0
synthetic_03957,fine_tuning,fine_tuning,cluster_g2,alibaba_gpu_type_pool,G2,6,3,0.00035,G2,1,8.0,16.0
synthetic_04116,fine_tuning,fine_tuning,cluster_t4,alibaba_gpu_type_pool,T4,6,2,7e-05,T4,1,14.2,57.0
synthetic_04217,preprocessing,preprocessing,cluster_g2,alibaba_gpu_type_pool,G2,6,1,0.00035,,1,11.908,46.0
synthetic_04248,fine_tuning,fine_tuning,cluster_t4,alibaba_gpu_type_pool,T4,6,2,7e-05,T4,1,4.0,14.900390625
synthetic_04285,preprocessing,preprocessing,cluster_g2,alibaba_gpu_type_pool,G2,6,15,7e-05,,1,11.908,46.0
synthetic_04295,preprocessing,preprocessing,cluster_g2,alibaba_gpu_type_pool,G2,6,2,0.00035,,1,3.152,5.46875
synthetic_04302,preprocessing,preprocessing,cluster_g2,alibaba_gpu_type_pool,G2,6,1,0.00025,,1,3.152,5.46875
synthetic_04338,preprocessing,preprocessing,cluster_g2,alibaba_gpu_type_pool,G2,6,1,0.00025,,1,3.152,5.46875
synthetic_04466,fine_tuning,fine_tuning,cluster_t4,alibaba_gpu_type_pool,T4,6,1,7e-05,T4,1,4.0,22.3515625
synthetic_04491,preprocessing,preprocessing,cluster_p100,alibaba_gpu_type_pool,P100,6,5,0.00025,P100|V100M16|V100M32,1,8.0,16.0
synthetic_04600,preprocessing,preprocessing,cluster_g2,alibaba_gpu_type_pool,G2,6,5,0.00025,,1,12.0,24.0
synthetic_04700,preprocessing,preprocessing,cluster_g2,alibaba_gpu_type_pool,G2,6,1,0.00025,,1,3.152,5.46875
synthetic_04839,fine_tuning,fine_tuning,cluster_t4,alibaba_gpu_type_pool,T4,6,1,7e-05,T4,1,3.152,5.46875
synthetic_04917,preprocessing,preprocessing,cluster_g2,alibaba_gpu_type_pool,G2,6,1,0.00035,,1,4.0,22.3515625
synthetic_04928,fine_tuning,fine_tuning,cluster_t4,alibaba_gpu_type_pool,T4,6,3,7e-05,T4,1,9.81,40.5859375
synthetic_00182,training,training,cluster_v100m16,alibaba_gpu_type_pool,V100M16,7,3,0.00025,V100M16|V100M32,1,15.7,57.0
synthetic_00192,preprocessing,preprocessing,cluster_g2,alibaba_gpu_type_pool,G2,7,1,0.00035,,1,15.2,79.0
synthetic_00492,preprocessing,preprocessing,cluster_g2,alibaba_gpu_type_pool,G2,7,1,7e-05,,1,14.2,57.0
synthetic_00631,preprocessing,preprocessing,cluster_g2,alibaba_gpu_type_pool,G2,7,1,0.00035,,1,11.3,48.0
synthetic_00709,preprocessing,preprocessing,cluster_g2,alibaba_gpu_type_pool,G2,7,2,0.00025,,1,11.3,37.0
synthetic_01046,fine_tuning,fine_tuning,cluster_t4,alibaba_gpu_type_pool,T4,7,4,7e-05,T4,1,11.4,47.0
synthetic_01095,fine_tuning,fine_tuning,cluster_v100m32,alibaba_gpu_type_pool,V100M32,7,1,0.00025,V100M32,1,11.3,48.0
synthetic_01209,fine_tuning,fine_tuning,cluster_t4,alibaba_gpu_type_pool,T4,7,1,7e-05,T4,1,4.0,29.8017578125
synthetic_01293,preprocessing,preprocessing,cluster_g2,alibaba_gpu_type_pool,G2,7,1,7e-05,,1,11.4,47.0
synthetic_01505,preprocessing,preprocessing,cluster_g2,alibaba_gpu_type_pool,G2,7,1,0.00025,,1,3.152,5.46875
synthetic_01550,fine_tuning,fine_tuning,cluster_t4,alibaba_gpu_type_pool,T4,7,3,7e-05,T4,1,11.4,47.0
synthetic_01577,fine_tuning,fine_tuning,cluster_t4,alibaba_gpu_type_pool,T4,7,1,7e-05,T4,1,4.152,10.3515625
synthetic_01598,preprocessing,preprocessing,cluster_g2,alibaba_gpu_type_pool,G2,7,1,0.00025,,1,12.0,16.0
synthetic_02148,fine_tuning,fine_tuning,cluster_g2,alibaba_gpu_type_pool,G2,7,1,0.00035,G2,1,9.81,40.5859375
synthetic_02152,preprocessing,preprocessing,cluster_g2,alibaba_gpu_type_pool,G2,7,8,0.00035,,1,11.3,37.0
synthetic_02369,fine_tuning,fine_tuning,cluster_t4,alibaba_gpu_type_pool,T4,7,3,7e-05,T4,1,24.2,91.0
synthetic_02662,preprocessing,preprocessing,cluster_g2,alibaba_gpu_type_pool,G2,7,5,7e-05,,1,11.908,46.0
synthetic_02709,preprocessing,preprocessing,cluster_g2,alibaba_gpu_type_pool,G2,7,1,0.0014,,4,32.2,129.0
synthetic_02760,fine_tuning,fine_tuning,cluster_t4,alibaba_gpu_type_pool,T4,7,1,7e-05,T4,1,11.3,48.0
synthetic_02868,training,training,cluster_v100m16,alibaba_gpu_type_pool,V100M16,7,2,0.00025,V100M16|V100M32,1,11.3,48.0
synthetic_02921,preprocessing,preprocessing,cluster_g2,alibaba_gpu_type_pool,G2,7,1,0.00025,,1,3.152,5.46875
synthetic_02999,preprocessing,preprocessing,cluster_g2,alibaba_gpu_type_pool,G2,7,1,0.00025,,1,11.4,47.0
synthetic_03141,preprocessing,preprocessing,cluster_g2,alibaba_gpu_type_pool,G2,7,2,0.00025,,1,16.4,123.0
synthetic_03169,preprocessing,preprocessing,cluster_g2,alibaba_gpu_type_pool,G2,7,1,0.00025,,1,3.152,5.46875
synthetic_03192,preprocessing,preprocessing,cluster_v100m32,alibaba_gpu_type_pool,V100M32,7,1,0.00025,P100|V100M16|V100M32,1,3.152,5.46875
synthetic_03216,preprocessing,preprocessing,cluster_v100m32,alibaba_gpu_type_pool,V100M32,7,3,0.00025,P100|V100M16|V100M32,1,14.2,57.0
synthetic_03273,fine_tuning,fine_tuning,cluster_t4,alibaba_gpu_type_pool,T4,7,3,7e-05,T4,1,11.9,76.0
synthetic_03310,preprocessing,preprocessing,cluster_g2,alibaba_gpu_type_pool,G2,7,1,0.00025,,1,11.3,48.0
synthetic_03378,fine_tuning,fine_tuning,cluster_t4,alibaba_gpu_type_pool,T4,7,1,7e-05,T4,1,3.152,5.46875
synthetic_03520,fine_tuning,fine_tuning,cluster_g2,alibaba_gpu_type_pool,G2,7,1,0.00035,G2,1,3.152,5.46875
synthetic_03608,preprocessing,preprocessing,cluster_g2,alibaba_gpu_type_pool,G2,7,2,0.00025,,1,11.4,47.0
synthetic_03741,fine_tuning,fine_tuning,cluster_t4,alibaba_gpu_type_pool,T4,7,2,7e-05,T4,1,4.152,10.3515625
synthetic_03780,preprocessing,preprocessing,cluster_g2,alibaba_gpu_type_pool,G2,7,1,0.00015,,1,18.708,63.0
synthetic_03835,preprocessing,preprocessing,cluster_g2,alibaba_gpu_type_pool,G2,7,6,0.00035,,1,4.0,29.8017578125
synthetic_03906,fine_tuning,fine_tuning,cluster_p100,alibaba_gpu_type_pool,P100,7,1,0.00025,P100,1,8.0,29.8017578125
synthetic_03947,preprocessing,preprocessing,cluster_g2,alibaba_gpu_type_pool,G2,7,2,0.00035,,1,11.4,47.0
synthetic_04145,preprocessing,preprocessing,cluster_g2,alibaba_gpu_type_pool,G2,7,1,0.00035,,1,3.152,5.46875
synthetic_04276,fine_tuning,fine_tuning,cluster_t4,alibaba_gpu_type_pool,T4,7,1,7e-05,T4,1,11.9,76.0
synthetic_04417,preprocessing,preprocessing,cluster_g2,alibaba_gpu_type_pool,G2,7,5,0.00035,,1,4.0,14.900390625
synthetic_04422,preprocessing,preprocessing,cluster_g2,alibaba_gpu_type_pool,G2,7,3,0.00025,A10|G2|T4|V100M16|V100M32,1,11.4,47.0
synthetic_04433,preprocessing,preprocessing,cluster_g2,alibaba_gpu_type_pool,G2,7,1,0.00035,,1,11.4,47.0
synthetic_04451,preprocessing,preprocessing,cluster_g2,alibaba_gpu_type_pool,G2,7,1,0.00025,,1,3.152,5.46875
synthetic_04465,preprocessing,preprocessing,cluster_g2,alibaba_gpu_type_pool,G2,7,1,0.00025,,1,3.152,5.46875
synthetic_04489,preprocessing,preprocessing,cluster_g2,alibaba_gpu_type_pool,G2,7,2,0.00035,,1,11.3,48.0
synthetic_04518,fine_tuning,fine_tuning,cluster_t4,alibaba_gpu_type_pool,T4,7,5,7e-05,T4,1,4.0,24.0
synthetic_04537,preprocessing,preprocessing,cluster_g2,alibaba_gpu_type_pool,G2,7,1,0.00025,,1,11.3,48.0
synthetic_04597,preprocessing,preprocessing,cluster_g2,alibaba_gpu_type_pool,G2,7,1,7e-05,,1,11.3,48.0
synthetic_04648,preprocessing,preprocessing,cluster_g2,alibaba_gpu_type_pool,G2,7,1,0.00025,,1,18.708,63.0
synthetic_04907,preprocessing,preprocessing,cluster_g2,alibaba_gpu_type_pool,G2,7,9,0.00035,,1,11.4,76.0
synthetic_04938,preprocessing,preprocessing,cluster_g2,alibaba_gpu_type_pool,G2,7,2,0.00035,,1,16.0,32.0
synthetic_00002,preprocessing,preprocessing,cluster_g2,alibaba_gpu_type_pool,G2,8,7,0.00025,,1,11.908,46.0
synthetic_00056,preprocessing,preprocessing,cluster_g2,alibaba_gpu_type_pool,G2,8,1,0.00025,,1,11.3,48.0
synthetic_00294,fine_tuning,fine_tuning,cluster_t4,alibaba_gpu_type_pool,T4,8,1,7e-05,T4,1,11.3,48.0
synthetic_00345,preprocessing,preprocessing,cluster_g2,alibaba_gpu_type_pool,G2,8,1,7e-05,,1,11.908,46.0
synthetic_00555,fine_tuning,fine_tuning,cluster_t4,alibaba_gpu_type_pool,T4,8,2,7e-05,T4,1,11.3,48.0
synthetic_00886,preprocessing,preprocessing,cluster_g2,alibaba_gpu_type_pool,G2,8,16,7e-05,,1,8.0,29.8017578125
synthetic_00888,preprocessing,preprocessing,cluster_g2,alibaba_gpu_type_pool,G2,8,1,0.00025,,1,3.152,5.46875
synthetic_00975,preprocessing,preprocessing,cluster_g2,alibaba_gpu_type_pool,G2,8,5,0.00035,,1,4.0,24.0
synthetic_01053,preprocessing,preprocessing,cluster_g2,alibaba_gpu_type_pool,G2,8,3,0.00025,,1,15.7,57.0
synthetic_01160,preprocessing,preprocessing,cluster_g2,alibaba_gpu_type_pool,G2,8,1,0.00025,,1,24.2,91.0
synthetic_01181,preprocessing,preprocessing,cluster_g2,alibaba_gpu_type_pool,G2,8,1,0.00015,,1,3.152,5.46875
synthetic_01207,preprocessing,preprocessing,cluster_g2,alibaba_gpu_type_pool,G2,8,2,0.00025,,1,24.2,91.0
synthetic_01394,preprocessing,preprocessing,cluster_g2,alibaba_gpu_type_pool,G2,8,2,0.00025,G2|P100|T4|V100M16|V100M32,1,8.2,33.0
synthetic_01544,preprocessing,preprocessing,cluster_g2,alibaba_gpu_type_pool,G2,8,7,0.00035,,1,11.4,47.0
synthetic_01552,preprocessing,preprocessing,cluster_g2,alibaba_gpu_type_pool,G2,8,1,0.00025,,1,11.3,48.0
synthetic_01837,preprocessing,preprocessing,cluster_g2,alibaba_gpu_type_pool,G2,8,5,0.00035,,1,9.81,40.5859375
synthetic_01841,fine_tuning,fine_tuning,cluster_g3,alibaba_gpu_type_pool,G3,8,11,0.0028,G3,8,88.0,320.0
synthetic_01998,preprocessing,preprocessing,cluster_g2,alibaba_gpu_type_pool,G2,8,2,0.00025,,1,18.708,63.0
synthetic_02014,preprocessing,preprocessing,cluster_g2,alibaba_gpu_type_pool,G2,8,1,0.00035,,1,4.0,22.3515625
synthetic_02045,preprocessing,preprocessing,cluster_g2,alibaba_gpu_type_pool,G2,8,5,0.00025,,1,8.0,16.0
synthetic_02059,fine_tuning,fine_tuning,cluster_p100,alibaba_gpu_type_pool,P100,8,1,0.00025,P100,1,11.908,46.0
synthetic_02169,preprocessing,preprocessing,cluster_g2,alibaba_gpu_type_pool,G2,8,1,0.00035,,1,3.152,5.46875
synthetic_02388,preprocessing,preprocessing,cluster_g2,alibaba_gpu_type_pool,G2,8,2,0.00025,,1,8.2,33.0
synthetic_02395,preprocessing,preprocessing,cluster_g2,alibaba_gpu_type_pool,G2,8,2,0.00025,,1,3.152,5.46875
synthetic_02418,preprocessing,preprocessing,cluster_g2,alibaba_gpu_type_pool,G2,8,1,0.00035,,1,11.3,48.0
synthetic_02966,preprocessing,preprocessing,cluster_p100,alibaba_gpu_type_pool,P100,8,1,0.00025,P100|V100M16|V100M32,1,11.4,47.0
synthetic_03063,preprocessing,preprocessing,cluster_g2,alibaba_gpu_type_pool,G2,8,1,0.00025,,1,11.908,46.0
synthetic_03078,preprocessing,preprocessing,cluster_g2,alibaba_gpu_type_pool,G2,8,2,0.00025,,1,16.0,32.0
synthetic_03323,preprocessing,preprocessing,cluster_g2,alibaba_gpu_type_pool,G2,8,2,0.00025,A10|G2|T4|V100M16|V100M32,1,8.0,32.0
synthetic_03375,preprocessing,preprocessing,cluster_g2,alibaba_gpu_type_pool,G2,8,1,0.00035,,1,3.152,5.46875
synthetic_03387,preprocessing,preprocessing,cluster_g2,alibaba_gpu_type_pool,G2,8,1,0.00025,,1,11.4,47.0
synthetic_03498,preprocessing,preprocessing,cluster_g2,alibaba_gpu_type_pool,G2,8,11,0.00025,,1,4.0,22.3515625
synthetic_03547,fine_tuning,fine_tuning,cluster_g2,alibaba_gpu_type_pool,G2,8,2,0.00035,G2,1,8.2,33.0
synthetic_03641,fine_tuning,fine_tuning,cluster_t4,alibaba_gpu_type_pool,T4,8,5,7e-05,T4,1,4.0,24.0
synthetic_03689,preprocessing,preprocessing,cluster_v100m16,alibaba_gpu_type_pool,V100M16,8,12,7e-05,P100|T4|V100M16|V100M32,1,18.708,63.0
synthetic_03712,preprocessing,preprocessing,cluster_g2,alibaba_gpu_type_pool,G2,8,2,0.00035,,1,3.152,5.46875
synthetic_03844,preprocessing,preprocessing,cluster_g2,alibaba_gpu_type_pool,G2,8,1,0.00035,,1,11.908,46.0
synthetic_03894,fine_tuning,fine_tuning,cluster_t4,alibaba_gpu_type_pool,T4,8,2,7e-05,T4,1,11.4,47.0
synthetic_03950,preprocessing,preprocessing,cluster_g2,alibaba_gpu_type_pool,G2,8,1,0.00025,,1,4.0,22.3515625
synthetic_04006,fine_tuning,fine_tuning,cluster_t4,alibaba_gpu_type_pool,T4,8,3,7e-05,T4,1,11.908,46.0
synthetic_04100,fine_tuning,fine_tuning,cluster_t4,alibaba_gpu_type_pool,T4,8,1,7e-05,T4,1,3.152,5.46875
synthetic_04157,preprocessing,preprocessing,cluster_g2,alibaba_gpu_type_pool,G2,8,1,7e-05,,1,3.152,5.46875
synthetic_04278,preprocessing,preprocessing,cluster_g2,alibaba_gpu_type_pool,G2,8,5,0.00025,,1,16.0,32.0
synthetic_04398,fine_tuning,fine_tuning,cluster_g3,alibaba_gpu_type_pool,G3,8,1,0.00035,G3,1,15.7,57.0
synthetic_04402,preprocessing,preprocessing,cluster_g2,alibaba_gpu_type_pool,G2,8,2,0.00035,,1,4.152,10.3515625
synthetic_04412,preprocessing,preprocessing,cluster_p100,alibaba_gpu_type_pool,P100,8,1,0.00025,P100|V100M16|V100M32,1,3.152,5.46875
synthetic_04438,preprocessing,preprocessing,cluster_g2,alibaba_gpu_type_pool,G2,8,1,7e-05,,1,3.152,5.46875
synthetic_04599,preprocessing,preprocessing,cluster_g2,alibaba_gpu_type_pool,G2,8,1,0.00025,,1,9.81,40.5859375
synthetic_04649,fine_tuning,fine_tuning,cluster_g2,alibaba_gpu_type_pool,G2,8,2,0.00035,G2,1,16.0,32.0
synthetic_04650,training,training,cluster_v100m16,alibaba_gpu_type_pool,V100M16,8,3,0.00025,V100M16|V100M32,1,15.7,57.0
synthetic_04836,training,training,cluster_v100m16,alibaba_gpu_type_pool,V100M16,8,1,0.00025,V100M16|V100M32,1,18.708,63.0
synthetic_04890,preprocessing,preprocessing,cluster_g2,alibaba_gpu_type_pool,G2,8,3,7e-05,,1,4.0,29.8017578125
synthetic_04909,fine_tuning,fine_tuning,cluster_p100,alibaba_gpu_type_pool,P100,8,1,0.00025,P100,1,3.152,5.46875
synthetic_00064,fine_tuning,fine_tuning,cluster_p100,alibaba_gpu_type_pool,P100,9,1,0.00025,P100,1,3.152,5.46875
synthetic_00198,preprocessing,preprocessing,cluster_g2,alibaba_gpu_type_pool,G2,9,1,0.00025,,1,18.708,63.0
synthetic_00499,preprocessing,preprocessing,cluster_g2,alibaba_gpu_type_pool,G2,9,1,0.00035,,1,3.152,5.46875
synthetic_00617,fine_tuning,fine_tuning,cluster_g3,alibaba_gpu_type_pool,G3,9,1,0.00035,G3,1,11.3,48.0
synthetic_00634,preprocessing,preprocessing,cluster_g2,alibaba_gpu_type_pool,G2,9,5,7e-05,,1,15.2,79.0
synthetic_00663,preprocessing,preprocessing,cluster_g2,alibaba_gpu_type_pool,G2,9,1,0.00025,,1,3.152,5.46875
synthetic_00676,preprocessing,preprocessing,cluster_g2,alibaba_gpu_type_pool,G2,9,2,0.00035,,1,16.0,64.0
synthetic_00934,fine_tuning,fine_tuning,cluster_t4,alibaba_gpu_type_pool,T4,9,1,7e-05,T4,1,3.152,5.46875
synthetic_00940,preprocessing,preprocessing,cluster_g2,alibaba_gpu_type_pool,G2,9,2,0.00015,,1,11.908,46.0
synthetic_01019,preprocessing,preprocessing,cluster_g2,alibaba_gpu_type_pool,G2,9,1,0.00025,,1,11.4,47.0
synthetic_01061,training,training,cluster_v100m16,alibaba_gpu_type_pool,V100M16,9,1,0.00025,V100M16|V100M32,1,11.3,48.0
synthetic_01094,fine_tuning,fine_tuning,cluster_t4,alibaba_gpu_type_pool,T4,9,1,7e-05,T4,1,3.152,5.46875
synthetic_01217,preprocessing,preprocessing,cluster_g2,alibaba_gpu_type_pool,G2,9,2,0.00035,,1,4.0,29.8017578125
synthetic_01253,fine_tuning,fine_tuning,cluster_p100,alibaba_gpu_type_pool,P100,9,1,0.00025,P100,1,8.0,29.8017578125
synthetic_01276,fine_tuning,fine_tuning,cluster_v100m32,alibaba_gpu_type_pool,V100M32,9,1,0.00025,V100M32,1,11.3,48.0
synthetic_01473,preprocessing,preprocessing,cluster_g2,alibaba_gpu_type_pool,G2,9,2,0.00025,G2|P100|T4|V100M16|V100M32,1,8.0,16.0
synthetic_01522,preprocessing,preprocessing,cluster_g2,alibaba_gpu_type_pool,G2,9,1,7e-05,,1,11.3,48.0
synthetic_01591,preprocessing,preprocessing,cluster_g2,alibaba_gpu_type_pool,G2,9,1,7e-05,,1,11.3,48.0
synthetic_01652,preprocessing,preprocessing,cluster_g2,alibaba_gpu_type_pool,G2,9,4,0.00035,,1,16.0,32.0
synthetic_01665,preprocessing,preprocessing,cluster_g2,alibaba_gpu_type_pool,G2,9,5,0.00035,,1,16.0,32.0
synthetic_01671,preprocessing,preprocessing,cluster_g2,alibaba_gpu_type_pool,G2,9,2,0.00025,,1,11.908,46.0
synthetic_01822,preprocessing,preprocessing,cluster_g2,alibaba_gpu_type_pool,G2,9,1,0.00025,,1,12.0,16.0
synthetic_01897,preprocessing,preprocessing,cluster_g2,alibaba_gpu_type_pool,G2,9,4,0.00025,,1,12.0,24.0
synthetic_01907,preprocessing,preprocessing,cluster_g2,alibaba_gpu_type_pool,G2,9,1,0.00025,,1,15.7,57.0
synthetic_01970,fine_tuning,fine_tuning,cluster_t4,alibaba_gpu_type_pool,T4,9,3,7e-05,T4,1,11.4,47.0
synthetic_01974,preprocessing,preprocessing,cluster_g2,alibaba_gpu_type_pool,G2,9,1,0.00035,,1,3.152,5.46875
synthetic_02093,preprocessing,preprocessing,cluster_g2,alibaba_gpu_type_pool,G2,9,10,0.00025,,1,12.0,24.0
synthetic_02122,preprocessing,preprocessing,cluster_g2,alibaba_gpu_type_pool,G2,9,1,0.00035,,1,3.152,5.46875
synthetic_02163,fine_tuning,fine_tuning,cluster_p100,alibaba_gpu_type_pool,P100,9,1,0.00025,P100,1,3.152,5.46875
synthetic_02234,preprocessing,preprocessing,cluster_g2,alibaba_gpu_type_pool,G2,9,2,0.00025,,1,3.152,5.46875
synthetic_02263,preprocessing,preprocessing,cluster_g2,alibaba_gpu_type_pool,G2,9,1,0.00035,,1,11.4,47.0
synthetic_02306,preprocessing,preprocessing,cluster_g2,alibaba_gpu_type_pool,G2,9,8,0.00025,,1,11.908,46.0
synthetic_02338,preprocessing,preprocessing,cluster_g2,alibaba_gpu_type_pool,G2,9,1,0.00035,,1,11.908,46.0
synthetic_02481,preprocessing,preprocessing,cluster_g2,alibaba_gpu_type_pool,G2,9,1,0.00035,,1,3.152,5.46875
synthetic_02630,preprocessing,preprocessing,cluster_g2,alibaba_gpu_type_pool,G2,9,2,0.00025,G2|P100|T4|V100M16|V100M32,1,11.4,47.0
synthetic_02740,preprocessing,preprocessing,cluster_g2,alibaba_gpu_type_pool,G2,9,1,0.00025,,1,9.81,40.5859375
synthetic_02882,preprocessing,preprocessing,cluster_g2,alibaba_gpu_type_pool,G2,9,1,0.00025,,1,18.708,63.0
synthetic_02944,fine_tuning,fine_tuning,cluster_p100,alibaba_gpu_type_pool,P100,9,1,0.00025,P100,1,3.152,5.46875
synthetic_03166,preprocessing,preprocessing,cluster_v100m16,alibaba_gpu_type_pool,V100M16,9,1,0.00025,P100|V100M16|V100M32,1,3.152,5.46875
synthetic_03294,fine_tuning,fine_tuning,cluster_t4,alibaba_gpu_type_pool,T4,9,1,7e-05,T4,1,11.3,48.0
synthetic_03318,preprocessing,preprocessing,cluster_g2,alibaba_gpu_type_pool,G2,9,1,0.00035,,1,8.0,29.8017578125
synthetic_03654,fine_tuning,fine_tuning,cluster_p100,alibaba_gpu_type_pool,P100,9,8,0.00025,P100,1,4.0,14.900390625
synthetic_03660,preprocessing,preprocessing,cluster_g2,alibaba_gpu_type_pool,G2,9,1,0.00025,,1,3.152,5.46875
synthetic_03765,preprocessing,preprocessing,cluster_g2,alibaba_gpu_type_pool,G2,9,6,0.00025,,1,11.3,48.0
synthetic_03851,preprocessing,preprocessing,cluster_g2,alibaba_gpu_type_pool,G2,9,4,0.00035,,1,4.0,22.3515625
synthetic_04014,preprocessing,preprocessing,cluster_g2,alibaba_gpu_type_pool,G2,9,1,7e-05,,1,11.908,46.0
synthetic_04044,fine_tuning,fine_tuning,cluster_t4,alibaba_gpu_type_pool,T4,9,2,7e-05,T4,1,11.4,47.0
synthetic_04557,fine_tuning,fine_tuning,cluster_t4,alibaba_gpu_type_pool,T4,9,5,7e-05,T4,1,4.0,22.3515625
synthetic_04584,fine_tuning,fine_tuning,cluster_t4,alibaba_gpu_type_pool,T4,9,6,7e-05,T4,1,11.4,47.0
synthetic_04717,preprocessing,preprocessing,cluster_g2,alibaba_gpu_type_pool,G2,9,2,0.00035,,1,11.4,47.0
synthetic_04722,preprocessing,preprocessing,cluster_g2,alibaba_gpu_type_pool,G2,9,1,0.00035,,1,3.152,5.46875
synthetic_04761,preprocessing,preprocessing,cluster_g2,alibaba_gpu_type_pool,G2,9,2,0.00025,,1,11.908,46.0
synthetic_00005,fine_tuning,fine_tuning,cluster_t4,alibaba_gpu_type_pool,T4,10,1,7e-05,T4,1,3.152,5.46875
synthetic_00007,preprocessing,preprocessing,cluster_g2,alibaba_gpu_type_pool,G2,10,4,0.00025,,1,8.0,29.8017578125
synthetic_00058,fine_tuning,fine_tuning,cluster_t4,alibaba_gpu_type_pool,T4,10,2,7e-05,T4,1,11.908,46.0
synthetic_00065,preprocessing,preprocessing,cluster_g2,alibaba_gpu_type_pool,G2,10,1,0.00035,,1,3.152,5.46875
synthetic_00083,preprocessing,preprocessing,cluster_g2,alibaba_gpu_type_pool,G2,10,1,0.00025,,1,24.2,91.0
synthetic_00308,fine_tuning,fine_tuning,cluster_t4,alibaba_gpu_type_pool,T4,10,1,7e-05,T4,1,1.0,2.0
synthetic_00569,preprocessing,preprocessing,cluster_g2,alibaba_gpu_type_pool,G2,10,3,0.00025,,1,16.0,64.0
synthetic_00655,preprocessing,preprocessing,cluster_g2,alibaba_gpu_type_pool,G2,10,1,0.00035,,1,11.3,48.0
synthetic_00744,training,training,cluster_v100m16,alibaba_gpu_type_pool,V100M16,10,4,0.00025,V100M16|V100M32,1,11.4,47.0
synthetic_00873,preprocessing,preprocessing,cluster_g2,alibaba_gpu_type_pool,G2,10,1,0.00025,,1,4.0,14.900390625
synthetic_00911,preprocessing,preprocessing,cluster_g2,alibaba_gpu_type_pool,G2,10,1,0.00035,,1,3.152,5.46875
synthetic_01058,preprocessing,preprocessing,cluster_g2,alibaba_gpu_type_pool,G2,10,3,0.00025,,1,11.3,48.0
synthetic_01177,training,training,cluster_v100m16,alibaba_gpu_type_pool,V100M16,10,14,0.00025,V100M16|V100M32,1,11.4,47.0
synthetic_01220,fine_tuning,fine_tuning,cluster_t4,alibaba_gpu_type_pool,T4,10,5,7e-05,T4,1,4.0,24.0
synthetic_01249,preprocessing,preprocessing,cluster_g2,alibaba_gpu_type_pool,G2,10,1,0.00035,,1,3.152,5.46875
synthetic_01557,preprocessing,preprocessing,cluster_g2,alibaba_gpu_type_pool,G2,10,1,7e-05,,1,3.152,5.46875
synthetic_01740,fine_tuning,fine_tuning,cluster_p100,alibaba_gpu_type_pool,P100,10,1,0.00025,P100,1,3.152,5.46875
synthetic_01774,preprocessing,preprocessing,cluster_g2,alibaba_gpu_type_pool,G2,10,3,0.00025,,1,4.0,29.8017578125
synthetic_01792,preprocessing,preprocessing,cluster_g2,alibaba_gpu_type_pool,G2,10,1,0.00025,,1,3.152,5.46875
synthetic_02301,preprocessing,preprocessing,cluster_g2,alibaba_gpu_type_pool,G2,10,1,0.00025,,1,8.0,32.0
synthetic_02404,preprocessing,preprocessing,cluster_g2,alibaba_gpu_type_pool,G2,10,2,0.00025,,1,12.0,15.0
synthetic_02438,preprocessing,preprocessing,cluster_g2,alibaba_gpu_type_pool,G2,10,2,0.00035,,1,16.4,123.0
synthetic_02718,preprocessing,preprocessing,cluster_g2,alibaba_gpu_type_pool,G2,10,11,0.00025,,1,14.2,57.0
synthetic_02737,preprocessing,preprocessing,cluster_g2,alibaba_gpu_type_pool,G2,10,1,0.00025,,1,3.152,5.46875
synthetic_02796,preprocessing,preprocessing,cluster_g2,alibaba_gpu_type_pool,G2,10,1,7e-05,,1,3.152,5.46875
synthetic_02839,fine_tuning,fine_tuning,cluster_p100,alibaba_gpu_type_pool,P100,10,1,0.00025,P100,1,11.908,46.0
synthetic_02939,preprocessing,preprocessing,cluster_g2,alibaba_gpu_type_pool,G2,10,1,7e-05,,1,11.3,48.0
synthetic_02949,preprocessing,preprocessing,cluster_g2,alibaba_gpu_type_pool,G2,10,2,0.00035,,1,3.152,5.46875
synthetic_03052,preprocessing,preprocessing,cluster_g2,alibaba_gpu_type_pool,G2,10,1,0.00035,,1,11.3,48.0
synthetic_03251,preprocessing,preprocessing,cluster_g2,alibaba_gpu_type_pool,G2,10,2,7e-05,,1,11.3,48.0
synthetic_03324,fine_tuning,fine_tuning,cluster_t4,alibaba_gpu_type_pool,T4,10,2,7e-05,T4,1,4.152,10.3515625
synthetic_03390,fine_tuning,fine_tuning,cluster_t4,alibaba_gpu_type_pool,T4,10,2,7e-05,T4,1,3.152,5.46875
synthetic_03407,preprocessing,preprocessing,cluster_v100m32,alibaba_gpu_type_pool,V100M32,10,2,0.00025,P100|V100M16|V100M32,1,11.4,76.0
synthetic_03473,preprocessing,preprocessing,cluster_g2,alibaba_gpu_type_pool,G2,10,1,0.00035,,1,18.708,63.0
synthetic_03525,preprocessing,preprocessing,cluster_g2,alibaba_gpu_type_pool,G2,10,1,0.00035,,1,11.4,47.0
synthetic_03545,preprocessing,preprocessing,cluster_g2,alibaba_gpu_type_pool,G2,10,5,0.00035,,1,11.908,46.0
synthetic_03679,fine_tuning,fine_tuning,cluster_t4,alibaba_gpu_type_pool,T4,10,3,7e-05,T4,1,11.908,46.0
synthetic_03811,fine_tuning,fine_tuning,cluster_t4,alibaba_gpu_type_pool,T4,10,1,7e-05,T4,1,3.152,5.46875
synthetic_03907,fine_tuning,fine_tuning,cluster_t4,alibaba_gpu_type_pool,T4,10,4,7e-05,T4,1,11.4,47.0
synthetic_04062,fine_tuning,fine_tuning,cluster_t4,alibaba_gpu_type_pool,T4,10,1,7e-05,T4,1,12.0,15.0
synthetic_04161,preprocessing,preprocessing,cluster_g2,alibaba_gpu_type_pool,G2,10,8,0.00025,,1,8.0,29.8017578125
synthetic_04208,preprocessing,preprocessing,cluster_g2,alibaba_gpu_type_pool,G2,10,1,0.00035,,1,3.152,5.46875
synthetic_04209,preprocessing,preprocessing,cluster_g2,alibaba_gpu_type_pool,G2,10,1,0.00025,,1,11.3,48.0
synthetic_04246,preprocessing,preprocessing,cluster_g2,alibaba_gpu_type_pool,G2,10,2,0.00025,,1,12.0,16.0
synthetic_04262,preprocessing,preprocessing,cluster_g2,alibaba_gpu_type_pool,G2,10,2,0.00035,,1,11.3,48.0
synthetic_04323,fine_tuning,fine_tuning,cluster_t4,alibaba_gpu_type_pool,T4,10,4,7e-05,T4,1,24.2,91.0
synthetic_04353,preprocessing,preprocessing,cluster_g2,alibaba_gpu_type_pool,G2,10,1,0.00025,,1,11.908,46.0
synthetic_04359,preprocessing,preprocessing,cluster_g2,alibaba_gpu_type_pool,G2,10,14,0.00035,,1,16.0,64.0
synthetic_04458,preprocessing,preprocessing,cluster_g2,alibaba_gpu_type_pool,G2,10,1,0.00035,,1,3.152,5.46875
synthetic_04510,fine_tuning,fine_tuning,cluster_t4,alibaba_gpu_type_pool,T4,10,1,7e-05,T4,1,3.152,5.46875
synthetic_04556,preprocessing,preprocessing,cluster_g2,alibaba_gpu_type_pool,G2,10,1,0.00025,,1,11.3,48.0
synthetic_04583,fine_tuning,fine_tuning,cluster_v100m16,alibaba_gpu_type_pool,V100M16,10,4,0.00025,V100M16,1,11.3,48.0
synthetic_04670,fine_tuning,fine_tuning,cluster_p100,alibaba_gpu_type_pool,P100,10,1,0.00025,P100,1,11.908,46.0
synthetic_00031,fine_tuning,fine_tuning,cluster_t4,alibaba_gpu_type_pool,T4,11,14,7e-05,T4,1,16.0,64.0
synthetic_00038,preprocessing,preprocessing,cluster_g2,alibaba_gpu_type_pool,G2,11,2,7e-05,,1,4.0,29.8017578125
synthetic_00068,fine_tuning,fine_tuning,cluster_g2,alibaba_gpu_type_pool,G2,11,12,0.00035,G2,1,11.3,37.0
synthetic_00325,preprocessing,preprocessing,cluster_g2,alibaba_gpu_type_pool,G2,11,1,7e-05,,1,11.4,47.0
synthetic_00371,fine_tuning,fine_tuning,cluster_t4,alibaba_gpu_type_pool,T4,11,5,7e-05,T4,1,4.0,24.0
synthetic_00518,preprocessing,preprocessing,cluster_g2,alibaba_gpu_type_pool,G2,11,8,0.00035,,1,8.0,29.8017578125
synthetic_00519,preprocessing,preprocessing,cluster_g2,alibaba_gpu_type_pool,G2,11,2,0.00025,,1,3.152,5.46875
synthetic_00526,fine_tuning,fine_tuning,cluster_g2,alibaba_gpu_type_pool,G2,11,1,0.00035,G2,1,11.3,48.0
synthetic_00549,fine_tuning,fine_tuning,cluster_g2,alibaba_gpu_type_pool,G2,11,2,0.00035,G2,1,11.3,48.0
synthetic_00607,preprocessing,preprocessing,cluster_g2,alibaba_gpu_type_pool,G2,11,1,0.00015,,1,4.0,29.8017578125
synthetic_00624,fine_tuning,fine_tuning,cluster_t4,alibaba_gpu_type_pool,T4,11,1,7e-05,T4,1,11.4,47.0
synthetic_00651,preprocessing,preprocessing,cluster_g2,alibaba_gpu_type_pool,G2,11,1,0.00025,,1,3.152,5.46875
synthetic_00708,preprocessing,preprocessing,cluster_g2,alibaba_gpu_type_pool,G2,11,1,0.00015,,1,8.2,33.0
synthetic_00919,preprocessing,preprocessing,cluster_g2,alibaba_gpu_type_pool,G2,11,1,0.00025,,1,11.908,46.0
synthetic_00930,fine_tuning,fine_tuning,cluster_t4,alibaba_gpu_type_pool,T4,11,3,7e-05,T4,1,11.3,48.0
synthetic_00947,preprocessing,preprocessing,cluster_g2,alibaba_gpu_type_pool,G2,11,3,0.00025,,1,11.3,48.0
synthetic_01010,preprocessing,preprocessing,cluster_g2,alibaba_gpu_type_pool,G2,11,2,0.00035,,1,4.0,29.8017578125
synthetic_01119,preprocessing,preprocessing,cluster_g2,alibaba_gpu_type_pool,G2,11,1,0.00025,,1,3.152,5.46875
synthetic_01231,preprocessing,preprocessing,cluster_g2,alibaba_gpu_type_pool,G2,11,1,0.00035,,1,11.908,46.0
synthetic_01298,preprocessing,preprocessing,cluster_g2,alibaba_gpu_type_pool,G2,11,1,0.00025,,1,11.3,48.0
synthetic_01333,preprocessing,preprocessing,cluster_g2,alibaba_gpu_type_pool,G2,11,1,0.00025,,1,4.0,22.3515625
synthetic_01357,preprocessing,preprocessing,cluster_g2,alibaba_gpu_type_pool,G2,11,1,0.00035,,1,3.152,5.46875
synthetic_01483,preprocessing,preprocessing,cluster_g2,alibaba_gpu_type_pool,G2,11,1,0.00035,,1,12.0,16.0
synthetic_01715,preprocessing,preprocessing,cluster_g2,alibaba_gpu_type_pool,G2,11,1,0.00025,,1,18.708,63.0
synthetic_01753,training,training,cluster_v100m16,alibaba_gpu_type_pool,V100M16,11,1,0.00025,V100M16|V100M32,1,12.0,24.0
synthetic_01828,fine_tuning,fine_tuning,cluster_t4,alibaba_gpu_type_pool,T4,11,13,7e-05,T4,1,12.0,15.0
synthetic_01842,fine_tuning,fine_tuning,cluster_g3,alibaba_gpu_type_pool,G3,11,5,0.00035,G3,1,4.0,24.0
synthetic_01891,preprocessing,preprocessing,cluster_g2,alibaba_gpu_type_pool,G2,11,1,0.00025,,1,4.0,22.3515625
synthetic_02065,preprocessing,preprocessing,cluster_g2,alibaba_gpu_type_pool,G2,11,6,0.00035,,1,14.2,57.0
synthetic_02073,fine_tuning,fine_tuning,cluster_t4,alibaba_gpu_type_pool,T4,11,1,7e-05,T4,1,11.908,46.0
synthetic_02168,preprocessing,preprocessing,cluster_g2,alibaba_gpu_type_pool,G2,11,1,0.00035,,1,3.152,5.46875
synthetic_02177,fine_tuning,fine_tuning,cluster_t4,alibaba_gpu_type_pool,T4,11,1,7e-05,T4,1,11.4,47.0
synthetic_02326,preprocessing,preprocessing,cluster_g2,alibaba_gpu_type_pool,G2,11,1,0.00025,,1,4.0,14.900390625
synthetic_02439,preprocessing,preprocessing,cluster_g2,alibaba_gpu_type_pool,G2,11,1,0.00025,,1,11.908,46.0
synthetic_02591,preprocessing,preprocessing,cluster_g2,alibaba_gpu_type_pool,G2,11,3,7e-05,,1,8.0,29.8017578125
synthetic_02641,preprocessing,preprocessing,cluster_g2,alibaba_gpu_type_pool,G2,11,1,0.00035,,1,3.152,5.46875
synthetic_02717,fine_tuning,fine_tuning,cluster_g3,alibaba_gpu_type_pool,G3,11,1,0.00035,G3,1,11.3,48.0
synthetic_02818,preprocessing,preprocessing,cluster_g2,alibaba_gpu_type_pool,G2,11,1,0.00025,,1,16.0,32.0
synthetic_02957,preprocessing,preprocessing,cluster_g2,alibaba_gpu_type_pool,G2,11,1,0.00035,,1,15.7,57.0
synthetic_02968,fine_tuning,fine_tuning,cluster_g2,alibaba_gpu_type_pool,G2,11,9,0.00035,G2,1,12.0,24.0
synthetic_03101,preprocessing,preprocessing,cluster_g2,alibaba_gpu_type_pool,G2,11,6,0.00025,,1,4.0,29.8017578125
synthetic_03472,preprocessing,preprocessing,cluster_g2,alibaba_gpu_type_pool,G2,11,1,0.00035,,1,11.3,48.0
synthetic_03505,fine_tuning,fine_tuning,cluster_t4,alibaba_gpu_type_pool,T4,11,13,7e-05,T4,1,12.0,15.0
synthetic_03792,preprocessing,preprocessing,cluster_g2,alibaba_gpu_type_pool,G2,11,2,7e-05,,1,4.152,10.3515625
synthetic_03939,preprocessing,preprocessing,cluster_g2,alibaba_gpu_type_pool,G2,11,4,0.00025,,1,8.0,32.0
synthetic_03964,preprocessing,preprocessing,cluster_g2,alibaba_gpu_type_pool,G2,11,1,0.00025,,1,11.4,76.0
synthetic_04001,preprocessing,preprocessing,cluster_g2,alibaba_gpu_type_pool,G2,11,1,0.00035,,1,3.152,5.46875
synthetic_04403,preprocessing,preprocessing,cluster_g2,alibaba_gpu_type_pool,G2,11,1,0.00025,,1,24.2,91.0
synthetic_04404,preprocessing,preprocessing,cluster_g2,alibaba_gpu_type_pool,G2,11,1,7e-05,,1,3.152,5.46875
synthetic_04568,preprocessing,preprocessing,cluster_g2,alibaba_gpu_type_pool,G2,11,1,0.00025,,1,3.152,5.46875
synthetic_04631,fine_tuning,fine_tuning,cluster_t4,alibaba_gpu_type_pool,T4,11,1,7e-05,T4,1,18.708,63.0
synthetic_04639,preprocessing,preprocessing,cluster_g2,alibaba_gpu_type_pool,G2,11,3,0.00025,,1,4.0,14.900390625
synthetic_04681,fine_tuning,fine_tuning,cluster_t4,alibaba_gpu_type_pool,T4,11,1,7e-05,T4,1,11.4,47.0
synthetic_04758,preprocessing,preprocessing,cluster_g2,alibaba_gpu_type_pool,G2,11,2,0.00035,,1,6.0,18.0
synthetic_04810,preprocessing,preprocessing,cluster_g2,alibaba_gpu_type_pool,G2,11,1,0.00025,,1,3.152,5.46875
synthetic_04851,preprocessing,preprocessing,cluster_g2,alibaba_gpu_type_pool,G2,11,1,0.00035,,1,6.0,6.0
synthetic_04954,preprocessing,preprocessing,cluster_g2,alibaba_gpu_type_pool,G2,11,1,0.00025,,1,3.152,5.46875
synthetic_00137,preprocessing,preprocessing,cluster_g2,alibaba_gpu_type_pool,G2,12,2,0.00015,,1,6.0,6.0
synthetic_00141,preprocessing,preprocessing,cluster_g2,alibaba_gpu_type_pool,G2,12,3,0.00015,,1,11.4,47.0
synthetic_00148,fine_tuning,fine_tuning,cluster_t4,alibaba_gpu_type_pool,T4,12,1,7e-05,T4,1,3.152,5.46875
synthetic_00176,preprocessing,preprocessing,cluster_g2,alibaba_gpu_type_pool,G2,12,1,0.00035,,1,8.0,29.8017578125
synthetic_00243,preprocessing,preprocessing,cluster_g2,alibaba_gpu_type_pool,G2,12,1,0.00035,,1,8.0,29.8017578125
synthetic_00260,preprocessing,preprocessing,cluster_g2,alibaba_gpu_type_pool,G2,12,1,0.00025,,1,11.908,46.0
synthetic_00290,preprocessing,preprocessing,cluster_g2,alibaba_gpu_type_pool,G2,12,2,0.00015,,1,3.152,5.46875
synthetic_00322,preprocessing,preprocessing,cluster_g2,alibaba_gpu_type_pool,G2,12,2,0.00025,,1,9.81,40.5859375
synthetic_00405,preprocessing,preprocessing,cluster_v100m16,alibaba_gpu_type_pool,V100M16,12,1,0.00025,P100|V100M16|V100M32,1,11.4,47.0
synthetic_00516,fine_tuning,fine_tuning,cluster_t4,alibaba_gpu_type_pool,T4,12,2,7e-05,T4,1,16.0,32.0
synthetic_00548,preprocessing,preprocessing,cluster_g2,alibaba_gpu_type_pool,G2,12,2,0.00025,,1,16.0,32.0
synthetic_00595,preprocessing,preprocessing,cluster_v100m16,alibaba_gpu_type_pool,V100M16,12,2,0.00025,P100|V100M16|V100M32,1,11.4,47.0
synthetic_00726,preprocessing,preprocessing,cluster_g2,alibaba_gpu_type_pool,G2,12,6,7e-05,,1,8.0,32.0
synthetic_00866,preprocessing,preprocessing,cluster_g2,alibaba_gpu_type_pool,G2,12,1,0.00035,,1,3.152,5.46875
synthetic_01054,preprocessing,preprocessing,cluster_g2,alibaba_gpu_type_pool,G2,12,1,7e-05,,1,3.152,5.46875
synthetic_01127,preprocessing,preprocessing,cluster_g2,alibaba_gpu_type_pool,G2,12,12,0.00025,,1,12.0,15.0
synthetic_01314,preprocessing,preprocessing,cluster_g2,alibaba_gpu_type_pool,G2,12,1,7e-05,,1,8.0,29.8017578125
synthetic_01739,preprocessing,preprocessing,cluster_g2,alibaba_gpu_type_pool,G2,12,1,7e-05,,1,11.3,48.0
synthetic_01810,preprocessing,preprocessing,cluster_g2,alibaba_gpu_type_pool,G2,12,4,0.00025,,1,11.908,46.0
synthetic_01985,preprocessing,preprocessing,cluster_g2,alibaba_gpu_type_pool,G2,12,5,0.00025,,1,15.2,79.0
synthetic_02143,preprocessing,preprocessing,cluster_g2,alibaba_gpu_type_pool,G2,12,10,0.00025,,1,8.0,29.8017578125
synthetic_02180,preprocessing,preprocessing,cluster_g2,alibaba_gpu_type_pool,G2,12,2,0.00025,,1,4.0,30.517578125
synthetic_02489,preprocessing,preprocessing,cluster_g2,alibaba_gpu_type_pool,G2,12,11,7e-05,,1,12.0,15.0
synthetic_02510,preprocessing,preprocessing,cluster_g2,alibaba_gpu_type_pool,G2,12,10,0.00035,,1,3.152,5.46875
synthetic_02525,preprocessing,preprocessing,cluster_v100m16,alibaba_gpu_type_pool,V100M16,12,3,0.00025,P100|V100M16|V100M32,1,11.4,47.0
synthetic_02697,preprocessing,preprocessing,cluster_g2,alibaba_gpu_type_pool,G2,12,2,0.00025,,1,11.4,47.0
synthetic_02742,preprocessing,preprocessing,cluster_g2,alibaba_gpu_type_pool,G2,12,1,0.00025,A10|G2|P100|T4|V100M16|V100M32,1,3.152,5.46875
synthetic_03142,preprocessing,preprocessing,cluster_g2,alibaba_gpu_type_pool,G2,12,2,0.00025,,1,4.152,10.3515625
synthetic_03703,preprocessing,preprocessing,cluster_g2,alibaba_gpu_type_pool,G2,12,1,0.00025,,1,11.4,47.0
synthetic_03923,preprocessing,preprocessing,cluster_g2,alibaba_gpu_type_pool,G2,12,1,0.00025,,1,3.152,5.46875
synthetic_03970,preprocessing,preprocessing,cluster_g2,alibaba_gpu_type_pool,G2,12,1,0.00025,,1,3.152,5.46875
synthetic_04026,fine_tuning,fine_tuning,cluster_t4,alibaba_gpu_type_pool,T4,12,4,7e-05,T4,1,18.708,63.0
synthetic_04088,preprocessing,preprocessing,cluster_g2,alibaba_gpu_type_pool,G2,12,2,0.00025,A10|G2|T4|V100M16|V100M32,1,11.4,47.0
synthetic_04205,fine_tuning,fine_tuning,cluster_t4,alibaba_gpu_type_pool,T4,12,1,7e-05,T4,1,11.9,76.0
synthetic_04387,preprocessing,preprocessing,cluster_g2,alibaba_gpu_type_pool,G2,12,1,0.00025,,1,11.3,48.0
synthetic_04410,training,training,cluster_v100m16,alibaba_gpu_type_pool,V100M16,12,2,0.00025,V100M16|V100M32,1,16.4,123.0
synthetic_04429,fine_tuning,fine_tuning,cluster_p100,alibaba_gpu_type_pool,P100,12,1,0.00025,P100,1,3.152,5.46875
synthetic_04538,preprocessing,preprocessing,cluster_p100,alibaba_gpu_type_pool,P100,12,10,0.00025,P100|V100M16|V100M32,1,24.2,91.0
synthetic_04751,preprocessing,preprocessing,cluster_g2,alibaba_gpu_type_pool,G2,12,13,0.00035,,1,18.708,63.0
synthetic_04934,preprocessing,preprocessing,cluster_g2,alibaba_gpu_type_pool,G2,12,1,0.00025,,1,11.4,47.0
synthetic_05000,preprocessing,preprocessing,cluster_g2,alibaba_gpu_type_pool,G2,12,1,0.00035,,1,11.908,46.0
synthetic_00063,preprocessing,preprocessing,cluster_g2,alibaba_gpu_type_pool,G2,13,2,7e-05,,1,11.908,46.0
synthetic_00098,preprocessing,preprocessing,cluster_g2,alibaba_gpu_type_pool,G2,13,11,0.00025,,1,4.0,22.3515625
synthetic_00363,preprocessing,preprocessing,cluster_g2,alibaba_gpu_type_pool,G2,13,3,0.00025,,1,11.3,48.0
synthetic_00433,preprocessing,preprocessing,cluster_g2,alibaba_gpu_type_pool,G2,13,3,0.00025,,1,11.4,47.0
synthetic_00482,fine_tuning,fine_tuning,cluster_t4,alibaba_gpu_type_pool,T4,13,1,7e-05,T4,1,11.3,48.0
synthetic_00623,preprocessing,preprocessing,cluster_g2,alibaba_gpu_type_pool,G2,13,2,7e-05,,1,9.81,40.5859375
synthetic_01098,preprocessing,preprocessing,cluster_g2,alibaba_gpu_type_pool,G2,13,3,0.00035,,1,15.7,57.0
synthetic_01133,preprocessing,preprocessing,cluster_g2,alibaba_gpu_type_pool,G2,13,1,0.00035,,1,11.3,48.0
synthetic_01163,fine_tuning,fine_tuning,cluster_g2,alibaba_gpu_type_pool,G2,13,5,0.00035,G2,1,11.4,47.0
synthetic_01325,preprocessing,preprocessing,cluster_v100m32,alibaba_gpu_type_pool,V100M32,13,1,0.00025,P100|V100M16|V100M32,1,3.152,5.46875
synthetic_01360,preprocessing,preprocessing,cluster_g2,alibaba_gpu_type_pool,G2,13,1,7e-05,,1,3.152,5.46875
synthetic_01365,fine_tuning,fine_tuning,cluster_g2,alibaba_gpu_type_pool,G2,13,1,0.00035,G2,1,11.4,47.0
synthetic_01383,preprocessing,preprocessing,cluster_g2,alibaba_gpu_type_pool,G2,13,1,0.00035,,1,3.152,5.46875
synthetic_01479,preprocessing,preprocessing,cluster_g2,alibaba_gpu_type_pool,G2,13,1,7e-05,,1,11.908,46.0
synthetic_01481,preprocessing,preprocessing,cluster_g2,alibaba_gpu_type_pool,G2,13,1,0.00035,,1,3.152,5.46875
synthetic_01496,preprocessing,preprocessing,cluster_g2,alibaba_gpu_type_pool,G2,13,11,0.00025,,1,4.0,22.3515625
synthetic_01604,preprocessing,preprocessing,cluster_g2,alibaba_gpu_type_pool,G2,13,2,0.00025,,1,6.0,18.0
synthetic_01660,preprocessing,preprocessing,cluster_g2,alibaba_gpu_type_pool,G2,13,1,0.00025,,1,11.3,48.0
synthetic_01725,preprocessing,preprocessing,cluster_g2,alibaba_gpu_type_pool,G2,13,1,0.00035,,1,9.81,40.5859375
synthetic_01726,preprocessing,preprocessing,cluster_g2,alibaba_gpu_type_pool,G2,13,1,0.00035,,1,11.3,48.0
synthetic_01748,preprocessing,preprocessing,cluster_g2,alibaba_gpu_type_pool,G2,13,1,0.00035,,1,3.152,5.46875
synthetic_01763,preprocessing,preprocessing,cluster_g2,alibaba_gpu_type_pool,G2,13,1,0.00025,,1,3.152,5.46875
synthetic_01809,preprocessing,preprocessing,cluster_g2,alibaba_gpu_type_pool,G2,13,1,0.00025,,1,3.152,5.46875
synthetic_01868,preprocessing,preprocessing,cluster_g2,alibaba_gpu_type_pool,G2,13,1,0.00025,,1,3.152,5.46875
synthetic_01869,preprocessing,preprocessing,cluster_g2,alibaba_gpu_type_pool,G2,13,1,0.00025,,1,11.4,47.0
synthetic_02022,preprocessing,preprocessing,cluster_g2,alibaba_gpu_type_pool,G2,13,2,0.00035,,1,8.0,15.625
synthetic_02124,fine_tuning,fine_tuning,cluster_g2,alibaba_gpu_type_pool,G2,13,1,0.00035,G2,1,11.3,48.0
synthetic_02261,preprocessing,preprocessing,cluster_g2,alibaba_gpu_type_pool,G2,13,9,7e-05,,1,12.0,24.0
synthetic_02382,fine_tuning,fine_tuning,cluster_t4,alibaba_gpu_type_pool,T4,13,2,7e-05,T4,1,16.0,32.0
synthetic_02453,preprocessing,preprocessing,cluster_g2,alibaba_gpu_type_pool,G2,13,1,0.00025,,1,9.81,40.5859375
synthetic_02502,preprocessing,preprocessing,cluster_g2,alibaba_gpu_type_pool,G2,13,1,0.00025,,1,3.152,5.46875
synthetic_02665,preprocessing,preprocessing,cluster_g2,alibaba_gpu_type_pool,G2,13,11,0.00025,,1,4.0,22.3515625
synthetic_02815,preprocessing,preprocessing,cluster_g2,alibaba_gpu_type_pool,G2,13,1,0.00025,,1,9.81,40.5859375
synthetic_02816,preprocessing,preprocessing,cluster_g2,alibaba_gpu_type_pool,G2,13,11,0.00025,,1,11.4,47.0
synthetic_02895,preprocessing,preprocessing,cluster_g2,alibaba_gpu_type_pool,G2,13,3,0.00025,A10|G2|T4|V100M16|V100M32,1,11.4,76.0
synthetic_03026,preprocessing,preprocessing,cluster_g2,alibaba_gpu_type_pool,G2,13,1,0.00025,,1,11.4,47.0
synthetic_03083,preprocessing,preprocessing,cluster_g2,alibaba_gpu_type_pool,G2,13,1,0.00025,,1,3.152,5.46875
synthetic_03093,preprocessing,preprocessing,cluster_g2,alibaba_gpu_type_pool,G2,13,1,0.00025,,1,3.152,5.46875
synthetic_03149,preprocessing,preprocessing,cluster_g2,alibaba_gpu_type_pool,G2,13,1,7e-05,,1,3.152,5.46875
synthetic_03238,fine_tuning,fine_tuning,cluster_t4,alibaba_gpu_type_pool,T4,13,1,7e-05,T4,1,4.152,10.3515625
synthetic_03405,preprocessing,preprocessing,cluster_g2,alibaba_gpu_type_pool,G2,13,1,0.00025,,1,3.152,5.46875
synthetic_03460,preprocessing,preprocessing,cluster_g2,alibaba_gpu_type_pool,G2,13,1,0.00025,,1,11.3,48.0
synthetic_03529,preprocessing,preprocessing,cluster_g2,alibaba_gpu_type_pool,G2,13,1,0.00035,,1,3.152,5.46875
synthetic_03567,fine_tuning,fine_tuning,cluster_t4,alibaba_gpu_type_pool,T4,13,1,7e-05,T4,1,11.4,47.0
synthetic_03674,preprocessing,preprocessing,cluster_g2,alibaba_gpu_type_pool,G2,13,11,0.00025,,1,4.0,22.3515625
synthetic_03764,preprocessing,preprocessing,cluster_g2,alibaba_gpu_type_pool,G2,13,2,0.00035,,1,11.908,46.0
synthetic_03887,preprocessing,preprocessing,cluster_g2,alibaba_gpu_type_pool,G2,13,1,0.00025,,1,8.2,33.0
synthetic_03996,preprocessing,preprocessing,cluster_g2,alibaba_gpu_type_pool,G2,13,3,7e-05,,1,11.3,48.0
synthetic_04098,preprocessing,preprocessing,cluster_g2,alibaba_gpu_type_pool,G2,13,1,7e-05,,1,3.152,5.46875
synthetic_04141,preprocessing,preprocessing,cluster_g2,alibaba_gpu_type_pool,G2,13,1,0.00035,,1,3.152,5.46875
synthetic_04171,preprocessing,preprocessing,cluster_g2,alibaba_gpu_type_pool,G2,13,1,0.00035,,1,2.0,16.0
synthetic_04264,fine_tuning,fine_tuning,cluster_t4,alibaba_gpu_type_pool,T4,13,3,7e-05,T4,1,11.908,46.0
synthetic_04363,preprocessing,preprocessing,cluster_g2,alibaba_gpu_type_pool,G2,13,1,0.00035,,1,4.0,22.3515625
synthetic_04572,preprocessing,preprocessing,cluster_g2,alibaba_gpu_type_pool,G2,13,1,0.00035,,1,11.908,46.0
synthetic_04633,fine_tuning,fine_tuning,cluster_t4,alibaba_gpu_type_pool,T4,13,6,7e-05,T4,1,4.152,10.3515625
synthetic_04763,preprocessing,preprocessing,cluster_g2,alibaba_gpu_type_pool,G2,13,12,7e-05,,1,16.0,32.0
synthetic_04853,preprocessing,preprocessing,cluster_g2,alibaba_gpu_type_pool,G2,13,3,0.00035,,1,24.2,91.0
synthetic_04931,preprocessing,preprocessing,cluster_g2,alibaba_gpu_type_pool,G2,13,1,0.00025,,1,3.152,5.46875
synthetic_00017,preprocessing,preprocessing,cluster_g2,alibaba_gpu_type_pool,G2,14,1,0.00025,,1,4.0,29.8017578125
synthetic_00114,fine_tuning,fine_tuning,cluster_t4,alibaba_gpu_type_pool,T4,14,1,7e-05,T4,1,4.0,29.8017578125
synthetic_00436,preprocessing,preprocessing,cluster_g2,alibaba_gpu_type_pool,G2,14,5,0.00025,,1,11.4,47.0
synthetic_00637,fine_tuning,fine_tuning,cluster_t4,alibaba_gpu_type_pool,T4,14,1,7e-05,T4,1,3.152,5.46875
synthetic_00697,preprocessing,preprocessing,cluster_g2,alibaba_gpu_type_pool,G2,14,1,0.00015,,1,16.0,32.0
synthetic_00718,preprocessing,preprocessing,cluster_g2,alibaba_gpu_type_pool,G2,14,3,0.00025,,1,1.0,6.0
synthetic_01011,preprocessing,preprocessing,cluster_g2,alibaba_gpu_type_pool,G2,14,1,0.00035,,1,4.0,29.8017578125
synthetic_01017,preprocessing,preprocessing,cluster_g2,alibaba_gpu_type_pool,G2,14,7,0.00035,,1,11.3,48.0
synthetic_01071,fine_tuning,fine_tuning,cluster_t4,alibaba_gpu_type_pool,T4,14,3,7e-05,T4,1,12.0,15.0
synthetic_01162,fine_tuning,fine_tuning,cluster_p100,alibaba_gpu_type_pool,P100,14,1,0.00025,P100,1,3.152,5.46875
synthetic_01210,preprocessing,preprocessing,cluster_g2,alibaba_gpu_type_pool,G2,14,2,0.00025,,1,8.0,16.0
synthetic_01461,fine_tuning,fine_tuning,cluster_p100,alibaba_gpu_type_pool,P100,14,1,0.00025,P100,1,3.152,5.46875
synthetic_01570,preprocessing,preprocessing,cluster_g2,alibaba_gpu_type_pool,G2,14,3,0.00035,,1,3.152,5.46875
synthetic_01571,preprocessing,preprocessing,cluster_g2,alibaba_gpu_type_pool,G2,14,1,7e-05,,1,9.81,40.5859375
synthetic_01777,preprocessing,preprocessing,cluster_g2,alibaba_gpu_type_pool,G2,14,1,7e-05,,1,11.3,48.0
synthetic_01882,fine_tuning,fine_tuning,cluster_t4,alibaba_gpu_type_pool,T4,14,1,7e-05,T4,1,11.3,48.0
synthetic_02003,preprocessing,preprocessing,cluster_g2,alibaba_gpu_type_pool,G2,14,1,0.00025,,1,6.0,12.0
synthetic_02060,preprocessing,preprocessing,cluster_g2,alibaba_gpu_type_pool,G2,14,1,0.00035,,1,6.0,6.0
synthetic_02112,training,training,cluster_v100m32,alibaba_gpu_type_pool,V100M32,14,3,0.00025,V100M16|V100M32,1,11.3,48.0
synthetic_02153,preprocessing,preprocessing,cluster_g2,alibaba_gpu_type_pool,G2,14,1,0.00025,,1,3.152,5.46875
synthetic_02355,fine_tuning,fine_tuning,cluster_t4,alibaba_gpu_type_pool,T4,14,1,7e-05,T4,1,3.152,5.46875
synthetic_02434,preprocessing,preprocessing,cluster_g2,alibaba_gpu_type_pool,G2,14,1,0.0014,,4,32.2,129.0
synthetic_02755,preprocessing,preprocessing,cluster_g2,alibaba_gpu_type_pool,G2,14,1,0.00025,,1,11.3,48.0
synthetic_03072,fine_tuning,fine_tuning,cluster_t4,alibaba_gpu_type_pool,T4,14,1,7e-05,T4,1,3.152,5.46875
synthetic_03256,fine_tuning,fine_tuning,cluster_t4,alibaba_gpu_type_pool,T4,14,1,7e-05,T4,1,11.4,47.0
synthetic_03322,preprocessing,preprocessing,cluster_g2,alibaba_gpu_type_pool,G2,14,2,7e-05,,1,11.4,47.0
synthetic_03507,fine_tuning,fine_tuning,cluster_t4,alibaba_gpu_type_pool,T4,14,1,7e-05,T4,1,24.2,91.0
synthetic_03601,training,training,cluster_a10,alibaba_gpu_type_pool,A10,14,1,7e-05,A10|T4,1,11.3,48.0
synthetic_03606,preprocessing,preprocessing,cluster_g2,alibaba_gpu_type_pool,G2,14,1,0.00035,,1,3.152,5.46875
synthetic_03666,preprocessing,preprocessing,cluster_g2,alibaba_gpu_type_pool,G2,14,1,0.00035,,1,3.152,5.46875
synthetic_03873,preprocessing,preprocessing,cluster_g2,alibaba_gpu_type_pool,G2,14,1,0.00025,,1,4.0,14.900390625
synthetic_03925,fine_tuning,fine_tuning,cluster_t4,alibaba_gpu_type_pool,T4,14,2,7e-05,T4,1,11.4,47.0
synthetic_04038,preprocessing,preprocessing,cluster_g2,alibaba_gpu_type_pool,G2,14,3,7e-05,,1,15.7,57.0
synthetic_04082,preprocessing,preprocessing,cluster_g2,alibaba_gpu_type_pool,G2,14,1,0.00035,,1,11.3,48.0
synthetic_04096,preprocessing,preprocessing,cluster_g2,alibaba_gpu_type_pool,G2,14,1,0.00025,,1,4.0,22.3515625
synthetic_04146,preprocessing,preprocessing,cluster_g2,alibaba_gpu_type_pool,G2,14,1,0.00025,,1,8.0,29.8017578125
synthetic_04190,fine_tuning,fine_tuning,cluster_p100,alibaba_gpu_type_pool,P100,14,6,0.00025,P100,1,4.0,29.8017578125
synthetic_04310,preprocessing,preprocessing,cluster_g2,alibaba_gpu_type_pool,G2,14,2,0.00025,,1,11.4,47.0
synthetic_04330,preprocessing,preprocessing,cluster_g2,alibaba_gpu_type_pool,G2,14,1,0.00035,,1,11.908,46.0
synthetic_04383,preprocessing,preprocessing,cluster_g2,alibaba_gpu_type_pool,G2,14,1,7e-05,,1,3.152,5.46875
synthetic_04447,fine_tuning,fine_tuning,cluster_t4,alibaba_gpu_type_pool,T4,14,1,7e-05,T4,1,4.152,10.3515625
synthetic_04544,preprocessing,preprocessing,cluster_g2,alibaba_gpu_type_pool,G2,14,2,0.00025,,1,3.152,5.46875
synthetic_04635,fine_tuning,fine_tuning,cluster_g3,alibaba_gpu_type_pool,G3,14,1,0.00035,G3,1,11.3,48.0
synthetic_04713,preprocessing,preprocessing,cluster_g2,alibaba_gpu_type_pool,G2,14,1,0.00025,,1,3.152,5.46875
synthetic_04737,preprocessing,preprocessing,cluster_g2,alibaba_gpu_type_pool,G2,14,1,0.00035,,1,11.908,46.0
synthetic_04893,preprocessing,preprocessing,cluster_g2,alibaba_gpu_type_pool,G2,14,1,0.00035,,1,4.0,14.900390625
synthetic_04944,preprocessing,preprocessing,cluster_g2,alibaba_gpu_type_pool,G2,14,3,7e-05,,1,11.908,46.0
synthetic_00051,preprocessing,preprocessing,cluster_g2,alibaba_gpu_type_pool,G2,15,2,0.00025,,1,11.4,47.0
synthetic_00096,preprocessing,preprocessing,cluster_g2,alibaba_gpu_type_pool,G2,15,1,0.00015,,1,8.0,29.8017578125
synthetic_00328,fine_tuning,fine_tuning,cluster_g3,alibaba_gpu_type_pool,G3,15,1,0.00035,G3,1,3.152,5.46875
synthetic_00398,preprocessing,preprocessing,cluster_g2,alibaba_gpu_type_pool,G2,15,1,0.00025,,1,3.152,5.46875
synthetic_00416,preprocessing,preprocessing,cluster_g2,alibaba_gpu_type_pool,G2,15,1,0.00035,,1,3.152,5.46875
synthetic_00424,fine_tuning,fine_tuning,cluster_g3,alibaba_gpu_type_pool,G3,15,5,0.00035,G3,1,4.0,24.0
synthetic_00434,preprocessing,preprocessing,cluster_g2,alibaba_gpu_type_pool,G2,15,9,0.00025,,1,14.2,57.0
synthetic_00547,preprocessing,preprocessing,cluster_t4,alibaba_gpu_type_pool,T4,15,1,0.00025,P100|T4|V100M16|V100M32,1,18.708,63.0
synthetic_00593,fine_tuning,fine_tuning,cluster_t4,alibaba_gpu_type_pool,T4,15,1,7e-05,T4,1,11.3,48.0
synthetic_00610,fine_tuning,fine_tuning,cluster_t4,alibaba_gpu_type_pool,T4,15,1,7e-05,T4,1,11.3,48.0
synthetic_00679,preprocessing,preprocessing,cluster_g2,alibaba_gpu_type_pool,G2,15,2,0.00035,,1,11.3,48.0
synthetic_00699,preprocessing,preprocessing,cluster_g2,alibaba_gpu_type_pool,G2,15,1,0.00025,,1,3.152,5.46875
synthetic_00788,fine_tuning,fine_tuning,cluster_p100,alibaba_gpu_type_pool,P100,15,1,0.00025,P100,1,11.908,46.0
synthetic_00804,fine_tuning,fine_tuning,cluster_t4,alibaba_gpu_type_pool,T4,15,1,7e-05,T4,1,3.152,5.46875
synthetic_00809,preprocessing,preprocessing,cluster_g2,alibaba_gpu_type_pool,G2,15,1,7e-05,,1,11.3,48.0
synthetic_00816,preprocessing,preprocessing,cluster_g2,alibaba_gpu_type_pool,G2,15,1,0.00035,,1,4.152,10.3515625
synthetic_00822,fine_tuning,fine_tuning,cluster_p100,alibaba_gpu_type_pool,P100,15,1,0.00025,P100,1,3.152,5.46875
synthetic_00960,training,training,cluster_v100m16,alibaba_gpu_type_pool,V100M16,15,3,0.00025,V100M16|V100M32,1,11.3,48.0
synthetic_00974,fine_tuning,fine_tuning,cluster_t4,alibaba_gpu_type_pool,T4,15,1,7e-05,T4,1,11.4,47.0
synthetic_01117,preprocessing,preprocessing,cluster_g2,alibaba_gpu_type_pool,G2,15,1,0.00025,,1,4.152,10.3515625
synthetic_01419,preprocessing,preprocessing,cluster_g2,alibaba_gpu_type_pool,G2,15,1,0.00025,,1,3.152,5.46875
synthetic_01466,fine_tuning,fine_tuning,cluster_t4,alibaba_gpu_type_pool,T4,15,2,7e-05,T4,1,3.152,5.46875
synthetic_01516,preprocessing,preprocessing,cluster_g2,alibaba_gpu_type_pool,G2,15,1,7e-05,,1,11.3,48.0
synthetic_01611,preprocessing,preprocessing,cluster_g2,alibaba_gpu_type_pool,G2,15,1,0.00035,,1,11.908,46.0
synthetic_01773,preprocessing,preprocessing,cluster_g2,alibaba_gpu_type_pool,G2,15,2,7e-05,,1,3.152,5.46875
synthetic_01940,preprocessing,preprocessing,cluster_g2,alibaba_gpu_type_pool,G2,15,1,0.00025,,1,3.152,5.46875
synthetic_01966,training,training,cluster_v100m32,alibaba_gpu_type_pool,V100M32,15,1,0.00025,V100M16|V100M32,1,3.152,5.46875
synthetic_01982,fine_tuning,fine_tuning,cluster_t4,alibaba_gpu_type_pool,T4,15,2,7e-05,T4,1,4.152,10.3515625
synthetic_02004,fine_tuning,fine_tuning,cluster_g2,alibaba_gpu_type_pool,G2,15,1,0.00035,G2,1,11.3,48.0
synthetic_02156,preprocessing,preprocessing,cluster_g2,alibaba_gpu_type_pool,G2,15,4,0.00025,,1,16.0,32.0
synthetic_02265,preprocessing,preprocessing,cluster_g2,alibaba_gpu_type_pool,G2,15,3,0.00025,,1,9.81,40.5859375
synthetic_02745,preprocessing,preprocessing,cluster_g2,alibaba_gpu_type_pool,G2,15,1,0.00025,,1,11.4,47.0
synthetic_02823,fine_tuning,fine_tuning,cluster_t4,alibaba_gpu_type_pool,T4,15,4,7e-05,T4,1,3.152,5.46875
synthetic_02873,preprocessing,preprocessing,cluster_g2,alibaba_gpu_type_pool,G2,15,9,0.00025,,1,14.2,57.0
synthetic_02917,preprocessing,preprocessing,cluster_g2,alibaba_gpu_type_pool,G2,15,1,7e-05,,1,3.152,5.46875
synthetic_02964,preprocessing,preprocessing,cluster_g2,alibaba_gpu_type_pool,G2,15,5,0.00025,,1,4.0,24.0
synthetic_03175,preprocessing,preprocessing,cluster_g2,alibaba_gpu_type_pool,G2,15,1,0.00025,,1,18.708,63.0
synthetic_03189,preprocessing,preprocessing,cluster_g2,alibaba_gpu_type_pool,G2,15,1,0.00025,,1,3.152,5.46875
synthetic_03248,preprocessing,preprocessing,cluster_g2,alibaba_gpu_type_pool,G2,15,1,0.00025,,1,3.152,5.46875
synthetic_03366,preprocessing,preprocessing,cluster_g2,alibaba_gpu_type_pool,G2,15,4,0.00035,,1,3.152,5.46875
synthetic_03463,preprocessing,preprocessing,cluster_g2,alibaba_gpu_type_pool,G2,15,1,7e-05,,1,3.152,5.46875
synthetic_03825,preprocessing,preprocessing,cluster_g2,alibaba_gpu_type_pool,G2,15,6,0.00025,,1,4.0,22.3515625
synthetic_03935,fine_tuning,fine_tuning,cluster_t4,alibaba_gpu_type_pool,T4,15,1,7e-05,T4,1,3.152,5.46875
synthetic_04041,preprocessing,preprocessing,cluster_g2,alibaba_gpu_type_pool,G2,15,2,0.00025,,1,8.0,32.0
synthetic_04135,preprocessing,preprocessing,cluster_g2,alibaba_gpu_type_pool,G2,15,1,0.00025,,1,11.3,48.0
synthetic_04265,preprocessing,preprocessing,cluster_g2,alibaba_gpu_type_pool,G2,15,2,0.00035,,1,3.152,5.46875
synthetic_04483,preprocessing,preprocessing,cluster_g2,alibaba_gpu_type_pool,G2,15,5,0.00025,,1,11.908,46.0
synthetic_04571,fine_tuning,fine_tuning,cluster_t4,alibaba_gpu_type_pool,T4,15,1,7e-05,T4,1,3.152,5.46875
synthetic_04608,preprocessing,preprocessing,cluster_g2,alibaba_gpu_type_pool,G2,15,1,0.00025,,1,15.7,57.0
synthetic_04699,preprocessing,preprocessing,cluster_g2,alibaba_gpu_type_pool,G2,15,2,0.00025,,1,11.908,46.0
synthetic_04793,fine_tuning,fine_tuning,cluster_t4,alibaba_gpu_type_pool,T4,15,1,7e-05,T4,1,6.0,12.0
synthetic_04865,preprocessing,preprocessing,cluster_g2,alibaba_gpu_type_pool,G2,15,1,0.00025,,1,3.152,5.46875
synthetic_04883,preprocessing,preprocessing,cluster_g2,alibaba_gpu_type_pool,G2,15,1,0.00025,,1,3.152,5.46875
synthetic_00013,preprocessing,preprocessing,cluster_g2,alibaba_gpu_type_pool,G2,16,1,0.00015,,1,3.152,5.46875
synthetic_00208,preprocessing,preprocessing,cluster_g2,alibaba_gpu_type_pool,G2,16,1,0.00025,,1,3.152,5.46875
synthetic_00282,preprocessing,preprocessing,cluster_g2,alibaba_gpu_type_pool,G2,16,2,0.00015,,1,11.3,48.0
synthetic_00402,preprocessing,preprocessing,cluster_g2,alibaba_gpu_type_pool,G2,16,2,0.00035,,1,11.4,47.0
synthetic_00688,preprocessing,preprocessing,cluster_g2,alibaba_gpu_type_pool,G2,16,5,0.00035,,1,15.2,79.0
synthetic_00781,training,training,cluster_v100m16,alibaba_gpu_type_pool,V100M16,16,2,0.00025,V100M16|V100M32,1,9.81,40.5859375
synthetic_00790,preprocessing,preprocessing,cluster_g2,alibaba_gpu_type_pool,G2,16,5,0.00025,,1,4.0,29.8017578125
synthetic_00819,preprocessing,preprocessing,cluster_v100m32,alibaba_gpu_type_pool,V100M32,16,3,7e-05,P100|T4|V100M16|V100M32,1,11.908,46.0
synthetic_00909,fine_tuning,fine_tuning,cluster_t4,alibaba_gpu_type_pool,T4,16,1,7e-05,T4,1,3.152,5.46875
synthetic_01107,preprocessing,preprocessing,cluster_g2,alibaba_gpu_type_pool,G2,16,2,0.00025,,1,9.81,40.5859375
synthetic_01116,fine_tuning,fine_tuning,cluster_g2,alibaba_gpu_type_pool,G2,16,2,0.00035,G2,1,11.4,47.0
synthetic_01226,preprocessing,preprocessing,cluster_g2,alibaba_gpu_type_pool,G2,16,1,7e-05,,1,3.152,5.46875
synthetic_01265,preprocessing,preprocessing,cluster_g2,alibaba_gpu_type_pool,G2,16,1,0.00035,,1,3.152,5.46875
synthetic_01308,preprocessing,preprocessing,cluster_g2,alibaba_gpu_type_pool,G2,16,1,0.00015,,1,3.152,5.46875
synthetic_01351,preprocessing,preprocessing,cluster_g2,alibaba_gpu_type_pool,G2,16,1,0.00025,,1,3.152,5.46875
synthetic_01405,fine_tuning,fine_tuning,cluster_t4,alibaba_gpu_type_pool,T4,16,1,7e-05,T4,1,11.3,48.0
synthetic_01464,fine_tuning,fine_tuning,cluster_g2,alibaba_gpu_type_pool,G2,16,2,0.00035,G2,1,8.0,16.0
synthetic_01468,preprocessing,preprocessing,cluster_g2,alibaba_gpu_type_pool,G2,16,3,0.00035,,1,24.2,91.0
synthetic_01482,preprocessing,preprocessing,cluster_g2,alibaba_gpu_type_pool,G2,16,9,0.00025,,1,11.4,47.0
synthetic_01621,preprocessing,preprocessing,cluster_g2,alibaba_gpu_type_pool,G2,16,1,0.00035,,1,6.0,12.0
synthetic_01877,fine_tuning,fine_tuning,cluster_t4,alibaba_gpu_type_pool,T4,16,1,7e-05,T4,1,11.3,48.0
synthetic_01911,fine_tuning,fine_tuning,cluster_t4,alibaba_gpu_type_pool,T4,16,2,7e-05,T4,1,12.0,16.0
synthetic_01956,preprocessing,preprocessing,cluster_g2,alibaba_gpu_type_pool,G2,16,1,0.00035,,1,3.152,5.46875
synthetic_02189,fine_tuning,fine_tuning,cluster_g2,alibaba_gpu_type_pool,G2,16,1,0.0014,G2,4,32.2,129.0
synthetic_02220,preprocessing,preprocessing,cluster_g2,alibaba_gpu_type_pool,G2,16,5,0.00035,,1,16.0,32.0
synthetic_02475,preprocessing,preprocessing,cluster_g2,alibaba_gpu_type_pool,G2,16,2,0.00025,,1,3.152,5.46875
synthetic_02549,preprocessing,preprocessing,cluster_g2,alibaba_gpu_type_pool,G2,16,1,0.00035,,1,12.0,24.0
synthetic_02556,preprocessing,preprocessing,cluster_g2,alibaba_gpu_type_pool,G2,16,1,0.00025,,1,3.152,5.46875
synthetic_02625,fine_tuning,fine_tuning,cluster_t4,alibaba_gpu_type_pool,T4,16,1,7e-05,T4,1,11.908,46.0
synthetic_02637,preprocessing,preprocessing,cluster_g2,alibaba_gpu_type_pool,G2,16,1,0.00035,,1,11.3,48.0
synthetic_02724,preprocessing,preprocessing,cluster_g2,alibaba_gpu_type_pool,G2,16,5,0.00025,,1,4.0,24.0
synthetic_02788,preprocessing,preprocessing,cluster_g2,alibaba_gpu_type_pool,G2,16,1,0.00025,,1,3.152,5.46875
synthetic_02830,fine_tuning,fine_tuning,cluster_g2,alibaba_gpu_type_pool,G2,16,1,0.00035,G2,1,11.3,48.0
synthetic_03086,preprocessing,preprocessing,cluster_g2,alibaba_gpu_type_pool,G2,16,2,7e-05,,1,4.0,22.3515625
synthetic_03170,fine_tuning,fine_tuning,cluster_t4,alibaba_gpu_type_pool,T4,16,1,7e-05,T4,1,3.152,5.46875
synthetic_03190,preprocessing,preprocessing,cluster_g2,alibaba_gpu_type_pool,G2,16,8,0.00025,,1,11.3,48.0
synthetic_03217,preprocessing,preprocessing,cluster_g2,alibaba_gpu_type_pool,G2,16,1,7e-05,,1,11.3,48.0
synthetic_03307,preprocessing,preprocessing,cluster_g2,alibaba_gpu_type_pool,G2,16,2,0.00025,,1,11.908,46.0
synthetic_03364,preprocessing,preprocessing,cluster_v100m16,alibaba_gpu_type_pool,V100M16,16,2,0.00025,P100|V100M16|V100M32,1,12.0,32.0
synthetic_03636,fine_tuning,fine_tuning,cluster_t4,alibaba_gpu_type_pool,T4,16,3,7e-05,T4,1,11.3,48.0
synthetic_03649,preprocessing,preprocessing,cluster_g2,alibaba_gpu_type_pool,G2,16,1,0.00035,,1,3.152,5.46875
synthetic_03716,fine_tuning,fine_tuning,cluster_p100,alibaba_gpu_type_pool,P100,16,3,0.00025,P100,1,3.152,5.46875
synthetic_03823,preprocessing,preprocessing,cluster_g2,alibaba_gpu_type_pool,G2,16,1,0.00035,,1,11.4,47.0
synthetic_03926,preprocessing,preprocessing,cluster_g2,alibaba_gpu_type_pool,G2,16,1,0.00035,,1,2.0,16.0
synthetic_04043,fine_tuning,fine_tuning,cluster_p100,alibaba_gpu_type_pool,P100,16,1,0.00025,P100,1,3.152,5.46875
synthetic_04193,preprocessing,preprocessing,cluster_g2,alibaba_gpu_type_pool,G2,16,1,0.00035,,1,11.3,48.0
synthetic_04329,preprocessing,preprocessing,cluster_g2,alibaba_gpu_type_pool,G2,16,1,7e-05,,1,3.152,5.46875
synthetic_04666,preprocessing,preprocessing,cluster_g2,alibaba_gpu_type_pool,G2,16,1,0.00025,,1,16.4,123.0
synthetic_04750,preprocessing,preprocessing,cluster_g2,alibaba_gpu_type_pool,G2,16,2,7e-05,,1,11.908,46.0
synthetic_04804,preprocessing,preprocessing,cluster_g2,alibaba_gpu_type_pool,G2,16,1,7e-05,,1,15.7,57.0
synthetic_04970,preprocessing,preprocessing,cluster_g2,alibaba_gpu_type_pool,G2,16,1,0.00025,,1,11.908,46.0
synthetic_04978,preprocessing,preprocessing,cluster_g2,alibaba_gpu_type_pool,G2,16,1,0.00025,,1,11.3,48.0
synthetic_04981,preprocessing,preprocessing,cluster_g2,alibaba_gpu_type_pool,G2,16,2,7e-05,,1,3.152,5.46875
synthetic_00168,preprocessing,preprocessing,cluster_g2,alibaba_gpu_type_pool,G2,17,1,0.00025,,1,8.0,29.8017578125
synthetic_00302,preprocessing,preprocessing,cluster_g2,alibaba_gpu_type_pool,G2,17,1,7e-05,,1,16.4,123.0
synthetic_00314,preprocessing,preprocessing,cluster_g2,alibaba_gpu_type_pool,G2,17,1,0.00035,,1,4.152,10.3515625
synthetic_00332,preprocessing,preprocessing,cluster_g2,alibaba_gpu_type_pool,G2,17,2,0.00035,,1,8.2,33.0
synthetic_00365,fine_tuning,fine_tuning,cluster_t4,alibaba_gpu_type_pool,T4,17,1,7e-05,T4,1,3.152,5.46875
synthetic_00421,preprocessing,preprocessing,cluster_g2,alibaba_gpu_type_pool,G2,17,1,0.00035,,1,3.152,5.46875
synthetic_00553,preprocessing,preprocessing,cluster_g2,alibaba_gpu_type_pool,G2,17,6,0.00025,,1,4.0,22.3515625
synthetic_00591,preprocessing,preprocessing,cluster_g2,alibaba_gpu_type_pool,G2,17,2,0.00035,,1,11.3,48.0
synthetic_00772,preprocessing,preprocessing,cluster_v100m16,alibaba_gpu_type_pool,V100M16,17,1,0.00025,P100|V100M16|V100M32,1,11.4,47.0
synthetic_00985,preprocessing,preprocessing,cluster_g2,alibaba_gpu_type_pool,G2,17,1,0.00025,,1,3.152,5.46875
synthetic_01211,preprocessing,preprocessing,cluster_g2,alibaba_gpu_type_pool,G2,17,3,7e-05,,1,4.0,14.900390625
synthetic_01313,fine_tuning,fine_tuning,cluster_t4,alibaba_gpu_type_pool,T4,17,1,7e-05,T4,1,4.152,10.3515625
synthetic_01336,fine_tuning,fine_tuning,cluster_t4,alibaba_gpu_type_pool,T4,17,1,7e-05,T4,1,8.0,29.8017578125
synthetic_01494,preprocessing,preprocessing,cluster_g2,alibaba_gpu_type_pool,G2,17,2,0.00025,,1,11.3,48.0
synthetic_01502,fine_tuning,fine_tuning,cluster_g2,alibaba_gpu_type_pool,G2,17,4,0.00035,G2,1,16.0,32.0
synthetic_01622,preprocessing,preprocessing,cluster_g2,alibaba_gpu_type_pool,G2,17,2,0.00025,,1,24.2,91.0
synthetic_01663,preprocessing,preprocessing,cluster_g2,alibaba_gpu_type_pool,G2,17,1,0.00035,,1,3.152,5.46875
synthetic_01728,fine_tuning,fine_tuning,cluster_t4,alibaba_gpu_type_pool,T4,17,1,7e-05,T4,1,11.3,48.0
synthetic_01742,preprocessing,preprocessing,cluster_g2,alibaba_gpu_type_pool,G2,17,6,0.00025,,1,4.0,24.0
synthetic_01953,fine_tuning,fine_tuning,cluster_t4,alibaba_gpu_type_pool,T4,17,2,7e-05,T4,1,3.152,5.46875
synthetic_02015,preprocessing,preprocessing,cluster_g2,alibaba_gpu_type_pool,G2,17,1,0.00015,,1,3.152,5.46875
synthetic_02051,fine_tuning,fine_tuning,cluster_g2,alibaba_gpu_type_pool,G2,17,1,0.00035,G2,1,11.908,46.0
synthetic_02071,preprocessing,preprocessing,cluster_g2,alibaba_gpu_type_pool,G2,17,2,0.00035,,1,3.152,5.46875
synthetic_02324,fine_tuning,fine_tuning,cluster_g2,alibaba_gpu_type_pool,G2,17,1,0.00035,G2,1,3.152,5.46875
synthetic_02337,preprocessing,preprocessing,cluster_g2,alibaba_gpu_type_pool,G2,17,3,7e-05,,1,15.7,57.0
synthetic_02480,fine_tuning,fine_tuning,cluster_p100,alibaba_gpu_type_pool,P100,17,1,0.00025,P100,1,3.152,5.46875
synthetic_02612,fine_tuning,fine_tuning,cluster_g2,alibaba_gpu_type_pool,G2,17,1,0.00035,G2,1,11.3,48.0
synthetic_02814,preprocessing,preprocessing,cluster_g2,alibaba_gpu_type_pool,G2,17,1,7e-05,,1,3.152,5.46875
synthetic_02825,preprocessing,preprocessing,cluster_g2,alibaba_gpu_type_pool,G2,17,1,0.00025,,1,18.708,63.0
synthetic_03134,preprocessing,preprocessing,cluster_g2,alibaba_gpu_type_pool,G2,17,4,0.00025,,1,11.3,48.0
synthetic_03200,preprocessing,preprocessing,cluster_g2,alibaba_gpu_type_pool,G2,17,3,0.00025,,1,8.0,29.8017578125
synthetic_03221,fine_tuning,fine_tuning,cluster_g3,alibaba_gpu_type_pool,G3,17,2,0.00035,G3,1,11.3,48.0
synthetic_03226,preprocessing,preprocessing,cluster_g2,alibaba_gpu_type_pool,G2,17,2,0.00035,,1,3.152,5.46875
synthetic_03234,preprocessing,preprocessing,cluster_g2,alibaba_gpu_type_pool,G2,17,1,0.00035,,1,8.0,29.8017578125
synthetic_03259,preprocessing,preprocessing,cluster_g2,alibaba_gpu_type_pool,G2,17,2,0.00025,,1,11.3,48.0
synthetic_03671,preprocessing,preprocessing,cluster_g2,alibaba_gpu_type_pool,G2,17,2,0.00035,,1,8.0,29.8017578125
synthetic_03744,preprocessing,preprocessing,cluster_g2,alibaba_gpu_type_pool,G2,17,2,0.00035,,1,3.152,5.46875
synthetic_04047,preprocessing,preprocessing,cluster_g2,alibaba_gpu_type_pool,G2,17,1,0.00035,,1,3.152,5.46875
synthetic_04069,preprocessing,preprocessing,cluster_g2,alibaba_gpu_type_pool,G2,17,1,7e-05,,1,3.152,5.46875
synthetic_04126,preprocessing,preprocessing,cluster_g2,alibaba_gpu_type_pool,G2,17,4,0.00025,,1,9.81,40.5859375
synthetic_04373,fine_tuning,fine_tuning,cluster_t4,alibaba_gpu_type_pool,T4,17,7,7e-05,T4,1,4.0,22.3515625
synthetic_04394,preprocessing,preprocessing,cluster_g2,alibaba_gpu_type_pool,G2,17,1,0.00035,,1,12.0,48.0
synthetic_04416,fine_tuning,fine_tuning,cluster_t4,alibaba_gpu_type_pool,T4,17,7,7e-05,T4,1,4.0,22.3515625
synthetic_04593,fine_tuning,fine_tuning,cluster_t4,alibaba_gpu_type_pool,T4,17,1,7e-05,T4,1,3.152,5.46875
synthetic_04637,preprocessing,preprocessing,cluster_g2,alibaba_gpu_type_pool,G2,17,1,0.00025,,1,8.0,29.8017578125
synthetic_04746,preprocessing,preprocessing,cluster_g2,alibaba_gpu_type_pool,G2,17,3,0.00025,,1,15.7,57.0
synthetic_00012,fine_tuning,fine_tuning,cluster_t4,alibaba_gpu_type_pool,T4,18,2,7e-05,T4,1,9.81,40.5859375
synthetic_00049,fine_tuning,fine_tuning,cluster_t4,alibaba_gpu_type_pool,T4,18,1,7e-05,T4,1,11.4,47.0
synthetic_00084,fine_tuning,fine_tuning,cluster_t4,alibaba_gpu_type_pool,T4,18,1,7e-05,T4,1,3.152,5.46875
synthetic_00107,preprocessing,preprocessing,cluster_g2,alibaba_gpu_type_pool,G2,18,3,0.00015,,1,11.908,46.0
synthetic_00318,preprocessing,preprocessing,cluster_g2,alibaba_gpu_type_pool,G2,18,1,0.00025,,1,3.152,5.46875
synthetic_00619,preprocessing,preprocessing,cluster_g2,alibaba_gpu_type_pool,G2,18,1,0.00035,,1,11.3,48.0
synthetic_00674,preprocessing,preprocessing,cluster_g2,alibaba_gpu_type_pool,G2,18,3,0.00015,,1,15.7,57.0
synthetic_00802,preprocessing,preprocessing,cluster_g2,alibaba_gpu_type_pool,G2,18,1,0.00025,,1,11.3,48.0
synthetic_00898,preprocessing,preprocessing,cluster_g2,alibaba_gpu_type_pool,G2,18,6,0.00035,,1,24.2,91.0
synthetic_00932,preprocessing,preprocessing,cluster_g2,alibaba_gpu_type_pool,G2,18,1,0.00025,,1,3.152,5.46875
synthetic_01066,fine_tuning,fine_tuning,cluster_p100,alibaba_gpu_type_pool,P100,18,2,0.00025,P100,1,4.152,10.3515625
synthetic_01254,fine_tuning,fine_tuning,cluster_t4,alibaba_gpu_type_pool,T4,18,1,7e-05,T4,1,11.9,76.0
synthetic_01323,preprocessing,preprocessing,cluster_g2,alibaba_gpu_type_pool,G2,18,5,0.00025,,1,16.0,32.0
synthetic_01361,preprocessing,preprocessing,cluster_g2,alibaba_gpu_type_pool,G2,18,2,0.00035,,1,11.908,46.0
synthetic_01452,fine_tuning,fine_tuning,cluster_g2,alibaba_gpu_type_pool,G2,18,2,0.00035,G2,1,11.3,48.0
synthetic_01617,preprocessing,preprocessing,cluster_g2,alibaba_gpu_type_pool,G2,18,1,7e-05,,1,11.4,47.0
synthetic_01640,preprocessing,preprocessing,cluster_g2,alibaba_gpu_type_pool,G2,18,1,0.00015,,1,6.0,6.0
synthetic_01708,preprocessing,preprocessing,cluster_g2,alibaba_gpu_type_pool,G2,18,2,0.00025,,1,16.0,32.0
synthetic_01905,preprocessing,preprocessing,cluster_g2,alibaba_gpu_type_pool,G2,18,2,0.00025,,1,18.708,63.0
synthetic_01961,fine_tuning,fine_tuning,cluster_g2,alibaba_gpu_type_pool,G2,18,5,0.00035,G2,1,12.0,15.0
synthetic_02061,preprocessing,preprocessing,cluster_g2,alibaba_gpu_type_pool,G2,18,1,0.00035,,1,3.152,5.46875
synthetic_02130,preprocessing,preprocessing,cluster_g2,alibaba_gpu_type_pool,G2,18,4,0.00025,,1,6.0,12.0
synthetic_02211,preprocessing,preprocessing,cluster_g2,alibaba_gpu_type_pool,G2,18,2,7e-05,,1,3.152,5.46875
synthetic_02233,preprocessing,preprocessing,cluster_g2,alibaba_gpu_type_pool,G2,18,1,0.00035,,1,3.152,5.46875
synthetic_02309,preprocessing,preprocessing,cluster_g2,alibaba_gpu_type_pool,G2,18,2,0.00025,,1,11.4,47.0
synthetic_02501,fine_tuning,fine_tuning,cluster_g3,alibaba_gpu_type_pool,G3,18,1,0.00035,G3,1,9.81,40.5859375
synthetic_02534,preprocessing,preprocessing,cluster_g2,alibaba_gpu_type_pool,G2,18,4,0.00025,,1,11.9,76.0
synthetic_02764,preprocessing,preprocessing,cluster_g2,alibaba_gpu_type_pool,G2,18,1,0.00035,,1,3.152,5.46875
synthetic_02872,preprocessing,preprocessing,cluster_g2,alibaba_gpu_type_pool,G2,18,1,0.00025,,1,3.152,5.46875
synthetic_03044,preprocessing,preprocessing,cluster_p100,alibaba_gpu_type_pool,P100,18,1,0.00025,P100|V100M16|V100M32,1,3.152,5.46875
synthetic_03053,fine_tuning,fine_tuning,cluster_t4,alibaba_gpu_type_pool,T4,18,8,7e-05,T4,1,12.0,15.0
synthetic_03132,preprocessing,preprocessing,cluster_g2,alibaba_gpu_type_pool,G2,18,1,0.00025,,1,3.152,5.46875
synthetic_03150,preprocessing,preprocessing,cluster_g2,alibaba_gpu_type_pool,G2,18,6,0.00035,,1,11.4,47.0
synthetic_03257,fine_tuning,fine_tuning,cluster_p100,alibaba_gpu_type_pool,P100,18,2,0.00025,P100,1,4.152,10.3515625
synthetic_03301,preprocessing,preprocessing,cluster_g2,alibaba_gpu_type_pool,G2,18,1,0.00025,,1,3.152,5.46875
synthetic_03458,preprocessing,preprocessing,cluster_g2,alibaba_gpu_type_pool,G2,18,1,7e-05,,1,4.152,10.3515625
synthetic_03616,preprocessing,preprocessing,cluster_g2,alibaba_gpu_type_pool,G2,18,1,0.00025,,1,11.3,48.0
synthetic_03766,preprocessing,preprocessing,cluster_g2,alibaba_gpu_type_pool,G2,18,5,0.00025,,1,4.0,24.0
synthetic_03886,preprocessing,preprocessing,cluster_g2,alibaba_gpu_type_pool,G2,18,1,0.00025,,1,4.0,24.0
synthetic_03937,fine_tuning,fine_tuning,cluster_t4,alibaba_gpu_type_pool,T4,18,1,7e-05,T4,1,12.0,24.0
synthetic_04147,fine_tuning,fine_tuning,cluster_t4,alibaba_gpu_type_pool,T4,18,2,7e-05,T4,1,12.0,24.0
synthetic_04427,fine_tuning,fine_tuning,cluster_t4,alibaba_gpu_type_pool,T4,18,1,7e-05,T4,1,11.3,48.0
synthetic_04561,preprocessing,preprocessing,cluster_g2,alibaba_gpu_type_pool,G2,18,3,0.00035,,1,15.7,57.0
synthetic_04671,preprocessing,preprocessing,cluster_g2,alibaba_gpu_type_pool,G2,18,1,0.00035,,1,18.708,63.0
synthetic_04736,fine_tuning,fine_tuning,cluster_t4,alibaba_gpu_type_pool,T4,18,1,7e-05,T4,1,11.908,46.0
synthetic_00028,fine_tuning,fine_tuning,cluster_g3,alibaba_gpu_type_pool,G3,19,1,0.00035,G3,1,11.908,46.0
synthetic_00066,preprocessing,preprocessing,cluster_g2,alibaba_gpu_type_pool,G2,19,1,0.00025,,1,11.3,48.0
synthetic_00093,preprocessing,preprocessing,cluster_g2,alibaba_gpu_type_pool,G2,19,1,0.00025,,1,14.2,57.0
synthetic_00233,preprocessing,preprocessing,cluster_g2,alibaba_gpu_type_pool,G2,19,1,0.00035,,1,3.152,5.46875
synthetic_00311,fine_tuning,fine_tuning,cluster_t4,alibaba_gpu_type_pool,T4,19,2,7e-05,T4,1,11.4,47.0
synthetic_00331,fine_tuning,fine_tuning,cluster_t4,alibaba_gpu_type_pool,T4,19,1,7e-05,T4,1,11.3,48.0
synthetic_00473,preprocessing,preprocessing,cluster_g2,alibaba_gpu_type_pool,G2,19,3,7e-05,,1,4.0,14.900390625
synthetic_00626,preprocessing,preprocessing,cluster_g2,alibaba_gpu_type_pool,G2,19,1,0.00015,,1,8.0,29.8017578125
synthetic_00774,fine_tuning,fine_tuning,cluster_t4,alibaba_gpu_type_pool,T4,19,1,7e-05,T4,1,11.908,46.0
synthetic_00801,preprocessing,preprocessing,cluster_g2,alibaba_gpu_type_pool,G2,19,2,0.00025,,1,12.0,24.0
synthetic_00897,fine_tuning,fine_tuning,cluster_t4,alibaba_gpu_type_pool,T4,19,4,7e-05,T4,1,18.708,63.0
synthetic_01255,fine_tuning,fine_tuning,cluster_p100,alibaba_gpu_type_pool,P100,19,1,0.00025,P100,1,3.152,5.46875
synthetic_01403,preprocessing,preprocessing,cluster_g2,alibaba_gpu_type_pool,G2,19,1,7e-05,,1,18.708,63.0
synthetic_01782,fine_tuning,fine_tuning,cluster_p100,alibaba_gpu_type_pool,P100,19,2,0.00025,P100,1,11.908,46.0
synthetic_02077,fine_tuning,fine_tuning,cluster_g2,alibaba_gpu_type_pool,G2,19,1,0.00035,G2,1,11.3,48.0
synthetic_02257,fine_tuning,fine_tuning,cluster_t4,alibaba_gpu_type_pool,T4,19,1,7e-05,T4,1,3.152,5.46875
synthetic_02353,fine_tuning,fine_tuning,cluster_g2,alibaba_gpu_type_pool,G2,19,5,0.00035,G2,1,11.4,47.0
synthetic_02360,preprocessing,preprocessing,cluster_g2,alibaba_gpu_type_pool,G2,19,1,0.00035,,1,16.4,123.0
synthetic_02623,preprocessing,preprocessing,cluster_g2,alibaba_gpu_type_pool,G2,19,1,0.00025,,1,4.0,24.0
synthetic_02965,fine_tuning,fine_tuning,cluster_t4,alibaba_gpu_type_pool,T4,19,1,7e-05,T4,1,11.3,48.0
synthetic_02984,preprocessing,preprocessing,cluster_g2,alibaba_gpu_type_pool,G2,19,1,0.00035,,1,3.152,5.46875
synthetic_03123,preprocessing,preprocessing,cluster_g2,alibaba_gpu_type_pool,G2,19,1,0.0014,,4,32.2,129.0
synthetic_03140,preprocessing,preprocessing,cluster_g2,alibaba_gpu_type_pool,G2,19,2,0.00035,,1,11.3,48.0
synthetic_03162,fine_tuning,fine_tuning,cluster_t4,alibaba_gpu_type_pool,T4,19,2,7e-05,T4,1,11.3,48.0
synthetic_03319,preprocessing,preprocessing,cluster_g2,alibaba_gpu_type_pool,G2,19,1,0.00035,,1,9.81,40.5859375
synthetic_03376,fine_tuning,fine_tuning,cluster_g2,alibaba_gpu_type_pool,G2,19,1,0.00035,G2,1,11.3,48.0
synthetic_03495,fine_tuning,fine_tuning,cluster_p100,alibaba_gpu_type_pool,P100,19,1,0.00025,P100,1,3.152,5.46875
synthetic_03561,preprocessing,preprocessing,cluster_g2,alibaba_gpu_type_pool,G2,19,1,0.00025,,1,11.908,46.0
synthetic_03631,preprocessing,preprocessing,cluster_g2,alibaba_gpu_type_pool,G2,19,3,0.00035,,1,12.0,24.0
synthetic_03652,fine_tuning,fine_tuning,cluster_t4,alibaba_gpu_type_pool,T4,19,2,7e-05,T4,1,11.908,46.0
synthetic_03675,preprocessing,preprocessing,cluster_g2,alibaba_gpu_type_pool,G2,19,1,0.00025,,1,14.2,57.0
synthetic_03723,preprocessing,preprocessing,cluster_g2,alibaba_gpu_type_pool,G2,19,1,0.00025,,1,4.152,10.3515625
synthetic_03724,fine_tuning,fine_tuning,cluster_t4,alibaba_gpu_type_pool,T4,19,1,7e-05,T4,1,11.4,47.0
synthetic_03829,preprocessing,preprocessing,cluster_g2,alibaba_gpu_type_pool,G2,19,3,7e-05,,1,4.152,10.3515625
synthetic_04063,preprocessing,preprocessing,cluster_g2,alibaba_gpu_type_pool,G2,19,1,0.00035,,1,6.0,12.0
synthetic_04120,fine_tuning,fine_tuning,cluster_t4,alibaba_gpu_type_pool,T4,19,1,7e-05,T4,1,11.908,46.0
synthetic_04122,fine_tuning,fine_tuning,cluster_p100,alibaba_gpu_type_pool,P100,19,2,0.00025,P100,1,3.152,5.46875
synthetic_04425,preprocessing,preprocessing,cluster_g2,alibaba_gpu_type_pool,G2,19,5,0.00025,,1,11.908,46.0
synthetic_04569,preprocessing,preprocessing,cluster_g2,alibaba_gpu_type_pool,G2,19,2,0.00025,,1,16.4,123.0
synthetic_04605,fine_tuning,fine_tuning,cluster_g2,alibaba_gpu_type_pool,G2,19,2,0.00035,G2,1,14.2,57.0
synthetic_04695,preprocessing,preprocessing,cluster_g2,alibaba_gpu_type_pool,G2,19,1,0.00025,,1,3.152,5.46875
synthetic_04762,fine_tuning,fine_tuning,cluster_t4,alibaba_gpu_type_pool,T4,19,1,7e-05,T4,1,12.0,15.0
synthetic_04863,fine_tuning,fine_tuning,cluster_t4,alibaba_gpu_type_pool,T4,19,4,7e-05,T4,1,11.4,47.0
synthetic_00115,fine_tuning,fine_tuning,cluster_t4,alibaba_gpu_type_pool,T4,20,1,7e-05,T4,1,18.708,63.0
synthetic_00246,fine_tuning,fine_tuning,cluster_g3,alibaba_gpu_type_pool,G3,20,1,0.00035,G3,1,9.81,40.5859375
synthetic_00432,fine_tuning,fine_tuning,cluster_t4,alibaba_gpu_type_pool,T4,20,1,7e-05,T4,1,3.152,5.46875
synthetic_00470,preprocessing,preprocessing,cluster_g2,alibaba_gpu_type_pool,G2,20,1,0.00025,,1,11.3,48.0
synthetic_00521,preprocessing,preprocessing,cluster_g2,alibaba_gpu_type_pool,G2,20,1,0.00025,,1,11.3,48.0
synthetic_00532,preprocessing,preprocessing,cluster_g2,alibaba_gpu_type_pool,G2,20,1,0.00015,,1,3.152,5.46875
synthetic_00554,fine_tuning,fine_tuning,cluster_t4,alibaba_gpu_type_pool,T4,20,1,7e-05,T4,1,11.3,48.0
synthetic_00730,preprocessing,preprocessing,cluster_g2,alibaba_gpu_type_pool,G2,20,1,0.00035,,1,3.152,5.46875
synthetic_00752,preprocessing,preprocessing,cluster_g2,alibaba_gpu_type_pool,G2,20,2,7e-05,,1,3.152,5.46875
synthetic_00764,fine_tuning,fine_tuning,cluster_t4,alibaba_gpu_type_pool,T4,20,3,7e-05,T4,1,9.81,40.5859375
synthetic_00813,training,training,cluster_v100m16,alibaba_gpu_type_pool,V100M16,20,2,0.00025,V100M16|V100M32,1,11.4,47.0
synthetic_00845,fine_tuning,fine_tuning,cluster_t4,alibaba_gpu_type_pool,T4,20,3,7e-05,T4,1,24.2,91.0
synthetic_00852,preprocessing,preprocessing,cluster_g2,alibaba_gpu_type_pool,G2,20,2,0.00035,,1,3.152,5.46875
synthetic_00901,fine_tuning,fine_tuning,cluster_t4,alibaba_gpu_type_pool,T4,20,1,7e-05,T4,1,3.152,5.46875
synthetic_01064,preprocessing,preprocessing,cluster_g2,alibaba_gpu_type_pool,G2,20,2,7e-05,,1,3.152,5.46875
synthetic_01078,preprocessing,preprocessing,cluster_g2,alibaba_gpu_type_pool,G2,20,1,0.00035,,1,3.152,5.46875
synthetic_01173,fine_tuning,fine_tuning,cluster_g2,alibaba_gpu_type_pool,G2,20,1,0.00035,G2,1,11.3,48.0
synthetic_01303,preprocessing,preprocessing,cluster_g2,alibaba_gpu_type_pool,G2,20,2,7e-05,,1,3.152,5.46875
synthetic_01545,preprocessing,preprocessing,cluster_g2,alibaba_gpu_type_pool,G2,20,1,0.00025,,1,4.0,14.900390625
synthetic_01702,preprocessing,preprocessing,cluster_g2,alibaba_gpu_type_pool,G2,20,1,0.00035,,1,15.7,57.0
synthetic_01745,fine_tuning,fine_tuning,cluster_t4,alibaba_gpu_type_pool,T4,20,1,7e-05,T4,1,11.9,76.0
synthetic_01787,fine_tuning,fine_tuning,cluster_p100,alibaba_gpu_type_pool,P100,20,1,0.00025,P100,1,8.0,29.8017578125
synthetic_01898,fine_tuning,fine_tuning,cluster_t4,alibaba_gpu_type_pool,T4,20,1,7e-05,T4,1,3.152,5.46875
synthetic_02026,preprocessing,preprocessing,cluster_g2,alibaba_gpu_type_pool,G2,20,1,0.00035,,1,18.708,63.0
synthetic_02038,training,training,cluster_v100m32,alibaba_gpu_type_pool,V100M32,20,1,0.00025,V100M16|V100M32,1,11.3,48.0
synthetic_02145,fine_tuning,fine_tuning,cluster_t4,alibaba_gpu_type_pool,T4,20,2,7e-05,T4,1,3.152,5.46875
synthetic_02286,preprocessing,preprocessing,cluster_g2,alibaba_gpu_type_pool,G2,20,1,0.00035,,1,3.152,5.46875
synthetic_02354,fine_tuning,fine_tuning,cluster_g2,alibaba_gpu_type_pool,G2,20,1,0.00035,G2,1,11.4,47.0
synthetic_02379,fine_tuning,fine_tuning,cluster_t4,alibaba_gpu_type_pool,T4,20,1,7e-05,T4,1,4.0,22.3515625
synthetic_02405,fine_tuning,fine_tuning,cluster_p100,alibaba_gpu_type_pool,P100,20,1,0.00025,P100,1,11.908,46.0
synthetic_02463,preprocessing,preprocessing,cluster_g2,alibaba_gpu_type_pool,G2,20,2,0.00025,,1,3.152,5.46875
synthetic_02488,fine_tuning,fine_tuning,cluster_p100,alibaba_gpu_type_pool,P100,20,1,0.00025,P100,1,4.0,22.3515625
synthetic_02821,preprocessing,preprocessing,cluster_g2,alibaba_gpu_type_pool,G2,20,4,0.00025,,1,12.0,24.0
synthetic_03005,preprocessing,preprocessing,cluster_g2,alibaba_gpu_type_pool,G2,20,1,0.00025,,1,4.152,10.3515625
synthetic_03130,preprocessing,preprocessing,cluster_g2,alibaba_gpu_type_pool,G2,20,1,0.00035,,1,4.0,29.8017578125
synthetic_03147,preprocessing,preprocessing,cluster_g2,alibaba_gpu_type_pool,G2,20,1,0.00025,,1,11.3,48.0
synthetic_03197,preprocessing,preprocessing,cluster_g2,alibaba_gpu_type_pool,G2,20,1,0.00025,,1,11.908,46.0
synthetic_03205,fine_tuning,fine_tuning,cluster_p100,alibaba_gpu_type_pool,P100,20,1,0.00025,P100,1,3.152,5.46875
synthetic_03223,preprocessing,preprocessing,cluster_g2,alibaba_gpu_type_pool,G2,20,1,0.00035,,1,11.3,48.0
synthetic_03350,preprocessing,preprocessing,cluster_g2,alibaba_gpu_type_pool,G2,20,1,0.00035,,1,11.4,47.0
synthetic_03527,preprocessing,preprocessing,cluster_g2,alibaba_gpu_type_pool,G2,20,1,0.00025,,1,11.3,48.0
synthetic_03642,preprocessing,preprocessing,cluster_g2,alibaba_gpu_type_pool,G2,20,2,0.00035,,1,2.0,8.0
synthetic_03777,preprocessing,preprocessing,cluster_g2,alibaba_gpu_type_pool,G2,20,1,7e-05,,1,3.152,5.46875
synthetic_03956,preprocessing,preprocessing,cluster_g2,alibaba_gpu_type_pool,G2,20,1,0.00035,,1,18.708,63.0
synthetic_04022,preprocessing,preprocessing,cluster_g2,alibaba_gpu_type_pool,G2,20,2,0.00025,,1,16.4,123.0
synthetic_04166,preprocessing,preprocessing,cluster_g2,alibaba_gpu_type_pool,G2,20,2,0.00035,,1,4.0,30.517578125
synthetic_04336,preprocessing,preprocessing,cluster_g2,alibaba_gpu_type_pool,G2,20,1,0.00025,,1,3.152,5.46875
synthetic_04503,preprocessing,preprocessing,cluster_g2,alibaba_gpu_type_pool,G2,20,4,0.00035,,1,4.0,14.900390625
synthetic_04766,preprocessing,preprocessing,cluster_g2,alibaba_gpu_type_pool,G2,20,1,0.00035,,1,18.708,63.0
synthetic_04814,fine_tuning,fine_tuning,cluster_t4,alibaba_gpu_type_pool,T4,20,2,7e-05,T4,1,4.0,14.900390625
synthetic_04830,preprocessing,preprocessing,cluster_g2,alibaba_gpu_type_pool,G2,20,1,0.002,,8,64.2,257.0
synthetic_04950,preprocessing,preprocessing,cluster_g2,alibaba_gpu_type_pool,G2,20,1,0.00035,,1,12.0,16.0
synthetic_00073,fine_tuning,fine_tuning,cluster_g3,alibaba_gpu_type_pool,G3,21,2,0.00035,G3,1,16.0,32.0
synthetic_00095,preprocessing,preprocessing,cluster_g2,alibaba_gpu_type_pool,G2,21,1,0.00025,,1,8.0,29.8017578125
synthetic_00215,preprocessing,preprocessing,cluster_g2,alibaba_gpu_type_pool,G2,21,1,0.00025,,1,11.908,46.0
synthetic_00359,preprocessing,preprocessing,cluster_g2,alibaba_gpu_type_pool,G2,21,1,0.00035,,1,3.152,5.46875
synthetic_00541,preprocessing,preprocessing,cluster_g2,alibaba_gpu_type_pool,G2,21,2,7e-05,G2|P100|T4|V100M16|V100M32,1,12.0,16.0
synthetic_00942,preprocessing,preprocessing,cluster_g2,alibaba_gpu_type_pool,G2,21,1,0.00025,,1,11.908,46.0
synthetic_00943,preprocessing,preprocessing,cluster_g2,alibaba_gpu_type_pool,G2,21,1,7e-05,,1,11.3,48.0
synthetic_01188,preprocessing,preprocessing,cluster_g2,alibaba_gpu_type_pool,G2,21,1,0.00035,,1,8.0,29.8017578125
synthetic_01213,preprocessing,preprocessing,cluster_g2,alibaba_gpu_type_pool,G2,21,3,0.0007,,2,30.2,157.0
synthetic_01412,preprocessing,preprocessing,cluster_g2,alibaba_gpu_type_pool,G2,21,1,0.00035,,1,11.908,46.0
synthetic_01553,preprocessing,preprocessing,cluster_g2,alibaba_gpu_type_pool,G2,21,1,0.00035,,1,11.3,48.0
synthetic_01627,preprocessing,preprocessing,cluster_g2,alibaba_gpu_type_pool,G2,21,1,0.00025,,1,11.3,48.0
synthetic_02196,preprocessing,preprocessing,cluster_g2,alibaba_gpu_type_pool,G2,21,1,0.00025,,1,11.3,48.0
synthetic_02299,preprocessing,preprocessing,cluster_g2,alibaba_gpu_type_pool,G2,21,3,0.00025,,1,8.0,29.8017578125
synthetic_02610,preprocessing,preprocessing,cluster_g2,alibaba_gpu_type_pool,G2,21,3,0.00035,,1,15.7,57.0
synthetic_02651,fine_tuning,fine_tuning,cluster_t4,alibaba_gpu_type_pool,T4,21,1,7e-05,T4,1,3.152,5.46875
synthetic_02692,preprocessing,preprocessing,cluster_g2,alibaba_gpu_type_pool,G2,21,3,0.00025,,1,11.9,76.0
synthetic_02885,preprocessing,preprocessing,cluster_g2,alibaba_gpu_type_pool,G2,21,3,0.00025,,1,11.9,76.0
synthetic_03069,fine_tuning,fine_tuning,cluster_t4,alibaba_gpu_type_pool,T4,21,2,7e-05,T4,1,11.908,46.0
synthetic_03094,preprocessing,preprocessing,cluster_g2,alibaba_gpu_type_pool,G2,21,1,0.00025,,1,12.0,16.0
synthetic_03186,fine_tuning,fine_tuning,cluster_p100,alibaba_gpu_type_pool,P100,21,3,0.00025,P100,1,4.0,14.900390625
synthetic_03222,preprocessing,preprocessing,cluster_g2,alibaba_gpu_type_pool,G2,21,1,0.00035,,1,3.152,5.46875
synthetic_03249,training,training,cluster_v100m32,alibaba_gpu_type_pool,V100M32,21,2,0.00025,V100M16|V100M32,1,15.7,57.0
synthetic_03299,preprocessing,preprocessing,cluster_g2,alibaba_gpu_type_pool,G2,21,2,0.00035,,1,11.3,48.0
synthetic_03383,preprocessing,preprocessing,cluster_g2,alibaba_gpu_type_pool,G2,21,1,0.00015,,1,11.3,48.0
synthetic_03779,preprocessing,preprocessing,cluster_g2,alibaba_gpu_type_pool,G2,21,1,0.00025,,1,3.152,5.46875
synthetic_03845,preprocessing,preprocessing,cluster_g2,alibaba_gpu_type_pool,G2,21,1,0.00025,,1,11.3,37.0
synthetic_03852,preprocessing,preprocessing,cluster_g2,alibaba_gpu_type_pool,G2,21,1,0.00035,,1,3.152,5.46875
synthetic_03888,preprocessing,preprocessing,cluster_g2,alibaba_gpu_type_pool,G2,21,2,0.00035,,1,3.152,5.46875
synthetic_04517,preprocessing,preprocessing,cluster_g2,alibaba_gpu_type_pool,G2,21,3,0.00025,,1,11.9,76.0
synthetic_00178,training,training,cluster_v100m32,alibaba_gpu_type_pool,V100M32,22,2,0.00025,V100M16|V100M32,1,11.4,47.0
synthetic_00501,fine_tuning,fine_tuning,cluster_t4,alibaba_gpu_type_pool,T4,22,1,7e-05,T4,1,3.152,5.46875
synthetic_01001,preprocessing,preprocessing,cluster_g2,alibaba_gpu_type_pool,G2,22,1,0.00035,,1,6.0,6.0
synthetic_01014,preprocessing,preprocessing,cluster_g2,alibaba_gpu_type_pool,G2,22,1,7e-05,,1,11.4,47.0
synthetic_01154,fine_tuning,fine_tuning,cluster_t4,alibaba_gpu_type_pool,T4,22,1,7e-05,T4,1,3.152,5.46875
synthetic_01321,preprocessing,preprocessing,cluster_g2,alibaba_gpu_type_pool,G2,22,1,0.00035,,1,4.0,29.8017578125
synthetic_01345,fine_tuning,fine_tuning,cluster_g2,alibaba_gpu_type_pool,G2,22,1,0.00035,G2,1,11.3,48.0
synthetic_01546,preprocessing,preprocessing,cluster_g2,alibaba_gpu_type_pool,G2,22,1,0.00035,,1,8.0,29.8017578125
synthetic_01798,preprocessing,preprocessing,cluster_g2,alibaba_gpu_type_pool,G2,22,2,0.00035,,1,11.4,76.0
synthetic_02031,preprocessing,preprocessing,cluster_g2,alibaba_gpu_type_pool,G2,22,1,0.00035,,1,4.0,22.3515625
synthetic_02260,preprocessing,preprocessing,cluster_g2,alibaba_gpu_type_pool,G2,22,2,7e-05,,1,11.908,46.0
synthetic_02273,preprocessing,preprocessing,cluster_g2,alibaba_gpu_type_pool,G2,22,1,0.00025,,1,3.152,5.46875
synthetic_02307,preprocessing,preprocessing,cluster_g2,alibaba_gpu_type_pool,G2,22,1,0.00035,,1,11.3,48.0
synthetic_02375,preprocessing,preprocessing,cluster_g2,alibaba_gpu_type_pool,G2,22,1,7e-05,,1,12.0,24.0
synthetic_02545,preprocessing,preprocessing,cluster_g2,alibaba_gpu_type_pool,G2,22,1,0.00025,,1,11.908,46.0
synthetic_02874,preprocessing,preprocessing,cluster_g2,alibaba_gpu_type_pool,G2,22,2,7e-05,,1,4.152,10.3515625
synthetic_02883,preprocessing,preprocessing,cluster_g2,alibaba_gpu_type_pool,G2,22,1,7e-05,,1,11.908,46.0
synthetic_02891,preprocessing,preprocessing,cluster_g2,alibaba_gpu_type_pool,G2,22,2,0.00025,,1,11.4,47.0
synthetic_03040,preprocessing,preprocessing,cluster_g2,alibaba_gpu_type_pool,G2,22,1,0.00035,,1,3.152,5.46875
synthetic_03153,preprocessing,preprocessing,cluster_g2,alibaba_gpu_type_pool,G2,22,1,0.00025,A10|G2|T4|V100M16|V100M32,1,14.2,57.0
synthetic_03177,preprocessing,preprocessing,cluster_v100m32,alibaba_gpu_type_pool,V100M32,22,1,0.00025,P100|V100M16|V100M32,1,11.3,48.0
synthetic_03213,preprocessing,preprocessing,cluster_g2,alibaba_gpu_type_pool,G2,22,1,0.00025,,1,4.152,10.3515625
synthetic_03621,preprocessing,preprocessing,cluster_g2,alibaba_gpu_type_pool,G2,22,1,0.00025,,1,3.152,5.46875
synthetic_03644,preprocessing,preprocessing,cluster_g2,alibaba_gpu_type_pool,G2,22,2,7e-05,,1,11.908,46.0
synthetic_03645,fine_tuning,fine_tuning,cluster_t4,alibaba_gpu_type_pool,T4,22,1,7e-05,T4,1,14.2,57.0
synthetic_03688,preprocessing,preprocessing,cluster_g2,alibaba_gpu_type_pool,G2,22,2,0.00025,,1,4.152,10.3515625
synthetic_03949,preprocessing,preprocessing,cluster_g2,alibaba_gpu_type_pool,G2,22,1,0.00035,,1,9.81,40.5859375
synthetic_03965,fine_tuning,fine_tuning,cluster_t4,alibaba_gpu_type_pool,T4,22,1,7e-05,T4,1,3.152,5.46875
synthetic_04756,preprocessing,preprocessing,cluster_g2,alibaba_gpu_type_pool,G2,22,1,0.00035,,1,3.152,5.46875
synthetic_04775,preprocessing,preprocessing,cluster_g2,alibaba_gpu_type_pool,G2,22,2,0.00025,,1,11.4,76.0
synthetic_04861,fine_tuning,fine_tuning,cluster_t4,alibaba_gpu_type_pool,T4,22,1,7e-05,T4,1,11.3,48.0
synthetic_04935,preprocessing,preprocessing,cluster_g2,alibaba_gpu_type_pool,G2,22,1,0.00056,,8,64.2,257.0
synthetic_00240,preprocessing,preprocessing,cluster_p100,alibaba_gpu_type_pool,P100,23,1,0.00025,P100|V100M16|V100M32,1,4.0,24.0
synthetic_00657,preprocessing,preprocessing,cluster_p100,alibaba_gpu_type_pool,P100,23,1,0.00025,P100|V100M16|V100M32,1,11.3,48.0
synthetic_01069,preprocessing,preprocessing,cluster_g2,alibaba_gpu_type_pool,G2,23,1,0.00035,,1,11.908,46.0
synthetic_01189,fine_tuning,fine_tuning,cluster_g2,alibaba_gpu_type_pool,G2,23,1,0.00035,G2,1,12.0,16.0
synthetic_01520,preprocessing,preprocessing,cluster_g2,alibaba_gpu_type_pool,G2,23,1,0.00015,,1,11.3,48.0
synthetic_01808,preprocessing,preprocessing,cluster_g2,alibaba_gpu_type_pool,G2,23,1,0.00025,,1,3.152,5.46875
synthetic_01973,preprocessing,preprocessing,cluster_g2,alibaba_gpu_type_pool,G2,23,1,0.00035,,1,3.152,5.46875
synthetic_02377,preprocessing,preprocessing,cluster_g2,alibaba_gpu_type_pool,G2,23,1,0.00035,,1,11.3,48.0
synthetic_02378,fine_tuning,fine_tuning,cluster_p100,alibaba_gpu_type_pool,P100,23,1,0.00025,P100,1,11.908,46.0
synthetic_02559,fine_tuning,fine_tuning,cluster_t4,alibaba_gpu_type_pool,T4,23,1,7e-05,T4,1,11.4,47.0
synthetic_02580,preprocessing,preprocessing,cluster_g2,alibaba_gpu_type_pool,G2,23,1,0.00025,,1,3.152,5.46875
synthetic_02592,preprocessing,preprocessing,cluster_g2,alibaba_gpu_type_pool,G2,23,1,0.00025,,1,4.152,10.3515625
synthetic_02644,fine_tuning,fine_tuning,cluster_t4,alibaba_gpu_type_pool,T4,23,1,7e-05,T4,1,18.708,63.0
synthetic_02673,preprocessing,preprocessing,cluster_g2,alibaba_gpu_type_pool,G2,23,1,0.00025,,1,11.3,48.0
synthetic_02719,preprocessing,preprocessing,cluster_g2,alibaba_gpu_type_pool,G2,23,1,0.00025,,1,3.152,5.46875
synthetic_02746,preprocessing,preprocessing,cluster_g2,alibaba_gpu_type_pool,G2,23,1,0.00035,,1,11.3,48.0
synthetic_02749,preprocessing,preprocessing,cluster_g2,alibaba_gpu_type_pool,G2,23,1,0.00035,,1,8.0,29.8017578125
synthetic_02801,preprocessing,preprocessing,cluster_g2,alibaba_gpu_type_pool,G2,23,1,0.00035,,1,3.152,5.46875
synthetic_02866,preprocessing,preprocessing,cluster_g2,alibaba_gpu_type_pool,G2,23,1,0.00035,,1,11.3,48.0
synthetic_02994,preprocessing,preprocessing,cluster_g2,alibaba_gpu_type_pool,G2,23,1,0.002,,8,88.0,320.0
synthetic_03055,preprocessing,preprocessing,cluster_g2,alibaba_gpu_type_pool,G2,23,1,7e-05,,1,8.0,29.8017578125
synthetic_03065,preprocessing,preprocessing,cluster_g2,alibaba_gpu_type_pool,G2,23,1,0.00035,,1,8.0,29.8017578125
synthetic_03129,preprocessing,preprocessing,cluster_g2,alibaba_gpu_type_pool,G2,23,1,7e-05,,1,11.3,48.0
synthetic_03178,preprocessing,preprocessing,cluster_g2,alibaba_gpu_type_pool,G2,23,1,7e-05,,1,3.152,5.46875
synthetic_03199,preprocessing,preprocessing,cluster_g2,alibaba_gpu_type_pool,G2,23,1,0.00025,,1,3.152,5.46875
synthetic_03275,fine_tuning,fine_tuning,cluster_t4,alibaba_gpu_type_pool,T4,23,1,7e-05,T4,1,8.0,29.8017578125
synthetic_03295,preprocessing,preprocessing,cluster_g2,alibaba_gpu_type_pool,G2,23,1,0.00025,,1,3.152,5.46875
synthetic_03356,preprocessing,preprocessing,cluster_g2,alibaba_gpu_type_pool,G2,23,1,0.00025,,1,11.3,48.0
synthetic_03448,fine_tuning,fine_tuning,cluster_t4,alibaba_gpu_type_pool,T4,23,1,7e-05,T4,1,9.81,40.5859375
synthetic_03521,preprocessing,preprocessing,cluster_g2,alibaba_gpu_type_pool,G2,23,1,0.00035,,1,4.152,10.3515625
synthetic_03995,preprocessing,preprocessing,cluster_g2,alibaba_gpu_type_pool,G2,23,1,0.00025,,1,3.152,5.46875
synthetic_04091,preprocessing,preprocessing,cluster_g2,alibaba_gpu_type_pool,G2,23,13,0.00035,,1,3.152,5.46875
synthetic_04184,preprocessing,preprocessing,cluster_g2,alibaba_gpu_type_pool,G2,23,1,0.00035,,1,11.3,48.0
synthetic_04189,preprocessing,preprocessing,cluster_g2,alibaba_gpu_type_pool,G2,23,1,0.00025,,1,18.708,63.0
synthetic_04237,preprocessing,preprocessing,cluster_g2,alibaba_gpu_type_pool,G2,23,1,0.00035,,1,4.152,10.3515625
synthetic_04299,preprocessing,preprocessing,cluster_g2,alibaba_gpu_type_pool,G2,23,1,0.00035,,1,8.0,29.8017578125
synthetic_04318,preprocessing,preprocessing,cluster_g2,alibaba_gpu_type_pool,G2,23,1,0.00025,,1,11.908,46.0
synthetic_04409,preprocessing,preprocessing,cluster_g2,alibaba_gpu_type_pool,G2,23,1,7e-05,,1,24.2,91.0
synthetic_04470,fine_tuning,fine_tuning,cluster_t4,alibaba_gpu_type_pool,T4,23,1,7e-05,T4,1,4.0,22.3515625
synthetic_04598,preprocessing,preprocessing,cluster_g2,alibaba_gpu_type_pool,G2,23,1,0.00035,,1,11.908,46.0
synthetic_04739,fine_tuning,fine_tuning,cluster_t4,alibaba_gpu_type_pool,T4,23,1,7e-05,T4,1,11.3,48.0
synthetic_04743,preprocessing,preprocessing,cluster_g2,alibaba_gpu_type_pool,G2,23,1,0.00035,,1,6.0,6.0
synthetic_04842,fine_tuning,fine_tuning,cluster_t4,alibaba_gpu_type_pool,T4,23,1,7e-05,T4,1,8.0,29.8017578125
synthetic_01122,fine_tuning,fine_tuning,cluster_g2,alibaba_gpu_type_pool,G2,24,15,0.00035,G2,1,11.4,47.0
synthetic_03006,preprocessing,preprocessing,cluster_g2,alibaba_gpu_type_pool,G2,24,11,0.00025,,1,14.2,57.0
synthetic_01425,preprocessing,preprocessing,cluster_g2,alibaba_gpu_type_pool,G2,25,12,0.00025,,1,12.0,24.0
synthetic_02570,fine_tuning,fine_tuning,cluster_g2,alibaba_gpu_type_pool,G2,25,11,0.00035,G2,1,11.4,47.0
synthetic_04963,fine_tuning,fine_tuning,cluster_t4,alibaba_gpu_type_pool,T4,25,13,7e-05,T4,1,18.708,63.0
synthetic_00127,preprocessing,preprocessing,cluster_g2,alibaba_gpu_type_pool,G2,27,1,7e-05,,1,1.0,2.0
synthetic_00973,preprocessing,preprocessing,cluster_g2,alibaba_gpu_type_pool,G2,27,15,0.00025,,1,12.0,15.0
synthetic_01136,preprocessing,preprocessing,cluster_g2,alibaba_gpu_type_pool,G2,27,1,7e-05,,1,3.152,5.46875
synthetic_01156,preprocessing,preprocessing,cluster_g2,alibaba_gpu_type_pool,G2,27,6,7e-05,,1,11.908,46.0
synthetic_01352,preprocessing,preprocessing,cluster_p100,alibaba_gpu_type_pool,P100,27,13,0.00025,P100|V100M16|V100M32,1,18.708,63.0
synthetic_01925,training,training,cluster_v100m32,alibaba_gpu_type_pool,V100M32,27,10,0.00025,V100M16|V100M32,1,14.2,57.0
synthetic_02215,fine_tuning,fine_tuning,cluster_t4,alibaba_gpu_type_pool,T4,27,1,7e-05,T4,1,11.4,47.0
synthetic_02765,preprocessing,preprocessing,cluster_g2,alibaba_gpu_type_pool,G2,27,11,0.00035,,1,14.2,57.0
synthetic_03064,preprocessing,preprocessing,cluster_g2,alibaba_gpu_type_pool,G2,27,1,7e-05,,1,11.4,47.0
synthetic_03735,preprocessing,preprocessing,cluster_g2,alibaba_gpu_type_pool,G2,27,8,0.00025,,1,11.908,46.0
synthetic_00710,preprocessing,preprocessing,cluster_g2,alibaba_gpu_type_pool,G2,28,1,7e-05,,1,11.3,48.0
synthetic_00858,preprocessing,preprocessing,cluster_g2,alibaba_gpu_type_pool,G2,28,1,0.00015,,1,3.152,5.46875
synthetic_00899,preprocessing,preprocessing,cluster_g2,alibaba_gpu_type_pool,G2,28,1,0.00025,,1,3.152,5.46875
synthetic_01138,fine_tuning,fine_tuning,cluster_t4,alibaba_gpu_type_pool,T4,28,1,7e-05,T4,1,12.0,24.0
synthetic_01280,preprocessing,preprocessing,cluster_g2,alibaba_gpu_type_pool,G2,28,4,7e-05,,1,4.0,14.900390625
synthetic_01477,preprocessing,preprocessing,cluster_g2,alibaba_gpu_type_pool,G2,28,1,0.00035,,1,11.908,46.0
synthetic_01644,fine_tuning,fine_tuning,cluster_t4,alibaba_gpu_type_pool,T4,28,1,7e-05,T4,1,4.152,10.3515625
synthetic_01772,preprocessing,preprocessing,cluster_g2,alibaba_gpu_type_pool,G2,28,5,0.00025,,1,16.0,32.0
synthetic_01853,fine_tuning,fine_tuning,cluster_t4,alibaba_gpu_type_pool,T4,28,1,7e-05,T4,1,11.908,46.0
synthetic_01934,preprocessing,preprocessing,cluster_g2,alibaba_gpu_type_pool,G2,28,1,0.00035,,1,11.908,46.0
synthetic_02085,preprocessing,preprocessing,cluster_g2,alibaba_gpu_type_pool,G2,28,1,7e-05,,1,4.0,14.900390625
synthetic_02310,preprocessing,preprocessing,cluster_g2,alibaba_gpu_type_pool,G2,28,1,0.00035,,1,11.3,48.0
synthetic_02542,fine_tuning,fine_tuning,cluster_t4,alibaba_gpu_type_pool,T4,28,1,7e-05,T4,1,3.152,5.46875
synthetic_02657,preprocessing,preprocessing,cluster_g2,alibaba_gpu_type_pool,G2,28,1,0.00035,,1,11.3,48.0
synthetic_02754,fine_tuning,fine_tuning,cluster_t4,alibaba_gpu_type_pool,T4,28,1,7e-05,T4,1,3.152,5.46875
synthetic_02807,preprocessing,preprocessing,cluster_g2,alibaba_gpu_type_pool,G2,28,1,0.00035,,1,3.152,5.46875
synthetic_03296,fine_tuning,fine_tuning,cluster_t4,alibaba_gpu_type_pool,T4,28,1,7e-05,T4,1,11.3,48.0
synthetic_03337,preprocessing,preprocessing,cluster_g2,alibaba_gpu_type_pool,G2,28,1,7e-05,,1,11.908,46.0
synthetic_03392,fine_tuning,fine_tuning,cluster_t4,alibaba_gpu_type_pool,T4,28,1,7e-05,T4,1,3.152,5.46875
synthetic_03989,preprocessing,preprocessing,cluster_g2,alibaba_gpu_type_pool,G2,28,1,0.00035,,1,11.3,48.0
synthetic_04640,preprocessing,preprocessing,cluster_g2,alibaba_gpu_type_pool,G2,28,5,0.00035,,1,4.0,14.900390625
synthetic_04847,preprocessing,preprocessing,cluster_g2,alibaba_gpu_type_pool,G2,28,5,0.00035,,1,15.2,79.0
synthetic_04878,preprocessing,preprocessing,cluster_g2,alibaba_gpu_type_pool,G2,28,7,0.00025,,1,3.152,5.46875
synthetic_00069,preprocessing,preprocessing,cluster_g2,alibaba_gpu_type_pool,G2,29,1,0.00035,,1,3.152,5.46875
synthetic_00175,preprocessing,preprocessing,cluster_g2,alibaba_gpu_type_pool,G2,29,1,7e-05,,1,8.0,29.8017578125
synthetic_00207,preprocessing,preprocessing,cluster_g2,alibaba_gpu_type_pool,G2,29,1,0.00025,,1,3.152,5.46875
synthetic_00213,fine_tuning,fine_tuning,cluster_t4,alibaba_gpu_type_pool,T4,29,1,7e-05,T4,1,3.152,5.46875
synthetic_00270,preprocessing,preprocessing,cluster_g2,alibaba_gpu_type_pool,G2,29,12,0.00025,,1,4.0,22.3515625
synthetic_00349,fine_tuning,fine_tuning,cluster_t4,alibaba_gpu_type_pool,T4,29,1,7e-05,T4,1,3.152,5.46875
synthetic_00552,training,training,cluster_v100m32,alibaba_gpu_type_pool,V100M32,29,5,0.00025,V100M16|V100M32,1,4.0,24.0
synthetic_00580,fine_tuning,fine_tuning,cluster_t4,alibaba_gpu_type_pool,T4,29,1,7e-05,T4,1,4.0,14.900390625
synthetic_00689,fine_tuning,fine_tuning,cluster_p100,alibaba_gpu_type_pool,P100,29,5,0.00025,P100,1,4.0,14.900390625
synthetic_00807,preprocessing,preprocessing,cluster_g2,alibaba_gpu_type_pool,G2,29,1,0.00025,,1,3.152,5.46875
synthetic_00937,preprocessing,preprocessing,cluster_g2,alibaba_gpu_type_pool,G2,29,5,0.00015,,1,4.0,24.0
synthetic_01022,preprocessing,preprocessing,cluster_g2,alibaba_gpu_type_pool,G2,29,1,0.00025,,1,4.0,14.900390625
synthetic_01290,preprocessing,preprocessing,cluster_g2,alibaba_gpu_type_pool,G2,29,13,7e-05,,1,11.3,48.0
synthetic_01433,preprocessing,preprocessing,cluster_g2,alibaba_gpu_type_pool,G2,29,5,0.00025,,1,11.3,48.0
synthetic_01624,preprocessing,preprocessing,cluster_g2,alibaba_gpu_type_pool,G2,29,7,0.00035,,1,12.0,16.0
synthetic_01836,preprocessing,preprocessing,cluster_g2,alibaba_gpu_type_pool,G2,29,1,0.00035,,1,11.3,48.0
synthetic_02099,preprocessing,preprocessing,cluster_g2,alibaba_gpu_type_pool,G2,29,4,0.00035,,1,8.0,29.8017578125
synthetic_02403,preprocessing,preprocessing,cluster_g2,alibaba_gpu_type_pool,G2,29,1,0.00025,,1,8.0,29.8017578125
synthetic_02586,preprocessing,preprocessing,cluster_g2,alibaba_gpu_type_pool,G2,29,1,0.00035,,1,11.908,46.0
synthetic_02708,fine_tuning,fine_tuning,cluster_t4,alibaba_gpu_type_pool,T4,29,14,7e-05,T4,1,16.0,32.0
synthetic_02819,preprocessing,preprocessing,cluster_g2,alibaba_gpu_type_pool,G2,29,2,0.00025,,1,16.0,32.0
synthetic_03003,preprocessing,preprocessing,cluster_g2,alibaba_gpu_type_pool,G2,29,5,0.00035,,1,16.0,32.0
synthetic_03116,preprocessing,preprocessing,cluster_g2,alibaba_gpu_type_pool,G2,29,3,0.00025,,1,6.0,23.0
synthetic_03219,preprocessing,preprocessing,cluster_g2,alibaba_gpu_type_pool,G2,29,1,0.00035,,1,1.0,2.0
synthetic_03358,preprocessing,preprocessing,cluster_g2,alibaba_gpu_type_pool,G2,29,1,0.00025,,1,11.908,46.0
synthetic_04019,preprocessing,preprocessing,cluster_g2,alibaba_gpu_type_pool,G2,29,11,0.00035,,1,4.0,14.900390625
synthetic_04439,training,training,cluster_v100m16,alibaba_gpu_type_pool,V100M16,29,1,0.00025,V100M16|V100M32,1,11.9,76.0
synthetic_04606,preprocessing,preprocessing,cluster_g2,alibaba_gpu_type_pool,G2,29,4,0.00025,,1,11.3,48.0
synthetic_04815,preprocessing,preprocessing,cluster_g2,alibaba_gpu_type_pool,G2,29,2,7e-05,,1,3.152,5.46875
synthetic_04910,training,training,cluster_v100m16,alibaba_gpu_type_pool,V100M16,29,2,0.00025,V100M16|V100M32,1,11.4,47.0
synthetic_04965,fine_tuning,fine_tuning,cluster_t4,alibaba_gpu_type_pool,T4,29,10,7e-05,T4,1,8.0,29.8017578125
synthetic_04976,preprocessing,preprocessing,cluster_g2,alibaba_gpu_type_pool,G2,29,9,0.00035,,1,11.4,76.0
synthetic_00015,preprocessing,preprocessing,cluster_g2,alibaba_gpu_type_pool,G2,30,1,0.00015,,1,9.81,40.5859375
synthetic_00158,preprocessing,preprocessing,cluster_g2,alibaba_gpu_type_pool,G2,30,11,0.00025,,1,4.0,22.3515625
synthetic_00310,preprocessing,preprocessing,cluster_g2,alibaba_gpu_type_pool,G2,30,1,0.00015,,1,8.0,29.8017578125
synthetic_00400,fine_tuning,fine_tuning,cluster_p100,alibaba_gpu_type_pool,P100,30,1,0.00025,P100,1,11.908,46.0
synthetic_00599,fine_tuning,fine_tuning,cluster_g2,alibaba_gpu_type_pool,G2,30,1,0.00035,G2,1,11.9,76.0
synthetic_00612,preprocessing,preprocessing,cluster_g2,alibaba_gpu_type_pool,G2,30,9,0.00025,,1,4.0,14.900390625
synthetic_00656,fine_tuning,fine_tuning,cluster_p100,alibaba_gpu_type_pool,P100,30,1,0.00025,P100,1,4.152,10.3515625
synthetic_00939,preprocessing,preprocessing,cluster_g2,alibaba_gpu_type_pool,G2,30,1,7e-05,,1,11.908,46.0
synthetic_01446,fine_tuning,fine_tuning,cluster_t4,alibaba_gpu_type_pool,T4,30,1,7e-05,T4,1,3.152,5.46875
synthetic_01486,preprocessing,preprocessing,cluster_g2,alibaba_gpu_type_pool,G2,30,1,0.00025,,1,3.152,5.46875
synthetic_01669,preprocessing,preprocessing,cluster_g2,alibaba_gpu_type_pool,G2,30,9,7e-05,,1,24.2,91.0
synthetic_01817,fine_tuning,fine_tuning,cluster_t4,alibaba_gpu_type_pool,T4,30,1,7e-05,T4,1,8.0,29.8017578125
synthetic_02165,preprocessing,preprocessing,cluster_g2,alibaba_gpu_type_pool,G2,30,1,0.00035,,1,3.152,5.46875
synthetic_02166,fine_tuning,fine_tuning,cluster_t4,alibaba_gpu_type_pool,T4,30,1,7e-05,T4,1,3.152,5.46875
synthetic_02194,preprocessing,preprocessing,cluster_g2,alibaba_gpu_type_pool,G2,30,13,0.00025,,1,8.0,29.8017578125
synthetic_02229,preprocessing,preprocessing,cluster_g2,alibaba_gpu_type_pool,G2,30,5,7e-05,,1,4.0,24.0
synthetic_02295,preprocessing,preprocessing,cluster_g2,alibaba_gpu_type_pool,G2,30,11,0.00025,,1,12.0,24.0
synthetic_02342,preprocessing,preprocessing,cluster_g2,alibaba_gpu_type_pool,G2,30,5,0.00025,,1,4.0,22.3515625
synthetic_02929,fine_tuning,fine_tuning,cluster_p100,alibaba_gpu_type_pool,P100,30,1,0.00025,P100,1,4.0,29.8017578125
synthetic_03099,fine_tuning,fine_tuning,cluster_t4,alibaba_gpu_type_pool,T4,30,9,7e-05,T4,1,11.4,47.0
synthetic_03207,preprocessing,preprocessing,cluster_g2,alibaba_gpu_type_pool,G2,30,1,0.00035,,1,11.4,47.0
synthetic_03447,preprocessing,preprocessing,cluster_g2,alibaba_gpu_type_pool,G2,30,4,0.00025,,1,3.152,5.46875
synthetic_03566,fine_tuning,fine_tuning,cluster_t4,alibaba_gpu_type_pool,T4,30,6,7e-05,T4,1,4.0,30.517578125
synthetic_03620,preprocessing,preprocessing,cluster_g2,alibaba_gpu_type_pool,G2,30,5,0.00035,,1,4.0,14.900390625
synthetic_03668,preprocessing,preprocessing,cluster_g2,alibaba_gpu_type_pool,G2,30,2,0.00025,,1,11.3,48.0
synthetic_04133,preprocessing,preprocessing,cluster_g2,alibaba_gpu_type_pool,G2,30,14,0.00025,,1,3.152,5.46875
synthetic_04163,preprocessing,preprocessing,cluster_g2,alibaba_gpu_type_pool,G2,30,2,0.00025,,1,3.152,5.46875
synthetic_04294,preprocessing,preprocessing,cluster_g2,alibaba_gpu_type_pool,G2,30,1,0.00035,,1,3.152,5.46875
synthetic_04335,preprocessing,preprocessing,cluster_g2,alibaba_gpu_type_pool,G2,30,1,0.00025,,1,3.152,5.46875
synthetic_04348,preprocessing,preprocessing,cluster_g2,alibaba_gpu_type_pool,G2,30,1,0.00025,,1,3.152,5.46875
synthetic_04423,fine_tuning,fine_tuning,cluster_t4,alibaba_gpu_type_pool,T4,30,1,7e-05,T4,1,4.152,10.3515625
synthetic_04574,preprocessing,preprocessing,cluster_g2,alibaba_gpu_type_pool,G2,30,1,0.00025,,1,3.152,5.46875
synthetic_04716,preprocessing,preprocessing,cluster_g2,alibaba_gpu_type_pool,G2,30,1,0.00035,,1,8.0,29.8017578125
synthetic_04826,fine_tuning,fine_tuning,cluster_t4,alibaba_gpu_type_pool,T4,30,1,7e-05,T4,1,11.9,76.0
synthetic_04961,preprocessing,preprocessing,cluster_g2,alibaba_gpu_type_pool,G2,30,1,0.00025,,1,11.4,47.0
synthetic_00109,preprocessing,preprocessing,cluster_g2,alibaba_gpu_type_pool,G2,31,1,0.00015,,1,3.152,5.46875
synthetic_00128,fine_tuning,fine_tuning,cluster_t4,alibaba_gpu_type_pool,T4,31,1,7e-05,T4,1,4.0,14.900390625
synthetic_00179,fine_tuning,fine_tuning,cluster_p100,alibaba_gpu_type_pool,P100,31,1,0.00025,P100,1,11.908,46.0
synthetic_00527,preprocessing,preprocessing,cluster_g2,alibaba_gpu_type_pool,G2,31,5,0.00035,,1,11.4,47.0
synthetic_00770,preprocessing,preprocessing,cluster_v100m16,alibaba_gpu_type_pool,V100M16,31,2,0.00025,P100|V100M16|V100M32,1,11.3,48.0
synthetic_00808,preprocessing,preprocessing,cluster_g2,alibaba_gpu_type_pool,G2,31,2,0.00025,,1,8.0,29.8017578125
synthetic_01195,preprocessing,preprocessing,cluster_g2,alibaba_gpu_type_pool,G2,31,2,0.00035,,1,11.3,48.0
synthetic_01348,preprocessing,preprocessing,cluster_v100m32,alibaba_gpu_type_pool,V100M32,31,9,0.00025,P100|V100M16|V100M32,1,16.0,64.0
synthetic_01404,preprocessing,preprocessing,cluster_g2,alibaba_gpu_type_pool,G2,31,9,0.00035,,1,14.2,57.0
synthetic_01618,fine_tuning,fine_tuning,cluster_p100,alibaba_gpu_type_pool,P100,31,1,0.00025,P100,1,3.152,5.46875
synthetic_01720,fine_tuning,fine_tuning,cluster_g2,alibaba_gpu_type_pool,G2,31,4,0.00035,G2,1,24.2,91.0
synthetic_01894,preprocessing,preprocessing,cluster_g2,alibaba_gpu_type_pool,G2,31,3,0.00035,,1,11.908,46.0
synthetic_01903,preprocessing,preprocessing,cluster_g2,alibaba_gpu_type_pool,G2,31,2,0.00025,,1,12.0,24.0
synthetic_02025,preprocessing,preprocessing,cluster_p100,alibaba_gpu_type_pool,P100,31,1,0.00025,P100|V100M16|V100M32,1,11.4,47.0
synthetic_02096,preprocessing,preprocessing,cluster_g2,alibaba_gpu_type_pool,G2,31,3,0.00025,,1,12.0,16.0
synthetic_02247,preprocessing,preprocessing,cluster_g2,alibaba_gpu_type_pool,G2,31,2,0.00035,,1,4.152,10.3515625
synthetic_02271,preprocessing,preprocessing,cluster_v100m16,alibaba_gpu_type_pool,V100M16,31,1,0.00025,P100|V100M16|V100M32,1,11.3,48.0
synthetic_02587,fine_tuning,fine_tuning,cluster_p100,alibaba_gpu_type_pool,P100,31,5,0.00025,P100,1,11.908,46.0
synthetic_02624,preprocessing,preprocessing,cluster_g2,alibaba_gpu_type_pool,G2,31,4,0.00025,,1,4.0,29.8017578125
synthetic_02970,preprocessing,preprocessing,cluster_g2,alibaba_gpu_type_pool,G2,31,1,0.00035,,1,8.2,33.0
synthetic_02987,preprocessing,preprocessing,cluster_g2,alibaba_gpu_type_pool,G2,31,1,0.00035,,1,18.708,63.0
synthetic_03051,preprocessing,preprocessing,cluster_v100m32,alibaba_gpu_type_pool,V100M32,31,3,0.00025,P100|V100M16|V100M32,1,12.0,24.0
synthetic_03201,preprocessing,preprocessing,cluster_g2,alibaba_gpu_type_pool,G2,31,1,0.00035,,1,11.4,47.0
synthetic_03762,preprocessing,preprocessing,cluster_g2,alibaba_gpu_type_pool,G2,31,3,0.00035,,1,11.908,46.0
synthetic_04075,preprocessing,preprocessing,cluster_g2,alibaba_gpu_type_pool,G2,31,1,7e-05,,1,4.152,10.3515625
synthetic_04138,fine_tuning,fine_tuning,cluster_p100,alibaba_gpu_type_pool,P100,31,2,0.00025,P100,1,3.152,5.46875
synthetic_04432,preprocessing,preprocessing,cluster_g2,alibaba_gpu_type_pool,G2,31,3,7e-05,,1,11.9,76.0
synthetic_04531,preprocessing,preprocessing,cluster_g2,alibaba_gpu_type_pool,G2,31,1,0.00035,,1,3.152,5.46875
synthetic_04672,preprocessing,preprocessing,cluster_g2,alibaba_gpu_type_pool,G2,31,3,7e-05,,1,4.0,14.900390625
synthetic_04706,fine_tuning,fine_tuning,cluster_t4,alibaba_gpu_type_pool,T4,31,15,7e-05,T4,1,8.0,29.8017578125
synthetic_04846,preprocessing,preprocessing,cluster_g2,alibaba_gpu_type_pool,G2,31,1,0.00025,,1,4.0,29.8017578125
synthetic_04860,preprocessing,preprocessing,cluster_g2,alibaba_gpu_type_pool,G2,31,2,0.00025,,1,11.3,48.0
synthetic_04960,training,training,cluster_v100m16,alibaba_gpu_type_pool,V100M16,31,2,0.00025,V100M16|V100M32,1,11.4,47.0
synthetic_00025,fine_tuning,fine_tuning,cluster_t4,alibaba_gpu_type_pool,T4,32,2,7e-05,T4,1,3.152,5.46875
synthetic_00048,fine_tuning,fine_tuning,cluster_t4,alibaba_gpu_type_pool,T4,32,2,7e-05,T4,1,11.908,46.0
synthetic_00112,fine_tuning,fine_tuning,cluster_g2,alibaba_gpu_type_pool,G2,32,5,0.00035,G2,1,8.2,33.0
synthetic_00132,preprocessing,preprocessing,cluster_g2,alibaba_gpu_type_pool,G2,32,1,0.00025,,1,11.4,47.0
synthetic_00333,fine_tuning,fine_tuning,cluster_t4,alibaba_gpu_type_pool,T4,32,7,7e-05,T4,1,11.4,47.0
synthetic_00375,preprocessing,preprocessing,cluster_g2,alibaba_gpu_type_pool,G2,32,1,0.00015,,1,11.908,46.0
synthetic_00475,fine_tuning,fine_tuning,cluster_t4,alibaba_gpu_type_pool,T4,32,2,7e-05,T4,1,4.0,22.3515625
synthetic_00568,fine_tuning,fine_tuning,cluster_t4,alibaba_gpu_type_pool,T4,32,5,7e-05,T4,1,4.0,24.0
synthetic_00635,preprocessing,preprocessing,cluster_g2,alibaba_gpu_type_pool,G2,32,3,0.00025,,1,11.908,46.0
synthetic_00644,fine_tuning,fine_tuning,cluster_t4,alibaba_gpu_type_pool,T4,32,2,7e-05,T4,1,11.908,46.0
synthetic_00706,preprocessing,preprocessing,cluster_g2,alibaba_gpu_type_pool,G2,32,1,0.00025,,1,3.152,5.46875
synthetic_00725,preprocessing,preprocessing,cluster_g2,alibaba_gpu_type_pool,G2,32,1,0.00035,,1,4.0,14.900390625
synthetic_00754,preprocessing,preprocessing,cluster_g2,alibaba_gpu_type_pool,G2,32,2,0.00035,,1,12.0,24.0
synthetic_00949,training,training,cluster_v100m32,alibaba_gpu_type_pool,V100M32,32,2,0.00025,V100M16|V100M32,1,11.4,47.0
synthetic_01157,preprocessing,preprocessing,cluster_g2,alibaba_gpu_type_pool,G2,32,2,0.00035,,1,11.908,46.0
synthetic_01222,preprocessing,preprocessing,cluster_g2,alibaba_gpu_type_pool,G2,32,1,0.00035,,1,4.0,22.3515625
synthetic_01711,preprocessing,preprocessing,cluster_g2,alibaba_gpu_type_pool,G2,32,1,7e-05,,1,11.908,46.0
synthetic_01783,preprocessing,preprocessing,cluster_g2,alibaba_gpu_type_pool,G2,32,1,7e-05,,1,8.0,29.8017578125
synthetic_02005,fine_tuning,fine_tuning,cluster_t4,alibaba_gpu_type_pool,T4,32,2,7e-05,T4,1,11.3,48.0
synthetic_02656,fine_tuning,fine_tuning,cluster_t4,alibaba_gpu_type_pool,T4,32,1,7e-05,T4,1,9.81,40.5859375
synthetic_02735,preprocessing,preprocessing,cluster_g2,alibaba_gpu_type_pool,G2,32,1,0.00025,,1,3.152,5.46875
synthetic_02995,fine_tuning,fine_tuning,cluster_t4,alibaba_gpu_type_pool,T4,32,1,7e-05,T4,1,11.3,48.0
synthetic_03024,fine_tuning,fine_tuning,cluster_p100,alibaba_gpu_type_pool,P100,32,2,0.00025,P100,1,4.0,14.900390625
synthetic_03098,preprocessing,preprocessing,cluster_g2,alibaba_gpu_type_pool,G2,32,9,0.00035,,1,1.0,2.0
synthetic_03120,preprocessing,preprocessing,cluster_g2,alibaba_gpu_type_pool,G2,32,2,7e-05,,1,3.152,5.46875
synthetic_03151,preprocessing,preprocessing,cluster_g2,alibaba_gpu_type_pool,G2,32,15,0.00035,,1,3.152,5.46875
synthetic_03554,fine_tuning,fine_tuning,cluster_t4,alibaba_gpu_type_pool,T4,32,5,7e-05,T4,1,4.0,24.0
synthetic_03745,preprocessing,preprocessing,cluster_g2,alibaba_gpu_type_pool,G2,32,3,0.00025,,1,4.0,14.900390625
synthetic_04005,preprocessing,preprocessing,cluster_g2,alibaba_gpu_type_pool,G2,32,1,0.00035,,1,3.152,5.46875
synthetic_04053,fine_tuning,fine_tuning,cluster_p100,alibaba_gpu_type_pool,P100,32,1,0.00025,P100,1,3.152,5.46875
synthetic_04165,preprocessing,preprocessing,cluster_g2,alibaba_gpu_type_pool,G2,32,1,0.00025,,1,3.152,5.46875
synthetic_04256,fine_tuning,fine_tuning,cluster_p100,alibaba_gpu_type_pool,P100,32,7,0.00025,P100,1,8.0,29.8017578125
synthetic_04321,preprocessing,preprocessing,cluster_g2,alibaba_gpu_type_pool,G2,32,9,0.00035,,1,4.0,22.3515625
synthetic_04408,preprocessing,preprocessing,cluster_g2,alibaba_gpu_type_pool,G2,32,3,0.00035,,1,18.708,63.0
synthetic_04525,fine_tuning,fine_tuning,cluster_t4,alibaba_gpu_type_pool,T4,32,2,7e-05,T4,1,3.152,5.46875
synthetic_04536,fine_tuning,fine_tuning,cluster_t4,alibaba_gpu_type_pool,T4,32,13,7e-05,T4,1,11.4,47.0
synthetic_04636,fine_tuning,fine_tuning,cluster_g2,alibaba_gpu_type_pool,G2,32,1,0.00035,G2,1,11.3,48.0
synthetic_04643,fine_tuning,fine_tuning,cluster_t4,alibaba_gpu_type_pool,T4,32,1,7e-05,T4,1,14.2,57.0
synthetic_04884,preprocessing,preprocessing,cluster_g2,alibaba_gpu_type_pool,G2,32,1,0.00035,,1,4.0,14.900390625
synthetic_00010,preprocessing,preprocessing,cluster_g2,alibaba_gpu_type_pool,G2,33,4,7e-05,,1,18.708,63.0
synthetic_00023,preprocessing,preprocessing,cluster_g2,alibaba_gpu_type_pool,G2,33,1,0.00035,,1,18.708,63.0
synthetic_00146,preprocessing,preprocessing,cluster_g2,alibaba_gpu_type_pool,G2,33,1,7e-05,,1,12.0,16.0
synthetic_00378,preprocessing,preprocessing,cluster_g2,alibaba_gpu_type_pool,G2,33,1,0.00025,,1,24.2,91.0
synthetic_00403,preprocessing,preprocessing,cluster_g2,alibaba_gpu_type_pool,G2,33,1,0.00025,,1,11.3,48.0
synthetic_00558,preprocessing,preprocessing,cluster_g2,alibaba_gpu_type_pool,G2,33,14,7e-05,,1,11.908,46.0
synthetic_00654,fine_tuning,fine_tuning,cluster_v100m32,alibaba_gpu_type_pool,V100M32,33,2,0.00025,V100M32,1,12.0,16.0
synthetic_00803,preprocessing,preprocessing,cluster_g2,alibaba_gpu_type_pool,G2,33,1,7e-05,,1,3.152,5.46875
synthetic_00976,preprocessing,preprocessing,cluster_g2,alibaba_gpu_type_pool,G2,33,5,0.00025,,1,3.152,5.46875
synthetic_01307,fine_tuning,fine_tuning,cluster_t4,alibaba_gpu_type_pool,T4,33,5,7e-05,T4,1,11.3,48.0
synthetic_01327,preprocessing,preprocessing,cluster_g2,alibaba_gpu_type_pool,G2,33,2,7e-05,,1,8.0,16.0
synthetic_01371,fine_tuning,fine_tuning,cluster_t4,alibaba_gpu_type_pool,T4,33,1,7e-05,T4,1,11.3,48.0
synthetic_01389,preprocessing,preprocessing,cluster_g2,alibaba_gpu_type_pool,G2,33,1,0.00035,,1,6.0,22.3515625
synthetic_01437,fine_tuning,fine_tuning,cluster_t4,alibaba_gpu_type_pool,T4,33,1,7e-05,T4,1,3.152,5.46875
synthetic_01759,preprocessing,preprocessing,cluster_g2,alibaba_gpu_type_pool,G2,33,2,0.00025,,1,11.3,48.0
synthetic_01776,preprocessing,preprocessing,cluster_g2,alibaba_gpu_type_pool,G2,33,5,0.00035,,1,4.0,14.900390625
synthetic_01801,fine_tuning,fine_tuning,cluster_g2,alibaba_gpu_type_pool,G2,33,2,0.00035,G2,1,18.708,63.0
synthetic_01962,preprocessing,preprocessing,cluster_v100m16,alibaba_gpu_type_pool,V100M16,33,1,0.00025,P100|V100M16|V100M32,1,3.152,5.46875
synthetic_02119,fine_tuning,fine_tuning,cluster_t4,alibaba_gpu_type_pool,T4,33,1,7e-05,T4,1,3.152,5.46875
synthetic_02139,preprocessing,preprocessing,cluster_g2,alibaba_gpu_type_pool,G2,33,1,7e-05,,1,12.0,15.0
synthetic_02237,preprocessing,preprocessing,cluster_g2,alibaba_gpu_type_pool,G2,33,2,0.00025,G2|P100|T4|V100M16|V100M32,1,11.4,47.0
synthetic_02253,fine_tuning,fine_tuning,cluster_t4,alibaba_gpu_type_pool,T4,33,4,7e-05,T4,1,11.4,47.0
synthetic_02256,fine_tuning,fine_tuning,cluster_t4,alibaba_gpu_type_pool,T4,33,1,7e-05,T4,1,3.152,5.46875
synthetic_02300,fine_tuning,fine_tuning,cluster_t4,alibaba_gpu_type_pool,T4,33,14,7e-05,T4,1,4.0,22.3515625
synthetic_02562,preprocessing,preprocessing,cluster_g2,alibaba_gpu_type_pool,G2,33,1,0.00025,,1,4.152,10.3515625
synthetic_02798,preprocessing,preprocessing,cluster_g2,alibaba_gpu_type_pool,G2,33,1,0.00035,,1,11.3,48.0
synthetic_02914,preprocessing,preprocessing,cluster_g2,alibaba_gpu_type_pool,G2,33,2,0.00025,,1,8.2,33.0
synthetic_02960,fine_tuning,fine_tuning,cluster_g3,alibaba_gpu_type_pool,G3,33,5,0.00035,G3,1,4.0,24.0
synthetic_02977,fine_tuning,fine_tuning,cluster_t4,alibaba_gpu_type_pool,T4,33,1,7e-05,T4,1,3.152,5.46875
synthetic_02990,preprocessing,preprocessing,cluster_g2,alibaba_gpu_type_pool,G2,33,1,0.00025,,1,3.152,5.46875
synthetic_02998,preprocessing,preprocessing,cluster_g2,alibaba_gpu_type_pool,G2,33,1,0.00035,,1,12.0,32.0
synthetic_03066,fine_tuning,fine_tuning,cluster_t4,alibaba_gpu_type_pool,T4,33,1,7e-05,T4,1,11.4,76.0
synthetic_03164,training,training,cluster_v100m32,alibaba_gpu_type_pool,V100M32,33,1,0.00025,V100M16|V100M32,1,11.3,48.0
synthetic_03500,preprocessing,preprocessing,cluster_g2,alibaba_gpu_type_pool,G2,33,1,0.00035,,1,9.81,40.5859375
synthetic_03516,fine_tuning,fine_tuning,cluster_t4,alibaba_gpu_type_pool,T4,33,1,7e-05,T4,1,3.152,5.46875
synthetic_03557,preprocessing,preprocessing,cluster_g2,alibaba_gpu_type_pool,G2,33,2,7e-05,,1,8.0,32.0
synthetic_03600,fine_tuning,fine_tuning,cluster_g2,alibaba_gpu_type_pool,G2,33,4,0.00035,G2,1,11.3,48.0
synthetic_03697,fine_tuning,fine_tuning,cluster_t4,alibaba_gpu_type_pool,T4,33,1,7e-05,T4,1,4.0,29.8017578125
synthetic_03702,preprocessing,preprocessing,cluster_g2,alibaba_gpu_type_pool,G2,33,1,0.00025,,1,11.3,48.0
synthetic_03718,fine_tuning,fine_tuning,cluster_g3,alibaba_gpu_type_pool,G3,33,1,0.00035,G3,1,3.152,5.46875
synthetic_03721,preprocessing,preprocessing,cluster_g2,alibaba_gpu_type_pool,G2,33,2,0.00035,,1,3.152,5.46875
synthetic_03730,training,training,cluster_v100m32,alibaba_gpu_type_pool,V100M32,33,1,0.00025,V100M16|V100M32,1,15.2,79.0
synthetic_03736,preprocessing,preprocessing,cluster_g2,alibaba_gpu_type_pool,G2,33,1,7e-05,,1,11.3,48.0
synthetic_04016,preprocessing,preprocessing,cluster_g2,alibaba_gpu_type_pool,G2,33,1,0.00025,,1,4.152,10.3515625
synthetic_04178,training,training,cluster_v100m32,alibaba_gpu_type_pool,V100M32,33,1,0.00025,V100M16|V100M32,1,18.708,63.0
synthetic_04233,preprocessing,preprocessing,cluster_g2,alibaba_gpu_type_pool,G2,33,1,7e-05,,1,3.152,5.46875
synthetic_04312,preprocessing,preprocessing,cluster_g2,alibaba_gpu_type_pool,G2,33,2,0.00025,,1,11.908,46.0
synthetic_04611,preprocessing,preprocessing,cluster_g2,alibaba_gpu_type_pool,G2,33,1,0.00025,,1,11.3,48.0
synthetic_04616,preprocessing,preprocessing,cluster_g2,alibaba_gpu_type_pool,G2,33,1,0.00025,,1,3.152,5.46875
synthetic_04787,preprocessing,preprocessing,cluster_g2,alibaba_gpu_type_pool,G2,33,1,7e-05,,1,15.4,88.0
synthetic_04870,preprocessing,preprocessing,cluster_g2,alibaba_gpu_type_pool,G2,33,1,0.00035,,1,16.0,32.0
synthetic_04924,fine_tuning,fine_tuning,cluster_t4,alibaba_gpu_type_pool,T4,33,8,7e-05,T4,1,4.0,14.900390625
synthetic_04933,fine_tuning,fine_tuning,cluster_t4,alibaba_gpu_type_pool,T4,33,1,7e-05,T4,1,18.708,63.0
synthetic_04974,preprocessing,preprocessing,cluster_g2,alibaba_gpu_type_pool,G2,33,5,0.00035,,1,4.0,24.0
synthetic_00133,fine_tuning,fine_tuning,cluster_t4,alibaba_gpu_type_pool,T4,34,2,7e-05,T4,1,11.4,47.0
synthetic_00205,preprocessing,preprocessing,cluster_g2,alibaba_gpu_type_pool,G2,34,1,0.00035,,1,3.152,5.46875
synthetic_00275,preprocessing,preprocessing,cluster_g2,alibaba_gpu_type_pool,G2,34,1,0.00025,,1,8.0,29.8017578125
synthetic_00358,preprocessing,preprocessing,cluster_g2,alibaba_gpu_type_pool,G2,34,1,7e-05,,1,12.0,16.0
synthetic_00425,preprocessing,preprocessing,cluster_g2,alibaba_gpu_type_pool,G2,34,2,0.00035,,1,11.908,46.0
synthetic_00483,fine_tuning,fine_tuning,cluster_t4,alibaba_gpu_type_pool,T4,34,1,7e-05,T4,1,4.152,10.3515625
synthetic_00520,preprocessing,preprocessing,cluster_g2,alibaba_gpu_type_pool,G2,34,1,0.00025,,1,8.0,16.0
synthetic_00546,fine_tuning,fine_tuning,cluster_t4,alibaba_gpu_type_pool,T4,34,1,7e-05,T4,1,11.9,76.0
synthetic_00682,preprocessing,preprocessing,cluster_g2,alibaba_gpu_type_pool,G2,34,9,7e-05,,1,12.0,16.0
synthetic_00783,preprocessing,preprocessing,cluster_g2,alibaba_gpu_type_pool,G2,34,1,0.00025,,1,8.0,29.8017578125
synthetic_01056,fine_tuning,fine_tuning,cluster_t4,alibaba_gpu_type_pool,T4,34,6,7e-05,T4,1,16.0,32.0
synthetic_01057,preprocessing,preprocessing,cluster_g2,alibaba_gpu_type_pool,G2,34,7,0.00035,,1,12.0,15.0
synthetic_01131,fine_tuning,fine_tuning,cluster_t4,alibaba_gpu_type_pool,T4,34,1,7e-05,T4,1,24.2,91.0
synthetic_01190,preprocessing,preprocessing,cluster_g2,alibaba_gpu_type_pool,G2,34,2,0.00035,,1,4.0,32.0
synthetic_01281,preprocessing,preprocessing,cluster_p100,alibaba_gpu_type_pool,P100,34,2,0.00025,P100|V100M16|V100M32,1,18.708,63.0
synthetic_01291,fine_tuning,fine_tuning,cluster_p100,alibaba_gpu_type_pool,P100,34,1,0.00025,P100,1,11.908,46.0
synthetic_01424,preprocessing,preprocessing,cluster_g2,alibaba_gpu_type_pool,G2,34,3,7e-05,,1,4.152,10.3515625
synthetic_01528,training,training,cluster_a10,alibaba_gpu_type_pool,A10,34,1,0.00015,A10|T4,1,11.908,46.0
synthetic_01533,fine_tuning,fine_tuning,cluster_p100,alibaba_gpu_type_pool,P100,34,1,0.00025,P100,1,11.908,46.0
synthetic_01584,preprocessing,preprocessing,cluster_g2,alibaba_gpu_type_pool,G2,34,2,0.00035,,1,11.4,47.0
synthetic_01650,preprocessing,preprocessing,cluster_g2,alibaba_gpu_type_pool,G2,34,2,0.00025,,1,6.0,18.0
synthetic_01651,preprocessing,preprocessing,cluster_g2,alibaba_gpu_type_pool,G2,34,1,0.00025,,1,3.152,5.46875
synthetic_01677,preprocessing,preprocessing,cluster_g2,alibaba_gpu_type_pool,G2,34,4,0.00035,,1,4.0,14.900390625
synthetic_01688,preprocessing,preprocessing,cluster_g2,alibaba_gpu_type_pool,G2,34,1,0.00035,,1,11.3,48.0
synthetic_01920,preprocessing,preprocessing,cluster_g2,alibaba_gpu_type_pool,G2,34,1,0.0028,,8,64.2,257.0
synthetic_02035,preprocessing,preprocessing,cluster_g2,alibaba_gpu_type_pool,G2,34,1,0.00025,,1,3.152,5.46875
synthetic_02205,preprocessing,preprocessing,cluster_g2,alibaba_gpu_type_pool,G2,34,4,7e-05,,1,11.4,47.0
synthetic_02216,preprocessing,preprocessing,cluster_g2,alibaba_gpu_type_pool,G2,34,7,0.00025,,1,4.0,14.900390625
synthetic_02421,preprocessing,preprocessing,cluster_g2,alibaba_gpu_type_pool,G2,34,1,0.00035,,1,3.152,5.46875
synthetic_02499,fine_tuning,fine_tuning,cluster_p100,alibaba_gpu_type_pool,P100,34,1,0.00025,P100,1,3.152,5.46875
synthetic_02661,fine_tuning,fine_tuning,cluster_t4,alibaba_gpu_type_pool,T4,34,1,7e-05,T4,1,24.2,91.0
synthetic_02784,preprocessing,preprocessing,cluster_g2,alibaba_gpu_type_pool,G2,34,2,0.00035,,1,11.4,47.0
synthetic_02915,preprocessing,preprocessing,cluster_g2,alibaba_gpu_type_pool,G2,34,5,0.00025,,1,11.908,46.0
synthetic_02947,fine_tuning,fine_tuning,cluster_t4,alibaba_gpu_type_pool,T4,34,1,7e-05,T4,1,4.0,29.8017578125
synthetic_03012,preprocessing,preprocessing,cluster_g2,alibaba_gpu_type_pool,G2,34,1,7e-05,,1,11.4,47.0
synthetic_03025,training,training,cluster_v100m16,alibaba_gpu_type_pool,V100M16,34,1,0.00025,V100M16|V100M32,1,3.152,5.46875
synthetic_03107,preprocessing,preprocessing,cluster_g2,alibaba_gpu_type_pool,G2,34,1,0.00035,,1,3.152,5.46875
synthetic_03198,fine_tuning,fine_tuning,cluster_t4,alibaba_gpu_type_pool,T4,34,1,7e-05,T4,1,3.152,5.46875
synthetic_03211,preprocessing,preprocessing,cluster_g2,alibaba_gpu_type_pool,G2,34,2,0.00025,,1,11.4,47.0
synthetic_03232,preprocessing,preprocessing,cluster_g2,alibaba_gpu_type_pool,G2,34,1,0.00035,,1,8.0,29.8017578125
synthetic_03235,preprocessing,preprocessing,cluster_g2,alibaba_gpu_type_pool,G2,34,1,7e-05,,1,3.152,5.46875
synthetic_03470,preprocessing,preprocessing,cluster_g2,alibaba_gpu_type_pool,G2,34,10,0.00035,,1,8.0,29.8017578125
synthetic_03585,preprocessing,preprocessing,cluster_g2,alibaba_gpu_type_pool,G2,34,1,0.00025,,1,11.908,46.0
synthetic_03807,fine_tuning,fine_tuning,cluster_t4,alibaba_gpu_type_pool,T4,34,1,7e-05,T4,1,3.152,5.46875
synthetic_03967,preprocessing,preprocessing,cluster_g2,alibaba_gpu_type_pool,G2,34,1,0.00025,,1,8.0,29.8017578125
synthetic_04058,preprocessing,preprocessing,cluster_g2,alibaba_gpu_type_pool,G2,34,2,7e-05,,1,8.2,33.0
synthetic_04071,preprocessing,preprocessing,cluster_g2,alibaba_gpu_type_pool,G2,34,2,7e-05,,1,3.152,5.46875
synthetic_04106,preprocessing,preprocessing,cluster_g2,alibaba_gpu_type_pool,G2,34,15,7e-05,,1,4.0,29.8017578125
synthetic_04187,preprocessing,preprocessing,cluster_g2,alibaba_gpu_type_pool,G2,34,1,7e-05,,1,3.152,5.46875
synthetic_04269,preprocessing,preprocessing,cluster_g2,alibaba_gpu_type_pool,G2,34,3,0.00025,,1,15.7,57.0
synthetic_04325,preprocessing,preprocessing,cluster_g2,alibaba_gpu_type_pool,G2,34,1,0.00035,,1,11.4,47.0
synthetic_04499,preprocessing,preprocessing,cluster_g2,alibaba_gpu_type_pool,G2,34,3,0.00025,,1,11.908,46.0
synthetic_04516,training,training,cluster_v100m16,alibaba_gpu_type_pool,V100M16,34,3,0.00025,V100M16|V100M32,1,15.7,57.0
synthetic_04522,fine_tuning,fine_tuning,cluster_g2,alibaba_gpu_type_pool,G2,34,4,0.00035,G2,1,9.81,40.5859375
synthetic_04577,preprocessing,preprocessing,cluster_g2,alibaba_gpu_type_pool,G2,34,1,0.00025,,1,8.0,32.0
synthetic_04718,fine_tuning,fine_tuning,cluster_v100m16,alibaba_gpu_type_pool,V100M16,34,1,0.00025,V100M16,1,11.3,48.0
synthetic_04797,preprocessing,preprocessing,cluster_g2,alibaba_gpu_type_pool,G2,34,14,0.00035,,1,11.908,46.0
synthetic_04869,fine_tuning,fine_tuning,cluster_p100,alibaba_gpu_type_pool,P100,34,6,0.00025,P100,1,4.0,22.3515625
synthetic_04945,fine_tuning,fine_tuning,cluster_t4,alibaba_gpu_type_pool,T4,34,4,7e-05,T4,1,1.0,6.0
synthetic_04987,fine_tuning,fine_tuning,cluster_t4,alibaba_gpu_type_pool,T4,34,9,7e-05,T4,1,3.152,5.46875
synthetic_00008,preprocessing,preprocessing,cluster_g2,alibaba_gpu_type_pool,G2,35,6,0.00025,,1,4.0,14.900390625
synthetic_00077,preprocessing,preprocessing,cluster_p100,alibaba_gpu_type_pool,P100,35,1,0.00025,P100|V100M16|V100M32,1,24.2,91.0
synthetic_00116,preprocessing,preprocessing,cluster_g2,alibaba_gpu_type_pool,G2,35,1,0.00025,,1,11.908,46.0
synthetic_00259,preprocessing,preprocessing,cluster_g2,alibaba_gpu_type_pool,G2,35,1,0.00025,,1,3.152,5.46875
synthetic_00276,fine_tuning,fine_tuning,cluster_t4,alibaba_gpu_type_pool,T4,35,16,7e-05,T4,1,3.152,5.46875
synthetic_00287,preprocessing,preprocessing,cluster_g2,alibaba_gpu_type_pool,G2,35,1,0.00025,,1,3.152,5.46875
synthetic_00447,preprocessing,preprocessing,cluster_g2,alibaba_gpu_type_pool,G2,35,1,7e-05,,1,3.152,5.46875
synthetic_00534,fine_tuning,fine_tuning,cluster_p100,alibaba_gpu_type_pool,P100,35,16,0.00025,P100,1,8.0,29.8017578125
synthetic_00542,fine_tuning,fine_tuning,cluster_t4,alibaba_gpu_type_pool,T4,35,1,7e-05,T4,1,11.4,47.0
synthetic_00600,preprocessing,preprocessing,cluster_g2,alibaba_gpu_type_pool,G2,35,1,0.00015,,1,11.3,48.0
synthetic_00609,preprocessing,preprocessing,cluster_g2,alibaba_gpu_type_pool,G2,35,1,0.00025,,1,8.0,16.0
synthetic_00724,preprocessing,preprocessing,cluster_g2,alibaba_gpu_type_pool,G2,35,2,0.00025,,1,16.4,123.0
synthetic_00737,preprocessing,preprocessing,cluster_g2,alibaba_gpu_type_pool,G2,35,1,0.00025,,1,11.4,47.0
synthetic_00785,preprocessing,preprocessing,cluster_g2,alibaba_gpu_type_pool,G2,35,1,0.00025,,1,4.152,10.3515625
synthetic_00805,preprocessing,preprocessing,cluster_g2,alibaba_gpu_type_pool,G2,35,1,0.00035,,1,11.3,48.0
synthetic_00867,preprocessing,preprocessing,cluster_g2,alibaba_gpu_type_pool,G2,35,1,0.00035,,1,3.152,5.46875
synthetic_00876,fine_tuning,fine_tuning,cluster_t4,alibaba_gpu_type_pool,T4,35,1,7e-05,T4,1,3.152,5.46875
synthetic_00877,training,training,cluster_v100m32,alibaba_gpu_type_pool,V100M32,35,1,0.00025,V100M16|V100M32,1,11.4,47.0
synthetic_00902,fine_tuning,fine_tuning,cluster_t4,alibaba_gpu_type_pool,T4,35,1,7e-05,T4,1,3.152,5.46875
synthetic_00991,fine_tuning,fine_tuning,cluster_t4,alibaba_gpu_type_pool,T4,35,1,7e-05,T4,1,11.908,46.0
synthetic_00992,preprocessing,preprocessing,cluster_g2,alibaba_gpu_type_pool,G2,35,1,0.00035,,1,11.908,46.0
synthetic_01088,preprocessing,preprocessing,cluster_g2,alibaba_gpu_type_pool,G2,35,1,0.00015,,1,16.4,123.0
synthetic_01197,fine_tuning,fine_tuning,cluster_t4,alibaba_gpu_type_pool,T4,35,1,7e-05,T4,1,11.3,48.0
synthetic_01251,preprocessing,preprocessing,cluster_g2,alibaba_gpu_type_pool,G2,35,2,0.00025,,1,16.0,32.0
synthetic_01302,preprocessing,preprocessing,cluster_g2,alibaba_gpu_type_pool,G2,35,1,7e-05,,1,11.908,46.0
synthetic_01358,preprocessing,preprocessing,cluster_g2,alibaba_gpu_type_pool,G2,35,1,0.00025,,1,3.152,5.46875
synthetic_01369,preprocessing,preprocessing,cluster_g2,alibaba_gpu_type_pool,G2,35,1,7e-05,,1,3.152,5.46875
synthetic_01390,preprocessing,preprocessing,cluster_g2,alibaba_gpu_type_pool,G2,35,3,0.00025,,1,9.81,40.5859375
synthetic_01429,preprocessing,preprocessing,cluster_g2,alibaba_gpu_type_pool,G2,35,2,0.00025,,1,8.0,29.8017578125
synthetic_01458,preprocessing,preprocessing,cluster_g2,alibaba_gpu_type_pool,G2,35,3,7e-05,,1,15.7,57.0
synthetic_01670,preprocessing,preprocessing,cluster_g2,alibaba_gpu_type_pool,G2,35,1,0.00035,,1,3.152,5.46875
synthetic_01680,preprocessing,preprocessing,cluster_v100m16,alibaba_gpu_type_pool,V100M16,35,1,0.00025,P100|V100M16|V100M32,1,18.708,63.0
synthetic_01724,preprocessing,preprocessing,cluster_g2,alibaba_gpu_type_pool,G2,35,1,0.00035,,1,3.152,5.46875
synthetic_01764,fine_tuning,fine_tuning,cluster_g2,alibaba_gpu_type_pool,G2,35,2,0.00035,G2,1,11.4,47.0
synthetic_01786,preprocessing,preprocessing,cluster_g2,alibaba_gpu_type_pool,G2,35,1,0.00025,,1,3.152,5.46875
synthetic_01790,preprocessing,preprocessing,cluster_g2,alibaba_gpu_type_pool,G2,35,1,0.00025,,1,16.4,123.0
synthetic_01804,fine_tuning,fine_tuning,cluster_g3,alibaba_gpu_type_pool,G3,35,10,0.00035,G3,1,1.0,6.0
synthetic_01943,preprocessing,preprocessing,cluster_g2,alibaba_gpu_type_pool,G2,35,1,0.00025,,1,8.0,29.8017578125
synthetic_02049,preprocessing,preprocessing,cluster_g2,alibaba_gpu_type_pool,G2,35,1,0.00035,,1,11.908,46.0
synthetic_02064,preprocessing,preprocessing,cluster_g2,alibaba_gpu_type_pool,G2,35,1,7e-05,,1,3.152,5.46875
synthetic_02138,fine_tuning,fine_tuning,cluster_t4,alibaba_gpu_type_pool,T4,35,1,7e-05,T4,1,4.152,10.3515625
synthetic_02161,fine_tuning,fine_tuning,cluster_p100,alibaba_gpu_type_pool,P100,35,16,0.00025,P100,1,3.152,5.46875
synthetic_02239,preprocessing,preprocessing,cluster_g2,alibaba_gpu_type_pool,G2,35,1,0.00025,,1,11.908,46.0
synthetic_02351,preprocessing,preprocessing,cluster_g2,alibaba_gpu_type_pool,G2,35,1,0.00035,,1,3.152,5.46875
synthetic_02372,preprocessing,preprocessing,cluster_g2,alibaba_gpu_type_pool,G2,35,1,0.00025,,1,18.708,63.0
synthetic_02554,preprocessing,preprocessing,cluster_g2,alibaba_gpu_type_pool,G2,35,1,7e-05,,1,11.4,47.0
synthetic_02646,preprocessing,preprocessing,cluster_g2,alibaba_gpu_type_pool,G2,35,1,0.00025,,1,3.152,5.46875
synthetic_02731,preprocessing,preprocessing,cluster_g2,alibaba_gpu_type_pool,G2,35,1,7e-05,,1,11.4,47.0
synthetic_02817,fine_tuning,fine_tuning,cluster_t4,alibaba_gpu_type_pool,T4,35,1,7e-05,T4,1,11.4,47.0
synthetic_02841,preprocessing,preprocessing,cluster_g2,alibaba_gpu_type_pool,G2,35,1,0.00025,,1,14.2,57.0
synthetic_02899,preprocessing,preprocessing,cluster_g2,alibaba_gpu_type_pool,G2,35,13,0.00035,,1,4.0,22.3515625
synthetic_02942,fine_tuning,fine_tuning,cluster_t4,alibaba_gpu_type_pool,T4,35,2,7e-05,T4,1,24.2,91.0
synthetic_03082,preprocessing,preprocessing,cluster_g2,alibaba_gpu_type_pool,G2,35,1,0.00025,,1,4.152,10.3515625
synthetic_03096,preprocessing,preprocessing,cluster_g2,alibaba_gpu_type_pool,G2,35,5,0.00035,,1,11.908,46.0
synthetic_03112,preprocessing,preprocessing,cluster_g2,alibaba_gpu_type_pool,G2,35,1,0.00035,,1,3.152,5.46875
synthetic_03182,preprocessing,preprocessing,cluster_g2,alibaba_gpu_type_pool,G2,35,1,0.00035,,1,3.152,5.46875
synthetic_03244,preprocessing,preprocessing,cluster_g2,alibaba_gpu_type_pool,G2,35,2,0.00025,,1,3.152,5.46875
synthetic_03362,fine_tuning,fine_tuning,cluster_t4,alibaba_gpu_type_pool,T4,35,1,7e-05,T4,1,3.152,5.46875
synthetic_03384,fine_tuning,fine_tuning,cluster_t4,alibaba_gpu_type_pool,T4,35,1,7e-05,T4,1,4.0,14.900390625
synthetic_03499,preprocessing,preprocessing,cluster_g2,alibaba_gpu_type_pool,G2,35,1,7e-05,,1,11.3,48.0
synthetic_03587,preprocessing,preprocessing,cluster_g2,alibaba_gpu_type_pool,G2,35,9,7e-05,,1,1.0,2.0
synthetic_03614,preprocessing,preprocessing,cluster_g2,alibaba_gpu_type_pool,G2,35,1,0.00025,,1,11.3,48.0
synthetic_03820,fine_tuning,fine_tuning,cluster_t4,alibaba_gpu_type_pool,T4,35,15,7e-05,T4,1,11.3,48.0
synthetic_03933,fine_tuning,fine_tuning,cluster_t4,alibaba_gpu_type_pool,T4,35,1,7e-05,T4,1,3.152,5.46875
synthetic_03991,fine_tuning,fine_tuning,cluster_t4,alibaba_gpu_type_pool,T4,35,1,7e-05,T4,1,3.152,5.46875
synthetic_04025,fine_tuning,fine_tuning,cluster_t4,alibaba_gpu_type_pool,T4,35,1,7e-05,T4,1,8.0,32.0
synthetic_04035,fine_tuning,fine_tuning,cluster_t4,alibaba_gpu_type_pool,T4,35,1,7e-05,T4,1,12.0,16.0
synthetic_04037,preprocessing,preprocessing,cluster_g2,alibaba_gpu_type_pool,G2,35,1,0.00025,,1,3.152,5.46875
synthetic_04097,preprocessing,preprocessing,cluster_g2,alibaba_gpu_type_pool,G2,35,5,0.00035,,1,11.4,47.0
synthetic_04104,preprocessing,preprocessing,cluster_g2,alibaba_gpu_type_pool,G2,35,1,0.00025,,1,11.3,48.0
synthetic_04155,preprocessing,preprocessing,cluster_g2,alibaba_gpu_type_pool,G2,35,2,0.00025,,1,4.0,24.0
synthetic_04162,fine_tuning,fine_tuning,cluster_g2,alibaba_gpu_type_pool,G2,35,6,0.00035,G2,1,12.0,24.0
synthetic_04260,preprocessing,preprocessing,cluster_g2,alibaba_gpu_type_pool,G2,35,1,0.00035,,1,3.152,5.46875
synthetic_04324,preprocessing,preprocessing,cluster_g2,alibaba_gpu_type_pool,G2,35,1,0.00025,,1,3.152,5.46875
synthetic_04508,preprocessing,preprocessing,cluster_g2,alibaba_gpu_type_pool,G2,35,1,0.00035,,1,14.2,57.0
synthetic_04527,preprocessing,preprocessing,cluster_g2,alibaba_gpu_type_pool,G2,35,1,0.00025,,1,3.152,5.46875
synthetic_04621,preprocessing,preprocessing,cluster_g2,alibaba_gpu_type_pool,G2,35,1,0.00025,,1,11.3,48.0
synthetic_04691,preprocessing,preprocessing,cluster_g2,alibaba_gpu_type_pool,G2,35,1,0.00035,,1,3.152,5.46875
synthetic_04837,preprocessing,preprocessing,cluster_g2,alibaba_gpu_type_pool,G2,35,6,0.00035,,1,3.152,5.46875
synthetic_04904,fine_tuning,fine_tuning,cluster_t4,alibaba_gpu_type_pool,T4,35,1,7e-05,T4,1,4.152,10.3515625
synthetic_04993,preprocessing,preprocessing,cluster_g2,alibaba_gpu_type_pool,G2,35,1,7e-05,,1,3.152,5.46875
synthetic_04995,preprocessing,preprocessing,cluster_g2,alibaba_gpu_type_pool,G2,35,1,0.00025,,1,9.81,40.5859375
synthetic_00122,preprocessing,preprocessing,cluster_g2,alibaba_gpu_type_pool,G2,36,1,7e-05,,1,3.152,5.46875
synthetic_00129,preprocessing,preprocessing,cluster_g2,alibaba_gpu_type_pool,G2,36,2,0.00025,,1,3.152,5.46875
synthetic_00165,fine_tuning,fine_tuning,cluster_t4,alibaba_gpu_type_pool,T4,36,1,7e-05,T4,1,11.3,48.0
synthetic_00167,fine_tuning,fine_tuning,cluster_t4,alibaba_gpu_type_pool,T4,36,2,7e-05,T4,1,11.3,48.0
synthetic_00187,preprocessing,preprocessing,cluster_g2,alibaba_gpu_type_pool,G2,36,1,0.00025,,1,11.4,47.0
synthetic_00199,fine_tuning,fine_tuning,cluster_t4,alibaba_gpu_type_pool,T4,36,1,7e-05,T4,1,3.152,5.46875
synthetic_00263,preprocessing,preprocessing,cluster_g2,alibaba_gpu_type_pool,G2,36,8,0.00025,,1,16.0,32.0
synthetic_00272,preprocessing,preprocessing,cluster_g2,alibaba_gpu_type_pool,G2,36,11,7e-05,,1,4.0,22.3515625
synthetic_00292,preprocessing,preprocessing,cluster_g2,alibaba_gpu_type_pool,G2,36,5,0.00025,,1,11.4,47.0
synthetic_00309,fine_tuning,fine_tuning,cluster_p100,alibaba_gpu_type_pool,P100,36,1,0.00025,P100,1,6.0,12.0
synthetic_00481,preprocessing,preprocessing,cluster_g2,alibaba_gpu_type_pool,G2,36,8,0.00015,,1,11.4,47.0
synthetic_00502,preprocessing,preprocessing,cluster_g2,alibaba_gpu_type_pool,G2,36,3,0.00035,,1,11.4,47.0
synthetic_00523,preprocessing,preprocessing,cluster_g2,alibaba_gpu_type_pool,G2,36,1,0.00025,,1,11.3,48.0
synthetic_00685,fine_tuning,fine_tuning,cluster_t4,alibaba_gpu_type_pool,T4,36,1,7e-05,T4,1,11.3,48.0
synthetic_00693,fine_tuning,fine_tuning,cluster_t4,alibaba_gpu_type_pool,T4,36,1,7e-05,T4,1,3.152,5.46875
synthetic_00702,preprocessing,preprocessing,cluster_g2,alibaba_gpu_type_pool,G2,36,1,0.00025,,1,11.3,48.0
synthetic_00768,preprocessing,preprocessing,cluster_g2,alibaba_gpu_type_pool,G2,36,1,0.00035,,1,3.152,5.46875
synthetic_00840,preprocessing,preprocessing,cluster_g2,alibaba_gpu_type_pool,G2,36,1,0.00015,,1,3.152,5.46875
synthetic_00857,fine_tuning,fine_tuning,cluster_t4,alibaba_gpu_type_pool,T4,36,1,7e-05,T4,1,11.3,48.0
synthetic_00972,preprocessing,preprocessing,cluster_g2,alibaba_gpu_type_pool,G2,36,1,7e-05,,1,3.152,5.46875
synthetic_00986,fine_tuning,fine_tuning,cluster_t4,alibaba_gpu_type_pool,T4,36,1,7e-05,T4,1,11.3,48.0
synthetic_01025,preprocessing,preprocessing,cluster_g2,alibaba_gpu_type_pool,G2,36,1,0.00035,,1,3.152,5.46875
synthetic_01112,training,training,cluster_v100m32,alibaba_gpu_type_pool,V100M32,36,1,0.00025,V100M16|V100M32,1,11.4,47.0
synthetic_01171,fine_tuning,fine_tuning,cluster_t4,alibaba_gpu_type_pool,T4,36,1,7e-05,T4,1,3.152,5.46875
synthetic_01175,preprocessing,preprocessing,cluster_g2,alibaba_gpu_type_pool,G2,36,1,0.00025,,1,4.0,22.3515625
synthetic_01247,fine_tuning,fine_tuning,cluster_g3,alibaba_gpu_type_pool,G3,36,6,0.00035,G3,1,11.4,47.0
synthetic_01387,preprocessing,preprocessing,cluster_g2,alibaba_gpu_type_pool,G2,36,1,0.00025,,1,8.0,29.8017578125
synthetic_01392,preprocessing,preprocessing,cluster_g2,alibaba_gpu_type_pool,G2,36,1,0.00025,,1,3.152,5.46875
synthetic_01536,preprocessing,preprocessing,cluster_g2,alibaba_gpu_type_pool,G2,36,1,0.00035,,1,3.152,5.46875
synthetic_01866,preprocessing,preprocessing,cluster_g2,alibaba_gpu_type_pool,G2,36,2,0.00025,,1,9.81,40.5859375
synthetic_01910,preprocessing,preprocessing,cluster_g2,alibaba_gpu_type_pool,G2,36,5,0.00035,,1,4.0,24.0
synthetic_01947,preprocessing,preprocessing,cluster_g2,alibaba_gpu_type_pool,G2,36,3,0.00025,,1,11.4,47.0
synthetic_01952,preprocessing,preprocessing,cluster_g2,alibaba_gpu_type_pool,G2,36,1,0.00025,,1,11.908,46.0
synthetic_02121,preprocessing,preprocessing,cluster_g2,alibaba_gpu_type_pool,G2,36,1,0.00025,,1,3.152,5.46875
synthetic_02164,training,training,cluster_v100m16,alibaba_gpu_type_pool,V100M16,36,2,0.00025,V100M16|V100M32,1,6.0,32.0
synthetic_02227,fine_tuning,fine_tuning,cluster_p100,alibaba_gpu_type_pool,P100,36,1,0.00025,P100,1,3.152,5.46875
synthetic_02238,preprocessing,preprocessing,cluster_g2,alibaba_gpu_type_pool,G2,36,2,0.00035,,1,11.908,46.0
synthetic_02289,preprocessing,preprocessing,cluster_g2,alibaba_gpu_type_pool,G2,36,1,0.00025,,1,4.0,22.3515625
synthetic_02345,preprocessing,preprocessing,cluster_g2,alibaba_gpu_type_pool,G2,36,1,0.00025,,1,12.0,16.0
synthetic_02347,fine_tuning,fine_tuning,cluster_g2,alibaba_gpu_type_pool,G2,36,2,0.00035,G2,1,11.3,48.0
synthetic_02350,fine_tuning,fine_tuning,cluster_t4,alibaba_gpu_type_pool,T4,36,1,7e-05,T4,1,9.81,40.5859375
synthetic_02465,preprocessing,preprocessing,cluster_g2,alibaba_gpu_type_pool,G2,36,1,7e-05,,1,3.152,5.46875
synthetic_02540,preprocessing,preprocessing,cluster_g2,alibaba_gpu_type_pool,G2,36,1,0.00025,,1,18.708,63.0
synthetic_02566,preprocessing,preprocessing,cluster_g2,alibaba_gpu_type_pool,G2,36,1,0.00025,,1,3.152,5.46875
synthetic_02581,fine_tuning,fine_tuning,cluster_p100,alibaba_gpu_type_pool,P100,36,1,0.00025,P100,1,8.0,29.8017578125
synthetic_02584,fine_tuning,fine_tuning,cluster_t4,alibaba_gpu_type_pool,T4,36,2,7e-05,T4,1,8.0,32.0
synthetic_02608,preprocessing,preprocessing,cluster_g2,alibaba_gpu_type_pool,G2,36,1,0.00025,,1,11.4,47.0
synthetic_02626,preprocessing,preprocessing,cluster_g2,alibaba_gpu_type_pool,G2,36,1,0.00025,,1,9.81,40.5859375
synthetic_02638,preprocessing,preprocessing,cluster_g2,alibaba_gpu_type_pool,G2,36,4,0.00025,,1,8.0,16.0
synthetic_02650,preprocessing,preprocessing,cluster_g2,alibaba_gpu_type_pool,G2,36,1,7e-05,,1,3.152,5.46875
synthetic_02690,fine_tuning,fine_tuning,cluster_g2,alibaba_gpu_type_pool,G2,36,1,0.00035,G2,1,4.0,24.0
synthetic_02751,preprocessing,preprocessing,cluster_g2,alibaba_gpu_type_pool,G2,36,1,0.00035,,1,11.3,48.0
synthetic_02901,preprocessing,preprocessing,cluster_g2,alibaba_gpu_type_pool,G2,36,11,0.00025,,1,4.0,22.3515625
synthetic_02913,fine_tuning,fine_tuning,cluster_t4,alibaba_gpu_type_pool,T4,36,2,7e-05,T4,1,6.0,16.0
synthetic_02927,preprocessing,preprocessing,cluster_g2,alibaba_gpu_type_pool,G2,36,3,0.00035,,1,15.7,57.0
synthetic_02985,preprocessing,preprocessing,cluster_g2,alibaba_gpu_type_pool,G2,36,2,0.00035,,1,3.152,5.46875
synthetic_03015,preprocessing,preprocessing,cluster_g2,alibaba_gpu_type_pool,G2,36,2,0.00025,,1,12.0,16.0
synthetic_03100,preprocessing,preprocessing,cluster_g2,alibaba_gpu_type_pool,G2,36,1,0.00025,,1,3.152,5.46875
synthetic_03127,preprocessing,preprocessing,cluster_g2,alibaba_gpu_type_pool,G2,36,1,0.00025,,1,3.152,5.46875
synthetic_03187,preprocessing,preprocessing,cluster_g2,alibaba_gpu_type_pool,G2,36,2,0.00035,,1,11.4,47.0
synthetic_03243,preprocessing,preprocessing,cluster_g2,alibaba_gpu_type_pool,G2,36,1,0.00035,,1,18.708,63.0
synthetic_03352,preprocessing,preprocessing,cluster_g2,alibaba_gpu_type_pool,G2,36,1,0.00025,,1,3.152,5.46875
synthetic_03397,preprocessing,preprocessing,cluster_g2,alibaba_gpu_type_pool,G2,36,1,0.00035,,1,9.81,40.5859375
synthetic_03400,preprocessing,preprocessing,cluster_g2,alibaba_gpu_type_pool,G2,36,1,0.00025,,1,3.152,5.46875
synthetic_03443,preprocessing,preprocessing,cluster_g2,alibaba_gpu_type_pool,G2,36,1,0.00025,,1,3.152,5.46875
synthetic_03449,preprocessing,preprocessing,cluster_g2,alibaba_gpu_type_pool,G2,36,1,0.00025,,1,11.4,47.0
synthetic_03775,preprocessing,preprocessing,cluster_g2,alibaba_gpu_type_pool,G2,36,1,0.00025,,1,8.0,29.8017578125
synthetic_03843,preprocessing,preprocessing,cluster_g2,alibaba_gpu_type_pool,G2,36,1,0.00025,,1,8.0,29.8017578125
synthetic_03877,fine_tuning,fine_tuning,cluster_t4,alibaba_gpu_type_pool,T4,36,1,7e-05,T4,1,8.0,29.8017578125
synthetic_03982,preprocessing,preprocessing,cluster_g2,alibaba_gpu_type_pool,G2,36,1,0.00025,,1,4.0,29.8017578125
synthetic_04040,fine_tuning,fine_tuning,cluster_t4,alibaba_gpu_type_pool,T4,36,9,7e-05,T4,1,4.0,30.517578125
synthetic_04066,preprocessing,preprocessing,cluster_g2,alibaba_gpu_type_pool,G2,36,2,0.00025,,1,11.4,47.0
synthetic_04132,fine_tuning,fine_tuning,cluster_t4,alibaba_gpu_type_pool,T4,36,4,7e-05,T4,1,11.3,48.0
synthetic_04183,preprocessing,preprocessing,cluster_g2,alibaba_gpu_type_pool,G2,36,4,7e-05,,1,8.0,29.8017578125
synthetic_04216,preprocessing,preprocessing,cluster_g2,alibaba_gpu_type_pool,G2,36,3,0.00025,,1,6.0,23.0
synthetic_04311,preprocessing,preprocessing,cluster_g2,alibaba_gpu_type_pool,G2,36,2,0.00025,,1,14.2,57.0
synthetic_04376,preprocessing,preprocessing,cluster_g2,alibaba_gpu_type_pool,G2,36,1,0.00025,,1,3.152,5.46875
synthetic_04441,fine_tuning,fine_tuning,cluster_t4,alibaba_gpu_type_pool,T4,36,5,7e-05,T4,1,4.0,24.0
synthetic_04595,training,training,cluster_v100m32,alibaba_gpu_type_pool,V100M32,36,1,0.00025,V100M16|V100M32,1,11.908,46.0
synthetic_04634,preprocessing,preprocessing,cluster_g2,alibaba_gpu_type_pool,G2,36,1,0.00025,,1,15.7,57.0
synthetic_04645,preprocessing,preprocessing,cluster_g2,alibaba_gpu_type_pool,G2,36,1,0.00025,,1,4.152,10.3515625
synthetic_04701,preprocessing,preprocessing,cluster_g2,alibaba_gpu_type_pool,G2,36,1,0.00025,,1,11.908,46.0
synthetic_04732,preprocessing,preprocessing,cluster_g2,alibaba_gpu_type_pool,G2,36,1,7e-05,,1,9.81,40.5859375
synthetic_04779,fine_tuning,fine_tuning,cluster_t4,alibaba_gpu_type_pool,T4,36,7,7e-05,T4,1,4.0,14.900390625
synthetic_04781,preprocessing,preprocessing,cluster_g2,alibaba_gpu_type_pool,G2,36,4,0.00025,,1,12.0,15.0
synthetic_04785,preprocessing,preprocessing,cluster_g2,alibaba_gpu_type_pool,G2,36,7,7e-05,,1,4.0,14.900390625
synthetic_04796,preprocessing,preprocessing,cluster_g2,alibaba_gpu_type_pool,G2,36,1,0.00035,,1,11.908,46.0
synthetic_04843,preprocessing,preprocessing,cluster_g2,alibaba_gpu_type_pool,G2,36,1,0.00025,,1,18.708,63.0
synthetic_04852,preprocessing,preprocessing,cluster_g2,alibaba_gpu_type_pool,G2,36,1,0.00035,,1,3.152,5.46875
synthetic_00097,fine_tuning,fine_tuning,cluster_t4,alibaba_gpu_type_pool,T4,37,1,7e-05,T4,1,8.0,29.8017578125
synthetic_00108,fine_tuning,fine_tuning,cluster_g3,alibaba_gpu_type_pool,G3,37,1,0.00035,G3,1,12.0,24.0
synthetic_00214,preprocessing,preprocessing,cluster_g2,alibaba_gpu_type_pool,G2,37,2,0.00025,,1,3.152,5.46875
synthetic_00284,preprocessing,preprocessing,cluster_g2,alibaba_gpu_type_pool,G2,37,1,0.00025,,1,3.152,5.46875
synthetic_00289,fine_tuning,fine_tuning,cluster_t4,alibaba_gpu_type_pool,T4,37,1,7e-05,T4,1,3.152,5.46875
synthetic_00306,preprocessing,preprocessing,cluster_g2,alibaba_gpu_type_pool,G2,37,1,0.00025,,1,11.908,46.0
synthetic_00369,fine_tuning,fine_tuning,cluster_t4,alibaba_gpu_type_pool,T4,37,1,7e-05,T4,1,11.3,48.0
synthetic_00452,preprocessing,preprocessing,cluster_g2,alibaba_gpu_type_pool,G2,37,5,7e-05,,1,11.4,76.0
synthetic_00503,preprocessing,preprocessing,cluster_g2,alibaba_gpu_type_pool,G2,37,9,0.00025,,1,14.2,57.0
synthetic_00559,preprocessing,preprocessing,cluster_g2,alibaba_gpu_type_pool,G2,37,1,7e-05,,1,11.908,46.0
synthetic_00574,preprocessing,preprocessing,cluster_g2,alibaba_gpu_type_pool,G2,37,3,0.00035,,1,15.7,57.0
synthetic_00584,fine_tuning,fine_tuning,cluster_t4,alibaba_gpu_type_pool,T4,37,1,7e-05,T4,1,3.152,5.46875
synthetic_00597,fine_tuning,fine_tuning,cluster_g2,alibaba_gpu_type_pool,G2,37,2,0.00035,G2,1,15.4,88.0
synthetic_00613,fine_tuning,fine_tuning,cluster_t4,alibaba_gpu_type_pool,T4,37,2,7e-05,T4,1,12.0,16.0
synthetic_00632,preprocessing,preprocessing,cluster_g2,alibaba_gpu_type_pool,G2,37,4,0.00035,,1,9.81,40.5859375
synthetic_00652,preprocessing,preprocessing,cluster_g2,alibaba_gpu_type_pool,G2,37,4,7e-05,,1,11.4,47.0
synthetic_00786,preprocessing,preprocessing,cluster_g2,alibaba_gpu_type_pool,G2,37,1,0.00035,,1,3.152,5.46875
synthetic_00865,preprocessing,preprocessing,cluster_g2,alibaba_gpu_type_pool,G2,37,2,0.00035,,1,8.0,16.0
synthetic_00956,preprocessing,preprocessing,cluster_g2,alibaba_gpu_type_pool,G2,37,4,0.00025,A10|G2|P100|T4|V100M16|V100M32,1,9.81,40.5859375
synthetic_00967,preprocessing,preprocessing,cluster_g2,alibaba_gpu_type_pool,G2,37,2,0.00025,,1,11.908,46.0
synthetic_01005,preprocessing,preprocessing,cluster_g2,alibaba_gpu_type_pool,G2,37,1,0.00035,,1,11.3,48.0
synthetic_01079,preprocessing,preprocessing,cluster_g2,alibaba_gpu_type_pool,G2,37,1,0.00035,,1,11.4,47.0
synthetic_01191,preprocessing,preprocessing,cluster_g2,alibaba_gpu_type_pool,G2,37,1,0.00035,,1,8.2,33.0
synthetic_01219,preprocessing,preprocessing,cluster_g2,alibaba_gpu_type_pool,G2,37,1,0.00025,,1,3.152,5.46875
synthetic_01259,preprocessing,preprocessing,cluster_g2,alibaba_gpu_type_pool,G2,37,1,0.00025,,1,3.152,5.46875
synthetic_01264,preprocessing,preprocessing,cluster_g2,alibaba_gpu_type_pool,G2,37,2,0.00025,,1,11.908,46.0
synthetic_01283,preprocessing,preprocessing,cluster_g2,alibaba_gpu_type_pool,G2,37,2,0.00025,,1,8.0,29.8017578125
synthetic_01423,preprocessing,preprocessing,cluster_g2,alibaba_gpu_type_pool,G2,37,3,0.00025,,1,9.81,40.5859375
synthetic_01489,preprocessing,preprocessing,cluster_g2,alibaba_gpu_type_pool,G2,37,1,7e-05,,1,11.908,46.0
synthetic_01574,preprocessing,preprocessing,cluster_g2,alibaba_gpu_type_pool,G2,37,1,0.00025,,1,3.152,5.46875
synthetic_01699,preprocessing,preprocessing,cluster_g2,alibaba_gpu_type_pool,G2,37,1,7e-05,,1,3.152,5.46875
synthetic_01859,preprocessing,preprocessing,cluster_g2,alibaba_gpu_type_pool,G2,37,1,0.00025,,1,4.0,14.900390625
synthetic_01957,fine_tuning,fine_tuning,cluster_t4,alibaba_gpu_type_pool,T4,37,6,7e-05,T4,1,11.4,47.0
synthetic_01963,fine_tuning,fine_tuning,cluster_t4,alibaba_gpu_type_pool,T4,37,2,7e-05,T4,1,4.0,29.8017578125
synthetic_02048,training,training,cluster_v100m16,alibaba_gpu_type_pool,V100M16,37,1,0.00025,V100M16|V100M32,1,11.3,48.0
synthetic_02116,training,training,cluster_v100m16,alibaba_gpu_type_pool,V100M16,37,1,0.00025,V100M16|V100M32,1,11.3,48.0
synthetic_02173,preprocessing,preprocessing,cluster_g2,alibaba_gpu_type_pool,G2,37,1,0.00025,,1,3.152,5.46875
synthetic_02287,preprocessing,preprocessing,cluster_g2,alibaba_gpu_type_pool,G2,37,1,7e-05,,1,4.152,10.3515625
synthetic_02308,fine_tuning,fine_tuning,cluster_t4,alibaba_gpu_type_pool,T4,37,1,7e-05,T4,1,3.152,5.46875
synthetic_02313,preprocessing,preprocessing,cluster_g2,alibaba_gpu_type_pool,G2,37,1,0.00025,,1,11.908,46.0
synthetic_02316,preprocessing,preprocessing,cluster_g2,alibaba_gpu_type_pool,G2,37,1,0.00035,,1,3.152,5.46875
synthetic_02343,fine_tuning,fine_tuning,cluster_g2,alibaba_gpu_type_pool,G2,37,1,0.00035,G2,1,18.708,63.0
synthetic_02402,preprocessing,preprocessing,cluster_g2,alibaba_gpu_type_pool,G2,37,2,0.00025,,1,8.2,33.0
synthetic_02487,preprocessing,preprocessing,cluster_g2,alibaba_gpu_type_pool,G2,37,5,0.00035,,1,4.0,22.3515625
synthetic_02524,fine_tuning,fine_tuning,cluster_t4,alibaba_gpu_type_pool,T4,37,3,7e-05,T4,1,15.7,57.0
synthetic_02527,preprocessing,preprocessing,cluster_v100m32,alibaba_gpu_type_pool,V100M32,37,2,0.00014,T4|V100M16|V100M32,2,16.2,65.0
synthetic_02529,preprocessing,preprocessing,cluster_g2,alibaba_gpu_type_pool,G2,37,3,0.00025,,1,11.908,46.0
synthetic_02683,preprocessing,preprocessing,cluster_g2,alibaba_gpu_type_pool,G2,37,2,0.00035,,1,11.4,47.0
synthetic_02700,fine_tuning,fine_tuning,cluster_g2,alibaba_gpu_type_pool,G2,37,2,0.00035,G2,1,11.4,47.0
synthetic_02778,fine_tuning,fine_tuning,cluster_g2,alibaba_gpu_type_pool,G2,37,3,0.00035,G2,1,11.3,48.0
synthetic_02852,preprocessing,preprocessing,cluster_g2,alibaba_gpu_type_pool,G2,37,5,0.00025,,1,15.7,57.0
synthetic_02863,fine_tuning,fine_tuning,cluster_t4,alibaba_gpu_type_pool,T4,37,3,7e-05,T4,1,11.4,47.0
synthetic_02875,preprocessing,preprocessing,cluster_g2,alibaba_gpu_type_pool,G2,37,2,7e-05,,1,8.0,16.0
synthetic_02976,preprocessing,preprocessing,cluster_g2,alibaba_gpu_type_pool,G2,37,1,0.00025,,1,3.152,5.46875
synthetic_02980,preprocessing,preprocessing,cluster_g2,alibaba_gpu_type_pool,G2,37,1,0.00035,,1,16.4,123.0
synthetic_03047,preprocessing,preprocessing,cluster_g2,alibaba_gpu_type_pool,G2,37,3,7e-05,,1,8.0,16.0
synthetic_03143,preprocessing,preprocessing,cluster_g2,alibaba_gpu_type_pool,G2,37,2,7e-05,,1,11.3,48.0
synthetic_03174,preprocessing,preprocessing,cluster_g2,alibaba_gpu_type_pool,G2,37,1,0.00025,,1,3.152,5.46875
synthetic_03181,preprocessing,preprocessing,cluster_g2,alibaba_gpu_type_pool,G2,37,1,7e-05,,1,18.708,63.0
synthetic_03298,preprocessing,preprocessing,cluster_g2,alibaba_gpu_type_pool,G2,37,1,0.00025,,1,11.3,48.0
synthetic_03359,preprocessing,preprocessing,cluster_g2,alibaba_gpu_type_pool,G2,37,3,7e-05,,1,11.3,48.0
synthetic_03445,preprocessing,preprocessing,cluster_g2,alibaba_gpu_type_pool,G2,37,6,0.00035,,1,4.0,24.0
synthetic_03511,preprocessing,preprocessing,cluster_g2,alibaba_gpu_type_pool,G2,37,1,7e-05,,1,3.152,5.46875
synthetic_03553,fine_tuning,fine_tuning,cluster_g2,alibaba_gpu_type_pool,G2,37,1,0.00035,G2,1,3.152,5.46875
synthetic_03598,fine_tuning,fine_tuning,cluster_t4,alibaba_gpu_type_pool,T4,37,2,7e-05,T4,1,11.908,46.0
synthetic_03673,preprocessing,preprocessing,cluster_g2,alibaba_gpu_type_pool,G2,37,2,0.00035,,1,8.0,16.0
synthetic_03696,preprocessing,preprocessing,cluster_g2,alibaba_gpu_type_pool,G2,37,2,0.00035,,1,15.2,79.0
synthetic_03990,preprocessing,preprocessing,cluster_g2,alibaba_gpu_type_pool,G2,37,1,7e-05,,1,3.152,5.46875
synthetic_04115,fine_tuning,fine_tuning,cluster_t4,alibaba_gpu_type_pool,T4,37,1,7e-05,T4,1,11.908,46.0
synthetic_04121,preprocessing,preprocessing,cluster_g2,alibaba_gpu_type_pool,G2,37,3,0.00035,,1,15.7,57.0
synthetic_04156,preprocessing,preprocessing,cluster_g2,alibaba_gpu_type_pool,G2,37,2,0.00025,,1,16.0,64.0
synthetic_04204,fine_tuning,fine_tuning,cluster_t4,alibaba_gpu_type_pool,T4,37,2,7e-05,T4,1,11.908,46.0
synthetic_04224,fine_tuning,fine_tuning,cluster_t4,alibaba_gpu_type_pool,T4,37,3,7e-05,T4,1,6.0,18.0
synthetic_04259,preprocessing,preprocessing,cluster_g2,alibaba_gpu_type_pool,G2,37,1,7e-05,,1,3.152,5.46875
synthetic_04277,fine_tuning,fine_tuning,cluster_t4,alibaba_gpu_type_pool,T4,37,2,7e-05,T4,1,14.2,57.0
synthetic_04315,preprocessing,preprocessing,cluster_g2,alibaba_gpu_type_pool,G2,37,1,0.00025,,1,8.0,16.0
synthetic_04407,preprocessing,preprocessing,cluster_g2,alibaba_gpu_type_pool,G2,37,1,0.00025,,1,4.0,29.8017578125
synthetic_04414,preprocessing,preprocessing,cluster_g2,alibaba_gpu_type_pool,G2,37,1,0.00035,,1,11.908,46.0
synthetic_04450,fine_tuning,fine_tuning,cluster_t4,alibaba_gpu_type_pool,T4,37,1,7e-05,T4,1,11.3,48.0
synthetic_04487,preprocessing,preprocessing,cluster_g2,alibaba_gpu_type_pool,G2,37,1,0.00025,,1,4.0,22.3515625
synthetic_04529,preprocessing,preprocessing,cluster_g2,alibaba_gpu_type_pool,G2,37,1,0.00035,,1,11.3,48.0
synthetic_04655,preprocessing,preprocessing,cluster_g2,alibaba_gpu_type_pool,G2,37,1,0.00025,,1,11.3,48.0
synthetic_04668,fine_tuning,fine_tuning,cluster_t4,alibaba_gpu_type_pool,T4,37,1,7e-05,T4,1,4.152,10.3515625
synthetic_04684,fine_tuning,fine_tuning,cluster_g2,alibaba_gpu_type_pool,G2,37,1,0.00035,G2,1,11.3,48.0
synthetic_04712,preprocessing,preprocessing,cluster_g2,alibaba_gpu_type_pool,G2,37,4,0.00035,,1,11.9,76.0
synthetic_04875,preprocessing,preprocessing,cluster_g2,alibaba_gpu_type_pool,G2,37,1,0.00025,,1,3.152,5.46875
synthetic_04887,preprocessing,preprocessing,cluster_g2,alibaba_gpu_type_pool,G2,37,10,0.00025,,1,14.9,72.0
synthetic_04920,preprocessing,preprocessing,cluster_g2,alibaba_gpu_type_pool,G2,37,1,0.00025,,1,3.152,5.46875
synthetic_04940,preprocessing,preprocessing,cluster_g2,alibaba_gpu_type_pool,G2,37,1,0.00025,,1,3.152,5.46875
synthetic_04982,preprocessing,preprocessing,cluster_g2,alibaba_gpu_type_pool,G2,37,1,0.00025,,1,11.3,48.0
synthetic_00076,preprocessing,preprocessing,cluster_g2,alibaba_gpu_type_pool,G2,38,2,0.00025,,1,11.908,46.0
synthetic_00079,fine_tuning,fine_tuning,cluster_t4,alibaba_gpu_type_pool,T4,38,1,7e-05,T4,1,11.3,48.0
synthetic_00193,preprocessing,preprocessing,cluster_g2,alibaba_gpu_type_pool,G2,38,1,0.00035,,1,18.708,63.0
synthetic_00196,fine_tuning,fine_tuning,cluster_g2,alibaba_gpu_type_pool,G2,38,2,0.00035,G2,1,4.0,30.517578125
synthetic_00204,preprocessing,preprocessing,cluster_g2,alibaba_gpu_type_pool,G2,38,1,0.00015,,1,3.152,5.46875
synthetic_00404,fine_tuning,fine_tuning,cluster_p100,alibaba_gpu_type_pool,P100,38,1,0.00025,P100,1,3.152,5.46875
synthetic_00420,fine_tuning,fine_tuning,cluster_t4,alibaba_gpu_type_pool,T4,38,14,7e-05,T4,1,4.0,22.3515625
synthetic_00477,preprocessing,preprocessing,cluster_g2,alibaba_gpu_type_pool,G2,38,1,0.00015,,1,18.708,63.0
synthetic_00545,preprocessing,preprocessing,cluster_g2,alibaba_gpu_type_pool,G2,38,5,0.00025,,1,11.908,46.0
synthetic_00562,preprocessing,preprocessing,cluster_g2,alibaba_gpu_type_pool,G2,38,1,0.00025,,1,11.3,48.0
synthetic_00594,preprocessing,preprocessing,cluster_g2,alibaba_gpu_type_pool,G2,38,1,0.00035,,1,3.152,5.46875
synthetic_00643,fine_tuning,fine_tuning,cluster_g2,alibaba_gpu_type_pool,G2,38,2,0.00035,G2,1,11.3,48.0
synthetic_00650,preprocessing,preprocessing,cluster_g2,alibaba_gpu_type_pool,G2,38,1,0.00025,,1,11.908,46.0
synthetic_00672,fine_tuning,fine_tuning,cluster_t4,alibaba_gpu_type_pool,T4,38,2,7e-05,T4,1,3.152,5.46875
synthetic_00729,fine_tuning,fine_tuning,cluster_t4,alibaba_gpu_type_pool,T4,38,1,7e-05,T4,1,3.152,5.46875
synthetic_00742,preprocessing,preprocessing,cluster_g2,alibaba_gpu_type_pool,G2,38,1,0.00025,,1,4.0,29.8017578125
synthetic_00751,preprocessing,preprocessing,cluster_g2,alibaba_gpu_type_pool,G2,38,1,0.00035,,1,15.7,57.0
synthetic_00810,preprocessing,preprocessing,cluster_g2,alibaba_gpu_type_pool,G2,38,1,0.00025,,1,8.0,29.8017578125
synthetic_00969,fine_tuning,fine_tuning,cluster_g2,alibaba_gpu_type_pool,G2,38,3,0.00035,G2,1,15.7,57.0
synthetic_00998,fine_tuning,fine_tuning,cluster_g3,alibaba_gpu_type_pool,G3,38,5,0.00035,G3,1,4.0,24.0
synthetic_01003,fine_tuning,fine_tuning,cluster_p100,alibaba_gpu_type_pool,P100,38,1,0.00025,P100,1,8.0,29.8017578125
synthetic_01118,fine_tuning,fine_tuning,cluster_p100,alibaba_gpu_type_pool,P100,38,1,0.00025,P100,1,4.152,10.3515625
synthetic_01139,training,training,cluster_v100m32,alibaba_gpu_type_pool,V100M32,38,1,0.00025,V100M16|V100M32,1,3.152,5.46875
synthetic_01176,fine_tuning,fine_tuning,cluster_t4,alibaba_gpu_type_pool,T4,38,2,7e-05,T4,1,11.3,48.0
synthetic_01187,fine_tuning,fine_tuning,cluster_g2,alibaba_gpu_type_pool,G2,38,1,0.00035,G2,1,11.3,48.0
synthetic_01271,preprocessing,preprocessing,cluster_g2,alibaba_gpu_type_pool,G2,38,1,0.00025,,1,3.152,5.46875
synthetic_01272,fine_tuning,fine_tuning,cluster_t4,alibaba_gpu_type_pool,T4,38,9,7e-05,T4,1,11.4,47.0
synthetic_01490,preprocessing,preprocessing,cluster_g2,alibaba_gpu_type_pool,G2,38,1,0.00025,,1,11.908,46.0
synthetic_01525,preprocessing,preprocessing,cluster_g2,alibaba_gpu_type_pool,G2,38,1,0.00025,,1,4.0,24.0
synthetic_01547,preprocessing,preprocessing,cluster_g2,alibaba_gpu_type_pool,G2,38,1,7e-05,,1,3.152,5.46875
synthetic_01560,preprocessing,preprocessing,cluster_g2,alibaba_gpu_type_pool,G2,38,1,7e-05,,1,3.152,5.46875
synthetic_01614,preprocessing,preprocessing,cluster_g2,alibaba_gpu_type_pool,G2,38,1,0.00025,,1,3.152,5.46875
synthetic_01667,fine_tuning,fine_tuning,cluster_t4,alibaba_gpu_type_pool,T4,38,4,7e-05,T4,1,11.908,46.0
synthetic_01768,preprocessing,preprocessing,cluster_g2,alibaba_gpu_type_pool,G2,38,1,0.00025,,1,3.152,5.46875
synthetic_01917,preprocessing,preprocessing,cluster_v100m16,alibaba_gpu_type_pool,V100M16,38,1,7e-05,P100|T4|V100M16|V100M32,1,14.2,57.0
synthetic_02013,preprocessing,preprocessing,cluster_g2,alibaba_gpu_type_pool,G2,38,1,7e-05,,1,3.152,5.46875
synthetic_02186,preprocessing,preprocessing,cluster_g2,alibaba_gpu_type_pool,G2,38,5,7e-05,,1,15.9,88.0
synthetic_02201,preprocessing,preprocessing,cluster_g2,alibaba_gpu_type_pool,G2,38,9,7e-05,,1,4.0,22.3515625
synthetic_02207,preprocessing,preprocessing,cluster_g2,alibaba_gpu_type_pool,G2,38,7,0.00025,,1,3.152,5.46875
synthetic_02328,preprocessing,preprocessing,cluster_g2,alibaba_gpu_type_pool,G2,38,2,0.00025,,1,3.152,5.46875
synthetic_02386,training,training,cluster_v100m16,alibaba_gpu_type_pool,V100M16,38,8,0.001,V100M16|V100M32,4,32.2,129.0
synthetic_02389,fine_tuning,fine_tuning,cluster_g2,alibaba_gpu_type_pool,G2,38,1,0.00035,G2,1,24.2,91.0
synthetic_02491,preprocessing,preprocessing,cluster_g2,alibaba_gpu_type_pool,G2,38,1,0.00025,,1,4.152,10.3515625
synthetic_02628,preprocessing,preprocessing,cluster_g2,alibaba_gpu_type_pool,G2,38,1,0.00025,,1,4.0,22.3515625
synthetic_02694,preprocessing,preprocessing,cluster_g2,alibaba_gpu_type_pool,G2,38,2,0.00025,,1,11.4,47.0
synthetic_02851,preprocessing,preprocessing,cluster_g2,alibaba_gpu_type_pool,G2,38,1,0.00025,,1,11.3,48.0
synthetic_02894,training,training,cluster_v100m32,alibaba_gpu_type_pool,V100M32,38,1,0.00025,V100M16|V100M32,1,11.9,76.0
synthetic_02925,preprocessing,preprocessing,cluster_g2,alibaba_gpu_type_pool,G2,38,1,0.00025,,1,11.4,76.0
synthetic_02972,preprocessing,preprocessing,cluster_g2,alibaba_gpu_type_pool,G2,38,1,7e-05,,1,4.152,10.3515625
synthetic_03057,fine_tuning,fine_tuning,cluster_g2,alibaba_gpu_type_pool,G2,38,1,0.00035,G2,1,11.4,47.0
synthetic_03263,preprocessing,preprocessing,cluster_g2,alibaba_gpu_type_pool,G2,38,2,0.00035,,1,6.0,6.0
synthetic_03292,preprocessing,preprocessing,cluster_g2,alibaba_gpu_type_pool,G2,38,2,0.00025,,1,11.3,48.0
synthetic_03408,preprocessing,preprocessing,cluster_g2,alibaba_gpu_type_pool,G2,38,1,0.00035,,1,3.152,5.46875
synthetic_03506,preprocessing,preprocessing,cluster_g2,alibaba_gpu_type_pool,G2,38,1,0.00025,,1,8.0,16.0
synthetic_03519,preprocessing,preprocessing,cluster_g2,alibaba_gpu_type_pool,G2,38,1,0.00025,,1,9.81,40.5859375
synthetic_03538,preprocessing,preprocessing,cluster_g2,alibaba_gpu_type_pool,G2,38,3,0.00035,,1,15.7,57.0
synthetic_03627,preprocessing,preprocessing,cluster_g2,alibaba_gpu_type_pool,G2,38,1,0.00025,,1,3.152,5.46875
synthetic_03655,preprocessing,preprocessing,cluster_g2,alibaba_gpu_type_pool,G2,38,7,0.00035,,1,24.2,91.0
synthetic_03725,preprocessing,preprocessing,cluster_g2,alibaba_gpu_type_pool,G2,38,5,7e-05,,1,8.0,8.0
synthetic_03749,preprocessing,preprocessing,cluster_g2,alibaba_gpu_type_pool,G2,38,2,0.00035,,1,18.708,63.0
synthetic_03919,fine_tuning,fine_tuning,cluster_t4,alibaba_gpu_type_pool,T4,38,1,7e-05,T4,1,3.152,5.46875
synthetic_03921,preprocessing,preprocessing,cluster_g2,alibaba_gpu_type_pool,G2,38,5,7e-05,,1,3.152,5.46875
synthetic_03931,preprocessing,preprocessing,cluster_g2,alibaba_gpu_type_pool,G2,38,1,0.00025,,1,3.152,5.46875
synthetic_04021,preprocessing,preprocessing,cluster_g2,alibaba_gpu_type_pool,G2,38,2,0.00025,,1,3.152,5.46875
synthetic_04092,preprocessing,preprocessing,cluster_g2,alibaba_gpu_type_pool,G2,38,1,0.00025,,1,11.3,48.0
synthetic_04112,fine_tuning,fine_tuning,cluster_t4,alibaba_gpu_type_pool,T4,38,1,7e-05,T4,1,4.0,22.3515625
synthetic_04154,preprocessing,preprocessing,cluster_g2,alibaba_gpu_type_pool,G2,38,2,0.00025,,1,8.0,29.8017578125
synthetic_04194,fine_tuning,fine_tuning,cluster_t4,alibaba_gpu_type_pool,T4,38,1,7e-05,T4,1,11.3,48.0
synthetic_04424,preprocessing,preprocessing,cluster_g2,alibaba_gpu_type_pool,G2,38,12,0.00035,,1,4.0,22.3515625
synthetic_04437,fine_tuning,fine_tuning,cluster_t4,alibaba_gpu_type_pool,T4,38,1,7e-05,T4,1,11.908,46.0
synthetic_04454,preprocessing,preprocessing,cluster_g2,alibaba_gpu_type_pool,G2,38,1,0.00025,,1,11.4,47.0
synthetic_04467,preprocessing,preprocessing,cluster_g2,alibaba_gpu_type_pool,G2,38,1,0.00025,,1,4.152,10.3515625
synthetic_04480,fine_tuning,fine_tuning,cluster_t4,alibaba_gpu_type_pool,T4,38,1,7e-05,T4,1,11.4,47.0
synthetic_04485,preprocessing,preprocessing,cluster_g2,alibaba_gpu_type_pool,G2,38,1,0.00035,,1,11.4,47.0
synthetic_04494,training,training,cluster_v100m16,alibaba_gpu_type_pool,V100M16,38,4,0.00025,V100M16|V100M32,1,11.4,47.0
synthetic_04497,preprocessing,preprocessing,cluster_g2,alibaba_gpu_type_pool,G2,38,1,7e-05,,1,3.152,5.46875
synthetic_04513,preprocessing,preprocessing,cluster_g2,alibaba_gpu_type_pool,G2,38,5,0.00035,,1,4.0,24.0
synthetic_04545,fine_tuning,fine_tuning,cluster_g2,alibaba_gpu_type_pool,G2,38,1,0.00035,G2,1,11.3,48.0
synthetic_04558,preprocessing,preprocessing,cluster_g2,alibaba_gpu_type_pool,G2,38,3,0.00035,,1,18.708,63.0
synthetic_04651,preprocessing,preprocessing,cluster_g2,alibaba_gpu_type_pool,G2,38,2,0.00025,,1,11.3,48.0
synthetic_04721,preprocessing,preprocessing,cluster_g2,alibaba_gpu_type_pool,G2,38,2,0.00025,,1,6.0,18.0
synthetic_04790,preprocessing,preprocessing,cluster_g2,alibaba_gpu_type_pool,G2,38,1,0.00025,,1,3.152,5.46875
synthetic_04888,preprocessing,preprocessing,cluster_g2,alibaba_gpu_type_pool,G2,38,1,0.00025,,1,15.7,57.0
synthetic_00046,preprocessing,preprocessing,cluster_g2,alibaba_gpu_type_pool,G2,39,1,0.00015,,1,3.152,5.46875
synthetic_00062,preprocessing,preprocessing,cluster_v100m16,alibaba_gpu_type_pool,V100M16,39,3,0.00025,P100|V100M16|V100M32,1,11.4,47.0
synthetic_00089,preprocessing,preprocessing,cluster_g2,alibaba_gpu_type_pool,G2,39,2,0.00025,,1,24.2,91.0
synthetic_00090,fine_tuning,fine_tuning,cluster_g2,alibaba_gpu_type_pool,G2,39,1,0.00035,G2,1,11.3,48.0
synthetic_00102,preprocessing,preprocessing,cluster_g2,alibaba_gpu_type_pool,G2,39,1,0.00025,,1,3.152,5.46875
synthetic_00106,preprocessing,preprocessing,cluster_g2,alibaba_gpu_type_pool,G2,39,1,0.00015,,1,12.0,16.0
synthetic_00209,preprocessing,preprocessing,cluster_g2,alibaba_gpu_type_pool,G2,39,1,0.00035,,1,3.152,5.46875
synthetic_00280,preprocessing,preprocessing,cluster_g2,alibaba_gpu_type_pool,G2,39,3,0.00035,,1,11.908,46.0
synthetic_00338,preprocessing,preprocessing,cluster_g2,alibaba_gpu_type_pool,G2,39,13,0.00035,,1,11.3,48.0
synthetic_00373,fine_tuning,fine_tuning,cluster_t4,alibaba_gpu_type_pool,T4,39,1,7e-05,T4,1,11.3,48.0
synthetic_00385,preprocessing,preprocessing,cluster_g2,alibaba_gpu_type_pool,G2,39,1,0.00025,,1,3.152,5.46875
synthetic_00396,fine_tuning,fine_tuning,cluster_g2,alibaba_gpu_type_pool,G2,39,2,0.00035,G2,1,11.4,47.0
synthetic_00515,preprocessing,preprocessing,cluster_g2,alibaba_gpu_type_pool,G2,39,2,0.00025,,1,3.152,5.46875
synthetic_00556,training,training,cluster_v100m32,alibaba_gpu_type_pool,V100M32,39,5,0.00025,V100M16|V100M32,1,12.0,24.0
synthetic_00567,fine_tuning,fine_tuning,cluster_g3,alibaba_gpu_type_pool,G3,39,2,0.00035,G3,1,11.4,47.0
synthetic_00621,preprocessing,preprocessing,cluster_g2,alibaba_gpu_type_pool,G2,39,1,0.00035,,1,3.152,5.46875
synthetic_00622,preprocessing,preprocessing,cluster_g2,alibaba_gpu_type_pool,G2,39,11,7e-05,,1,4.0,29.8017578125
synthetic_00678,preprocessing,preprocessing,cluster_g2,alibaba_gpu_type_pool,G2,39,1,0.00025,,1,11.3,48.0
synthetic_00757,preprocessing,preprocessing,cluster_g2,alibaba_gpu_type_pool,G2,39,1,0.00025,A10|G2|T4|V100M16|V100M32,1,11.3,48.0
synthetic_00762,preprocessing,preprocessing,cluster_g2,alibaba_gpu_type_pool,G2,39,1,7e-05,,1,3.152,5.46875
synthetic_00792,preprocessing,preprocessing,cluster_g2,alibaba_gpu_type_pool,G2,39,6,0.00025,,1,4.0,22.3515625
synthetic_00793,preprocessing,preprocessing,cluster_g2,alibaba_gpu_type_pool,G2,39,1,7e-05,,1,3.152,5.46875
synthetic_00800,preprocessing,preprocessing,cluster_g2,alibaba_gpu_type_pool,G2,39,1,0.00035,,1,3.152,5.46875
synthetic_00814,preprocessing,preprocessing,cluster_g2,alibaba_gpu_type_pool,G2,39,1,7e-05,,1,6.0,6.0
synthetic_00820,preprocessing,preprocessing,cluster_g2,alibaba_gpu_type_pool,G2,39,2,0.00025,G2|P100|T4|V100M16|V100M32,1,11.4,47.0
synthetic_00884,fine_tuning,fine_tuning,cluster_t4,alibaba_gpu_type_pool,T4,39,1,7e-05,T4,1,12.0,16.0
synthetic_00912,preprocessing,preprocessing,cluster_g2,alibaba_gpu_type_pool,G2,39,11,7e-05,,1,3.152,5.46875
synthetic_00970,fine_tuning,fine_tuning,cluster_p100,alibaba_gpu_type_pool,P100,39,1,0.00025,P100,1,3.152,5.46875
synthetic_01031,preprocessing,preprocessing,cluster_g2,alibaba_gpu_type_pool,G2,39,1,0.00025,,1,3.152,5.46875
synthetic_01059,fine_tuning,fine_tuning,cluster_p100,alibaba_gpu_type_pool,P100,39,1,0.00025,P100,1,3.152,5.46875
synthetic_01081,preprocessing,preprocessing,cluster_g2,alibaba_gpu_type_pool,G2,39,3,7e-05,,1,18.708,63.0
synthetic_01085,preprocessing,preprocessing,cluster_g2,alibaba_gpu_type_pool,G2,39,1,0.00025,,1,6.0,6.0
synthetic_01121,preprocessing,preprocessing,cluster_g2,alibaba_gpu_type_pool,G2,39,1,0.00025,,1,11.908,46.0
synthetic_01137,preprocessing,preprocessing,cluster_g2,alibaba_gpu_type_pool,G2,39,1,0.00025,,1,8.0,29.8017578125
synthetic_01146,training,training,cluster_v100m16,alibaba_gpu_type_pool,V100M16,39,1,0.00025,V100M16|V100M32,1,11.3,48.0
synthetic_01196,preprocessing,preprocessing,cluster_g2,alibaba_gpu_type_pool,G2,39,10,0.00035,,1,4.0,22.3515625
synthetic_01198,preprocessing,preprocessing,cluster_g2,alibaba_gpu_type_pool,G2,39,1,0.00035,,1,3.152,5.46875
synthetic_01205,preprocessing,preprocessing,cluster_g2,alibaba_gpu_type_pool,G2,39,2,0.00035,,1,11.908,46.0
synthetic_01212,fine_tuning,fine_tuning,cluster_g3,alibaba_gpu_type_pool,G3,39,10,0.00035,G3,1,1.0,6.0
synthetic_01244,preprocessing,preprocessing,cluster_g2,alibaba_gpu_type_pool,G2,39,1,0.00025,,1,11.3,48.0
synthetic_01316,preprocessing,preprocessing,cluster_g2,alibaba_gpu_type_pool,G2,39,1,0.00025,,1,11.908,46.0
synthetic_01439,preprocessing,preprocessing,cluster_g2,alibaba_gpu_type_pool,G2,39,1,7e-05,,1,11.4,47.0
synthetic_01488,fine_tuning,fine_tuning,cluster_t4,alibaba_gpu_type_pool,T4,39,1,7e-05,T4,1,11.908,46.0
synthetic_01530,preprocessing,preprocessing,cluster_g2,alibaba_gpu_type_pool,G2,39,1,0.00035,,1,4.152,10.3515625
synthetic_01637,preprocessing,preprocessing,cluster_g2,alibaba_gpu_type_pool,G2,39,5,0.00025,,1,15.7,57.0
synthetic_01643,fine_tuning,fine_tuning,cluster_t4,alibaba_gpu_type_pool,T4,39,1,7e-05,T4,1,11.3,48.0
synthetic_01732,preprocessing,preprocessing,cluster_g2,alibaba_gpu_type_pool,G2,39,1,0.00025,,1,3.152,5.46875
synthetic_01849,fine_tuning,fine_tuning,cluster_g2,alibaba_gpu_type_pool,G2,39,1,0.00035,G2,1,11.4,47.0
synthetic_01900,preprocessing,preprocessing,cluster_g2,alibaba_gpu_type_pool,G2,39,1,0.00015,,1,3.152,5.46875
synthetic_01996,preprocessing,preprocessing,cluster_g2,alibaba_gpu_type_pool,G2,39,2,0.00035,,1,11.3,48.0
synthetic_02056,fine_tuning,fine_tuning,cluster_t4,alibaba_gpu_type_pool,T4,39,12,7e-05,T4,1,4.0,22.3515625
synthetic_02058,fine_tuning,fine_tuning,cluster_t4,alibaba_gpu_type_pool,T4,39,1,7e-05,T4,1,3.152,5.46875
synthetic_02235,preprocessing,preprocessing,cluster_g2,alibaba_gpu_type_pool,G2,39,1,0.00025,,1,11.908,46.0
synthetic_02259,preprocessing,preprocessing,cluster_g2,alibaba_gpu_type_pool,G2,39,1,0.00025,,1,3.152,5.46875
synthetic_02331,training,training,cluster_v100m16,alibaba_gpu_type_pool,V100M16,39,2,0.00025,V100M16|V100M32,1,8.0,32.0
synthetic_02408,preprocessing,preprocessing,cluster_g2,alibaba_gpu_type_pool,G2,39,1,0.00015,,1,3.152,5.46875
synthetic_02410,preprocessing,preprocessing,cluster_g2,alibaba_gpu_type_pool,G2,39,1,0.00025,,1,3.152,5.46875
synthetic_02544,preprocessing,preprocessing,cluster_g2,alibaba_gpu_type_pool,G2,39,1,7e-05,,1,11.908,46.0
synthetic_02550,fine_tuning,fine_tuning,cluster_g2,alibaba_gpu_type_pool,G2,39,8,0.00035,G2,1,2.0,16.0
synthetic_02672,preprocessing,preprocessing,cluster_g2,alibaba_gpu_type_pool,G2,39,1,0.00025,,1,11.4,47.0
synthetic_02711,preprocessing,preprocessing,cluster_g2,alibaba_gpu_type_pool,G2,39,1,0.00035,,1,11.3,48.0
synthetic_02753,preprocessing,preprocessing,cluster_g2,alibaba_gpu_type_pool,G2,39,4,0.00035,,1,3.152,5.46875
synthetic_02794,fine_tuning,fine_tuning,cluster_t4,alibaba_gpu_type_pool,T4,39,1,7e-05,T4,1,4.0,14.900390625
synthetic_02916,fine_tuning,fine_tuning,cluster_g2,alibaba_gpu_type_pool,G2,39,1,0.00035,G2,1,12.0,16.0
synthetic_02955,fine_tuning,fine_tuning,cluster_t4,alibaba_gpu_type_pool,T4,39,3,7e-05,T4,1,15.7,57.0
synthetic_02979,fine_tuning,fine_tuning,cluster_g3,alibaba_gpu_type_pool,G3,39,1,0.00035,G3,1,11.3,48.0
synthetic_02991,preprocessing,preprocessing,cluster_g2,alibaba_gpu_type_pool,G2,39,1,0.00025,,1,18.708,63.0
synthetic_03118,preprocessing,preprocessing,cluster_g2,alibaba_gpu_type_pool,G2,39,9,0.00025,,1,4.0,22.3515625
synthetic_03138,preprocessing,preprocessing,cluster_g2,alibaba_gpu_type_pool,G2,39,4,7e-05,,1,11.9,76.0
synthetic_03155,preprocessing,preprocessing,cluster_g2,alibaba_gpu_type_pool,G2,39,1,0.00025,,1,3.152,5.46875
synthetic_03357,preprocessing,preprocessing,cluster_g2,alibaba_gpu_type_pool,G2,39,1,0.00035,,1,15.7,57.0
synthetic_03420,preprocessing,preprocessing,cluster_g2,alibaba_gpu_type_pool,G2,39,1,0.00025,,1,3.152,5.46875
synthetic_03518,preprocessing,preprocessing,cluster_v100m16,alibaba_gpu_type_pool,V100M16,39,13,0.00025,P100|V100M16|V100M32,1,18.708,63.0
synthetic_03534,preprocessing,preprocessing,cluster_g2,alibaba_gpu_type_pool,G2,39,13,0.00035,,1,11.908,46.0
synthetic_03558,preprocessing,preprocessing,cluster_g2,alibaba_gpu_type_pool,G2,39,2,7e-05,,1,11.3,48.0
synthetic_03650,preprocessing,preprocessing,cluster_g2,alibaba_gpu_type_pool,G2,39,1,7e-05,,1,3.152,5.46875
synthetic_03726,fine_tuning,fine_tuning,cluster_t4,alibaba_gpu_type_pool,T4,39,1,7e-05,T4,1,3.152,5.46875
synthetic_03773,fine_tuning,fine_tuning,cluster_t4,alibaba_gpu_type_pool,T4,39,1,7e-05,T4,1,11.4,47.0
synthetic_03997,preprocessing,preprocessing,cluster_g2,alibaba_gpu_type_pool,G2,39,1,7e-05,,1,3.152,5.46875
synthetic_04068,preprocessing,preprocessing,cluster_g2,alibaba_gpu_type_pool,G2,39,1,0.00035,,1,3.152,5.46875
synthetic_04124,preprocessing,preprocessing,cluster_g2,alibaba_gpu_type_pool,G2,39,1,7e-05,,1,11.3,48.0
synthetic_04173,fine_tuning,fine_tuning,cluster_p100,alibaba_gpu_type_pool,P100,39,4,0.00025,P100,1,11.908,46.0
synthetic_04197,fine_tuning,fine_tuning,cluster_t4,alibaba_gpu_type_pool,T4,39,2,7e-05,T4,1,11.4,76.0
synthetic_04292,fine_tuning,fine_tuning,cluster_t4,alibaba_gpu_type_pool,T4,39,1,7e-05,T4,1,11.4,47.0
synthetic_04344,fine_tuning,fine_tuning,cluster_g3,alibaba_gpu_type_pool,G3,39,5,0.00035,G3,1,11.9,76.0
synthetic_04388,preprocessing,preprocessing,cluster_g2,alibaba_gpu_type_pool,G2,39,1,7e-05,,1,11.4,47.0
synthetic_04428,preprocessing,preprocessing,cluster_g2,alibaba_gpu_type_pool,G2,39,1,0.00035,,1,3.152,5.46875
synthetic_04676,fine_tuning,fine_tuning,cluster_t4,alibaba_gpu_type_pool,T4,39,1,7e-05,T4,1,11.3,48.0
synthetic_04708,preprocessing,preprocessing,cluster_g2,alibaba_gpu_type_pool,G2,39,1,0.00025,,1,11.3,48.0
synthetic_04799,preprocessing,preprocessing,cluster_g2,alibaba_gpu_type_pool,G2,39,1,0.00025,,1,11.3,48.0
synthetic_04848,fine_tuning,fine_tuning,cluster_g2,alibaba_gpu_type_pool,G2,39,1,0.00035,G2,1,3.152,5.46875
synthetic_04866,preprocessing,preprocessing,cluster_g2,alibaba_gpu_type_pool,G2,39,6,0.00035,,1,14.9,72.0
synthetic_04880,fine_tuning,fine_tuning,cluster_g2,alibaba_gpu_type_pool,G2,39,4,0.00035,G2,1,11.4,47.0
synthetic_04926,preprocessing,preprocessing,cluster_v100m32,alibaba_gpu_type_pool,V100M32,39,2,0.00025,P100|V100M16|V100M32,1,11.9,76.0
synthetic_00070,preprocessing,preprocessing,cluster_p100,alibaba_gpu_type_pool,P100,40,2,0.00025,P100|T4|V100M16|V100M32,1,11.3,48.0
synthetic_00101,fine_tuning,fine_tuning,cluster_t4,alibaba_gpu_type_pool,T4,40,7,7e-05,T4,1,4.0,22.3515625
synthetic_00143,fine_tuning,fine_tuning,cluster_t4,alibaba_gpu_type_pool,T4,40,10,7e-05,T4,1,14.2,57.0
synthetic_00252,preprocessing,preprocessing,cluster_g2,alibaba_gpu_type_pool,G2,40,1,0.00015,,1,3.152,5.46875
synthetic_00291,fine_tuning,fine_tuning,cluster_t4,alibaba_gpu_type_pool,T4,40,7,7e-05,T4,1,11.4,47.0
synthetic_00305,preprocessing,preprocessing,cluster_g2,alibaba_gpu_type_pool,G2,40,1,0.00015,,1,11.4,47.0
synthetic_00312,preprocessing,preprocessing,cluster_g2,alibaba_gpu_type_pool,G2,40,1,0.00035,,1,11.3,48.0
synthetic_00317,preprocessing,preprocessing,cluster_g2,alibaba_gpu_type_pool,G2,40,2,0.00035,,1,4.0,22.3515625
synthetic_00383,preprocessing,preprocessing,cluster_g2,alibaba_gpu_type_pool,G2,40,2,0.00035,,1,4.0,24.0
synthetic_00407,preprocessing,preprocessing,cluster_g2,alibaba_gpu_type_pool,G2,40,2,0.00035,,1,4.152,10.3515625
synthetic_00419,preprocessing,preprocessing,cluster_g2,alibaba_gpu_type_pool,G2,40,14,0.00035,,1,3.152,5.46875
synthetic_00422,fine_tuning,fine_tuning,cluster_t4,alibaba_gpu_type_pool,T4,40,1,7e-05,T4,1,11.3,48.0
synthetic_00535,fine_tuning,fine_tuning,cluster_t4,alibaba_gpu_type_pool,T4,40,9,7e-05,T4,1,6.0,12.0
synthetic_00538,fine_tuning,fine_tuning,cluster_g3,alibaba_gpu_type_pool,G3,40,1,0.00035,G3,1,24.2,91.0
synthetic_00557,fine_tuning,fine_tuning,cluster_t4,alibaba_gpu_type_pool,T4,40,4,7e-05,T4,1,12.0,16.0
synthetic_00661,preprocessing,preprocessing,cluster_g2,alibaba_gpu_type_pool,G2,40,4,0.00025,,1,4.0,22.3515625
synthetic_00670,preprocessing,preprocessing,cluster_g2,alibaba_gpu_type_pool,G2,40,4,0.00025,,1,4.0,29.8017578125
synthetic_00707,fine_tuning,fine_tuning,cluster_g3,alibaba_gpu_type_pool,G3,40,5,0.00035,G3,1,4.0,24.0
synthetic_00882,preprocessing,preprocessing,cluster_g2,alibaba_gpu_type_pool,G2,40,5,0.00035,,1,11.3,48.0
synthetic_00891,fine_tuning,fine_tuning,cluster_t4,alibaba_gpu_type_pool,T4,40,1,7e-05,T4,1,4.0,14.900390625
synthetic_00918,preprocessing,preprocessing,cluster_g2,alibaba_gpu_type_pool,G2,40,1,0.00025,,1,3.152,5.46875
synthetic_00929,preprocessing,preprocessing,cluster_g2,alibaba_gpu_type_pool,G2,40,1,0.002,,8,64.2,257.0
synthetic_00995,preprocessing,preprocessing,cluster_g2,alibaba_gpu_type_pool,G2,40,1,7e-05,,1,3.152,5.46875
synthetic_00996,preprocessing,preprocessing,cluster_g2,alibaba_gpu_type_pool,G2,40,5,7e-05,,1,4.0,22.3515625
synthetic_01006,fine_tuning,fine_tuning,cluster_t4,alibaba_gpu_type_pool,T4,40,5,7e-05,T4,1,11.4,47.0
synthetic_01043,fine_tuning,fine_tuning,cluster_t4,alibaba_gpu_type_pool,T4,40,1,7e-05,T4,1,14.2,57.0
synthetic_01106,preprocessing,preprocessing,cluster_g2,alibaba_gpu_type_pool,G2,40,3,7e-05,,1,24.2,91.0
synthetic_01215,preprocessing,preprocessing,cluster_g2,alibaba_gpu_type_pool,G2,40,2,0.00035,,1,3.152,5.46875
synthetic_01258,preprocessing,preprocessing,cluster_g2,alibaba_gpu_type_pool,G2,40,4,0.00035,,1,8.0,29.8017578125
synthetic_01285,fine_tuning,fine_tuning,cluster_t4,alibaba_gpu_type_pool,T4,40,1,7e-05,T4,1,12.0,16.0
synthetic_01346,preprocessing,preprocessing,cluster_g2,alibaba_gpu_type_pool,G2,40,1,7e-05,,1,3.152,5.46875
synthetic_01417,fine_tuning,fine_tuning,cluster_t4,alibaba_gpu_type_pool,T4,40,7,7e-05,T4,1,12.0,16.0
synthetic_01440,preprocessing,preprocessing,cluster_g2,alibaba_gpu_type_pool,G2,40,2,0.00025,,1,3.152,5.46875
synthetic_01463,preprocessing,preprocessing,cluster_g2,alibaba_gpu_type_pool,G2,40,4,0.00025,,1,4.0,30.517578125
synthetic_01508,preprocessing,preprocessing,cluster_g2,alibaba_gpu_type_pool,G2,40,1,0.00035,,1,11.4,47.0
synthetic_01579,preprocessing,preprocessing,cluster_g2,alibaba_gpu_type_pool,G2,40,1,0.00015,,1,3.152,5.46875
synthetic_01854,preprocessing,preprocessing,cluster_g2,alibaba_gpu_type_pool,G2,40,1,0.00035,,1,3.152,5.46875
synthetic_02074,preprocessing,preprocessing,cluster_p100,alibaba_gpu_type_pool,P100,40,1,0.00025,P100|V100M16|V100M32,1,11.3,48.0
synthetic_02081,preprocessing,preprocessing,cluster_g2,alibaba_gpu_type_pool,G2,40,6,0.00035,,1,11.908,46.0
synthetic_02267,preprocessing,preprocessing,cluster_g2,alibaba_gpu_type_pool,G2,40,2,0.00035,,1,3.152,5.46875
synthetic_02269,preprocessing,preprocessing,cluster_g2,alibaba_gpu_type_pool,G2,40,1,0.00025,,1,12.0,16.0
synthetic_02393,preprocessing,preprocessing,cluster_g2,alibaba_gpu_type_pool,G2,40,1,0.00035,,1,11.3,48.0
synthetic_02424,fine_tuning,fine_tuning,cluster_g3,alibaba_gpu_type_pool,G3,40,1,0.00035,G3,1,11.3,48.0
synthetic_02469,preprocessing,preprocessing,cluster_g2,alibaba_gpu_type_pool,G2,40,3,0.00025,,1,15.7,57.0
synthetic_02476,preprocessing,preprocessing,cluster_g2,alibaba_gpu_type_pool,G2,40,6,0.00035,,1,3.152,5.46875
synthetic_02514,preprocessing,preprocessing,cluster_g2,alibaba_gpu_type_pool,G2,40,1,0.00035,,1,11.3,48.0
synthetic_02600,fine_tuning,fine_tuning,cluster_g2,alibaba_gpu_type_pool,G2,40,2,0.00035,G2,1,11.4,47.0
synthetic_02677,preprocessing,preprocessing,cluster_g2,alibaba_gpu_type_pool,G2,40,2,0.00025,,1,11.3,48.0
synthetic_02758,preprocessing,preprocessing,cluster_g2,alibaba_gpu_type_pool,G2,40,16,0.00035,,1,12.0,15.0
synthetic_02772,fine_tuning,fine_tuning,cluster_t4,alibaba_gpu_type_pool,T4,40,1,7e-05,T4,1,3.152,5.46875
synthetic_02795,preprocessing,preprocessing,cluster_g2,alibaba_gpu_type_pool,G2,40,1,7e-05,,1,4.152,10.3515625
synthetic_02829,fine_tuning,fine_tuning,cluster_t4,alibaba_gpu_type_pool,T4,40,1,7e-05,T4,1,11.908,46.0
synthetic_02837,fine_tuning,fine_tuning,cluster_g2,alibaba_gpu_type_pool,G2,40,1,0.00035,G2,1,11.4,47.0
synthetic_02963,preprocessing,preprocessing,cluster_g2,alibaba_gpu_type_pool,G2,40,2,0.00025,,1,4.0,14.900390625
synthetic_03016,preprocessing,preprocessing,cluster_g2,alibaba_gpu_type_pool,G2,40,1,7e-05,,1,11.908,46.0
synthetic_03028,preprocessing,preprocessing,cluster_g2,alibaba_gpu_type_pool,G2,40,1,0.00015,,1,4.152,10.3515625
synthetic_03071,preprocessing,preprocessing,cluster_g2,alibaba_gpu_type_pool,G2,40,3,0.00025,,1,3.152,5.46875
synthetic_03076,preprocessing,preprocessing,cluster_g2,alibaba_gpu_type_pool,G2,40,1,0.00035,,1,8.0,29.8017578125
synthetic_03159,preprocessing,preprocessing,cluster_g2,alibaba_gpu_type_pool,G2,40,1,0.00025,,1,11.3,48.0
synthetic_03281,fine_tuning,fine_tuning,cluster_t4,alibaba_gpu_type_pool,T4,40,1,7e-05,T4,1,8.0,29.8017578125
synthetic_03291,preprocessing,preprocessing,cluster_g2,alibaba_gpu_type_pool,G2,40,1,0.00025,,1,3.152,5.46875
synthetic_03328,preprocessing,preprocessing,cluster_g2,alibaba_gpu_type_pool,G2,40,9,0.00035,,1,12.0,24.0
synthetic_03441,preprocessing,preprocessing,cluster_g2,alibaba_gpu_type_pool,G2,40,1,0.00035,,1,3.152,5.46875
synthetic_03483,preprocessing,preprocessing,cluster_g2,alibaba_gpu_type_pool,G2,40,1,0.00035,,1,11.3,48.0
synthetic_03742,fine_tuning,fine_tuning,cluster_p100,alibaba_gpu_type_pool,P100,40,1,0.00025,P100,1,3.152,5.46875
synthetic_03817,preprocessing,preprocessing,cluster_g2,alibaba_gpu_type_pool,G2,40,2,0.00025,,1,16.0,64.0
synthetic_03832,fine_tuning,fine_tuning,cluster_g2,alibaba_gpu_type_pool,G2,40,2,0.00035,G2,1,14.2,57.0
synthetic_03881,preprocessing,preprocessing,cluster_g2,alibaba_gpu_type_pool,G2,40,4,0.00025,,1,16.0,32.0
synthetic_03905,preprocessing,preprocessing,cluster_g2,alibaba_gpu_type_pool,G2,40,1,0.00025,,1,11.908,46.0
synthetic_03969,preprocessing,preprocessing,cluster_g2,alibaba_gpu_type_pool,G2,40,1,0.00035,,1,18.708,63.0
synthetic_03984,preprocessing,preprocessing,cluster_p100,alibaba_gpu_type_pool,P100,40,1,0.00025,P100|V100M16|V100M32,1,18.708,63.0
synthetic_04028,preprocessing,preprocessing,cluster_g2,alibaba_gpu_type_pool,G2,40,2,0.00025,,1,11.4,47.0
synthetic_04050,preprocessing,preprocessing,cluster_g2,alibaba_gpu_type_pool,G2,40,5,0.00025,,1,9.81,40.5859375
synthetic_04051,preprocessing,preprocessing,cluster_g2,alibaba_gpu_type_pool,G2,40,6,0.00025,,1,14.2,57.0
synthetic_04055,preprocessing,preprocessing,cluster_g2,alibaba_gpu_type_pool,G2,40,1,0.00015,,1,11.908,46.0
synthetic_04093,preprocessing,preprocessing,cluster_g2,alibaba_gpu_type_pool,G2,40,11,0.00025,,1,4.0,22.3515625
synthetic_04177,fine_tuning,fine_tuning,cluster_p100,alibaba_gpu_type_pool,P100,40,1,0.00025,P100,1,3.152,5.46875
synthetic_04207,fine_tuning,fine_tuning,cluster_g2,alibaba_gpu_type_pool,G2,40,1,0.00035,G2,1,11.9,76.0
synthetic_04253,preprocessing,preprocessing,cluster_g2,alibaba_gpu_type_pool,G2,40,4,0.00025,,1,3.152,5.46875
synthetic_04283,preprocessing,preprocessing,cluster_g2,alibaba_gpu_type_pool,G2,40,1,0.00025,,1,9.81,40.5859375
synthetic_04436,preprocessing,preprocessing,cluster_g2,alibaba_gpu_type_pool,G2,40,1,0.00035,,1,3.152,5.46875
synthetic_04471,preprocessing,preprocessing,cluster_g2,alibaba_gpu_type_pool,G2,40,4,0.00025,,1,4.0,22.3515625
synthetic_04535,fine_tuning,fine_tuning,cluster_t4,alibaba_gpu_type_pool,T4,40,1,7e-05,T4,1,11.908,46.0
synthetic_04642,preprocessing,preprocessing,cluster_g2,alibaba_gpu_type_pool,G2,40,1,7e-05,,1,12.0,24.0
synthetic_04687,preprocessing,preprocessing,cluster_g2,alibaba_gpu_type_pool,G2,40,2,0.00025,G2|P100|T4|V100M16|V100M32,1,11.4,47.0
synthetic_04690,fine_tuning,fine_tuning,cluster_t4,alibaba_gpu_type_pool,T4,40,3,7e-05,T4,1,11.3,48.0
synthetic_04744,preprocessing,preprocessing,cluster_g2,alibaba_gpu_type_pool,G2,40,7,0.00035,,1,8.0,16.0
synthetic_04771,fine_tuning,fine_tuning,cluster_t4,alibaba_gpu_type_pool,T4,40,2,7e-05,T4,1,4.152,10.3515625
synthetic_04817,preprocessing,preprocessing,cluster_g2,alibaba_gpu_type_pool,G2,40,2,7e-05,,1,6.0,12.0
synthetic_04856,fine_tuning,fine_tuning,cluster_t4,alibaba_gpu_type_pool,T4,40,13,7e-05,T4,1,4.0,22.3515625
synthetic_04969,training,training,cluster_v100m32,alibaba_gpu_type_pool,V100M32,40,4,0.00025,V100M16|V100M32,1,11.4,47.0
synthetic_04980,preprocessing,preprocessing,cluster_g2,alibaba_gpu_type_pool,G2,40,2,0.00035,,1,11.908,46.0
synthetic_04990,fine_tuning,fine_tuning,cluster_t4,alibaba_gpu_type_pool,T4,40,4,7e-05,T4,1,4.0,14.900390625
synthetic_00004,preprocessing,preprocessing,cluster_g2,alibaba_gpu_type_pool,G2,41,1,0.00035,,1,18.708,63.0
synthetic_00006,fine_tuning,fine_tuning,cluster_g2,alibaba_gpu_type_pool,G2,41,2,0.00035,G2,1,18.708,63.0
synthetic_00072,preprocessing,preprocessing,cluster_g2,alibaba_gpu_type_pool,G2,41,1,0.00025,,1,8.0,29.8017578125
synthetic_00085,preprocessing,preprocessing,cluster_g2,alibaba_gpu_type_pool,G2,41,1,7e-05,,1,11.3,48.0
synthetic_00088,preprocessing,preprocessing,cluster_g2,alibaba_gpu_type_pool,G2,41,1,0.00025,,1,3.152,5.46875
synthetic_00136,preprocessing,preprocessing,cluster_g2,alibaba_gpu_type_pool,G2,41,1,0.00025,,1,11.3,48.0
synthetic_00185,fine_tuning,fine_tuning,cluster_g3,alibaba_gpu_type_pool,G3,41,2,0.00035,G3,1,11.3,48.0
synthetic_00197,fine_tuning,fine_tuning,cluster_p100,alibaba_gpu_type_pool,P100,41,11,0.00025,P100,1,4.0,22.3515625
synthetic_00225,preprocessing,preprocessing,cluster_g2,alibaba_gpu_type_pool,G2,41,1,0.00035,,1,3.152,5.46875
synthetic_00273,preprocessing,preprocessing,cluster_g2,alibaba_gpu_type_pool,G2,41,13,0.00035,,1,4.0,22.3515625
synthetic_00274,fine_tuning,fine_tuning,cluster_g2,alibaba_gpu_type_pool,G2,41,2,0.00035,G2,1,11.4,47.0
synthetic_00351,preprocessing,preprocessing,cluster_g2,alibaba_gpu_type_pool,G2,41,1,0.00035,,1,8.2,33.0
synthetic_00417,fine_tuning,fine_tuning,cluster_g2,alibaba_gpu_type_pool,G2,41,5,0.00035,G2,1,4.0,24.0
synthetic_00431,fine_tuning,fine_tuning,cluster_g2,alibaba_gpu_type_pool,G2,41,3,0.00035,G2,1,11.4,47.0
synthetic_00461,preprocessing,preprocessing,cluster_g2,alibaba_gpu_type_pool,G2,41,1,0.00025,,1,4.0,14.900390625
synthetic_00507,preprocessing,preprocessing,cluster_g2,alibaba_gpu_type_pool,G2,41,2,0.00035,,1,11.908,46.0
synthetic_00514,preprocessing,preprocessing,cluster_g2,alibaba_gpu_type_pool,G2,41,1,0.00025,,1,3.152,5.46875
synthetic_00539,preprocessing,preprocessing,cluster_g2,alibaba_gpu_type_pool,G2,41,6,0.00025,,1,4.0,29.8017578125
synthetic_00784,fine_tuning,fine_tuning,cluster_t4,alibaba_gpu_type_pool,T4,41,1,7e-05,T4,1,11.3,48.0
synthetic_00799,training,training,cluster_v100m16,alibaba_gpu_type_pool,V100M16,41,1,0.00025,V100M16|V100M32,1,11.4,47.0
synthetic_00854,preprocessing,preprocessing,cluster_g2,alibaba_gpu_type_pool,G2,41,1,0.00035,,1,11.3,48.0
synthetic_00910,preprocessing,preprocessing,cluster_g2,alibaba_gpu_type_pool,G2,41,6,0.00025,,1,4.0,14.900390625
synthetic_00987,preprocessing,preprocessing,cluster_g2,alibaba_gpu_type_pool,G2,41,1,0.00025,,1,18.708,63.0
synthetic_00990,fine_tuning,fine_tuning,cluster_t4,alibaba_gpu_type_pool,T4,41,1,7e-05,T4,1,11.4,47.0
synthetic_01065,preprocessing,preprocessing,cluster_g2,alibaba_gpu_type_pool,G2,41,2,0.00025,,1,11.908,46.0
synthetic_01073,fine_tuning,fine_tuning,cluster_t4,alibaba_gpu_type_pool,T4,41,1,7e-05,T4,1,4.0,14.900390625
synthetic_01130,fine_tuning,fine_tuning,cluster_t4,alibaba_gpu_type_pool,T4,41,2,7e-05,T4,1,11.908,46.0
synthetic_01202,preprocessing,preprocessing,cluster_g2,alibaba_gpu_type_pool,G2,41,16,0.00025,,1,8.0,29.8017578125
synthetic_01234,preprocessing,preprocessing,cluster_g2,alibaba_gpu_type_pool,G2,41,1,0.00035,,1,3.152,5.46875
synthetic_01275,fine_tuning,fine_tuning,cluster_t4,alibaba_gpu_type_pool,T4,41,1,7e-05,T4,1,3.152,5.46875
synthetic_01292,fine_tuning,fine_tuning,cluster_t4,alibaba_gpu_type_pool,T4,41,1,7e-05,T4,1,11.4,47.0
synthetic_01324,fine_tuning,fine_tuning,cluster_t4,alibaba_gpu_type_pool,T4,41,1,7e-05,T4,1,3.152,5.46875
synthetic_01386,preprocessing,preprocessing,cluster_g2,alibaba_gpu_type_pool,G2,41,3,0.00025,,1,18.708,63.0
synthetic_01406,preprocessing,preprocessing,cluster_g2,alibaba_gpu_type_pool,G2,41,1,0.00025,,1,11.3,48.0
synthetic_01427,preprocessing,preprocessing,cluster_g2,alibaba_gpu_type_pool,G2,41,3,0.00035,,1,11.3,48.0
synthetic_01559,preprocessing,preprocessing,cluster_g2,alibaba_gpu_type_pool,G2,41,6,7e-05,G2|P100|T4|V100M16|V100M32,1,6.0,32.0
synthetic_01603,preprocessing,preprocessing,cluster_g2,alibaba_gpu_type_pool,G2,41,2,7e-05,,1,11.908,46.0
synthetic_01731,preprocessing,preprocessing,cluster_v100m16,alibaba_gpu_type_pool,V100M16,41,1,0.00025,P100|V100M16|V100M32,1,24.2,91.0
synthetic_01815,preprocessing,preprocessing,cluster_g2,alibaba_gpu_type_pool,G2,41,1,0.00025,,1,12.0,24.0
synthetic_01872,fine_tuning,fine_tuning,cluster_t4,alibaba_gpu_type_pool,T4,41,1,7e-05,T4,1,11.4,47.0
synthetic_01875,fine_tuning,fine_tuning,cluster_t4,alibaba_gpu_type_pool,T4,41,1,7e-05,T4,1,11.3,48.0
synthetic_01964,preprocessing,preprocessing,cluster_g2,alibaba_gpu_type_pool,G2,41,1,0.00025,,1,11.908,46.0
synthetic_02041,fine_tuning,fine_tuning,cluster_t4,alibaba_gpu_type_pool,T4,41,1,7e-05,T4,1,3.152,5.46875
synthetic_02127,fine_tuning,fine_tuning,cluster_g2,alibaba_gpu_type_pool,G2,41,1,0.00035,G2,1,11.3,48.0
synthetic_02181,preprocessing,preprocessing,cluster_g2,alibaba_gpu_type_pool,G2,41,2,0.00025,,1,3.152,5.46875
synthetic_02276,preprocessing,preprocessing,cluster_g2,alibaba_gpu_type_pool,G2,41,1,0.00035,,1,11.908,46.0
synthetic_02280,fine_tuning,fine_tuning,cluster_g2,alibaba_gpu_type_pool,G2,41,1,0.00035,G2,1,3.152,5.46875
synthetic_02357,preprocessing,preprocessing,cluster_g2,alibaba_gpu_type_pool,G2,41,1,7e-05,,1,3.152,5.46875
synthetic_02362,preprocessing,preprocessing,cluster_g2,alibaba_gpu_type_pool,G2,41,1,0.00035,,1,3.152,5.46875
synthetic_02464,preprocessing,preprocessing,cluster_g2,alibaba_gpu_type_pool,G2,41,1,0.00025,,1,18.708,63.0
synthetic_02479,preprocessing,preprocessing,cluster_g2,alibaba_gpu_type_pool,G2,41,1,7e-05,,1,12.0,24.0
synthetic_02552,preprocessing,preprocessing,cluster_g2,alibaba_gpu_type_pool,G2,41,7,0.00025,,1,24.2,91.0
synthetic_02588,preprocessing,preprocessing,cluster_g2,alibaba_gpu_type_pool,G2,41,1,0.00015,,1,3.152,5.46875
synthetic_02639,fine_tuning,fine_tuning,cluster_g2,alibaba_gpu_type_pool,G2,41,1,0.00035,G2,1,3.152,5.46875
synthetic_02701,fine_tuning,fine_tuning,cluster_t4,alibaba_gpu_type_pool,T4,41,1,7e-05,T4,1,4.0,22.3515625
synthetic_02726,preprocessing,preprocessing,cluster_g2,alibaba_gpu_type_pool,G2,41,5,7e-05,,1,16.0,32.0
synthetic_02808,preprocessing,preprocessing,cluster_g2,alibaba_gpu_type_pool,G2,41,1,0.00035,,1,9.81,40.5859375
synthetic_02836,preprocessing,preprocessing,cluster_g2,alibaba_gpu_type_pool,G2,41,1,0.00025,,1,11.3,48.0
synthetic_02860,fine_tuning,fine_tuning,cluster_g2,alibaba_gpu_type_pool,G2,41,2,0.00035,G2,1,11.4,47.0
synthetic_03179,training,training,cluster_v100m32,alibaba_gpu_type_pool,V100M32,41,2,0.00025,V100M16|V100M32,1,11.3,48.0
synthetic_03245,preprocessing,preprocessing,cluster_g2,alibaba_gpu_type_pool,G2,41,1,0.00025,,1,11.3,48.0
synthetic_03377,preprocessing,preprocessing,cluster_g2,alibaba_gpu_type_pool,G2,41,1,0.00025,,1,3.152,5.46875
synthetic_03403,fine_tuning,fine_tuning,cluster_g2,alibaba_gpu_type_pool,G2,41,1,0.00035,G2,1,11.3,48.0
synthetic_03433,preprocessing,preprocessing,cluster_g2,alibaba_gpu_type_pool,G2,41,1,0.00025,,1,11.3,48.0
synthetic_03639,preprocessing,preprocessing,cluster_g2,alibaba_gpu_type_pool,G2,41,1,0.00035,,1,11.3,48.0
synthetic_03747,preprocessing,preprocessing,cluster_g2,alibaba_gpu_type_pool,G2,41,1,7e-05,,1,11.3,48.0
synthetic_03783,preprocessing,preprocessing,cluster_g2,alibaba_gpu_type_pool,G2,41,1,0.00035,,1,3.152,5.46875
synthetic_03797,training,training,cluster_v100m32,alibaba_gpu_type_pool,V100M32,41,5,0.00025,V100M16|V100M32,1,4.0,24.0
synthetic_03847,preprocessing,preprocessing,cluster_g2,alibaba_gpu_type_pool,G2,41,1,0.00015,,1,18.708,63.0
synthetic_03882,fine_tuning,fine_tuning,cluster_g2,alibaba_gpu_type_pool,G2,41,1,0.00035,G2,1,11.3,48.0
synthetic_03940,preprocessing,preprocessing,cluster_g2,alibaba_gpu_type_pool,G2,41,1,0.00025,G2|P100|T4|V100M16|V100M32,1,3.152,5.46875
synthetic_04072,preprocessing,preprocessing,cluster_g2,alibaba_gpu_type_pool,G2,41,1,7e-05,,1,3.152,5.46875
synthetic_04087,preprocessing,preprocessing,cluster_g2,alibaba_gpu_type_pool,G2,41,1,0.00025,,1,11.3,48.0
synthetic_04168,preprocessing,preprocessing,cluster_g2,alibaba_gpu_type_pool,G2,41,2,0.00035,,1,6.0,6.0
synthetic_04176,preprocessing,preprocessing,cluster_g2,alibaba_gpu_type_pool,G2,41,3,7e-05,,1,11.9,76.0
synthetic_04223,preprocessing,preprocessing,cluster_p100,alibaba_gpu_type_pool,P100,41,10,0.00025,P100|V100M16|V100M32,1,24.2,91.0
synthetic_04268,preprocessing,preprocessing,cluster_g2,alibaba_gpu_type_pool,G2,41,1,0.00025,,1,3.152,5.46875
synthetic_04319,preprocessing,preprocessing,cluster_g2,alibaba_gpu_type_pool,G2,41,1,0.00035,,1,9.81,40.5859375
synthetic_04420,preprocessing,preprocessing,cluster_g2,alibaba_gpu_type_pool,G2,41,1,0.00025,,1,18.708,63.0
synthetic_04476,fine_tuning,fine_tuning,cluster_t4,alibaba_gpu_type_pool,T4,41,2,7e-05,T4,1,4.152,10.3515625
synthetic_04479,preprocessing,preprocessing,cluster_g2,alibaba_gpu_type_pool,G2,41,10,0.00025,,1,11.4,47.0
synthetic_04502,fine_tuning,fine_tuning,cluster_t4,alibaba_gpu_type_pool,T4,41,1,7e-05,T4,1,12.0,15.625
synthetic_04507,preprocessing,preprocessing,cluster_g2,alibaba_gpu_type_pool,G2,41,1,7e-05,,1,11.3,48.0
synthetic_04532,preprocessing,preprocessing,cluster_g2,alibaba_gpu_type_pool,G2,41,2,0.00035,,1,11.3,48.0
synthetic_04613,fine_tuning,fine_tuning,cluster_p100,alibaba_gpu_type_pool,P100,41,1,0.00025,P100,1,3.152,5.46875
synthetic_04738,fine_tuning,fine_tuning,cluster_g2,alibaba_gpu_type_pool,G2,41,1,0.00035,G2,1,6.0,32.0
synthetic_04811,preprocessing,preprocessing,cluster_g2,alibaba_gpu_type_pool,G2,41,1,0.00025,,1,3.152,5.46875
synthetic_04864,preprocessing,preprocessing,cluster_g2,alibaba_gpu_type_pool,G2,41,1,0.00025,,1,4.152,10.3515625
synthetic_04949,fine_tuning,fine_tuning,cluster_p100,alibaba_gpu_type_pool,P100,41,1,0.00025,P100,1,3.152,5.46875
synthetic_04956,preprocessing,preprocessing,cluster_g2,alibaba_gpu_type_pool,G2,41,1,0.00035,,1,11.4,47.0
synthetic_04971,fine_tuning,fine_tuning,cluster_t4,alibaba_gpu_type_pool,T4,41,1,7e-05,T4,1,12.0,16.0
synthetic_04986,preprocessing,preprocessing,cluster_g2,alibaba_gpu_type_pool,G2,41,1,0.00035,,1,12.0,24.0
synthetic_04988,preprocessing,preprocessing,cluster_g2,alibaba_gpu_type_pool,G2,41,1,0.00025,,1,3.152,5.46875
synthetic_04994,fine_tuning,fine_tuning,cluster_t4,alibaba_gpu_type_pool,T4,41,2,7e-05,T4,1,11.4,47.0
synthetic_00087,preprocessing,preprocessing,cluster_g2,alibaba_gpu_type_pool,G2,42,1,0.00025,,1,3.152,5.46875
synthetic_00210,preprocessing,preprocessing,cluster_g2,alibaba_gpu_type_pool,G2,42,1,0.00025,,1,11.4,47.0
synthetic_00249,fine_tuning,fine_tuning,cluster_t4,alibaba_gpu_type_pool,T4,42,1,7e-05,T4,1,9.81,40.5859375
synthetic_00265,fine_tuning,fine_tuning,cluster_t4,alibaba_gpu_type_pool,T4,42,1,7e-05,T4,1,4.152,10.3515625
synthetic_00277,preprocessing,preprocessing,cluster_g2,alibaba_gpu_type_pool,G2,42,1,0.00035,,1,3.152,5.46875
synthetic_00283,fine_tuning,fine_tuning,cluster_p100,alibaba_gpu_type_pool,P100,42,2,0.00025,P100,1,3.152,5.46875
synthetic_00439,preprocessing,preprocessing,cluster_g2,alibaba_gpu_type_pool,G2,42,1,0.00035,,1,11.908,46.0
synthetic_00474,preprocessing,preprocessing,cluster_g2,alibaba_gpu_type_pool,G2,42,5,0.00035,,1,12.0,24.0
synthetic_00487,preprocessing,preprocessing,cluster_g2,alibaba_gpu_type_pool,G2,42,2,0.00035,,1,11.4,47.0
synthetic_00668,preprocessing,preprocessing,cluster_g2,alibaba_gpu_type_pool,G2,42,1,0.00025,,1,2.0,16.0
synthetic_00695,fine_tuning,fine_tuning,cluster_t4,alibaba_gpu_type_pool,T4,42,1,7e-05,T4,1,11.4,47.0
synthetic_00698,fine_tuning,fine_tuning,cluster_g2,alibaba_gpu_type_pool,G2,42,1,0.00035,G2,1,3.152,5.46875
synthetic_00741,fine_tuning,fine_tuning,cluster_g2,alibaba_gpu_type_pool,G2,42,1,0.00035,G2,1,8.2,33.0
synthetic_00745,preprocessing,preprocessing,cluster_g2,alibaba_gpu_type_pool,G2,42,5,7e-05,,1,16.0,32.0
synthetic_00827,preprocessing,preprocessing,cluster_g2,alibaba_gpu_type_pool,G2,42,2,0.00025,,1,11.4,47.0
synthetic_00860,preprocessing,preprocessing,cluster_g2,alibaba_gpu_type_pool,G2,42,1,0.00025,,1,9.81,40.5859375
synthetic_01021,preprocessing,preprocessing,cluster_g2,alibaba_gpu_type_pool,G2,42,13,0.00035,,1,11.908,46.0
synthetic_01026,preprocessing,preprocessing,cluster_g2,alibaba_gpu_type_pool,G2,42,6,7e-05,,1,11.908,46.0
synthetic_01149,preprocessing,preprocessing,cluster_g2,alibaba_gpu_type_pool,G2,42,1,0.00015,,1,11.908,46.0
synthetic_01167,preprocessing,preprocessing,cluster_g2,alibaba_gpu_type_pool,G2,42,1,0.00025,,1,11.3,48.0
synthetic_01183,preprocessing,preprocessing,cluster_g2,alibaba_gpu_type_pool,G2,42,1,7e-05,,1,11.3,48.0
synthetic_01228,preprocessing,preprocessing,cluster_g2,alibaba_gpu_type_pool,G2,42,1,0.00035,,1,6.0,6.0
synthetic_01368,preprocessing,preprocessing,cluster_g2,alibaba_gpu_type_pool,G2,42,2,0.00035,,1,15.7,57.0
synthetic_01384,fine_tuning,fine_tuning,cluster_t4,alibaba_gpu_type_pool,T4,42,1,7e-05,T4,1,3.152,5.46875
synthetic_01609,fine_tuning,fine_tuning,cluster_t4,alibaba_gpu_type_pool,T4,42,10,7e-05,T4,1,14.2,57.0
synthetic_01610,fine_tuning,fine_tuning,cluster_t4,alibaba_gpu_type_pool,T4,42,3,7e-05,T4,1,11.908,46.0
synthetic_01672,preprocessing,preprocessing,cluster_g2,alibaba_gpu_type_pool,G2,42,5,0.00035,,1,4.0,22.3515625
synthetic_01681,preprocessing,preprocessing,cluster_g2,alibaba_gpu_type_pool,G2,42,1,0.00035,,1,3.152,5.46875
synthetic_01738,preprocessing,preprocessing,cluster_g2,alibaba_gpu_type_pool,G2,42,1,7e-05,,1,3.152,5.46875
synthetic_01857,preprocessing,preprocessing,cluster_g2,alibaba_gpu_type_pool,G2,42,11,0.00025,,1,14.2,57.0
synthetic_01880,preprocessing,preprocessing,cluster_g2,alibaba_gpu_type_pool,G2,42,12,0.00035,,1,11.908,46.0
synthetic_01928,preprocessing,preprocessing,cluster_g2,alibaba_gpu_type_pool,G2,42,1,0.00035,,1,4.0,22.3515625
synthetic_01976,fine_tuning,fine_tuning,cluster_t4,alibaba_gpu_type_pool,T4,42,1,7e-05,T4,1,11.3,48.0
synthetic_02125,preprocessing,preprocessing,cluster_g2,alibaba_gpu_type_pool,G2,42,4,7e-05,,1,11.908,46.0
synthetic_02204,fine_tuning,fine_tuning,cluster_p100,alibaba_gpu_type_pool,P100,42,1,0.00025,P100,1,8.0,29.8017578125
synthetic_02224,preprocessing,preprocessing,cluster_g2,alibaba_gpu_type_pool,G2,42,2,7e-05,,1,16.0,32.0
synthetic_02240,preprocessing,preprocessing,cluster_g2,alibaba_gpu_type_pool,G2,42,1,0.00035,,1,4.0,14.900390625
synthetic_02394,preprocessing,preprocessing,cluster_g2,alibaba_gpu_type_pool,G2,42,1,0.00025,,1,11.3,48.0
synthetic_02486,preprocessing,preprocessing,cluster_v100m16,alibaba_gpu_type_pool,V100M16,42,1,0.00025,P100|V100M16|V100M32,1,3.152,5.46875
synthetic_02522,preprocessing,preprocessing,cluster_g2,alibaba_gpu_type_pool,G2,42,1,0.00025,,1,3.152,5.46875
synthetic_02538,preprocessing,preprocessing,cluster_g2,alibaba_gpu_type_pool,G2,42,1,0.00025,,1,11.3,48.0
synthetic_02597,preprocessing,preprocessing,cluster_g2,alibaba_gpu_type_pool,G2,42,1,0.00025,,1,3.152,5.46875
synthetic_02707,preprocessing,preprocessing,cluster_g2,alibaba_gpu_type_pool,G2,42,3,0.00025,,1,8.0,15.625
synthetic_02812,preprocessing,preprocessing,cluster_g2,alibaba_gpu_type_pool,G2,42,1,0.00025,,1,11.3,48.0
synthetic_02843,preprocessing,preprocessing,cluster_g2,alibaba_gpu_type_pool,G2,42,1,0.00035,,1,11.4,47.0
synthetic_02946,preprocessing,preprocessing,cluster_g2,alibaba_gpu_type_pool,G2,42,16,0.00035,,1,12.0,15.0
synthetic_02997,preprocessing,preprocessing,cluster_g2,alibaba_gpu_type_pool,G2,42,2,0.00025,,1,24.2,91.0
synthetic_03032,preprocessing,preprocessing,cluster_g2,alibaba_gpu_type_pool,G2,42,1,0.00025,,1,11.908,46.0
synthetic_03231,preprocessing,preprocessing,cluster_g2,alibaba_gpu_type_pool,G2,42,1,0.00025,,1,16.0,32.0
synthetic_03265,fine_tuning,fine_tuning,cluster_t4,alibaba_gpu_type_pool,T4,42,7,7e-05,T4,1,9.81,40.5859375
synthetic_03308,fine_tuning,fine_tuning,cluster_t4,alibaba_gpu_type_pool,T4,42,2,7e-05,T4,1,18.708,63.0
synthetic_03421,preprocessing,preprocessing,cluster_g2,alibaba_gpu_type_pool,G2,42,1,0.00035,,1,3.152,5.46875
synthetic_03883,preprocessing,preprocessing,cluster_g2,alibaba_gpu_type_pool,G2,42,1,0.00025,,1,3.152,5.46875
synthetic_03885,preprocessing,preprocessing,cluster_g2,alibaba_gpu_type_pool,G2,42,1,0.00025,,1,3.152,5.46875
synthetic_03915,fine_tuning,fine_tuning,cluster_t4,alibaba_gpu_type_pool,T4,42,2,7e-05,T4,1,11.4,47.0
synthetic_04048,preprocessing,preprocessing,cluster_g2,alibaba_gpu_type_pool,G2,42,1,7e-05,,1,12.0,24.0
synthetic_04304,preprocessing,preprocessing,cluster_g2,alibaba_gpu_type_pool,G2,42,1,0.00025,,1,4.152,10.3515625
synthetic_04357,preprocessing,preprocessing,cluster_g2,alibaba_gpu_type_pool,G2,42,1,0.00035,,1,3.152,5.46875
synthetic_04371,fine_tuning,fine_tuning,cluster_g2,alibaba_gpu_type_pool,G2,42,1,0.00035,G2,1,12.0,16.0
synthetic_04461,fine_tuning,fine_tuning,cluster_t4,alibaba_gpu_type_pool,T4,42,1,7e-05,T4,1,8.0,29.8017578125
synthetic_04520,fine_tuning,fine_tuning,cluster_t4,alibaba_gpu_type_pool,T4,42,1,7e-05,T4,1,8.0,29.8017578125
synthetic_04620,fine_tuning,fine_tuning,cluster_t4,alibaba_gpu_type_pool,T4,42,1,7e-05,T4,1,3.152,5.46875
synthetic_04724,fine_tuning,fine_tuning,cluster_g2,alibaba_gpu_type_pool,G2,42,1,0.00035,G2,1,24.2,91.0
synthetic_04802,preprocessing,preprocessing,cluster_g2,alibaba_gpu_type_pool,G2,42,1,0.00025,,1,3.152,5.46875
synthetic_04854,fine_tuning,fine_tuning,cluster_g2,alibaba_gpu_type_pool,G2,42,2,0.00035,G2,1,11.908,46.0
synthetic_04872,preprocessing,preprocessing,cluster_g2,alibaba_gpu_type_pool,G2,42,3,7e-05,,1,16.0,32.0
synthetic_04941,preprocessing,preprocessing,cluster_g2,alibaba_gpu_type_pool,G2,42,14,0.00035,,1,8.0,29.8017578125
synthetic_00011,fine_tuning,fine_tuning,cluster_t4,alibaba_gpu_type_pool,T4,43,1,7e-05,T4,1,1.0,2.0
synthetic_00226,training,training,cluster_v100m32,alibaba_gpu_type_pool,V100M32,43,3,0.00025,V100M16|V100M32,1,9.81,40.5859375
synthetic_00228,fine_tuning,fine_tuning,cluster_p100,alibaba_gpu_type_pool,P100,43,1,0.00025,P100,1,3.152,5.46875
synthetic_00247,fine_tuning,fine_tuning,cluster_g3,alibaba_gpu_type_pool,G3,43,1,0.00035,G3,1,3.152,5.46875
synthetic_00341,fine_tuning,fine_tuning,cluster_t4,alibaba_gpu_type_pool,T4,43,1,7e-05,T4,1,11.4,47.0
synthetic_00445,fine_tuning,fine_tuning,cluster_g2,alibaba_gpu_type_pool,G2,43,1,0.00035,G2,1,9.81,40.5859375
synthetic_00495,preprocessing,preprocessing,cluster_g2,alibaba_gpu_type_pool,G2,43,1,0.00025,,1,8.0,29.8017578125
synthetic_00605,fine_tuning,fine_tuning,cluster_g2,alibaba_gpu_type_pool,G2,43,3,0.00035,G2,1,24.2,91.0
synthetic_00908,preprocessing,preprocessing,cluster_g2,alibaba_gpu_type_pool,G2,43,1,0.00035,,1,3.152,5.46875
synthetic_00917,preprocessing,preprocessing,cluster_g2,alibaba_gpu_type_pool,G2,43,3,0.00035,,1,15.7,57.0
synthetic_00941,preprocessing,preprocessing,cluster_g2,alibaba_gpu_type_pool,G2,43,4,0.00035,,1,9.81,40.5859375
synthetic_00997,preprocessing,preprocessing,cluster_g2,alibaba_gpu_type_pool,G2,43,1,0.00035,,1,3.152,5.46875
synthetic_01012,preprocessing,preprocessing,cluster_g2,alibaba_gpu_type_pool,G2,43,1,0.00025,,1,8.0,29.8017578125
synthetic_01032,preprocessing,preprocessing,cluster_g2,alibaba_gpu_type_pool,G2,43,1,0.00015,,1,11.4,76.0
synthetic_01041,preprocessing,preprocessing,cluster_g2,alibaba_gpu_type_pool,G2,43,1,0.00025,,1,11.3,48.0
synthetic_01052,fine_tuning,fine_tuning,cluster_t4,alibaba_gpu_type_pool,T4,43,1,7e-05,T4,1,12.0,24.0
synthetic_01092,preprocessing,preprocessing,cluster_g2,alibaba_gpu_type_pool,G2,43,3,7e-05,,1,11.4,47.0
synthetic_01263,preprocessing,preprocessing,cluster_g2,alibaba_gpu_type_pool,G2,43,1,0.00025,,1,3.152,5.46875
synthetic_01279,fine_tuning,fine_tuning,cluster_t4,alibaba_gpu_type_pool,T4,43,1,7e-05,T4,1,11.3,48.0
synthetic_01305,fine_tuning,fine_tuning,cluster_t4,alibaba_gpu_type_pool,T4,43,1,7e-05,T4,1,4.152,10.3515625
synthetic_01329,preprocessing,preprocessing,cluster_g2,alibaba_gpu_type_pool,G2,43,1,0.00025,,1,3.152,5.46875
synthetic_01340,fine_tuning,fine_tuning,cluster_t4,alibaba_gpu_type_pool,T4,43,1,7e-05,T4,1,3.152,5.46875
synthetic_01413,fine_tuning,fine_tuning,cluster_g2,alibaba_gpu_type_pool,G2,43,1,0.00035,G2,1,3.152,5.46875
synthetic_01422,preprocessing,preprocessing,cluster_g2,alibaba_gpu_type_pool,G2,43,3,0.00035,,1,11.4,47.0
synthetic_01506,preprocessing,preprocessing,cluster_g2,alibaba_gpu_type_pool,G2,43,1,0.00035,,1,3.152,5.46875
synthetic_01673,preprocessing,preprocessing,cluster_g2,alibaba_gpu_type_pool,G2,43,10,0.00035,G2|P100|T4|V100M16|V100M32,1,11.4,47.0
synthetic_01791,fine_tuning,fine_tuning,cluster_t4,alibaba_gpu_type_pool,T4,43,1,7e-05,T4,1,11.4,47.0
synthetic_01839,preprocessing,preprocessing,cluster_g2,alibaba_gpu_type_pool,G2,43,1,0.00035,,1,3.152,5.46875
synthetic_01930,preprocessing,preprocessing,cluster_g2,alibaba_gpu_type_pool,G2,43,1,0.00035,,1,18.708,63.0
synthetic_02021,fine_tuning,fine_tuning,cluster_g2,alibaba_gpu_type_pool,G2,43,3,0.00035,G2,1,15.7,57.0
synthetic_02094,preprocessing,preprocessing,cluster_g2,alibaba_gpu_type_pool,G2,43,5,0.00035,,1,8.0,16.0
synthetic_02172,preprocessing,preprocessing,cluster_g2,alibaba_gpu_type_pool,G2,43,1,0.00035,,1,12.0,16.0
synthetic_02197,preprocessing,preprocessing,cluster_g2,alibaba_gpu_type_pool,G2,43,1,0.00035,,1,16.4,123.0
synthetic_02198,preprocessing,preprocessing,cluster_g2,alibaba_gpu_type_pool,G2,43,1,0.00035,,1,11.3,48.0
synthetic_02214,fine_tuning,fine_tuning,cluster_g2,alibaba_gpu_type_pool,G2,43,1,0.00035,G2,1,11.3,48.0
synthetic_02226,fine_tuning,fine_tuning,cluster_t4,alibaba_gpu_type_pool,T4,43,2,7e-05,T4,1,1.0,6.0
synthetic_02409,preprocessing,preprocessing,cluster_g2,alibaba_gpu_type_pool,G2,43,1,0.00025,,1,11.3,48.0
synthetic_02416,preprocessing,preprocessing,cluster_g2,alibaba_gpu_type_pool,G2,43,1,0.00025,,1,11.3,48.0
synthetic_02437,fine_tuning,fine_tuning,cluster_g2,alibaba_gpu_type_pool,G2,43,2,0.00035,G2,1,18.708,63.0
synthetic_02536,preprocessing,preprocessing,cluster_g2,alibaba_gpu_type_pool,G2,43,1,0.00035,,1,12.0,24.0
synthetic_02845,preprocessing,preprocessing,cluster_g2,alibaba_gpu_type_pool,G2,43,1,0.00025,,1,16.4,123.0
synthetic_02900,training,training,cluster_v100m32,alibaba_gpu_type_pool,V100M32,43,1,0.00025,V100M16|V100M32,1,18.708,63.0
synthetic_02909,preprocessing,preprocessing,cluster_g2,alibaba_gpu_type_pool,G2,43,1,0.00015,,1,11.3,48.0
synthetic_02928,fine_tuning,fine_tuning,cluster_g3,alibaba_gpu_type_pool,G3,43,1,0.00035,G3,1,11.3,48.0
synthetic_03001,preprocessing,preprocessing,cluster_g2,alibaba_gpu_type_pool,G2,43,1,0.00025,,1,3.152,5.46875
synthetic_03114,fine_tuning,fine_tuning,cluster_t4,alibaba_gpu_type_pool,T4,43,1,7e-05,T4,1,11.908,46.0
synthetic_03136,preprocessing,preprocessing,cluster_g2,alibaba_gpu_type_pool,G2,43,1,7e-05,,1,4.0,14.900390625
synthetic_03218,training,training,cluster_v100m32,alibaba_gpu_type_pool,V100M32,43,1,0.00025,V100M16|V100M32,1,18.708,63.0
synthetic_03321,fine_tuning,fine_tuning,cluster_t4,alibaba_gpu_type_pool,T4,43,2,7e-05,T4,1,3.152,5.46875
synthetic_03330,preprocessing,preprocessing,cluster_g2,alibaba_gpu_type_pool,G2,43,1,0.00035,,1,12.0,48.0
synthetic_03418,fine_tuning,fine_tuning,cluster_t4,alibaba_gpu_type_pool,T4,43,2,7e-05,T4,1,3.152,5.46875
synthetic_03419,preprocessing,preprocessing,cluster_g2,alibaba_gpu_type_pool,G2,43,15,0.00035,,1,12.0,15.0
synthetic_03491,preprocessing,preprocessing,cluster_g2,alibaba_gpu_type_pool,G2,43,2,0.00035,,1,4.0,22.3515625
synthetic_03686,preprocessing,preprocessing,cluster_g2,alibaba_gpu_type_pool,G2,43,3,0.00025,,1,16.0,32.0
synthetic_03751,preprocessing,preprocessing,cluster_g2,alibaba_gpu_type_pool,G2,43,1,0.00025,,1,3.152,5.46875
synthetic_03752,fine_tuning,fine_tuning,cluster_p100,alibaba_gpu_type_pool,P100,43,5,0.00025,P100,1,4.0,29.8017578125
synthetic_03789,preprocessing,preprocessing,cluster_g2,alibaba_gpu_type_pool,G2,43,6,0.00035,,1,11.4,47.0
synthetic_03841,preprocessing,preprocessing,cluster_g2,alibaba_gpu_type_pool,G2,43,2,0.00025,,1,16.0,32.0
synthetic_03946,fine_tuning,fine_tuning,cluster_t4,alibaba_gpu_type_pool,T4,43,1,7e-05,T4,1,3.152,5.46875
synthetic_04085,fine_tuning,fine_tuning,cluster_t4,alibaba_gpu_type_pool,T4,43,2,7e-05,T4,1,11.4,47.0
synthetic_04484,preprocessing,preprocessing,cluster_v100m16,alibaba_gpu_type_pool,V100M16,43,9,0.00025,P100|V100M16|V100M32,1,16.0,64.0
synthetic_04515,preprocessing,preprocessing,cluster_g2,alibaba_gpu_type_pool,G2,43,10,0.00025,,1,11.908,46.0
synthetic_04526,preprocessing,preprocessing,cluster_g2,alibaba_gpu_type_pool,G2,43,1,7e-05,,1,11.4,47.0
synthetic_04548,preprocessing,preprocessing,cluster_g2,alibaba_gpu_type_pool,G2,43,1,0.00035,,1,11.3,48.0
synthetic_04679,preprocessing,preprocessing,cluster_g2,alibaba_gpu_type_pool,G2,43,6,0.00035,,1,8.0,29.8017578125
synthetic_04702,preprocessing,preprocessing,cluster_g2,alibaba_gpu_type_pool,G2,43,1,0.00035,,1,11.3,48.0
synthetic_04704,preprocessing,preprocessing,cluster_v100m16,alibaba_gpu_type_pool,V100M16,43,1,0.00025,P100|V100M16|V100M32,1,11.3,48.0
synthetic_04726,fine_tuning,fine_tuning,cluster_g2,alibaba_gpu_type_pool,G2,43,3,0.00035,G2,1,11.3,48.0
synthetic_00029,fine_tuning,fine_tuning,cluster_t4,alibaba_gpu_type_pool,T4,44,1,7e-05,T4,1,11.908,46.0
synthetic_00067,preprocessing,preprocessing,cluster_g2,alibaba_gpu_type_pool,G2,44,1,0.00035,,1,3.152,5.46875
synthetic_00092,fine_tuning,fine_tuning,cluster_g2,alibaba_gpu_type_pool,G2,44,1,0.00035,G2,1,11.3,48.0
synthetic_00125,preprocessing,preprocessing,cluster_g2,alibaba_gpu_type_pool,G2,44,8,0.00025,,1,11.4,47.0
synthetic_00147,preprocessing,preprocessing,cluster_g2,alibaba_gpu_type_pool,G2,44,14,0.00015,,1,9.81,40.5859375
synthetic_00251,preprocessing,preprocessing,cluster_g2,alibaba_gpu_type_pool,G2,44,1,0.00015,,1,11.4,47.0
synthetic_00267,preprocessing,preprocessing,cluster_g2,alibaba_gpu_type_pool,G2,44,6,0.00025,,1,8.0,16.0
synthetic_00330,fine_tuning,fine_tuning,cluster_g2,alibaba_gpu_type_pool,G2,44,3,0.00035,G2,1,11.3,48.0
synthetic_00442,preprocessing,preprocessing,cluster_g2,alibaba_gpu_type_pool,G2,44,3,0.00035,,1,3.152,5.46875
synthetic_00469,fine_tuning,fine_tuning,cluster_t4,alibaba_gpu_type_pool,T4,44,1,7e-05,T4,1,11.908,46.0
synthetic_00602,fine_tuning,fine_tuning,cluster_t4,alibaba_gpu_type_pool,T4,44,2,7e-05,T4,1,3.152,5.46875
synthetic_00625,preprocessing,preprocessing,cluster_g2,alibaba_gpu_type_pool,G2,44,1,7e-05,,1,4.152,10.3515625
synthetic_00665,preprocessing,preprocessing,cluster_g2,alibaba_gpu_type_pool,G2,44,1,0.00035,,1,11.3,48.0
synthetic_00720,preprocessing,preprocessing,cluster_g2,alibaba_gpu_type_pool,G2,44,1,0.00035,,1,3.152,5.46875
synthetic_00765,preprocessing,preprocessing,cluster_g2,alibaba_gpu_type_pool,G2,44,5,0.00025,,1,15.2,79.0
synthetic_00779,preprocessing,preprocessing,cluster_g2,alibaba_gpu_type_pool,G2,44,1,0.00025,,1,4.0,29.8017578125
synthetic_00787,preprocessing,preprocessing,cluster_g2,alibaba_gpu_type_pool,G2,44,6,0.00035,,1,14.9,72.0
synthetic_00841,preprocessing,preprocessing,cluster_g2,alibaba_gpu_type_pool,G2,44,1,0.00025,,1,3.152,5.46875
synthetic_00978,fine_tuning,fine_tuning,cluster_t4,alibaba_gpu_type_pool,T4,44,2,7e-05,T4,1,11.908,46.0
synthetic_01038,preprocessing,preprocessing,cluster_g2,alibaba_gpu_type_pool,G2,44,1,7e-05,,1,11.908,46.0
synthetic_01087,fine_tuning,fine_tuning,cluster_p100,alibaba_gpu_type_pool,P100,44,1,0.00025,P100,1,11.908,46.0
synthetic_01108,preprocessing,preprocessing,cluster_g2,alibaba_gpu_type_pool,G2,44,3,0.00035,,1,11.4,47.0
synthetic_01235,preprocessing,preprocessing,cluster_g2,alibaba_gpu_type_pool,G2,44,1,0.00025,,1,4.0,22.3515625
synthetic_01269,preprocessing,preprocessing,cluster_g2,alibaba_gpu_type_pool,G2,44,2,0.00015,,1,16.0,64.0
synthetic_01306,fine_tuning,fine_tuning,cluster_t4,alibaba_gpu_type_pool,T4,44,2,7e-05,T4,1,11.4,47.0
synthetic_01332,preprocessing,preprocessing,cluster_g2,alibaba_gpu_type_pool,G2,44,9,0.00025,,1,11.4,47.0
synthetic_01363,fine_tuning,fine_tuning,cluster_t4,alibaba_gpu_type_pool,T4,44,11,7e-05,T4,1,11.908,46.0
synthetic_01367,preprocessing,preprocessing,cluster_g2,alibaba_gpu_type_pool,G2,44,1,0.00025,,1,3.152,5.46875
synthetic_01410,preprocessing,preprocessing,cluster_g2,alibaba_gpu_type_pool,G2,44,1,0.00025,,1,18.708,63.0
synthetic_01478,fine_tuning,fine_tuning,cluster_t4,alibaba_gpu_type_pool,T4,44,6,7e-05,T4,1,3.152,5.46875
synthetic_01503,preprocessing,preprocessing,cluster_g2,alibaba_gpu_type_pool,G2,44,5,7e-05,,1,16.0,32.0
synthetic_01523,fine_tuning,fine_tuning,cluster_t4,alibaba_gpu_type_pool,T4,44,1,7e-05,T4,1,3.152,5.46875
synthetic_01589,preprocessing,preprocessing,cluster_g2,alibaba_gpu_type_pool,G2,44,3,0.00035,,1,15.7,57.0
synthetic_01634,preprocessing,preprocessing,cluster_g2,alibaba_gpu_type_pool,G2,44,1,0.00035,,1,8.0,29.8017578125
synthetic_01694,preprocessing,preprocessing,cluster_g2,alibaba_gpu_type_pool,G2,44,8,7e-05,,1,11.4,47.0
synthetic_01714,preprocessing,preprocessing,cluster_g2,alibaba_gpu_type_pool,G2,44,1,0.00025,,1,8.0,29.8017578125
synthetic_01741,fine_tuning,fine_tuning,cluster_t4,alibaba_gpu_type_pool,T4,44,1,7e-05,T4,1,11.3,48.0
synthetic_01819,preprocessing,preprocessing,cluster_g2,alibaba_gpu_type_pool,G2,44,3,0.00035,,1,8.0,29.8017578125
synthetic_02275,preprocessing,preprocessing,cluster_g2,alibaba_gpu_type_pool,G2,44,1,0.00025,,1,11.3,48.0
synthetic_02284,fine_tuning,fine_tuning,cluster_g2,alibaba_gpu_type_pool,G2,44,1,0.00035,G2,1,3.152,5.46875
synthetic_02311,preprocessing,preprocessing,cluster_g2,alibaba_gpu_type_pool,G2,44,1,0.00025,,1,3.152,5.46875
synthetic_02340,fine_tuning,fine_tuning,cluster_t4,alibaba_gpu_type_pool,T4,44,1,7e-05,T4,1,11.908,46.0
synthetic_02539,preprocessing,preprocessing,cluster_g2,alibaba_gpu_type_pool,G2,44,1,0.00025,,1,8.0,29.8017578125
synthetic_02618,preprocessing,preprocessing,cluster_g2,alibaba_gpu_type_pool,G2,44,1,0.00035,,1,11.3,48.0
synthetic_02645,preprocessing,preprocessing,cluster_g2,alibaba_gpu_type_pool,G2,44,8,0.00035,,1,11.4,47.0
synthetic_02666,fine_tuning,fine_tuning,cluster_p100,alibaba_gpu_type_pool,P100,44,1,0.00025,P100,1,8.0,29.8017578125
synthetic_02752,fine_tuning,fine_tuning,cluster_p100,alibaba_gpu_type_pool,P100,44,1,0.00025,P100,1,3.152,5.46875
synthetic_02835,preprocessing,preprocessing,cluster_g2,alibaba_gpu_type_pool,G2,44,2,0.00035,,1,6.0,18.0
synthetic_02923,preprocessing,preprocessing,cluster_g2,alibaba_gpu_type_pool,G2,44,1,0.00025,,1,4.0,22.3515625
synthetic_02961,preprocessing,preprocessing,cluster_g2,alibaba_gpu_type_pool,G2,44,3,0.00035,,1,11.908,46.0
synthetic_03119,fine_tuning,fine_tuning,cluster_t4,alibaba_gpu_type_pool,T4,44,2,7e-05,T4,1,11.3,48.0
synthetic_03145,preprocessing,preprocessing,cluster_g2,alibaba_gpu_type_pool,G2,44,3,0.0007,,2,30.2,157.0
synthetic_03239,fine_tuning,fine_tuning,cluster_t4,alibaba_gpu_type_pool,T4,44,3,7e-05,T4,1,11.908,46.0
synthetic_03381,fine_tuning,fine_tuning,cluster_t4,alibaba_gpu_type_pool,T4,44,1,7e-05,T4,1,6.0,12.0
synthetic_03461,fine_tuning,fine_tuning,cluster_g2,alibaba_gpu_type_pool,G2,44,14,0.00035,G2,1,9.81,40.5859375
synthetic_03618,fine_tuning,fine_tuning,cluster_t4,alibaba_gpu_type_pool,T4,44,4,7e-05,T4,1,12.0,16.0
synthetic_03678,preprocessing,preprocessing,cluster_g2,alibaba_gpu_type_pool,G2,44,1,0.00025,,1,3.152,5.46875
synthetic_03794,preprocessing,preprocessing,cluster_g2,alibaba_gpu_type_pool,G2,44,6,0.00025,,1,16.0,64.0
synthetic_03812,preprocessing,preprocessing,cluster_g2,alibaba_gpu_type_pool,G2,44,1,0.00025,,1,11.3,48.0
synthetic_03846,preprocessing,preprocessing,cluster_g2,alibaba_gpu_type_pool,G2,44,1,0.00025,,1,3.152,5.46875
synthetic_03866,preprocessing,preprocessing,cluster_g2,alibaba_gpu_type_pool,G2,44,5,0.00035,,1,11.3,48.0
synthetic_03895,preprocessing,preprocessing,cluster_g2,alibaba_gpu_type_pool,G2,44,6,0.00035,,1,11.4,47.0
synthetic_04226,preprocessing,preprocessing,cluster_g2,alibaba_gpu_type_pool,G2,44,1,0.00025,,1,3.152,5.46875
synthetic_04275,preprocessing,preprocessing,cluster_g2,alibaba_gpu_type_pool,G2,44,2,7e-05,,1,8.2,33.0
synthetic_04381,preprocessing,preprocessing,cluster_g2,alibaba_gpu_type_pool,G2,44,1,0.00035,,1,18.708,63.0
synthetic_04442,fine_tuning,fine_tuning,cluster_p100,alibaba_gpu_type_pool,P100,44,1,0.00025,P100,1,3.152,5.46875
synthetic_04468,preprocessing,preprocessing,cluster_g2,alibaba_gpu_type_pool,G2,44,11,7e-05,,1,12.0,24.0
synthetic_04523,preprocessing,preprocessing,cluster_g2,alibaba_gpu_type_pool,G2,44,1,0.00025,,1,11.908,46.0
synthetic_04578,preprocessing,preprocessing,cluster_g2,alibaba_gpu_type_pool,G2,44,12,0.00035,,1,4.0,22.3515625
synthetic_04604,preprocessing,preprocessing,cluster_g2,alibaba_gpu_type_pool,G2,44,1,0.00025,,1,11.3,48.0
synthetic_04729,fine_tuning,fine_tuning,cluster_t4,alibaba_gpu_type_pool,T4,44,1,7e-05,T4,1,3.152,5.46875
synthetic_04754,fine_tuning,fine_tuning,cluster_v100m32,alibaba_gpu_type_pool,V100M32,44,2,0.00025,V100M32,1,11.4,47.0
synthetic_04925,preprocessing,preprocessing,cluster_g2,alibaba_gpu_type_pool,G2,44,2,7e-05,,1,3.152,5.46875
synthetic_00145,preprocessing,preprocessing,cluster_g2,alibaba_gpu_type_pool,G2,45,1,0.00035,,1,11.908,46.0
synthetic_00157,preprocessing,preprocessing,cluster_g2,alibaba_gpu_type_pool,G2,45,1,0.00035,,1,11.3,48.0
synthetic_00256,preprocessing,preprocessing,cluster_g2,alibaba_gpu_type_pool,G2,45,1,7e-05,,1,4.152,10.3515625
synthetic_00354,fine_tuning,fine_tuning,cluster_t4,alibaba_gpu_type_pool,T4,45,1,7e-05,T4,1,3.152,5.46875
synthetic_00410,preprocessing,preprocessing,cluster_g2,alibaba_gpu_type_pool,G2,45,1,0.00025,,1,11.908,46.0
synthetic_00451,preprocessing,preprocessing,cluster_p100,alibaba_gpu_type_pool,P100,45,1,0.00025,P100|V100M16|V100M32,1,3.152,5.46875
synthetic_00460,preprocessing,preprocessing,cluster_g2,alibaba_gpu_type_pool,G2,45,3,0.00035,,1,14.2,57.0
synthetic_00638,preprocessing,preprocessing,cluster_g2,alibaba_gpu_type_pool,G2,45,1,0.00035,,1,11.3,48.0
synthetic_00750,preprocessing,preprocessing,cluster_g2,alibaba_gpu_type_pool,G2,45,1,0.00025,,1,11.3,48.0
synthetic_00811,preprocessing,preprocessing,cluster_g2,alibaba_gpu_type_pool,G2,45,3,0.00025,,1,16.0,32.0
synthetic_00952,preprocessing,preprocessing,cluster_g2,alibaba_gpu_type_pool,G2,45,2,0.00025,,1,11.4,47.0
synthetic_01042,fine_tuning,fine_tuning,cluster_t4,alibaba_gpu_type_pool,T4,45,2,7e-05,T4,1,11.3,48.0
synthetic_01077,preprocessing,preprocessing,cluster_g2,alibaba_gpu_type_pool,G2,45,1,0.00025,,1,11.4,47.0
synthetic_01347,preprocessing,preprocessing,cluster_g2,alibaba_gpu_type_pool,G2,45,1,0.00025,,1,8.0,29.8017578125
synthetic_01515,preprocessing,preprocessing,cluster_g2,alibaba_gpu_type_pool,G2,45,1,0.00035,,1,8.0,32.0
synthetic_01555,fine_tuning,fine_tuning,cluster_g2,alibaba_gpu_type_pool,G2,45,15,0.00035,G2,1,11.4,47.0
synthetic_01636,preprocessing,preprocessing,cluster_g2,alibaba_gpu_type_pool,G2,45,2,0.00035,,1,8.0,16.0
synthetic_01654,fine_tuning,fine_tuning,cluster_t4,alibaba_gpu_type_pool,T4,45,5,7e-05,T4,1,4.0,22.3515625
synthetic_01695,preprocessing,preprocessing,cluster_g2,alibaba_gpu_type_pool,G2,45,2,0.00035,,1,11.908,46.0
synthetic_01878,preprocessing,preprocessing,cluster_g2,alibaba_gpu_type_pool,G2,45,2,0.00025,,1,9.81,40.5859375
synthetic_01949,training,training,cluster_v100m32,alibaba_gpu_type_pool,V100M32,45,1,0.00025,V100M16|V100M32,1,18.708,63.0
synthetic_02055,preprocessing,preprocessing,cluster_g2,alibaba_gpu_type_pool,G2,45,13,7e-05,,1,12.0,24.0
synthetic_02110,preprocessing,preprocessing,cluster_g2,alibaba_gpu_type_pool,G2,45,2,0.00035,,1,6.0,23.0
synthetic_02128,preprocessing,preprocessing,cluster_g2,alibaba_gpu_type_pool,G2,45,2,0.00025,,1,11.3,48.0
synthetic_02142,fine_tuning,fine_tuning,cluster_g2,alibaba_gpu_type_pool,G2,45,1,0.00035,G2,1,11.3,48.0
synthetic_02223,fine_tuning,fine_tuning,cluster_g2,alibaba_gpu_type_pool,G2,45,1,0.00035,G2,1,12.0,16.0
synthetic_02293,preprocessing,preprocessing,cluster_t4,alibaba_gpu_type_pool,T4,45,3,0.00025,P100|T4|V100M16|V100M32,1,11.908,46.0
synthetic_02457,preprocessing,preprocessing,cluster_g2,alibaba_gpu_type_pool,G2,45,1,0.00025,,1,11.3,48.0
synthetic_02519,preprocessing,preprocessing,cluster_g2,alibaba_gpu_type_pool,G2,45,2,0.00035,,1,16.0,32.0
synthetic_02595,fine_tuning,fine_tuning,cluster_t4,alibaba_gpu_type_pool,T4,45,2,7e-05,T4,1,3.152,5.46875
synthetic_02730,preprocessing,preprocessing,cluster_g2,alibaba_gpu_type_pool,G2,45,1,0.00035,,1,3.152,5.46875
synthetic_02741,preprocessing,preprocessing,cluster_g2,alibaba_gpu_type_pool,G2,45,4,0.00025,,1,11.9,76.0
synthetic_02806,preprocessing,preprocessing,cluster_g2,alibaba_gpu_type_pool,G2,45,3,0.00035,,1,11.908,46.0
synthetic_02834,fine_tuning,fine_tuning,cluster_p100,alibaba_gpu_type_pool,P100,45,5,0.00025,P100,1,4.0,14.900390625
synthetic_02918,preprocessing,preprocessing,cluster_g2,alibaba_gpu_type_pool,G2,45,6,0.00035,,1,4.0,24.0
synthetic_03058,preprocessing,preprocessing,cluster_g2,alibaba_gpu_type_pool,G2,45,1,0.00025,,1,24.2,91.0
synthetic_03124,preprocessing,preprocessing,cluster_g2,alibaba_gpu_type_pool,G2,45,1,0.00025,,1,3.152,5.46875
synthetic_03158,preprocessing,preprocessing,cluster_g2,alibaba_gpu_type_pool,G2,45,1,0.00025,,1,15.7,57.0
synthetic_03411,preprocessing,preprocessing,cluster_g2,alibaba_gpu_type_pool,G2,45,1,0.00035,,1,18.708,63.0
synthetic_03469,preprocessing,preprocessing,cluster_g2,alibaba_gpu_type_pool,G2,45,1,0.00035,,1,11.3,48.0
synthetic_03494,preprocessing,preprocessing,cluster_g2,alibaba_gpu_type_pool,G2,45,1,0.00035,,1,3.152,5.46875
synthetic_03604,preprocessing,preprocessing,cluster_g2,alibaba_gpu_type_pool,G2,45,2,0.00025,,1,11.4,47.0
synthetic_03628,preprocessing,preprocessing,cluster_g2,alibaba_gpu_type_pool,G2,45,1,0.00035,,1,3.152,5.46875
synthetic_03677,preprocessing,preprocessing,cluster_g2,alibaba_gpu_type_pool,G2,45,3,0.00025,,1,9.81,40.5859375
synthetic_03755,preprocessing,preprocessing,cluster_p100,alibaba_gpu_type_pool,P100,45,1,0.00025,P100|T4|V100M16|V100M32,1,11.3,48.0
synthetic_03774,preprocessing,preprocessing,cluster_g2,alibaba_gpu_type_pool,G2,45,1,7e-05,,1,11.4,47.0
synthetic_04003,fine_tuning,fine_tuning,cluster_g2,alibaba_gpu_type_pool,G2,45,2,0.00035,G2,1,1.0,6.0
synthetic_04090,preprocessing,preprocessing,cluster_g2,alibaba_gpu_type_pool,G2,45,1,0.00035,,1,3.152,5.46875
synthetic_04125,fine_tuning,fine_tuning,cluster_p100,alibaba_gpu_type_pool,P100,45,1,0.00025,P100,1,3.152,5.46875
synthetic_04270,fine_tuning,fine_tuning,cluster_t4,alibaba_gpu_type_pool,T4,45,1,7e-05,T4,1,3.152,5.46875
synthetic_04301,preprocessing,preprocessing,cluster_g2,alibaba_gpu_type_pool,G2,45,1,0.00025,,1,11.3,48.0
synthetic_04328,fine_tuning,fine_tuning,cluster_t4,alibaba_gpu_type_pool,T4,45,1,7e-05,T4,1,11.4,47.0
synthetic_04396,preprocessing,preprocessing,cluster_g2,alibaba_gpu_type_pool,G2,45,1,0.00025,,1,6.0,6.0
synthetic_04463,preprocessing,preprocessing,cluster_g2,alibaba_gpu_type_pool,G2,45,1,0.00025,,1,3.152,5.46875
synthetic_04547,preprocessing,preprocessing,cluster_g2,alibaba_gpu_type_pool,G2,45,3,7e-05,,1,4.0,14.900390625
synthetic_04550,fine_tuning,fine_tuning,cluster_g3,alibaba_gpu_type_pool,G3,45,1,0.00035,G3,1,11.3,48.0
synthetic_04588,preprocessing,preprocessing,cluster_g2,alibaba_gpu_type_pool,G2,45,2,0.00035,,1,11.3,48.0
synthetic_04589,preprocessing,preprocessing,cluster_g2,alibaba_gpu_type_pool,G2,45,1,0.00035,,1,9.81,40.5859375
synthetic_04624,fine_tuning,fine_tuning,cluster_g2,alibaba_gpu_type_pool,G2,45,1,0.0028,G2,8,120.0,720.0
synthetic_04664,fine_tuning,fine_tuning,cluster_t4,alibaba_gpu_type_pool,T4,45,1,7e-05,T4,1,11.3,48.0
synthetic_04677,preprocessing,preprocessing,cluster_g2,alibaba_gpu_type_pool,G2,45,1,0.00025,,1,3.152,5.46875
synthetic_04770,preprocessing,preprocessing,cluster_g2,alibaba_gpu_type_pool,G2,45,3,7e-05,,1,11.3,48.0
synthetic_04784,fine_tuning,fine_tuning,cluster_v100m32,alibaba_gpu_type_pool,V100M32,45,1,0.00025,V100M32,1,18.708,63.0
synthetic_04828,fine_tuning,fine_tuning,cluster_g2,alibaba_gpu_type_pool,G2,45,6,0.00035,G2,1,8.0,16.0
synthetic_04829,preprocessing,preprocessing,cluster_g2,alibaba_gpu_type_pool,G2,45,1,0.00035,,1,18.708,63.0
synthetic_04850,fine_tuning,fine_tuning,cluster_t4,alibaba_gpu_type_pool,T4,45,5,7e-05,T4,1,15.2,79.0
synthetic_00030,preprocessing,preprocessing,cluster_g2,alibaba_gpu_type_pool,G2,46,1,0.00025,,1,11.908,46.0
synthetic_00086,preprocessing,preprocessing,cluster_g2,alibaba_gpu_type_pool,G2,46,7,7e-05,,1,11.908,46.0
synthetic_00219,preprocessing,preprocessing,cluster_g2,alibaba_gpu_type_pool,G2,46,1,7e-05,,1,3.152,5.46875
synthetic_00406,fine_tuning,fine_tuning,cluster_p100,alibaba_gpu_type_pool,P100,46,1,0.00025,P100,1,3.152,5.46875
synthetic_00618,fine_tuning,fine_tuning,cluster_t4,alibaba_gpu_type_pool,T4,46,1,7e-05,T4,1,3.152,5.46875
synthetic_00755,preprocessing,preprocessing,cluster_g2,alibaba_gpu_type_pool,G2,46,1,0.00035,,1,9.81,40.5859375
synthetic_00806,preprocessing,preprocessing,cluster_g2,alibaba_gpu_type_pool,G2,46,4,0.00025,,1,8.0,29.8017578125
synthetic_00855,preprocessing,preprocessing,cluster_g2,alibaba_gpu_type_pool,G2,46,3,0.00025,,1,18.708,63.0
synthetic_00945,fine_tuning,fine_tuning,cluster_v100m32,alibaba_gpu_type_pool,V100M32,46,5,0.00025,V100M32,1,4.0,24.0
synthetic_01145,preprocessing,preprocessing,cluster_g2,alibaba_gpu_type_pool,G2,46,1,0.00025,,1,3.152,5.46875
synthetic_01172,preprocessing,preprocessing,cluster_g2,alibaba_gpu_type_pool,G2,46,1,0.00025,,1,3.152,5.46875
synthetic_01318,preprocessing,preprocessing,cluster_g2,alibaba_gpu_type_pool,G2,46,2,0.00035,,1,11.908,46.0
synthetic_01355,preprocessing,preprocessing,cluster_g2,alibaba_gpu_type_pool,G2,46,1,0.00025,,1,11.3,48.0
synthetic_01393,preprocessing,preprocessing,cluster_g2,alibaba_gpu_type_pool,G2,46,1,0.002,,8,64.2,257.0
synthetic_01519,preprocessing,preprocessing,cluster_g2,alibaba_gpu_type_pool,G2,46,1,7e-05,,1,3.152,5.46875
synthetic_01605,preprocessing,preprocessing,cluster_g2,alibaba_gpu_type_pool,G2,46,1,7e-05,,1,3.152,5.46875
synthetic_01785,fine_tuning,fine_tuning,cluster_p100,alibaba_gpu_type_pool,P100,46,2,0.00025,P100,1,3.152,5.46875
synthetic_01811,preprocessing,preprocessing,cluster_g2,alibaba_gpu_type_pool,G2,46,2,0.00025,,1,11.908,46.0
synthetic_01862,preprocessing,preprocessing,cluster_g2,alibaba_gpu_type_pool,G2,46,1,0.00035,,1,11.3,48.0
synthetic_01932,preprocessing,preprocessing,cluster_g2,alibaba_gpu_type_pool,G2,46,1,0.00025,G2|P100|T4|V100M16|V100M32,1,11.3,48.0
synthetic_01958,preprocessing,preprocessing,cluster_g2,alibaba_gpu_type_pool,G2,46,1,0.00025,,1,3.152,5.46875
synthetic_02078,fine_tuning,fine_tuning,cluster_t4,alibaba_gpu_type_pool,T4,46,8,7e-05,T4,1,14.2,57.0
synthetic_02088,preprocessing,preprocessing,cluster_g2,alibaba_gpu_type_pool,G2,46,1,0.00025,,1,15.7,57.0
synthetic_02236,preprocessing,preprocessing,cluster_g2,alibaba_gpu_type_pool,G2,46,2,0.00025,,1,16.0,32.0
synthetic_02288,training,training,cluster_v100m16,alibaba_gpu_type_pool,V100M16,46,14,0.00025,V100M16|V100M32,1,11.4,47.0
synthetic_02436,preprocessing,preprocessing,cluster_g2,alibaba_gpu_type_pool,G2,46,1,0.00035,,1,3.152,5.46875
synthetic_02616,preprocessing,preprocessing,cluster_g2,alibaba_gpu_type_pool,G2,46,1,0.00025,,1,3.152,5.46875
synthetic_02667,preprocessing,preprocessing,cluster_g2,alibaba_gpu_type_pool,G2,46,1,7e-05,,1,11.3,48.0
synthetic_02702,fine_tuning,fine_tuning,cluster_g2,alibaba_gpu_type_pool,G2,46,1,0.00035,G2,1,11.3,48.0
synthetic_02783,fine_tuning,fine_tuning,cluster_t4,alibaba_gpu_type_pool,T4,46,1,7e-05,T4,1,11.3,48.0
synthetic_02797,fine_tuning,fine_tuning,cluster_t4,alibaba_gpu_type_pool,T4,46,1,7e-05,T4,1,11.908,46.0
synthetic_02826,preprocessing,preprocessing,cluster_g2,alibaba_gpu_type_pool,G2,46,1,0.00025,,1,3.152,5.46875
synthetic_02847,fine_tuning,fine_tuning,cluster_t4,alibaba_gpu_type_pool,T4,46,1,7e-05,T4,1,3.152,5.46875
synthetic_03087,preprocessing,preprocessing,cluster_g2,alibaba_gpu_type_pool,G2,46,1,0.00025,,1,3.152,5.46875
synthetic_03327,preprocessing,preprocessing,cluster_g2,alibaba_gpu_type_pool,G2,46,1,0.00025,,1,3.152,5.46875
synthetic_03342,preprocessing,preprocessing,cluster_g2,alibaba_gpu_type_pool,G2,46,3,0.00025,,1,11.908,46.0
synthetic_03367,preprocessing,preprocessing,cluster_g2,alibaba_gpu_type_pool,G2,46,4,0.00025,,1,8.0,29.8017578125
synthetic_03487,fine_tuning,fine_tuning,cluster_g2,alibaba_gpu_type_pool,G2,46,1,0.00035,G2,1,11.9,76.0
synthetic_03493,preprocessing,preprocessing,cluster_g2,alibaba_gpu_type_pool,G2,46,5,0.00025,,1,15.2,79.0
synthetic_03676,preprocessing,preprocessing,cluster_g2,alibaba_gpu_type_pool,G2,46,1,0.00035,,1,3.152,5.46875
synthetic_03701,preprocessing,preprocessing,cluster_g2,alibaba_gpu_type_pool,G2,46,1,7e-05,,1,11.4,47.0
synthetic_03731,preprocessing,preprocessing,cluster_g2,alibaba_gpu_type_pool,G2,46,1,0.00025,,1,18.708,63.0
synthetic_03761,preprocessing,preprocessing,cluster_g2,alibaba_gpu_type_pool,G2,46,1,0.00025,,1,3.152,5.46875
synthetic_03840,preprocessing,preprocessing,cluster_g2,alibaba_gpu_type_pool,G2,46,9,0.00035,,1,14.2,57.0
synthetic_03857,preprocessing,preprocessing,cluster_g2,alibaba_gpu_type_pool,G2,46,1,0.00025,,1,11.908,46.0
synthetic_03986,fine_tuning,fine_tuning,cluster_t4,alibaba_gpu_type_pool,T4,46,1,7e-05,T4,1,3.152,5.46875
synthetic_04131,preprocessing,preprocessing,cluster_g2,alibaba_gpu_type_pool,G2,46,1,0.00035,,1,3.152,5.46875
synthetic_04240,fine_tuning,fine_tuning,cluster_t4,alibaba_gpu_type_pool,T4,46,1,7e-05,T4,1,3.152,5.46875
synthetic_04415,fine_tuning,fine_tuning,cluster_t4,alibaba_gpu_type_pool,T4,46,1,7e-05,T4,1,3.152,5.46875
synthetic_04694,preprocessing,preprocessing,cluster_g2,alibaba_gpu_type_pool,G2,46,1,0.00035,,1,11.908,46.0
synthetic_04833,preprocessing,preprocessing,cluster_g2,alibaba_gpu_type_pool,G2,46,4,0.00025,,1,4.0,30.517578125
synthetic_04927,preprocessing,preprocessing,cluster_g2,alibaba_gpu_type_pool,G2,46,1,0.00025,,1,11.908,46.0
synthetic_00022,fine_tuning,fine_tuning,cluster_g2,alibaba_gpu_type_pool,G2,47,1,0.00035,G2,1,11.3,48.0
synthetic_00036,preprocessing,preprocessing,cluster_g2,alibaba_gpu_type_pool,G2,47,2,0.00025,,1,16.0,32.0
synthetic_00094,fine_tuning,fine_tuning,cluster_t4,alibaba_gpu_type_pool,T4,47,3,7e-05,T4,1,9.81,40.5859375
synthetic_00150,preprocessing,preprocessing,cluster_g2,alibaba_gpu_type_pool,G2,47,5,7e-05,,1,4.0,24.0
synthetic_00440,preprocessing,preprocessing,cluster_g2,alibaba_gpu_type_pool,G2,47,2,0.00025,,1,24.2,91.0
synthetic_00453,preprocessing,preprocessing,cluster_g2,alibaba_gpu_type_pool,G2,47,1,0.00025,,1,11.4,47.0
synthetic_00586,fine_tuning,fine_tuning,cluster_t4,alibaba_gpu_type_pool,T4,47,1,7e-05,T4,1,11.3,48.0
synthetic_00646,preprocessing,preprocessing,cluster_g2,alibaba_gpu_type_pool,G2,47,1,7e-05,,1,3.152,5.46875
synthetic_00740,preprocessing,preprocessing,cluster_g2,alibaba_gpu_type_pool,G2,47,1,0.00015,,1,3.152,5.46875
synthetic_00958,preprocessing,preprocessing,cluster_g2,alibaba_gpu_type_pool,G2,47,4,0.00035,,1,12.0,15.0
synthetic_01033,training,training,cluster_v100m16,alibaba_gpu_type_pool,V100M16,47,1,0.00025,V100M16|V100M32,1,11.3,48.0
synthetic_01062,fine_tuning,fine_tuning,cluster_g2,alibaba_gpu_type_pool,G2,47,11,0.00035,G2,1,12.0,24.0
synthetic_01288,preprocessing,preprocessing,cluster_g2,alibaba_gpu_type_pool,G2,47,1,0.00025,G2|P100|T4|V100M16|V100M32,1,3.152,5.46875
synthetic_01312,fine_tuning,fine_tuning,cluster_t4,alibaba_gpu_type_pool,T4,47,2,7e-05,T4,1,11.4,47.0
synthetic_01341,fine_tuning,fine_tuning,cluster_p100,alibaba_gpu_type_pool,P100,47,1,0.00025,P100,1,3.152,5.46875
synthetic_01350,preprocessing,preprocessing,cluster_g2,alibaba_gpu_type_pool,G2,47,1,7e-05,,1,11.3,48.0
synthetic_01426,fine_tuning,fine_tuning,cluster_t4,alibaba_gpu_type_pool,T4,47,8,7e-05,T4,1,1.0,2.0
synthetic_01457,preprocessing,preprocessing,cluster_p100,alibaba_gpu_type_pool,P100,47,1,0.00025,P100|V100M16|V100M32,1,11.3,48.0
synthetic_01512,preprocessing,preprocessing,cluster_g2,alibaba_gpu_type_pool,G2,47,1,7e-05,,1,11.9,76.0
synthetic_01606,preprocessing,preprocessing,cluster_g2,alibaba_gpu_type_pool,G2,47,1,0.00015,,1,3.152,5.46875
synthetic_01687,fine_tuning,fine_tuning,cluster_t4,alibaba_gpu_type_pool,T4,47,1,7e-05,T4,1,4.0,14.900390625
synthetic_01716,preprocessing,preprocessing,cluster_g2,alibaba_gpu_type_pool,G2,47,5,0.00025,,1,8.0,32.0
synthetic_01800,preprocessing,preprocessing,cluster_g2,alibaba_gpu_type_pool,G2,47,2,0.00025,,1,16.0,32.0
synthetic_01865,fine_tuning,fine_tuning,cluster_t4,alibaba_gpu_type_pool,T4,47,15,7e-05,T4,1,3.152,5.46875
synthetic_01886,preprocessing,preprocessing,cluster_g2,alibaba_gpu_type_pool,G2,47,5,0.00025,,1,11.3,48.0
synthetic_02131,preprocessing,preprocessing,cluster_g2,alibaba_gpu_type_pool,G2,47,1,0.00025,,1,11.3,48.0
synthetic_02323,preprocessing,preprocessing,cluster_g2,alibaba_gpu_type_pool,G2,47,1,0.00025,,1,4.0,14.900390625
synthetic_02474,fine_tuning,fine_tuning,cluster_g3,alibaba_gpu_type_pool,G3,47,1,0.00035,G3,1,3.152,5.46875
synthetic_02482,training,training,cluster_v100m16,alibaba_gpu_type_pool,V100M16,47,1,0.00025,V100M16|V100M32,1,11.3,48.0
synthetic_02535,preprocessing,preprocessing,cluster_g2,alibaba_gpu_type_pool,G2,47,2,0.00035,,1,11.3,48.0
synthetic_02582,fine_tuning,fine_tuning,cluster_p100,alibaba_gpu_type_pool,P100,47,1,0.00025,P100,1,3.152,5.46875
synthetic_02634,preprocessing,preprocessing,cluster_g2,alibaba_gpu_type_pool,G2,47,1,0.00035,,1,3.152,5.46875
synthetic_02635,preprocessing,preprocessing,cluster_g2,alibaba_gpu_type_pool,G2,47,3,0.00025,,1,9.81,40.5859375
synthetic_02888,preprocessing,preprocessing,cluster_g2,alibaba_gpu_type_pool,G2,47,1,0.00025,,1,11.4,47.0
synthetic_03067,preprocessing,preprocessing,cluster_g2,alibaba_gpu_type_pool,G2,47,1,0.00035,,1,3.152,5.46875
synthetic_03074,preprocessing,preprocessing,cluster_g2,alibaba_gpu_type_pool,G2,47,1,0.00035,,1,4.152,10.3515625
synthetic_03204,preprocessing,preprocessing,cluster_g2,alibaba_gpu_type_pool,G2,47,4,0.00025,,1,9.81,40.5859375
synthetic_03253,fine_tuning,fine_tuning,cluster_t4,alibaba_gpu_type_pool,T4,47,2,7e-05,T4,1,8.0,16.0
synthetic_03360,preprocessing,preprocessing,cluster_g2,alibaba_gpu_type_pool,G2,47,1,7e-05,,1,3.152,5.46875
synthetic_03502,preprocessing,preprocessing,cluster_g2,alibaba_gpu_type_pool,G2,47,3,0.00025,,1,15.7,57.0
synthetic_03562,preprocessing,preprocessing,cluster_g2,alibaba_gpu_type_pool,G2,47,3,0.00025,,1,15.7,57.0
synthetic_03630,preprocessing,preprocessing,cluster_g2,alibaba_gpu_type_pool,G2,47,15,0.00025,,1,3.152,5.46875
synthetic_03658,preprocessing,preprocessing,cluster_g2,alibaba_gpu_type_pool,G2,47,2,0.00025,,1,4.0,14.900390625
synthetic_03729,preprocessing,preprocessing,cluster_g2,alibaba_gpu_type_pool,G2,47,6,0.00035,,1,12.0,16.0
synthetic_03754,fine_tuning,fine_tuning,cluster_t4,alibaba_gpu_type_pool,T4,47,1,7e-05,T4,1,11.3,48.0
synthetic_03776,preprocessing,preprocessing,cluster_g2,alibaba_gpu_type_pool,G2,47,1,0.00035,,1,12.0,48.0
synthetic_03787,fine_tuning,fine_tuning,cluster_t4,alibaba_gpu_type_pool,T4,47,1,7e-05,T4,1,8.0,29.8017578125
synthetic_03816,fine_tuning,fine_tuning,cluster_t4,alibaba_gpu_type_pool,T4,47,2,7e-05,T4,1,8.0,32.0
synthetic_03855,preprocessing,preprocessing,cluster_g2,alibaba_gpu_type_pool,G2,47,1,0.00035,,1,11.3,48.0
synthetic_03936,preprocessing,preprocessing,cluster_g2,alibaba_gpu_type_pool,G2,47,11,7e-05,,1,4.0,29.8017578125
synthetic_04031,preprocessing,preprocessing,cluster_g2,alibaba_gpu_type_pool,G2,47,1,0.00035,,1,14.2,57.0
synthetic_04160,preprocessing,preprocessing,cluster_g2,alibaba_gpu_type_pool,G2,47,1,0.00035,,1,3.152,5.46875
synthetic_04235,preprocessing,preprocessing,cluster_g2,alibaba_gpu_type_pool,G2,47,5,0.00035,,1,16.0,32.0
synthetic_04307,preprocessing,preprocessing,cluster_g2,alibaba_gpu_type_pool,G2,47,1,0.00025,,1,3.152,5.46875
synthetic_04314,fine_tuning,fine_tuning,cluster_t4,alibaba_gpu_type_pool,T4,47,1,7e-05,T4,1,11.3,48.0
synthetic_04457,preprocessing,preprocessing,cluster_v100m32,alibaba_gpu_type_pool,V100M32,47,1,0.00025,P100|V100M16|V100M32,1,18.708,63.0
synthetic_04521,preprocessing,preprocessing,cluster_g2,alibaba_gpu_type_pool,G2,47,1,0.00025,,1,3.152,5.46875
synthetic_04573,fine_tuning,fine_tuning,cluster_g2,alibaba_gpu_type_pool,G2,47,1,0.00035,G2,1,8.0,32.0
synthetic_04585,fine_tuning,fine_tuning,cluster_p100,alibaba_gpu_type_pool,P100,47,2,0.00025,P100,1,3.152,5.46875
synthetic_04840,preprocessing,preprocessing,cluster_g2,alibaba_gpu_type_pool,G2,47,5,0.00025,,1,16.0,32.0
synthetic_04886,preprocessing,preprocessing,cluster_g2,alibaba_gpu_type_pool,G2,47,1,0.00025,,1,14.2,57.0
synthetic_00060,fine_tuning,fine_tuning,cluster_t4,alibaba_gpu_type_pool,T4,48,1,7e-05,T4,1,3.152,5.46875
synthetic_00117,preprocessing,preprocessing,cluster_g2,alibaba_gpu_type_pool,G2,48,10,0.00025,,1,4.0,14.900390625
synthetic_00162,preprocessing,preprocessing,cluster_g2,alibaba_gpu_type_pool,G2,48,4,0.00035,,1,12.0,24.0
synthetic_00268,preprocessing,preprocessing,cluster_g2,alibaba_gpu_type_pool,G2,48,5,7e-05,,1,4.0,14.900390625
synthetic_00337,preprocessing,preprocessing,cluster_g2,alibaba_gpu_type_pool,G2,48,2,0.00015,,1,4.0,22.3515625
synthetic_00522,preprocessing,preprocessing,cluster_g2,alibaba_gpu_type_pool,G2,48,2,0.00025,,1,8.0,29.8017578125
synthetic_00812,preprocessing,preprocessing,cluster_g2,alibaba_gpu_type_pool,G2,48,1,0.00035,,1,11.3,48.0
synthetic_00838,fine_tuning,fine_tuning,cluster_t4,alibaba_gpu_type_pool,T4,48,6,7e-05,T4,1,4.0,30.517578125
synthetic_01050,preprocessing,preprocessing,cluster_g2,alibaba_gpu_type_pool,G2,48,1,0.00025,,1,8.0,32.0
synthetic_01184,fine_tuning,fine_tuning,cluster_p100,alibaba_gpu_type_pool,P100,48,5,0.00025,P100,1,6.0,8.0
synthetic_01225,preprocessing,preprocessing,cluster_g2,alibaba_gpu_type_pool,G2,48,1,0.00035,,1,11.3,48.0
synthetic_01278,preprocessing,preprocessing,cluster_g2,alibaba_gpu_type_pool,G2,48,4,0.00035,,1,4.0,14.900390625
synthetic_01338,preprocessing,preprocessing,cluster_g2,alibaba_gpu_type_pool,G2,48,1,0.00025,,1,6.0,6.0
synthetic_01454,preprocessing,preprocessing,cluster_g2,alibaba_gpu_type_pool,G2,48,2,0.00035,,1,4.152,10.3515625
synthetic_01566,preprocessing,preprocessing,cluster_g2,alibaba_gpu_type_pool,G2,48,3,0.00035,,1,11.3,48.0
synthetic_01649,preprocessing,preprocessing,cluster_g2,alibaba_gpu_type_pool,G2,48,1,0.00015,,1,3.152,5.46875
synthetic_01814,preprocessing,preprocessing,cluster_g2,alibaba_gpu_type_pool,G2,48,1,0.00025,,1,3.152,5.46875
synthetic_01821,preprocessing,preprocessing,cluster_g2,alibaba_gpu_type_pool,G2,48,2,7e-05,,1,3.152,5.46875
synthetic_01855,preprocessing,preprocessing,cluster_g2,alibaba_gpu_type_pool,G2,48,1,0.00025,,1,11.4,47.0
synthetic_01968,preprocessing,preprocessing,cluster_g2,alibaba_gpu_type_pool,G2,48,1,0.00035,,1,4.152,10.3515625
synthetic_02030,preprocessing,preprocessing,cluster_g2,alibaba_gpu_type_pool,G2,48,1,0.00035,,1,3.152,5.46875
synthetic_02203,preprocessing,preprocessing,cluster_g2,alibaba_gpu_type_pool,G2,48,1,0.00035,,1,11.4,47.0
synthetic_02241,fine_tuning,fine_tuning,cluster_t4,alibaba_gpu_type_pool,T4,48,1,7e-05,T4,1,3.152,5.46875
synthetic_02419,preprocessing,preprocessing,cluster_g2,alibaba_gpu_type_pool,G2,48,1,0.00025,,1,3.152,5.46875
synthetic_02450,preprocessing,preprocessing,cluster_g2,alibaba_gpu_type_pool,G2,48,5,0.00025,,1,11.3,48.0
synthetic_02722,preprocessing,preprocessing,cluster_g2,alibaba_gpu_type_pool,G2,48,4,7e-05,,1,3.152,5.46875
synthetic_02893,preprocessing,preprocessing,cluster_g2,alibaba_gpu_type_pool,G2,48,1,0.00025,,1,3.152,5.46875
synthetic_02896,fine_tuning,fine_tuning,cluster_t4,alibaba_gpu_type_pool,T4,48,1,7e-05,T4,1,3.152,5.46875
synthetic_03068,fine_tuning,fine_tuning,cluster_t4,alibaba_gpu_type_pool,T4,48,1,7e-05,T4,1,11.3,48.0
synthetic_03091,preprocessing,preprocessing,cluster_g2,alibaba_gpu_type_pool,G2,48,1,0.00035,,1,3.152,5.46875
synthetic_03095,preprocessing,preprocessing,cluster_g2,alibaba_gpu_type_pool,G2,48,7,7e-05,,1,3.152,5.46875
synthetic_03252,training,training,cluster_v100m32,alibaba_gpu_type_pool,V100M32,48,2,0.00025,V100M16|V100M32,1,6.0,32.0
synthetic_03349,preprocessing,preprocessing,cluster_g2,alibaba_gpu_type_pool,G2,48,1,7e-05,,1,11.4,47.0
synthetic_03589,preprocessing,preprocessing,cluster_g2,alibaba_gpu_type_pool,G2,48,1,0.00035,,1,11.3,48.0
synthetic_03607,fine_tuning,fine_tuning,cluster_t4,alibaba_gpu_type_pool,T4,48,1,7e-05,T4,1,3.152,5.46875
synthetic_03690,preprocessing,preprocessing,cluster_g2,alibaba_gpu_type_pool,G2,48,1,0.00015,,1,11.3,48.0
synthetic_03727,preprocessing,preprocessing,cluster_g2,alibaba_gpu_type_pool,G2,48,1,7e-05,,1,9.81,40.5859375
synthetic_03790,fine_tuning,fine_tuning,cluster_g3,alibaba_gpu_type_pool,G3,48,1,0.00035,G3,1,3.152,5.46875
synthetic_03808,fine_tuning,fine_tuning,cluster_p100,alibaba_gpu_type_pool,P100,48,15,0.00025,P100,1,3.152,5.46875
synthetic_03929,preprocessing,preprocessing,cluster_g2,alibaba_gpu_type_pool,G2,48,1,7e-05,,1,3.152,5.46875
synthetic_04007,preprocessing,preprocessing,cluster_g2,alibaba_gpu_type_pool,G2,48,2,0.00025,,1,14.2,57.0
synthetic_04118,preprocessing,preprocessing,cluster_g2,alibaba_gpu_type_pool,G2,48,1,0.00035,,1,15.7,57.0
synthetic_04266,preprocessing,preprocessing,cluster_g2,alibaba_gpu_type_pool,G2,48,8,0.00025,,1,11.4,47.0
synthetic_04293,fine_tuning,fine_tuning,cluster_t4,alibaba_gpu_type_pool,T4,48,5,7e-05,T4,1,16.0,32.0
synthetic_04303,preprocessing,preprocessing,cluster_g2,alibaba_gpu_type_pool,G2,48,1,7e-05,,1,12.0,18.0
synthetic_04367,preprocessing,preprocessing,cluster_g2,alibaba_gpu_type_pool,G2,48,1,0.00035,,1,11.3,48.0
synthetic_04411,preprocessing,preprocessing,cluster_g2,alibaba_gpu_type_pool,G2,48,1,0.00025,,1,11.3,48.0
synthetic_04564,training,training,cluster_v100m16,alibaba_gpu_type_pool,V100M16,48,1,0.00025,V100M16|V100M32,1,3.152,5.46875
synthetic_04618,preprocessing,preprocessing,cluster_g2,alibaba_gpu_type_pool,G2,48,4,0.00025,,1,14.2,57.0
synthetic_04688,preprocessing,preprocessing,cluster_g2,alibaba_gpu_type_pool,G2,48,7,0.00035,,1,11.3,48.0
synthetic_04723,preprocessing,preprocessing,cluster_g2,alibaba_gpu_type_pool,G2,48,1,0.00025,,1,9.81,40.5859375
synthetic_00161,preprocessing,preprocessing,cluster_g2,alibaba_gpu_type_pool,G2,49,1,7e-05,,1,3.152,5.46875
synthetic_00279,fine_tuning,fine_tuning,cluster_t4,alibaba_gpu_type_pool,T4,49,2,7e-05,T4,1,11.4,76.0
synthetic_00384,fine_tuning,fine_tuning,cluster_t4,alibaba_gpu_type_pool,T4,49,2,7e-05,T4,1,12.0,16.0
synthetic_00391,preprocessing,preprocessing,cluster_g2,alibaba_gpu_type_pool,G2,49,1,7e-05,,1,3.152,5.46875
synthetic_00395,preprocessing,preprocessing,cluster_g2,alibaba_gpu_type_pool,G2,49,1,0.00035,,1,3.152,5.46875
synthetic_00444,preprocessing,preprocessing,cluster_g2,alibaba_gpu_type_pool,G2,49,1,0.00015,,1,8.0,29.8017578125
synthetic_00446,preprocessing,preprocessing,cluster_g2,alibaba_gpu_type_pool,G2,49,9,0.00025,,1,12.0,15.0
synthetic_00505,preprocessing,preprocessing,cluster_g2,alibaba_gpu_type_pool,G2,49,1,0.00025,,1,3.152,5.46875
synthetic_00510,preprocessing,preprocessing,cluster_g2,alibaba_gpu_type_pool,G2,49,3,0.00025,,1,11.3,48.0
synthetic_00660,preprocessing,preprocessing,cluster_g2,alibaba_gpu_type_pool,G2,49,1,0.00025,,1,18.708,63.0
synthetic_00692,preprocessing,preprocessing,cluster_g2,alibaba_gpu_type_pool,G2,49,1,0.00035,,1,11.4,47.0
synthetic_00711,fine_tuning,fine_tuning,cluster_t4,alibaba_gpu_type_pool,T4,49,1,7e-05,T4,1,4.0,22.3515625
synthetic_00734,preprocessing,preprocessing,cluster_g2,alibaba_gpu_type_pool,G2,49,1,0.00015,,1,11.3,48.0
synthetic_00826,preprocessing,preprocessing,cluster_g2,alibaba_gpu_type_pool,G2,49,2,0.00035,,1,11.908,46.0
synthetic_00983,preprocessing,preprocessing,cluster_g2,alibaba_gpu_type_pool,G2,49,1,0.00025,,1,3.152,5.46875
synthetic_01083,preprocessing,preprocessing,cluster_p100,alibaba_gpu_type_pool,P100,49,1,0.00025,P100|V100M16|V100M32,1,14.2,57.0
synthetic_01114,preprocessing,preprocessing,cluster_g2,alibaba_gpu_type_pool,G2,49,1,0.00035,,1,3.152,5.46875
synthetic_01169,training,training,cluster_v100m16,alibaba_gpu_type_pool,V100M16,49,1,0.00025,V100M16|V100M32,1,11.3,48.0
synthetic_01200,preprocessing,preprocessing,cluster_g2,alibaba_gpu_type_pool,G2,49,1,0.00035,,1,3.152,5.46875
synthetic_01396,preprocessing,preprocessing,cluster_g2,alibaba_gpu_type_pool,G2,49,3,0.00025,,1,15.7,57.0
synthetic_01471,preprocessing,preprocessing,cluster_g2,alibaba_gpu_type_pool,G2,49,7,0.00025,,1,16.0,64.0
synthetic_01531,preprocessing,preprocessing,cluster_g2,alibaba_gpu_type_pool,G2,49,2,0.00025,,1,4.0,30.517578125
synthetic_01558,fine_tuning,fine_tuning,cluster_p100,alibaba_gpu_type_pool,P100,49,1,0.00025,P100,1,3.152,5.46875
synthetic_01590,preprocessing,preprocessing,cluster_g2,alibaba_gpu_type_pool,G2,49,1,0.00035,,1,3.152,5.46875
synthetic_01693,fine_tuning,fine_tuning,cluster_t4,alibaba_gpu_type_pool,T4,49,12,7e-05,T4,1,4.0,29.8017578125
synthetic_01847,preprocessing,preprocessing,cluster_g2,alibaba_gpu_type_pool,G2,49,1,0.00035,,1,11.908,46.0
synthetic_01922,preprocessing,preprocessing,cluster_g2,alibaba_gpu_type_pool,G2,49,8,0.00035,,1,8.0,16.0
synthetic_02053,preprocessing,preprocessing,cluster_g2,alibaba_gpu_type_pool,G2,49,2,7e-05,,1,11.4,47.0
synthetic_02426,fine_tuning,fine_tuning,cluster_g3,alibaba_gpu_type_pool,G3,49,1,0.00035,G3,1,11.3,48.0
synthetic_02433,fine_tuning,fine_tuning,cluster_g2,alibaba_gpu_type_pool,G2,49,1,0.00035,G2,1,11.3,48.0
synthetic_02633,fine_tuning,fine_tuning,cluster_t4,alibaba_gpu_type_pool,T4,49,3,7e-05,T4,1,6.0,18.0
synthetic_02689,preprocessing,preprocessing,cluster_g2,alibaba_gpu_type_pool,G2,49,1,0.00035,,1,3.152,5.46875
synthetic_02715,fine_tuning,fine_tuning,cluster_t4,alibaba_gpu_type_pool,T4,49,1,7e-05,T4,1,9.81,40.5859375
synthetic_02777,preprocessing,preprocessing,cluster_g2,alibaba_gpu_type_pool,G2,49,1,0.00025,,1,4.0,29.8017578125
synthetic_02956,fine_tuning,fine_tuning,cluster_p100,alibaba_gpu_type_pool,P100,49,1,0.00025,P100,1,3.152,5.46875
synthetic_02986,preprocessing,preprocessing,cluster_g2,alibaba_gpu_type_pool,G2,49,1,0.00035,,1,8.0,29.8017578125
synthetic_03027,preprocessing,preprocessing,cluster_g2,alibaba_gpu_type_pool,G2,49,1,0.00025,,1,3.152,5.46875
synthetic_03195,preprocessing,preprocessing,cluster_g2,alibaba_gpu_type_pool,G2,49,4,0.00025,,1,11.3,48.0
synthetic_03304,preprocessing,preprocessing,cluster_g2,alibaba_gpu_type_pool,G2,49,1,7e-05,,1,12.0,16.0
synthetic_03354,preprocessing,preprocessing,cluster_g2,alibaba_gpu_type_pool,G2,49,3,0.00025,,1,4.0,22.3515625
synthetic_03386,preprocessing,preprocessing,cluster_g2,alibaba_gpu_type_pool,G2,49,1,0.00035,,1,3.152,5.46875
synthetic_03456,preprocessing,preprocessing,cluster_g2,alibaba_gpu_type_pool,G2,49,1,0.00025,,1,11.3,48.0
synthetic_03569,fine_tuning,fine_tuning,cluster_t4,alibaba_gpu_type_pool,T4,49,1,7e-05,T4,1,3.152,5.46875
synthetic_03576,preprocessing,preprocessing,cluster_g2,alibaba_gpu_type_pool,G2,49,1,0.00035,,1,11.3,48.0
synthetic_03711,preprocessing,preprocessing,cluster_g2,alibaba_gpu_type_pool,G2,49,5,0.00035,,1,11.4,47.0
synthetic_03795,preprocessing,preprocessing,cluster_g2,alibaba_gpu_type_pool,G2,49,3,0.00025,,1,12.0,16.0
synthetic_03909,preprocessing,preprocessing,cluster_g2,alibaba_gpu_type_pool,G2,49,1,0.00035,,1,11.3,48.0
synthetic_04046,fine_tuning,fine_tuning,cluster_g2,alibaba_gpu_type_pool,G2,49,14,0.00035,G2,1,16.0,64.0
synthetic_04136,preprocessing,preprocessing,cluster_g2,alibaba_gpu_type_pool,G2,49,15,0.00025,,1,12.0,15.0
synthetic_04244,fine_tuning,fine_tuning,cluster_t4,alibaba_gpu_type_pool,T4,49,2,7e-05,T4,1,3.152,5.46875
synthetic_04369,training,training,cluster_v100m32,alibaba_gpu_type_pool,V100M32,49,1,0.00025,V100M16|V100M32,1,3.152,5.46875
synthetic_04426,preprocessing,preprocessing,cluster_g2,alibaba_gpu_type_pool,G2,49,1,0.00025,,1,3.152,5.46875
synthetic_04576,fine_tuning,fine_tuning,cluster_t4,alibaba_gpu_type_pool,T4,49,1,7e-05,T4,1,3.152,5.46875
synthetic_04675,preprocessing,preprocessing,cluster_g2,alibaba_gpu_type_pool,G2,49,1,0.00035,,1,3.152,5.46875
synthetic_04742,preprocessing,preprocessing,cluster_g2,alibaba_gpu_type_pool,G2,49,9,0.00025,,1,4.0,22.3515625
synthetic_00180,preprocessing,preprocessing,cluster_g2,alibaba_gpu_type_pool,G2,50,1,0.00025,,1,12.0,24.0
synthetic_00183,preprocessing,preprocessing,cluster_g2,alibaba_gpu_type_pool,G2,50,1,0.00025,,1,15.7,57.0
synthetic_00457,preprocessing,preprocessing,cluster_g2,alibaba_gpu_type_pool,G2,50,3,0.00035,,1,15.2,79.0
synthetic_00467,fine_tuning,fine_tuning,cluster_t4,alibaba_gpu_type_pool,T4,50,15,7e-05,T4,1,8.0,29.8017578125
synthetic_00480,fine_tuning,fine_tuning,cluster_t4,alibaba_gpu_type_pool,T4,50,3,7e-05,T4,1,9.81,40.5859375
synthetic_00578,preprocessing,preprocessing,cluster_g2,alibaba_gpu_type_pool,G2,50,1,0.00015,,1,11.3,48.0
synthetic_00687,fine_tuning,fine_tuning,cluster_g2,alibaba_gpu_type_pool,G2,50,1,0.00035,G2,1,12.0,16.0
synthetic_00732,preprocessing,preprocessing,cluster_g2,alibaba_gpu_type_pool,G2,50,1,0.00025,,1,3.152,5.46875
synthetic_00846,preprocessing,preprocessing,cluster_g2,alibaba_gpu_type_pool,G2,50,1,0.00035,,1,11.3,48.0
synthetic_01004,preprocessing,preprocessing,cluster_g2,alibaba_gpu_type_pool,G2,50,1,0.00025,,1,11.9,76.0
synthetic_01044,preprocessing,preprocessing,cluster_g2,alibaba_gpu_type_pool,G2,50,4,0.00025,,1,11.908,46.0
synthetic_01161,fine_tuning,fine_tuning,cluster_t4,alibaba_gpu_type_pool,T4,50,2,7e-05,T4,1,4.0,14.900390625
synthetic_01168,fine_tuning,fine_tuning,cluster_g2,alibaba_gpu_type_pool,G2,50,1,0.00035,G2,1,11.9,76.0
synthetic_01382,fine_tuning,fine_tuning,cluster_t4,alibaba_gpu_type_pool,T4,50,1,7e-05,T4,1,11.3,48.0
synthetic_01397,preprocessing,preprocessing,cluster_g2,alibaba_gpu_type_pool,G2,50,4,0.00035,,1,4.0,14.900390625
synthetic_01445,preprocessing,preprocessing,cluster_g2,alibaba_gpu_type_pool,G2,50,7,7e-05,,1,8.0,29.8017578125
synthetic_01450,preprocessing,preprocessing,cluster_g2,alibaba_gpu_type_pool,G2,50,3,0.00025,,1,24.2,91.0
synthetic_01495,preprocessing,preprocessing,cluster_g2,alibaba_gpu_type_pool,G2,50,7,0.00025,,1,11.3,48.0
synthetic_01736,fine_tuning,fine_tuning,cluster_t4,alibaba_gpu_type_pool,T4,50,1,7e-05,T4,1,6.0,12.0
synthetic_01890,fine_tuning,fine_tuning,cluster_g2,alibaba_gpu_type_pool,G2,50,1,0.00035,G2,1,11.4,47.0
synthetic_02102,preprocessing,preprocessing,cluster_g2,alibaba_gpu_type_pool,G2,50,2,0.00025,,1,9.81,40.5859375
synthetic_02149,preprocessing,preprocessing,cluster_g2,alibaba_gpu_type_pool,G2,50,6,0.00035,,1,15.7,57.0
synthetic_02176,preprocessing,preprocessing,cluster_g2,alibaba_gpu_type_pool,G2,50,1,0.00035,,1,3.152,5.46875
synthetic_02327,fine_tuning,fine_tuning,cluster_t4,alibaba_gpu_type_pool,T4,50,1,7e-05,T4,1,11.3,48.0
synthetic_02462,preprocessing,preprocessing,cluster_g2,alibaba_gpu_type_pool,G2,50,2,0.00035,,1,8.0,29.8017578125
synthetic_02598,fine_tuning,fine_tuning,cluster_t4,alibaba_gpu_type_pool,T4,50,1,7e-05,T4,1,12.0,16.0
synthetic_02627,preprocessing,preprocessing,cluster_g2,alibaba_gpu_type_pool,G2,50,1,0.00025,,1,3.152,5.46875
synthetic_02647,fine_tuning,fine_tuning,cluster_t4,alibaba_gpu_type_pool,T4,50,4,7e-05,T4,1,4.0,22.3515625
synthetic_02668,preprocessing,preprocessing,cluster_g2,alibaba_gpu_type_pool,G2,50,1,0.00025,,1,3.152,5.46875
synthetic_02691,preprocessing,preprocessing,cluster_g2,alibaba_gpu_type_pool,G2,50,2,0.00025,,1,11.4,47.0
synthetic_02710,preprocessing,preprocessing,cluster_g2,alibaba_gpu_type_pool,G2,50,1,0.00025,,1,3.152,5.46875
synthetic_02840,preprocessing,preprocessing,cluster_g2,alibaba_gpu_type_pool,G2,50,1,0.00025,,1,3.152,5.46875
synthetic_02958,preprocessing,preprocessing,cluster_g2,alibaba_gpu_type_pool,G2,50,3,0.00025,,1,11.4,47.0
synthetic_03167,preprocessing,preprocessing,cluster_g2,alibaba_gpu_type_pool,G2,50,3,0.00025,,1,3.152,5.46875
synthetic_03280,fine_tuning,fine_tuning,cluster_t4,alibaba_gpu_type_pool,T4,50,1,7e-05,T4,1,3.152,5.46875
synthetic_03300,preprocessing,preprocessing,cluster_g2,alibaba_gpu_type_pool,G2,50,2,0.00035,,1,24.2,91.0
synthetic_03355,preprocessing,preprocessing,cluster_g2,alibaba_gpu_type_pool,G2,50,4,0.00035,,1,11.3,37.0
synthetic_03466,preprocessing,preprocessing,cluster_g2,alibaba_gpu_type_pool,G2,50,2,0.00035,,1,8.0,29.8017578125
synthetic_03626,training,training,cluster_v100m16,alibaba_gpu_type_pool,V100M16,50,1,0.00025,V100M16|V100M32,1,3.152,5.46875
synthetic_03865,fine_tuning,fine_tuning,cluster_t4,alibaba_gpu_type_pool,T4,50,3,7e-05,T4,1,6.0,32.0
synthetic_03884,preprocessing,preprocessing,cluster_g2,alibaba_gpu_type_pool,G2,50,6,0.00025,,1,11.908,46.0
synthetic_03910,preprocessing,preprocessing,cluster_g2,alibaba_gpu_type_pool,G2,50,2,0.00025,,1,8.0,16.0
synthetic_04150,preprocessing,preprocessing,cluster_g2,alibaba_gpu_type_pool,G2,50,5,7e-05,,1,11.908,46.0
synthetic_04210,preprocessing,preprocessing,cluster_g2,alibaba_gpu_type_pool,G2,50,1,0.00025,,1,3.152,5.46875
synthetic_04287,fine_tuning,fine_tuning,cluster_v100m32,alibaba_gpu_type_pool,V100M32,50,2,0.00025,V100M32,1,12.0,16.0
synthetic_04473,preprocessing,preprocessing,cluster_g2,alibaba_gpu_type_pool,G2,50,2,0.00025,,1,11.3,48.0
synthetic_04530,fine_tuning,fine_tuning,cluster_g3,alibaba_gpu_type_pool,G3,50,11,0.0028,G3,8,88.0,320.0
synthetic_04534,preprocessing,preprocessing,cluster_g2,alibaba_gpu_type_pool,G2,50,1,0.00025,,1,3.152,5.46875
synthetic_04661,fine_tuning,fine_tuning,cluster_t4,alibaba_gpu_type_pool,T4,50,1,7e-05,T4,1,3.152,5.46875
synthetic_00159,preprocessing,preprocessing,cluster_g2,alibaba_gpu_type_pool,G2,51,1,0.00015,,1,11.4,47.0
synthetic_00242,preprocessing,preprocessing,cluster_g2,alibaba_gpu_type_pool,G2,51,1,0.00015,,1,9.81,40.5859375
synthetic_00794,preprocessing,preprocessing,cluster_g2,alibaba_gpu_type_pool,G2,51,8,0.00035,,1,8.0,29.8017578125
synthetic_00836,preprocessing,preprocessing,cluster_g2,alibaba_gpu_type_pool,G2,51,1,7e-05,,1,14.2,57.0
synthetic_00849,fine_tuning,fine_tuning,cluster_t4,alibaba_gpu_type_pool,T4,51,3,7e-05,T4,1,3.152,5.46875
synthetic_00927,fine_tuning,fine_tuning,cluster_t4,alibaba_gpu_type_pool,T4,51,1,7e-05,T4,1,3.152,5.46875
synthetic_00957,preprocessing,preprocessing,cluster_p100,alibaba_gpu_type_pool,P100,51,1,0.00025,P100|V100M16|V100M32,1,14.2,57.0
synthetic_01047,preprocessing,preprocessing,cluster_g2,alibaba_gpu_type_pool,G2,51,5,0.00035,,1,11.4,47.0
synthetic_01051,preprocessing,preprocessing,cluster_g2,alibaba_gpu_type_pool,G2,51,1,0.00025,,1,11.908,46.0
synthetic_01223,preprocessing,preprocessing,cluster_g2,alibaba_gpu_type_pool,G2,51,2,7e-05,,1,9.81,40.5859375
synthetic_01588,fine_tuning,fine_tuning,cluster_t4,alibaba_gpu_type_pool,T4,51,3,7e-05,T4,1,6.0,32.0
synthetic_01642,preprocessing,preprocessing,cluster_g2,alibaba_gpu_type_pool,G2,51,1,0.00035,,1,3.152,5.46875
synthetic_01646,preprocessing,preprocessing,cluster_g2,alibaba_gpu_type_pool,G2,51,2,0.00025,,1,9.81,40.5859375
synthetic_01775,preprocessing,preprocessing,cluster_g2,alibaba_gpu_type_pool,G2,51,2,0.00025,,1,3.152,5.46875
synthetic_01781,preprocessing,preprocessing,cluster_g2,alibaba_gpu_type_pool,G2,51,1,0.00015,,1,11.4,47.0
synthetic_01795,preprocessing,preprocessing,cluster_g2,alibaba_gpu_type_pool,G2,51,1,0.00025,,1,4.0,29.8017578125
synthetic_01803,fine_tuning,fine_tuning,cluster_g2,alibaba_gpu_type_pool,G2,51,1,0.00035,G2,1,11.3,48.0
synthetic_01916,fine_tuning,fine_tuning,cluster_t4,alibaba_gpu_type_pool,T4,51,5,7e-05,T4,1,4.0,14.900390625
synthetic_02037,preprocessing,preprocessing,cluster_g2,alibaba_gpu_type_pool,G2,51,3,0.00025,,1,11.9,76.0
synthetic_02090,preprocessing,preprocessing,cluster_g2,alibaba_gpu_type_pool,G2,51,1,0.00035,,1,3.152,5.46875
synthetic_02136,fine_tuning,fine_tuning,cluster_p100,alibaba_gpu_type_pool,P100,51,8,0.00025,P100,1,8.0,29.8017578125
synthetic_02190,fine_tuning,fine_tuning,cluster_g2,alibaba_gpu_type_pool,G2,51,6,0.00035,G2,1,9.81,40.5859375
synthetic_02208,preprocessing,preprocessing,cluster_g2,alibaba_gpu_type_pool,G2,51,3,7e-05,,1,6.0,23.0
synthetic_02318,preprocessing,preprocessing,cluster_v100m32,alibaba_gpu_type_pool,V100M32,51,2,0.00025,P100|V100M16|V100M32,1,16.0,32.0
synthetic_02359,preprocessing,preprocessing,cluster_g2,alibaba_gpu_type_pool,G2,51,1,0.00025,,1,11.908,46.0
synthetic_02420,preprocessing,preprocessing,cluster_g2,alibaba_gpu_type_pool,G2,51,1,0.00035,,1,11.4,47.0
synthetic_02498,preprocessing,preprocessing,cluster_g2,alibaba_gpu_type_pool,G2,51,1,0.00025,,1,24.2,91.0
synthetic_02871,fine_tuning,fine_tuning,cluster_t4,alibaba_gpu_type_pool,T4,51,1,7e-05,T4,1,3.152,5.46875
synthetic_02887,fine_tuning,fine_tuning,cluster_g3,alibaba_gpu_type_pool,G3,51,1,0.00035,G3,1,3.152,5.46875
synthetic_02996,preprocessing,preprocessing,cluster_p100,alibaba_gpu_type_pool,P100,51,1,0.00025,P100|V100M16|V100M32,1,11.3,48.0
synthetic_03042,preprocessing,preprocessing,cluster_g2,alibaba_gpu_type_pool,G2,51,1,0.00025,,1,18.708,63.0
synthetic_03266,fine_tuning,fine_tuning,cluster_p100,alibaba_gpu_type_pool,P100,51,1,0.00025,P100,1,4.0,22.3515625
synthetic_03331,preprocessing,preprocessing,cluster_g2,alibaba_gpu_type_pool,G2,51,1,0.00025,,1,11.3,48.0
synthetic_03452,preprocessing,preprocessing,cluster_g2,alibaba_gpu_type_pool,G2,51,3,7e-05,,1,11.4,47.0
synthetic_03581,preprocessing,preprocessing,cluster_g2,alibaba_gpu_type_pool,G2,51,5,0.00025,,1,9.81,40.5859375
synthetic_03694,preprocessing,preprocessing,cluster_v100m16,alibaba_gpu_type_pool,V100M16,51,1,0.00025,P100|V100M16|V100M32,1,11.3,48.0
synthetic_03758,preprocessing,preprocessing,cluster_g2,alibaba_gpu_type_pool,G2,51,2,0.00025,,1,3.152,5.46875
synthetic_03916,preprocessing,preprocessing,cluster_g2,alibaba_gpu_type_pool,G2,51,1,0.00025,,1,14.2,57.0
synthetic_04032,fine_tuning,fine_tuning,cluster_t4,alibaba_gpu_type_pool,T4,51,1,7e-05,T4,1,11.3,48.0
synthetic_04129,fine_tuning,fine_tuning,cluster_t4,alibaba_gpu_type_pool,T4,51,1,7e-05,T4,1,11.908,46.0
synthetic_04280,preprocessing,preprocessing,cluster_g2,alibaba_gpu_type_pool,G2,51,6,7e-05,,1,16.0,64.0
synthetic_04286,preprocessing,preprocessing,cluster_g2,alibaba_gpu_type_pool,G2,51,1,0.00025,,1,3.152,5.46875
synthetic_04401,preprocessing,preprocessing,cluster_g2,alibaba_gpu_type_pool,G2,51,8,0.00035,,1,12.0,15.0
synthetic_04581,preprocessing,preprocessing,cluster_g2,alibaba_gpu_type_pool,G2,51,3,0.00025,,1,15.7,57.0
synthetic_04596,fine_tuning,fine_tuning,cluster_t4,alibaba_gpu_type_pool,T4,51,1,7e-05,T4,1,11.3,48.0
synthetic_04644,preprocessing,preprocessing,cluster_g2,alibaba_gpu_type_pool,G2,51,10,0.00035,,1,12.0,24.0
synthetic_04703,fine_tuning,fine_tuning,cluster_g2,alibaba_gpu_type_pool,G2,51,1,0.00035,G2,1,11.3,48.0
synthetic_04727,preprocessing,preprocessing,cluster_g2,alibaba_gpu_type_pool,G2,51,1,0.00035,,1,3.152,5.46875
synthetic_04868,preprocessing,preprocessing,cluster_g2,alibaba_gpu_type_pool,G2,51,1,7e-05,,1,12.0,24.0
synthetic_04903,training,training,cluster_v100m32,alibaba_gpu_type_pool,V100M32,51,5,0.00025,V100M16|V100M32,1,16.0,32.0
synthetic_04930,fine_tuning,fine_tuning,cluster_t4,alibaba_gpu_type_pool,T4,51,1,7e-05,T4,1,3.152,5.46875
synthetic_00110,preprocessing,preprocessing,cluster_g2,alibaba_gpu_type_pool,G2,52,1,0.00015,,1,4.0,22.3515625
synthetic_00303,fine_tuning,fine_tuning,cluster_t4,alibaba_gpu_type_pool,T4,52,1,7e-05,T4,1,11.3,48.0
synthetic_00455,preprocessing,preprocessing,cluster_g2,alibaba_gpu_type_pool,G2,52,1,0.00035,,1,15.7,57.0
synthetic_00722,fine_tuning,fine_tuning,cluster_t4,alibaba_gpu_type_pool,T4,52,1,7e-05,T4,1,8.0,29.8017578125
synthetic_00763,preprocessing,preprocessing,cluster_p100,alibaba_gpu_type_pool,P100,52,1,0.00025,P100|V100M16|V100M32,1,14.2,57.0
synthetic_00875,preprocessing,preprocessing,cluster_g2,alibaba_gpu_type_pool,G2,52,1,7e-05,,1,11.908,46.0
synthetic_00965,preprocessing,preprocessing,cluster_g2,alibaba_gpu_type_pool,G2,52,1,0.00025,,1,11.4,47.0
synthetic_01164,preprocessing,preprocessing,cluster_g2,alibaba_gpu_type_pool,G2,52,1,0.00035,,1,3.152,5.46875
synthetic_01221,preprocessing,preprocessing,cluster_g2,alibaba_gpu_type_pool,G2,52,5,0.00035,,1,9.81,40.5859375
synthetic_01257,preprocessing,preprocessing,cluster_g2,alibaba_gpu_type_pool,G2,52,4,0.00025,,1,8.0,29.8017578125
synthetic_01286,fine_tuning,fine_tuning,cluster_t4,alibaba_gpu_type_pool,T4,52,1,7e-05,T4,1,3.152,5.46875
synthetic_01319,preprocessing,preprocessing,cluster_v100m32,alibaba_gpu_type_pool,V100M32,52,6,0.00025,P100|V100M16|V100M32,1,8.0,16.0
synthetic_01448,preprocessing,preprocessing,cluster_g2,alibaba_gpu_type_pool,G2,52,1,0.00025,,1,4.0,14.900390625
synthetic_01514,fine_tuning,fine_tuning,cluster_t4,alibaba_gpu_type_pool,T4,52,8,7e-05,T4,1,4.0,14.900390625
synthetic_01541,preprocessing,preprocessing,cluster_g2,alibaba_gpu_type_pool,G2,52,1,0.0028,,8,64.2,257.0
synthetic_01734,preprocessing,preprocessing,cluster_g2,alibaba_gpu_type_pool,G2,52,1,0.00025,,1,15.7,57.0
synthetic_01762,preprocessing,preprocessing,cluster_g2,alibaba_gpu_type_pool,G2,52,1,0.00035,,1,11.4,76.0
synthetic_01887,fine_tuning,fine_tuning,cluster_t4,alibaba_gpu_type_pool,T4,52,1,7e-05,T4,1,4.152,10.3515625
synthetic_01912,preprocessing,preprocessing,cluster_g2,alibaba_gpu_type_pool,G2,52,1,0.00025,,1,3.152,5.46875
synthetic_01989,preprocessing,preprocessing,cluster_g2,alibaba_gpu_type_pool,G2,52,2,0.00035,,1,11.4,76.0
synthetic_02011,preprocessing,preprocessing,cluster_g2,alibaba_gpu_type_pool,G2,52,1,0.00035,,1,11.908,46.0
synthetic_02084,preprocessing,preprocessing,cluster_v100m16,alibaba_gpu_type_pool,V100M16,52,1,0.00025,P100|V100M16|V100M32,1,18.708,63.0
synthetic_02296,fine_tuning,fine_tuning,cluster_p100,alibaba_gpu_type_pool,P100,52,4,0.00025,P100,1,3.152,5.46875
synthetic_02322,fine_tuning,fine_tuning,cluster_t4,alibaba_gpu_type_pool,T4,52,4,7e-05,T4,1,3.152,5.46875
synthetic_02383,preprocessing,preprocessing,cluster_g2,alibaba_gpu_type_pool,G2,52,2,0.00025,,1,3.152,5.46875
synthetic_02622,preprocessing,preprocessing,cluster_g2,alibaba_gpu_type_pool,G2,52,2,0.00035,,1,3.152,5.46875
synthetic_02642,preprocessing,preprocessing,cluster_g2,alibaba_gpu_type_pool,G2,52,7,0.00025,,1,11.908,46.0
synthetic_02725,preprocessing,preprocessing,cluster_g2,alibaba_gpu_type_pool,G2,52,1,0.00035,,1,3.152,5.46875
synthetic_02862,training,training,cluster_v100m16,alibaba_gpu_type_pool,V100M16,52,2,0.00025,V100M16|V100M32,1,11.3,48.0
synthetic_03014,preprocessing,preprocessing,cluster_g2,alibaba_gpu_type_pool,G2,52,2,0.00035,,1,14.2,57.0
synthetic_03018,fine_tuning,fine_tuning,cluster_t4,alibaba_gpu_type_pool,T4,52,1,7e-05,T4,1,11.3,48.0
synthetic_03236,fine_tuning,fine_tuning,cluster_t4,alibaba_gpu_type_pool,T4,52,4,7e-05,T4,1,8.0,32.0
synthetic_03262,fine_tuning,fine_tuning,cluster_t4,alibaba_gpu_type_pool,T4,52,13,7e-05,T4,1,9.81,40.5859375
synthetic_03485,fine_tuning,fine_tuning,cluster_t4,alibaba_gpu_type_pool,T4,52,1,7e-05,T4,1,3.152,5.46875
synthetic_03524,fine_tuning,fine_tuning,cluster_t4,alibaba_gpu_type_pool,T4,52,2,7e-05,T4,1,4.0,29.8017578125
synthetic_03599,preprocessing,preprocessing,cluster_g2,alibaba_gpu_type_pool,G2,52,2,0.00025,,1,4.0,29.8017578125
synthetic_03648,preprocessing,preprocessing,cluster_g2,alibaba_gpu_type_pool,G2,52,2,0.00025,,1,11.3,48.0
synthetic_03693,fine_tuning,fine_tuning,cluster_t4,alibaba_gpu_type_pool,T4,52,1,7e-05,T4,1,18.708,63.0
synthetic_03710,preprocessing,preprocessing,cluster_g2,alibaba_gpu_type_pool,G2,52,1,7e-05,,1,11.3,48.0
synthetic_03717,preprocessing,preprocessing,cluster_g2,alibaba_gpu_type_pool,G2,52,1,0.00025,,1,11.3,48.0
synthetic_03720,fine_tuning,fine_tuning,cluster_p100,alibaba_gpu_type_pool,P100,52,1,0.00025,P100,1,4.152,10.3515625
synthetic_03869,fine_tuning,fine_tuning,cluster_g2,alibaba_gpu_type_pool,G2,52,1,0.00035,G2,1,3.152,5.46875
synthetic_04034,preprocessing,preprocessing,cluster_g2,alibaba_gpu_type_pool,G2,52,1,0.00025,,1,11.908,46.0
synthetic_04039,fine_tuning,fine_tuning,cluster_t4,alibaba_gpu_type_pool,T4,52,1,7e-05,T4,1,3.152,5.46875
synthetic_04070,preprocessing,preprocessing,cluster_g2,alibaba_gpu_type_pool,G2,52,1,7e-05,,1,15.7,57.0
synthetic_04188,fine_tuning,fine_tuning,cluster_p100,alibaba_gpu_type_pool,P100,52,5,0.00025,P100,1,4.0,22.3515625
synthetic_04212,preprocessing,preprocessing,cluster_g2,alibaba_gpu_type_pool,G2,52,1,0.00035,,1,3.152,5.46875
synthetic_04446,preprocessing,preprocessing,cluster_g2,alibaba_gpu_type_pool,G2,52,4,7e-05,,1,11.4,47.0
synthetic_04528,fine_tuning,fine_tuning,cluster_g2,alibaba_gpu_type_pool,G2,52,1,0.00035,G2,1,9.81,40.5859375
synthetic_04565,fine_tuning,fine_tuning,cluster_g2,alibaba_gpu_type_pool,G2,52,2,0.00035,G2,1,12.0,16.0
synthetic_04669,training,training,cluster_v100m16,alibaba_gpu_type_pool,V100M16,52,2,0.00025,V100M16|V100M32,1,11.4,47.0
synthetic_04916,preprocessing,preprocessing,cluster_g2,alibaba_gpu_type_pool,G2,52,1,0.00025,,1,11.908,46.0
synthetic_04985,preprocessing,preprocessing,cluster_g2,alibaba_gpu_type_pool,G2,52,1,0.00035,,1,9.81,40.5859375
synthetic_00190,preprocessing,preprocessing,cluster_g2,alibaba_gpu_type_pool,G2,53,5,0.00025,,1,4.0,29.8017578125
synthetic_00206,fine_tuning,fine_tuning,cluster_t4,alibaba_gpu_type_pool,T4,53,2,7e-05,T4,1,16.0,32.0
synthetic_00244,training,training,cluster_v100m16,alibaba_gpu_type_pool,V100M16,53,2,0.00025,V100M16|V100M32,1,15.7,57.0
synthetic_00348,preprocessing,preprocessing,cluster_g2,alibaba_gpu_type_pool,G2,53,2,0.00035,,1,6.0,6.0
synthetic_00379,preprocessing,preprocessing,cluster_g2,alibaba_gpu_type_pool,G2,53,1,0.00035,,1,3.152,5.46875
synthetic_00459,preprocessing,preprocessing,cluster_g2,alibaba_gpu_type_pool,G2,53,1,0.00025,,1,3.152,5.46875
synthetic_00464,preprocessing,preprocessing,cluster_g2,alibaba_gpu_type_pool,G2,53,1,0.00025,,1,3.152,5.46875
synthetic_00564,preprocessing,preprocessing,cluster_g2,alibaba_gpu_type_pool,G2,53,1,0.00035,,1,3.152,5.46875
synthetic_00684,fine_tuning,fine_tuning,cluster_t4,alibaba_gpu_type_pool,T4,53,2,7e-05,T4,1,3.152,5.46875
synthetic_00696,preprocessing,preprocessing,cluster_p100,alibaba_gpu_type_pool,P100,53,1,7e-05,P100|T4|V100M16|V100M32,1,11.3,48.0
synthetic_00739,preprocessing,preprocessing,cluster_g2,alibaba_gpu_type_pool,G2,53,1,7e-05,,1,4.0,14.900390625
synthetic_00863,fine_tuning,fine_tuning,cluster_g2,alibaba_gpu_type_pool,G2,53,4,0.00035,G2,1,15.7,57.0
synthetic_00916,fine_tuning,fine_tuning,cluster_t4,alibaba_gpu_type_pool,T4,53,5,7e-05,T4,1,12.0,16.0
synthetic_01009,preprocessing,preprocessing,cluster_g2,alibaba_gpu_type_pool,G2,53,1,0.00025,,1,12.0,16.0
synthetic_01165,preprocessing,preprocessing,cluster_g2,alibaba_gpu_type_pool,G2,53,1,7e-05,,1,11.4,47.0
synthetic_01218,preprocessing,preprocessing,cluster_g2,alibaba_gpu_type_pool,G2,53,1,0.00025,,1,3.152,5.46875
synthetic_01401,fine_tuning,fine_tuning,cluster_t4,alibaba_gpu_type_pool,T4,53,1,7e-05,T4,1,11.3,48.0
synthetic_01428,preprocessing,preprocessing,cluster_g2,alibaba_gpu_type_pool,G2,53,1,0.00025,,1,11.4,76.0
synthetic_01638,preprocessing,preprocessing,cluster_g2,alibaba_gpu_type_pool,G2,53,7,7e-05,,1,16.0,64.0
synthetic_01656,fine_tuning,fine_tuning,cluster_t4,alibaba_gpu_type_pool,T4,53,2,7e-05,T4,1,8.0,29.8017578125
synthetic_01664,preprocessing,preprocessing,cluster_g2,alibaba_gpu_type_pool,G2,53,1,0.00025,,1,1.0,2.0
synthetic_01826,preprocessing,preprocessing,cluster_g2,alibaba_gpu_type_pool,G2,53,8,0.00035,,1,8.0,29.8017578125
synthetic_02089,preprocessing,preprocessing,cluster_g2,alibaba_gpu_type_pool,G2,53,4,0.00035,,1,4.0,29.8017578125
synthetic_02159,preprocessing,preprocessing,cluster_g2,alibaba_gpu_type_pool,G2,53,1,0.00035,,1,8.0,29.8017578125
synthetic_02278,training,training,cluster_v100m32,alibaba_gpu_type_pool,V100M32,53,1,0.00025,V100M16|V100M32,1,3.152,5.46875
synthetic_02312,preprocessing,preprocessing,cluster_v100m16,alibaba_gpu_type_pool,V100M16,53,3,0.00025,P100|T4|V100M16|V100M32,1,11.3,37.0
synthetic_02348,fine_tuning,fine_tuning,cluster_t4,alibaba_gpu_type_pool,T4,53,1,7e-05,T4,1,3.152,5.46875
synthetic_02504,fine_tuning,fine_tuning,cluster_t4,alibaba_gpu_type_pool,T4,53,1,7e-05,T4,1,3.152,5.46875
synthetic_02589,fine_tuning,fine_tuning,cluster_g2,alibaba_gpu_type_pool,G2,53,1,0.00035,G2,1,11.3,48.0
synthetic_02652,preprocessing,preprocessing,cluster_g2,alibaba_gpu_type_pool,G2,53,8,0.00025,,1,11.4,47.0
synthetic_02729,preprocessing,preprocessing,cluster_g2,alibaba_gpu_type_pool,G2,53,1,0.00025,,1,3.152,5.46875
synthetic_02824,fine_tuning,fine_tuning,cluster_t4,alibaba_gpu_type_pool,T4,53,1,7e-05,T4,1,4.0,22.3515625
synthetic_02973,preprocessing,preprocessing,cluster_g2,alibaba_gpu_type_pool,G2,53,2,0.00025,,1,16.0,32.0
synthetic_02989,fine_tuning,fine_tuning,cluster_t4,alibaba_gpu_type_pool,T4,53,13,7e-05,T4,1,12.0,15.0
synthetic_03021,fine_tuning,fine_tuning,cluster_t4,alibaba_gpu_type_pool,T4,53,4,7e-05,T4,1,11.9,76.0
synthetic_03034,preprocessing,preprocessing,cluster_g2,alibaba_gpu_type_pool,G2,53,1,0.00035,,1,3.152,5.46875
synthetic_03113,fine_tuning,fine_tuning,cluster_t4,alibaba_gpu_type_pool,T4,53,2,7e-05,T4,1,11.908,46.0
synthetic_03115,fine_tuning,fine_tuning,cluster_t4,alibaba_gpu_type_pool,T4,53,3,7e-05,T4,1,11.908,46.0
synthetic_03154,preprocessing,preprocessing,cluster_g2,alibaba_gpu_type_pool,G2,53,1,0.00025,,1,4.0,29.8017578125
synthetic_03156,preprocessing,preprocessing,cluster_g2,alibaba_gpu_type_pool,G2,53,12,0.00025,,1,8.0,29.8017578125
synthetic_03165,fine_tuning,fine_tuning,cluster_t4,alibaba_gpu_type_pool,T4,53,1,7e-05,T4,1,18.708,63.0
synthetic_03269,preprocessing,preprocessing,cluster_g2,alibaba_gpu_type_pool,G2,53,1,0.00025,,1,11.3,48.0
synthetic_03285,preprocessing,preprocessing,cluster_g2,alibaba_gpu_type_pool,G2,53,1,0.00025,,1,6.0,6.0
synthetic_03396,preprocessing,preprocessing,cluster_g2,alibaba_gpu_type_pool,G2,53,1,0.00025,,1,11.4,47.0
synthetic_03398,fine_tuning,fine_tuning,cluster_t4,alibaba_gpu_type_pool,T4,53,1,7e-05,T4,1,9.81,40.5859375
synthetic_03413,fine_tuning,fine_tuning,cluster_t4,alibaba_gpu_type_pool,T4,53,4,7e-05,T4,1,14.2,57.0
synthetic_03428,preprocessing,preprocessing,cluster_g2,alibaba_gpu_type_pool,G2,53,2,0.00035,,1,3.152,5.46875
synthetic_03465,fine_tuning,fine_tuning,cluster_t4,alibaba_gpu_type_pool,T4,53,1,7e-05,T4,1,3.152,5.46875
synthetic_03737,preprocessing,preprocessing,cluster_g2,alibaba_gpu_type_pool,G2,53,5,0.00035,G2|P100|T4|V100M16|V100M32,1,11.4,47.0
synthetic_03802,fine_tuning,fine_tuning,cluster_t4,alibaba_gpu_type_pool,T4,53,2,7e-05,T4,1,11.3,48.0
synthetic_03824,preprocessing,preprocessing,cluster_g2,alibaba_gpu_type_pool,G2,53,9,0.00035,,1,4.0,22.3515625
synthetic_03848,preprocessing,preprocessing,cluster_g2,alibaba_gpu_type_pool,G2,53,1,7e-05,,1,3.152,5.46875
synthetic_03850,preprocessing,preprocessing,cluster_g2,alibaba_gpu_type_pool,G2,53,1,0.00025,,1,3.152,5.46875
synthetic_03878,fine_tuning,fine_tuning,cluster_g2,alibaba_gpu_type_pool,G2,53,2,0.00035,G2,1,12.0,23.0
synthetic_03901,preprocessing,preprocessing,cluster_g2,alibaba_gpu_type_pool,G2,53,4,0.00025,,1,8.0,32.0
synthetic_03904,fine_tuning,fine_tuning,cluster_t4,alibaba_gpu_type_pool,T4,53,1,7e-05,T4,1,11.3,48.0
synthetic_03922,fine_tuning,fine_tuning,cluster_t4,alibaba_gpu_type_pool,T4,53,5,7e-05,T4,1,15.2,79.0
synthetic_03954,fine_tuning,fine_tuning,cluster_t4,alibaba_gpu_type_pool,T4,53,1,7e-05,T4,1,3.152,5.46875
synthetic_04061,preprocessing,preprocessing,cluster_g2,alibaba_gpu_type_pool,G2,53,3,0.00025,,1,3.152,5.46875
synthetic_04172,preprocessing,preprocessing,cluster_g2,alibaba_gpu_type_pool,G2,53,1,0.00035,,1,11.908,46.0
synthetic_04257,preprocessing,preprocessing,cluster_g2,alibaba_gpu_type_pool,G2,53,5,0.00025,,1,4.0,24.0
synthetic_04343,preprocessing,preprocessing,cluster_g2,alibaba_gpu_type_pool,G2,53,1,0.0028,,8,64.2,257.0
synthetic_04421,fine_tuning,fine_tuning,cluster_v100m32,alibaba_gpu_type_pool,V100M32,53,1,0.0005,V100M32,2,17.4,42.0
synthetic_04434,preprocessing,preprocessing,cluster_g2,alibaba_gpu_type_pool,G2,53,1,0.00035,,1,11.4,76.0
synthetic_04488,preprocessing,preprocessing,cluster_g2,alibaba_gpu_type_pool,G2,53,2,0.00025,,1,4.0,29.8017578125
synthetic_04498,preprocessing,preprocessing,cluster_g2,alibaba_gpu_type_pool,G2,53,5,0.00025,,1,15.2,79.0
synthetic_04505,preprocessing,preprocessing,cluster_g2,alibaba_gpu_type_pool,G2,53,1,0.00035,,1,3.152,5.46875
synthetic_04673,fine_tuning,fine_tuning,cluster_t4,alibaba_gpu_type_pool,T4,53,1,7e-05,T4,1,4.0,29.8017578125
synthetic_04682,fine_tuning,fine_tuning,cluster_t4,alibaba_gpu_type_pool,T4,53,11,7e-05,T4,1,11.4,47.0
synthetic_04824,preprocessing,preprocessing,cluster_g2,alibaba_gpu_type_pool,G2,53,14,0.00025,,1,9.81,40.5859375
synthetic_04841,preprocessing,preprocessing,cluster_g2,alibaba_gpu_type_pool,G2,53,1,0.00035,,1,3.152,5.46875
synthetic_04844,preprocessing,preprocessing,cluster_g2,alibaba_gpu_type_pool,G2,53,1,0.00025,,1,3.152,5.46875
synthetic_04942,fine_tuning,fine_tuning,cluster_g3,alibaba_gpu_type_pool,G3,53,6,0.00035,G3,1,12.0,24.0
synthetic_00170,fine_tuning,fine_tuning,cluster_t4,alibaba_gpu_type_pool,T4,54,1,7e-05,T4,1,11.908,46.0
synthetic_00235,preprocessing,preprocessing,cluster_v100m32,alibaba_gpu_type_pool,V100M32,54,2,0.00025,P100|T4|V100M16|V100M32,1,11.4,47.0
synthetic_00324,preprocessing,preprocessing,cluster_g2,alibaba_gpu_type_pool,G2,54,3,0.00025,,1,8.0,29.8017578125
synthetic_00326,preprocessing,preprocessing,cluster_g2,alibaba_gpu_type_pool,G2,54,1,0.00035,,1,14.2,57.0
synthetic_00339,preprocessing,preprocessing,cluster_g2,alibaba_gpu_type_pool,G2,54,1,0.00025,,1,11.908,46.0
synthetic_00372,fine_tuning,fine_tuning,cluster_g3,alibaba_gpu_type_pool,G3,54,5,0.00035,G3,1,4.0,24.0
synthetic_00381,preprocessing,preprocessing,cluster_g2,alibaba_gpu_type_pool,G2,54,4,0.00025,,1,11.4,47.0
synthetic_00476,preprocessing,preprocessing,cluster_g2,alibaba_gpu_type_pool,G2,54,1,0.00025,,1,3.152,5.46875
synthetic_00485,preprocessing,preprocessing,cluster_g2,alibaba_gpu_type_pool,G2,54,2,7e-05,,1,11.908,46.0
synthetic_00563,fine_tuning,fine_tuning,cluster_g2,alibaba_gpu_type_pool,G2,54,3,0.00035,G2,1,11.4,76.0
synthetic_00606,fine_tuning,fine_tuning,cluster_t4,alibaba_gpu_type_pool,T4,54,2,7e-05,T4,1,11.908,46.0
synthetic_00883,preprocessing,preprocessing,cluster_g2,alibaba_gpu_type_pool,G2,54,8,0.00035,,1,11.3,37.0
synthetic_00993,fine_tuning,fine_tuning,cluster_t4,alibaba_gpu_type_pool,T4,54,1,7e-05,T4,1,11.3,48.0
synthetic_01072,fine_tuning,fine_tuning,cluster_t4,alibaba_gpu_type_pool,T4,54,1,7e-05,T4,1,11.3,48.0
synthetic_01150,fine_tuning,fine_tuning,cluster_g3,alibaba_gpu_type_pool,G3,54,5,0.00035,G3,1,11.9,76.0
synthetic_01364,preprocessing,preprocessing,cluster_g2,alibaba_gpu_type_pool,G2,54,3,7e-05,,1,1.0,2.0
synthetic_01415,fine_tuning,fine_tuning,cluster_g2,alibaba_gpu_type_pool,G2,54,1,0.0028,G2,8,64.2,257.0
synthetic_01442,preprocessing,preprocessing,cluster_g2,alibaba_gpu_type_pool,G2,54,1,0.00025,,1,3.152,5.46875
synthetic_01518,fine_tuning,fine_tuning,cluster_t4,alibaba_gpu_type_pool,T4,54,1,7e-05,T4,1,12.0,24.0
synthetic_01573,preprocessing,preprocessing,cluster_g2,alibaba_gpu_type_pool,G2,54,5,0.00035,,1,12.0,16.0
synthetic_01657,preprocessing,preprocessing,cluster_g2,alibaba_gpu_type_pool,G2,54,3,0.00035,,1,15.7,57.0
synthetic_01858,fine_tuning,fine_tuning,cluster_g2,alibaba_gpu_type_pool,G2,54,4,0.00035,G2,1,8.0,16.0
synthetic_01896,preprocessing,preprocessing,cluster_g2,alibaba_gpu_type_pool,G2,54,9,7e-05,,1,11.908,46.0
synthetic_02016,preprocessing,preprocessing,cluster_g2,alibaba_gpu_type_pool,G2,54,7,0.00025,,1,4.0,29.8017578125
synthetic_02066,preprocessing,preprocessing,cluster_g2,alibaba_gpu_type_pool,G2,54,1,7e-05,,1,3.152,5.46875
synthetic_02083,preprocessing,preprocessing,cluster_g2,alibaba_gpu_type_pool,G2,54,1,0.00015,,1,3.152,5.46875
synthetic_02101,preprocessing,preprocessing,cluster_g2,alibaba_gpu_type_pool,G2,54,3,7e-05,,1,11.908,46.0
synthetic_02107,preprocessing,preprocessing,cluster_g2,alibaba_gpu_type_pool,G2,54,1,7e-05,,1,3.152,5.46875
synthetic_02132,fine_tuning,fine_tuning,cluster_t4,alibaba_gpu_type_pool,T4,54,7,7e-05,T4,1,1.0,6.0
synthetic_02134,preprocessing,preprocessing,cluster_g2,alibaba_gpu_type_pool,G2,54,15,0.00025,,1,8.0,29.8017578125
synthetic_02283,preprocessing,preprocessing,cluster_g2,alibaba_gpu_type_pool,G2,54,1,0.00035,,1,3.152,5.46875
synthetic_02321,preprocessing,preprocessing,cluster_g2,alibaba_gpu_type_pool,G2,54,6,0.00025,,1,11.4,47.0
synthetic_02396,preprocessing,preprocessing,cluster_g2,alibaba_gpu_type_pool,G2,54,1,0.00035,,1,11.908,46.0
synthetic_02411,preprocessing,preprocessing,cluster_g2,alibaba_gpu_type_pool,G2,54,3,0.00025,,1,8.0,29.8017578125
synthetic_02423,fine_tuning,fine_tuning,cluster_v100m32,alibaba_gpu_type_pool,V100M32,54,1,0.0005,V100M32,2,16.2,65.0
synthetic_02513,preprocessing,preprocessing,cluster_g2,alibaba_gpu_type_pool,G2,54,2,7e-05,A10|G2|T4|V100M16|V100M32,1,11.3,48.0
synthetic_02568,preprocessing,preprocessing,cluster_g2,alibaba_gpu_type_pool,G2,54,1,0.00035,,1,3.152,5.46875
synthetic_02576,preprocessing,preprocessing,cluster_g2,alibaba_gpu_type_pool,G2,54,2,0.00025,,1,14.2,57.0
synthetic_02676,preprocessing,preprocessing,cluster_g2,alibaba_gpu_type_pool,G2,54,5,0.00025,,1,11.4,47.0
synthetic_02680,fine_tuning,fine_tuning,cluster_t4,alibaba_gpu_type_pool,T4,54,1,7e-05,T4,1,11.3,48.0
synthetic_02766,preprocessing,preprocessing,cluster_g2,alibaba_gpu_type_pool,G2,54,1,0.00025,,1,11.3,48.0
synthetic_02787,training,training,cluster_v100m32,alibaba_gpu_type_pool,V100M32,54,2,0.00025,V100M16|V100M32,1,11.4,47.0
synthetic_02791,preprocessing,preprocessing,cluster_g2,alibaba_gpu_type_pool,G2,54,1,0.00035,,1,11.4,47.0
synthetic_03203,preprocessing,preprocessing,cluster_g2,alibaba_gpu_type_pool,G2,54,1,0.00035,,1,18.708,63.0
synthetic_03261,fine_tuning,fine_tuning,cluster_t4,alibaba_gpu_type_pool,T4,54,1,7e-05,T4,1,3.152,5.46875
synthetic_03341,fine_tuning,fine_tuning,cluster_t4,alibaba_gpu_type_pool,T4,54,5,7e-05,T4,1,15.2,79.0
synthetic_03388,preprocessing,preprocessing,cluster_g2,alibaba_gpu_type_pool,G2,54,2,0.00025,,1,6.0,22.3515625
synthetic_03462,preprocessing,preprocessing,cluster_g2,alibaba_gpu_type_pool,G2,54,1,0.00025,,1,24.2,91.0
synthetic_03464,preprocessing,preprocessing,cluster_g2,alibaba_gpu_type_pool,G2,54,4,0.00035,,1,11.4,47.0
synthetic_03490,preprocessing,preprocessing,cluster_g2,alibaba_gpu_type_pool,G2,54,2,0.00035,,1,3.152,5.46875
synthetic_03551,preprocessing,preprocessing,cluster_p100,alibaba_gpu_type_pool,P100,54,2,0.00025,P100|T4|V100M16|V100M32,1,11.3,48.0
synthetic_03560,fine_tuning,fine_tuning,cluster_t4,alibaba_gpu_type_pool,T4,54,1,7e-05,T4,1,12.0,16.0
synthetic_03579,fine_tuning,fine_tuning,cluster_t4,alibaba_gpu_type_pool,T4,54,2,7e-05,T4,1,4.0,14.900390625
synthetic_03602,preprocessing,preprocessing,cluster_g2,alibaba_gpu_type_pool,G2,54,4,0.00035,,1,4.0,22.3515625
synthetic_03609,preprocessing,preprocessing,cluster_g2,alibaba_gpu_type_pool,G2,54,1,7e-05,,1,18.708,63.0
synthetic_03638,fine_tuning,fine_tuning,cluster_t4,alibaba_gpu_type_pool,T4,54,1,7e-05,T4,1,11.4,47.0
synthetic_03691,preprocessing,preprocessing,cluster_g2,alibaba_gpu_type_pool,G2,54,1,0.00025,,1,3.152,5.46875
synthetic_03838,fine_tuning,fine_tuning,cluster_p100,alibaba_gpu_type_pool,P100,54,1,0.00025,P100,1,3.152,5.46875
synthetic_03854,preprocessing,preprocessing,cluster_g2,alibaba_gpu_type_pool,G2,54,1,7e-05,,1,3.152,5.46875
synthetic_03859,preprocessing,preprocessing,cluster_g2,alibaba_gpu_type_pool,G2,54,1,7e-05,,1,3.152,5.46875
synthetic_03924,fine_tuning,fine_tuning,cluster_p100,alibaba_gpu_type_pool,P100,54,1,0.00025,P100,1,3.152,5.46875
synthetic_03981,preprocessing,preprocessing,cluster_g2,alibaba_gpu_type_pool,G2,54,1,0.00035,,1,3.152,5.46875
synthetic_04009,preprocessing,preprocessing,cluster_g2,alibaba_gpu_type_pool,G2,54,1,7e-05,,1,3.152,5.46875
synthetic_04057,preprocessing,preprocessing,cluster_g2,alibaba_gpu_type_pool,G2,54,3,0.00035,,1,12.0,18.0
synthetic_04099,preprocessing,preprocessing,cluster_g2,alibaba_gpu_type_pool,G2,54,3,7e-05,,1,15.7,57.0
synthetic_04102,preprocessing,preprocessing,cluster_g2,alibaba_gpu_type_pool,G2,54,2,0.00025,,1,11.908,46.0
synthetic_04103,fine_tuning,fine_tuning,cluster_g2,alibaba_gpu_type_pool,G2,54,2,0.00035,G2,1,11.4,47.0
synthetic_04159,preprocessing,preprocessing,cluster_g2,alibaba_gpu_type_pool,G2,54,3,0.00025,,1,11.3,48.0
synthetic_04298,preprocessing,preprocessing,cluster_g2,alibaba_gpu_type_pool,G2,54,1,0.00025,,1,3.152,5.46875
synthetic_04337,preprocessing,preprocessing,cluster_g2,alibaba_gpu_type_pool,G2,54,4,0.00035,,1,12.0,24.0
synthetic_04355,preprocessing,preprocessing,cluster_g2,alibaba_gpu_type_pool,G2,54,1,0.00035,,1,12.0,24.0
synthetic_04362,preprocessing,preprocessing,cluster_g2,alibaba_gpu_type_pool,G2,54,1,0.00035,,1,2.0,16.0
synthetic_04566,preprocessing,preprocessing,cluster_g2,alibaba_gpu_type_pool,G2,54,3,0.00025,,1,11.4,47.0
synthetic_04579,preprocessing,preprocessing,cluster_g2,alibaba_gpu_type_pool,G2,54,1,0.00025,,1,4.152,10.3515625
synthetic_04623,fine_tuning,fine_tuning,cluster_t4,alibaba_gpu_type_pool,T4,54,1,7e-05,T4,1,11.4,47.0
synthetic_04628,preprocessing,preprocessing,cluster_g2,alibaba_gpu_type_pool,G2,54,2,0.00025,,1,6.0,6.0
synthetic_04698,preprocessing,preprocessing,cluster_g2,alibaba_gpu_type_pool,G2,54,11,0.00035,,1,11.908,46.0
synthetic_04858,preprocessing,preprocessing,cluster_g2,alibaba_gpu_type_pool,G2,54,1,0.00025,,1,3.152,5.46875
synthetic_04997,fine_tuning,fine_tuning,cluster_g2,alibaba_gpu_type_pool,G2,54,11,0.00035,G2,1,14.9,72.0
synthetic_00059,preprocessing,preprocessing,cluster_g2,alibaba_gpu_type_pool,G2,55,1,7e-05,,1,3.152,5.46875
synthetic_00186,preprocessing,preprocessing,cluster_g2,alibaba_gpu_type_pool,G2,55,1,0.00035,,1,4.0,14.900390625
synthetic_00245,preprocessing,preprocessing,cluster_g2,alibaba_gpu_type_pool,G2,55,1,0.00015,,1,1.0,2.0
synthetic_00441,preprocessing,preprocessing,cluster_g2,alibaba_gpu_type_pool,G2,55,10,0.00035,,1,8.2,33.0
synthetic_00490,preprocessing,preprocessing,cluster_g2,alibaba_gpu_type_pool,G2,55,1,0.00025,,1,11.4,47.0
synthetic_00497,preprocessing,preprocessing,cluster_g2,alibaba_gpu_type_pool,G2,55,1,0.00035,,1,3.152,5.46875
synthetic_00571,preprocessing,preprocessing,cluster_g2,alibaba_gpu_type_pool,G2,55,10,7e-05,,1,12.0,24.0
synthetic_00603,preprocessing,preprocessing,cluster_g2,alibaba_gpu_type_pool,G2,55,1,0.00025,,1,11.908,46.0
synthetic_00776,preprocessing,preprocessing,cluster_g2,alibaba_gpu_type_pool,G2,55,1,7e-05,,1,3.152,5.46875
synthetic_01029,fine_tuning,fine_tuning,cluster_t4,alibaba_gpu_type_pool,T4,55,7,7e-05,T4,1,1.0,6.0
synthetic_01040,fine_tuning,fine_tuning,cluster_t4,alibaba_gpu_type_pool,T4,55,1,7e-05,T4,1,3.152,5.46875
synthetic_01063,preprocessing,preprocessing,cluster_g2,alibaba_gpu_type_pool,G2,55,1,0.00025,,1,11.908,46.0
synthetic_01074,preprocessing,preprocessing,cluster_g2,alibaba_gpu_type_pool,G2,55,12,0.00035,,1,2.0,16.0
synthetic_01102,preprocessing,preprocessing,cluster_g2,alibaba_gpu_type_pool,G2,55,2,0.00015,,1,6.0,6.0
synthetic_01141,preprocessing,preprocessing,cluster_g2,alibaba_gpu_type_pool,G2,55,5,7e-05,,1,11.908,46.0
synthetic_01587,fine_tuning,fine_tuning,cluster_t4,alibaba_gpu_type_pool,T4,55,5,7e-05,T4,1,4.0,24.0
synthetic_01806,preprocessing,preprocessing,cluster_g2,alibaba_gpu_type_pool,G2,55,6,7e-05,,1,11.4,47.0
synthetic_01812,preprocessing,preprocessing,cluster_g2,alibaba_gpu_type_pool,G2,55,5,0.00025,,1,4.0,24.0
synthetic_01825,preprocessing,preprocessing,cluster_g2,alibaba_gpu_type_pool,G2,55,1,0.00025,,1,3.152,5.46875
synthetic_01829,preprocessing,preprocessing,cluster_g2,alibaba_gpu_type_pool,G2,55,1,0.00035,,1,3.152,5.46875
synthetic_01831,preprocessing,preprocessing,cluster_g2,alibaba_gpu_type_pool,G2,55,2,7e-05,,1,4.152,10.3515625
synthetic_01931,preprocessing,preprocessing,cluster_g2,alibaba_gpu_type_pool,G2,55,1,0.00035,,1,11.4,47.0
synthetic_01936,preprocessing,preprocessing,cluster_g2,alibaba_gpu_type_pool,G2,55,4,0.00035,,1,12.0,15.0
synthetic_01980,preprocessing,preprocessing,cluster_g2,alibaba_gpu_type_pool,G2,55,1,0.00025,,1,11.3,48.0
synthetic_01983,preprocessing,preprocessing,cluster_g2,alibaba_gpu_type_pool,G2,55,2,0.00035,,1,4.0,14.900390625
synthetic_02160,training,training,cluster_v100m32,alibaba_gpu_type_pool,V100M32,55,1,0.00025,V100M16|V100M32,1,9.81,40.5859375
synthetic_02209,training,training,cluster_v100m16,alibaba_gpu_type_pool,V100M16,55,1,0.00025,V100M16|V100M32,1,11.3,48.0
synthetic_02249,fine_tuning,fine_tuning,cluster_t4,alibaba_gpu_type_pool,T4,55,1,7e-05,T4,1,11.3,48.0
synthetic_02272,preprocessing,preprocessing,cluster_g2,alibaba_gpu_type_pool,G2,55,1,0.00035,,1,9.81,40.5859375
synthetic_02374,preprocessing,preprocessing,cluster_g2,alibaba_gpu_type_pool,G2,55,4,0.00025,,1,16.0,32.0
synthetic_02412,preprocessing,preprocessing,cluster_g2,alibaba_gpu_type_pool,G2,55,11,0.00035,,1,3.152,5.46875
synthetic_02444,preprocessing,preprocessing,cluster_g2,alibaba_gpu_type_pool,G2,55,2,0.00035,,1,8.0,29.8017578125
synthetic_02515,preprocessing,preprocessing,cluster_g2,alibaba_gpu_type_pool,G2,55,12,0.00035,,1,8.0,29.8017578125
synthetic_02573,preprocessing,preprocessing,cluster_g2,alibaba_gpu_type_pool,G2,55,3,0.00035,,1,3.152,5.46875
synthetic_02670,preprocessing,preprocessing,cluster_g2,alibaba_gpu_type_pool,G2,55,1,0.00035,,1,3.152,5.46875
synthetic_02681,preprocessing,preprocessing,cluster_g2,alibaba_gpu_type_pool,G2,55,1,0.00025,,1,9.81,40.5859375
synthetic_02747,preprocessing,preprocessing,cluster_g2,alibaba_gpu_type_pool,G2,55,1,0.00025,,1,3.152,5.46875
synthetic_02780,preprocessing,preprocessing,cluster_g2,alibaba_gpu_type_pool,G2,55,3,7e-05,,1,11.4,47.0
synthetic_02877,preprocessing,preprocessing,cluster_g2,alibaba_gpu_type_pool,G2,55,9,0.00025,,1,1.0,2.0
synthetic_02892,preprocessing,preprocessing,cluster_g2,alibaba_gpu_type_pool,G2,55,1,0.00025,,1,8.0,29.8017578125
synthetic_02903,fine_tuning,fine_tuning,cluster_t4,alibaba_gpu_type_pool,T4,55,1,7e-05,T4,1,18.708,63.0
synthetic_02931,preprocessing,preprocessing,cluster_g2,alibaba_gpu_type_pool,G2,55,2,0.00035,,1,11.908,46.0
synthetic_02982,preprocessing,preprocessing,cluster_g2,alibaba_gpu_type_pool,G2,55,2,0.00025,,1,8.0,16.0
synthetic_03031,preprocessing,preprocessing,cluster_g2,alibaba_gpu_type_pool,G2,55,2,7e-05,,1,3.152,5.46875
synthetic_03133,preprocessing,preprocessing,cluster_g2,alibaba_gpu_type_pool,G2,55,1,0.00025,,1,11.908,46.0
synthetic_03370,fine_tuning,fine_tuning,cluster_t4,alibaba_gpu_type_pool,T4,55,2,7e-05,T4,1,16.0,32.0
synthetic_03399,preprocessing,preprocessing,cluster_g2,alibaba_gpu_type_pool,G2,55,5,0.00035,,1,4.0,24.0
synthetic_03404,preprocessing,preprocessing,cluster_v100m32,alibaba_gpu_type_pool,V100M32,55,2,0.00025,P100|V100M16|V100M32,1,12.0,32.0
synthetic_03455,preprocessing,preprocessing,cluster_g2,alibaba_gpu_type_pool,G2,55,1,0.00025,,1,3.152,5.46875
synthetic_03484,preprocessing,preprocessing,cluster_g2,alibaba_gpu_type_pool,G2,55,2,0.00035,,1,8.0,16.0
synthetic_03530,preprocessing,preprocessing,cluster_g2,alibaba_gpu_type_pool,G2,55,2,0.00025,,1,11.908,46.0
synthetic_03570,preprocessing,preprocessing,cluster_g2,alibaba_gpu_type_pool,G2,55,1,0.00035,,1,11.4,47.0
synthetic_03611,preprocessing,preprocessing,cluster_g2,alibaba_gpu_type_pool,G2,55,1,0.00025,,1,3.152,5.46875
synthetic_03613,preprocessing,preprocessing,cluster_g2,alibaba_gpu_type_pool,G2,55,1,0.00025,,1,3.152,5.46875
synthetic_03647,preprocessing,preprocessing,cluster_g2,alibaba_gpu_type_pool,G2,55,2,0.00035,,1,4.0,30.517578125
synthetic_03860,preprocessing,preprocessing,cluster_g2,alibaba_gpu_type_pool,G2,55,1,0.00025,,1,11.3,48.0
synthetic_04077,preprocessing,preprocessing,cluster_g2,alibaba_gpu_type_pool,G2,55,1,0.00025,,1,4.152,10.3515625
synthetic_04107,preprocessing,preprocessing,cluster_g2,alibaba_gpu_type_pool,G2,55,1,0.00025,,1,3.152,5.46875
synthetic_04140,preprocessing,preprocessing,cluster_g2,alibaba_gpu_type_pool,G2,55,1,0.00035,,1,11.4,47.0
synthetic_04143,preprocessing,preprocessing,cluster_g2,alibaba_gpu_type_pool,G2,55,1,7e-05,,1,3.152,5.46875
synthetic_04191,fine_tuning,fine_tuning,cluster_g2,alibaba_gpu_type_pool,G2,55,1,0.00035,G2,1,18.708,63.0
synthetic_04234,fine_tuning,fine_tuning,cluster_p100,alibaba_gpu_type_pool,P100,55,2,0.00025,P100,1,4.152,10.3515625
synthetic_04289,preprocessing,preprocessing,cluster_g2,alibaba_gpu_type_pool,G2,55,1,0.00025,A10|G2|P100|T4|V100M16|V100M32,1,3.152,5.46875
synthetic_04372,preprocessing,preprocessing,cluster_g2,alibaba_gpu_type_pool,G2,55,3,0.00035,,1,15.7,57.0
synthetic_04374,preprocessing,preprocessing,cluster_g2,alibaba_gpu_type_pool,G2,55,1,0.00014,,2,16.2,65.0
synthetic_04452,fine_tuning,fine_tuning,cluster_t4,alibaba_gpu_type_pool,T4,55,1,7e-05,T4,1,3.152,5.46875
synthetic_04533,preprocessing,preprocessing,cluster_g2,alibaba_gpu_type_pool,G2,55,1,7e-05,,1,11.908,46.0
synthetic_04714,fine_tuning,fine_tuning,cluster_p100,alibaba_gpu_type_pool,P100,55,1,0.00025,P100,1,3.152,5.46875
synthetic_04765,preprocessing,preprocessing,cluster_g2,alibaba_gpu_type_pool,G2,55,1,7e-05,,1,8.0,29.8017578125
synthetic_04808,preprocessing,preprocessing,cluster_g2,alibaba_gpu_type_pool,G2,55,2,0.00025,,1,8.0,29.8017578125
synthetic_04911,preprocessing,preprocessing,cluster_g2,alibaba_gpu_type_pool,G2,55,16,0.00025,,1,12.0,15.0
synthetic_00166,preprocessing,preprocessing,cluster_g2,alibaba_gpu_type_pool,G2,56,2,0.00035,,1,3.152,5.46875
synthetic_00248,preprocessing,preprocessing,cluster_g2,alibaba_gpu_type_pool,G2,56,6,0.00025,,1,15.7,57.0
synthetic_00288,preprocessing,preprocessing,cluster_g2,alibaba_gpu_type_pool,G2,56,2,0.00035,,1,8.0,16.0
synthetic_00319,preprocessing,preprocessing,cluster_g2,alibaba_gpu_type_pool,G2,56,2,7e-05,,1,3.152,5.46875
synthetic_00443,fine_tuning,fine_tuning,cluster_t4,alibaba_gpu_type_pool,T4,56,1,7e-05,T4,1,11.3,48.0
synthetic_00466,preprocessing,preprocessing,cluster_g2,alibaba_gpu_type_pool,G2,56,3,0.00025,,1,11.908,46.0
synthetic_00484,preprocessing,preprocessing,cluster_g2,alibaba_gpu_type_pool,G2,56,1,0.00035,,1,3.152,5.46875
synthetic_00496,preprocessing,preprocessing,cluster_g2,alibaba_gpu_type_pool,G2,56,3,0.00025,,1,11.3,48.0
synthetic_00853,preprocessing,preprocessing,cluster_g2,alibaba_gpu_type_pool,G2,56,7,0.00025,G2|P100|T4|V100M16|V100M32,1,8.0,16.0
synthetic_01023,preprocessing,preprocessing,cluster_g2,alibaba_gpu_type_pool,G2,56,6,0.00025,,1,8.0,16.0
synthetic_01120,preprocessing,preprocessing,cluster_g2,alibaba_gpu_type_pool,G2,56,2,0.00025,,1,24.2,91.0
synthetic_01124,preprocessing,preprocessing,cluster_g2,alibaba_gpu_type_pool,G2,56,1,0.00025,,1,11.908,46.0
synthetic_01243,preprocessing,preprocessing,cluster_g2,alibaba_gpu_type_pool,G2,56,1,0.00025,,1,11.3,48.0
synthetic_01297,fine_tuning,fine_tuning,cluster_t4,alibaba_gpu_type_pool,T4,56,1,7e-05,T4,1,11.3,48.0
synthetic_01349,preprocessing,preprocessing,cluster_g2,alibaba_gpu_type_pool,G2,56,3,0.00025,,1,11.4,47.0
synthetic_01373,preprocessing,preprocessing,cluster_g2,alibaba_gpu_type_pool,G2,56,5,0.00025,,1,9.81,40.5859375
synthetic_01374,preprocessing,preprocessing,cluster_g2,alibaba_gpu_type_pool,G2,56,1,0.00025,,1,3.152,5.46875
synthetic_01432,preprocessing,preprocessing,cluster_g2,alibaba_gpu_type_pool,G2,56,3,0.00025,,1,11.908,46.0
synthetic_01436,fine_tuning,fine_tuning,cluster_t4,alibaba_gpu_type_pool,T4,56,4,7e-05,T4,1,4.0,22.3515625
synthetic_01449,fine_tuning,fine_tuning,cluster_t4,alibaba_gpu_type_pool,T4,56,1,7e-05,T4,1,3.152,5.46875
synthetic_01626,preprocessing,preprocessing,cluster_g2,alibaba_gpu_type_pool,G2,56,1,0.00035,,1,11.908,46.0
synthetic_01648,preprocessing,preprocessing,cluster_g2,alibaba_gpu_type_pool,G2,56,1,0.00025,,1,4.0,29.8017578125
synthetic_01706,fine_tuning,fine_tuning,cluster_p100,alibaba_gpu_type_pool,P100,56,5,0.00025,P100,1,4.0,22.3515625
synthetic_01784,fine_tuning,fine_tuning,cluster_g2,alibaba_gpu_type_pool,G2,56,3,0.00035,G2,1,11.4,47.0
synthetic_01793,fine_tuning,fine_tuning,cluster_t4,alibaba_gpu_type_pool,T4,56,16,7e-05,T4,1,11.908,46.0
synthetic_01813,preprocessing,preprocessing,cluster_g2,alibaba_gpu_type_pool,G2,56,4,0.00025,,1,8.0,16.0
synthetic_01870,fine_tuning,fine_tuning,cluster_t4,alibaba_gpu_type_pool,T4,56,1,7e-05,T4,1,4.152,10.3515625
synthetic_01954,training,training,cluster_v100m16,alibaba_gpu_type_pool,V100M16,56,5,0.00025,V100M16|V100M32,1,12.0,24.0
synthetic_01977,preprocessing,preprocessing,cluster_g2,alibaba_gpu_type_pool,G2,56,1,7e-05,,1,3.152,5.46875
synthetic_02028,fine_tuning,fine_tuning,cluster_t4,alibaba_gpu_type_pool,T4,56,5,7e-05,T4,1,4.0,24.0
synthetic_02175,fine_tuning,fine_tuning,cluster_t4,alibaba_gpu_type_pool,T4,56,1,7e-05,T4,1,11.3,48.0
synthetic_02268,preprocessing,preprocessing,cluster_g2,alibaba_gpu_type_pool,G2,56,1,0.00025,,1,11.3,48.0
synthetic_02399,fine_tuning,fine_tuning,cluster_g3,alibaba_gpu_type_pool,G3,56,1,0.00035,G3,1,11.3,48.0
synthetic_02517,preprocessing,preprocessing,cluster_g2,alibaba_gpu_type_pool,G2,56,1,0.00035,,1,4.152,10.3515625
synthetic_02547,preprocessing,preprocessing,cluster_g2,alibaba_gpu_type_pool,G2,56,1,0.00025,,1,3.152,5.46875
synthetic_02705,preprocessing,preprocessing,cluster_g2,alibaba_gpu_type_pool,G2,56,1,0.00035,,1,8.0,29.8017578125
synthetic_02714,preprocessing,preprocessing,cluster_g2,alibaba_gpu_type_pool,G2,56,1,0.00035,,1,3.152,5.46875
synthetic_02802,preprocessing,preprocessing,cluster_g2,alibaba_gpu_type_pool,G2,56,1,0.00035,,1,8.0,29.8017578125
synthetic_02959,preprocessing,preprocessing,cluster_g2,alibaba_gpu_type_pool,G2,56,7,0.00025,,1,4.0,14.900390625
synthetic_03023,fine_tuning,fine_tuning,cluster_g2,alibaba_gpu_type_pool,G2,56,1,0.00035,G2,1,11.3,48.0
synthetic_03131,preprocessing,preprocessing,cluster_g2,alibaba_gpu_type_pool,G2,56,1,0.00035,,1,3.152,5.46875
synthetic_03208,fine_tuning,fine_tuning,cluster_t4,alibaba_gpu_type_pool,T4,56,8,7e-05,T4,1,1.0,2.0
synthetic_03227,preprocessing,preprocessing,cluster_g2,alibaba_gpu_type_pool,G2,56,2,0.00035,,1,11.3,48.0
synthetic_03233,preprocessing,preprocessing,cluster_g2,alibaba_gpu_type_pool,G2,56,1,0.00025,,1,11.3,48.0
synthetic_03346,training,training,cluster_v100m32,alibaba_gpu_type_pool,V100M32,56,5,0.00025,V100M16|V100M32,1,4.0,24.0
synthetic_03481,preprocessing,preprocessing,cluster_g2,alibaba_gpu_type_pool,G2,56,1,0.00025,,1,3.152,5.46875
synthetic_03497,preprocessing,preprocessing,cluster_g2,alibaba_gpu_type_pool,G2,56,1,0.00025,,1,3.152,5.46875
synthetic_03508,preprocessing,preprocessing,cluster_g2,alibaba_gpu_type_pool,G2,56,2,7e-05,,1,3.152,5.46875
synthetic_03509,preprocessing,preprocessing,cluster_g2,alibaba_gpu_type_pool,G2,56,7,0.00025,,1,3.152,5.46875
synthetic_03517,preprocessing,preprocessing,cluster_g2,alibaba_gpu_type_pool,G2,56,16,0.00025,,1,4.0,14.900390625
synthetic_03708,fine_tuning,fine_tuning,cluster_t4,alibaba_gpu_type_pool,T4,56,1,7e-05,T4,1,3.152,5.46875
synthetic_03743,preprocessing,preprocessing,cluster_g2,alibaba_gpu_type_pool,G2,56,2,0.00025,,1,24.2,91.0
synthetic_03767,preprocessing,preprocessing,cluster_g2,alibaba_gpu_type_pool,G2,56,4,0.00025,,1,11.3,48.0
synthetic_03796,preprocessing,preprocessing,cluster_g2,alibaba_gpu_type_pool,G2,56,9,0.00025,,1,11.908,46.0
synthetic_03900,preprocessing,preprocessing,cluster_g2,alibaba_gpu_type_pool,G2,56,1,0.00035,,1,15.7,57.0
synthetic_04017,fine_tuning,fine_tuning,cluster_g2,alibaba_gpu_type_pool,G2,56,1,0.00035,G2,1,4.0,24.0
synthetic_04110,preprocessing,preprocessing,cluster_g2,alibaba_gpu_type_pool,G2,56,1,0.00025,,1,11.3,48.0
synthetic_04123,preprocessing,preprocessing,cluster_g2,alibaba_gpu_type_pool,G2,56,1,0.00025,,1,11.3,48.0
synthetic_04169,preprocessing,preprocessing,cluster_g2,alibaba_gpu_type_pool,G2,56,1,7e-05,,1,11.4,47.0
synthetic_04243,preprocessing,preprocessing,cluster_g2,alibaba_gpu_type_pool,G2,56,1,0.00025,,1,11.3,48.0
synthetic_04391,preprocessing,preprocessing,cluster_g2,alibaba_gpu_type_pool,G2,56,1,0.00035,,1,11.3,48.0
synthetic_04393,preprocessing,preprocessing,cluster_p100,alibaba_gpu_type_pool,P100,56,1,0.00025,P100|V100M16|V100M32,1,18.708,63.0
synthetic_04443,preprocessing,preprocessing,cluster_g2,alibaba_gpu_type_pool,G2,56,2,0.00035,,1,8.0,32.0
synthetic_04462,preprocessing,preprocessing,cluster_g2,alibaba_gpu_type_pool,G2,56,2,0.00025,,1,11.3,48.0
synthetic_04539,fine_tuning,fine_tuning,cluster_g3,alibaba_gpu_type_pool,G3,56,1,0.00035,G3,1,12.0,24.0
synthetic_04674,preprocessing,preprocessing,cluster_g2,alibaba_gpu_type_pool,G2,56,1,0.00035,,1,11.908,46.0
synthetic_04919,fine_tuning,fine_tuning,cluster_t4,alibaba_gpu_type_pool,T4,56,2,7e-05,T4,1,4.152,10.3515625
synthetic_04958,preprocessing,preprocessing,cluster_g2,alibaba_gpu_type_pool,G2,56,5,0.00035,,1,15.7,57.0
synthetic_04962,preprocessing,preprocessing,cluster_g2,alibaba_gpu_type_pool,G2,56,1,0.00035,,1,3.152,5.46875
synthetic_04977,preprocessing,preprocessing,cluster_g2,alibaba_gpu_type_pool,G2,56,1,0.00025,,1,4.0,29.8017578125
synthetic_04996,preprocessing,preprocessing,cluster_g2,alibaba_gpu_type_pool,G2,56,6,0.00025,,1,24.2,91.0
synthetic_00041,preprocessing,preprocessing,cluster_g2,alibaba_gpu_type_pool,G2,57,1,0.00025,,1,3.152,5.46875
synthetic_00050,preprocessing,preprocessing,cluster_g2,alibaba_gpu_type_pool,G2,57,5,0.00025,,1,15.2,79.0
synthetic_00169,training,training,cluster_v100m32,alibaba_gpu_type_pool,V100M32,57,5,0.00025,V100M16|V100M32,1,4.0,24.0
synthetic_00216,preprocessing,preprocessing,cluster_g2,alibaba_gpu_type_pool,G2,57,1,0.00035,,1,3.152,5.46875
synthetic_00390,preprocessing,preprocessing,cluster_g2,alibaba_gpu_type_pool,G2,57,1,0.00025,,1,3.152,5.46875
synthetic_00465,fine_tuning,fine_tuning,cluster_t4,alibaba_gpu_type_pool,T4,57,1,7e-05,T4,1,15.7,57.0
synthetic_00525,fine_tuning,fine_tuning,cluster_t4,alibaba_gpu_type_pool,T4,57,1,7e-05,T4,1,4.152,10.3515625
synthetic_00551,fine_tuning,fine_tuning,cluster_t4,alibaba_gpu_type_pool,T4,57,2,7e-05,T4,1,11.3,48.0
synthetic_00588,training,training,cluster_v100m16,alibaba_gpu_type_pool,V100M16,57,2,0.00025,V100M16|V100M32,1,15.7,57.0
synthetic_00589,preprocessing,preprocessing,cluster_g2,alibaba_gpu_type_pool,G2,57,3,0.00025,,1,11.3,48.0
synthetic_00611,fine_tuning,fine_tuning,cluster_p100,alibaba_gpu_type_pool,P100,57,1,0.00025,P100,1,3.152,5.46875
synthetic_00648,fine_tuning,fine_tuning,cluster_t4,alibaba_gpu_type_pool,T4,57,2,7e-05,T4,1,8.0,32.0
synthetic_00797,preprocessing,preprocessing,cluster_g2,alibaba_gpu_type_pool,G2,57,3,0.00025,,1,11.908,46.0
synthetic_00874,preprocessing,preprocessing,cluster_g2,alibaba_gpu_type_pool,G2,57,3,0.00035,,1,24.2,91.0
synthetic_00914,preprocessing,preprocessing,cluster_g2,alibaba_gpu_type_pool,G2,57,7,0.00025,,1,12.0,24.0
synthetic_00920,preprocessing,preprocessing,cluster_g2,alibaba_gpu_type_pool,G2,57,1,0.00025,,1,12.0,24.0
synthetic_01016,preprocessing,preprocessing,cluster_g2,alibaba_gpu_type_pool,G2,57,1,0.00025,,1,4.0,24.0
synthetic_01039,preprocessing,preprocessing,cluster_g2,alibaba_gpu_type_pool,G2,57,1,0.00025,,1,11.908,46.0
synthetic_01206,preprocessing,preprocessing,cluster_g2,alibaba_gpu_type_pool,G2,57,2,0.00025,,1,6.0,6.0
synthetic_01296,preprocessing,preprocessing,cluster_g2,alibaba_gpu_type_pool,G2,57,1,0.00025,,1,11.4,76.0
synthetic_01402,preprocessing,preprocessing,cluster_g2,alibaba_gpu_type_pool,G2,57,3,0.00035,,1,15.7,57.0
synthetic_01492,preprocessing,preprocessing,cluster_g2,alibaba_gpu_type_pool,G2,57,1,0.00025,,1,4.0,29.8017578125
synthetic_01551,preprocessing,preprocessing,cluster_g2,alibaba_gpu_type_pool,G2,57,1,7e-05,,1,8.0,16.0
synthetic_01712,preprocessing,preprocessing,cluster_g2,alibaba_gpu_type_pool,G2,57,1,0.00025,,1,16.4,123.0
synthetic_01770,preprocessing,preprocessing,cluster_g2,alibaba_gpu_type_pool,G2,57,9,0.00025,,1,14.2,57.0
synthetic_01889,fine_tuning,fine_tuning,cluster_g2,alibaba_gpu_type_pool,G2,57,3,0.00035,G2,1,15.7,57.0
synthetic_01918,preprocessing,preprocessing,cluster_g2,alibaba_gpu_type_pool,G2,57,1,0.00035,,1,9.81,40.5859375
synthetic_02115,preprocessing,preprocessing,cluster_g2,alibaba_gpu_type_pool,G2,57,1,0.00025,,1,4.0,22.3515625
synthetic_02126,preprocessing,preprocessing,cluster_g2,alibaba_gpu_type_pool,G2,57,1,0.00015,,1,11.3,48.0
synthetic_02245,preprocessing,preprocessing,cluster_g2,alibaba_gpu_type_pool,G2,57,1,0.00025,,1,11.4,47.0
synthetic_02334,preprocessing,preprocessing,cluster_g2,alibaba_gpu_type_pool,G2,57,3,0.00025,,1,11.4,47.0
synthetic_02391,fine_tuning,fine_tuning,cluster_t4,alibaba_gpu_type_pool,T4,57,1,7e-05,T4,1,8.0,16.0
synthetic_02445,fine_tuning,fine_tuning,cluster_t4,alibaba_gpu_type_pool,T4,57,11,7e-05,T4,1,11.908,46.0
synthetic_02471,preprocessing,preprocessing,cluster_g2,alibaba_gpu_type_pool,G2,57,4,0.00025,,1,8.0,16.0
synthetic_02485,fine_tuning,fine_tuning,cluster_t4,alibaba_gpu_type_pool,T4,57,1,7e-05,T4,1,9.81,40.5859375
synthetic_02506,preprocessing,preprocessing,cluster_g2,alibaba_gpu_type_pool,G2,57,2,0.00025,,1,3.152,5.46875
synthetic_02546,fine_tuning,fine_tuning,cluster_t4,alibaba_gpu_type_pool,T4,57,1,7e-05,T4,1,11.3,48.0
synthetic_02617,preprocessing,preprocessing,cluster_g2,alibaba_gpu_type_pool,G2,57,1,7e-05,,1,3.152,5.46875
synthetic_02619,preprocessing,preprocessing,cluster_g2,alibaba_gpu_type_pool,G2,57,1,0.00025,,1,3.152,5.46875
synthetic_02951,preprocessing,preprocessing,cluster_g2,alibaba_gpu_type_pool,G2,57,1,0.00025,,1,3.152,5.46875
synthetic_03104,fine_tuning,fine_tuning,cluster_t4,alibaba_gpu_type_pool,T4,57,1,7e-05,T4,1,3.152,5.46875
synthetic_03108,preprocessing,preprocessing,cluster_g2,alibaba_gpu_type_pool,G2,57,1,0.00035,,1,11.908,46.0
synthetic_03393,preprocessing,preprocessing,cluster_g2,alibaba_gpu_type_pool,G2,57,2,0.00025,,1,11.3,48.0
synthetic_03426,preprocessing,preprocessing,cluster_g2,alibaba_gpu_type_pool,G2,57,3,0.00025,,1,16.0,32.0
synthetic_03437,preprocessing,preprocessing,cluster_g2,alibaba_gpu_type_pool,G2,57,3,0.00035,,1,12.0,24.0
synthetic_03492,preprocessing,preprocessing,cluster_g2,alibaba_gpu_type_pool,G2,57,1,0.00015,,1,15.7,57.0
synthetic_03588,preprocessing,preprocessing,cluster_g2,alibaba_gpu_type_pool,G2,57,1,0.00025,,1,18.708,63.0
synthetic_03635,preprocessing,preprocessing,cluster_g2,alibaba_gpu_type_pool,G2,57,1,0.00025,,1,11.908,46.0
synthetic_03681,preprocessing,preprocessing,cluster_g2,alibaba_gpu_type_pool,G2,57,1,7e-05,,1,11.908,46.0
synthetic_03740,fine_tuning,fine_tuning,cluster_g3,alibaba_gpu_type_pool,G3,57,1,0.00035,G3,1,12.0,16.0
synthetic_03781,training,training,cluster_v100m16,alibaba_gpu_type_pool,V100M16,57,2,0.00025,V100M16|V100M32,1,11.4,47.0
synthetic_03930,fine_tuning,fine_tuning,cluster_t4,alibaba_gpu_type_pool,T4,57,1,7e-05,T4,1,3.152,5.46875
synthetic_03960,preprocessing,preprocessing,cluster_g2,alibaba_gpu_type_pool,G2,57,1,0.00025,,1,3.152,5.46875
synthetic_03973,fine_tuning,fine_tuning,cluster_t4,alibaba_gpu_type_pool,T4,57,1,7e-05,T4,1,4.152,10.3515625
synthetic_04002,preprocessing,preprocessing,cluster_g2,alibaba_gpu_type_pool,G2,57,1,0.00025,,1,14.2,57.0
synthetic_04012,preprocessing,preprocessing,cluster_g2,alibaba_gpu_type_pool,G2,57,1,0.00035,,1,11.3,48.0
synthetic_04144,preprocessing,preprocessing,cluster_v100m32,alibaba_gpu_type_pool,V100M32,57,2,0.00025,P100|V100M16|V100M32,1,16.0,32.0
synthetic_04342,fine_tuning,fine_tuning,cluster_g2,alibaba_gpu_type_pool,G2,57,1,0.0014,G2,4,32.2,129.0
synthetic_04453,preprocessing,preprocessing,cluster_g2,alibaba_gpu_type_pool,G2,57,1,0.00035,,1,3.152,5.46875
synthetic_04540,preprocessing,preprocessing,cluster_v100m16,alibaba_gpu_type_pool,V100M16,57,3,0.00025,P100|V100M16|V100M32,1,11.4,47.0
synthetic_04563,fine_tuning,fine_tuning,cluster_t4,alibaba_gpu_type_pool,T4,57,1,7e-05,T4,1,3.152,5.46875
synthetic_04800,preprocessing,preprocessing,cluster_g2,alibaba_gpu_type_pool,G2,57,1,0.00025,,1,3.152,5.46875
synthetic_04913,preprocessing,preprocessing,cluster_g2,alibaba_gpu_type_pool,G2,57,3,0.00035,,1,11.4,47.0
synthetic_00033,preprocessing,preprocessing,cluster_g2,alibaba_gpu_type_pool,G2,58,1,0.00035,,1,12.0,15.0
synthetic_00047,preprocessing,preprocessing,cluster_g2,alibaba_gpu_type_pool,G2,58,4,7e-05,,1,11.4,47.0
synthetic_00113,preprocessing,preprocessing,cluster_g2,alibaba_gpu_type_pool,G2,58,1,0.00035,,1,11.3,48.0
synthetic_00134,preprocessing,preprocessing,cluster_g2,alibaba_gpu_type_pool,G2,58,1,0.00025,,1,15.7,57.0
synthetic_00155,preprocessing,preprocessing,cluster_g2,alibaba_gpu_type_pool,G2,58,1,0.00025,,1,18.708,63.0
synthetic_00223,preprocessing,preprocessing,cluster_g2,alibaba_gpu_type_pool,G2,58,1,0.00025,,1,3.152,5.46875
synthetic_00362,preprocessing,preprocessing,cluster_g2,alibaba_gpu_type_pool,G2,58,1,7e-05,,1,3.152,5.46875
synthetic_00364,fine_tuning,fine_tuning,cluster_g2,alibaba_gpu_type_pool,G2,58,1,0.00035,G2,1,4.0,24.0
synthetic_00388,fine_tuning,fine_tuning,cluster_t4,alibaba_gpu_type_pool,T4,58,1,7e-05,T4,1,3.152,5.46875
synthetic_00491,preprocessing,preprocessing,cluster_g2,alibaba_gpu_type_pool,G2,58,1,0.00015,,1,11.3,48.0
synthetic_00585,preprocessing,preprocessing,cluster_g2,alibaba_gpu_type_pool,G2,58,2,0.00025,,1,11.4,47.0
synthetic_00694,fine_tuning,fine_tuning,cluster_t4,alibaba_gpu_type_pool,T4,58,1,7e-05,T4,1,11.3,48.0
synthetic_00791,preprocessing,preprocessing,cluster_g2,alibaba_gpu_type_pool,G2,58,2,0.00015,,1,3.152,5.46875
synthetic_00839,training,training,cluster_v100m16,alibaba_gpu_type_pool,V100M16,58,1,0.00025,V100M16|V100M32,1,18.708,63.0
synthetic_00894,preprocessing,preprocessing,cluster_g2,alibaba_gpu_type_pool,G2,58,1,7e-05,,1,18.708,63.0
synthetic_00936,fine_tuning,fine_tuning,cluster_g2,alibaba_gpu_type_pool,G2,58,4,0.00035,G2,1,12.0,24.0
synthetic_01007,fine_tuning,fine_tuning,cluster_t4,alibaba_gpu_type_pool,T4,58,1,7e-05,T4,1,3.152,5.46875
synthetic_01037,preprocessing,preprocessing,cluster_g2,alibaba_gpu_type_pool,G2,58,1,0.00025,,1,8.0,29.8017578125
synthetic_01174,preprocessing,preprocessing,cluster_g2,alibaba_gpu_type_pool,G2,58,1,0.00025,,1,3.152,5.46875
synthetic_01208,preprocessing,preprocessing,cluster_g2,alibaba_gpu_type_pool,G2,58,1,0.00025,,1,11.908,46.0
synthetic_01245,preprocessing,preprocessing,cluster_g2,alibaba_gpu_type_pool,G2,58,1,0.00035,,1,18.708,63.0
synthetic_01414,preprocessing,preprocessing,cluster_g2,alibaba_gpu_type_pool,G2,58,1,0.00025,,1,3.152,5.46875
synthetic_01474,preprocessing,preprocessing,cluster_g2,alibaba_gpu_type_pool,G2,58,1,0.00025,,1,3.152,5.46875
synthetic_01540,preprocessing,preprocessing,cluster_v100m16,alibaba_gpu_type_pool,V100M16,58,4,0.00025,P100|V100M16|V100M32,1,11.4,47.0
synthetic_01661,fine_tuning,fine_tuning,cluster_p100,alibaba_gpu_type_pool,P100,58,1,0.00025,P100,1,3.152,5.46875
synthetic_01864,preprocessing,preprocessing,cluster_g2,alibaba_gpu_type_pool,G2,58,2,0.00035,,1,4.0,14.900390625
synthetic_01892,preprocessing,preprocessing,cluster_g2,alibaba_gpu_type_pool,G2,58,3,7e-05,,1,4.0,14.900390625
synthetic_01939,preprocessing,preprocessing,cluster_g2,alibaba_gpu_type_pool,G2,58,1,0.00025,,1,3.152,5.46875
synthetic_02007,preprocessing,preprocessing,cluster_g2,alibaba_gpu_type_pool,G2,58,2,0.00025,,1,12.0,16.0
synthetic_02192,preprocessing,preprocessing,cluster_g2,alibaba_gpu_type_pool,G2,58,2,0.00025,,1,11.908,46.0
synthetic_02398,preprocessing,preprocessing,cluster_g2,alibaba_gpu_type_pool,G2,58,1,0.00025,,1,3.152,5.46875
synthetic_02442,fine_tuning,fine_tuning,cluster_p100,alibaba_gpu_type_pool,P100,58,1,0.00025,P100,1,6.0,29.8017578125
synthetic_02518,preprocessing,preprocessing,cluster_g2,alibaba_gpu_type_pool,G2,58,2,0.00025,,1,3.152,5.46875
synthetic_02654,preprocessing,preprocessing,cluster_g2,alibaba_gpu_type_pool,G2,58,1,0.00035,,1,11.3,48.0
synthetic_02748,preprocessing,preprocessing,cluster_g2,alibaba_gpu_type_pool,G2,58,2,0.00035,,1,11.4,47.0
synthetic_02759,preprocessing,preprocessing,cluster_g2,alibaba_gpu_type_pool,G2,58,1,0.00035,,1,8.0,29.8017578125
synthetic_02803,preprocessing,preprocessing,cluster_g2,alibaba_gpu_type_pool,G2,58,1,0.00035,,1,4.152,10.3515625
synthetic_02905,preprocessing,preprocessing,cluster_g2,alibaba_gpu_type_pool,G2,58,3,0.00025,,1,16.0,64.0
synthetic_03020,preprocessing,preprocessing,cluster_g2,alibaba_gpu_type_pool,G2,58,1,0.00025,,1,6.0,6.0
synthetic_03037,preprocessing,preprocessing,cluster_g2,alibaba_gpu_type_pool,G2,58,5,7e-05,,1,4.0,24.0
synthetic_03084,preprocessing,preprocessing,cluster_g2,alibaba_gpu_type_pool,G2,58,1,0.00025,,1,3.152,5.46875
synthetic_03105,fine_tuning,fine_tuning,cluster_t4,alibaba_gpu_type_pool,T4,58,1,7e-05,T4,1,11.4,47.0
synthetic_03117,preprocessing,preprocessing,cluster_g2,alibaba_gpu_type_pool,G2,58,1,7e-05,,1,4.0,14.900390625
synthetic_03121,fine_tuning,fine_tuning,cluster_p100,alibaba_gpu_type_pool,P100,58,1,0.00025,P100,1,8.0,29.8017578125
synthetic_03206,fine_tuning,fine_tuning,cluster_g2,alibaba_gpu_type_pool,G2,58,1,0.00035,G2,1,11.4,47.0
synthetic_03317,preprocessing,preprocessing,cluster_g2,alibaba_gpu_type_pool,G2,58,3,7e-05,,1,15.7,57.0
synthetic_03344,preprocessing,preprocessing,cluster_g2,alibaba_gpu_type_pool,G2,58,7,0.00035,,1,11.908,46.0
synthetic_03436,preprocessing,preprocessing,cluster_g2,alibaba_gpu_type_pool,G2,58,2,0.00025,,1,11.4,47.0
synthetic_03471,preprocessing,preprocessing,cluster_g2,alibaba_gpu_type_pool,G2,58,1,0.00028,,4,60.2,313.0
synthetic_03503,fine_tuning,fine_tuning,cluster_t4,alibaba_gpu_type_pool,T4,58,1,7e-05,T4,1,11.908,46.0
synthetic_03615,training,training,cluster_v100m16,alibaba_gpu_type_pool,V100M16,58,1,0.00025,V100M16|V100M32,1,11.4,47.0
synthetic_03624,preprocessing,preprocessing,cluster_g2,alibaba_gpu_type_pool,G2,58,10,0.00025,,1,11.4,47.0
synthetic_03643,fine_tuning,fine_tuning,cluster_p100,alibaba_gpu_type_pool,P100,58,1,0.00025,P100,1,3.152,5.46875
synthetic_03651,fine_tuning,fine_tuning,cluster_t4,alibaba_gpu_type_pool,T4,58,3,7e-05,T4,1,3.152,5.46875
synthetic_03911,preprocessing,preprocessing,cluster_g2,alibaba_gpu_type_pool,G2,58,1,0.00025,,1,11.3,48.0
synthetic_03958,preprocessing,preprocessing,cluster_g2,alibaba_gpu_type_pool,G2,58,1,0.00035,,1,8.2,33.0
synthetic_04056,preprocessing,preprocessing,cluster_g2,alibaba_gpu_type_pool,G2,58,1,0.00025,,1,9.81,40.5859375
synthetic_04249,preprocessing,preprocessing,cluster_g2,alibaba_gpu_type_pool,G2,58,2,0.00025,,1,3.152,5.46875
synthetic_04252,fine_tuning,fine_tuning,cluster_t4,alibaba_gpu_type_pool,T4,58,1,7e-05,T4,1,11.4,47.0
synthetic_04322,preprocessing,preprocessing,cluster_g2,alibaba_gpu_type_pool,G2,58,1,0.00035,,1,3.152,5.46875
synthetic_04456,preprocessing,preprocessing,cluster_g2,alibaba_gpu_type_pool,G2,58,1,0.00025,,1,11.3,48.0
synthetic_04570,preprocessing,preprocessing,cluster_g2,alibaba_gpu_type_pool,G2,58,1,0.00025,,1,12.0,24.0
synthetic_04601,preprocessing,preprocessing,cluster_g2,alibaba_gpu_type_pool,G2,58,1,7e-05,,1,4.0,22.3515625
synthetic_04609,preprocessing,preprocessing,cluster_g2,alibaba_gpu_type_pool,G2,58,1,0.00025,,1,11.908,46.0
synthetic_04656,preprocessing,preprocessing,cluster_g2,alibaba_gpu_type_pool,G2,58,1,0.00025,,1,11.3,48.0
synthetic_04659,preprocessing,preprocessing,cluster_g2,alibaba_gpu_type_pool,G2,58,1,0.00035,,1,3.152,5.46875
synthetic_04678,preprocessing,preprocessing,cluster_g2,alibaba_gpu_type_pool,G2,58,3,7e-05,,1,18.708,63.0
synthetic_04697,fine_tuning,fine_tuning,cluster_g2,alibaba_gpu_type_pool,G2,58,2,0.00035,G2,1,11.4,47.0
synthetic_04772,preprocessing,preprocessing,cluster_g2,alibaba_gpu_type_pool,G2,58,1,7e-05,,1,11.3,48.0
synthetic_04789,fine_tuning,fine_tuning,cluster_t4,alibaba_gpu_type_pool,T4,58,1,7e-05,T4,1,11.4,47.0
synthetic_00003,preprocessing,preprocessing,cluster_g2,alibaba_gpu_type_pool,G2,59,7,0.00015,,1,4.0,29.8017578125
synthetic_00044,preprocessing,preprocessing,cluster_g2,alibaba_gpu_type_pool,G2,59,5,7e-05,,1,4.0,29.8017578125
synthetic_00124,preprocessing,preprocessing,cluster_g2,alibaba_gpu_type_pool,G2,59,1,0.00025,,1,15.2,79.0
synthetic_00236,preprocessing,preprocessing,cluster_g2,alibaba_gpu_type_pool,G2,59,2,0.00025,,1,16.0,32.0
synthetic_00254,preprocessing,preprocessing,cluster_g2,alibaba_gpu_type_pool,G2,59,1,0.00025,,1,9.81,40.5859375
synthetic_00428,preprocessing,preprocessing,cluster_g2,alibaba_gpu_type_pool,G2,59,3,0.00035,,1,9.81,40.5859375
synthetic_00506,preprocessing,preprocessing,cluster_g2,alibaba_gpu_type_pool,G2,59,1,0.00035,,1,18.708,63.0
synthetic_00560,training,training,cluster_v100m32,alibaba_gpu_type_pool,V100M32,59,4,0.00025,V100M16|V100M32,1,15.7,57.0
synthetic_00596,fine_tuning,fine_tuning,cluster_t4,alibaba_gpu_type_pool,T4,59,1,7e-05,T4,1,6.0,12.0
synthetic_00615,fine_tuning,fine_tuning,cluster_p100,alibaba_gpu_type_pool,P100,59,2,0.00025,P100,1,4.0,14.900390625
synthetic_00715,preprocessing,preprocessing,cluster_g2,alibaba_gpu_type_pool,G2,59,1,0.00025,,1,3.152,5.46875
synthetic_00719,fine_tuning,fine_tuning,cluster_t4,alibaba_gpu_type_pool,T4,59,1,7e-05,T4,1,3.152,5.46875
synthetic_00749,preprocessing,preprocessing,cluster_g2,alibaba_gpu_type_pool,G2,59,1,0.00025,,1,11.4,47.0
synthetic_00817,preprocessing,preprocessing,cluster_g2,alibaba_gpu_type_pool,G2,59,1,7e-05,,1,3.152,5.46875
synthetic_00907,fine_tuning,fine_tuning,cluster_t4,alibaba_gpu_type_pool,T4,59,1,7e-05,T4,1,12.0,24.0
synthetic_01115,preprocessing,preprocessing,cluster_g2,alibaba_gpu_type_pool,G2,59,1,0.00015,,1,11.3,48.0
synthetic_01144,preprocessing,preprocessing,cluster_g2,alibaba_gpu_type_pool,G2,59,3,0.00025,,1,15.7,57.0
synthetic_01268,fine_tuning,fine_tuning,cluster_t4,alibaba_gpu_type_pool,T4,59,1,7e-05,T4,1,6.0,12.0
synthetic_01507,preprocessing,preprocessing,cluster_g2,alibaba_gpu_type_pool,G2,59,1,0.00025,,1,11.3,48.0
synthetic_01625,preprocessing,preprocessing,cluster_g2,alibaba_gpu_type_pool,G2,59,2,7e-05,,1,3.152,5.46875
synthetic_01641,preprocessing,preprocessing,cluster_g2,alibaba_gpu_type_pool,G2,59,1,0.00025,,1,3.152,5.46875
synthetic_01674,fine_tuning,fine_tuning,cluster_t4,alibaba_gpu_type_pool,T4,59,1,7e-05,T4,1,11.3,48.0
synthetic_01874,preprocessing,preprocessing,cluster_g2,alibaba_gpu_type_pool,G2,59,1,0.00035,,1,11.3,48.0
synthetic_01950,preprocessing,preprocessing,cluster_g2,alibaba_gpu_type_pool,G2,59,2,0.00025,,1,3.152,5.46875
synthetic_02141,preprocessing,preprocessing,cluster_g2,alibaba_gpu_type_pool,G2,59,1,0.00025,,1,12.0,24.0
synthetic_02162,fine_tuning,fine_tuning,cluster_t4,alibaba_gpu_type_pool,T4,59,1,7e-05,T4,1,14.2,57.0
synthetic_02170,preprocessing,preprocessing,cluster_g2,alibaba_gpu_type_pool,G2,59,1,0.00025,,1,11.3,48.0
synthetic_02246,preprocessing,preprocessing,cluster_g2,alibaba_gpu_type_pool,G2,59,3,0.00025,,1,11.3,48.0
synthetic_02277,fine_tuning,fine_tuning,cluster_t4,alibaba_gpu_type_pool,T4,59,1,7e-05,T4,1,11.3,48.0
synthetic_02371,preprocessing,preprocessing,cluster_g2,alibaba_gpu_type_pool,G2,59,2,0.00035,,1,9.81,40.5859375
synthetic_02435,preprocessing,preprocessing,cluster_g2,alibaba_gpu_type_pool,G2,59,2,7e-05,,1,8.0,29.8017578125
synthetic_02459,preprocessing,preprocessing,cluster_g2,alibaba_gpu_type_pool,G2,59,2,0.00025,,1,3.152,5.46875
synthetic_02532,preprocessing,preprocessing,cluster_g2,alibaba_gpu_type_pool,G2,59,8,0.00025,,1,3.152,5.46875
synthetic_02790,preprocessing,preprocessing,cluster_g2,alibaba_gpu_type_pool,G2,59,1,0.00025,,1,18.708,63.0
synthetic_02822,preprocessing,preprocessing,cluster_g2,alibaba_gpu_type_pool,G2,59,4,0.00035,,1,15.7,57.0
synthetic_02833,preprocessing,preprocessing,cluster_g2,alibaba_gpu_type_pool,G2,59,1,0.00025,,1,8.2,33.0
synthetic_02849,preprocessing,preprocessing,cluster_g2,alibaba_gpu_type_pool,G2,59,3,0.00025,,1,9.81,40.5859375
synthetic_02933,preprocessing,preprocessing,cluster_g2,alibaba_gpu_type_pool,G2,59,1,0.00035,,1,3.152,5.46875
synthetic_03102,preprocessing,preprocessing,cluster_g2,alibaba_gpu_type_pool,G2,59,1,7e-05,,1,11.3,48.0
synthetic_03148,preprocessing,preprocessing,cluster_g2,alibaba_gpu_type_pool,G2,59,1,0.00035,,1,4.0,22.3515625
synthetic_03287,preprocessing,preprocessing,cluster_g2,alibaba_gpu_type_pool,G2,59,1,0.00035,,1,3.152,5.46875
synthetic_03374,fine_tuning,fine_tuning,cluster_t4,alibaba_gpu_type_pool,T4,59,1,7e-05,T4,1,3.152,5.46875
synthetic_03380,preprocessing,preprocessing,cluster_g2,alibaba_gpu_type_pool,G2,59,1,0.00025,,1,11.908,46.0
synthetic_03425,fine_tuning,fine_tuning,cluster_t4,alibaba_gpu_type_pool,T4,59,1,7e-05,T4,1,3.152,5.46875
synthetic_03429,preprocessing,preprocessing,cluster_g2,alibaba_gpu_type_pool,G2,59,2,0.00035,,1,11.4,47.0
synthetic_03450,preprocessing,preprocessing,cluster_g2,alibaba_gpu_type_pool,G2,59,8,0.00035,,1,12.0,24.0
synthetic_03474,preprocessing,preprocessing,cluster_g2,alibaba_gpu_type_pool,G2,59,5,0.00035,,1,11.4,47.0
synthetic_03515,preprocessing,preprocessing,cluster_g2,alibaba_gpu_type_pool,G2,59,1,0.00025,,1,11.3,48.0
synthetic_03543,preprocessing,preprocessing,cluster_g2,alibaba_gpu_type_pool,G2,59,1,0.00035,,1,16.4,123.0
synthetic_03582,preprocessing,preprocessing,cluster_g2,alibaba_gpu_type_pool,G2,59,2,0.00025,,1,9.81,40.5859375
synthetic_03663,fine_tuning,fine_tuning,cluster_g2,alibaba_gpu_type_pool,G2,59,1,0.00035,G2,1,11.3,48.0
synthetic_03699,preprocessing,preprocessing,cluster_g2,alibaba_gpu_type_pool,G2,59,10,0.00035,,1,8.0,29.8017578125
synthetic_03715,preprocessing,preprocessing,cluster_g2,alibaba_gpu_type_pool,G2,59,1,0.00025,,1,8.0,29.8017578125
synthetic_03862,preprocessing,preprocessing,cluster_g2,alibaba_gpu_type_pool,G2,59,1,7e-05,,1,8.0,29.8017578125
synthetic_04101,fine_tuning,fine_tuning,cluster_g2,alibaba_gpu_type_pool,G2,59,2,0.00035,G2,1,8.2,33.0
synthetic_04128,preprocessing,preprocessing,cluster_g2,alibaba_gpu_type_pool,G2,59,1,7e-05,,1,11.3,48.0
synthetic_04130,preprocessing,preprocessing,cluster_g2,alibaba_gpu_type_pool,G2,59,9,0.00025,,1,16.0,64.0
synthetic_04158,fine_tuning,fine_tuning,cluster_g2,alibaba_gpu_type_pool,G2,59,2,0.00035,G2,1,8.0,16.0
synthetic_04198,preprocessing,preprocessing,cluster_g2,alibaba_gpu_type_pool,G2,59,4,0.00025,,1,11.9,76.0
synthetic_04247,fine_tuning,fine_tuning,cluster_g2,alibaba_gpu_type_pool,G2,59,1,0.00035,G2,1,12.0,24.0
synthetic_04282,fine_tuning,fine_tuning,cluster_t4,alibaba_gpu_type_pool,T4,59,1,7e-05,T4,1,11.4,47.0
synthetic_04392,preprocessing,preprocessing,cluster_g2,alibaba_gpu_type_pool,G2,59,1,0.00025,,1,11.3,37.0
synthetic_04397,fine_tuning,fine_tuning,cluster_t4,alibaba_gpu_type_pool,T4,59,1,7e-05,T4,1,9.81,40.5859375
synthetic_04405,preprocessing,preprocessing,cluster_g2,alibaba_gpu_type_pool,G2,59,1,0.00025,,1,4.152,10.3515625
synthetic_04509,preprocessing,preprocessing,cluster_g2,alibaba_gpu_type_pool,G2,59,1,0.00025,,1,3.152,5.46875
synthetic_04553,preprocessing,preprocessing,cluster_g2,alibaba_gpu_type_pool,G2,59,1,0.00035,,1,11.3,48.0
synthetic_04818,preprocessing,preprocessing,cluster_g2,alibaba_gpu_type_pool,G2,59,1,0.00035,,1,11.908,46.0
synthetic_00271,preprocessing,preprocessing,cluster_g2,alibaba_gpu_type_pool,G2,60,1,0.00025,,1,3.152,5.46875
synthetic_00329,preprocessing,preprocessing,cluster_g2,alibaba_gpu_type_pool,G2,60,1,0.00035,,1,11.908,46.0
synthetic_00352,fine_tuning,fine_tuning,cluster_t4,alibaba_gpu_type_pool,T4,60,1,7e-05,T4,1,8.0,29.8017578125
synthetic_00394,fine_tuning,fine_tuning,cluster_t4,alibaba_gpu_type_pool,T4,60,1,7e-05,T4,1,11.4,76.0
synthetic_00537,fine_tuning,fine_tuning,cluster_t4,alibaba_gpu_type_pool,T4,60,9,7e-05,T4,1,6.0,12.0
synthetic_00667,preprocessing,preprocessing,cluster_g2,alibaba_gpu_type_pool,G2,60,1,0.00015,,1,3.152,5.46875
synthetic_00723,preprocessing,preprocessing,cluster_g2,alibaba_gpu_type_pool,G2,60,4,0.00025,,1,8.0,16.0
synthetic_00864,preprocessing,preprocessing,cluster_g2,alibaba_gpu_type_pool,G2,60,8,0.00025,,1,16.0,64.0
synthetic_01109,preprocessing,preprocessing,cluster_g2,alibaba_gpu_type_pool,G2,60,1,0.00035,,1,3.152,5.46875
synthetic_01128,training,training,cluster_v100m16,alibaba_gpu_type_pool,V100M16,60,1,0.00025,V100M16|V100M32,1,11.3,48.0
synthetic_01135,preprocessing,preprocessing,cluster_g2,alibaba_gpu_type_pool,G2,60,1,7e-05,,1,8.0,29.8017578125
synthetic_01322,fine_tuning,fine_tuning,cluster_g2,alibaba_gpu_type_pool,G2,60,3,0.00035,G2,1,11.4,76.0
synthetic_01459,preprocessing,preprocessing,cluster_g2,alibaba_gpu_type_pool,G2,60,1,0.00035,,1,3.152,5.46875
synthetic_01564,preprocessing,preprocessing,cluster_g2,alibaba_gpu_type_pool,G2,60,2,0.00035,,1,4.0,30.517578125
synthetic_01653,training,training,cluster_v100m16,alibaba_gpu_type_pool,V100M16,60,5,0.00025,V100M16|V100M32,1,4.0,24.0
synthetic_01689,fine_tuning,fine_tuning,cluster_p100,alibaba_gpu_type_pool,P100,60,1,0.00025,P100,1,8.0,29.8017578125
synthetic_01778,training,training,cluster_v100m32,alibaba_gpu_type_pool,V100M32,60,1,0.00025,V100M16|V100M32,1,11.4,47.0
synthetic_01796,training,training,cluster_v100m16,alibaba_gpu_type_pool,V100M16,60,5,0.00025,V100M16|V100M32,1,11.3,48.0
synthetic_01885,fine_tuning,fine_tuning,cluster_t4,alibaba_gpu_type_pool,T4,60,1,7e-05,T4,1,3.152,5.46875
synthetic_01991,preprocessing,preprocessing,cluster_g2,alibaba_gpu_type_pool,G2,60,4,0.00025,,1,11.4,47.0
synthetic_02002,fine_tuning,fine_tuning,cluster_t4,alibaba_gpu_type_pool,T4,60,3,7e-05,T4,1,15.7,57.0
synthetic_02019,fine_tuning,fine_tuning,cluster_p100,alibaba_gpu_type_pool,P100,60,2,0.00025,P100,1,4.0,14.900390625
synthetic_02219,preprocessing,preprocessing,cluster_g2,alibaba_gpu_type_pool,G2,60,2,0.00035,,1,16.4,123.0
synthetic_02352,preprocessing,preprocessing,cluster_g2,alibaba_gpu_type_pool,G2,60,1,7e-05,,1,3.152,5.46875
synthetic_02458,fine_tuning,fine_tuning,cluster_t4,alibaba_gpu_type_pool,T4,60,1,7e-05,T4,1,11.3,48.0
synthetic_02460,preprocessing,preprocessing,cluster_g2,alibaba_gpu_type_pool,G2,60,1,0.00025,,1,3.152,5.46875
synthetic_02497,preprocessing,preprocessing,cluster_g2,alibaba_gpu_type_pool,G2,60,1,0.00025,,1,15.2,79.0
synthetic_02596,preprocessing,preprocessing,cluster_g2,alibaba_gpu_type_pool,G2,60,1,0.00035,,1,11.908,46.0
synthetic_02615,preprocessing,preprocessing,cluster_g2,alibaba_gpu_type_pool,G2,60,1,0.00025,,1,3.152,5.46875
synthetic_02713,fine_tuning,fine_tuning,cluster_t4,alibaba_gpu_type_pool,T4,60,1,7e-05,T4,1,3.152,5.46875
synthetic_02732,fine_tuning,fine_tuning,cluster_t4,alibaba_gpu_type_pool,T4,60,1,7e-05,T4,1,3.152,5.46875
synthetic_02850,fine_tuning,fine_tuning,cluster_p100,alibaba_gpu_type_pool,P100,60,1,0.00025,P100,1,11.908,46.0
synthetic_02856,fine_tuning,fine_tuning,cluster_t4,alibaba_gpu_type_pool,T4,60,1,7e-05,T4,1,8.0,29.8017578125
synthetic_02910,preprocessing,preprocessing,cluster_g2,alibaba_gpu_type_pool,G2,60,8,0.00035,,1,4.0,29.8017578125
synthetic_02920,preprocessing,preprocessing,cluster_g2,alibaba_gpu_type_pool,G2,60,3,0.00025,,1,3.152,5.46875
synthetic_03036,preprocessing,preprocessing,cluster_g2,alibaba_gpu_type_pool,G2,60,1,7e-05,,1,12.0,24.0
synthetic_03080,preprocessing,preprocessing,cluster_g2,alibaba_gpu_type_pool,G2,60,1,0.00035,,1,3.152,5.46875
synthetic_03240,preprocessing,preprocessing,cluster_g2,alibaba_gpu_type_pool,G2,60,1,0.00025,,1,11.3,48.0
synthetic_03385,preprocessing,preprocessing,cluster_g2,alibaba_gpu_type_pool,G2,60,1,0.00035,,1,3.152,5.46875
synthetic_03389,preprocessing,preprocessing,cluster_g2,alibaba_gpu_type_pool,G2,60,1,0.00025,,1,3.152,5.46875
synthetic_03496,preprocessing,preprocessing,cluster_g2,alibaba_gpu_type_pool,G2,60,4,0.00035,,1,9.81,40.5859375
synthetic_03541,preprocessing,preprocessing,cluster_g2,alibaba_gpu_type_pool,G2,60,1,7e-05,,1,3.152,5.46875
synthetic_03571,preprocessing,preprocessing,cluster_g2,alibaba_gpu_type_pool,G2,60,1,0.00025,,1,11.4,76.0
synthetic_03683,preprocessing,preprocessing,cluster_g2,alibaba_gpu_type_pool,G2,60,1,0.00035,,1,11.4,47.0
synthetic_03771,preprocessing,preprocessing,cluster_g2,alibaba_gpu_type_pool,G2,60,1,0.00035,,1,18.708,63.0
synthetic_03813,preprocessing,preprocessing,cluster_g2,alibaba_gpu_type_pool,G2,60,2,0.00035,,1,11.908,46.0
synthetic_03814,fine_tuning,fine_tuning,cluster_t4,alibaba_gpu_type_pool,T4,60,2,7e-05,T4,1,11.3,48.0
synthetic_03928,preprocessing,preprocessing,cluster_g2,alibaba_gpu_type_pool,G2,60,1,0.00035,,1,11.4,76.0
synthetic_04042,preprocessing,preprocessing,cluster_g2,alibaba_gpu_type_pool,G2,60,1,0.00025,,1,3.152,5.46875
synthetic_04117,fine_tuning,fine_tuning,cluster_t4,alibaba_gpu_type_pool,T4,60,2,7e-05,T4,1,16.0,32.0
synthetic_04229,fine_tuning,fine_tuning,cluster_g2,alibaba_gpu_type_pool,G2,60,1,0.00035,G2,1,11.4,47.0
synthetic_04378,preprocessing,preprocessing,cluster_g2,alibaba_gpu_type_pool,G2,60,1,0.00025,,1,3.152,5.46875
synthetic_04449,preprocessing,preprocessing,cluster_g2,alibaba_gpu_type_pool,G2,60,3,0.00025,,1,11.9,76.0
synthetic_04622,preprocessing,preprocessing,cluster_g2,alibaba_gpu_type_pool,G2,60,1,0.00025,,1,3.152,5.46875
synthetic_04654,preprocessing,preprocessing,cluster_g2,alibaba_gpu_type_pool,G2,60,2,7e-05,,1,8.0,32.0
synthetic_04752,preprocessing,preprocessing,cluster_g2,alibaba_gpu_type_pool,G2,60,3,0.00025,,1,11.908,46.0
synthetic_04768,fine_tuning,fine_tuning,cluster_t4,alibaba_gpu_type_pool,T4,60,1,7e-05,T4,1,12.0,16.0
synthetic_04807,preprocessing,preprocessing,cluster_g2,alibaba_gpu_type_pool,G2,60,1,0.00035,,1,3.152,5.46875
synthetic_04834,preprocessing,preprocessing,cluster_g2,alibaba_gpu_type_pool,G2,60,1,7e-05,,1,4.152,10.3515625
synthetic_04895,preprocessing,preprocessing,cluster_g2,alibaba_gpu_type_pool,G2,60,1,0.00035,,1,3.152,5.46875
synthetic_04914,preprocessing,preprocessing,cluster_g2,alibaba_gpu_type_pool,G2,60,1,0.00025,,1,3.152,5.46875
synthetic_04953,fine_tuning,fine_tuning,cluster_g2,alibaba_gpu_type_pool,G2,60,4,0.00035,G2,1,15.7,57.0
synthetic_04959,preprocessing,preprocessing,cluster_p100,alibaba_gpu_type_pool,P100,60,1,0.00025,P100|V100M16|V100M32,1,18.708,63.0
synthetic_00016,preprocessing,preprocessing,cluster_g2,alibaba_gpu_type_pool,G2,61,1,0.00025,,1,3.152,5.46875
synthetic_00121,preprocessing,preprocessing,cluster_g2,alibaba_gpu_type_pool,G2,61,2,0.00015,,1,4.0,14.900390625
synthetic_00194,preprocessing,preprocessing,cluster_g2,alibaba_gpu_type_pool,G2,61,1,7e-05,,1,3.152,5.46875
synthetic_00530,preprocessing,preprocessing,cluster_g2,alibaba_gpu_type_pool,G2,61,1,0.00025,,1,11.908,46.0
synthetic_00821,training,training,cluster_v100m32,alibaba_gpu_type_pool,V100M32,61,1,0.00025,V100M16|V100M32,1,11.3,48.0
synthetic_00830,preprocessing,preprocessing,cluster_g2,alibaba_gpu_type_pool,G2,61,2,0.00025,,1,8.0,32.0
synthetic_00931,fine_tuning,fine_tuning,cluster_t4,alibaba_gpu_type_pool,T4,61,5,7e-05,T4,1,4.0,24.0
synthetic_01024,preprocessing,preprocessing,cluster_g2,alibaba_gpu_type_pool,G2,61,2,0.00025,,1,8.2,33.0
synthetic_01126,fine_tuning,fine_tuning,cluster_t4,alibaba_gpu_type_pool,T4,61,2,7e-05,T4,1,3.152,5.46875
synthetic_01147,fine_tuning,fine_tuning,cluster_t4,alibaba_gpu_type_pool,T4,61,2,7e-05,T4,1,11.4,47.0
synthetic_01232,preprocessing,preprocessing,cluster_g2,alibaba_gpu_type_pool,G2,61,1,7e-05,,1,11.3,48.0
synthetic_01274,preprocessing,preprocessing,cluster_g2,alibaba_gpu_type_pool,G2,61,2,0.00025,,1,11.4,47.0
synthetic_01388,fine_tuning,fine_tuning,cluster_t4,alibaba_gpu_type_pool,T4,61,1,7e-05,T4,1,11.9,76.0
synthetic_01451,preprocessing,preprocessing,cluster_g2,alibaba_gpu_type_pool,G2,61,1,7e-05,,1,3.152,5.46875
synthetic_01475,preprocessing,preprocessing,cluster_g2,alibaba_gpu_type_pool,G2,61,1,0.00025,,1,11.908,46.0
synthetic_01509,fine_tuning,fine_tuning,cluster_t4,alibaba_gpu_type_pool,T4,61,1,7e-05,T4,1,12.0,16.0
synthetic_01537,preprocessing,preprocessing,cluster_g2,alibaba_gpu_type_pool,G2,61,2,0.00035,,1,11.3,48.0
synthetic_01556,fine_tuning,fine_tuning,cluster_g2,alibaba_gpu_type_pool,G2,61,1,0.00035,G2,1,11.3,48.0
synthetic_01597,preprocessing,preprocessing,cluster_g2,alibaba_gpu_type_pool,G2,61,1,0.00035,,1,3.152,5.46875
synthetic_01608,preprocessing,preprocessing,cluster_g2,alibaba_gpu_type_pool,G2,61,1,0.00025,,1,8.0,29.8017578125
synthetic_01675,preprocessing,preprocessing,cluster_g2,alibaba_gpu_type_pool,G2,61,9,0.00035,,1,12.0,15.0
synthetic_01746,preprocessing,preprocessing,cluster_g2,alibaba_gpu_type_pool,G2,61,6,0.00025,,1,11.3,48.0
synthetic_01769,fine_tuning,fine_tuning,cluster_t4,alibaba_gpu_type_pool,T4,61,1,7e-05,T4,1,4.0,22.3515625
synthetic_01818,preprocessing,preprocessing,cluster_g2,alibaba_gpu_type_pool,G2,61,1,0.00035,,1,3.152,5.46875
synthetic_01987,preprocessing,preprocessing,cluster_g2,alibaba_gpu_type_pool,G2,61,3,0.00025,,1,11.4,76.0
synthetic_02036,fine_tuning,fine_tuning,cluster_t4,alibaba_gpu_type_pool,T4,61,1,7e-05,T4,1,8.0,29.8017578125
synthetic_02052,preprocessing,preprocessing,cluster_g2,alibaba_gpu_type_pool,G2,61,1,0.00025,,1,3.152,5.46875
synthetic_02135,preprocessing,preprocessing,cluster_g2,alibaba_gpu_type_pool,G2,61,1,0.00025,,1,3.152,5.46875
synthetic_02356,preprocessing,preprocessing,cluster_g2,alibaba_gpu_type_pool,G2,61,4,0.00025,,1,9.81,40.5859375
synthetic_02370,preprocessing,preprocessing,cluster_g2,alibaba_gpu_type_pool,G2,61,1,0.00025,,1,3.152,5.46875
synthetic_02430,fine_tuning,fine_tuning,cluster_g2,alibaba_gpu_type_pool,G2,61,1,0.00035,G2,1,11.3,48.0
synthetic_02490,preprocessing,preprocessing,cluster_g2,alibaba_gpu_type_pool,G2,61,1,0.00025,,1,3.152,5.46875
synthetic_02507,preprocessing,preprocessing,cluster_g2,alibaba_gpu_type_pool,G2,61,1,0.00035,,1,3.152,5.46875
synthetic_02512,fine_tuning,fine_tuning,cluster_p100,alibaba_gpu_type_pool,P100,61,1,0.00025,P100,1,4.0,22.3515625
synthetic_02594,preprocessing,preprocessing,cluster_g2,alibaba_gpu_type_pool,G2,61,5,0.00025,,1,4.0,14.900390625
synthetic_02703,preprocessing,preprocessing,cluster_g2,alibaba_gpu_type_pool,G2,61,1,0.00035,,1,18.708,63.0
synthetic_02813,preprocessing,preprocessing,cluster_g2,alibaba_gpu_type_pool,G2,61,8,0.00025,,1,11.3,48.0
synthetic_02878,fine_tuning,fine_tuning,cluster_t4,alibaba_gpu_type_pool,T4,61,1,7e-05,T4,1,3.152,5.46875
synthetic_02886,fine_tuning,fine_tuning,cluster_t4,alibaba_gpu_type_pool,T4,61,1,7e-05,T4,1,3.152,5.46875
synthetic_03011,preprocessing,preprocessing,cluster_g2,alibaba_gpu_type_pool,G2,61,1,7e-05,,1,3.152,5.46875
synthetic_03022,fine_tuning,fine_tuning,cluster_t4,alibaba_gpu_type_pool,T4,61,1,7e-05,T4,1,11.908,46.0
synthetic_03109,preprocessing,preprocessing,cluster_g2,alibaba_gpu_type_pool,G2,61,4,7e-05,,1,11.4,47.0
synthetic_03139,preprocessing,preprocessing,cluster_g2,alibaba_gpu_type_pool,G2,61,4,0.00025,,1,6.0,16.0
synthetic_03185,preprocessing,preprocessing,cluster_g2,alibaba_gpu_type_pool,G2,61,3,0.00035,,1,4.0,30.517578125
synthetic_03242,preprocessing,preprocessing,cluster_g2,alibaba_gpu_type_pool,G2,61,1,7e-05,,1,3.152,5.46875
synthetic_03268,preprocessing,preprocessing,cluster_g2,alibaba_gpu_type_pool,G2,61,1,0.00035,,1,11.3,48.0
synthetic_03289,fine_tuning,fine_tuning,cluster_t4,alibaba_gpu_type_pool,T4,61,1,7e-05,T4,1,9.81,40.5859375
synthetic_03459,fine_tuning,fine_tuning,cluster_g2,alibaba_gpu_type_pool,G2,61,3,0.00035,G2,1,15.7,57.0
synthetic_03467,preprocessing,preprocessing,cluster_g2,alibaba_gpu_type_pool,G2,61,1,0.00035,,1,3.152,5.46875
synthetic_03528,preprocessing,preprocessing,cluster_g2,alibaba_gpu_type_pool,G2,61,1,7e-05,,1,11.3,48.0
synthetic_03564,fine_tuning,fine_tuning,cluster_t4,alibaba_gpu_type_pool,T4,61,1,7e-05,T4,1,4.152,10.3515625
synthetic_03594,preprocessing,preprocessing,cluster_g2,alibaba_gpu_type_pool,G2,61,1,7e-05,,1,3.152,5.46875
synthetic_03692,preprocessing,preprocessing,cluster_g2,alibaba_gpu_type_pool,G2,61,11,0.00025,,1,14.2,57.0
synthetic_03746,fine_tuning,fine_tuning,cluster_t4,alibaba_gpu_type_pool,T4,61,2,7e-05,T4,1,3.152,5.46875
synthetic_03768,fine_tuning,fine_tuning,cluster_t4,alibaba_gpu_type_pool,T4,61,1,7e-05,T4,1,8.0,29.8017578125
synthetic_03782,preprocessing,preprocessing,cluster_g2,alibaba_gpu_type_pool,G2,61,1,0.00025,,1,11.908,46.0
synthetic_03798,preprocessing,preprocessing,cluster_g2,alibaba_gpu_type_pool,G2,61,1,0.00025,,1,11.3,48.0
synthetic_03868,preprocessing,preprocessing,cluster_g2,alibaba_gpu_type_pool,G2,61,2,0.00035,,1,11.3,48.0
synthetic_03891,fine_tuning,fine_tuning,cluster_g3,alibaba_gpu_type_pool,G3,61,1,0.00035,G3,1,11.3,48.0
synthetic_03968,preprocessing,preprocessing,cluster_g2,alibaba_gpu_type_pool,G2,61,1,0.00025,,1,15.7,57.0
synthetic_04018,preprocessing,preprocessing,cluster_g2,alibaba_gpu_type_pool,G2,61,1,0.00035,,1,11.908,46.0
synthetic_04078,fine_tuning,fine_tuning,cluster_p100,alibaba_gpu_type_pool,P100,61,1,0.00025,P100,1,3.152,5.46875
synthetic_04288,preprocessing,preprocessing,cluster_g2,alibaba_gpu_type_pool,G2,61,12,0.00025,,1,11.908,46.0
synthetic_04332,preprocessing,preprocessing,cluster_g2,alibaba_gpu_type_pool,G2,61,1,0.00035,,1,8.0,29.8017578125
synthetic_04492,preprocessing,preprocessing,cluster_g2,alibaba_gpu_type_pool,G2,61,1,0.00025,,1,12.0,32.0
synthetic_04603,fine_tuning,fine_tuning,cluster_g3,alibaba_gpu_type_pool,G3,61,1,0.00035,G3,1,3.152,5.46875
synthetic_04660,fine_tuning,fine_tuning,cluster_p100,alibaba_gpu_type_pool,P100,61,1,0.00025,P100,1,3.152,5.46875
synthetic_04881,training,training,cluster_v100m16,alibaba_gpu_type_pool,V100M16,61,3,0.00025,V100M16|V100M32,1,11.4,47.0
synthetic_04929,preprocessing,preprocessing,cluster_g2,alibaba_gpu_type_pool,G2,61,1,0.00025,,1,3.152,5.46875
synthetic_04992,preprocessing,preprocessing,cluster_g2,alibaba_gpu_type_pool,G2,61,6,0.00025,,1,4.0,24.0
synthetic_00142,preprocessing,preprocessing,cluster_g2,alibaba_gpu_type_pool,G2,62,4,0.00035,,1,16.0,32.0
synthetic_00295,preprocessing,preprocessing,cluster_g2,alibaba_gpu_type_pool,G2,62,1,0.00025,,1,14.2,57.0
synthetic_00370,preprocessing,preprocessing,cluster_g2,alibaba_gpu_type_pool,G2,62,2,0.00025,,1,4.0,29.8017578125
synthetic_00408,preprocessing,preprocessing,cluster_g2,alibaba_gpu_type_pool,G2,62,6,0.00025,,1,9.81,40.5859375
synthetic_00636,preprocessing,preprocessing,cluster_g2,alibaba_gpu_type_pool,G2,62,1,0.00035,,1,11.3,48.0
synthetic_00671,fine_tuning,fine_tuning,cluster_p100,alibaba_gpu_type_pool,P100,62,1,0.00025,P100,1,11.908,46.0
synthetic_00824,preprocessing,preprocessing,cluster_g2,alibaba_gpu_type_pool,G2,62,2,0.00025,,1,8.0,32.0
synthetic_00847,fine_tuning,fine_tuning,cluster_g2,alibaba_gpu_type_pool,G2,62,4,0.00035,G2,1,11.3,48.0
synthetic_00871,preprocessing,preprocessing,cluster_g2,alibaba_gpu_type_pool,G2,62,5,0.00025,,1,8.0,29.8017578125
synthetic_01020,fine_tuning,fine_tuning,cluster_t4,alibaba_gpu_type_pool,T4,62,1,7e-05,T4,1,4.0,22.3515625
synthetic_01067,preprocessing,preprocessing,cluster_g2,alibaba_gpu_type_pool,G2,62,2,0.00025,,1,11.3,48.0
synthetic_01344,fine_tuning,fine_tuning,cluster_t4,alibaba_gpu_type_pool,T4,62,2,7e-05,T4,1,11.908,46.0
synthetic_01391,preprocessing,preprocessing,cluster_g2,alibaba_gpu_type_pool,G2,62,1,7e-05,,1,11.3,48.0
synthetic_01399,preprocessing,preprocessing,cluster_g2,alibaba_gpu_type_pool,G2,62,8,0.00035,,1,11.4,47.0
synthetic_01400,preprocessing,preprocessing,cluster_g2,alibaba_gpu_type_pool,G2,62,5,0.00025,,1,11.908,46.0
synthetic_01511,preprocessing,preprocessing,cluster_g2,alibaba_gpu_type_pool,G2,62,1,7e-05,,1,4.0,22.3515625
synthetic_01629,preprocessing,preprocessing,cluster_g2,alibaba_gpu_type_pool,G2,62,3,0.00035,,1,15.7,57.0
synthetic_01691,preprocessing,preprocessing,cluster_g2,alibaba_gpu_type_pool,G2,62,1,0.00035,,1,3.152,5.46875
synthetic_01835,preprocessing,preprocessing,cluster_g2,alibaba_gpu_type_pool,G2,62,2,0.00035,,1,4.152,10.3515625
synthetic_01990,preprocessing,preprocessing,cluster_g2,alibaba_gpu_type_pool,G2,62,2,0.00035,,1,3.152,5.46875
synthetic_02000,fine_tuning,fine_tuning,cluster_t4,alibaba_gpu_type_pool,T4,62,6,7e-05,T4,1,16.0,32.0
synthetic_02033,preprocessing,preprocessing,cluster_g2,alibaba_gpu_type_pool,G2,62,9,0.00035,,1,4.152,10.3515625
synthetic_02100,preprocessing,preprocessing,cluster_g2,alibaba_gpu_type_pool,G2,62,5,0.00025,,1,4.0,24.0
synthetic_02243,fine_tuning,fine_tuning,cluster_t4,alibaba_gpu_type_pool,T4,62,1,7e-05,T4,1,11.3,48.0
synthetic_02248,fine_tuning,fine_tuning,cluster_t4,alibaba_gpu_type_pool,T4,62,1,7e-05,T4,1,11.3,48.0
synthetic_02258,fine_tuning,fine_tuning,cluster_g2,alibaba_gpu_type_pool,G2,62,1,0.00035,G2,1,11.3,48.0
synthetic_02333,fine_tuning,fine_tuning,cluster_t4,alibaba_gpu_type_pool,T4,62,1,7e-05,T4,1,11.3,48.0
synthetic_02706,preprocessing,preprocessing,cluster_g2,alibaba_gpu_type_pool,G2,62,1,0.00015,,1,4.0,22.3515625
synthetic_02897,preprocessing,preprocessing,cluster_g2,alibaba_gpu_type_pool,G2,62,1,0.00025,,1,3.152,5.46875
synthetic_02993,preprocessing,preprocessing,cluster_g2,alibaba_gpu_type_pool,G2,62,1,0.00035,,1,11.3,48.0
synthetic_03088,fine_tuning,fine_tuning,cluster_t4,alibaba_gpu_type_pool,T4,62,8,7e-05,T4,1,4.0,14.900390625
synthetic_03146,preprocessing,preprocessing,cluster_g2,alibaba_gpu_type_pool,G2,62,4,7e-05,,1,11.3,48.0
synthetic_03194,training,training,cluster_v100m32,alibaba_gpu_type_pool,V100M32,62,16,0.00025,V100M16|V100M32,1,12.0,24.0
synthetic_03343,fine_tuning,fine_tuning,cluster_t4,alibaba_gpu_type_pool,T4,62,1,7e-05,T4,1,4.152,10.3515625
synthetic_03414,preprocessing,preprocessing,cluster_g2,alibaba_gpu_type_pool,G2,62,1,0.00025,,1,3.152,5.46875
synthetic_03417,preprocessing,preprocessing,cluster_g2,alibaba_gpu_type_pool,G2,62,1,7e-05,,1,3.152,5.46875
synthetic_03523,preprocessing,preprocessing,cluster_g2,alibaba_gpu_type_pool,G2,62,2,7e-05,,1,16.0,64.0
synthetic_03535,preprocessing,preprocessing,cluster_g2,alibaba_gpu_type_pool,G2,62,1,0.00025,,1,18.708,63.0
synthetic_03578,preprocessing,preprocessing,cluster_g2,alibaba_gpu_type_pool,G2,62,1,0.00025,,1,11.908,46.0
synthetic_03662,fine_tuning,fine_tuning,cluster_t4,alibaba_gpu_type_pool,T4,62,2,7e-05,T4,1,11.4,47.0
synthetic_03786,preprocessing,preprocessing,cluster_g2,alibaba_gpu_type_pool,G2,62,4,0.00025,,1,18.708,63.0
synthetic_03867,fine_tuning,fine_tuning,cluster_t4,alibaba_gpu_type_pool,T4,62,2,7e-05,T4,1,11.908,46.0
synthetic_03948,preprocessing,preprocessing,cluster_g2,alibaba_gpu_type_pool,G2,62,1,0.00025,,1,9.81,40.5859375
synthetic_03961,fine_tuning,fine_tuning,cluster_g2,alibaba_gpu_type_pool,G2,62,1,0.00035,G2,1,3.152,5.46875
synthetic_03980,fine_tuning,fine_tuning,cluster_p100,alibaba_gpu_type_pool,P100,62,1,0.00025,P100,1,11.908,46.0
synthetic_04281,preprocessing,preprocessing,cluster_g2,alibaba_gpu_type_pool,G2,62,5,0.00025,,1,11.908,46.0
synthetic_04326,preprocessing,preprocessing,cluster_g2,alibaba_gpu_type_pool,G2,62,6,0.00025,,1,9.81,40.5859375
synthetic_04400,training,training,cluster_v100m16,alibaba_gpu_type_pool,V100M16,62,3,0.001,V100M16|V100M32,4,32.2,129.0
synthetic_04519,preprocessing,preprocessing,cluster_g2,alibaba_gpu_type_pool,G2,62,2,0.00025,,1,18.708,63.0
synthetic_04776,preprocessing,preprocessing,cluster_g2,alibaba_gpu_type_pool,G2,62,1,0.00025,,1,11.3,48.0
synthetic_04922,preprocessing,preprocessing,cluster_g2,alibaba_gpu_type_pool,G2,62,1,0.00025,,1,4.0,22.3515625
synthetic_00227,preprocessing,preprocessing,cluster_g2,alibaba_gpu_type_pool,G2,63,1,0.00025,,1,3.152,5.46875
synthetic_00286,preprocessing,preprocessing,cluster_g2,alibaba_gpu_type_pool,G2,63,1,0.00035,,1,3.152,5.46875
synthetic_00321,preprocessing,preprocessing,cluster_g2,alibaba_gpu_type_pool,G2,63,1,0.00025,,1,11.3,48.0
synthetic_00374,preprocessing,preprocessing,cluster_g2,alibaba_gpu_type_pool,G2,63,1,0.00025,,1,11.4,47.0
synthetic_00494,preprocessing,preprocessing,cluster_g2,alibaba_gpu_type_pool,G2,63,1,0.00035,,1,3.152,5.46875
synthetic_00508,fine_tuning,fine_tuning,cluster_t4,alibaba_gpu_type_pool,T4,63,1,7e-05,T4,1,4.0,29.8017578125
synthetic_00531,preprocessing,preprocessing,cluster_g2,alibaba_gpu_type_pool,G2,63,2,0.00025,,1,3.152,5.46875
synthetic_00664,fine_tuning,fine_tuning,cluster_p100,alibaba_gpu_type_pool,P100,63,1,0.00025,P100,1,3.152,5.46875
synthetic_00795,preprocessing,preprocessing,cluster_g2,alibaba_gpu_type_pool,G2,63,1,0.00025,,1,18.708,63.0
synthetic_00900,preprocessing,preprocessing,cluster_g2,alibaba_gpu_type_pool,G2,63,1,0.00025,,1,3.152,5.46875
synthetic_00971,preprocessing,preprocessing,cluster_g2,alibaba_gpu_type_pool,G2,63,1,0.00035,,1,3.152,5.46875
synthetic_01002,preprocessing,preprocessing,cluster_g2,alibaba_gpu_type_pool,G2,63,2,0.00035,,1,4.0,22.3515625
synthetic_01028,preprocessing,preprocessing,cluster_g2,alibaba_gpu_type_pool,G2,63,1,0.00035,,1,3.152,5.46875
synthetic_01070,fine_tuning,fine_tuning,cluster_t4,alibaba_gpu_type_pool,T4,63,8,7e-05,T4,1,8.0,16.0
synthetic_01084,preprocessing,preprocessing,cluster_g2,alibaba_gpu_type_pool,G2,63,6,0.00025,,1,8.0,32.0
synthetic_01103,training,training,cluster_v100m16,alibaba_gpu_type_pool,V100M16,63,1,0.00025,V100M16|V100M32,1,3.152,5.46875
synthetic_01104,preprocessing,preprocessing,cluster_g2,alibaba_gpu_type_pool,G2,63,1,0.00025,,1,3.152,5.46875
synthetic_01143,fine_tuning,fine_tuning,cluster_t4,alibaba_gpu_type_pool,T4,63,1,7e-05,T4,1,11.3,48.0
synthetic_01179,preprocessing,preprocessing,cluster_g2,alibaba_gpu_type_pool,G2,63,1,0.00035,,1,8.0,29.8017578125
synthetic_01203,preprocessing,preprocessing,cluster_g2,alibaba_gpu_type_pool,G2,63,1,0.00035,,1,11.4,76.0
synthetic_01240,preprocessing,preprocessing,cluster_g2,alibaba_gpu_type_pool,G2,63,1,0.00035,,1,3.152,5.46875
synthetic_01282,preprocessing,preprocessing,cluster_g2,alibaba_gpu_type_pool,G2,63,1,0.00035,,1,11.3,48.0
synthetic_01311,preprocessing,preprocessing,cluster_v100m32,alibaba_gpu_type_pool,V100M32,63,3,0.00025,P100|V100M16|V100M32,1,18.708,63.0
synthetic_01572,preprocessing,preprocessing,cluster_g2,alibaba_gpu_type_pool,G2,63,1,0.00025,,1,3.152,5.46875
synthetic_01600,preprocessing,preprocessing,cluster_g2,alibaba_gpu_type_pool,G2,63,1,0.00025,,1,4.0,22.3515625
synthetic_01758,preprocessing,preprocessing,cluster_g2,alibaba_gpu_type_pool,G2,63,1,0.00035,,1,11.3,48.0
synthetic_01895,fine_tuning,fine_tuning,cluster_t4,alibaba_gpu_type_pool,T4,63,1,7e-05,T4,1,11.908,46.0
synthetic_01969,fine_tuning,fine_tuning,cluster_g2,alibaba_gpu_type_pool,G2,63,11,0.00035,G2,1,11.4,47.0
synthetic_02039,preprocessing,preprocessing,cluster_g2,alibaba_gpu_type_pool,G2,63,4,0.00035,,1,11.908,46.0
synthetic_02154,fine_tuning,fine_tuning,cluster_t4,alibaba_gpu_type_pool,T4,63,1,7e-05,T4,1,18.708,63.0
synthetic_02407,preprocessing,preprocessing,cluster_g2,alibaba_gpu_type_pool,G2,63,2,0.00035,,1,8.2,33.0
synthetic_02447,fine_tuning,fine_tuning,cluster_t4,alibaba_gpu_type_pool,T4,63,2,7e-05,T4,1,4.0,22.3515625
synthetic_02455,preprocessing,preprocessing,cluster_g2,alibaba_gpu_type_pool,G2,63,2,7e-05,,1,3.152,5.46875
synthetic_02520,training,training,cluster_a10,alibaba_gpu_type_pool,A10,63,1,7e-05,A10|T4,1,3.152,5.46875
synthetic_02530,fine_tuning,fine_tuning,cluster_g2,alibaba_gpu_type_pool,G2,63,1,0.00035,G2,1,11.4,76.0
synthetic_02599,preprocessing,preprocessing,cluster_g2,alibaba_gpu_type_pool,G2,63,1,0.00025,,1,3.152,5.46875
synthetic_02655,preprocessing,preprocessing,cluster_g2,alibaba_gpu_type_pool,G2,63,1,0.00025,,1,3.152,5.46875
synthetic_02937,preprocessing,preprocessing,cluster_g2,alibaba_gpu_type_pool,G2,63,1,0.00025,,1,18.708,63.0
synthetic_03103,preprocessing,preprocessing,cluster_g2,alibaba_gpu_type_pool,G2,63,1,7e-05,,1,3.152,5.46875
synthetic_03183,fine_tuning,fine_tuning,cluster_t4,alibaba_gpu_type_pool,T4,63,6,7e-05,T4,1,4.0,29.8017578125
synthetic_03220,preprocessing,preprocessing,cluster_g2,alibaba_gpu_type_pool,G2,63,2,0.00025,,1,16.0,32.0
synthetic_03224,preprocessing,preprocessing,cluster_g2,alibaba_gpu_type_pool,G2,63,1,0.00025,,1,11.3,48.0
synthetic_03241,preprocessing,preprocessing,cluster_g2,alibaba_gpu_type_pool,G2,63,10,7e-05,,1,4.0,22.3515625
synthetic_03246,preprocessing,preprocessing,cluster_g2,alibaba_gpu_type_pool,G2,63,1,0.00025,,1,8.0,29.8017578125
synthetic_03264,preprocessing,preprocessing,cluster_g2,alibaba_gpu_type_pool,G2,63,2,0.00035,,1,4.0,14.900390625
synthetic_03667,preprocessing,preprocessing,cluster_g2,alibaba_gpu_type_pool,G2,63,6,0.00035,,1,11.4,47.0
synthetic_03763,preprocessing,preprocessing,cluster_g2,alibaba_gpu_type_pool,G2,63,1,0.00025,,1,3.152,5.46875
synthetic_03876,preprocessing,preprocessing,cluster_g2,alibaba_gpu_type_pool,G2,63,1,7e-05,,1,11.908,46.0
synthetic_03899,preprocessing,preprocessing,cluster_g2,alibaba_gpu_type_pool,G2,63,5,0.00025,,1,8.0,16.0
synthetic_03938,fine_tuning,fine_tuning,cluster_g2,alibaba_gpu_type_pool,G2,63,1,0.00035,G2,1,11.3,48.0
synthetic_04045,preprocessing,preprocessing,cluster_g2,alibaba_gpu_type_pool,G2,63,2,0.00025,,1,2.0,8.0
synthetic_04241,preprocessing,preprocessing,cluster_g2,alibaba_gpu_type_pool,G2,63,1,0.00025,,1,3.152,5.46875
synthetic_04455,fine_tuning,fine_tuning,cluster_t4,alibaba_gpu_type_pool,T4,63,1,7e-05,T4,1,11.908,46.0
synthetic_04477,fine_tuning,fine_tuning,cluster_t4,alibaba_gpu_type_pool,T4,63,1,7e-05,T4,1,8.0,29.8017578125
synthetic_04482,fine_tuning,fine_tuning,cluster_t4,alibaba_gpu_type_pool,T4,63,1,7e-05,T4,1,8.0,29.8017578125
synthetic_04504,preprocessing,preprocessing,cluster_g2,alibaba_gpu_type_pool,G2,63,1,0.00025,,1,12.0,24.0
synthetic_04957,preprocessing,preprocessing,cluster_g2,alibaba_gpu_type_pool,G2,63,4,7e-05,,1,8.0,16.0
synthetic_00171,fine_tuning,fine_tuning,cluster_g2,alibaba_gpu_type_pool,G2,64,1,0.00035,G2,1,4.0,24.0
synthetic_00293,preprocessing,preprocessing,cluster_g2,alibaba_gpu_type_pool,G2,64,1,0.00035,,1,11.3,48.0
synthetic_00368,preprocessing,preprocessing,cluster_g2,alibaba_gpu_type_pool,G2,64,1,0.00015,,1,11.908,46.0
synthetic_00683,preprocessing,preprocessing,cluster_g2,alibaba_gpu_type_pool,G2,64,1,0.00025,,1,3.152,5.46875
synthetic_00923,fine_tuning,fine_tuning,cluster_t4,alibaba_gpu_type_pool,T4,64,5,7e-05,T4,1,12.0,24.0
synthetic_01151,fine_tuning,fine_tuning,cluster_g2,alibaba_gpu_type_pool,G2,64,1,0.00035,G2,1,11.3,48.0
synthetic_01527,fine_tuning,fine_tuning,cluster_v100m32,alibaba_gpu_type_pool,V100M32,64,2,0.00025,V100M32,1,12.0,16.0
synthetic_01628,fine_tuning,fine_tuning,cluster_t4,alibaba_gpu_type_pool,T4,64,6,7e-05,T4,1,3.152,5.46875
synthetic_01639,preprocessing,preprocessing,cluster_g2,alibaba_gpu_type_pool,G2,64,5,0.00025,,1,4.0,24.0
synthetic_01655,preprocessing,preprocessing,cluster_g2,alibaba_gpu_type_pool,G2,64,3,0.00015,,1,15.7,57.0
synthetic_01730,fine_tuning,fine_tuning,cluster_t4,alibaba_gpu_type_pool,T4,64,1,7e-05,T4,1,18.708,63.0
synthetic_01807,preprocessing,preprocessing,cluster_g2,alibaba_gpu_type_pool,G2,64,1,0.00025,,1,4.0,22.3515625
synthetic_01816,preprocessing,preprocessing,cluster_g2,alibaba_gpu_type_pool,G2,64,1,0.00025,,1,3.152,5.46875
synthetic_01843,preprocessing,preprocessing,cluster_g2,alibaba_gpu_type_pool,G2,64,2,0.00025,,1,11.908,46.0
synthetic_01851,preprocessing,preprocessing,cluster_g2,alibaba_gpu_type_pool,G2,64,4,0.00025,,1,8.0,29.8017578125
synthetic_01852,preprocessing,preprocessing,cluster_g2,alibaba_gpu_type_pool,G2,64,3,7e-05,,1,15.7,57.0
synthetic_01867,training,training,cluster_v100m16,alibaba_gpu_type_pool,V100M16,64,2,0.00025,V100M16|V100M32,1,11.4,47.0
synthetic_01901,preprocessing,preprocessing,cluster_g2,alibaba_gpu_type_pool,G2,64,1,0.00025,,1,3.152,5.46875
synthetic_02113,fine_tuning,fine_tuning,cluster_g2,alibaba_gpu_type_pool,G2,64,2,0.00035,G2,1,14.2,57.0
synthetic_02174,fine_tuning,fine_tuning,cluster_t4,alibaba_gpu_type_pool,T4,64,4,7e-05,T4,1,4.0,22.3515625
synthetic_02212,preprocessing,preprocessing,cluster_g2,alibaba_gpu_type_pool,G2,64,1,0.00025,,1,16.0,32.0
synthetic_02341,preprocessing,preprocessing,cluster_g2,alibaba_gpu_type_pool,G2,64,5,0.00025,,1,12.0,24.0
synthetic_02451,preprocessing,preprocessing,cluster_g2,alibaba_gpu_type_pool,G2,64,2,0.00035,,1,18.708,63.0
synthetic_02526,fine_tuning,fine_tuning,cluster_g2,alibaba_gpu_type_pool,G2,64,1,0.00035,G2,1,11.4,47.0
synthetic_02567,preprocessing,preprocessing,cluster_g2,alibaba_gpu_type_pool,G2,64,1,0.00025,,1,3.152,5.46875
synthetic_02649,preprocessing,preprocessing,cluster_g2,alibaba_gpu_type_pool,G2,64,8,0.00025,,1,4.152,10.3515625
synthetic_02693,preprocessing,preprocessing,cluster_g2,alibaba_gpu_type_pool,G2,64,1,0.00025,,1,11.3,48.0
synthetic_02767,fine_tuning,fine_tuning,cluster_t4,alibaba_gpu_type_pool,T4,64,1,7e-05,T4,1,12.0,16.0
synthetic_02879,fine_tuning,fine_tuning,cluster_t4,alibaba_gpu_type_pool,T4,64,1,7e-05,T4,1,3.152,5.46875
synthetic_02880,preprocessing,preprocessing,cluster_g2,alibaba_gpu_type_pool,G2,64,1,0.00025,,1,3.152,5.46875
synthetic_02926,preprocessing,preprocessing,cluster_g2,alibaba_gpu_type_pool,G2,64,3,0.00025,,1,8.2,33.0
synthetic_02971,preprocessing,preprocessing,cluster_p100,alibaba_gpu_type_pool,P100,64,1,0.00025,P100|V100M16|V100M32,1,11.3,48.0
synthetic_03193,preprocessing,preprocessing,cluster_g2,alibaba_gpu_type_pool,G2,64,1,0.00035,,1,11.3,48.0
synthetic_03260,preprocessing,preprocessing,cluster_g2,alibaba_gpu_type_pool,G2,64,1,0.00025,,1,11.3,48.0
synthetic_03313,preprocessing,preprocessing,cluster_g2,alibaba_gpu_type_pool,G2,64,1,0.00025,,1,3.152,5.46875
synthetic_03454,preprocessing,preprocessing,cluster_g2,alibaba_gpu_type_pool,G2,64,1,0.00025,,1,11.908,46.0
synthetic_03563,preprocessing,preprocessing,cluster_g2,alibaba_gpu_type_pool,G2,64,2,0.00035,,1,11.3,48.0
synthetic_03952,fine_tuning,fine_tuning,cluster_t4,alibaba_gpu_type_pool,T4,64,7,7e-05,T4,1,11.4,47.0
synthetic_03978,fine_tuning,fine_tuning,cluster_g3,alibaba_gpu_type_pool,G3,64,2,0.00035,G3,1,16.0,32.0
synthetic_04008,preprocessing,preprocessing,cluster_g2,alibaba_gpu_type_pool,G2,64,8,0.00025,,1,3.152,5.46875
synthetic_04200,preprocessing,preprocessing,cluster_g2,alibaba_gpu_type_pool,G2,64,1,0.00035,,1,3.152,5.46875
synthetic_04313,preprocessing,preprocessing,cluster_g2,alibaba_gpu_type_pool,G2,64,1,0.00025,,1,3.152,5.46875
synthetic_04349,preprocessing,preprocessing,cluster_p100,alibaba_gpu_type_pool,P100,64,3,0.00025,P100|V100M16|V100M32,1,15.7,57.0
synthetic_04475,preprocessing,preprocessing,cluster_g2,alibaba_gpu_type_pool,G2,64,10,0.00025,,1,4.0,22.3515625
synthetic_00082,preprocessing,preprocessing,cluster_g2,alibaba_gpu_type_pool,G2,65,1,0.00015,,1,3.152,5.46875
synthetic_00135,fine_tuning,fine_tuning,cluster_t4,alibaba_gpu_type_pool,T4,65,2,7e-05,T4,1,8.2,33.0
synthetic_00220,fine_tuning,fine_tuning,cluster_t4,alibaba_gpu_type_pool,T4,65,1,7e-05,T4,1,11.3,48.0
synthetic_00334,preprocessing,preprocessing,cluster_g2,alibaba_gpu_type_pool,G2,65,1,0.00025,,1,3.152,5.46875
synthetic_00449,preprocessing,preprocessing,cluster_g2,alibaba_gpu_type_pool,G2,65,1,0.00025,,1,3.152,5.46875
synthetic_00468,preprocessing,preprocessing,cluster_g2,alibaba_gpu_type_pool,G2,65,2,0.00025,,1,11.908,46.0
synthetic_00488,preprocessing,preprocessing,cluster_p100,alibaba_gpu_type_pool,P100,65,2,0.00025,P100|T4|V100M16|V100M32,1,11.4,47.0
synthetic_00703,preprocessing,preprocessing,cluster_g2,alibaba_gpu_type_pool,G2,65,1,0.00035,,1,9.81,40.5859375
synthetic_00735,preprocessing,preprocessing,cluster_g2,alibaba_gpu_type_pool,G2,65,2,0.00025,,1,8.2,33.0
synthetic_00746,preprocessing,preprocessing,cluster_g2,alibaba_gpu_type_pool,G2,65,4,0.00025,,1,4.0,22.3515625
synthetic_00837,training,training,cluster_v100m16,alibaba_gpu_type_pool,V100M16,65,5,0.00025,V100M16|V100M32,1,12.0,24.0
synthetic_00984,preprocessing,preprocessing,cluster_g2,alibaba_gpu_type_pool,G2,65,1,0.00035,,1,3.152,5.46875
synthetic_01034,fine_tuning,fine_tuning,cluster_t4,alibaba_gpu_type_pool,T4,65,1,7e-05,T4,1,11.3,48.0
synthetic_01076,preprocessing,preprocessing,cluster_g2,alibaba_gpu_type_pool,G2,65,1,0.00025,,1,3.152,5.46875
synthetic_01086,preprocessing,preprocessing,cluster_g2,alibaba_gpu_type_pool,G2,65,1,0.00025,,1,6.0,6.0
synthetic_01239,preprocessing,preprocessing,cluster_g2,alibaba_gpu_type_pool,G2,65,5,0.00025,,1,11.908,46.0
synthetic_01287,preprocessing,preprocessing,cluster_g2,alibaba_gpu_type_pool,G2,65,4,0.00025,,1,6.0,18.0
synthetic_01294,preprocessing,preprocessing,cluster_g2,alibaba_gpu_type_pool,G2,65,1,0.00035,,1,11.4,47.0
synthetic_01532,preprocessing,preprocessing,cluster_p100,alibaba_gpu_type_pool,P100,65,1,0.00025,P100|V100M16|V100M32,1,11.3,48.0
synthetic_01576,fine_tuning,fine_tuning,cluster_t4,alibaba_gpu_type_pool,T4,65,1,7e-05,T4,1,11.3,48.0
synthetic_01685,preprocessing,preprocessing,cluster_g2,alibaba_gpu_type_pool,G2,65,1,0.00025,,1,3.152,5.46875
synthetic_01710,preprocessing,preprocessing,cluster_g2,alibaba_gpu_type_pool,G2,65,3,0.00025,,1,4.0,14.900390625
synthetic_01743,preprocessing,preprocessing,cluster_g2,alibaba_gpu_type_pool,G2,65,1,0.00035,,1,11.3,48.0
synthetic_01789,preprocessing,preprocessing,cluster_g2,alibaba_gpu_type_pool,G2,65,1,0.00025,,1,11.3,48.0
synthetic_01830,preprocessing,preprocessing,cluster_g2,alibaba_gpu_type_pool,G2,65,1,0.00035,,1,8.0,29.8017578125
synthetic_01935,preprocessing,preprocessing,cluster_g2,alibaba_gpu_type_pool,G2,65,1,0.00025,,1,3.152,5.46875
synthetic_01945,preprocessing,preprocessing,cluster_g2,alibaba_gpu_type_pool,G2,65,1,7e-05,,1,18.708,63.0
synthetic_01959,preprocessing,preprocessing,cluster_g2,alibaba_gpu_type_pool,G2,65,4,0.00025,,1,11.4,47.0
synthetic_01975,preprocessing,preprocessing,cluster_g2,alibaba_gpu_type_pool,G2,65,1,0.00035,,1,11.3,48.0
synthetic_02010,preprocessing,preprocessing,cluster_g2,alibaba_gpu_type_pool,G2,65,1,0.00025,,1,11.908,46.0
synthetic_02332,fine_tuning,fine_tuning,cluster_g3,alibaba_gpu_type_pool,G3,65,1,0.00035,G3,1,11.3,48.0
synthetic_02368,preprocessing,preprocessing,cluster_g2,alibaba_gpu_type_pool,G2,65,1,0.00035,G2|P100|T4|V100M16|V100M32,1,3.152,5.46875
synthetic_02473,training,training,cluster_v100m32,alibaba_gpu_type_pool,V100M32,65,2,0.00025,V100M16|V100M32,1,11.3,48.0
synthetic_02658,preprocessing,preprocessing,cluster_g2,alibaba_gpu_type_pool,G2,65,1,0.00035,,1,18.708,63.0
synthetic_02857,preprocessing,preprocessing,cluster_g2,alibaba_gpu_type_pool,G2,65,1,0.00025,,1,8.0,29.8017578125
synthetic_03000,preprocessing,preprocessing,cluster_g2,alibaba_gpu_type_pool,G2,65,5,0.00025,,1,4.0,22.3515625
synthetic_03010,preprocessing,preprocessing,cluster_g2,alibaba_gpu_type_pool,G2,65,5,7e-05,,1,4.0,24.0
synthetic_03056,preprocessing,preprocessing,cluster_g2,alibaba_gpu_type_pool,G2,65,2,7e-05,,1,3.152,5.46875
synthetic_03410,preprocessing,preprocessing,cluster_g2,alibaba_gpu_type_pool,G2,65,5,0.00035,,1,11.4,47.0
synthetic_03422,preprocessing,preprocessing,cluster_g2,alibaba_gpu_type_pool,G2,65,2,0.00025,,1,16.0,32.0
synthetic_03572,fine_tuning,fine_tuning,cluster_t4,alibaba_gpu_type_pool,T4,65,1,7e-05,T4,1,11.3,48.0
synthetic_03622,fine_tuning,fine_tuning,cluster_t4,alibaba_gpu_type_pool,T4,65,2,7e-05,T4,1,11.908,46.0
synthetic_03707,fine_tuning,fine_tuning,cluster_g2,alibaba_gpu_type_pool,G2,65,2,0.00035,G2,1,9.81,40.5859375
synthetic_03732,fine_tuning,fine_tuning,cluster_p100,alibaba_gpu_type_pool,P100,65,1,0.00025,P100,1,3.152,5.46875
synthetic_03748,preprocessing,preprocessing,cluster_g2,alibaba_gpu_type_pool,G2,65,1,0.00025,,1,9.81,40.5859375
synthetic_03955,preprocessing,preprocessing,cluster_g2,alibaba_gpu_type_pool,G2,65,1,0.00025,,1,11.3,48.0
synthetic_03972,preprocessing,preprocessing,cluster_g2,alibaba_gpu_type_pool,G2,65,3,0.00025,,1,11.4,47.0
synthetic_04333,preprocessing,preprocessing,cluster_g2,alibaba_gpu_type_pool,G2,65,6,0.00025,,1,16.0,64.0
synthetic_04385,preprocessing,preprocessing,cluster_g2,alibaba_gpu_type_pool,G2,65,1,0.00025,,1,11.3,48.0
synthetic_04395,preprocessing,preprocessing,cluster_g2,alibaba_gpu_type_pool,G2,65,1,0.00025,,1,1.0,2.0
synthetic_04707,preprocessing,preprocessing,cluster_g2,alibaba_gpu_type_pool,G2,65,4,0.00035,,1,4.0,30.517578125
synthetic_04733,preprocessing,preprocessing,cluster_v100m16,alibaba_gpu_type_pool,V100M16,65,4,0.00025,P100|V100M16|V100M32,1,11.4,47.0
synthetic_04745,preprocessing,preprocessing,cluster_g2,alibaba_gpu_type_pool,G2,65,2,0.00025,,1,11.4,47.0
synthetic_04749,preprocessing,preprocessing,cluster_g2,alibaba_gpu_type_pool,G2,65,1,0.00035,,1,11.908,46.0
synthetic_04791,preprocessing,preprocessing,cluster_g2,alibaba_gpu_type_pool,G2,65,1,0.00025,,1,3.152,5.46875
synthetic_04845,preprocessing,preprocessing,cluster_g2,alibaba_gpu_type_pool,G2,65,1,0.00025,,1,3.152,5.46875
synthetic_04900,fine_tuning,fine_tuning,cluster_g2,alibaba_gpu_type_pool,G2,65,1,0.00035,G2,1,11.3,48.0
synthetic_04983,fine_tuning,fine_tuning,cluster_t4,alibaba_gpu_type_pool,T4,65,1,7e-05,T4,1,4.0,14.900390625
synthetic_00099,fine_tuning,fine_tuning,cluster_t4,alibaba_gpu_type_pool,T4,66,1,7e-05,T4,1,11.3,48.0
synthetic_00471,preprocessing,preprocessing,cluster_g2,alibaba_gpu_type_pool,G2,66,1,0.00015,,1,12.0,24.0
synthetic_00529,preprocessing,preprocessing,cluster_g2,alibaba_gpu_type_pool,G2,66,1,0.00025,,1,24.2,91.0
synthetic_00540,preprocessing,preprocessing,cluster_g2,alibaba_gpu_type_pool,G2,66,1,0.00035,,1,3.152,5.46875
synthetic_00544,preprocessing,preprocessing,cluster_g2,alibaba_gpu_type_pool,G2,66,6,0.00015,,1,11.4,47.0
synthetic_00577,fine_tuning,fine_tuning,cluster_t4,alibaba_gpu_type_pool,T4,66,8,7e-05,T4,1,11.908,46.0
synthetic_00700,preprocessing,preprocessing,cluster_g2,alibaba_gpu_type_pool,G2,66,1,0.00025,,1,4.0,29.8017578125
synthetic_00716,preprocessing,preprocessing,cluster_g2,alibaba_gpu_type_pool,G2,66,6,0.00025,,1,4.0,24.0
synthetic_00748,training,training,cluster_v100m32,alibaba_gpu_type_pool,V100M32,66,2,0.00025,V100M16|V100M32,1,9.81,40.5859375
synthetic_00933,preprocessing,preprocessing,cluster_g2,alibaba_gpu_type_pool,G2,66,1,0.00025,,1,11.908,46.0
synthetic_00935,preprocessing,preprocessing,cluster_g2,alibaba_gpu_type_pool,G2,66,2,0.00035,,1,8.0,29.8017578125
synthetic_01000,preprocessing,preprocessing,cluster_g2,alibaba_gpu_type_pool,G2,66,2,0.00025,,1,15.4,88.0
synthetic_01080,training,training,cluster_v100m16,alibaba_gpu_type_pool,V100M16,66,8,0.00025,V100M16|V100M32,1,4.0,30.517578125
synthetic_01105,fine_tuning,fine_tuning,cluster_g3,alibaba_gpu_type_pool,G3,66,1,0.00035,G3,1,12.0,16.0
synthetic_01370,preprocessing,preprocessing,cluster_g2,alibaba_gpu_type_pool,G2,66,1,0.00035,,1,8.0,29.8017578125
synthetic_01372,preprocessing,preprocessing,cluster_g2,alibaba_gpu_type_pool,G2,66,2,0.00025,,1,4.0,29.8017578125
synthetic_01379,fine_tuning,fine_tuning,cluster_t4,alibaba_gpu_type_pool,T4,66,1,7e-05,T4,1,11.3,48.0
synthetic_01431,preprocessing,preprocessing,cluster_g2,alibaba_gpu_type_pool,G2,66,1,0.00025,G2|P100|T4|V100M16|V100M32,1,3.152,5.46875
synthetic_01435,preprocessing,preprocessing,cluster_g2,alibaba_gpu_type_pool,G2,66,1,7e-05,,1,11.3,48.0
synthetic_01521,preprocessing,preprocessing,cluster_g2,alibaba_gpu_type_pool,G2,66,1,0.00035,,1,4.152,10.3515625
synthetic_01534,preprocessing,preprocessing,cluster_g2,alibaba_gpu_type_pool,G2,66,1,0.00025,,1,1.0,2.0
synthetic_01697,fine_tuning,fine_tuning,cluster_g2,alibaba_gpu_type_pool,G2,66,1,0.00035,G2,1,9.81,40.5859375
synthetic_01700,preprocessing,preprocessing,cluster_g2,alibaba_gpu_type_pool,G2,66,1,0.00025,,1,9.81,40.5859375
synthetic_01704,preprocessing,preprocessing,cluster_g2,alibaba_gpu_type_pool,G2,66,1,0.00035,,1,3.152,5.46875
synthetic_01727,preprocessing,preprocessing,cluster_g2,alibaba_gpu_type_pool,G2,66,1,0.00035,,1,3.152,5.46875
synthetic_01780,fine_tuning,fine_tuning,cluster_t4,alibaba_gpu_type_pool,T4,66,1,7e-05,T4,1,3.152,5.46875
synthetic_01919,preprocessing,preprocessing,cluster_g2,alibaba_gpu_type_pool,G2,66,4,7e-05,,1,8.0,32.0
synthetic_01927,preprocessing,preprocessing,cluster_g2,alibaba_gpu_type_pool,G2,66,1,0.00025,,1,3.152,5.46875
synthetic_01941,preprocessing,preprocessing,cluster_g2,alibaba_gpu_type_pool,G2,66,1,0.00025,,1,11.3,48.0
synthetic_02091,preprocessing,preprocessing,cluster_g2,alibaba_gpu_type_pool,G2,66,2,0.00035,,1,11.3,48.0
synthetic_02109,fine_tuning,fine_tuning,cluster_t4,alibaba_gpu_type_pool,T4,66,1,7e-05,T4,1,3.152,5.46875
synthetic_02167,preprocessing,preprocessing,cluster_g2,alibaba_gpu_type_pool,G2,66,1,0.00025,,1,16.0,32.0
synthetic_02206,training,training,cluster_v100m16,alibaba_gpu_type_pool,V100M16,66,1,0.00025,V100M16|V100M32,1,18.708,63.0
synthetic_02336,preprocessing,preprocessing,cluster_g2,alibaba_gpu_type_pool,G2,66,1,0.00035,,1,3.152,5.46875
synthetic_02663,preprocessing,preprocessing,cluster_g2,alibaba_gpu_type_pool,G2,66,1,7e-05,,1,3.152,5.46875
synthetic_02686,preprocessing,preprocessing,cluster_g2,alibaba_gpu_type_pool,G2,66,1,0.00035,,1,3.152,5.46875
synthetic_02733,preprocessing,preprocessing,cluster_g2,alibaba_gpu_type_pool,G2,66,3,0.00035,,1,14.2,57.0
synthetic_02768,preprocessing,preprocessing,cluster_g2,alibaba_gpu_type_pool,G2,66,1,7e-05,,1,3.152,5.46875
synthetic_02769,preprocessing,preprocessing,cluster_g2,alibaba_gpu_type_pool,G2,66,6,7e-05,,1,4.0,22.3515625
synthetic_02773,preprocessing,preprocessing,cluster_v100m32,alibaba_gpu_type_pool,V100M32,66,1,0.00025,P100|V100M16|V100M32,1,3.152,5.46875
synthetic_03029,preprocessing,preprocessing,cluster_g2,alibaba_gpu_type_pool,G2,66,2,0.00025,,1,3.152,5.46875
synthetic_03050,fine_tuning,fine_tuning,cluster_t4,alibaba_gpu_type_pool,T4,66,2,7e-05,T4,1,4.0,14.900390625
synthetic_03282,fine_tuning,fine_tuning,cluster_g2,alibaba_gpu_type_pool,G2,66,1,0.00035,G2,1,11.3,48.0
synthetic_03540,preprocessing,preprocessing,cluster_g2,alibaba_gpu_type_pool,G2,66,1,0.00035,,1,3.152,5.46875
synthetic_03709,fine_tuning,fine_tuning,cluster_t4,alibaba_gpu_type_pool,T4,66,1,7e-05,T4,1,18.708,63.0
synthetic_03788,fine_tuning,fine_tuning,cluster_t4,alibaba_gpu_type_pool,T4,66,1,7e-05,T4,1,3.152,5.46875
synthetic_03945,fine_tuning,fine_tuning,cluster_t4,alibaba_gpu_type_pool,T4,66,1,7e-05,T4,1,3.152,5.46875
synthetic_03971,fine_tuning,fine_tuning,cluster_t4,alibaba_gpu_type_pool,T4,66,2,7e-05,T4,1,4.0,29.8017578125
synthetic_03979,preprocessing,preprocessing,cluster_g2,alibaba_gpu_type_pool,G2,66,1,0.00035,,1,11.3,48.0
synthetic_04081,preprocessing,preprocessing,cluster_g2,alibaba_gpu_type_pool,G2,66,4,0.00025,,1,8.0,16.0
synthetic_04137,preprocessing,preprocessing,cluster_g2,alibaba_gpu_type_pool,G2,66,1,0.00035,,1,3.152,5.46875
synthetic_04213,preprocessing,preprocessing,cluster_g2,alibaba_gpu_type_pool,G2,66,1,0.00025,,1,16.4,123.0
synthetic_04230,preprocessing,preprocessing,cluster_g2,alibaba_gpu_type_pool,G2,66,2,0.00025,,1,4.0,29.8017578125
synthetic_04320,fine_tuning,fine_tuning,cluster_t4,alibaba_gpu_type_pool,T4,66,1,7e-05,T4,1,11.908,46.0
synthetic_04399,preprocessing,preprocessing,cluster_g2,alibaba_gpu_type_pool,G2,66,3,0.00035,,1,3.152,5.46875
synthetic_04419,fine_tuning,fine_tuning,cluster_t4,alibaba_gpu_type_pool,T4,66,3,7e-05,T4,1,3.152,5.46875
synthetic_04549,preprocessing,preprocessing,cluster_g2,alibaba_gpu_type_pool,G2,66,8,0.00025,,1,8.0,29.8017578125
synthetic_04560,preprocessing,preprocessing,cluster_g2,alibaba_gpu_type_pool,G2,66,1,0.00025,,1,3.152,5.46875
synthetic_04658,training,training,cluster_v100m16,alibaba_gpu_type_pool,V100M16,66,8,0.00025,V100M16|V100M32,1,11.4,76.0
synthetic_04663,training,training,cluster_v100m16,alibaba_gpu_type_pool,V100M16,66,1,0.00025,V100M16|V100M32,1,11.3,48.0
synthetic_04735,preprocessing,preprocessing,cluster_g2,alibaba_gpu_type_pool,G2,66,1,0.00025,,1,3.152,5.46875
synthetic_04972,fine_tuning,fine_tuning,cluster_t4,alibaba_gpu_type_pool,T4,66,1,7e-05,T4,1,3.152,5.46875
synthetic_00053,fine_tuning,fine_tuning,cluster_t4,alibaba_gpu_type_pool,T4,67,3,7e-05,T4,1,11.3,48.0
synthetic_00057,preprocessing,preprocessing,cluster_g2,alibaba_gpu_type_pool,G2,67,1,0.00015,,1,11.4,47.0
synthetic_00217,preprocessing,preprocessing,cluster_g2,alibaba_gpu_type_pool,G2,67,1,0.00035,,1,11.3,48.0
synthetic_00262,preprocessing,preprocessing,cluster_g2,alibaba_gpu_type_pool,G2,67,4,0.00035,,1,11.4,47.0
synthetic_00264,preprocessing,preprocessing,cluster_g2,alibaba_gpu_type_pool,G2,67,2,7e-05,,1,8.0,29.8017578125
synthetic_00386,preprocessing,preprocessing,cluster_g2,alibaba_gpu_type_pool,G2,67,1,0.00035,,1,3.152,5.46875
synthetic_00413,preprocessing,preprocessing,cluster_g2,alibaba_gpu_type_pool,G2,67,1,0.00035,,1,3.152,5.46875
synthetic_00598,preprocessing,preprocessing,cluster_g2,alibaba_gpu_type_pool,G2,67,5,0.00025,,1,11.3,48.0
synthetic_00834,preprocessing,preprocessing,cluster_g2,alibaba_gpu_type_pool,G2,67,1,0.00035,,1,11.908,46.0
synthetic_00850,preprocessing,preprocessing,cluster_g2,alibaba_gpu_type_pool,G2,67,1,0.00025,,1,11.3,48.0
synthetic_01100,preprocessing,preprocessing,cluster_g2,alibaba_gpu_type_pool,G2,67,12,7e-05,,1,12.0,24.0
synthetic_01284,fine_tuning,fine_tuning,cluster_t4,alibaba_gpu_type_pool,T4,67,1,7e-05,T4,1,3.152,5.46875
synthetic_01366,fine_tuning,fine_tuning,cluster_t4,alibaba_gpu_type_pool,T4,67,1,7e-05,T4,1,11.3,48.0
synthetic_01418,preprocessing,preprocessing,cluster_g2,alibaba_gpu_type_pool,G2,67,1,7e-05,,1,4.152,10.3515625
synthetic_01420,preprocessing,preprocessing,cluster_v100m32,alibaba_gpu_type_pool,V100M32,67,1,0.00025,P100|V100M16|V100M32,1,8.0,32.0
synthetic_01430,preprocessing,preprocessing,cluster_g2,alibaba_gpu_type_pool,G2,67,1,0.00035,,1,11.4,47.0
synthetic_01517,fine_tuning,fine_tuning,cluster_t4,alibaba_gpu_type_pool,T4,67,1,7e-05,T4,1,11.3,48.0
synthetic_01616,preprocessing,preprocessing,cluster_g2,alibaba_gpu_type_pool,G2,67,2,0.00025,,1,24.2,91.0
synthetic_01972,preprocessing,preprocessing,cluster_g2,alibaba_gpu_type_pool,G2,67,1,7e-05,,1,3.152,5.46875
synthetic_02017,preprocessing,preprocessing,cluster_g2,alibaba_gpu_type_pool,G2,67,5,0.00035,,1,9.81,40.5859375
synthetic_02023,fine_tuning,fine_tuning,cluster_t4,alibaba_gpu_type_pool,T4,67,1,7e-05,T4,1,3.152,5.46875
synthetic_02062,fine_tuning,fine_tuning,cluster_t4,alibaba_gpu_type_pool,T4,67,2,7e-05,T4,1,11.908,46.0
synthetic_02086,preprocessing,preprocessing,cluster_g2,alibaba_gpu_type_pool,G2,67,1,0.00025,,1,3.152,5.46875
synthetic_02563,preprocessing,preprocessing,cluster_g2,alibaba_gpu_type_pool,G2,67,1,0.00035,,1,9.81,40.5859375
synthetic_02739,preprocessing,preprocessing,cluster_g2,alibaba_gpu_type_pool,G2,67,2,0.00025,,1,12.0,16.0
synthetic_02992,preprocessing,preprocessing,cluster_g2,alibaba_gpu_type_pool,G2,67,1,0.00035,,1,11.3,48.0
synthetic_03210,preprocessing,preprocessing,cluster_g2,alibaba_gpu_type_pool,G2,67,2,0.00035,,1,16.0,64.0
synthetic_03432,preprocessing,preprocessing,cluster_g2,alibaba_gpu_type_pool,G2,67,1,0.00035,,1,3.152,5.46875
synthetic_03574,preprocessing,preprocessing,cluster_g2,alibaba_gpu_type_pool,G2,67,2,0.00025,,1,3.152,5.46875
synthetic_03705,preprocessing,preprocessing,cluster_g2,alibaba_gpu_type_pool,G2,67,1,0.00025,,1,11.3,48.0
synthetic_03784,fine_tuning,fine_tuning,cluster_t4,alibaba_gpu_type_pool,T4,67,1,7e-05,T4,1,3.152,5.46875
synthetic_03858,preprocessing,preprocessing,cluster_g2,alibaba_gpu_type_pool,G2,67,1,0.00035,,1,4.0,29.8017578125
synthetic_03912,preprocessing,preprocessing,cluster_g2,alibaba_gpu_type_pool,G2,67,1,0.00035,,1,3.152,5.46875
synthetic_03963,preprocessing,preprocessing,cluster_g2,alibaba_gpu_type_pool,G2,67,1,0.00035,,1,11.3,48.0
synthetic_03987,training,training,cluster_v100m32,alibaba_gpu_type_pool,V100M32,67,2,0.00025,V100M16|V100M32,1,11.3,48.0
synthetic_03999,training,training,cluster_v100m32,alibaba_gpu_type_pool,V100M32,67,1,0.00025,V100M16|V100M32,1,11.3,48.0
synthetic_04095,preprocessing,preprocessing,cluster_p100,alibaba_gpu_type_pool,P100,67,2,0.00025,P100|V100M16|V100M32,1,8.0,16.0
synthetic_04179,fine_tuning,fine_tuning,cluster_t4,alibaba_gpu_type_pool,T4,67,1,7e-05,T4,1,18.708,63.0
synthetic_04382,preprocessing,preprocessing,cluster_g2,alibaba_gpu_type_pool,G2,67,2,0.00025,A10|G2|T4|V100M16|V100M32,1,11.9,76.0
synthetic_04459,fine_tuning,fine_tuning,cluster_t4,alibaba_gpu_type_pool,T4,67,1,7e-05,T4,1,4.0,29.8017578125
synthetic_04541,training,training,cluster_v100m16,alibaba_gpu_type_pool,V100M16,67,2,0.00025,V100M16|V100M32,1,15.7,57.0
synthetic_04632,fine_tuning,fine_tuning,cluster_p100,alibaba_gpu_type_pool,P100,67,1,0.00025,P100,1,11.908,46.0
synthetic_04692,preprocessing,preprocessing,cluster_g2,alibaba_gpu_type_pool,G2,67,1,0.00025,,1,3.152,5.46875
synthetic_04780,preprocessing,preprocessing,cluster_g2,alibaba_gpu_type_pool,G2,67,1,0.00025,,1,11.3,48.0
synthetic_04831,fine_tuning,fine_tuning,cluster_t4,alibaba_gpu_type_pool,T4,67,1,7e-05,T4,1,11.908,46.0
synthetic_04832,training,training,cluster_v100m32,alibaba_gpu_type_pool,V100M32,67,1,0.00025,V100M16|V100M32,1,11.4,47.0
synthetic_04885,fine_tuning,fine_tuning,cluster_t4,alibaba_gpu_type_pool,T4,67,1,7e-05,T4,1,3.152,5.46875
synthetic_04951,preprocessing,preprocessing,cluster_p100,alibaba_gpu_type_pool,P100,67,1,0.00025,P100|V100M16|V100M32,1,3.152,5.46875
synthetic_04952,preprocessing,preprocessing,cluster_g2,alibaba_gpu_type_pool,G2,67,1,0.00025,,1,3.152,5.46875
synthetic_04984,preprocessing,preprocessing,cluster_g2,alibaba_gpu_type_pool,G2,67,3,0.00035,,1,8.0,29.8017578125
synthetic_00043,preprocessing,preprocessing,cluster_g2,alibaba_gpu_type_pool,G2,68,1,0.00035,,1,11.4,47.0
synthetic_00055,preprocessing,preprocessing,cluster_g2,alibaba_gpu_type_pool,G2,68,1,0.00025,,1,11.4,47.0
synthetic_00234,preprocessing,preprocessing,cluster_g2,alibaba_gpu_type_pool,G2,68,2,0.00025,,1,4.0,14.900390625
synthetic_00253,fine_tuning,fine_tuning,cluster_t4,alibaba_gpu_type_pool,T4,68,1,7e-05,T4,1,9.81,40.5859375
synthetic_00257,preprocessing,preprocessing,cluster_g2,alibaba_gpu_type_pool,G2,68,1,0.00025,,1,3.152,5.46875
synthetic_00336,preprocessing,preprocessing,cluster_g2,alibaba_gpu_type_pool,G2,68,1,0.00035,,1,3.152,5.46875
synthetic_00550,preprocessing,preprocessing,cluster_g2,alibaba_gpu_type_pool,G2,68,2,0.00035,,1,11.908,46.0
synthetic_00581,preprocessing,preprocessing,cluster_g2,alibaba_gpu_type_pool,G2,68,3,0.00035,,1,15.7,57.0
synthetic_00608,preprocessing,preprocessing,cluster_g2,alibaba_gpu_type_pool,G2,68,1,7e-05,,1,3.152,5.46875
synthetic_00666,fine_tuning,fine_tuning,cluster_t4,alibaba_gpu_type_pool,T4,68,5,7e-05,T4,1,12.0,24.0
synthetic_00705,fine_tuning,fine_tuning,cluster_g2,alibaba_gpu_type_pool,G2,68,5,0.00035,G2,1,12.0,15.0
synthetic_01049,preprocessing,preprocessing,cluster_g2,alibaba_gpu_type_pool,G2,68,1,0.00025,,1,4.0,22.3515625
synthetic_01237,fine_tuning,fine_tuning,cluster_t4,alibaba_gpu_type_pool,T4,68,1,7e-05,T4,1,8.0,29.8017578125
synthetic_01444,preprocessing,preprocessing,cluster_g2,alibaba_gpu_type_pool,G2,68,1,0.00035,,1,4.0,14.900390625
synthetic_01460,preprocessing,preprocessing,cluster_g2,alibaba_gpu_type_pool,G2,68,2,0.00025,,1,3.152,5.46875
synthetic_01539,preprocessing,preprocessing,cluster_g2,alibaba_gpu_type_pool,G2,68,1,0.00035,,1,3.152,5.46875
synthetic_01686,fine_tuning,fine_tuning,cluster_p100,alibaba_gpu_type_pool,P100,68,1,0.00025,P100,1,11.908,46.0
synthetic_01823,preprocessing,preprocessing,cluster_g2,alibaba_gpu_type_pool,G2,68,8,0.00025,,1,18.708,63.0
synthetic_01906,fine_tuning,fine_tuning,cluster_t4,alibaba_gpu_type_pool,T4,68,1,7e-05,T4,1,8.0,29.8017578125
synthetic_01913,preprocessing,preprocessing,cluster_g2,alibaba_gpu_type_pool,G2,68,1,7e-05,,1,4.152,10.3515625
synthetic_01937,preprocessing,preprocessing,cluster_g2,alibaba_gpu_type_pool,G2,68,1,0.00035,,1,11.3,48.0
synthetic_02266,preprocessing,preprocessing,cluster_g2,alibaba_gpu_type_pool,G2,68,1,0.00035,,1,3.152,5.46875
synthetic_02456,fine_tuning,fine_tuning,cluster_p100,alibaba_gpu_type_pool,P100,68,3,0.00025,P100,1,4.0,14.900390625
synthetic_02557,preprocessing,preprocessing,cluster_g2,alibaba_gpu_type_pool,G2,68,1,0.00025,,1,3.152,5.46875
synthetic_02585,preprocessing,preprocessing,cluster_g2,alibaba_gpu_type_pool,G2,68,1,0.00035,,1,11.4,47.0
synthetic_02734,preprocessing,preprocessing,cluster_g2,alibaba_gpu_type_pool,G2,68,1,0.00025,,1,11.4,47.0
synthetic_02846,fine_tuning,fine_tuning,cluster_g2,alibaba_gpu_type_pool,G2,68,5,0.00035,G2,1,11.3,48.0
synthetic_02855,preprocessing,preprocessing,cluster_g2,alibaba_gpu_type_pool,G2,68,5,0.00025,A10|G2|T4|V100M16|V100M32,1,4.0,24.0
synthetic_02974,preprocessing,preprocessing,cluster_g2,alibaba_gpu_type_pool,G2,68,1,7e-05,,1,3.152,5.46875
synthetic_03030,fine_tuning,fine_tuning,cluster_g2,alibaba_gpu_type_pool,G2,68,1,0.00035,G2,1,3.152,5.46875
synthetic_03316,preprocessing,preprocessing,cluster_g2,alibaba_gpu_type_pool,G2,68,6,0.00025,,1,11.4,47.0
synthetic_03333,preprocessing,preprocessing,cluster_g2,alibaba_gpu_type_pool,G2,68,2,0.00035,,1,11.908,46.0
synthetic_03348,preprocessing,preprocessing,cluster_g2,alibaba_gpu_type_pool,G2,68,1,0.00025,,1,4.0,29.8017578125
synthetic_03434,preprocessing,preprocessing,cluster_g2,alibaba_gpu_type_pool,G2,68,1,0.00025,,1,18.708,63.0
synthetic_03442,fine_tuning,fine_tuning,cluster_p100,alibaba_gpu_type_pool,P100,68,5,0.00025,P100,1,4.0,29.8017578125
synthetic_03504,preprocessing,preprocessing,cluster_g2,alibaba_gpu_type_pool,G2,68,2,0.00025,,1,6.0,18.0
synthetic_03512,preprocessing,preprocessing,cluster_g2,alibaba_gpu_type_pool,G2,68,1,7e-05,,1,3.152,5.46875
synthetic_03513,preprocessing,preprocessing,cluster_g2,alibaba_gpu_type_pool,G2,68,3,0.00025,,1,11.908,46.0
synthetic_03544,preprocessing,preprocessing,cluster_g2,alibaba_gpu_type_pool,G2,68,1,0.00025,,1,11.908,46.0
synthetic_03552,fine_tuning,fine_tuning,cluster_t4,alibaba_gpu_type_pool,T4,68,1,7e-05,T4,1,11.908,46.0
synthetic_03573,fine_tuning,fine_tuning,cluster_t4,alibaba_gpu_type_pool,T4,68,1,7e-05,T4,1,11.3,48.0
synthetic_03610,preprocessing,preprocessing,cluster_g2,alibaba_gpu_type_pool,G2,68,1,0.00025,,1,11.4,47.0
synthetic_03799,preprocessing,preprocessing,cluster_g2,alibaba_gpu_type_pool,G2,68,2,7e-05,,1,3.152,5.46875
synthetic_03833,preprocessing,preprocessing,cluster_g2,alibaba_gpu_type_pool,G2,68,1,7e-05,,1,11.3,48.0
synthetic_03920,preprocessing,preprocessing,cluster_g2,alibaba_gpu_type_pool,G2,68,5,7e-05,,1,11.4,76.0
synthetic_03988,preprocessing,preprocessing,cluster_g2,alibaba_gpu_type_pool,G2,68,1,0.00025,,1,12.0,24.0
synthetic_04074,preprocessing,preprocessing,cluster_g2,alibaba_gpu_type_pool,G2,68,4,0.00035,,1,11.9,76.0
synthetic_04495,fine_tuning,fine_tuning,cluster_t4,alibaba_gpu_type_pool,T4,68,1,7e-05,T4,1,11.908,46.0
synthetic_00266,preprocessing,preprocessing,cluster_g2,alibaba_gpu_type_pool,G2,69,2,0.00025,,1,3.152,5.46875
synthetic_00620,preprocessing,preprocessing,cluster_g2,alibaba_gpu_type_pool,G2,69,1,0.00025,,1,11.908,46.0
synthetic_00669,preprocessing,preprocessing,cluster_g2,alibaba_gpu_type_pool,G2,69,1,0.00025,,1,18.708,63.0
synthetic_00896,preprocessing,preprocessing,cluster_g2,alibaba_gpu_type_pool,G2,69,2,0.00025,,1,3.152,5.46875
synthetic_01331,preprocessing,preprocessing,cluster_v100m32,alibaba_gpu_type_pool,V100M32,69,1,0.00025,P100|V100M16|V100M32,1,3.152,5.46875
synthetic_01395,preprocessing,preprocessing,cluster_v100m32,alibaba_gpu_type_pool,V100M32,69,1,0.00025,P100|V100M16|V100M32,1,18.708,63.0
synthetic_01893,preprocessing,preprocessing,cluster_g2,alibaba_gpu_type_pool,G2,69,1,0.00025,,1,3.152,5.46875
synthetic_02392,preprocessing,preprocessing,cluster_g2,alibaba_gpu_type_pool,G2,69,1,0.00025,,1,3.152,5.46875
synthetic_02431,fine_tuning,fine_tuning,cluster_p100,alibaba_gpu_type_pool,P100,69,1,0.00025,P100,1,11.908,46.0
synthetic_02516,preprocessing,preprocessing,cluster_g2,alibaba_gpu_type_pool,G2,69,5,0.00025,,1,18.708,63.0
synthetic_02682,preprocessing,preprocessing,cluster_g2,alibaba_gpu_type_pool,G2,69,1,0.00025,,1,4.0,22.3515625
synthetic_02865,preprocessing,preprocessing,cluster_g2,alibaba_gpu_type_pool,G2,69,2,0.00025,,1,3.152,5.46875
synthetic_03089,preprocessing,preprocessing,cluster_g2,alibaba_gpu_type_pool,G2,69,1,0.00025,,1,8.0,29.8017578125
synthetic_03750,preprocessing,preprocessing,cluster_g2,alibaba_gpu_type_pool,G2,69,1,0.00025,,1,3.152,5.46875
synthetic_03880,preprocessing,preprocessing,cluster_g2,alibaba_gpu_type_pool,G2,69,1,0.00025,,1,3.152,5.46875
synthetic_04020,preprocessing,preprocessing,cluster_g2,alibaba_gpu_type_pool,G2,69,2,0.00025,,1,8.0,29.8017578125
synthetic_04027,preprocessing,preprocessing,cluster_g2,alibaba_gpu_type_pool,G2,69,1,0.00025,,1,18.708,63.0
synthetic_04469,preprocessing,preprocessing,cluster_g2,alibaba_gpu_type_pool,G2,69,1,0.00025,,1,3.152,5.46875
synthetic_04873,preprocessing,preprocessing,cluster_g2,alibaba_gpu_type_pool,G2,69,2,0.00025,,1,9.81,40.5859375
synthetic_00163,fine_tuning,fine_tuning,cluster_t4,alibaba_gpu_type_pool,T4,70,2,7e-05,T4,1,9.81,40.5859375
synthetic_00367,fine_tuning,fine_tuning,cluster_g2,alibaba_gpu_type_pool,G2,70,1,0.00035,G2,1,11.3,48.0
synthetic_00773,fine_tuning,fine_tuning,cluster_t4,alibaba_gpu_type_pool,T4,70,1,7e-05,T4,1,11.3,48.0
synthetic_00823,preprocessing,preprocessing,cluster_g2,alibaba_gpu_type_pool,G2,70,1,0.00035,,1,3.152,5.46875
synthetic_01185,fine_tuning,fine_tuning,cluster_t4,alibaba_gpu_type_pool,T4,70,2,7e-05,T4,1,16.0,32.0
synthetic_01353,preprocessing,preprocessing,cluster_g2,alibaba_gpu_type_pool,G2,70,1,0.00035,,1,12.0,16.0
synthetic_01447,fine_tuning,fine_tuning,cluster_t4,alibaba_gpu_type_pool,T4,70,2,7e-05,T4,1,11.3,48.0
synthetic_01592,fine_tuning,fine_tuning,cluster_t4,alibaba_gpu_type_pool,T4,70,5,7e-05,T4,1,4.0,24.0
synthetic_01596,preprocessing,preprocessing,cluster_g2,alibaba_gpu_type_pool,G2,70,1,0.00035,,1,18.708,63.0
synthetic_01992,preprocessing,preprocessing,cluster_g2,alibaba_gpu_type_pool,G2,70,4,0.00025,,1,6.0,16.0
synthetic_02067,preprocessing,preprocessing,cluster_g2,alibaba_gpu_type_pool,G2,70,1,0.00025,,1,1.0,2.0
synthetic_02270,preprocessing,preprocessing,cluster_g2,alibaba_gpu_type_pool,G2,70,1,0.00035,,1,1.0,2.0
synthetic_02335,fine_tuning,fine_tuning,cluster_t4,alibaba_gpu_type_pool,T4,70,1,7e-05,T4,1,11.9,76.0
synthetic_02492,preprocessing,preprocessing,cluster_g2,alibaba_gpu_type_pool,G2,70,5,0.00025,,1,11.4,47.0
synthetic_02541,fine_tuning,fine_tuning,cluster_t4,alibaba_gpu_type_pool,T4,70,1,7e-05,T4,1,8.0,29.8017578125
synthetic_02569,preprocessing,preprocessing,cluster_p100,alibaba_gpu_type_pool,P100,70,1,0.00025,P100|V100M16|V100M32,1,11.3,48.0
synthetic_02602,preprocessing,preprocessing,cluster_g2,alibaba_gpu_type_pool,G2,70,2,0.00025,,1,4.0,24.0
synthetic_02631,preprocessing,preprocessing,cluster_g2,alibaba_gpu_type_pool,G2,70,1,0.00025,,1,3.152,5.46875
synthetic_02648,preprocessing,preprocessing,cluster_g2,alibaba_gpu_type_pool,G2,70,1,7e-05,,1,11.3,48.0
synthetic_02688,preprocessing,preprocessing,cluster_g2,alibaba_gpu_type_pool,G2,70,1,0.00025,,1,9.81,40.5859375
synthetic_02763,fine_tuning,fine_tuning,cluster_t4,alibaba_gpu_type_pool,T4,70,1,7e-05,T4,1,3.152,5.46875
synthetic_02820,preprocessing,preprocessing,cluster_g2,alibaba_gpu_type_pool,G2,70,1,7e-05,,1,11.908,46.0
synthetic_02869,preprocessing,preprocessing,cluster_g2,alibaba_gpu_type_pool,G2,70,1,0.00035,,1,6.0,6.0
synthetic_02912,fine_tuning,fine_tuning,cluster_p100,alibaba_gpu_type_pool,P100,70,1,0.00025,P100,1,3.152,5.46875
synthetic_02940,preprocessing,preprocessing,cluster_g2,alibaba_gpu_type_pool,G2,70,1,0.00025,,1,11.4,47.0
synthetic_03229,preprocessing,preprocessing,cluster_g2,alibaba_gpu_type_pool,G2,70,1,0.00025,,1,11.4,47.0
synthetic_03536,preprocessing,preprocessing,cluster_g2,alibaba_gpu_type_pool,G2,70,1,0.00025,,1,11.3,48.0
synthetic_03555,preprocessing,preprocessing,cluster_g2,alibaba_gpu_type_pool,G2,70,1,0.00035,,1,11.3,48.0
synthetic_03568,preprocessing,preprocessing,cluster_g2,alibaba_gpu_type_pool,G2,70,1,0.00035,,1,3.152,5.46875
synthetic_03704,preprocessing,preprocessing,cluster_g2,alibaba_gpu_type_pool,G2,70,1,0.00035,,1,11.3,48.0
synthetic_03821,preprocessing,preprocessing,cluster_g2,alibaba_gpu_type_pool,G2,70,1,0.00035,,1,3.152,5.46875
synthetic_04251,preprocessing,preprocessing,cluster_g2,alibaba_gpu_type_pool,G2,70,2,7e-05,,1,15.2,79.0
synthetic_04279,preprocessing,preprocessing,cluster_g2,alibaba_gpu_type_pool,G2,70,1,0.00035,,1,11.908,46.0
synthetic_04291,fine_tuning,fine_tuning,cluster_t4,alibaba_gpu_type_pool,T4,70,2,7e-05,T4,1,8.0,16.0
synthetic_04354,preprocessing,preprocessing,cluster_g2,alibaba_gpu_type_pool,G2,70,1,0.00025,,1,11.4,47.0
synthetic_04496,fine_tuning,fine_tuning,cluster_t4,alibaba_gpu_type_pool,T4,70,1,7e-05,T4,1,11.908,46.0
synthetic_04647,preprocessing,preprocessing,cluster_g2,alibaba_gpu_type_pool,G2,70,1,0.00025,,1,11.4,47.0
synthetic_04652,fine_tuning,fine_tuning,cluster_p100,alibaba_gpu_type_pool,P100,70,1,0.00025,P100,1,8.0,29.8017578125
synthetic_04667,fine_tuning,fine_tuning,cluster_t4,alibaba_gpu_type_pool,T4,70,1,7e-05,T4,1,4.0,29.8017578125
synthetic_04693,preprocessing,preprocessing,cluster_g2,alibaba_gpu_type_pool,G2,70,2,0.00025,,1,16.0,32.0
synthetic_04728,preprocessing,preprocessing,cluster_g2,alibaba_gpu_type_pool,G2,70,1,0.00025,,1,12.0,16.0
synthetic_04759,preprocessing,preprocessing,cluster_g2,alibaba_gpu_type_pool,G2,70,3,0.00025,,1,15.7,57.0
synthetic_00001,preprocessing,preprocessing,cluster_g2,alibaba_gpu_type_pool,G2,71,1,0.00015,,1,3.152,5.46875
synthetic_00104,preprocessing,preprocessing,cluster_g2,alibaba_gpu_type_pool,G2,71,1,0.00035,,1,11.3,48.0
synthetic_00498,preprocessing,preprocessing,cluster_g2,alibaba_gpu_type_pool,G2,71,1,0.00015,,1,8.0,29.8017578125
synthetic_00587,fine_tuning,fine_tuning,cluster_t4,alibaba_gpu_type_pool,T4,71,1,7e-05,T4,1,3.152,5.46875
synthetic_00673,preprocessing,preprocessing,cluster_g2,alibaba_gpu_type_pool,G2,71,1,0.00025,,1,18.708,63.0
synthetic_00761,preprocessing,preprocessing,cluster_g2,alibaba_gpu_type_pool,G2,71,1,7e-05,,1,11.908,46.0
synthetic_01111,preprocessing,preprocessing,cluster_g2,alibaba_gpu_type_pool,G2,71,1,0.00025,A10|G2|T4|V100M16|V100M32,1,11.3,48.0
synthetic_01252,fine_tuning,fine_tuning,cluster_v100m16,alibaba_gpu_type_pool,V100M16,71,4,0.00025,V100M16,1,11.3,48.0
synthetic_01613,preprocessing,preprocessing,cluster_g2,alibaba_gpu_type_pool,G2,71,2,0.00035,,1,8.0,29.8017578125
synthetic_01713,preprocessing,preprocessing,cluster_g2,alibaba_gpu_type_pool,G2,71,1,0.00035,,1,3.152,5.46875
synthetic_01967,fine_tuning,fine_tuning,cluster_t4,alibaba_gpu_type_pool,T4,71,1,7e-05,T4,1,12.0,24.0
synthetic_02009,fine_tuning,fine_tuning,cluster_t4,alibaba_gpu_type_pool,T4,71,3,7e-05,T4,1,9.81,40.5859375
synthetic_02222,preprocessing,preprocessing,cluster_g2,alibaba_gpu_type_pool,G2,71,1,0.00035,G2|P100|T4|V100M16|V100M32,1,8.0,29.8017578125
synthetic_02723,preprocessing,preprocessing,cluster_g2,alibaba_gpu_type_pool,G2,71,2,0.00025,,1,11.908,46.0
synthetic_02727,preprocessing,preprocessing,cluster_g2,alibaba_gpu_type_pool,G2,71,1,0.00025,,1,11.3,48.0
synthetic_02962,fine_tuning,fine_tuning,cluster_t4,alibaba_gpu_type_pool,T4,71,1,7e-05,T4,1,4.152,10.3515625
synthetic_03049,fine_tuning,fine_tuning,cluster_t4,alibaba_gpu_type_pool,T4,71,1,7e-05,T4,1,4.0,22.3515625
synthetic_03054,preprocessing,preprocessing,cluster_g2,alibaba_gpu_type_pool,G2,71,2,0.00025,,1,8.2,33.0
synthetic_03176,preprocessing,preprocessing,cluster_g2,alibaba_gpu_type_pool,G2,71,1,0.00035,,1,3.152,5.46875
synthetic_03270,fine_tuning,fine_tuning,cluster_t4,alibaba_gpu_type_pool,T4,71,1,7e-05,T4,1,4.0,14.900390625
synthetic_03368,fine_tuning,fine_tuning,cluster_t4,alibaba_gpu_type_pool,T4,71,1,7e-05,T4,1,11.908,46.0
synthetic_03533,preprocessing,preprocessing,cluster_g2,alibaba_gpu_type_pool,G2,71,1,7e-05,,1,3.152,5.46875
synthetic_03542,preprocessing,preprocessing,cluster_g2,alibaba_gpu_type_pool,G2,71,1,0.00025,,1,4.152,10.3515625
synthetic_03739,preprocessing,preprocessing,cluster_g2,alibaba_gpu_type_pool,G2,71,1,0.00025,,1,3.152,5.46875
synthetic_03822,fine_tuning,fine_tuning,cluster_g2,alibaba_gpu_type_pool,G2,71,6,0.00035,G2,1,15.2,79.0
synthetic_03879,preprocessing,preprocessing,cluster_g2,alibaba_gpu_type_pool,G2,71,2,0.00035,,1,3.152,5.46875
synthetic_03889,preprocessing,preprocessing,cluster_g2,alibaba_gpu_type_pool,G2,71,1,0.00025,,1,11.3,48.0
synthetic_04073,preprocessing,preprocessing,cluster_g2,alibaba_gpu_type_pool,G2,71,1,7e-05,,1,4.0,29.8017578125
synthetic_04185,preprocessing,preprocessing,cluster_g2,alibaba_gpu_type_pool,G2,71,1,0.00025,,1,11.4,47.0
synthetic_04360,preprocessing,preprocessing,cluster_g2,alibaba_gpu_type_pool,G2,71,1,0.00025,,1,3.152,5.46875
synthetic_04500,preprocessing,preprocessing,cluster_g2,alibaba_gpu_type_pool,G2,71,1,0.00025,,1,4.0,14.900390625
synthetic_04594,preprocessing,preprocessing,cluster_g2,alibaba_gpu_type_pool,G2,71,2,7e-05,,1,24.2,91.0
synthetic_04638,fine_tuning,fine_tuning,cluster_g2,alibaba_gpu_type_pool,G2,71,5,0.00035,G2,1,4.0,24.0
synthetic_04877,preprocessing,preprocessing,cluster_g2,alibaba_gpu_type_pool,G2,71,1,0.00035,,1,11.4,47.0
synthetic_00299,preprocessing,preprocessing,cluster_g2,alibaba_gpu_type_pool,G2,72,1,0.00015,,1,3.152,5.46875
synthetic_00458,preprocessing,preprocessing,cluster_g2,alibaba_gpu_type_pool,G2,72,3,0.00035,,1,11.908,46.0
synthetic_00649,preprocessing,preprocessing,cluster_g2,alibaba_gpu_type_pool,G2,72,1,0.00035,,1,3.152,5.46875
synthetic_00938,preprocessing,preprocessing,cluster_g2,alibaba_gpu_type_pool,G2,72,1,0.00035,,1,11.3,48.0
synthetic_00950,preprocessing,preprocessing,cluster_g2,alibaba_gpu_type_pool,G2,72,4,0.00025,,1,11.9,76.0
synthetic_01097,preprocessing,preprocessing,cluster_g2,alibaba_gpu_type_pool,G2,72,5,0.00025,,1,4.0,24.0
synthetic_01320,fine_tuning,fine_tuning,cluster_t4,alibaba_gpu_type_pool,T4,72,2,7e-05,T4,1,9.81,40.5859375
synthetic_01376,preprocessing,preprocessing,cluster_g2,alibaba_gpu_type_pool,G2,72,1,0.00025,,1,3.152,5.46875
synthetic_01497,fine_tuning,fine_tuning,cluster_t4,alibaba_gpu_type_pool,T4,72,2,7e-05,T4,1,3.152,5.46875
synthetic_01676,preprocessing,preprocessing,cluster_g2,alibaba_gpu_type_pool,G2,72,1,0.00035,,1,8.0,29.8017578125
synthetic_01683,preprocessing,preprocessing,cluster_g2,alibaba_gpu_type_pool,G2,72,1,0.00035,,1,18.708,63.0
synthetic_01692,preprocessing,preprocessing,cluster_g2,alibaba_gpu_type_pool,G2,72,1,0.00035,,1,11.908,46.0
synthetic_01723,fine_tuning,fine_tuning,cluster_p100,alibaba_gpu_type_pool,P100,72,1,0.00025,P100,1,3.152,5.46875
synthetic_01761,preprocessing,preprocessing,cluster_g2,alibaba_gpu_type_pool,G2,72,1,0.00025,,1,3.152,5.46875
synthetic_01971,preprocessing,preprocessing,cluster_g2,alibaba_gpu_type_pool,G2,72,1,0.00025,,1,6.0,6.0
synthetic_02076,preprocessing,preprocessing,cluster_g2,alibaba_gpu_type_pool,G2,72,1,0.00025,,1,3.152,5.46875
synthetic_02105,preprocessing,preprocessing,cluster_g2,alibaba_gpu_type_pool,G2,72,1,0.00025,,1,6.0,6.0
synthetic_02120,fine_tuning,fine_tuning,cluster_t4,alibaba_gpu_type_pool,T4,72,2,7e-05,T4,1,4.0,14.900390625
synthetic_02251,preprocessing,preprocessing,cluster_g2,alibaba_gpu_type_pool,G2,72,1,0.00025,,1,11.3,48.0
synthetic_02390,fine_tuning,fine_tuning,cluster_t4,alibaba_gpu_type_pool,T4,72,1,7e-05,T4,1,3.152,5.46875
synthetic_02640,fine_tuning,fine_tuning,cluster_t4,alibaba_gpu_type_pool,T4,72,1,7e-05,T4,1,9.81,40.5859375
synthetic_02775,fine_tuning,fine_tuning,cluster_t4,alibaba_gpu_type_pool,T4,72,1,7e-05,T4,1,8.0,29.8017578125
synthetic_02779,fine_tuning,fine_tuning,cluster_t4,alibaba_gpu_type_pool,T4,72,1,7e-05,T4,1,24.2,91.0
synthetic_02782,preprocessing,preprocessing,cluster_g2,alibaba_gpu_type_pool,G2,72,1,0.00025,,1,14.2,57.0
synthetic_02948,preprocessing,preprocessing,cluster_g2,alibaba_gpu_type_pool,G2,72,3,0.00025,,1,11.908,46.0
synthetic_03126,fine_tuning,fine_tuning,cluster_t4,alibaba_gpu_type_pool,T4,72,1,7e-05,T4,1,11.908,46.0
synthetic_03395,fine_tuning,fine_tuning,cluster_g2,alibaba_gpu_type_pool,G2,72,3,0.00035,G2,1,24.2,91.0
synthetic_03415,fine_tuning,fine_tuning,cluster_g2,alibaba_gpu_type_pool,G2,72,2,0.00035,G2,1,24.2,91.0
synthetic_03532,preprocessing,preprocessing,cluster_g2,alibaba_gpu_type_pool,G2,72,5,0.00025,,1,4.0,24.0
synthetic_03584,preprocessing,preprocessing,cluster_g2,alibaba_gpu_type_pool,G2,72,4,7e-05,,1,3.152,5.46875
synthetic_03593,preprocessing,preprocessing,cluster_g2,alibaba_gpu_type_pool,G2,72,1,0.00025,,1,9.81,40.5859375
synthetic_03695,preprocessing,preprocessing,cluster_g2,alibaba_gpu_type_pool,G2,72,1,0.00025,,1,9.81,40.5859375
synthetic_03756,fine_tuning,fine_tuning,cluster_t4,alibaba_gpu_type_pool,T4,72,2,7e-05,T4,1,11.908,46.0
synthetic_04195,fine_tuning,fine_tuning,cluster_t4,alibaba_gpu_type_pool,T4,72,1,7e-05,T4,1,11.4,47.0
synthetic_04341,fine_tuning,fine_tuning,cluster_p100,alibaba_gpu_type_pool,P100,72,2,0.00025,P100,1,4.0,14.900390625
synthetic_04657,preprocessing,preprocessing,cluster_g2,alibaba_gpu_type_pool,G2,72,1,0.00025,,1,3.152,5.46875
synthetic_04897,preprocessing,preprocessing,cluster_g2,alibaba_gpu_type_pool,G2,72,2,0.00025,,1,11.4,47.0
synthetic_04901,preprocessing,preprocessing,cluster_g2,alibaba_gpu_type_pool,G2,72,7,0.00025,,1,11.908,46.0
synthetic_00524,preprocessing,preprocessing,cluster_g2,alibaba_gpu_type_pool,G2,73,1,0.00025,,1,3.152,5.46875
synthetic_00844,preprocessing,preprocessing,cluster_g2,alibaba_gpu_type_pool,G2,73,1,0.00035,,1,3.152,5.46875
synthetic_00963,fine_tuning,fine_tuning,cluster_g2,alibaba_gpu_type_pool,G2,73,1,0.00035,G2,1,3.152,5.46875
synthetic_01300,preprocessing,preprocessing,cluster_g2,alibaba_gpu_type_pool,G2,73,1,0.00035,,1,3.152,5.46875
synthetic_01766,preprocessing,preprocessing,cluster_g2,alibaba_gpu_type_pool,G2,73,2,0.00035,,1,11.3,48.0
synthetic_01899,preprocessing,preprocessing,cluster_g2,alibaba_gpu_type_pool,G2,73,1,0.00035,,1,11.3,48.0
synthetic_02063,preprocessing,preprocessing,cluster_g2,alibaba_gpu_type_pool,G2,73,1,0.00025,,1,3.152,5.46875
synthetic_02349,preprocessing,preprocessing,cluster_g2,alibaba_gpu_type_pool,G2,73,1,7e-05,,1,1.0,2.0
synthetic_02413,preprocessing,preprocessing,cluster_g2,alibaba_gpu_type_pool,G2,73,1,0.00015,,1,11.3,48.0
synthetic_02889,fine_tuning,fine_tuning,cluster_g3,alibaba_gpu_type_pool,G3,73,1,0.00035,G3,1,9.81,40.5859375
synthetic_02907,preprocessing,preprocessing,cluster_g2,alibaba_gpu_type_pool,G2,73,2,0.00035,,1,11.3,48.0
synthetic_02938,fine_tuning,fine_tuning,cluster_p100,alibaba_gpu_type_pool,P100,73,1,0.00025,P100,1,3.152,5.46875
synthetic_03033,preprocessing,preprocessing,cluster_g2,alibaba_gpu_type_pool,G2,73,1,7e-05,,1,11.3,48.0
synthetic_03059,fine_tuning,fine_tuning,cluster_t4,alibaba_gpu_type_pool,T4,73,2,7e-05,T4,1,11.908,46.0
synthetic_03416,preprocessing,preprocessing,cluster_g2,alibaba_gpu_type_pool,G2,73,1,7e-05,,1,4.0,24.0
synthetic_03656,preprocessing,preprocessing,cluster_g2,alibaba_gpu_type_pool,G2,73,1,0.00035,G2|P100|T4|V100M16|V100M32,1,3.152,5.46875
synthetic_03760,preprocessing,preprocessing,cluster_g2,alibaba_gpu_type_pool,G2,73,1,7e-05,,1,11.4,47.0
synthetic_04089,fine_tuning,fine_tuning,cluster_t4,alibaba_gpu_type_pool,T4,73,1,7e-05,T4,1,11.908,46.0
synthetic_04238,preprocessing,preprocessing,cluster_g2,alibaba_gpu_type_pool,G2,73,5,0.00025,,1,4.0,24.0
synthetic_04272,preprocessing,preprocessing,cluster_g2,alibaba_gpu_type_pool,G2,73,1,7e-05,,1,3.152,5.46875
synthetic_04801,preprocessing,preprocessing,cluster_g2,alibaba_gpu_type_pool,G2,73,1,0.00025,,1,11.3,48.0
synthetic_04809,fine_tuning,fine_tuning,cluster_t4,alibaba_gpu_type_pool,T4,73,3,7e-05,T4,1,12.0,23.0
synthetic_04921,preprocessing,preprocessing,cluster_g2,alibaba_gpu_type_pool,G2,73,1,0.00025,,1,11.3,48.0
synthetic_00211,preprocessing,preprocessing,cluster_g2,alibaba_gpu_type_pool,G2,74,2,0.00025,,1,11.908,46.0
synthetic_00493,fine_tuning,fine_tuning,cluster_g2,alibaba_gpu_type_pool,G2,74,2,0.00035,G2,1,11.908,46.0
synthetic_00727,preprocessing,preprocessing,cluster_g2,alibaba_gpu_type_pool,G2,74,2,0.00035,,1,11.3,48.0
synthetic_00828,preprocessing,preprocessing,cluster_g2,alibaba_gpu_type_pool,G2,74,1,0.00035,,1,3.152,5.46875
synthetic_00831,preprocessing,preprocessing,cluster_g2,alibaba_gpu_type_pool,G2,74,1,0.00035,,1,3.152,5.46875
synthetic_00832,fine_tuning,fine_tuning,cluster_t4,alibaba_gpu_type_pool,T4,74,1,7e-05,T4,1,3.152,5.46875
synthetic_00887,preprocessing,preprocessing,cluster_g2,alibaba_gpu_type_pool,G2,74,1,0.00025,,1,11.3,48.0
synthetic_00892,preprocessing,preprocessing,cluster_g2,alibaba_gpu_type_pool,G2,74,2,0.00035,,1,16.0,32.0
synthetic_00903,preprocessing,preprocessing,cluster_g2,alibaba_gpu_type_pool,G2,74,5,0.00035,,1,3.152,5.46875
synthetic_00980,fine_tuning,fine_tuning,cluster_t4,alibaba_gpu_type_pool,T4,74,1,7e-05,T4,1,11.3,48.0
synthetic_01337,preprocessing,preprocessing,cluster_g2,alibaba_gpu_type_pool,G2,74,4,7e-05,,1,3.152,5.46875
synthetic_01381,preprocessing,preprocessing,cluster_v100m32,alibaba_gpu_type_pool,V100M32,74,2,0.00025,P100|T4|V100M16|V100M32,1,9.81,40.5859375
synthetic_01455,preprocessing,preprocessing,cluster_g2,alibaba_gpu_type_pool,G2,74,3,0.00025,,1,11.4,47.0
synthetic_01513,fine_tuning,fine_tuning,cluster_t4,alibaba_gpu_type_pool,T4,74,2,7e-05,T4,1,11.4,47.0
synthetic_01647,preprocessing,preprocessing,cluster_g2,alibaba_gpu_type_pool,G2,74,1,0.00025,,1,6.0,6.0
synthetic_01659,preprocessing,preprocessing,cluster_g2,alibaba_gpu_type_pool,G2,74,5,0.00035,,1,11.4,47.0
synthetic_01717,preprocessing,preprocessing,cluster_g2,alibaba_gpu_type_pool,G2,74,1,0.00035,,1,4.0,22.3515625
synthetic_01923,fine_tuning,fine_tuning,cluster_t4,alibaba_gpu_type_pool,T4,74,1,7e-05,T4,1,4.0,22.3515625
synthetic_02032,preprocessing,preprocessing,cluster_g2,alibaba_gpu_type_pool,G2,74,1,0.00025,,1,3.152,5.46875
synthetic_02087,preprocessing,preprocessing,cluster_g2,alibaba_gpu_type_pool,G2,74,4,0.00025,,1,11.4,47.0
synthetic_02255,training,training,cluster_v100m32,alibaba_gpu_type_pool,V100M32,74,1,0.001,V100M16|V100M32,4,32.0,128.0
synthetic_02361,fine_tuning,fine_tuning,cluster_t4,alibaba_gpu_type_pool,T4,74,1,7e-05,T4,1,11.3,48.0
synthetic_02432,preprocessing,preprocessing,cluster_g2,alibaba_gpu_type_pool,G2,74,1,0.00035,,1,8.0,29.8017578125
synthetic_02467,preprocessing,preprocessing,cluster_g2,alibaba_gpu_type_pool,G2,74,2,0.00025,,1,6.0,6.0
synthetic_02736,preprocessing,preprocessing,cluster_g2,alibaba_gpu_type_pool,G2,74,2,0.00035,,1,11.3,48.0
synthetic_03013,fine_tuning,fine_tuning,cluster_p100,alibaba_gpu_type_pool,P100,74,1,0.00025,P100,1,4.152,10.3515625
synthetic_03048,preprocessing,preprocessing,cluster_g2,alibaba_gpu_type_pool,G2,74,1,0.00025,,1,8.0,29.8017578125
synthetic_03424,fine_tuning,fine_tuning,cluster_t4,alibaba_gpu_type_pool,T4,74,4,7e-05,T4,1,11.4,47.0
synthetic_03537,preprocessing,preprocessing,cluster_g2,alibaba_gpu_type_pool,G2,74,2,7e-05,,1,4.0,32.0
synthetic_03605,preprocessing,preprocessing,cluster_g2,alibaba_gpu_type_pool,G2,74,1,0.00035,,1,3.152,5.46875
synthetic_03623,preprocessing,preprocessing,cluster_g2,alibaba_gpu_type_pool,G2,74,2,0.00025,,1,11.4,47.0
synthetic_03818,preprocessing,preprocessing,cluster_g2,alibaba_gpu_type_pool,G2,74,2,0.00025,,1,8.0,16.0
synthetic_03871,preprocessing,preprocessing,cluster_g2,alibaba_gpu_type_pool,G2,74,1,0.00035,,1,12.0,16.0
synthetic_03903,preprocessing,preprocessing,cluster_g2,alibaba_gpu_type_pool,G2,74,1,7e-05,,1,11.3,48.0
synthetic_04059,preprocessing,preprocessing,cluster_g2,alibaba_gpu_type_pool,G2,74,3,0.00025,,1,1.0,2.0
synthetic_04111,preprocessing,preprocessing,cluster_g2,alibaba_gpu_type_pool,G2,74,1,0.00025,,1,6.0,6.0
synthetic_04142,preprocessing,preprocessing,cluster_g2,alibaba_gpu_type_pool,G2,74,1,0.00025,,1,8.0,29.8017578125
synthetic_04180,preprocessing,preprocessing,cluster_g2,alibaba_gpu_type_pool,G2,74,3,7e-05,,1,24.2,91.0
synthetic_04273,preprocessing,preprocessing,cluster_g2,alibaba_gpu_type_pool,G2,74,1,0.00035,,1,4.152,10.3515625
synthetic_04368,preprocessing,preprocessing,cluster_g2,alibaba_gpu_type_pool,G2,74,2,0.00035,,1,3.152,5.46875
synthetic_04464,fine_tuning,fine_tuning,cluster_t4,alibaba_gpu_type_pool,T4,74,4,7e-05,T4,1,8.0,16.0
synthetic_04486,fine_tuning,fine_tuning,cluster_t4,alibaba_gpu_type_pool,T4,74,2,7e-05,T4,1,3.152,5.46875
synthetic_04783,preprocessing,preprocessing,cluster_g2,alibaba_gpu_type_pool,G2,74,3,0.00025,,1,15.7,57.0
synthetic_04792,preprocessing,preprocessing,cluster_g2,alibaba_gpu_type_pool,G2,74,1,0.00025,,1,11.908,46.0
synthetic_00035,preprocessing,preprocessing,cluster_g2,alibaba_gpu_type_pool,G2,75,7,7e-05,,1,11.908,46.0
synthetic_00201,preprocessing,preprocessing,cluster_g2,alibaba_gpu_type_pool,G2,75,6,0.00035,,1,12.0,24.0
synthetic_00202,fine_tuning,fine_tuning,cluster_t4,alibaba_gpu_type_pool,T4,75,7,7e-05,T4,1,4.0,14.900390625
synthetic_00221,preprocessing,preprocessing,cluster_g2,alibaba_gpu_type_pool,G2,75,3,7e-05,,1,11.4,47.0
synthetic_00230,fine_tuning,fine_tuning,cluster_t4,alibaba_gpu_type_pool,T4,75,2,7e-05,T4,1,8.0,16.0
synthetic_00360,preprocessing,preprocessing,cluster_g2,alibaba_gpu_type_pool,G2,75,2,0.00025,,1,3.152,5.46875
synthetic_00393,preprocessing,preprocessing,cluster_g2,alibaba_gpu_type_pool,G2,75,1,7e-05,,1,8.0,29.8017578125
synthetic_00423,preprocessing,preprocessing,cluster_g2,alibaba_gpu_type_pool,G2,75,1,0.00025,,1,3.152,5.46875
synthetic_00478,preprocessing,preprocessing,cluster_g2,alibaba_gpu_type_pool,G2,75,1,0.00025,,1,3.152,5.46875
synthetic_00528,fine_tuning,fine_tuning,cluster_t4,alibaba_gpu_type_pool,T4,75,1,7e-05,T4,1,11.908,46.0
synthetic_00835,preprocessing,preprocessing,cluster_g2,alibaba_gpu_type_pool,G2,75,1,0.00035,,1,4.152,10.3515625
synthetic_00890,fine_tuning,fine_tuning,cluster_p100,alibaba_gpu_type_pool,P100,75,1,0.00025,P100,1,8.0,29.8017578125
synthetic_01166,preprocessing,preprocessing,cluster_g2,alibaba_gpu_type_pool,G2,75,1,0.00015,,1,3.152,5.46875
synthetic_01260,preprocessing,preprocessing,cluster_g2,alibaba_gpu_type_pool,G2,75,1,0.00025,,1,11.4,47.0
synthetic_01462,fine_tuning,fine_tuning,cluster_g2,alibaba_gpu_type_pool,G2,75,1,0.0014,G2,4,32.2,129.0
synthetic_01578,preprocessing,preprocessing,cluster_g2,alibaba_gpu_type_pool,G2,75,2,0.00035,,1,11.3,48.0
synthetic_01580,fine_tuning,fine_tuning,cluster_p100,alibaba_gpu_type_pool,P100,75,1,0.00025,P100,1,4.0,14.900390625
synthetic_01607,preprocessing,preprocessing,cluster_g2,alibaba_gpu_type_pool,G2,75,4,7e-05,,1,11.4,47.0
synthetic_01744,preprocessing,preprocessing,cluster_g2,alibaba_gpu_type_pool,G2,75,3,0.00035,,1,11.908,46.0
synthetic_02262,preprocessing,preprocessing,cluster_g2,alibaba_gpu_type_pool,G2,75,2,7e-05,,1,3.152,5.46875
synthetic_02364,fine_tuning,fine_tuning,cluster_t4,alibaba_gpu_type_pool,T4,75,5,7e-05,T4,1,4.0,24.0
synthetic_02387,fine_tuning,fine_tuning,cluster_p100,alibaba_gpu_type_pool,P100,75,1,0.00025,P100,1,4.0,22.3515625
synthetic_02448,fine_tuning,fine_tuning,cluster_t4,alibaba_gpu_type_pool,T4,75,1,7e-05,T4,1,11.3,48.0
synthetic_02675,preprocessing,preprocessing,cluster_p100,alibaba_gpu_type_pool,P100,75,1,0.00025,P100|V100M16|V100M32,1,3.152,5.46875
synthetic_02750,preprocessing,preprocessing,cluster_g2,alibaba_gpu_type_pool,G2,75,2,0.00035,,1,4.152,10.3515625
synthetic_02771,fine_tuning,fine_tuning,cluster_g2,alibaba_gpu_type_pool,G2,75,1,0.0028,G2,8,120.0,720.0
synthetic_02828,preprocessing,preprocessing,cluster_g2,alibaba_gpu_type_pool,G2,75,1,0.00035,,1,3.152,5.46875
synthetic_02943,preprocessing,preprocessing,cluster_g2,alibaba_gpu_type_pool,G2,75,2,0.00025,,1,8.2,33.0
synthetic_03312,preprocessing,preprocessing,cluster_g2,alibaba_gpu_type_pool,G2,75,1,7e-05,,1,11.908,46.0
synthetic_03361,preprocessing,preprocessing,cluster_v100m32,alibaba_gpu_type_pool,V100M32,75,1,0.00025,P100|T4|V100M16|V100M32,1,18.708,63.0
synthetic_03778,preprocessing,preprocessing,cluster_g2,alibaba_gpu_type_pool,G2,75,1,0.00035,,1,11.3,48.0
synthetic_03837,preprocessing,preprocessing,cluster_g2,alibaba_gpu_type_pool,G2,75,1,0.00025,,1,11.4,76.0
synthetic_03875,preprocessing,preprocessing,cluster_g2,alibaba_gpu_type_pool,G2,75,1,0.00025,,1,12.0,16.0
synthetic_04079,preprocessing,preprocessing,cluster_g2,alibaba_gpu_type_pool,G2,75,1,0.00035,,1,8.0,29.8017578125
synthetic_04705,preprocessing,preprocessing,cluster_g2,alibaba_gpu_type_pool,G2,75,1,0.00025,,1,3.152,5.46875
synthetic_04774,preprocessing,preprocessing,cluster_g2,alibaba_gpu_type_pool,G2,75,1,0.00025,,1,3.152,5.46875
synthetic_04892,preprocessing,preprocessing,cluster_g2,alibaba_gpu_type_pool,G2,75,1,0.00025,,1,3.152,5.46875
synthetic_04943,preprocessing,preprocessing,cluster_g2,alibaba_gpu_type_pool,G2,75,3,0.00025,,1,9.81,40.5859375
synthetic_00019,fine_tuning,fine_tuning,cluster_t4,alibaba_gpu_type_pool,T4,76,1,7e-05,T4,1,3.152,5.46875
synthetic_00222,fine_tuning,fine_tuning,cluster_p100,alibaba_gpu_type_pool,P100,76,2,0.00025,P100,1,3.152,5.46875
synthetic_00304,fine_tuning,fine_tuning,cluster_t4,alibaba_gpu_type_pool,T4,76,2,7e-05,T4,1,11.4,47.0
synthetic_00713,preprocessing,preprocessing,cluster_g2,alibaba_gpu_type_pool,G2,76,1,0.00025,,1,11.3,48.0
synthetic_00859,fine_tuning,fine_tuning,cluster_p100,alibaba_gpu_type_pool,P100,76,1,0.00025,P100,1,11.908,46.0
synthetic_00881,preprocessing,preprocessing,cluster_g2,alibaba_gpu_type_pool,G2,76,1,0.00025,,1,4.0,22.3515625
synthetic_00913,fine_tuning,fine_tuning,cluster_t4,alibaba_gpu_type_pool,T4,76,1,7e-05,T4,1,3.152,5.46875
synthetic_00959,fine_tuning,fine_tuning,cluster_t4,alibaba_gpu_type_pool,T4,76,1,7e-05,T4,1,3.152,5.46875
synthetic_00979,preprocessing,preprocessing,cluster_g2,alibaba_gpu_type_pool,G2,76,2,0.00035,,1,11.3,37.0
synthetic_01155,fine_tuning,fine_tuning,cluster_p100,alibaba_gpu_type_pool,P100,76,1,0.00025,P100,1,3.152,5.46875
synthetic_01339,preprocessing,preprocessing,cluster_g2,alibaba_gpu_type_pool,G2,76,1,0.00035,,1,11.3,48.0
synthetic_01456,preprocessing,preprocessing,cluster_g2,alibaba_gpu_type_pool,G2,76,3,0.00035,,1,11.908,46.0
synthetic_01542,preprocessing,preprocessing,cluster_g2,alibaba_gpu_type_pool,G2,76,1,0.00025,,1,3.152,5.46875
synthetic_01735,training,training,cluster_v100m16,alibaba_gpu_type_pool,V100M16,76,1,0.00025,V100M16|V100M32,1,11.3,48.0
synthetic_01904,preprocessing,preprocessing,cluster_g2,alibaba_gpu_type_pool,G2,76,2,0.00035,,1,3.152,5.46875
synthetic_01926,preprocessing,preprocessing,cluster_g2,alibaba_gpu_type_pool,G2,76,1,0.00025,,1,3.152,5.46875
synthetic_02070,fine_tuning,fine_tuning,cluster_t4,alibaba_gpu_type_pool,T4,76,2,7e-05,T4,1,18.708,63.0
synthetic_02080,preprocessing,preprocessing,cluster_g2,alibaba_gpu_type_pool,G2,76,1,0.00025,,1,3.152,5.46875
synthetic_02097,preprocessing,preprocessing,cluster_g2,alibaba_gpu_type_pool,G2,76,1,0.00025,,1,3.152,5.46875
synthetic_02108,preprocessing,preprocessing,cluster_g2,alibaba_gpu_type_pool,G2,76,1,0.00025,,1,3.152,5.46875
synthetic_02320,preprocessing,preprocessing,cluster_g2,alibaba_gpu_type_pool,G2,76,1,0.0014,,4,32.2,129.0
synthetic_02564,fine_tuning,fine_tuning,cluster_p100,alibaba_gpu_type_pool,P100,76,1,0.00025,P100,1,11.908,46.0
synthetic_02583,preprocessing,preprocessing,cluster_g2,alibaba_gpu_type_pool,G2,76,14,0.00025,,1,4.0,29.8017578125
synthetic_02953,preprocessing,preprocessing,cluster_g2,alibaba_gpu_type_pool,G2,76,1,0.00035,,1,3.152,5.46875
synthetic_03009,preprocessing,preprocessing,cluster_g2,alibaba_gpu_type_pool,G2,76,1,0.00025,,1,3.152,5.46875
synthetic_03079,fine_tuning,fine_tuning,cluster_t4,alibaba_gpu_type_pool,T4,76,1,7e-05,T4,1,11.3,48.0
synthetic_03283,fine_tuning,fine_tuning,cluster_t4,alibaba_gpu_type_pool,T4,76,1,7e-05,T4,1,11.908,46.0
synthetic_03288,preprocessing,preprocessing,cluster_g2,alibaba_gpu_type_pool,G2,76,2,0.00035,,1,11.908,46.0
synthetic_03539,fine_tuning,fine_tuning,cluster_t4,alibaba_gpu_type_pool,T4,76,1,7e-05,T4,1,3.152,5.46875
synthetic_03612,preprocessing,preprocessing,cluster_g2,alibaba_gpu_type_pool,G2,76,2,7e-05,,1,11.4,47.0
synthetic_03861,fine_tuning,fine_tuning,cluster_t4,alibaba_gpu_type_pool,T4,76,15,7e-05,T4,1,3.152,5.46875
synthetic_04015,fine_tuning,fine_tuning,cluster_p100,alibaba_gpu_type_pool,P100,76,1,0.00025,P100,1,3.152,5.46875
synthetic_04024,preprocessing,preprocessing,cluster_g2,alibaba_gpu_type_pool,G2,76,2,7e-05,,1,14.2,57.0
synthetic_04083,preprocessing,preprocessing,cluster_g2,alibaba_gpu_type_pool,G2,76,1,7e-05,,1,11.3,48.0
synthetic_04199,preprocessing,preprocessing,cluster_g2,alibaba_gpu_type_pool,G2,76,1,0.00035,,1,11.3,48.0
synthetic_04239,fine_tuning,fine_tuning,cluster_p100,alibaba_gpu_type_pool,P100,76,1,0.00025,P100,1,11.908,46.0
synthetic_04358,fine_tuning,fine_tuning,cluster_g2,alibaba_gpu_type_pool,G2,76,1,0.00035,G2,1,11.3,48.0
synthetic_04591,preprocessing,preprocessing,cluster_g2,alibaba_gpu_type_pool,G2,76,1,0.00025,,1,3.152,5.46875
synthetic_04764,training,training,cluster_v100m16,alibaba_gpu_type_pool,V100M16,76,2,0.00025,V100M16|V100M32,1,11.4,76.0
synthetic_04794,preprocessing,preprocessing,cluster_g2,alibaba_gpu_type_pool,G2,76,1,0.00025,,1,3.152,5.46875
synthetic_04932,preprocessing,preprocessing,cluster_g2,alibaba_gpu_type_pool,G2,76,1,0.00035,,1,11.3,48.0
synthetic_00021,fine_tuning,fine_tuning,cluster_t4,alibaba_gpu_type_pool,T4,77,2,7e-05,T4,1,14.2,57.0
synthetic_00123,preprocessing,preprocessing,cluster_g2,alibaba_gpu_type_pool,G2,77,1,0.00025,,1,11.3,48.0
synthetic_00188,preprocessing,preprocessing,cluster_g2,alibaba_gpu_type_pool,G2,77,1,0.00035,,1,4.152,10.3515625
synthetic_00895,preprocessing,preprocessing,cluster_g2,alibaba_gpu_type_pool,G2,77,1,0.00025,,1,11.4,76.0
synthetic_01199,preprocessing,preprocessing,cluster_g2,alibaba_gpu_type_pool,G2,77,1,0.00025,,1,11.3,48.0
synthetic_01277,preprocessing,preprocessing,cluster_g2,alibaba_gpu_type_pool,G2,77,1,0.00035,,1,3.152,5.46875
synthetic_01548,preprocessing,preprocessing,cluster_g2,alibaba_gpu_type_pool,G2,77,1,0.00025,,1,8.0,29.8017578125
synthetic_02185,preprocessing,preprocessing,cluster_g2,alibaba_gpu_type_pool,G2,77,3,0.00015,,1,15.7,57.0
synthetic_02303,preprocessing,preprocessing,cluster_g2,alibaba_gpu_type_pool,G2,77,1,0.00025,,1,11.4,47.0
synthetic_02366,preprocessing,preprocessing,cluster_g2,alibaba_gpu_type_pool,G2,77,1,0.00035,,1,15.7,57.0
synthetic_02509,preprocessing,preprocessing,cluster_g2,alibaba_gpu_type_pool,G2,77,3,0.00035,,1,9.81,40.5859375
synthetic_02575,preprocessing,preprocessing,cluster_g2,alibaba_gpu_type_pool,G2,77,1,0.00025,,1,11.3,48.0
synthetic_02757,fine_tuning,fine_tuning,cluster_t4,alibaba_gpu_type_pool,T4,77,1,7e-05,T4,1,11.4,47.0
synthetic_03019,fine_tuning,fine_tuning,cluster_g3,alibaba_gpu_type_pool,G3,77,1,0.00035,G3,1,11.4,47.0
synthetic_03157,preprocessing,preprocessing,cluster_g2,alibaba_gpu_type_pool,G2,77,1,0.00025,,1,11.3,48.0
synthetic_03173,preprocessing,preprocessing,cluster_g2,alibaba_gpu_type_pool,G2,77,7,0.00035,,1,12.0,15.0
synthetic_03365,preprocessing,preprocessing,cluster_g2,alibaba_gpu_type_pool,G2,77,1,0.00035,A10|G2|T4|V100M16|V100M32,1,11.3,48.0
synthetic_03531,fine_tuning,fine_tuning,cluster_t4,alibaba_gpu_type_pool,T4,77,15,7e-05,T4,1,3.152,5.46875
synthetic_03546,preprocessing,preprocessing,cluster_g2,alibaba_gpu_type_pool,G2,77,1,0.00025,,1,8.0,29.8017578125
synthetic_03549,fine_tuning,fine_tuning,cluster_g2,alibaba_gpu_type_pool,G2,77,5,0.00035,G2,1,8.0,16.0
synthetic_03646,preprocessing,preprocessing,cluster_g2,alibaba_gpu_type_pool,G2,77,13,0.00025,,1,4.0,22.3515625
synthetic_03659,preprocessing,preprocessing,cluster_g2,alibaba_gpu_type_pool,G2,77,1,0.00025,,1,8.0,29.8017578125
synthetic_03728,preprocessing,preprocessing,cluster_g2,alibaba_gpu_type_pool,G2,77,1,0.00025,,1,11.908,46.0
synthetic_04227,fine_tuning,fine_tuning,cluster_t4,alibaba_gpu_type_pool,T4,77,3,7e-05,T4,1,6.0,32.0
synthetic_04236,preprocessing,preprocessing,cluster_g2,alibaba_gpu_type_pool,G2,77,1,0.00025,,1,11.3,48.0
synthetic_04340,preprocessing,preprocessing,cluster_g2,alibaba_gpu_type_pool,G2,77,1,0.00025,,1,4.0,29.8017578125
synthetic_04390,fine_tuning,fine_tuning,cluster_g2,alibaba_gpu_type_pool,G2,77,3,0.00035,G2,1,11.4,76.0
synthetic_04435,preprocessing,preprocessing,cluster_g2,alibaba_gpu_type_pool,G2,77,1,7e-05,,1,3.152,5.46875
synthetic_04683,preprocessing,preprocessing,cluster_g2,alibaba_gpu_type_pool,G2,77,1,0.00025,,1,3.152,5.46875
synthetic_04696,fine_tuning,fine_tuning,cluster_t4,alibaba_gpu_type_pool,T4,77,1,7e-05,T4,1,4.152,10.3515625
synthetic_04867,fine_tuning,fine_tuning,cluster_t4,alibaba_gpu_type_pool,T4,77,2,7e-05,T4,1,8.0,29.8017578125
synthetic_04939,preprocessing,preprocessing,cluster_g2,alibaba_gpu_type_pool,G2,77,1,0.00025,,1,3.152,5.46875
synthetic_00024,fine_tuning,fine_tuning,cluster_t4,alibaba_gpu_type_pool,T4,78,1,7e-05,T4,1,11.4,47.0
synthetic_00071,preprocessing,preprocessing,cluster_g2,alibaba_gpu_type_pool,G2,78,1,0.00025,,1,11.908,46.0
synthetic_00075,preprocessing,preprocessing,cluster_v100m16,alibaba_gpu_type_pool,V100M16,78,12,0.00025,P100|T4|V100M16|V100M32,1,18.708,63.0
synthetic_00164,preprocessing,preprocessing,cluster_g2,alibaba_gpu_type_pool,G2,78,1,0.00025,,1,3.152,5.46875
synthetic_00353,fine_tuning,fine_tuning,cluster_p100,alibaba_gpu_type_pool,P100,78,2,0.00025,P100,1,3.152,5.46875
synthetic_00397,preprocessing,preprocessing,cluster_g2,alibaba_gpu_type_pool,G2,78,2,0.00035,,1,4.0,30.517578125
synthetic_00479,preprocessing,preprocessing,cluster_g2,alibaba_gpu_type_pool,G2,78,1,0.00035,,1,9.81,40.5859375
synthetic_00590,preprocessing,preprocessing,cluster_g2,alibaba_gpu_type_pool,G2,78,1,0.00015,,1,3.152,5.46875
synthetic_00796,preprocessing,preprocessing,cluster_g2,alibaba_gpu_type_pool,G2,78,1,0.00025,,1,3.152,5.46875
synthetic_00878,preprocessing,preprocessing,cluster_g2,alibaba_gpu_type_pool,G2,78,4,0.00035,,1,16.0,32.0
synthetic_01407,preprocessing,preprocessing,cluster_g2,alibaba_gpu_type_pool,G2,78,1,0.00025,,1,4.152,10.3515625
synthetic_01696,fine_tuning,fine_tuning,cluster_t4,alibaba_gpu_type_pool,T4,78,1,7e-05,T4,1,3.152,5.46875
synthetic_01805,training,training,cluster_v100m32,alibaba_gpu_type_pool,V100M32,78,1,0.00025,V100M16|V100M32,1,18.708,63.0
synthetic_01876,preprocessing,preprocessing,cluster_g2,alibaba_gpu_type_pool,G2,78,4,0.00025,,1,11.3,48.0
synthetic_02339,preprocessing,preprocessing,cluster_g2,alibaba_gpu_type_pool,G2,78,3,0.00025,,1,9.81,40.5859375
synthetic_02344,preprocessing,preprocessing,cluster_g2,alibaba_gpu_type_pool,G2,78,14,0.00035,,1,11.908,46.0
synthetic_02429,preprocessing,preprocessing,cluster_g2,alibaba_gpu_type_pool,G2,78,1,0.00035,,1,11.908,46.0
synthetic_02603,fine_tuning,fine_tuning,cluster_g2,alibaba_gpu_type_pool,G2,78,11,0.00035,G2,1,14.9,72.0
synthetic_02934,preprocessing,preprocessing,cluster_g2,alibaba_gpu_type_pool,G2,78,1,7e-05,,1,11.4,76.0
synthetic_02941,fine_tuning,fine_tuning,cluster_t4,alibaba_gpu_type_pool,T4,78,1,7e-05,T4,1,8.0,29.8017578125
synthetic_03075,preprocessing,preprocessing,cluster_g2,alibaba_gpu_type_pool,G2,78,3,7e-05,,1,3.152,5.46875
synthetic_03212,preprocessing,preprocessing,cluster_g2,alibaba_gpu_type_pool,G2,78,1,7e-05,,1,11.908,46.0
synthetic_03339,preprocessing,preprocessing,cluster_g2,alibaba_gpu_type_pool,G2,78,1,0.00035,,1,16.0,64.0
synthetic_03819,preprocessing,preprocessing,cluster_g2,alibaba_gpu_type_pool,G2,78,2,0.00035,,1,8.0,29.8017578125
synthetic_03943,fine_tuning,fine_tuning,cluster_t4,alibaba_gpu_type_pool,T4,78,1,7e-05,T4,1,24.2,91.0
synthetic_03944,fine_tuning,fine_tuning,cluster_p100,alibaba_gpu_type_pool,P100,78,1,0.00025,P100,1,3.152,5.46875
synthetic_04054,fine_tuning,fine_tuning,cluster_t4,alibaba_gpu_type_pool,T4,78,1,7e-05,T4,1,12.0,16.0
synthetic_04364,fine_tuning,fine_tuning,cluster_t4,alibaba_gpu_type_pool,T4,78,3,7e-05,T4,1,3.152,5.46875
synthetic_04543,preprocessing,preprocessing,cluster_g2,alibaba_gpu_type_pool,G2,78,1,0.00035,,1,4.0,14.900390625
synthetic_04562,preprocessing,preprocessing,cluster_g2,alibaba_gpu_type_pool,G2,78,1,7e-05,,1,18.708,63.0
synthetic_00032,preprocessing,preprocessing,cluster_g2,alibaba_gpu_type_pool,G2,79,2,7e-05,,1,11.908,46.0
synthetic_00239,fine_tuning,fine_tuning,cluster_g3,alibaba_gpu_type_pool,G3,79,3,0.00035,G3,1,11.4,47.0
synthetic_00300,preprocessing,preprocessing,cluster_g2,alibaba_gpu_type_pool,G2,79,2,0.00025,,1,3.152,5.46875
synthetic_00377,preprocessing,preprocessing,cluster_g2,alibaba_gpu_type_pool,G2,79,1,0.00025,,1,11.3,48.0
synthetic_00712,training,training,cluster_v100m16,alibaba_gpu_type_pool,V100M16,79,5,0.00025,V100M16|V100M32,1,11.3,48.0
synthetic_00717,fine_tuning,fine_tuning,cluster_t4,alibaba_gpu_type_pool,T4,79,1,7e-05,T4,1,3.152,5.46875
synthetic_00798,preprocessing,preprocessing,cluster_g2,alibaba_gpu_type_pool,G2,79,1,0.00035,,1,3.152,5.46875
synthetic_00842,preprocessing,preprocessing,cluster_g2,alibaba_gpu_type_pool,G2,79,1,0.00025,,1,3.152,5.46875
synthetic_00925,preprocessing,preprocessing,cluster_g2,alibaba_gpu_type_pool,G2,79,2,0.00035,,1,11.908,46.0
synthetic_01721,fine_tuning,fine_tuning,cluster_t4,alibaba_gpu_type_pool,T4,79,1,7e-05,T4,1,3.152,5.46875
synthetic_02050,preprocessing,preprocessing,cluster_g2,alibaba_gpu_type_pool,G2,79,1,0.00025,,1,4.0,14.900390625
synthetic_02217,preprocessing,preprocessing,cluster_g2,alibaba_gpu_type_pool,G2,79,1,0.00025,,1,11.3,48.0
synthetic_02571,fine_tuning,fine_tuning,cluster_t4,alibaba_gpu_type_pool,T4,79,1,7e-05,T4,1,11.3,48.0
synthetic_02810,preprocessing,preprocessing,cluster_g2,alibaba_gpu_type_pool,G2,79,1,0.00035,,1,11.3,48.0
synthetic_02919,preprocessing,preprocessing,cluster_g2,alibaba_gpu_type_pool,G2,79,1,7e-05,,1,8.0,29.8017578125
synthetic_03045,preprocessing,preprocessing,cluster_g2,alibaba_gpu_type_pool,G2,79,3,0.00025,,1,24.2,91.0
synthetic_03085,fine_tuning,fine_tuning,cluster_t4,alibaba_gpu_type_pool,T4,79,1,7e-05,T4,1,3.152,5.46875
synthetic_03191,preprocessing,preprocessing,cluster_g2,alibaba_gpu_type_pool,G2,79,13,0.00025,,1,11.4,76.0
synthetic_03293,preprocessing,preprocessing,cluster_g2,alibaba_gpu_type_pool,G2,79,1,0.00025,,1,3.152,5.46875
synthetic_03801,preprocessing,preprocessing,cluster_g2,alibaba_gpu_type_pool,G2,79,1,7e-05,,1,3.152,5.46875
synthetic_03927,preprocessing,preprocessing,cluster_g2,alibaba_gpu_type_pool,G2,79,16,0.00025,,1,12.0,15.0
synthetic_03953,fine_tuning,fine_tuning,cluster_t4,alibaba_gpu_type_pool,T4,79,1,7e-05,T4,1,3.152,5.46875
synthetic_03962,preprocessing,preprocessing,cluster_g2,alibaba_gpu_type_pool,G2,79,1,0.00035,,1,8.0,29.8017578125
synthetic_03975,fine_tuning,fine_tuning,cluster_t4,alibaba_gpu_type_pool,T4,79,1,7e-05,T4,1,11.908,46.0
synthetic_03994,preprocessing,preprocessing,cluster_g2,alibaba_gpu_type_pool,G2,79,2,0.00035,,1,11.3,48.0
synthetic_04206,preprocessing,preprocessing,cluster_g2,alibaba_gpu_type_pool,G2,79,1,0.00025,,1,11.3,48.0
synthetic_04218,preprocessing,preprocessing,cluster_g2,alibaba_gpu_type_pool,G2,79,2,0.00025,,1,11.9,76.0
synthetic_04481,fine_tuning,fine_tuning,cluster_g2,alibaba_gpu_type_pool,G2,79,1,0.00035,G2,1,3.152,5.46875
synthetic_04614,training,training,cluster_v100m16,alibaba_gpu_type_pool,V100M16,79,1,0.00025,V100M16|V100M32,1,11.3,48.0
synthetic_04782,preprocessing,preprocessing,cluster_g2,alibaba_gpu_type_pool,G2,79,2,0.00025,,1,9.81,40.5859375
synthetic_04882,training,training,cluster_v100m16,alibaba_gpu_type_pool,V100M16,79,2,0.00025,V100M16|V100M32,1,11.3,48.0
synthetic_04889,preprocessing,preprocessing,cluster_g2,alibaba_gpu_type_pool,G2,79,1,7e-05,,1,11.4,47.0
synthetic_00533,fine_tuning,fine_tuning,cluster_t4,alibaba_gpu_type_pool,T4,80,4,7e-05,T4,1,1.0,6.0
synthetic_00614,fine_tuning,fine_tuning,cluster_t4,alibaba_gpu_type_pool,T4,80,1,7e-05,T4,1,3.152,5.46875
synthetic_01465,fine_tuning,fine_tuning,cluster_t4,alibaba_gpu_type_pool,T4,80,1,7e-05,T4,1,9.81,40.5859375
synthetic_01707,fine_tuning,fine_tuning,cluster_t4,alibaba_gpu_type_pool,T4,80,1,7e-05,T4,1,3.152,5.46875
synthetic_01833,fine_tuning,fine_tuning,cluster_t4,alibaba_gpu_type_pool,T4,80,1,7e-05,T4,1,11.3,48.0
synthetic_01997,preprocessing,preprocessing,cluster_g2,alibaba_gpu_type_pool,G2,80,14,0.00025,,1,11.4,47.0
synthetic_02117,preprocessing,preprocessing,cluster_g2,alibaba_gpu_type_pool,G2,80,15,0.00025,,1,4.0,14.900390625
synthetic_02472,preprocessing,preprocessing,cluster_g2,alibaba_gpu_type_pool,G2,80,1,0.00035,,1,12.0,15.0
synthetic_02493,fine_tuning,fine_tuning,cluster_p100,alibaba_gpu_type_pool,P100,80,1,0.00025,P100,1,4.152,10.3515625
synthetic_02561,fine_tuning,fine_tuning,cluster_t4,alibaba_gpu_type_pool,T4,80,1,7e-05,T4,1,3.152,5.46875
synthetic_02800,fine_tuning,fine_tuning,cluster_g2,alibaba_gpu_type_pool,G2,80,1,0.00035,G2,1,8.0,16.0
synthetic_02858,preprocessing,preprocessing,cluster_g2,alibaba_gpu_type_pool,G2,80,12,0.00035,,1,11.908,46.0
synthetic_03277,preprocessing,preprocessing,cluster_g2,alibaba_gpu_type_pool,G2,80,1,0.00025,,1,3.152,5.46875
synthetic_03430,preprocessing,preprocessing,cluster_g2,alibaba_gpu_type_pool,G2,80,1,0.00025,,1,4.152,10.3515625
synthetic_03664,training,training,cluster_v100m16,alibaba_gpu_type_pool,V100M16,80,2,0.00025,V100M16|V100M32,1,11.3,48.0
synthetic_03853,fine_tuning,fine_tuning,cluster_g2,alibaba_gpu_type_pool,G2,80,1,0.00035,G2,1,18.708,63.0
synthetic_04127,preprocessing,preprocessing,cluster_g2,alibaba_gpu_type_pool,G2,80,15,0.00025,,1,11.908,46.0
synthetic_04630,fine_tuning,fine_tuning,cluster_t4,alibaba_gpu_type_pool,T4,80,1,7e-05,T4,1,3.152,5.46875
synthetic_04646,preprocessing,preprocessing,cluster_g2,alibaba_gpu_type_pool,G2,80,2,0.00025,,1,11.3,48.0
synthetic_04812,fine_tuning,fine_tuning,cluster_p100,alibaba_gpu_type_pool,P100,80,1,0.00025,P100,1,3.152,5.46875
synthetic_04862,preprocessing,preprocessing,cluster_g2,alibaba_gpu_type_pool,G2,80,16,0.00025,,1,8.0,29.8017578125
synthetic_04964,preprocessing,preprocessing,cluster_g2,alibaba_gpu_type_pool,G2,80,1,0.00025,,1,3.152,5.46875
synthetic_00061,fine_tuning,fine_tuning,cluster_t4,alibaba_gpu_type_pool,T4,81,2,7e-05,T4,1,11.4,47.0
synthetic_00131,fine_tuning,fine_tuning,cluster_t4,alibaba_gpu_type_pool,T4,81,15,7e-05,T4,1,11.4,47.0
synthetic_00570,preprocessing,preprocessing,cluster_g2,alibaba_gpu_type_pool,G2,81,1,0.00035,,1,8.0,29.8017578125
synthetic_00642,preprocessing,preprocessing,cluster_g2,alibaba_gpu_type_pool,G2,81,1,0.0028,,8,64.2,257.0
synthetic_00782,fine_tuning,fine_tuning,cluster_t4,alibaba_gpu_type_pool,T4,81,3,7e-05,T4,1,11.908,46.0
synthetic_01470,preprocessing,preprocessing,cluster_g2,alibaba_gpu_type_pool,G2,81,2,0.00035,,1,8.0,29.8017578125
synthetic_01472,preprocessing,preprocessing,cluster_g2,alibaba_gpu_type_pool,G2,81,1,7e-05,,1,11.3,48.0
synthetic_01538,preprocessing,preprocessing,cluster_g2,alibaba_gpu_type_pool,G2,81,1,0.00035,,1,11.3,48.0
synthetic_02006,preprocessing,preprocessing,cluster_g2,alibaba_gpu_type_pool,G2,81,1,0.00025,,1,11.3,48.0
synthetic_02018,preprocessing,preprocessing,cluster_g2,alibaba_gpu_type_pool,G2,81,1,0.00025,,1,9.81,40.5859375
synthetic_02111,preprocessing,preprocessing,cluster_g2,alibaba_gpu_type_pool,G2,81,1,7e-05,,1,3.152,5.46875
synthetic_02315,preprocessing,preprocessing,cluster_g2,alibaba_gpu_type_pool,G2,81,1,0.00035,,1,11.3,48.0
synthetic_02415,fine_tuning,fine_tuning,cluster_t4,alibaba_gpu_type_pool,T4,81,1,7e-05,T4,1,11.3,48.0
synthetic_03309,preprocessing,preprocessing,cluster_g2,alibaba_gpu_type_pool,G2,81,1,0.00035,,1,11.3,48.0
synthetic_03325,training,training,cluster_v100m32,alibaba_gpu_type_pool,V100M32,81,1,0.00025,V100M16|V100M32,1,3.152,5.46875
synthetic_03369,preprocessing,preprocessing,cluster_g2,alibaba_gpu_type_pool,G2,81,1,0.00025,,1,4.152,10.3515625
synthetic_03402,preprocessing,preprocessing,cluster_g2,alibaba_gpu_type_pool,G2,81,15,0.00025,,1,12.0,15.0
synthetic_03700,fine_tuning,fine_tuning,cluster_t4,alibaba_gpu_type_pool,T4,81,1,7e-05,T4,1,11.908,46.0
synthetic_03864,preprocessing,preprocessing,cluster_g2,alibaba_gpu_type_pool,G2,81,1,7e-05,,1,11.908,46.0
synthetic_04064,preprocessing,preprocessing,cluster_g2,alibaba_gpu_type_pool,G2,81,2,0.00035,,1,11.3,37.0
synthetic_04174,preprocessing,preprocessing,cluster_g2,alibaba_gpu_type_pool,G2,81,2,0.00035,,1,11.908,46.0
synthetic_04327,fine_tuning,fine_tuning,cluster_t4,alibaba_gpu_type_pool,T4,81,1,7e-05,T4,1,12.0,24.0
synthetic_04795,fine_tuning,fine_tuning,cluster_t4,alibaba_gpu_type_pool,T4,81,8,7e-05,T4,1,11.908,46.0
synthetic_04803,preprocessing,preprocessing,cluster_g2,alibaba_gpu_type_pool,G2,81,1,0.00035,,1,3.152,5.46875
synthetic_04805,preprocessing,preprocessing,cluster_v100m32,alibaba_gpu_type_pool,V100M32,81,2,0.00025,P100|T4|V100M16|V100M32,1,9.81,40.5859375
synthetic_00616,preprocessing,preprocessing,cluster_g2,alibaba_gpu_type_pool,G2,82,1,0.00035,,1,8.0,29.8017578125
synthetic_00640,fine_tuning,fine_tuning,cluster_g3,alibaba_gpu_type_pool,G3,82,10,0.00035,G3,1,1.0,6.0
synthetic_00769,fine_tuning,fine_tuning,cluster_t4,alibaba_gpu_type_pool,T4,82,14,7e-05,T4,1,8.0,16.0
synthetic_00851,preprocessing,preprocessing,cluster_g2,alibaba_gpu_type_pool,G2,82,1,7e-05,,1,4.0,14.900390625
synthetic_01090,preprocessing,preprocessing,cluster_p100,alibaba_gpu_type_pool,P100,82,1,0.00025,P100|V100M16|V100M32,1,11.4,47.0
synthetic_01093,fine_tuning,fine_tuning,cluster_t4,alibaba_gpu_type_pool,T4,82,14,7e-05,T4,1,16.0,64.0
synthetic_01493,preprocessing,preprocessing,cluster_g2,alibaba_gpu_type_pool,G2,82,1,7e-05,,1,12.0,15.0
synthetic_01612,fine_tuning,fine_tuning,cluster_t4,alibaba_gpu_type_pool,T4,82,14,7e-05,T4,1,8.0,16.0
synthetic_02146,preprocessing,preprocessing,cluster_g2,alibaba_gpu_type_pool,G2,82,3,7e-05,,1,14.2,57.0
synthetic_02606,preprocessing,preprocessing,cluster_g2,alibaba_gpu_type_pool,G2,82,3,7e-05,,1,9.81,40.5859375
synthetic_02659,preprocessing,preprocessing,cluster_g2,alibaba_gpu_type_pool,G2,82,12,7e-05,,1,2.0,16.0
synthetic_03077,preprocessing,preprocessing,cluster_g2,alibaba_gpu_type_pool,G2,82,1,0.00035,,1,11.4,47.0
synthetic_03081,fine_tuning,fine_tuning,cluster_t4,alibaba_gpu_type_pool,T4,82,1,7e-05,T4,1,8.0,29.8017578125
synthetic_03097,fine_tuning,fine_tuning,cluster_t4,alibaba_gpu_type_pool,T4,82,8,7e-05,T4,1,1.0,2.0
synthetic_03480,preprocessing,preprocessing,cluster_g2,alibaba_gpu_type_pool,G2,82,7,7e-05,,1,9.81,40.5859375
synthetic_03830,preprocessing,preprocessing,cluster_g2,alibaba_gpu_type_pool,G2,82,1,0.00025,,1,11.4,47.0
synthetic_03951,preprocessing,preprocessing,cluster_g2,alibaba_gpu_type_pool,G2,82,1,7e-05,,1,3.152,5.46875
synthetic_04975,preprocessing,preprocessing,cluster_g2,alibaba_gpu_type_pool,G2,82,14,0.00025,,1,8.0,29.8017578125
synthetic_00100,fine_tuning,fine_tuning,cluster_t4,alibaba_gpu_type_pool,T4,83,2,7e-05,T4,1,11.4,47.0
synthetic_00342,fine_tuning,fine_tuning,cluster_p100,alibaba_gpu_type_pool,P100,83,1,0.00025,P100,1,11.908,46.0
synthetic_00418,preprocessing,preprocessing,cluster_g2,alibaba_gpu_type_pool,G2,83,13,0.00025,,1,9.81,40.5859375
synthetic_00456,preprocessing,preprocessing,cluster_g2,alibaba_gpu_type_pool,G2,83,1,0.00025,,1,8.0,29.8017578125
synthetic_00633,preprocessing,preprocessing,cluster_g2,alibaba_gpu_type_pool,G2,83,2,0.00035,,1,8.0,29.8017578125
synthetic_00954,preprocessing,preprocessing,cluster_g2,alibaba_gpu_type_pool,G2,83,11,0.00035,,1,11.908,46.0
synthetic_01299,preprocessing,preprocessing,cluster_g2,alibaba_gpu_type_pool,G2,83,1,0.00035,,1,12.0,24.0
synthetic_01398,preprocessing,preprocessing,cluster_g2,alibaba_gpu_type_pool,G2,83,1,0.00035,,1,3.152,5.46875
synthetic_01409,fine_tuning,fine_tuning,cluster_p100,alibaba_gpu_type_pool,P100,83,7,0.00025,P100,1,8.0,29.8017578125
synthetic_01535,preprocessing,preprocessing,cluster_g2,alibaba_gpu_type_pool,G2,83,1,0.00025,,1,11.3,48.0
synthetic_01561,preprocessing,preprocessing,cluster_g2,alibaba_gpu_type_pool,G2,83,7,0.00035,,1,4.0,30.517578125
synthetic_01586,preprocessing,preprocessing,cluster_g2,alibaba_gpu_type_pool,G2,83,1,0.00025,,1,11.3,48.0
synthetic_02182,preprocessing,preprocessing,cluster_g2,alibaba_gpu_type_pool,G2,83,1,0.00035,,1,24.2,91.0
synthetic_02495,preprocessing,preprocessing,cluster_g2,alibaba_gpu_type_pool,G2,83,1,0.00025,,1,16.4,123.0
synthetic_02636,preprocessing,preprocessing,cluster_g2,alibaba_gpu_type_pool,G2,83,11,7e-05,,1,4.0,14.900390625
synthetic_03475,fine_tuning,fine_tuning,cluster_t4,alibaba_gpu_type_pool,T4,83,13,7e-05,T4,1,14.2,57.0
synthetic_03757,fine_tuning,fine_tuning,cluster_g2,alibaba_gpu_type_pool,G2,83,6,0.00035,G2,1,12.0,24.0
synthetic_03985,fine_tuning,fine_tuning,cluster_t4,alibaba_gpu_type_pool,T4,83,1,7e-05,T4,1,11.4,47.0
synthetic_04261,preprocessing,preprocessing,cluster_g2,alibaba_gpu_type_pool,G2,83,7,0.00025,,1,9.81,40.5859375
synthetic_04891,preprocessing,preprocessing,cluster_g2,alibaba_gpu_type_pool,G2,83,6,0.00035,,1,4.0,29.8017578125
synthetic_00138,fine_tuning,fine_tuning,cluster_p100,alibaba_gpu_type_pool,P100,84,1,0.00025,P100,1,11.908,46.0
synthetic_00977,preprocessing,preprocessing,cluster_g2,alibaba_gpu_type_pool,G2,84,9,0.00025,,1,11.908,46.0
synthetic_01091,preprocessing,preprocessing,cluster_g2,alibaba_gpu_type_pool,G2,84,8,0.00035,,1,11.4,47.0
synthetic_01192,fine_tuning,fine_tuning,cluster_t4,alibaba_gpu_type_pool,T4,84,6,7e-05,T4,1,12.0,24.0
synthetic_01701,preprocessing,preprocessing,cluster_g2,alibaba_gpu_type_pool,G2,84,2,0.00025,,1,11.908,46.0
synthetic_01921,preprocessing,preprocessing,cluster_g2,alibaba_gpu_type_pool,G2,84,7,7e-05,,1,11.3,48.0
synthetic_02129,preprocessing,preprocessing,cluster_g2,alibaba_gpu_type_pool,G2,84,3,0.00025,,1,11.908,46.0
synthetic_02133,preprocessing,preprocessing,cluster_g2,alibaba_gpu_type_pool,G2,84,5,0.00025,,1,4.0,24.0
synthetic_03135,fine_tuning,fine_tuning,cluster_t4,alibaba_gpu_type_pool,T4,84,12,7e-05,T4,1,9.81,40.5859375
synthetic_03446,preprocessing,preprocessing,cluster_g2,alibaba_gpu_type_pool,G2,84,1,0.00025,,1,11.908,46.0
synthetic_03810,preprocessing,preprocessing,cluster_g2,alibaba_gpu_type_pool,G2,84,1,0.00025,,1,16.4,123.0
synthetic_04254,preprocessing,preprocessing,cluster_g2,alibaba_gpu_type_pool,G2,84,6,0.00025,,1,11.908,46.0
synthetic_00323,preprocessing,preprocessing,cluster_g2,alibaba_gpu_type_pool,G2,85,1,0.00035,,1,4.0,22.3515625
synthetic_00982,preprocessing,preprocessing,cluster_g2,alibaba_gpu_type_pool,G2,85,4,0.00025,,1,11.4,47.0
synthetic_01602,preprocessing,preprocessing,cluster_g2,alibaba_gpu_type_pool,G2,85,5,0.00035,,1,4.0,14.900390625
synthetic_01879,preprocessing,preprocessing,cluster_g2,alibaba_gpu_type_pool,G2,85,9,0.00025,,1,11.4,47.0
synthetic_02314,preprocessing,preprocessing,cluster_g2,alibaba_gpu_type_pool,G2,85,5,0.00025,,1,15.7,57.0
synthetic_02496,training,training,cluster_v100m32,alibaba_gpu_type_pool,V100M32,85,8,0.00025,V100M16|V100M32,1,16.0,64.0
synthetic_03073,preprocessing,preprocessing,cluster_g2,alibaba_gpu_type_pool,G2,85,1,0.00025,,1,3.152,5.46875
synthetic_03272,preprocessing,preprocessing,cluster_g2,alibaba_gpu_type_pool,G2,85,8,0.00025,,1,24.2,91.0
synthetic_03276,preprocessing,preprocessing,cluster_g2,alibaba_gpu_type_pool,G2,85,5,0.00025,,1,11.908,46.0
synthetic_03514,fine_tuning,fine_tuning,cluster_g2,alibaba_gpu_type_pool,G2,85,1,0.00035,G2,1,11.4,47.0
synthetic_04490,preprocessing,preprocessing,cluster_g2,alibaba_gpu_type_pool,G2,85,11,0.00025,,1,12.0,15.0
synthetic_00160,preprocessing,preprocessing,cluster_g2,alibaba_gpu_type_pool,G2,86,1,7e-05,,1,3.152,5.46875
synthetic_00189,preprocessing,preprocessing,cluster_g2,alibaba_gpu_type_pool,G2,86,4,7e-05,,1,11.4,47.0
synthetic_01129,preprocessing,preprocessing,cluster_g2,alibaba_gpu_type_pool,G2,86,1,0.00015,,1,3.152,5.46875
synthetic_01289,preprocessing,preprocessing,cluster_g2,alibaba_gpu_type_pool,G2,86,7,0.00025,,1,24.2,91.0
synthetic_01754,preprocessing,preprocessing,cluster_g2,alibaba_gpu_type_pool,G2,86,5,0.00025,A10|G2|T4|V100M16|V100M32,1,4.0,24.0
synthetic_01755,preprocessing,preprocessing,cluster_g2,alibaba_gpu_type_pool,G2,86,5,0.00025,,1,3.152,5.46875
synthetic_01946,preprocessing,preprocessing,cluster_g2,alibaba_gpu_type_pool,G2,86,4,0.00025,,1,11.3,48.0
synthetic_02494,fine_tuning,fine_tuning,cluster_t4,alibaba_gpu_type_pool,T4,86,1,7e-05,T4,1,4.0,22.3515625
synthetic_02716,preprocessing,preprocessing,cluster_g2,alibaba_gpu_type_pool,G2,86,8,0.00025,,1,16.0,64.0
synthetic_02853,preprocessing,preprocessing,cluster_g2,alibaba_gpu_type_pool,G2,86,4,7e-05,,1,4.0,29.8017578125
synthetic_03152,fine_tuning,fine_tuning,cluster_t4,alibaba_gpu_type_pool,T4,86,7,7e-05,T4,1,4.0,14.900390625
synthetic_04067,preprocessing,preprocessing,cluster_g2,alibaba_gpu_type_pool,G2,86,6,0.00025,,1,3.152,5.46875
synthetic_04245,fine_tuning,fine_tuning,cluster_t4,alibaba_gpu_type_pool,T4,86,9,7e-05,T4,1,3.152,5.46875
synthetic_04709,preprocessing,preprocessing,cluster_g2,alibaba_gpu_type_pool,G2,86,3,0.00035,,1,6.0,29.8017578125
synthetic_04849,preprocessing,preprocessing,cluster_g2,alibaba_gpu_type_pool,G2,86,8,7e-05,,1,11.3,48.0
synthetic_00120,fine_tuning,fine_tuning,cluster_g2,alibaba_gpu_type_pool,G2,87,4,0.00035,G2,1,16.0,32.0
synthetic_00340,preprocessing,preprocessing,cluster_g2,alibaba_gpu_type_pool,G2,87,4,0.00025,,1,1.0,6.0
synthetic_00344,preprocessing,preprocessing,cluster_g2,alibaba_gpu_type_pool,G2,87,2,0.00025,,1,3.152,5.46875
synthetic_00509,preprocessing,preprocessing,cluster_g2,alibaba_gpu_type_pool,G2,87,2,7e-05,,1,18.708,63.0
synthetic_00680,preprocessing,preprocessing,cluster_g2,alibaba_gpu_type_pool,G2,87,2,0.00015,,1,11.3,48.0
synthetic_01182,preprocessing,preprocessing,cluster_g2,alibaba_gpu_type_pool,G2,87,5,0.00035,,1,4.0,24.0
synthetic_01270,preprocessing,preprocessing,cluster_v100m32,alibaba_gpu_type_pool,V100M32,87,9,0.00025,P100|V100M16|V100M32,1,16.0,64.0
synthetic_01469,preprocessing,preprocessing,cluster_g2,alibaba_gpu_type_pool,G2,87,6,0.00035,,1,12.0,24.0
synthetic_01529,preprocessing,preprocessing,cluster_g2,alibaba_gpu_type_pool,G2,87,3,7e-05,,1,4.0,14.900390625
synthetic_02302,preprocessing,preprocessing,cluster_v100m16,alibaba_gpu_type_pool,V100M16,87,1,0.00025,P100|T4|V100M16|V100M32,1,11.3,48.0
synthetic_02508,preprocessing,preprocessing,cluster_g2,alibaba_gpu_type_pool,G2,87,3,0.00025,A10|G2|T4|V100M16|V100M32,1,8.2,33.0
synthetic_02565,preprocessing,preprocessing,cluster_v100m32,alibaba_gpu_type_pool,V100M32,87,2,0.00014,T4|V100M16|V100M32,2,16.2,65.0
synthetic_02770,preprocessing,preprocessing,cluster_g2,alibaba_gpu_type_pool,G2,87,2,0.00025,,1,3.152,5.46875
synthetic_03046,preprocessing,preprocessing,cluster_g2,alibaba_gpu_type_pool,G2,87,2,0.00035,,1,11.4,47.0
synthetic_03160,preprocessing,preprocessing,cluster_g2,alibaba_gpu_type_pool,G2,87,6,0.00025,,1,3.152,5.46875
synthetic_03168,preprocessing,preprocessing,cluster_g2,alibaba_gpu_type_pool,G2,87,2,0.00035,,1,8.0,16.0
synthetic_03215,preprocessing,preprocessing,cluster_g2,alibaba_gpu_type_pool,G2,87,9,0.00025,,1,11.908,46.0
synthetic_03326,preprocessing,preprocessing,cluster_g2,alibaba_gpu_type_pool,G2,87,8,0.00025,,1,3.152,5.46875
synthetic_03379,preprocessing,preprocessing,cluster_g2,alibaba_gpu_type_pool,G2,87,5,0.00035,,1,11.4,47.0
synthetic_03974,preprocessing,preprocessing,cluster_g2,alibaba_gpu_type_pool,G2,87,3,0.00035,,1,9.81,40.5859375
synthetic_04139,preprocessing,preprocessing,cluster_g2,alibaba_gpu_type_pool,G2,87,2,0.00025,,1,15.4,88.0
synthetic_04448,preprocessing,preprocessing,cluster_g2,alibaba_gpu_type_pool,G2,87,3,0.00035,,1,15.7,57.0
synthetic_04619,preprocessing,preprocessing,cluster_g2,alibaba_gpu_type_pool,G2,87,9,0.00025,,1,11.908,46.0
synthetic_04689,preprocessing,preprocessing,cluster_g2,alibaba_gpu_type_pool,G2,87,3,0.00035,,1,11.3,48.0
synthetic_00014,preprocessing,preprocessing,cluster_g2,alibaba_gpu_type_pool,G2,88,4,0.00035,,1,11.908,46.0
synthetic_00040,preprocessing,preprocessing,cluster_g2,alibaba_gpu_type_pool,G2,88,1,0.00015,,1,3.152,5.46875
synthetic_00152,preprocessing,preprocessing,cluster_g2,alibaba_gpu_type_pool,G2,88,4,0.00035,,1,11.908,46.0
synthetic_00154,preprocessing,preprocessing,cluster_g2,alibaba_gpu_type_pool,G2,88,1,0.00025,,1,4.152,10.3515625
synthetic_00173,training,training,cluster_v100m16,alibaba_gpu_type_pool,V100M16,88,1,0.00025,V100M16|V100M32,1,18.708,63.0
synthetic_00195,preprocessing,preprocessing,cluster_g2,alibaba_gpu_type_pool,G2,88,1,0.00035,,1,3.152,5.46875
synthetic_00212,fine_tuning,fine_tuning,cluster_g2,alibaba_gpu_type_pool,G2,88,3,0.00035,G2,1,15.7,57.0
synthetic_00231,preprocessing,preprocessing,cluster_g2,alibaba_gpu_type_pool,G2,88,1,0.00025,,1,8.0,29.8017578125
synthetic_00241,preprocessing,preprocessing,cluster_g2,alibaba_gpu_type_pool,G2,88,2,7e-05,,1,11.908,46.0
synthetic_00261,fine_tuning,fine_tuning,cluster_t4,alibaba_gpu_type_pool,T4,88,6,7e-05,T4,1,4.0,22.3515625
synthetic_00298,fine_tuning,fine_tuning,cluster_t4,alibaba_gpu_type_pool,T4,88,1,7e-05,T4,1,11.3,48.0
synthetic_00316,preprocessing,preprocessing,cluster_g2,alibaba_gpu_type_pool,G2,88,2,0.00015,,1,11.3,48.0
synthetic_00327,preprocessing,preprocessing,cluster_g2,alibaba_gpu_type_pool,G2,88,1,0.00035,,1,3.152,5.46875
synthetic_00355,fine_tuning,fine_tuning,cluster_t4,alibaba_gpu_type_pool,T4,88,1,7e-05,T4,1,3.152,5.46875
synthetic_00401,preprocessing,preprocessing,cluster_g2,alibaba_gpu_type_pool,G2,88,1,7e-05,,1,8.0,29.8017578125
synthetic_00415,preprocessing,preprocessing,cluster_g2,alibaba_gpu_type_pool,G2,88,1,0.00025,,1,3.152,5.46875
synthetic_00427,preprocessing,preprocessing,cluster_g2,alibaba_gpu_type_pool,G2,88,1,0.00025,,1,18.708,63.0
synthetic_00454,fine_tuning,fine_tuning,cluster_g2,alibaba_gpu_type_pool,G2,88,5,0.00035,G2,1,8.2,33.0
synthetic_00472,fine_tuning,fine_tuning,cluster_t4,alibaba_gpu_type_pool,T4,88,1,7e-05,T4,1,3.152,5.46875
synthetic_00511,preprocessing,preprocessing,cluster_g2,alibaba_gpu_type_pool,G2,88,3,0.00025,G2|P100|T4|V100M16|V100M32,1,3.152,5.46875
synthetic_00543,preprocessing,preprocessing,cluster_g2,alibaba_gpu_type_pool,G2,88,7,0.00025,,1,11.4,47.0
synthetic_00573,preprocessing,preprocessing,cluster_g2,alibaba_gpu_type_pool,G2,88,1,0.00025,,1,3.152,5.46875
synthetic_00627,fine_tuning,fine_tuning,cluster_g3,alibaba_gpu_type_pool,G3,88,1,0.00035,G3,1,11.3,48.0
synthetic_00629,fine_tuning,fine_tuning,cluster_p100,alibaba_gpu_type_pool,P100,88,1,0.00025,P100,1,3.152,5.46875
synthetic_00639,preprocessing,preprocessing,cluster_g2,alibaba_gpu_type_pool,G2,88,3,0.00025,,1,4.0,22.3515625
synthetic_00641,preprocessing,preprocessing,cluster_g2,alibaba_gpu_type_pool,G2,88,2,0.00035,,1,4.0,24.0
synthetic_00647,preprocessing,preprocessing,cluster_g2,alibaba_gpu_type_pool,G2,88,1,0.00025,,1,11.3,48.0
synthetic_00690,preprocessing,preprocessing,cluster_g2,alibaba_gpu_type_pool,G2,88,2,0.00025,,1,3.152,5.46875
synthetic_00728,preprocessing,preprocessing,cluster_g2,alibaba_gpu_type_pool,G2,88,1,0.00025,,1,11.3,48.0
synthetic_00731,preprocessing,preprocessing,cluster_g2,alibaba_gpu_type_pool,G2,88,1,0.00025,,1,11.3,48.0
synthetic_00771,preprocessing,preprocessing,cluster_g2,alibaba_gpu_type_pool,G2,88,4,0.00035,,1,11.3,48.0
synthetic_00825,fine_tuning,fine_tuning,cluster_t4,alibaba_gpu_type_pool,T4,88,1,7e-05,T4,1,3.152,5.46875
synthetic_00833,preprocessing,preprocessing,cluster_g2,alibaba_gpu_type_pool,G2,88,1,0.00025,,1,3.152,5.46875
synthetic_00856,preprocessing,preprocessing,cluster_g2,alibaba_gpu_type_pool,G2,88,1,0.00025,,1,9.81,40.5859375
synthetic_00893,preprocessing,preprocessing,cluster_g2,alibaba_gpu_type_pool,G2,88,1,0.00035,,1,11.3,48.0
synthetic_00922,preprocessing,preprocessing,cluster_g2,alibaba_gpu_type_pool,G2,88,1,0.00056,,8,64.2,257.0
synthetic_00946,preprocessing,preprocessing,cluster_g2,alibaba_gpu_type_pool,G2,88,6,0.00025,,1,11.4,47.0
synthetic_00953,preprocessing,preprocessing,cluster_g2,alibaba_gpu_type_pool,G2,88,1,0.00035,,1,3.152,5.46875
synthetic_00994,preprocessing,preprocessing,cluster_g2,alibaba_gpu_type_pool,G2,88,4,0.00025,,1,3.152,5.46875
synthetic_00999,preprocessing,preprocessing,cluster_g2,alibaba_gpu_type_pool,G2,88,1,0.00025,,1,8.0,29.8017578125
synthetic_01015,preprocessing,preprocessing,cluster_g2,alibaba_gpu_type_pool,G2,88,2,0.00035,,1,8.0,29.8017578125
synthetic_01035,preprocessing,preprocessing,cluster_g2,alibaba_gpu_type_pool,G2,88,4,0.00035,,1,4.0,29.8017578125
synthetic_01099,training,training,cluster_v100m32,alibaba_gpu_type_pool,V100M32,88,1,0.00025,V100M16|V100M32,1,18.708,63.0
synthetic_01158,fine_tuning,fine_tuning,cluster_t4,alibaba_gpu_type_pool,T4,88,1,7e-05,T4,1,11.3,48.0
synthetic_01201,preprocessing,preprocessing,cluster_g2,alibaba_gpu_type_pool,G2,88,1,0.00035,,1,3.152,5.46875
synthetic_01233,preprocessing,preprocessing,cluster_g2,alibaba_gpu_type_pool,G2,88,4,0.00025,,1,11.908,46.0
synthetic_01238,fine_tuning,fine_tuning,cluster_p100,alibaba_gpu_type_pool,P100,88,1,0.00025,P100,1,3.152,5.46875
synthetic_01242,preprocessing,preprocessing,cluster_g2,alibaba_gpu_type_pool,G2,88,3,7e-05,,1,24.2,91.0
synthetic_01266,preprocessing,preprocessing,cluster_g2,alibaba_gpu_type_pool,G2,88,1,0.00025,,1,11.908,46.0
synthetic_01267,preprocessing,preprocessing,cluster_g2,alibaba_gpu_type_pool,G2,88,2,0.00025,,1,11.908,46.0
synthetic_01309,preprocessing,preprocessing,cluster_g2,alibaba_gpu_type_pool,G2,88,2,0.00025,,1,3.152,5.46875
synthetic_01343,preprocessing,preprocessing,cluster_g2,alibaba_gpu_type_pool,G2,88,4,0.00035,,1,4.0,14.900390625
synthetic_01359,preprocessing,preprocessing,cluster_g2,alibaba_gpu_type_pool,G2,88,1,7e-05,,1,3.152,5.46875
synthetic_01438,preprocessing,preprocessing,cluster_g2,alibaba_gpu_type_pool,G2,88,1,0.00035,,1,3.152,5.46875
synthetic_01467,preprocessing,preprocessing,cluster_g2,alibaba_gpu_type_pool,G2,88,1,0.00025,,1,11.3,48.0
synthetic_01501,preprocessing,preprocessing,cluster_g2,alibaba_gpu_type_pool,G2,88,1,0.00025,,1,3.152,5.46875
synthetic_01563,preprocessing,preprocessing,cluster_g2,alibaba_gpu_type_pool,G2,88,3,0.00035,,1,9.81,40.5859375
synthetic_01565,preprocessing,preprocessing,cluster_g2,alibaba_gpu_type_pool,G2,88,2,0.00025,,1,3.152,5.46875
synthetic_01575,preprocessing,preprocessing,cluster_g2,alibaba_gpu_type_pool,G2,88,3,0.00025,,1,11.4,47.0
synthetic_01583,preprocessing,preprocessing,cluster_g2,alibaba_gpu_type_pool,G2,88,1,7e-05,,1,11.4,47.0
synthetic_01585,preprocessing,preprocessing,cluster_g2,alibaba_gpu_type_pool,G2,88,1,0.00025,,1,11.3,48.0
synthetic_01593,preprocessing,preprocessing,cluster_g2,alibaba_gpu_type_pool,G2,88,1,7e-05,,1,12.0,24.0
synthetic_01595,preprocessing,preprocessing,cluster_g2,alibaba_gpu_type_pool,G2,88,5,0.00035,,1,15.2,79.0
synthetic_01599,preprocessing,preprocessing,cluster_g2,alibaba_gpu_type_pool,G2,88,1,0.00025,,1,11.4,47.0
synthetic_01619,preprocessing,preprocessing,cluster_g2,alibaba_gpu_type_pool,G2,88,1,0.00035,,1,18.708,63.0
synthetic_01623,preprocessing,preprocessing,cluster_g2,alibaba_gpu_type_pool,G2,88,8,7e-05,,1,11.908,46.0
synthetic_01635,preprocessing,preprocessing,cluster_g2,alibaba_gpu_type_pool,G2,88,1,0.00025,,1,3.152,5.46875
synthetic_01679,preprocessing,preprocessing,cluster_g2,alibaba_gpu_type_pool,G2,88,1,0.00025,,1,3.152,5.46875
synthetic_01729,training,training,cluster_v100m32,alibaba_gpu_type_pool,V100M32,88,1,0.00025,V100M16|V100M32,1,11.3,48.0
synthetic_01737,preprocessing,preprocessing,cluster_g2,alibaba_gpu_type_pool,G2,88,1,0.00035,,1,11.3,48.0
synthetic_01749,preprocessing,preprocessing,cluster_g2,alibaba_gpu_type_pool,G2,88,1,0.00025,,1,11.3,48.0
synthetic_01752,preprocessing,preprocessing,cluster_g2,alibaba_gpu_type_pool,G2,88,3,0.00025,,1,1.0,2.0
synthetic_01757,fine_tuning,fine_tuning,cluster_t4,alibaba_gpu_type_pool,T4,88,6,7e-05,T4,1,11.4,47.0
synthetic_01765,fine_tuning,fine_tuning,cluster_t4,alibaba_gpu_type_pool,T4,88,1,7e-05,T4,1,3.152,5.46875
synthetic_01802,preprocessing,preprocessing,cluster_g2,alibaba_gpu_type_pool,G2,88,1,0.00025,,1,18.708,63.0
synthetic_01838,preprocessing,preprocessing,cluster_g2,alibaba_gpu_type_pool,G2,88,1,7e-05,,1,11.3,48.0
synthetic_01846,preprocessing,preprocessing,cluster_g2,alibaba_gpu_type_pool,G2,88,1,0.00025,,1,3.152,5.46875
synthetic_01871,preprocessing,preprocessing,cluster_g2,alibaba_gpu_type_pool,G2,88,1,0.00025,,1,8.0,29.8017578125
synthetic_01914,preprocessing,preprocessing,cluster_g2,alibaba_gpu_type_pool,G2,88,1,0.00035,,1,3.152,5.46875
synthetic_01994,fine_tuning,fine_tuning,cluster_t4,alibaba_gpu_type_pool,T4,88,1,7e-05,T4,1,11.3,48.0
synthetic_02029,preprocessing,preprocessing,cluster_g2,alibaba_gpu_type_pool,G2,88,5,0.00025,,1,11.4,47.0
synthetic_02040,fine_tuning,fine_tuning,cluster_p100,alibaba_gpu_type_pool,P100,88,2,0.00025,P100,1,3.152,5.46875
synthetic_02046,preprocessing,preprocessing,cluster_g2,alibaba_gpu_type_pool,G2,88,1,0.00015,,1,11.4,47.0
synthetic_02047,fine_tuning,fine_tuning,cluster_g3,alibaba_gpu_type_pool,G3,88,2,0.00035,G3,1,8.0,16.0
synthetic_02054,preprocessing,preprocessing,cluster_g2,alibaba_gpu_type_pool,G2,88,1,0.00035,,1,18.708,63.0
synthetic_02068,training,training,cluster_v100m16,alibaba_gpu_type_pool,V100M16,88,1,0.00025,V100M16|V100M32,1,11.3,48.0
synthetic_02114,preprocessing,preprocessing,cluster_g2,alibaba_gpu_type_pool,G2,88,3,0.00025,,1,11.4,76.0
synthetic_02144,preprocessing,preprocessing,cluster_g2,alibaba_gpu_type_pool,G2,88,1,7e-05,,1,3.152,5.46875
synthetic_02178,preprocessing,preprocessing,cluster_g2,alibaba_gpu_type_pool,G2,88,1,7e-05,,1,18.708,63.0
synthetic_02179,fine_tuning,fine_tuning,cluster_t4,alibaba_gpu_type_pool,T4,88,1,7e-05,T4,1,4.0,29.8017578125
synthetic_02200,preprocessing,preprocessing,cluster_g2,alibaba_gpu_type_pool,G2,88,1,0.00025,,1,3.152,5.46875
synthetic_02202,fine_tuning,fine_tuning,cluster_p100,alibaba_gpu_type_pool,P100,88,5,0.00025,P100,1,11.908,46.0
synthetic_02221,fine_tuning,fine_tuning,cluster_g2,alibaba_gpu_type_pool,G2,88,5,0.00035,G2,1,4.0,24.0
synthetic_02282,preprocessing,preprocessing,cluster_g2,alibaba_gpu_type_pool,G2,88,1,0.00025,,1,3.152,5.46875
synthetic_02285,preprocessing,preprocessing,cluster_g2,alibaba_gpu_type_pool,G2,88,1,0.00035,,1,11.3,48.0
synthetic_02346,fine_tuning,fine_tuning,cluster_g2,alibaba_gpu_type_pool,G2,88,3,0.00035,G2,1,15.7,57.0
synthetic_02376,fine_tuning,fine_tuning,cluster_p100,alibaba_gpu_type_pool,P100,88,1,0.00025,P100,1,3.152,5.46875
synthetic_02381,preprocessing,preprocessing,cluster_g2,alibaba_gpu_type_pool,G2,88,1,7e-05,,1,11.3,48.0
synthetic_02385,fine_tuning,fine_tuning,cluster_t4,alibaba_gpu_type_pool,T4,88,3,7e-05,T4,1,16.0,32.0
synthetic_02446,preprocessing,preprocessing,cluster_g2,alibaba_gpu_type_pool,G2,88,1,0.00035,,1,3.152,5.46875
synthetic_02484,preprocessing,preprocessing,cluster_g2,alibaba_gpu_type_pool,G2,88,1,0.00035,,1,3.152,5.46875
synthetic_02505,preprocessing,preprocessing,cluster_g2,alibaba_gpu_type_pool,G2,88,1,7e-05,,1,6.0,6.0
synthetic_02560,preprocessing,preprocessing,cluster_g2,alibaba_gpu_type_pool,G2,88,3,7e-05,A10|G2|T4|V100M16|V100M32,1,11.4,76.0
synthetic_02611,fine_tuning,fine_tuning,cluster_t4,alibaba_gpu_type_pool,T4,88,1,7e-05,T4,1,3.152,5.46875
synthetic_02653,preprocessing,preprocessing,cluster_g2,alibaba_gpu_type_pool,G2,88,3,0.00035,,1,11.9,76.0
synthetic_02669,preprocessing,preprocessing,cluster_g2,alibaba_gpu_type_pool,G2,88,1,0.00025,,1,11.3,48.0
synthetic_02762,preprocessing,preprocessing,cluster_g2,alibaba_gpu_type_pool,G2,88,2,0.00035,,1,18.708,63.0
synthetic_02848,fine_tuning,fine_tuning,cluster_g2,alibaba_gpu_type_pool,G2,88,1,0.00035,G2,1,12.0,24.0
synthetic_02859,preprocessing,preprocessing,cluster_g2,alibaba_gpu_type_pool,G2,88,1,0.00035,,1,11.4,47.0
synthetic_02861,fine_tuning,fine_tuning,cluster_t4,alibaba_gpu_type_pool,T4,88,1,7e-05,T4,1,3.152,5.46875
synthetic_03008,fine_tuning,fine_tuning,cluster_t4,alibaba_gpu_type_pool,T4,88,2,7e-05,T4,1,4.0,29.8017578125
synthetic_03039,fine_tuning,fine_tuning,cluster_g2,alibaba_gpu_type_pool,G2,88,1,0.00035,G2,1,3.152,5.46875
synthetic_03090,preprocessing,preprocessing,cluster_g2,alibaba_gpu_type_pool,G2,88,2,7e-05,,1,4.152,10.3515625
synthetic_03302,preprocessing,preprocessing,cluster_g2,alibaba_gpu_type_pool,G2,88,2,7e-05,,1,12.0,16.0
synthetic_03305,fine_tuning,fine_tuning,cluster_g2,alibaba_gpu_type_pool,G2,88,6,0.00035,G2,1,12.0,24.0
synthetic_03306,preprocessing,preprocessing,cluster_g2,alibaba_gpu_type_pool,G2,88,1,0.00025,,1,3.152,5.46875
synthetic_03315,preprocessing,preprocessing,cluster_g2,alibaba_gpu_type_pool,G2,88,1,0.00025,,1,3.152,5.46875
synthetic_03347,fine_tuning,fine_tuning,cluster_t4,alibaba_gpu_type_pool,T4,88,1,7e-05,T4,1,11.4,47.0
synthetic_03373,preprocessing,preprocessing,cluster_g2,alibaba_gpu_type_pool,G2,88,2,0.00025,,1,8.0,29.8017578125
synthetic_03406,preprocessing,preprocessing,cluster_g2,alibaba_gpu_type_pool,G2,88,1,0.00025,,1,11.3,48.0
synthetic_03479,preprocessing,preprocessing,cluster_g2,alibaba_gpu_type_pool,G2,88,4,7e-05,,1,11.4,47.0
synthetic_03510,preprocessing,preprocessing,cluster_g2,alibaba_gpu_type_pool,G2,88,1,0.00025,,1,11.4,47.0
synthetic_03522,preprocessing,preprocessing,cluster_v100m32,alibaba_gpu_type_pool,V100M32,88,4,0.00025,P100|V100M16|V100M32,1,11.9,76.0
synthetic_03617,fine_tuning,fine_tuning,cluster_g3,alibaba_gpu_type_pool,G3,88,1,0.00035,G3,1,15.2,79.0
synthetic_03625,preprocessing,preprocessing,cluster_g2,alibaba_gpu_type_pool,G2,88,8,0.00035,,1,11.4,47.0
synthetic_03640,preprocessing,preprocessing,cluster_g2,alibaba_gpu_type_pool,G2,88,1,0.00035,,1,3.152,5.46875
synthetic_03653,preprocessing,preprocessing,cluster_g2,alibaba_gpu_type_pool,G2,88,2,0.00025,,1,11.3,48.0
synthetic_03661,fine_tuning,fine_tuning,cluster_g2,alibaba_gpu_type_pool,G2,88,2,0.00035,G2,1,8.0,16.0
synthetic_03698,preprocessing,preprocessing,cluster_g2,alibaba_gpu_type_pool,G2,88,1,0.00025,,1,11.3,48.0
synthetic_03793,fine_tuning,fine_tuning,cluster_g2,alibaba_gpu_type_pool,G2,88,1,0.0014,G2,4,32.2,129.0
synthetic_03809,preprocessing,preprocessing,cluster_g2,alibaba_gpu_type_pool,G2,88,4,0.00035,,1,11.3,48.0
synthetic_03815,preprocessing,preprocessing,cluster_g2,alibaba_gpu_type_pool,G2,88,1,0.00025,,1,11.3,48.0
synthetic_03842,fine_tuning,fine_tuning,cluster_t4,alibaba_gpu_type_pool,T4,88,2,7e-05,T4,1,12.0,16.0
synthetic_03914,training,training,cluster_v100m16,alibaba_gpu_type_pool,V100M16,88,5,0.00025,V100M16|V100M32,1,11.9,76.0
synthetic_03992,fine_tuning,fine_tuning,cluster_p100,alibaba_gpu_type_pool,P100,88,1,0.00025,P100,1,11.908,46.0
synthetic_03993,preprocessing,preprocessing,cluster_g2,alibaba_gpu_type_pool,G2,88,1,0.00035,,1,8.0,29.8017578125
synthetic_04010,preprocessing,preprocessing,cluster_g2,alibaba_gpu_type_pool,G2,88,1,0.00025,,1,3.152,5.46875
synthetic_04113,preprocessing,preprocessing,cluster_g2,alibaba_gpu_type_pool,G2,88,3,0.00035,,1,15.7,57.0
synthetic_04134,fine_tuning,fine_tuning,cluster_g2,alibaba_gpu_type_pool,G2,88,1,0.00035,G2,1,11.4,47.0
synthetic_04192,preprocessing,preprocessing,cluster_g2,alibaba_gpu_type_pool,G2,88,1,0.00025,,1,11.3,48.0
synthetic_04202,fine_tuning,fine_tuning,cluster_t4,alibaba_gpu_type_pool,T4,88,1,7e-05,T4,1,3.152,5.46875
synthetic_04215,training,training,cluster_v100m32,alibaba_gpu_type_pool,V100M32,88,1,0.00025,V100M16|V100M32,1,18.708,63.0
synthetic_04305,fine_tuning,fine_tuning,cluster_p100,alibaba_gpu_type_pool,P100,88,1,0.00025,P100,1,3.152,5.46875
synthetic_04316,fine_tuning,fine_tuning,cluster_t4,alibaba_gpu_type_pool,T4,88,1,7e-05,T4,1,3.152,5.46875
synthetic_04361,preprocessing,preprocessing,cluster_g2,alibaba_gpu_type_pool,G2,88,1,0.00025,,1,4.0,24.0
synthetic_04460,preprocessing,preprocessing,cluster_g2,alibaba_gpu_type_pool,G2,88,1,7e-05,,1,11.4,47.0
synthetic_04552,preprocessing,preprocessing,cluster_g2,alibaba_gpu_type_pool,G2,88,1,0.00035,,1,11.908,46.0
synthetic_04567,preprocessing,preprocessing,cluster_g2,alibaba_gpu_type_pool,G2,88,2,7e-05,,1,6.0,18.0
synthetic_04602,fine_tuning,fine_tuning,cluster_g2,alibaba_gpu_type_pool,G2,88,1,0.00035,G2,1,3.152,5.46875
synthetic_04610,preprocessing,preprocessing,cluster_g2,alibaba_gpu_type_pool,G2,88,6,0.00035,,1,14.2,57.0
synthetic_04748,fine_tuning,fine_tuning,cluster_t4,alibaba_gpu_type_pool,T4,88,2,7e-05,T4,1,11.908,46.0
synthetic_04753,preprocessing,preprocessing,cluster_g2,alibaba_gpu_type_pool,G2,88,1,0.00025,,1,11.4,47.0
synthetic_04788,preprocessing,preprocessing,cluster_p100,alibaba_gpu_type_pool,P100,88,1,0.00025,P100|V100M16|V100M32,1,8.0,16.0
synthetic_04899,fine_tuning,fine_tuning,cluster_t4,alibaba_gpu_type_pool,T4,88,1,7e-05,T4,1,11.908,46.0
synthetic_04918,preprocessing,preprocessing,cluster_g2,alibaba_gpu_type_pool,G2,88,3,0.00025,,1,4.0,14.900390625
synthetic_04923,preprocessing,preprocessing,cluster_g2,alibaba_gpu_type_pool,G2,88,3,0.00025,,1,8.0,29.8017578125
synthetic_04937,fine_tuning,fine_tuning,cluster_t4,alibaba_gpu_type_pool,T4,88,3,7e-05,T4,1,15.7,57.0
synthetic_04966,fine_tuning,fine_tuning,cluster_p100,alibaba_gpu_type_pool,P100,88,1,0.00025,P100,1,3.152,5.46875
synthetic_04991,preprocessing,preprocessing,cluster_g2,alibaba_gpu_type_pool,G2,88,1,0.00025,,1,11.908,46.0
synthetic_00034,fine_tuning,fine_tuning,cluster_t4,alibaba_gpu_type_pool,T4,89,1,7e-05,T4,1,11.908,46.0
synthetic_00074,preprocessing,preprocessing,cluster_g2,alibaba_gpu_type_pool,G2,89,1,7e-05,,1,11.3,48.0
synthetic_00080,preprocessing,preprocessing,cluster_g2,alibaba_gpu_type_pool,G2,89,1,0.00015,,1,3.152,5.46875
synthetic_00126,fine_tuning,fine_tuning,cluster_t4,alibaba_gpu_type_pool,T4,89,2,7e-05,T4,1,3.152,5.46875
synthetic_00130,preprocessing,preprocessing,cluster_g2,alibaba_gpu_type_pool,G2,89,2,0.00025,,1,12.0,32.0
synthetic_00139,preprocessing,preprocessing,cluster_g2,alibaba_gpu_type_pool,G2,89,1,0.00025,,1,11.4,76.0
synthetic_00149,preprocessing,preprocessing,cluster_g2,alibaba_gpu_type_pool,G2,89,1,0.00025,,1,3.152,5.46875
synthetic_00238,preprocessing,preprocessing,cluster_g2,alibaba_gpu_type_pool,G2,89,2,7e-05,,1,6.0,12.0
synthetic_00301,fine_tuning,fine_tuning,cluster_t4,alibaba_gpu_type_pool,T4,89,4,7e-05,T4,1,8.0,16.0
synthetic_00380,preprocessing,preprocessing,cluster_g2,alibaba_gpu_type_pool,G2,89,1,0.00025,,1,11.908,46.0
synthetic_00392,preprocessing,preprocessing,cluster_g2,alibaba_gpu_type_pool,G2,89,1,0.00015,,1,11.4,47.0
synthetic_00409,preprocessing,preprocessing,cluster_g2,alibaba_gpu_type_pool,G2,89,1,0.00035,,1,18.708,63.0
synthetic_00435,preprocessing,preprocessing,cluster_g2,alibaba_gpu_type_pool,G2,89,1,0.00035,,1,8.0,29.8017578125
synthetic_00704,preprocessing,preprocessing,cluster_g2,alibaba_gpu_type_pool,G2,89,4,0.00035,,1,11.908,46.0
synthetic_00747,preprocessing,preprocessing,cluster_g2,alibaba_gpu_type_pool,G2,89,1,0.00035,,1,9.81,40.5859375
synthetic_00759,fine_tuning,fine_tuning,cluster_t4,alibaba_gpu_type_pool,T4,89,1,7e-05,T4,1,18.708,63.0
synthetic_00777,fine_tuning,fine_tuning,cluster_p100,alibaba_gpu_type_pool,P100,89,6,0.00025,P100,1,4.0,22.3515625
synthetic_00789,fine_tuning,fine_tuning,cluster_g2,alibaba_gpu_type_pool,G2,89,2,0.00035,G2,1,16.0,32.0
synthetic_00885,preprocessing,preprocessing,cluster_g2,alibaba_gpu_type_pool,G2,89,1,0.00025,,1,4.0,14.900390625
synthetic_00921,fine_tuning,fine_tuning,cluster_p100,alibaba_gpu_type_pool,P100,89,1,0.00025,P100,1,4.152,10.3515625
synthetic_00928,fine_tuning,fine_tuning,cluster_t4,alibaba_gpu_type_pool,T4,89,1,7e-05,T4,1,3.152,5.46875
synthetic_00951,preprocessing,preprocessing,cluster_g2,alibaba_gpu_type_pool,G2,89,1,7e-05,,1,9.81,40.5859375
synthetic_00989,preprocessing,preprocessing,cluster_g2,alibaba_gpu_type_pool,G2,89,5,7e-05,,1,8.0,29.8017578125
synthetic_01013,preprocessing,preprocessing,cluster_g2,alibaba_gpu_type_pool,G2,89,5,0.00025,,1,12.0,16.0
synthetic_01030,preprocessing,preprocessing,cluster_g2,alibaba_gpu_type_pool,G2,89,1,0.00035,,1,8.0,29.8017578125
synthetic_01214,preprocessing,preprocessing,cluster_g2,alibaba_gpu_type_pool,G2,89,3,0.00025,,1,6.0,23.0
synthetic_01236,preprocessing,preprocessing,cluster_g2,alibaba_gpu_type_pool,G2,89,1,0.00025,,1,4.152,10.3515625
synthetic_01295,preprocessing,preprocessing,cluster_g2,alibaba_gpu_type_pool,G2,89,1,0.00025,,1,3.152,5.46875
synthetic_01315,preprocessing,preprocessing,cluster_g2,alibaba_gpu_type_pool,G2,89,1,0.00035,,1,11.4,47.0
synthetic_01330,preprocessing,preprocessing,cluster_g2,alibaba_gpu_type_pool,G2,89,1,0.00035,,1,11.908,46.0
synthetic_01362,preprocessing,preprocessing,cluster_g2,alibaba_gpu_type_pool,G2,89,1,0.00028,,4,32.2,129.0
synthetic_01504,preprocessing,preprocessing,cluster_g2,alibaba_gpu_type_pool,G2,89,2,0.00025,,1,11.908,46.0
synthetic_01631,fine_tuning,fine_tuning,cluster_t4,alibaba_gpu_type_pool,T4,89,2,7e-05,T4,1,11.908,46.0
synthetic_01668,fine_tuning,fine_tuning,cluster_t4,alibaba_gpu_type_pool,T4,89,1,7e-05,T4,1,4.0,29.8017578125
synthetic_01698,fine_tuning,fine_tuning,cluster_t4,alibaba_gpu_type_pool,T4,89,1,7e-05,T4,1,4.152,10.3515625
synthetic_01794,fine_tuning,fine_tuning,cluster_g3,alibaba_gpu_type_pool,G3,89,1,0.00035,G3,1,8.0,16.0
synthetic_01824,preprocessing,preprocessing,cluster_g2,alibaba_gpu_type_pool,G2,89,2,0.00035,,1,3.152,5.46875
synthetic_01827,preprocessing,preprocessing,cluster_g2,alibaba_gpu_type_pool,G2,89,1,0.00025,,1,3.152,5.46875
synthetic_01850,preprocessing,preprocessing,cluster_g2,alibaba_gpu_type_pool,G2,89,7,7e-05,,1,9.81,40.5859375
synthetic_01861,preprocessing,preprocessing,cluster_g2,alibaba_gpu_type_pool,G2,89,1,0.00035,,1,4.152,10.3515625
synthetic_01881,fine_tuning,fine_tuning,cluster_t4,alibaba_gpu_type_pool,T4,89,1,7e-05,T4,1,11.3,48.0
synthetic_01883,fine_tuning,fine_tuning,cluster_t4,alibaba_gpu_type_pool,T4,89,1,7e-05,T4,1,9.81,40.5859375
synthetic_01915,preprocessing,preprocessing,cluster_g2,alibaba_gpu_type_pool,G2,89,1,0.00035,,1,1.0,2.0
synthetic_01960,preprocessing,preprocessing,cluster_g2,alibaba_gpu_type_pool,G2,89,1,0.00025,,1,18.708,63.0
synthetic_01965,fine_tuning,fine_tuning,cluster_t4,alibaba_gpu_type_pool,T4,89,4,7e-05,T4,1,15.7,57.0
synthetic_01999,preprocessing,preprocessing,cluster_g2,alibaba_gpu_type_pool,G2,89,1,0.00025,,1,11.3,48.0
synthetic_02042,preprocessing,preprocessing,cluster_g2,alibaba_gpu_type_pool,G2,89,2,0.00025,,1,3.152,5.46875
synthetic_02057,preprocessing,preprocessing,cluster_g2,alibaba_gpu_type_pool,G2,89,2,0.00035,,1,3.152,5.46875
synthetic_02069,preprocessing,preprocessing,cluster_g2,alibaba_gpu_type_pool,G2,89,1,0.00035,,1,3.152,5.46875
synthetic_02103,fine_tuning,fine_tuning,cluster_t4,alibaba_gpu_type_pool,T4,89,2,7e-05,T4,1,11.3,48.0
synthetic_02137,preprocessing,preprocessing,cluster_g2,alibaba_gpu_type_pool,G2,89,1,0.00035,,1,4.152,10.3515625
synthetic_02171,fine_tuning,fine_tuning,cluster_p100,alibaba_gpu_type_pool,P100,89,1,0.00025,P100,1,3.152,5.46875
synthetic_02210,preprocessing,preprocessing,cluster_g2,alibaba_gpu_type_pool,G2,89,3,0.00025,,1,8.2,33.0
synthetic_02218,preprocessing,preprocessing,cluster_g2,alibaba_gpu_type_pool,G2,89,4,0.00025,,1,8.0,32.0
synthetic_02225,preprocessing,preprocessing,cluster_g2,alibaba_gpu_type_pool,G2,89,1,0.00035,,1,3.152,5.46875
synthetic_02230,fine_tuning,fine_tuning,cluster_v100m32,alibaba_gpu_type_pool,V100M32,89,1,0.00025,V100M32,1,11.3,48.0
synthetic_02242,preprocessing,preprocessing,cluster_g2,alibaba_gpu_type_pool,G2,89,1,0.00025,,1,11.908,46.0
synthetic_02264,preprocessing,preprocessing,cluster_g2,alibaba_gpu_type_pool,G2,89,1,0.00015,,1,11.3,48.0
synthetic_02274,fine_tuning,fine_tuning,cluster_t4,alibaba_gpu_type_pool,T4,89,1,7e-05,T4,1,4.152,10.3515625
synthetic_02297,fine_tuning,fine_tuning,cluster_g2,alibaba_gpu_type_pool,G2,89,3,0.00035,G2,1,11.4,76.0
synthetic_02329,preprocessing,preprocessing,cluster_g2,alibaba_gpu_type_pool,G2,89,1,0.00025,,1,8.0,29.8017578125
synthetic_02384,preprocessing,preprocessing,cluster_g2,alibaba_gpu_type_pool,G2,89,2,0.00035,,1,11.908,46.0
synthetic_02440,fine_tuning,fine_tuning,cluster_t4,alibaba_gpu_type_pool,T4,89,2,7e-05,T4,1,11.908,46.0
synthetic_02449,fine_tuning,fine_tuning,cluster_g2,alibaba_gpu_type_pool,G2,89,1,0.00035,G2,1,11.4,47.0
synthetic_02593,training,training,cluster_v100m32,alibaba_gpu_type_pool,V100M32,89,3,0.00025,V100M16|V100M32,1,12.0,15.0
synthetic_02605,preprocessing,preprocessing,cluster_g2,alibaba_gpu_type_pool,G2,89,5,0.00025,,1,12.0,24.0
synthetic_02744,preprocessing,preprocessing,cluster_g2,alibaba_gpu_type_pool,G2,89,1,0.00025,,1,3.152,5.46875
synthetic_02867,fine_tuning,fine_tuning,cluster_t4,alibaba_gpu_type_pool,T4,89,7,7e-05,T4,1,8.0,32.0
synthetic_02906,fine_tuning,fine_tuning,cluster_t4,alibaba_gpu_type_pool,T4,89,1,7e-05,T4,1,11.3,48.0
synthetic_02932,preprocessing,preprocessing,cluster_g2,alibaba_gpu_type_pool,G2,89,5,0.00025,,1,9.81,40.5859375
synthetic_02978,preprocessing,preprocessing,cluster_g2,alibaba_gpu_type_pool,G2,89,2,0.00035,,1,6.0,12.0
synthetic_03128,preprocessing,preprocessing,cluster_g2,alibaba_gpu_type_pool,G2,89,7,0.00035,,1,8.0,16.0
synthetic_03137,preprocessing,preprocessing,cluster_g2,alibaba_gpu_type_pool,G2,89,2,0.00025,,1,8.0,29.8017578125
synthetic_03172,preprocessing,preprocessing,cluster_g2,alibaba_gpu_type_pool,G2,89,3,0.00025,,1,11.4,47.0
synthetic_03311,preprocessing,preprocessing,cluster_g2,alibaba_gpu_type_pool,G2,89,1,0.00025,,1,24.2,91.0
synthetic_03320,preprocessing,preprocessing,cluster_g2,alibaba_gpu_type_pool,G2,89,2,0.00035,,1,11.4,47.0
synthetic_03334,preprocessing,preprocessing,cluster_g2,alibaba_gpu_type_pool,G2,89,1,0.00035,,1,3.152,5.46875
synthetic_03372,fine_tuning,fine_tuning,cluster_g2,alibaba_gpu_type_pool,G2,89,7,0.00035,G2,1,12.0,16.0
synthetic_03382,preprocessing,preprocessing,cluster_g2,alibaba_gpu_type_pool,G2,89,1,0.00035,,1,4.152,10.3515625
synthetic_03501,preprocessing,preprocessing,cluster_g2,alibaba_gpu_type_pool,G2,89,1,0.00025,,1,18.708,63.0
synthetic_03550,training,training,cluster_v100m32,alibaba_gpu_type_pool,V100M32,89,5,0.00025,V100M16|V100M32,1,4.0,24.0
synthetic_03634,preprocessing,preprocessing,cluster_g2,alibaba_gpu_type_pool,G2,89,2,0.00025,,1,11.3,48.0
synthetic_03665,fine_tuning,fine_tuning,cluster_t4,alibaba_gpu_type_pool,T4,89,2,7e-05,T4,1,11.3,48.0
synthetic_03670,preprocessing,preprocessing,cluster_g2,alibaba_gpu_type_pool,G2,89,1,0.00025,,1,3.152,5.46875
synthetic_03680,preprocessing,preprocessing,cluster_g2,alibaba_gpu_type_pool,G2,89,1,0.00035,,1,11.908,46.0
synthetic_03684,preprocessing,preprocessing,cluster_g2,alibaba_gpu_type_pool,G2,89,1,0.00025,,1,3.152,5.46875
synthetic_03719,fine_tuning,fine_tuning,cluster_t4,alibaba_gpu_type_pool,T4,89,1,7e-05,T4,1,12.0,24.0
synthetic_03733,preprocessing,preprocessing,cluster_g2,alibaba_gpu_type_pool,G2,89,5,0.00035,,1,4.0,24.0
synthetic_03804,preprocessing,preprocessing,cluster_g2,alibaba_gpu_type_pool,G2,89,3,7e-05,,1,15.7,57.0
synthetic_03806,fine_tuning,fine_tuning,cluster_t4,alibaba_gpu_type_pool,T4,89,1,7e-05,T4,1,8.0,29.8017578125
synthetic_03827,preprocessing,preprocessing,cluster_g2,alibaba_gpu_type_pool,G2,89,2,0.00035,,1,11.3,48.0
synthetic_03893,fine_tuning,fine_tuning,cluster_p100,alibaba_gpu_type_pool,P100,89,1,0.00025,P100,1,3.152,5.46875
synthetic_03898,preprocessing,preprocessing,cluster_g2,alibaba_gpu_type_pool,G2,89,1,0.00035,,1,3.152,5.46875
synthetic_03983,preprocessing,preprocessing,cluster_g2,alibaba_gpu_type_pool,G2,89,1,7e-05,,1,11.3,48.0
synthetic_04013,preprocessing,preprocessing,cluster_g2,alibaba_gpu_type_pool,G2,89,1,0.00025,,1,9.4,51.0
synthetic_04030,fine_tuning,fine_tuning,cluster_t4,alibaba_gpu_type_pool,T4,89,3,7e-05,T4,1,11.3,48.0
synthetic_04036,fine_tuning,fine_tuning,cluster_t4,alibaba_gpu_type_pool,T4,89,4,7e-05,T4,1,4.0,14.900390625
synthetic_04052,preprocessing,preprocessing,cluster_g2,alibaba_gpu_type_pool,G2,89,1,7e-05,,1,4.0,29.8017578125
synthetic_04060,preprocessing,preprocessing,cluster_g2,alibaba_gpu_type_pool,G2,89,1,0.00035,,1,3.152,5.46875
synthetic_04080,preprocessing,preprocessing,cluster_g2,alibaba_gpu_type_pool,G2,89,1,0.00025,,1,4.152,10.3515625
synthetic_04105,preprocessing,preprocessing,cluster_g2,alibaba_gpu_type_pool,G2,89,2,0.00025,,1,11.3,48.0
synthetic_04231,preprocessing,preprocessing,cluster_g2,alibaba_gpu_type_pool,G2,89,2,0.00025,,1,11.908,46.0
synthetic_04290,fine_tuning,fine_tuning,cluster_t4,alibaba_gpu_type_pool,T4,89,7,7e-05,T4,1,4.0,14.900390625
synthetic_04306,preprocessing,preprocessing,cluster_g2,alibaba_gpu_type_pool,G2,89,3,7e-05,,1,12.0,32.0
synthetic_04347,fine_tuning,fine_tuning,cluster_t4,alibaba_gpu_type_pool,T4,89,3,7e-05,T4,1,16.4,123.0
synthetic_04352,preprocessing,preprocessing,cluster_g2,alibaba_gpu_type_pool,G2,89,1,0.00015,,1,11.3,48.0
synthetic_04366,training,training,cluster_v100m32,alibaba_gpu_type_pool,V100M32,89,1,0.00025,V100M16|V100M32,1,3.152,5.46875
synthetic_04418,preprocessing,preprocessing,cluster_g2,alibaba_gpu_type_pool,G2,89,1,0.00025,,1,3.152,5.46875
synthetic_04440,preprocessing,preprocessing,cluster_g2,alibaba_gpu_type_pool,G2,89,2,0.00025,,1,11.4,47.0
synthetic_04546,preprocessing,preprocessing,cluster_g2,alibaba_gpu_type_pool,G2,89,2,0.00025,,1,3.152,5.46875
synthetic_04551,fine_tuning,fine_tuning,cluster_t4,alibaba_gpu_type_pool,T4,89,1,7e-05,T4,1,8.0,29.8017578125
synthetic_04554,fine_tuning,fine_tuning,cluster_p100,alibaba_gpu_type_pool,P100,89,1,0.00025,P100,1,4.152,10.3515625
synthetic_04582,fine_tuning,fine_tuning,cluster_t4,alibaba_gpu_type_pool,T4,89,3,7e-05,T4,1,15.7,57.0
synthetic_04617,fine_tuning,fine_tuning,cluster_g2,alibaba_gpu_type_pool,G2,89,3,0.00035,G2,1,11.3,48.0
synthetic_04730,preprocessing,preprocessing,cluster_g2,alibaba_gpu_type_pool,G2,89,1,0.00025,,1,11.3,48.0
synthetic_04757,preprocessing,preprocessing,cluster_g2,alibaba_gpu_type_pool,G2,89,1,7e-05,,1,3.152,5.46875
synthetic_04767,preprocessing,preprocessing,cluster_g2,alibaba_gpu_type_pool,G2,89,1,0.00025,,1,6.0,6.0
synthetic_04769,preprocessing,preprocessing,cluster_g2,alibaba_gpu_type_pool,G2,89,2,0.00025,,1,12.0,32.0
synthetic_04816,preprocessing,preprocessing,cluster_g2,alibaba_gpu_type_pool,G2,89,3,0.00035,,1,11.9,76.0
synthetic_04871,preprocessing,preprocessing,cluster_g2,alibaba_gpu_type_pool,G2,89,2,0.00025,,1,3.152,5.46875
synthetic_04898,fine_tuning,fine_tuning,cluster_t4,alibaba_gpu_type_pool,T4,89,1,7e-05,T4,1,4.0,22.3515625
synthetic_04905,fine_tuning,fine_tuning,cluster_g2,alibaba_gpu_type_pool,G2,89,1,0.0014,G2,4,32.2,129.0
synthetic_04912,fine_tuning,fine_tuning,cluster_p100,alibaba_gpu_type_pool,P100,89,1,0.00025,P100,1,3.152,5.46875
synthetic_04946,fine_tuning,fine_tuning,cluster_g3,alibaba_gpu_type_pool,G3,89,1,0.00035,G3,1,11.908,46.0
synthetic_04948,fine_tuning,fine_tuning,cluster_g3,alibaba_gpu_type_pool,G3,89,1,0.00035,G3,1,9.81,40.5859375
synthetic_04998,preprocessing,preprocessing,cluster_g2,alibaba_gpu_type_pool,G2,89,3,0.00025,,1,11.908,46.0
synthetic_00026,preprocessing,preprocessing,cluster_g2,alibaba_gpu_type_pool,G2,90,2,0.00025,G2|P100|T4|V100M16|V100M32,1,4.0,14.900390625
synthetic_00105,preprocessing,preprocessing,cluster_g2,alibaba_gpu_type_pool,G2,90,1,0.00015,,1,9.81,40.5859375
synthetic_00174,preprocessing,preprocessing,cluster_g2,alibaba_gpu_type_pool,G2,90,5,0.00015,,1,12.0,24.0
synthetic_00181,preprocessing,preprocessing,cluster_g2,alibaba_gpu_type_pool,G2,90,1,0.00015,,1,8.0,29.8017578125
synthetic_00429,preprocessing,preprocessing,cluster_g2,alibaba_gpu_type_pool,G2,90,4,7e-05,,1,16.4,123.0
synthetic_00579,preprocessing,preprocessing,cluster_g2,alibaba_gpu_type_pool,G2,90,3,0.00015,,1,4.0,14.900390625
synthetic_00604,preprocessing,preprocessing,cluster_g2,alibaba_gpu_type_pool,G2,90,1,0.00025,,1,3.152,5.46875
synthetic_00630,preprocessing,preprocessing,cluster_g2,alibaba_gpu_type_pool,G2,90,1,0.00025,,1,3.152,5.46875
synthetic_00691,preprocessing,preprocessing,cluster_g2,alibaba_gpu_type_pool,G2,90,1,0.00025,,1,3.152,5.46875
synthetic_00714,preprocessing,preprocessing,cluster_g2,alibaba_gpu_type_pool,G2,90,2,0.00015,,1,8.0,29.8017578125
synthetic_00753,preprocessing,preprocessing,cluster_g2,alibaba_gpu_type_pool,G2,90,1,0.00025,,1,24.2,91.0
synthetic_00862,fine_tuning,fine_tuning,cluster_t4,alibaba_gpu_type_pool,T4,90,1,7e-05,T4,1,3.152,5.46875
synthetic_00868,preprocessing,preprocessing,cluster_g2,alibaba_gpu_type_pool,G2,90,1,0.00035,,1,11.3,48.0
synthetic_00869,training,training,cluster_v100m16,alibaba_gpu_type_pool,V100M16,90,2,0.00025,V100M16|V100M32,1,8.0,32.0
synthetic_00915,preprocessing,preprocessing,cluster_g2,alibaba_gpu_type_pool,G2,90,1,0.00025,,1,15.2,79.0
synthetic_00955,preprocessing,preprocessing,cluster_g2,alibaba_gpu_type_pool,G2,90,1,0.00035,,1,3.152,5.46875
synthetic_00962,fine_tuning,fine_tuning,cluster_t4,alibaba_gpu_type_pool,T4,90,1,7e-05,T4,1,3.152,5.46875
synthetic_00981,preprocessing,preprocessing,cluster_g2,alibaba_gpu_type_pool,G2,90,2,0.00025,,1,11.9,76.0
synthetic_01142,fine_tuning,fine_tuning,cluster_t4,alibaba_gpu_type_pool,T4,90,1,7e-05,T4,1,3.152,5.46875
synthetic_01159,preprocessing,preprocessing,cluster_g2,alibaba_gpu_type_pool,G2,90,2,0.00035,G2|P100|T4|V100M16|V100M32,1,12.0,16.0
synthetic_01224,preprocessing,preprocessing,cluster_g2,alibaba_gpu_type_pool,G2,90,1,0.00035,,1,4.152,10.3515625
synthetic_01227,fine_tuning,fine_tuning,cluster_g2,alibaba_gpu_type_pool,G2,90,1,0.00035,G2,1,12.0,16.0
synthetic_01342,preprocessing,preprocessing,cluster_g2,alibaba_gpu_type_pool,G2,90,1,0.00025,,1,3.152,5.46875
synthetic_01380,fine_tuning,fine_tuning,cluster_t4,alibaba_gpu_type_pool,T4,90,1,7e-05,T4,1,3.152,5.46875
synthetic_01421,preprocessing,preprocessing,cluster_g2,alibaba_gpu_type_pool,G2,90,1,0.00025,,1,4.152,10.3515625
synthetic_01485,preprocessing,preprocessing,cluster_g2,alibaba_gpu_type_pool,G2,90,1,0.00035,,1,11.3,48.0
synthetic_01568,preprocessing,preprocessing,cluster_g2,alibaba_gpu_type_pool,G2,90,1,0.0028,,8,88.0,320.0
synthetic_01615,preprocessing,preprocessing,cluster_g2,alibaba_gpu_type_pool,G2,90,1,0.00015,,1,3.152,5.46875
synthetic_01690,preprocessing,preprocessing,cluster_g2,alibaba_gpu_type_pool,G2,90,1,7e-05,,1,4.0,22.3515625
synthetic_01845,fine_tuning,fine_tuning,cluster_t4,alibaba_gpu_type_pool,T4,90,6,7e-05,T4,1,11.4,47.0
synthetic_01884,preprocessing,preprocessing,cluster_g2,alibaba_gpu_type_pool,G2,90,1,7e-05,,1,4.152,10.3515625
synthetic_01929,preprocessing,preprocessing,cluster_g2,alibaba_gpu_type_pool,G2,90,1,0.00035,,1,3.152,5.46875
synthetic_01942,fine_tuning,fine_tuning,cluster_t4,alibaba_gpu_type_pool,T4,90,3,7e-05,T4,1,8.2,33.0
synthetic_02027,preprocessing,preprocessing,cluster_g2,alibaba_gpu_type_pool,G2,90,1,0.00025,,1,3.152,5.46875
synthetic_02044,fine_tuning,fine_tuning,cluster_t4,alibaba_gpu_type_pool,T4,90,1,7e-05,T4,1,11.4,47.0
synthetic_02082,preprocessing,preprocessing,cluster_g2,alibaba_gpu_type_pool,G2,90,1,0.00035,,1,6.0,22.3515625
synthetic_02098,preprocessing,preprocessing,cluster_g2,alibaba_gpu_type_pool,G2,90,1,0.00035,,1,3.152,5.46875
synthetic_02104,fine_tuning,fine_tuning,cluster_t4,alibaba_gpu_type_pool,T4,90,1,7e-05,T4,1,11.4,47.0
synthetic_02213,preprocessing,preprocessing,cluster_g2,alibaba_gpu_type_pool,G2,90,1,0.00035,,1,11.908,46.0
synthetic_02231,preprocessing,preprocessing,cluster_g2,alibaba_gpu_type_pool,G2,90,1,0.00025,,1,11.908,46.0
synthetic_02363,preprocessing,preprocessing,cluster_g2,alibaba_gpu_type_pool,G2,90,2,0.00035,,1,8.0,16.0
synthetic_02367,fine_tuning,fine_tuning,cluster_g2,alibaba_gpu_type_pool,G2,90,1,0.00035,G2,1,18.708,63.0
synthetic_02443,preprocessing,preprocessing,cluster_g2,alibaba_gpu_type_pool,G2,90,6,0.00035,,1,8.0,16.0
synthetic_02543,preprocessing,preprocessing,cluster_g2,alibaba_gpu_type_pool,G2,90,6,0.00025,,1,12.0,16.0
synthetic_02671,preprocessing,preprocessing,cluster_g2,alibaba_gpu_type_pool,G2,90,1,7e-05,,1,3.152,5.46875
synthetic_02687,preprocessing,preprocessing,cluster_g2,alibaba_gpu_type_pool,G2,90,2,0.00025,,1,11.4,47.0
synthetic_02699,fine_tuning,fine_tuning,cluster_g2,alibaba_gpu_type_pool,G2,90,3,0.00035,G2,1,18.708,63.0
synthetic_02721,preprocessing,preprocessing,cluster_g2,alibaba_gpu_type_pool,G2,90,1,0.00025,,1,11.4,47.0
synthetic_02738,preprocessing,preprocessing,cluster_g2,alibaba_gpu_type_pool,G2,90,2,0.00025,,1,16.0,32.0
synthetic_02743,preprocessing,preprocessing,cluster_g2,alibaba_gpu_type_pool,G2,90,4,0.00025,,1,11.4,47.0
synthetic_02786,preprocessing,preprocessing,cluster_g2,alibaba_gpu_type_pool,G2,90,1,0.00025,,1,3.152,5.46875
synthetic_02793,fine_tuning,fine_tuning,cluster_p100,alibaba_gpu_type_pool,P100,90,1,0.00025,P100,1,11.908,46.0
synthetic_02827,fine_tuning,fine_tuning,cluster_t4,alibaba_gpu_type_pool,T4,90,1,7e-05,T4,1,9.81,40.5859375
synthetic_02831,preprocessing,preprocessing,cluster_p100,alibaba_gpu_type_pool,P100,90,2,0.00025,P100|T4|V100M16|V100M32,1,11.4,47.0
synthetic_02842,fine_tuning,fine_tuning,cluster_t4,alibaba_gpu_type_pool,T4,90,2,7e-05,T4,1,11.3,48.0
synthetic_02904,fine_tuning,fine_tuning,cluster_t4,alibaba_gpu_type_pool,T4,90,1,7e-05,T4,1,3.152,5.46875
synthetic_02975,fine_tuning,fine_tuning,cluster_t4,alibaba_gpu_type_pool,T4,90,1,7e-05,T4,1,3.152,5.46875
synthetic_03061,preprocessing,preprocessing,cluster_g2,alibaba_gpu_type_pool,G2,90,1,7e-05,,1,11.4,47.0
synthetic_03180,preprocessing,preprocessing,cluster_g2,alibaba_gpu_type_pool,G2,90,6,0.00035,,1,11.4,76.0
synthetic_03184,preprocessing,preprocessing,cluster_g2,alibaba_gpu_type_pool,G2,90,2,0.00025,,1,11.4,47.0
synthetic_03255,preprocessing,preprocessing,cluster_g2,alibaba_gpu_type_pool,G2,90,4,0.00035,,1,3.152,5.46875
synthetic_03332,preprocessing,preprocessing,cluster_g2,alibaba_gpu_type_pool,G2,90,3,7e-05,,1,9.81,40.5859375
synthetic_03353,fine_tuning,fine_tuning,cluster_g2,alibaba_gpu_type_pool,G2,90,1,0.0014,G2,4,32.2,129.0
synthetic_03427,preprocessing,preprocessing,cluster_g2,alibaba_gpu_type_pool,G2,90,1,0.00025,,1,3.152,5.46875
synthetic_03457,fine_tuning,fine_tuning,cluster_t4,alibaba_gpu_type_pool,T4,90,2,7e-05,T4,1,11.4,47.0
synthetic_03586,preprocessing,preprocessing,cluster_g2,alibaba_gpu_type_pool,G2,90,3,7e-05,,1,15.7,57.0
synthetic_03672,preprocessing,preprocessing,cluster_g2,alibaba_gpu_type_pool,G2,90,1,7e-05,,1,11.908,46.0
synthetic_03706,training,training,cluster_v100m32,alibaba_gpu_type_pool,V100M32,90,2,0.00025,V100M16|V100M32,1,8.0,32.0
synthetic_03791,preprocessing,preprocessing,cluster_v100m32,alibaba_gpu_type_pool,V100M32,90,5,0.00025,P100|V100M16|V100M32,1,4.0,24.0
synthetic_03836,preprocessing,preprocessing,cluster_g2,alibaba_gpu_type_pool,G2,90,1,0.00035,,1,11.3,48.0
synthetic_03849,preprocessing,preprocessing,cluster_g2,alibaba_gpu_type_pool,G2,90,1,0.00035,,1,11.908,46.0
synthetic_04164,preprocessing,preprocessing,cluster_g2,alibaba_gpu_type_pool,G2,90,1,7e-05,,1,11.908,46.0
synthetic_04201,fine_tuning,fine_tuning,cluster_t4,alibaba_gpu_type_pool,T4,90,3,7e-05,T4,1,4.0,14.900390625
synthetic_04255,fine_tuning,fine_tuning,cluster_t4,alibaba_gpu_type_pool,T4,90,1,7e-05,T4,1,3.152,5.46875
synthetic_04296,preprocessing,preprocessing,cluster_g2,alibaba_gpu_type_pool,G2,90,1,0.00035,,1,4.0,22.3515625
synthetic_04370,preprocessing,preprocessing,cluster_g2,alibaba_gpu_type_pool,G2,90,6,0.00025,,1,4.0,24.0
synthetic_04379,preprocessing,preprocessing,cluster_g2,alibaba_gpu_type_pool,G2,90,2,0.00035,,1,8.0,32.0
synthetic_04431,preprocessing,preprocessing,cluster_g2,alibaba_gpu_type_pool,G2,90,1,0.00025,,1,11.4,47.0
synthetic_04444,training,training,cluster_v100m32,alibaba_gpu_type_pool,V100M32,90,1,0.00025,V100M16|V100M32,1,12.0,24.0
synthetic_04445,preprocessing,preprocessing,cluster_g2,alibaba_gpu_type_pool,G2,90,2,7e-05,,1,14.9,72.0
synthetic_04559,preprocessing,preprocessing,cluster_g2,alibaba_gpu_type_pool,G2,90,1,7e-05,,1,4.0,29.8017578125
synthetic_04575,preprocessing,preprocessing,cluster_g2,alibaba_gpu_type_pool,G2,90,1,0.00035,,1,3.152,5.46875
synthetic_04685,preprocessing,preprocessing,cluster_g2,alibaba_gpu_type_pool,G2,90,1,0.00025,,1,4.0,22.3515625
synthetic_04686,preprocessing,preprocessing,cluster_g2,alibaba_gpu_type_pool,G2,90,1,0.00025,,1,3.152,5.46875
synthetic_04896,fine_tuning,fine_tuning,cluster_t4,alibaba_gpu_type_pool,T4,90,1,7e-05,T4,1,8.0,29.8017578125
synthetic_04908,preprocessing,preprocessing,cluster_g2,alibaba_gpu_type_pool,G2,90,1,0.00025,,1,4.152,10.3515625
synthetic_04968,preprocessing,preprocessing,cluster_g2,alibaba_gpu_type_pool,G2,90,1,0.00025,,1,11.4,47.0
synthetic_00020,preprocessing,preprocessing,cluster_g2,alibaba_gpu_type_pool,G2,91,1,0.00025,,1,14.2,57.0
synthetic_00200,preprocessing,preprocessing,cluster_g2,alibaba_gpu_type_pool,G2,91,5,0.00025,,1,16.0,32.0
synthetic_00258,preprocessing,preprocessing,cluster_g2,alibaba_gpu_type_pool,G2,91,1,0.00015,,1,3.152,5.46875
synthetic_00315,preprocessing,preprocessing,cluster_g2,alibaba_gpu_type_pool,G2,91,2,0.00025,,1,11.4,76.0
synthetic_00356,preprocessing,preprocessing,cluster_g2,alibaba_gpu_type_pool,G2,91,1,0.00035,,1,11.3,48.0
synthetic_00376,preprocessing,preprocessing,cluster_g2,alibaba_gpu_type_pool,G2,91,1,0.00015,,1,8.0,29.8017578125
synthetic_00517,fine_tuning,fine_tuning,cluster_t4,alibaba_gpu_type_pool,T4,91,1,7e-05,T4,1,3.152,5.46875
synthetic_00561,preprocessing,preprocessing,cluster_g2,alibaba_gpu_type_pool,G2,91,2,0.00035,,1,18.708,63.0
synthetic_00677,fine_tuning,fine_tuning,cluster_t4,alibaba_gpu_type_pool,T4,91,1,7e-05,T4,1,11.3,48.0
synthetic_00758,preprocessing,preprocessing,cluster_g2,alibaba_gpu_type_pool,G2,91,5,0.00025,,1,4.0,24.0
synthetic_00780,fine_tuning,fine_tuning,cluster_t4,alibaba_gpu_type_pool,T4,91,1,7e-05,T4,1,11.3,48.0
synthetic_00818,preprocessing,preprocessing,cluster_g2,alibaba_gpu_type_pool,G2,91,1,0.00035,,1,11.908,46.0
synthetic_00870,preprocessing,preprocessing,cluster_g2,alibaba_gpu_type_pool,G2,91,1,0.00025,,1,11.3,48.0
synthetic_00988,preprocessing,preprocessing,cluster_g2,alibaba_gpu_type_pool,G2,91,1,0.00025,,1,11.908,46.0
synthetic_01045,preprocessing,preprocessing,cluster_g2,alibaba_gpu_type_pool,G2,91,1,0.00025,G2|P100|T4|V100M16|V100M32,1,3.152,5.46875
synthetic_01248,preprocessing,preprocessing,cluster_g2,alibaba_gpu_type_pool,G2,91,1,0.00035,,1,11.4,47.0
synthetic_01326,preprocessing,preprocessing,cluster_g2,alibaba_gpu_type_pool,G2,91,1,0.00025,,1,9.81,40.5859375
synthetic_01334,fine_tuning,fine_tuning,cluster_t4,alibaba_gpu_type_pool,T4,91,5,7e-05,T4,1,4.0,24.0
synthetic_01484,fine_tuning,fine_tuning,cluster_p100,alibaba_gpu_type_pool,P100,91,1,0.00025,P100,1,11.908,46.0
synthetic_01718,preprocessing,preprocessing,cluster_g2,alibaba_gpu_type_pool,G2,91,2,0.00025,,1,12.0,24.0
synthetic_01722,preprocessing,preprocessing,cluster_p100,alibaba_gpu_type_pool,P100,91,1,0.00025,P100|V100M16|V100M32,1,3.152,5.46875
synthetic_01797,preprocessing,preprocessing,cluster_g2,alibaba_gpu_type_pool,G2,91,2,0.00025,,1,2.0,8.0
synthetic_01820,preprocessing,preprocessing,cluster_g2,alibaba_gpu_type_pool,G2,91,1,0.00035,,1,3.152,5.46875
synthetic_01951,preprocessing,preprocessing,cluster_g2,alibaba_gpu_type_pool,G2,91,1,7e-05,,1,3.152,5.46875
synthetic_01979,fine_tuning,fine_tuning,cluster_g2,alibaba_gpu_type_pool,G2,91,1,0.00035,G2,1,8.2,33.0
synthetic_01984,fine_tuning,fine_tuning,cluster_g2,alibaba_gpu_type_pool,G2,91,1,0.00035,G2,1,11.4,47.0
synthetic_01986,preprocessing,preprocessing,cluster_g2,alibaba_gpu_type_pool,G2,91,2,0.00025,,1,8.0,16.0
synthetic_01995,preprocessing,preprocessing,cluster_g2,alibaba_gpu_type_pool,G2,91,1,0.00035,,1,8.0,29.8017578125
synthetic_02043,fine_tuning,fine_tuning,cluster_t4,alibaba_gpu_type_pool,T4,91,5,7e-05,T4,1,15.2,79.0
synthetic_02092,preprocessing,preprocessing,cluster_v100m16,alibaba_gpu_type_pool,V100M16,91,5,0.00025,P100|T4|V100M16|V100M32,1,15.2,79.0
synthetic_02188,fine_tuning,fine_tuning,cluster_t4,alibaba_gpu_type_pool,T4,91,2,7e-05,T4,1,18.708,63.0
synthetic_02279,preprocessing,preprocessing,cluster_g2,alibaba_gpu_type_pool,G2,91,1,0.00025,,1,8.0,32.0
synthetic_02294,fine_tuning,fine_tuning,cluster_t4,alibaba_gpu_type_pool,T4,91,4,7e-05,T4,1,8.0,29.8017578125
synthetic_02373,preprocessing,preprocessing,cluster_g2,alibaba_gpu_type_pool,G2,91,1,0.00035,,1,3.152,5.46875
synthetic_02400,fine_tuning,fine_tuning,cluster_t4,alibaba_gpu_type_pool,T4,91,1,7e-05,T4,1,4.0,29.8017578125
synthetic_02414,preprocessing,preprocessing,cluster_g2,alibaba_gpu_type_pool,G2,91,1,0.00015,,1,11.3,48.0
synthetic_02441,preprocessing,preprocessing,cluster_g2,alibaba_gpu_type_pool,G2,91,1,0.00025,,1,11.908,46.0
synthetic_02478,preprocessing,preprocessing,cluster_g2,alibaba_gpu_type_pool,G2,91,1,0.00025,,1,3.152,5.46875
synthetic_02604,preprocessing,preprocessing,cluster_g2,alibaba_gpu_type_pool,G2,91,5,0.00025,,1,4.0,29.8017578125
synthetic_02643,preprocessing,preprocessing,cluster_g2,alibaba_gpu_type_pool,G2,91,1,0.00025,,1,24.2,91.0
synthetic_02785,preprocessing,preprocessing,cluster_g2,alibaba_gpu_type_pool,G2,91,2,0.00025,,1,9.81,40.5859375
synthetic_02832,preprocessing,preprocessing,cluster_g2,alibaba_gpu_type_pool,G2,91,1,0.00025,,1,3.152,5.46875
synthetic_03017,fine_tuning,fine_tuning,cluster_t4,alibaba_gpu_type_pool,T4,91,2,7e-05,T4,1,11.4,47.0
synthetic_03062,preprocessing,preprocessing,cluster_g2,alibaba_gpu_type_pool,G2,91,3,0.00025,,1,15.7,57.0
synthetic_03125,preprocessing,preprocessing,cluster_g2,alibaba_gpu_type_pool,G2,91,3,0.00025,,1,16.0,32.0
synthetic_03144,preprocessing,preprocessing,cluster_g2,alibaba_gpu_type_pool,G2,91,1,0.00025,,1,11.908,46.0
synthetic_03196,preprocessing,preprocessing,cluster_g2,alibaba_gpu_type_pool,G2,91,2,7e-05,,1,11.908,46.0
synthetic_03209,preprocessing,preprocessing,cluster_g2,alibaba_gpu_type_pool,G2,91,2,0.00035,,1,16.4,123.0
synthetic_03391,fine_tuning,fine_tuning,cluster_p100,alibaba_gpu_type_pool,P100,91,5,0.00025,P100,1,4.0,29.8017578125
synthetic_03431,fine_tuning,fine_tuning,cluster_t4,alibaba_gpu_type_pool,T4,91,1,7e-05,T4,1,3.152,5.46875
synthetic_03444,fine_tuning,fine_tuning,cluster_t4,alibaba_gpu_type_pool,T4,91,1,7e-05,T4,1,3.152,5.46875
synthetic_03575,training,training,cluster_v100m16,alibaba_gpu_type_pool,V100M16,91,1,0.00025,V100M16|V100M32,1,11.908,46.0
synthetic_03682,fine_tuning,fine_tuning,cluster_g2,alibaba_gpu_type_pool,G2,91,1,0.00035,G2,1,3.152,5.46875
synthetic_03826,preprocessing,preprocessing,cluster_g2,alibaba_gpu_type_pool,G2,91,1,7e-05,,1,11.908,46.0
synthetic_03831,preprocessing,preprocessing,cluster_g2,alibaba_gpu_type_pool,G2,91,1,0.00025,,1,4.0,29.8017578125
synthetic_03834,fine_tuning,fine_tuning,cluster_t4,alibaba_gpu_type_pool,T4,91,1,7e-05,T4,1,11.4,47.0
synthetic_03874,preprocessing,preprocessing,cluster_g2,alibaba_gpu_type_pool,G2,91,1,0.00025,,1,11.908,46.0
synthetic_03896,training,training,cluster_v100m32,alibaba_gpu_type_pool,V100M32,91,1,0.00025,V100M16|V100M32,1,11.3,48.0
synthetic_03932,preprocessing,preprocessing,cluster_g2,alibaba_gpu_type_pool,G2,91,1,0.00035,,1,3.152,5.46875
synthetic_04023,preprocessing,preprocessing,cluster_v100m16,alibaba_gpu_type_pool,V100M16,91,1,0.00025,P100|V100M16|V100M32,1,3.152,5.46875
synthetic_04094,preprocessing,preprocessing,cluster_g2,alibaba_gpu_type_pool,G2,91,2,0.00025,,1,12.0,16.0
synthetic_04220,preprocessing,preprocessing,cluster_g2,alibaba_gpu_type_pool,G2,91,5,7e-05,,1,15.2,79.0
synthetic_04222,preprocessing,preprocessing,cluster_g2,alibaba_gpu_type_pool,G2,91,1,0.00025,,1,8.0,29.8017578125
synthetic_04309,preprocessing,preprocessing,cluster_g2,alibaba_gpu_type_pool,G2,91,3,0.00025,,1,15.7,57.0
synthetic_04345,preprocessing,preprocessing,cluster_g2,alibaba_gpu_type_pool,G2,91,5,0.00025,,1,11.908,46.0
synthetic_04472,training,training,cluster_v100m32,alibaba_gpu_type_pool,V100M32,91,2,0.00025,V100M16|V100M32,1,18.708,63.0
synthetic_04514,preprocessing,preprocessing,cluster_g2,alibaba_gpu_type_pool,G2,91,2,0.00035,,1,3.152,5.46875
synthetic_04587,fine_tuning,fine_tuning,cluster_p100,alibaba_gpu_type_pool,P100,91,1,0.00025,P100,1,8.0,29.8017578125
synthetic_04662,preprocessing,preprocessing,cluster_g2,alibaba_gpu_type_pool,G2,91,2,7e-05,,1,11.3,48.0
synthetic_04725,preprocessing,preprocessing,cluster_g2,alibaba_gpu_type_pool,G2,91,1,0.00025,,1,8.0,29.8017578125
synthetic_04741,preprocessing,preprocessing,cluster_g2,alibaba_gpu_type_pool,G2,91,1,0.00025,,1,3.152,5.46875
synthetic_04859,fine_tuning,fine_tuning,cluster_g2,alibaba_gpu_type_pool,G2,91,5,0.00035,G2,1,11.4,47.0
synthetic_04879,preprocessing,preprocessing,cluster_g2,alibaba_gpu_type_pool,G2,91,5,0.00035,,1,9.81,40.5859375
synthetic_04902,preprocessing,preprocessing,cluster_g2,alibaba_gpu_type_pool,G2,91,1,0.00025,,1,3.152,5.46875
synthetic_04979,preprocessing,preprocessing,cluster_g2,alibaba_gpu_type_pool,G2,91,4,0.00035,,1,4.0,14.900390625
synthetic_00009,preprocessing,preprocessing,cluster_g2,alibaba_gpu_type_pool,G2,92,1,0.00025,,1,18.708,63.0
synthetic_00203,preprocessing,preprocessing,cluster_g2,alibaba_gpu_type_pool,G2,92,1,0.00035,,1,3.152,5.46875
synthetic_00250,training,training,cluster_v100m32,alibaba_gpu_type_pool,V100M32,92,1,0.00025,V100M16|V100M32,1,11.3,48.0
synthetic_00255,preprocessing,preprocessing,cluster_g2,alibaba_gpu_type_pool,G2,92,1,7e-05,,1,11.3,48.0
synthetic_00269,preprocessing,preprocessing,cluster_g2,alibaba_gpu_type_pool,G2,92,1,0.00035,,1,3.152,5.46875
synthetic_00285,fine_tuning,fine_tuning,cluster_t4,alibaba_gpu_type_pool,T4,92,1,7e-05,T4,1,11.3,48.0
synthetic_01204,fine_tuning,fine_tuning,cluster_t4,alibaba_gpu_type_pool,T4,92,1,7e-05,T4,1,11.3,48.0
synthetic_01216,fine_tuning,fine_tuning,cluster_t4,alibaba_gpu_type_pool,T4,92,1,7e-05,T4,1,11.4,47.0
synthetic_01273,preprocessing,preprocessing,cluster_g2,alibaba_gpu_type_pool,G2,92,1,0.00025,,1,11.3,48.0
synthetic_01356,preprocessing,preprocessing,cluster_g2,alibaba_gpu_type_pool,G2,92,1,7e-05,,1,16.4,123.0
synthetic_01378,preprocessing,preprocessing,cluster_g2,alibaba_gpu_type_pool,G2,92,3,7e-05,,1,18.708,63.0
synthetic_01416,preprocessing,preprocessing,cluster_g2,alibaba_gpu_type_pool,G2,92,1,0.00025,,1,14.2,57.0
synthetic_01562,fine_tuning,fine_tuning,cluster_t4,alibaba_gpu_type_pool,T4,92,2,7e-05,T4,1,24.2,91.0
synthetic_01756,fine_tuning,fine_tuning,cluster_t4,alibaba_gpu_type_pool,T4,92,3,7e-05,T4,1,11.908,46.0
synthetic_01760,preprocessing,preprocessing,cluster_g2,alibaba_gpu_type_pool,G2,92,1,0.00025,,1,3.152,5.46875
synthetic_01924,preprocessing,preprocessing,cluster_g2,alibaba_gpu_type_pool,G2,92,2,0.00035,,1,11.4,47.0
synthetic_02281,preprocessing,preprocessing,cluster_g2,alibaba_gpu_type_pool,G2,92,1,0.00025,,1,3.152,5.46875
synthetic_02298,preprocessing,preprocessing,cluster_g2,alibaba_gpu_type_pool,G2,92,4,0.00025,,1,6.0,18.0
synthetic_02406,fine_tuning,fine_tuning,cluster_p100,alibaba_gpu_type_pool,P100,92,1,0.00025,P100,1,3.152,5.46875
synthetic_02425,fine_tuning,fine_tuning,cluster_g2,alibaba_gpu_type_pool,G2,92,2,0.00035,G2,1,18.708,63.0
synthetic_02461,preprocessing,preprocessing,cluster_g2,alibaba_gpu_type_pool,G2,92,1,0.00025,,1,11.908,46.0
synthetic_02805,fine_tuning,fine_tuning,cluster_t4,alibaba_gpu_type_pool,T4,92,2,7e-05,T4,1,1.0,6.0
synthetic_02864,fine_tuning,fine_tuning,cluster_t4,alibaba_gpu_type_pool,T4,92,2,7e-05,T4,1,3.152,5.46875
synthetic_02870,preprocessing,preprocessing,cluster_g2,alibaba_gpu_type_pool,G2,92,1,0.00025,,1,3.152,5.46875
synthetic_02884,fine_tuning,fine_tuning,cluster_g2,alibaba_gpu_type_pool,G2,92,1,0.00035,G2,1,3.152,5.46875
synthetic_02950,fine_tuning,fine_tuning,cluster_p100,alibaba_gpu_type_pool,P100,92,1,0.00025,P100,1,3.152,5.46875
synthetic_02969,fine_tuning,fine_tuning,cluster_p100,alibaba_gpu_type_pool,P100,92,1,0.00025,P100,1,3.152,5.46875
synthetic_03002,preprocessing,preprocessing,cluster_g2,alibaba_gpu_type_pool,G2,92,4,7e-05,,1,8.0,29.8017578125
synthetic_03329,preprocessing,preprocessing,cluster_g2,alibaba_gpu_type_pool,G2,92,2,0.00035,,1,9.81,40.5859375
synthetic_03345,fine_tuning,fine_tuning,cluster_g3,alibaba_gpu_type_pool,G3,92,1,0.00035,G3,1,24.2,91.0
synthetic_03401,preprocessing,preprocessing,cluster_g2,alibaba_gpu_type_pool,G2,92,1,7e-05,,1,3.152,5.46875
synthetic_03559,fine_tuning,fine_tuning,cluster_t4,alibaba_gpu_type_pool,T4,92,4,7e-05,T4,1,11.4,47.0
synthetic_03577,preprocessing,preprocessing,cluster_g2,alibaba_gpu_type_pool,G2,92,2,0.00025,,1,4.0,30.517578125
synthetic_03803,preprocessing,preprocessing,cluster_g2,alibaba_gpu_type_pool,G2,92,3,0.00035,,1,18.708,63.0
synthetic_03870,preprocessing,preprocessing,cluster_g2,alibaba_gpu_type_pool,G2,92,1,0.00025,,1,11.908,46.0
synthetic_03890,preprocessing,preprocessing,cluster_g2,alibaba_gpu_type_pool,G2,92,1,0.00025,,1,11.908,46.0
synthetic_03966,preprocessing,preprocessing,cluster_g2,alibaba_gpu_type_pool,G2,92,4,0.00035,,1,3.152,5.46875
synthetic_04029,preprocessing,preprocessing,cluster_g2,alibaba_gpu_type_pool,G2,92,4,0.00025,,1,11.9,76.0
synthetic_04076,fine_tuning,fine_tuning,cluster_p100,alibaba_gpu_type_pool,P100,92,2,0.00025,P100,1,3.152,5.46875
synthetic_04086,preprocessing,preprocessing,cluster_g2,alibaba_gpu_type_pool,G2,92,1,7e-05,,1,11.4,47.0
synthetic_04114,fine_tuning,fine_tuning,cluster_g2,alibaba_gpu_type_pool,G2,92,1,0.00035,G2,1,3.152,5.46875
synthetic_04211,fine_tuning,fine_tuning,cluster_t4,alibaba_gpu_type_pool,T4,92,1,7e-05,T4,1,4.152,10.3515625
synthetic_04351,fine_tuning,fine_tuning,cluster_p100,alibaba_gpu_type_pool,P100,92,1,0.00025,P100,1,11.908,46.0
synthetic_04356,preprocessing,preprocessing,cluster_g2,alibaba_gpu_type_pool,G2,92,1,0.00035,,1,4.0,16.0
synthetic_04384,fine_tuning,fine_tuning,cluster_t4,alibaba_gpu_type_pool,T4,92,1,7e-05,T4,1,12.0,24.0
synthetic_04555,fine_tuning,fine_tuning,cluster_t4,alibaba_gpu_type_pool,T4,92,1,7e-05,T4,1,11.4,47.0
synthetic_04615,preprocessing,preprocessing,cluster_g2,alibaba_gpu_type_pool,G2,92,1,7e-05,,1,3.152,5.46875
synthetic_04720,fine_tuning,fine_tuning,cluster_t4,alibaba_gpu_type_pool,T4,92,1,7e-05,T4,1,3.152,5.46875
synthetic_04855,preprocessing,preprocessing,cluster_g2,alibaba_gpu_type_pool,G2,92,1,0.00025,,1,8.0,29.8017578125
synthetic_04874,preprocessing,preprocessing,cluster_g2,alibaba_gpu_type_pool,G2,92,1,7e-05,,1,1.0,2.0
synthetic_04915,preprocessing,preprocessing,cluster_g2,alibaba_gpu_type_pool,G2,92,1,0.00035,,1,11.3,48.0
synthetic_00156,preprocessing,preprocessing,cluster_g2,alibaba_gpu_type_pool,G2,93,2,7e-05,,1,11.3,48.0
synthetic_00414,preprocessing,preprocessing,cluster_g2,alibaba_gpu_type_pool,G2,93,2,0.00035,,1,11.3,48.0
synthetic_00645,fine_tuning,fine_tuning,cluster_t4,alibaba_gpu_type_pool,T4,93,1,7e-05,T4,1,3.152,5.46875
synthetic_00760,preprocessing,preprocessing,cluster_g2,alibaba_gpu_type_pool,G2,93,2,0.00025,,1,11.4,47.0
synthetic_01008,preprocessing,preprocessing,cluster_g2,alibaba_gpu_type_pool,G2,93,1,0.00015,,1,3.152,5.46875
synthetic_01101,fine_tuning,fine_tuning,cluster_t4,alibaba_gpu_type_pool,T4,93,1,7e-05,T4,1,3.152,5.46875
synthetic_01543,preprocessing,preprocessing,cluster_g2,alibaba_gpu_type_pool,G2,93,1,0.00025,,1,18.708,63.0
synthetic_01747,preprocessing,preprocessing,cluster_g2,alibaba_gpu_type_pool,G2,93,1,0.00025,,1,8.0,29.8017578125
synthetic_02024,preprocessing,preprocessing,cluster_g2,alibaba_gpu_type_pool,G2,93,1,7e-05,,1,3.152,5.46875
synthetic_02157,preprocessing,preprocessing,cluster_g2,alibaba_gpu_type_pool,G2,93,1,7e-05,,1,11.3,48.0
synthetic_02292,fine_tuning,fine_tuning,cluster_t4,alibaba_gpu_type_pool,T4,93,1,7e-05,T4,1,12.0,24.0
synthetic_02511,fine_tuning,fine_tuning,cluster_t4,alibaba_gpu_type_pool,T4,93,1,7e-05,T4,1,8.0,16.0
synthetic_02533,preprocessing,preprocessing,cluster_g2,alibaba_gpu_type_pool,G2,93,1,0.00025,,1,3.152,5.46875
synthetic_02578,preprocessing,preprocessing,cluster_g2,alibaba_gpu_type_pool,G2,93,3,0.00035,,1,11.908,46.0
synthetic_02607,fine_tuning,fine_tuning,cluster_t4,alibaba_gpu_type_pool,T4,93,1,7e-05,T4,1,11.3,48.0
synthetic_02695,preprocessing,preprocessing,cluster_g2,alibaba_gpu_type_pool,G2,93,1,7e-05,,1,11.4,47.0
synthetic_02792,preprocessing,preprocessing,cluster_g2,alibaba_gpu_type_pool,G2,93,1,0.00035,,1,16.0,32.0
synthetic_02898,preprocessing,preprocessing,cluster_g2,alibaba_gpu_type_pool,G2,93,1,7e-05,,1,4.152,10.3515625
synthetic_02922,preprocessing,preprocessing,cluster_g2,alibaba_gpu_type_pool,G2,93,1,7e-05,,1,11.908,46.0
synthetic_02981,preprocessing,preprocessing,cluster_g2,alibaba_gpu_type_pool,G2,93,1,0.00035,,1,11.3,48.0
synthetic_03188,preprocessing,preprocessing,cluster_g2,alibaba_gpu_type_pool,G2,93,1,0.00035,,1,11.3,48.0
synthetic_03336,training,training,cluster_v100m16,alibaba_gpu_type_pool,V100M16,93,1,0.00025,V100M16|V100M32,1,11.908,46.0
synthetic_03409,preprocessing,preprocessing,cluster_g2,alibaba_gpu_type_pool,G2,93,3,0.00025,,1,12.0,24.0
synthetic_03435,fine_tuning,fine_tuning,cluster_t4,alibaba_gpu_type_pool,T4,93,1,7e-05,T4,1,12.0,24.0
synthetic_03468,preprocessing,preprocessing,cluster_g2,alibaba_gpu_type_pool,G2,93,3,0.00035,,1,11.908,46.0
synthetic_03478,fine_tuning,fine_tuning,cluster_t4,alibaba_gpu_type_pool,T4,93,1,7e-05,T4,1,11.3,48.0
synthetic_03722,fine_tuning,fine_tuning,cluster_t4,alibaba_gpu_type_pool,T4,93,1,7e-05,T4,1,8.0,29.8017578125
synthetic_03734,preprocessing,preprocessing,cluster_g2,alibaba_gpu_type_pool,G2,93,1,0.00025,,1,3.152,5.46875
synthetic_04148,fine_tuning,fine_tuning,cluster_t4,alibaba_gpu_type_pool,T4,93,1,7e-05,T4,1,11.4,47.0
synthetic_04186,preprocessing,preprocessing,cluster_g2,alibaba_gpu_type_pool,G2,93,1,0.00025,,1,3.152,5.46875
synthetic_04203,preprocessing,preprocessing,cluster_g2,alibaba_gpu_type_pool,G2,93,2,0.00035,,1,24.2,91.0
synthetic_04219,preprocessing,preprocessing,cluster_g2,alibaba_gpu_type_pool,G2,93,3,0.00025,,1,4.0,14.900390625
synthetic_04258,fine_tuning,fine_tuning,cluster_t4,alibaba_gpu_type_pool,T4,93,2,7e-05,T4,1,12.0,32.0
synthetic_04284,preprocessing,preprocessing,cluster_g2,alibaba_gpu_type_pool,G2,93,1,7e-05,,1,4.0,22.3515625
synthetic_04389,preprocessing,preprocessing,cluster_g2,alibaba_gpu_type_pool,G2,93,1,7e-05,,1,11.4,47.0
synthetic_04511,preprocessing,preprocessing,cluster_g2,alibaba_gpu_type_pool,G2,93,2,7e-05,,1,15.2,79.0
synthetic_04607,preprocessing,preprocessing,cluster_g2,alibaba_gpu_type_pool,G2,93,1,0.00035,,1,18.708,63.0
synthetic_04665,preprocessing,preprocessing,cluster_g2,alibaba_gpu_type_pool,G2,93,1,0.00025,,1,4.152,10.3515625
synthetic_04710,preprocessing,preprocessing,cluster_g2,alibaba_gpu_type_pool,G2,93,1,0.00025,,1,11.4,47.0
synthetic_04778,preprocessing,preprocessing,cluster_g2,alibaba_gpu_type_pool,G2,93,3,0.00035,,1,9.81,40.5859375
synthetic_00153,fine_tuning,fine_tuning,cluster_t4,alibaba_gpu_type_pool,T4,94,1,7e-05,T4,1,3.152,5.46875
synthetic_00229,preprocessing,preprocessing,cluster_g2,alibaba_gpu_type_pool,G2,94,1,7e-05,,1,3.152,5.46875
synthetic_00389,preprocessing,preprocessing,cluster_g2,alibaba_gpu_type_pool,G2,94,1,0.00035,,1,11.908,46.0
synthetic_00438,preprocessing,preprocessing,cluster_g2,alibaba_gpu_type_pool,G2,94,1,0.00025,,1,16.4,83.0
synthetic_00872,preprocessing,preprocessing,cluster_g2,alibaba_gpu_type_pool,G2,94,1,0.00025,,1,11.3,48.0
synthetic_00906,preprocessing,preprocessing,cluster_g2,alibaba_gpu_type_pool,G2,94,1,0.00025,,1,3.152,5.46875
synthetic_01110,fine_tuning,fine_tuning,cluster_p100,alibaba_gpu_type_pool,P100,94,1,0.00025,P100,1,3.152,5.46875
synthetic_01902,preprocessing,preprocessing,cluster_g2,alibaba_gpu_type_pool,G2,94,1,0.00025,,1,11.4,47.0
synthetic_01993,preprocessing,preprocessing,cluster_g2,alibaba_gpu_type_pool,G2,94,1,7e-05,,1,3.152,5.46875
synthetic_02155,fine_tuning,fine_tuning,cluster_t4,alibaba_gpu_type_pool,T4,94,1,7e-05,T4,1,18.708,63.0
synthetic_02452,fine_tuning,fine_tuning,cluster_t4,alibaba_gpu_type_pool,T4,94,1,7e-05,T4,1,9.81,40.5859375
synthetic_02466,preprocessing,preprocessing,cluster_g2,alibaba_gpu_type_pool,G2,94,1,0.00025,,1,11.3,48.0
synthetic_02555,fine_tuning,fine_tuning,cluster_p100,alibaba_gpu_type_pool,P100,94,1,0.00025,P100,1,8.0,29.8017578125
synthetic_02799,fine_tuning,fine_tuning,cluster_g2,alibaba_gpu_type_pool,G2,94,1,0.00035,G2,1,11.3,48.0
synthetic_02854,preprocessing,preprocessing,cluster_g2,alibaba_gpu_type_pool,G2,94,1,0.00025,,1,4.0,22.3515625
synthetic_02890,fine_tuning,fine_tuning,cluster_t4,alibaba_gpu_type_pool,T4,94,1,7e-05,T4,1,3.152,5.46875
synthetic_03007,fine_tuning,fine_tuning,cluster_g2,alibaba_gpu_type_pool,G2,94,2,0.00035,G2,1,11.908,46.0
synthetic_03111,preprocessing,preprocessing,cluster_g2,alibaba_gpu_type_pool,G2,94,1,0.00025,,1,4.152,10.3515625
synthetic_03237,preprocessing,preprocessing,cluster_g2,alibaba_gpu_type_pool,G2,94,1,0.00025,,1,11.4,47.0
synthetic_03363,preprocessing,preprocessing,cluster_g2,alibaba_gpu_type_pool,G2,94,2,0.00035,,1,11.908,46.0
synthetic_03439,preprocessing,preprocessing,cluster_g2,alibaba_gpu_type_pool,G2,94,1,7e-05,,1,3.152,5.46875
synthetic_03583,preprocessing,preprocessing,cluster_g2,alibaba_gpu_type_pool,G2,94,2,0.00025,,1,15.4,88.0
synthetic_03597,preprocessing,preprocessing,cluster_g2,alibaba_gpu_type_pool,G2,94,1,0.00025,,1,1.0,2.0
synthetic_03603,preprocessing,preprocessing,cluster_g2,alibaba_gpu_type_pool,G2,94,1,0.00035,,1,3.152,5.46875
synthetic_03687,fine_tuning,fine_tuning,cluster_t4,alibaba_gpu_type_pool,T4,94,1,7e-05,T4,1,11.908,46.0
synthetic_03738,preprocessing,preprocessing,cluster_g2,alibaba_gpu_type_pool,G2,94,1,0.00035,,1,3.152,5.46875
synthetic_04153,preprocessing,preprocessing,cluster_g2,alibaba_gpu_type_pool,G2,94,2,0.00025,,1,15.7,57.0
synthetic_04297,preprocessing,preprocessing,cluster_g2,alibaba_gpu_type_pool,G2,94,2,0.00025,,1,11.908,46.0
synthetic_04334,preprocessing,preprocessing,cluster_g2,alibaba_gpu_type_pool,G2,94,2,7e-05,,1,3.152,5.46875
synthetic_04386,fine_tuning,fine_tuning,cluster_t4,alibaba_gpu_type_pool,T4,94,2,7e-05,T4,1,11.3,48.0
synthetic_04478,preprocessing,preprocessing,cluster_g2,alibaba_gpu_type_pool,G2,94,2,0.00025,,1,11.3,48.0
synthetic_04506,preprocessing,preprocessing,cluster_g2,alibaba_gpu_type_pool,G2,94,1,0.00035,,1,3.152,5.46875
synthetic_04625,fine_tuning,fine_tuning,cluster_g2,alibaba_gpu_type_pool,G2,94,1,0.00035,G2,1,11.3,48.0
synthetic_04820,preprocessing,preprocessing,cluster_g2,alibaba_gpu_type_pool,G2,94,1,0.00035,,1,2.0,16.0
synthetic_04821,fine_tuning,fine_tuning,cluster_t4,alibaba_gpu_type_pool,T4,94,1,7e-05,T4,1,3.152,5.46875
synthetic_00778,preprocessing,preprocessing,cluster_g2,alibaba_gpu_type_pool,G2,95,1,0.00035,,1,3.152,5.46875
synthetic_01096,preprocessing,preprocessing,cluster_g3,alibaba_gpu_type_pool,G3,95,1,0.00025,,1,3.152,5.46875
synthetic_01170,fine_tuning,fine_tuning,cluster_t4,alibaba_gpu_type_pool,T4,95,1,7e-05,T4,1,11.908,46.0
synthetic_01491,fine_tuning,fine_tuning,cluster_g2,alibaba_gpu_type_pool,G2,95,1,0.00035,G2,1,11.3,48.0
synthetic_01524,preprocessing,preprocessing,cluster_g3,alibaba_gpu_type_pool,G3,95,1,0.00025,,1,3.152,5.46875
synthetic_01788,training,training,cluster_v100m32,alibaba_gpu_type_pool,V100M32,95,1,0.00025,V100M16|V100M32,1,18.708,63.0
synthetic_02106,preprocessing,preprocessing,cluster_p100,alibaba_gpu_type_pool,P100,95,1,7e-05,,1,8.0,29.8017578125
synthetic_02470,preprocessing,preprocessing,cluster_g2,alibaba_gpu_type_pool,G2,95,1,7e-05,,1,3.152,5.46875
synthetic_02601,training,training,cluster_v100m32,alibaba_gpu_type_pool,V100M32,95,1,0.00025,V100M16|V100M32,1,18.708,63.0
synthetic_02614,preprocessing,preprocessing,cluster_g3,alibaba_gpu_type_pool,G3,95,1,0.00025,,1,3.152,5.46875
synthetic_02621,fine_tuning,fine_tuning,cluster_t4,alibaba_gpu_type_pool,T4,95,1,7e-05,T4,1,11.908,46.0
synthetic_02684,preprocessing,preprocessing,cluster_g2,alibaba_gpu_type_pool,G2,95,1,0.00025,,1,16.4,123.0
synthetic_02704,preprocessing,preprocessing,cluster_g2,alibaba_gpu_type_pool,G2,95,1,0.00035,,1,11.908,46.0
synthetic_02804,preprocessing,preprocessing,cluster_g2,alibaba_gpu_type_pool,G2,95,1,0.00035,,1,11.3,48.0
synthetic_02838,preprocessing,preprocessing,cluster_p100,alibaba_gpu_type_pool,P100,95,1,0.00035,,1,11.3,48.0
synthetic_02844,preprocessing,preprocessing,cluster_g2,alibaba_gpu_type_pool,G2,95,1,7e-05,,1,11.908,46.0
synthetic_02983,preprocessing,preprocessing,cluster_g2,alibaba_gpu_type_pool,G2,95,1,7e-05,,1,3.152,5.46875
synthetic_03122,preprocessing,preprocessing,cluster_g3,alibaba_gpu_type_pool,G3,95,1,0.00025,,1,12.0,48.0
synthetic_03228,preprocessing,preprocessing,cluster_g3,alibaba_gpu_type_pool,G3,95,1,0.00025,,1,3.152,5.46875
synthetic_03440,preprocessing,preprocessing,cluster_g3,alibaba_gpu_type_pool,G3,95,1,0.00025,,1,8.0,29.8017578125
synthetic_03592,preprocessing,preprocessing,cluster_g2,alibaba_gpu_type_pool,G2,95,1,0.00025,,1,11.4,47.0
synthetic_03595,preprocessing,preprocessing,cluster_g2,alibaba_gpu_type_pool,G2,95,1,0.00035,,1,11.908,46.0
synthetic_03669,preprocessing,preprocessing,cluster_g2,alibaba_gpu_type_pool,G2,95,1,0.00025,,1,11.3,48.0
synthetic_03805,preprocessing,preprocessing,cluster_p100,alibaba_gpu_type_pool,P100,95,1,0.00025,,1,3.152,5.46875
synthetic_03998,preprocessing,preprocessing,cluster_g2,alibaba_gpu_type_pool,G2,95,1,0.00015,,1,3.152,5.46875
synthetic_04049,preprocessing,preprocessing,cluster_g2,alibaba_gpu_type_pool,G2,95,1,0.00025,,1,3.152,5.46875
synthetic_04149,fine_tuning,fine_tuning,cluster_t4,alibaba_gpu_type_pool,T4,95,1,7e-05,T4,1,3.152,5.46875
synthetic_04167,preprocessing,preprocessing,cluster_g3,alibaba_gpu_type_pool,G3,95,1,0.00025,,1,3.152,5.46875
synthetic_04214,preprocessing,preprocessing,cluster_g2,alibaba_gpu_type_pool,G2,95,1,0.00025,,1,8.0,29.8017578125
synthetic_04300,preprocessing,preprocessing,cluster_p100,alibaba_gpu_type_pool,P100,95,1,0.00035,,1,9.4,51.0
synthetic_04406,preprocessing,preprocessing,cluster_p100,alibaba_gpu_type_pool,P100,95,1,0.00025,,1,3.152,5.46875
synthetic_04512,fine_tuning,fine_tuning,cluster_g2,alibaba_gpu_type_pool,G2,95,1,0.00035,G2,1,11.4,47.0
synthetic_04626,preprocessing,preprocessing,cluster_g2,alibaba_gpu_type_pool,G2,95,1,7e-05,,1,3.152,5.46875
synthetic_04680,preprocessing,preprocessing,cluster_p100,alibaba_gpu_type_pool,P100,95,1,0.00035,,1,3.152,5.46875
synthetic_04773,preprocessing,preprocessing,cluster_p100,alibaba_gpu_type_pool,P100,95,1,0.00025,P100|V100M16|V100M32,1,16.0,32.0
synthetic_04813,preprocessing,preprocessing,cluster_g2,alibaba_gpu_type_pool,G2,95,1,0.00025,,1,3.152,5.46875
synthetic_04835,preprocessing,preprocessing,cluster_p100,alibaba_gpu_type_pool,P100,95,1,0.00035,,1,3.152,5.46875
synthetic_04857,fine_tuning,fine_tuning,cluster_t4,alibaba_gpu_type_pool,T4,95,1,7e-05,T4,1,16.0,32.0
synthetic_04876,preprocessing,preprocessing,cluster_g2,alibaba_gpu_type_pool,G2,95,1,7e-05,,1,11.908,46.0
